[2026-09-09T05:01:36.862+0000] {processor.py:161} INFO - Started process (PID=75) to work on /opt/airflow/dags/main.py
[2026-09-09T05:01:36.890+0000] {processor.py:830} INFO - Processing file /opt/airflow/dags/main.py for tasks to queue
[2026-09-09T05:01:36.941+0000] {logging_mixin.py:188} INFO - [2026-09-09T05:01:36.940+0000] {dagbag.py:545} INFO - Filling up the DagBag from /opt/airflow/dags/main.py
[2026-09-09T05:01:39.478+0000] {logging_mixin.py:188} INFO - channel id is not executed
[2026-09-09T05:01:41.103+0000] {processor.py:840} INFO - DAG(s) 'update_db', 'data_quality', 'produce_json' retrieved from /opt/airflow/dags/main.py
[2026-09-09T05:01:42.653+0000] {logging_mixin.py:188} INFO - [2026-09-09T05:01:42.653+0000] {dag.py:3096} INFO - Sync 3 DAGs
[2026-09-09T05:01:42.814+0000] {logging_mixin.py:188} INFO - [2026-09-09T05:01:42.813+0000] {dag.py:3954} INFO - Setting next_dagrun for data_quality to 2026-09-09 16:00:00+00:00, run_after=2026-09-10 16:00:00+00:00
[2026-09-09T05:01:43.056+0000] {logging_mixin.py:188} INFO - [2026-09-09T05:01:43.056+0000] {dag.py:3954} INFO - Setting next_dagrun for produce_json to 2026-09-09 14:00:00+00:00, run_after=2026-09-10 14:00:00+00:00
[2026-09-09T05:01:43.077+0000] {logging_mixin.py:188} INFO - [2026-09-09T05:01:43.076+0000] {dag.py:3954} INFO - Setting next_dagrun for update_db to 2026-09-09 15:00:00+00:00, run_after=2026-09-10 15:00:00+00:00
[2026-09-09T05:01:43.279+0000] {processor.py:183} INFO - Processing /opt/airflow/dags/main.py took 6.490 seconds
[2026-09-09T05:02:15.898+0000] {processor.py:161} INFO - Started process (PID=83) to work on /opt/airflow/dags/main.py
[2026-09-09T05:02:15.988+0000] {processor.py:830} INFO - Processing file /opt/airflow/dags/main.py for tasks to queue
[2026-09-09T05:02:16.186+0000] {logging_mixin.py:188} INFO - [2026-09-09T05:02:16.145+0000] {dagbag.py:545} INFO - Filling up the DagBag from /opt/airflow/dags/main.py
[2026-09-09T05:02:17.751+0000] {logging_mixin.py:188} INFO - channel id is not executed
[2026-09-09T05:02:20.345+0000] {processor.py:840} INFO - DAG(s) 'data_quality', 'update_db', 'produce_json' retrieved from /opt/airflow/dags/main.py
[2026-09-09T05:02:23.705+0000] {logging_mixin.py:188} INFO - [2026-09-09T05:02:23.704+0000] {dag.py:3096} INFO - Sync 3 DAGs
[2026-09-09T05:02:24.755+0000] {logging_mixin.py:188} INFO - [2026-09-09T05:02:24.755+0000] {dag.py:3954} INFO - Setting next_dagrun for data_quality to 2026-09-09 16:00:00+00:00, run_after=2026-09-10 16:00:00+00:00
[2026-09-09T05:02:24.880+0000] {logging_mixin.py:188} INFO - [2026-09-09T05:02:24.880+0000] {dag.py:3954} INFO - Setting next_dagrun for produce_json to 2026-09-09 14:00:00+00:00, run_after=2026-09-10 14:00:00+00:00
[2026-09-09T05:02:24.896+0000] {logging_mixin.py:188} INFO - [2026-09-09T05:02:24.896+0000] {dag.py:3954} INFO - Setting next_dagrun for update_db to 2026-09-09 15:00:00+00:00, run_after=2026-09-10 15:00:00+00:00
[2026-09-09T05:02:26.209+0000] {processor.py:183} INFO - Processing /opt/airflow/dags/main.py took 10.823 seconds
[2026-09-09T05:03:01.058+0000] {processor.py:161} INFO - Started process (PID=90) to work on /opt/airflow/dags/main.py
[2026-09-09T05:03:01.092+0000] {processor.py:830} INFO - Processing file /opt/airflow/dags/main.py for tasks to queue
[2026-09-09T05:03:01.206+0000] {logging_mixin.py:188} INFO - [2026-09-09T05:03:01.197+0000] {dagbag.py:545} INFO - Filling up the DagBag from /opt/airflow/dags/main.py
[2026-09-09T05:03:02.908+0000] {logging_mixin.py:188} INFO - channel id is not executed
[2026-09-09T05:03:05.290+0000] {processor.py:840} INFO - DAG(s) 'data_quality', 'produce_json', 'update_db' retrieved from /opt/airflow/dags/main.py
[2026-09-09T05:03:11.966+0000] {logging_mixin.py:188} INFO - [2026-09-09T05:03:11.958+0000] {dag.py:3096} INFO - Sync 3 DAGs
[2026-09-09T05:03:13.525+0000] {logging_mixin.py:188} INFO - [2026-09-09T05:03:13.524+0000] {dag.py:3954} INFO - Setting next_dagrun for data_quality to 2026-09-09 16:00:00+00:00, run_after=2026-09-10 16:00:00+00:00
[2026-09-09T05:03:13.696+0000] {logging_mixin.py:188} INFO - [2026-09-09T05:03:13.696+0000] {dag.py:3954} INFO - Setting next_dagrun for produce_json to 2026-09-09 14:00:00+00:00, run_after=2026-09-10 14:00:00+00:00
[2026-09-09T05:03:13.775+0000] {logging_mixin.py:188} INFO - [2026-09-09T05:03:13.771+0000] {dag.py:3954} INFO - Setting next_dagrun for update_db to 2026-09-09 15:00:00+00:00, run_after=2026-09-10 15:00:00+00:00
[2026-09-09T05:03:16.160+0000] {processor.py:183} INFO - Processing /opt/airflow/dags/main.py took 16.334 seconds
[2026-09-09T05:03:52.896+0000] {processor.py:161} INFO - Started process (PID=101) to work on /opt/airflow/dags/main.py
[2026-09-09T05:03:52.965+0000] {processor.py:830} INFO - Processing file /opt/airflow/dags/main.py for tasks to queue
[2026-09-09T05:03:53.189+0000] {logging_mixin.py:188} INFO - [2026-09-09T05:03:53.168+0000] {dagbag.py:545} INFO - Filling up the DagBag from /opt/airflow/dags/main.py
[2026-09-09T05:03:56.197+0000] {logging_mixin.py:188} INFO - channel id is not executed
[2026-09-09T05:03:58.257+0000] {processor.py:840} INFO - DAG(s) 'produce_json', 'data_quality', 'update_db' retrieved from /opt/airflow/dags/main.py
[2026-09-09T05:04:04.384+0000] {logging_mixin.py:188} INFO - [2026-09-09T05:04:04.384+0000] {dag.py:3096} INFO - Sync 3 DAGs
[2026-09-09T05:04:05.764+0000] {logging_mixin.py:188} INFO - [2026-09-09T05:04:05.763+0000] {dag.py:3954} INFO - Setting next_dagrun for data_quality to 2026-09-09 16:00:00+00:00, run_after=2026-09-10 16:00:00+00:00
[2026-09-09T05:04:05.843+0000] {logging_mixin.py:188} INFO - [2026-09-09T05:04:05.842+0000] {dag.py:3954} INFO - Setting next_dagrun for produce_json to 2026-09-09 14:00:00+00:00, run_after=2026-09-10 14:00:00+00:00
[2026-09-09T05:04:05.909+0000] {logging_mixin.py:188} INFO - [2026-09-09T05:04:05.908+0000] {dag.py:3954} INFO - Setting next_dagrun for update_db to 2026-09-09 15:00:00+00:00, run_after=2026-09-10 15:00:00+00:00
[2026-09-09T05:04:06.154+0000] {processor.py:183} INFO - Processing /opt/airflow/dags/main.py took 15.029 seconds
[2026-09-09T05:04:36.443+0000] {processor.py:161} INFO - Started process (PID=108) to work on /opt/airflow/dags/main.py
[2026-09-09T05:04:36.452+0000] {processor.py:830} INFO - Processing file /opt/airflow/dags/main.py for tasks to queue
[2026-09-09T05:04:36.461+0000] {logging_mixin.py:188} INFO - [2026-09-09T05:04:36.460+0000] {dagbag.py:545} INFO - Filling up the DagBag from /opt/airflow/dags/main.py
[2026-09-09T05:04:37.187+0000] {logging_mixin.py:188} INFO - channel id is not executed
[2026-09-09T05:04:37.522+0000] {processor.py:840} INFO - DAG(s) 'update_db', 'produce_json', 'data_quality' retrieved from /opt/airflow/dags/main.py
[2026-09-09T05:04:38.258+0000] {logging_mixin.py:188} INFO - [2026-09-09T05:04:38.257+0000] {dag.py:3096} INFO - Sync 3 DAGs
[2026-09-09T05:04:38.404+0000] {logging_mixin.py:188} INFO - [2026-09-09T05:04:38.404+0000] {dag.py:3954} INFO - Setting next_dagrun for data_quality to 2026-09-09 16:00:00+00:00, run_after=2026-09-10 16:00:00+00:00
[2026-09-09T05:04:38.422+0000] {logging_mixin.py:188} INFO - [2026-09-09T05:04:38.422+0000] {dag.py:3954} INFO - Setting next_dagrun for produce_json to 2026-09-09 14:00:00+00:00, run_after=2026-09-10 14:00:00+00:00
[2026-09-09T05:04:38.454+0000] {logging_mixin.py:188} INFO - [2026-09-09T05:04:38.454+0000] {dag.py:3954} INFO - Setting next_dagrun for update_db to 2026-09-09 15:00:00+00:00, run_after=2026-09-10 15:00:00+00:00
[2026-09-09T05:04:38.676+0000] {processor.py:183} INFO - Processing /opt/airflow/dags/main.py took 2.250 seconds
[2026-09-09T05:05:10.474+0000] {processor.py:161} INFO - Started process (PID=115) to work on /opt/airflow/dags/main.py
[2026-09-09T05:05:10.494+0000] {processor.py:830} INFO - Processing file /opt/airflow/dags/main.py for tasks to queue
[2026-09-09T05:05:10.612+0000] {logging_mixin.py:188} INFO - [2026-09-09T05:05:10.562+0000] {dagbag.py:545} INFO - Filling up the DagBag from /opt/airflow/dags/main.py
[2026-09-09T05:05:11.205+0000] {logging_mixin.py:188} INFO - channel id is not executed
[2026-09-09T05:05:12.025+0000] {processor.py:840} INFO - DAG(s) 'data_quality', 'produce_json', 'update_db' retrieved from /opt/airflow/dags/main.py
[2026-09-09T05:05:12.917+0000] {logging_mixin.py:188} INFO - [2026-09-09T05:05:12.916+0000] {dag.py:3096} INFO - Sync 3 DAGs
[2026-09-09T05:05:13.129+0000] {logging_mixin.py:188} INFO - [2026-09-09T05:05:13.128+0000] {dag.py:3954} INFO - Setting next_dagrun for data_quality to 2026-09-09 16:00:00+00:00, run_after=2026-09-10 16:00:00+00:00
[2026-09-09T05:05:13.192+0000] {logging_mixin.py:188} INFO - [2026-09-09T05:05:13.192+0000] {dag.py:3954} INFO - Setting next_dagrun for produce_json to 2026-09-09 14:00:00+00:00, run_after=2026-09-10 14:00:00+00:00
[2026-09-09T05:05:13.217+0000] {logging_mixin.py:188} INFO - [2026-09-09T05:05:13.217+0000] {dag.py:3954} INFO - Setting next_dagrun for update_db to 2026-09-09 15:00:00+00:00, run_after=2026-09-10 15:00:00+00:00
[2026-09-09T05:05:13.548+0000] {processor.py:183} INFO - Processing /opt/airflow/dags/main.py took 3.419 seconds
[2026-09-09T05:05:44.431+0000] {processor.py:161} INFO - Started process (PID=122) to work on /opt/airflow/dags/main.py
[2026-09-09T05:05:44.452+0000] {processor.py:830} INFO - Processing file /opt/airflow/dags/main.py for tasks to queue
[2026-09-09T05:05:44.500+0000] {logging_mixin.py:188} INFO - [2026-09-09T05:05:44.480+0000] {dagbag.py:545} INFO - Filling up the DagBag from /opt/airflow/dags/main.py
[2026-09-09T05:05:45.391+0000] {logging_mixin.py:188} INFO - channel id is not executed
[2026-09-09T05:05:47.782+0000] {processor.py:840} INFO - DAG(s) 'data_quality', 'produce_json', 'update_db' retrieved from /opt/airflow/dags/main.py
[2026-09-09T05:05:49.426+0000] {logging_mixin.py:188} INFO - [2026-09-09T05:05:49.426+0000] {dag.py:3096} INFO - Sync 3 DAGs
[2026-09-09T05:05:49.855+0000] {logging_mixin.py:188} INFO - [2026-09-09T05:05:49.854+0000] {dag.py:3954} INFO - Setting next_dagrun for data_quality to 2026-09-09 16:00:00+00:00, run_after=2026-09-10 16:00:00+00:00
[2026-09-09T05:05:49.878+0000] {logging_mixin.py:188} INFO - [2026-09-09T05:05:49.878+0000] {dag.py:3954} INFO - Setting next_dagrun for produce_json to 2026-09-09 14:00:00+00:00, run_after=2026-09-10 14:00:00+00:00
[2026-09-09T05:05:50.020+0000] {logging_mixin.py:188} INFO - [2026-09-09T05:05:50.020+0000] {dag.py:3954} INFO - Setting next_dagrun for update_db to 2026-09-09 15:00:00+00:00, run_after=2026-09-10 15:00:00+00:00
[2026-09-09T05:05:50.092+0000] {processor.py:183} INFO - Processing /opt/airflow/dags/main.py took 5.767 seconds
[2026-09-09T05:06:20.226+0000] {processor.py:161} INFO - Started process (PID=135) to work on /opt/airflow/dags/main.py
[2026-09-09T05:06:20.243+0000] {processor.py:830} INFO - Processing file /opt/airflow/dags/main.py for tasks to queue
[2026-09-09T05:06:20.249+0000] {logging_mixin.py:188} INFO - [2026-09-09T05:06:20.249+0000] {dagbag.py:545} INFO - Filling up the DagBag from /opt/airflow/dags/main.py
[2026-09-09T05:06:20.494+0000] {logging_mixin.py:188} INFO - channel id is not executed
[2026-09-09T05:06:20.691+0000] {processor.py:840} INFO - DAG(s) 'produce_json', 'data_quality', 'update_db' retrieved from /opt/airflow/dags/main.py
[2026-09-09T05:06:21.017+0000] {logging_mixin.py:188} INFO - [2026-09-09T05:06:21.006+0000] {dag.py:3096} INFO - Sync 3 DAGs
[2026-09-09T05:06:21.074+0000] {logging_mixin.py:188} INFO - [2026-09-09T05:06:21.074+0000] {dag.py:3954} INFO - Setting next_dagrun for data_quality to 2026-09-09 16:00:00+00:00, run_after=2026-09-10 16:00:00+00:00
[2026-09-09T05:06:21.085+0000] {logging_mixin.py:188} INFO - [2026-09-09T05:06:21.084+0000] {dag.py:3954} INFO - Setting next_dagrun for produce_json to 2026-09-09 14:00:00+00:00, run_after=2026-09-10 14:00:00+00:00
[2026-09-09T05:06:21.091+0000] {logging_mixin.py:188} INFO - [2026-09-09T05:06:21.090+0000] {dag.py:3954} INFO - Setting next_dagrun for update_db to 2026-09-09 15:00:00+00:00, run_after=2026-09-10 15:00:00+00:00
[2026-09-09T05:06:21.138+0000] {processor.py:183} INFO - Processing /opt/airflow/dags/main.py took 0.920 seconds
[2026-09-09T05:06:51.998+0000] {processor.py:161} INFO - Started process (PID=143) to work on /opt/airflow/dags/main.py
[2026-09-09T05:06:52.006+0000] {processor.py:830} INFO - Processing file /opt/airflow/dags/main.py for tasks to queue
[2026-09-09T05:06:52.062+0000] {logging_mixin.py:188} INFO - [2026-09-09T05:06:52.059+0000] {dagbag.py:545} INFO - Filling up the DagBag from /opt/airflow/dags/main.py
[2026-09-09T05:06:52.368+0000] {logging_mixin.py:188} INFO - channel id is not executed
[2026-09-09T05:06:52.618+0000] {processor.py:840} INFO - DAG(s) 'produce_json', 'data_quality', 'update_db' retrieved from /opt/airflow/dags/main.py
[2026-09-09T05:06:53.283+0000] {logging_mixin.py:188} INFO - [2026-09-09T05:06:53.282+0000] {dag.py:3096} INFO - Sync 3 DAGs
[2026-09-09T05:06:53.379+0000] {logging_mixin.py:188} INFO - [2026-09-09T05:06:53.378+0000] {dag.py:3954} INFO - Setting next_dagrun for data_quality to 2026-09-09 16:00:00+00:00, run_after=2026-09-10 16:00:00+00:00
[2026-09-09T05:06:53.403+0000] {logging_mixin.py:188} INFO - [2026-09-09T05:06:53.403+0000] {dag.py:3954} INFO - Setting next_dagrun for produce_json to 2026-09-09 14:00:00+00:00, run_after=2026-09-10 14:00:00+00:00
[2026-09-09T05:06:53.432+0000] {logging_mixin.py:188} INFO - [2026-09-09T05:06:53.428+0000] {dag.py:3954} INFO - Setting next_dagrun for update_db to 2026-09-09 15:00:00+00:00, run_after=2026-09-10 15:00:00+00:00
[2026-09-09T05:06:53.803+0000] {processor.py:183} INFO - Processing /opt/airflow/dags/main.py took 1.946 seconds
[2026-09-09T05:07:24.325+0000] {processor.py:161} INFO - Started process (PID=150) to work on /opt/airflow/dags/main.py
[2026-09-09T05:07:24.332+0000] {processor.py:830} INFO - Processing file /opt/airflow/dags/main.py for tasks to queue
[2026-09-09T05:07:24.347+0000] {logging_mixin.py:188} INFO - [2026-09-09T05:07:24.346+0000] {dagbag.py:545} INFO - Filling up the DagBag from /opt/airflow/dags/main.py
[2026-09-09T05:07:25.250+0000] {logging_mixin.py:188} INFO - channel id is not executed
[2026-09-09T05:07:25.763+0000] {processor.py:840} INFO - DAG(s) 'produce_json', 'update_db', 'data_quality' retrieved from /opt/airflow/dags/main.py
[2026-09-09T05:07:27.187+0000] {logging_mixin.py:188} INFO - [2026-09-09T05:07:27.187+0000] {dag.py:3096} INFO - Sync 3 DAGs
[2026-09-09T05:07:27.360+0000] {logging_mixin.py:188} INFO - [2026-09-09T05:07:27.359+0000] {dag.py:3954} INFO - Setting next_dagrun for data_quality to 2026-09-09 16:00:00+00:00, run_after=2026-09-10 16:00:00+00:00
[2026-09-09T05:07:27.369+0000] {logging_mixin.py:188} INFO - [2026-09-09T05:07:27.369+0000] {dag.py:3954} INFO - Setting next_dagrun for produce_json to 2026-09-09 14:00:00+00:00, run_after=2026-09-10 14:00:00+00:00
[2026-09-09T05:07:27.375+0000] {logging_mixin.py:188} INFO - [2026-09-09T05:07:27.375+0000] {dag.py:3954} INFO - Setting next_dagrun for update_db to 2026-09-09 15:00:00+00:00, run_after=2026-09-10 15:00:00+00:00
[2026-09-09T05:07:27.444+0000] {processor.py:183} INFO - Processing /opt/airflow/dags/main.py took 3.214 seconds
[2026-09-09T05:07:58.009+0000] {processor.py:161} INFO - Started process (PID=157) to work on /opt/airflow/dags/main.py
[2026-09-09T05:07:58.011+0000] {processor.py:830} INFO - Processing file /opt/airflow/dags/main.py for tasks to queue
[2026-09-09T05:07:58.015+0000] {logging_mixin.py:188} INFO - [2026-09-09T05:07:58.015+0000] {dagbag.py:545} INFO - Filling up the DagBag from /opt/airflow/dags/main.py
[2026-09-09T05:07:58.108+0000] {logging_mixin.py:188} INFO - channel id is not executed
[2026-09-09T05:07:58.231+0000] {processor.py:840} INFO - DAG(s) 'produce_json', 'update_db', 'data_quality' retrieved from /opt/airflow/dags/main.py
[2026-09-09T05:07:58.505+0000] {logging_mixin.py:188} INFO - [2026-09-09T05:07:58.504+0000] {dag.py:3096} INFO - Sync 3 DAGs
[2026-09-09T05:07:58.567+0000] {logging_mixin.py:188} INFO - [2026-09-09T05:07:58.566+0000] {dag.py:3954} INFO - Setting next_dagrun for data_quality to 2026-09-09 16:00:00+00:00, run_after=2026-09-10 16:00:00+00:00
[2026-09-09T05:07:58.588+0000] {logging_mixin.py:188} INFO - [2026-09-09T05:07:58.587+0000] {dag.py:3954} INFO - Setting next_dagrun for produce_json to 2026-09-09 14:00:00+00:00, run_after=2026-09-10 14:00:00+00:00
[2026-09-09T05:07:58.594+0000] {logging_mixin.py:188} INFO - [2026-09-09T05:07:58.594+0000] {dag.py:3954} INFO - Setting next_dagrun for update_db to 2026-09-09 15:00:00+00:00, run_after=2026-09-10 15:00:00+00:00
[2026-09-09T05:07:58.631+0000] {processor.py:183} INFO - Processing /opt/airflow/dags/main.py took 0.631 seconds
[2026-09-09T05:08:29.126+0000] {processor.py:161} INFO - Started process (PID=164) to work on /opt/airflow/dags/main.py
[2026-09-09T05:08:29.128+0000] {processor.py:830} INFO - Processing file /opt/airflow/dags/main.py for tasks to queue
[2026-09-09T05:08:29.133+0000] {logging_mixin.py:188} INFO - [2026-09-09T05:08:29.132+0000] {dagbag.py:545} INFO - Filling up the DagBag from /opt/airflow/dags/main.py
[2026-09-09T05:08:29.206+0000] {logging_mixin.py:188} INFO - channel id is not executed
[2026-09-09T05:08:29.350+0000] {processor.py:840} INFO - DAG(s) 'produce_json', 'update_db', 'data_quality' retrieved from /opt/airflow/dags/main.py
[2026-09-09T05:08:29.575+0000] {logging_mixin.py:188} INFO - [2026-09-09T05:08:29.575+0000] {dag.py:3096} INFO - Sync 3 DAGs
[2026-09-09T05:08:29.614+0000] {logging_mixin.py:188} INFO - [2026-09-09T05:08:29.614+0000] {dag.py:3954} INFO - Setting next_dagrun for data_quality to 2026-09-09 16:00:00+00:00, run_after=2026-09-10 16:00:00+00:00
[2026-09-09T05:08:29.622+0000] {logging_mixin.py:188} INFO - [2026-09-09T05:08:29.622+0000] {dag.py:3954} INFO - Setting next_dagrun for produce_json to 2026-09-09 14:00:00+00:00, run_after=2026-09-10 14:00:00+00:00
[2026-09-09T05:08:29.628+0000] {logging_mixin.py:188} INFO - [2026-09-09T05:08:29.627+0000] {dag.py:3954} INFO - Setting next_dagrun for update_db to 2026-09-09 15:00:00+00:00, run_after=2026-09-10 15:00:00+00:00
[2026-09-09T05:08:29.678+0000] {processor.py:183} INFO - Processing /opt/airflow/dags/main.py took 0.562 seconds
[2026-09-09T05:09:00.083+0000] {processor.py:161} INFO - Started process (PID=171) to work on /opt/airflow/dags/main.py
[2026-09-09T05:09:00.085+0000] {processor.py:830} INFO - Processing file /opt/airflow/dags/main.py for tasks to queue
[2026-09-09T05:09:00.089+0000] {logging_mixin.py:188} INFO - [2026-09-09T05:09:00.088+0000] {dagbag.py:545} INFO - Filling up the DagBag from /opt/airflow/dags/main.py
[2026-09-09T05:09:00.158+0000] {logging_mixin.py:188} INFO - channel id is not executed
[2026-09-09T05:09:00.322+0000] {processor.py:840} INFO - DAG(s) 'produce_json', 'data_quality', 'update_db' retrieved from /opt/airflow/dags/main.py
[2026-09-09T05:09:00.551+0000] {logging_mixin.py:188} INFO - [2026-09-09T05:09:00.551+0000] {dag.py:3096} INFO - Sync 3 DAGs
[2026-09-09T05:09:00.589+0000] {logging_mixin.py:188} INFO - [2026-09-09T05:09:00.588+0000] {dag.py:3954} INFO - Setting next_dagrun for data_quality to 2026-09-09 16:00:00+00:00, run_after=2026-09-10 16:00:00+00:00
[2026-09-09T05:09:00.597+0000] {logging_mixin.py:188} INFO - [2026-09-09T05:09:00.596+0000] {dag.py:3954} INFO - Setting next_dagrun for produce_json to 2026-09-09 14:00:00+00:00, run_after=2026-09-10 14:00:00+00:00
[2026-09-09T05:09:00.603+0000] {logging_mixin.py:188} INFO - [2026-09-09T05:09:00.603+0000] {dag.py:3954} INFO - Setting next_dagrun for update_db to 2026-09-09 15:00:00+00:00, run_after=2026-09-10 15:00:00+00:00
[2026-09-09T05:09:00.640+0000] {processor.py:183} INFO - Processing /opt/airflow/dags/main.py took 0.568 seconds
[2026-09-09T05:09:31.128+0000] {processor.py:161} INFO - Started process (PID=177) to work on /opt/airflow/dags/main.py
[2026-09-09T05:09:31.131+0000] {processor.py:830} INFO - Processing file /opt/airflow/dags/main.py for tasks to queue
[2026-09-09T05:09:31.145+0000] {logging_mixin.py:188} INFO - [2026-09-09T05:09:31.143+0000] {dagbag.py:545} INFO - Filling up the DagBag from /opt/airflow/dags/main.py
[2026-09-09T05:09:31.425+0000] {logging_mixin.py:188} INFO - channel id is not executed
[2026-09-09T05:09:37.288+0000] {processor.py:840} INFO - DAG(s) 'update_db', 'data_quality', 'produce_json' retrieved from /opt/airflow/dags/main.py
[2026-09-09T05:09:38.220+0000] {logging_mixin.py:188} INFO - [2026-09-09T05:09:38.211+0000] {dag.py:3096} INFO - Sync 3 DAGs
[2026-09-09T05:09:38.329+0000] {logging_mixin.py:188} INFO - [2026-09-09T05:09:38.328+0000] {dag.py:3954} INFO - Setting next_dagrun for data_quality to 2026-09-09 16:00:00+00:00, run_after=2026-09-10 16:00:00+00:00
[2026-09-09T05:09:38.354+0000] {logging_mixin.py:188} INFO - [2026-09-09T05:09:38.354+0000] {dag.py:3954} INFO - Setting next_dagrun for produce_json to 2026-09-09 14:00:00+00:00, run_after=2026-09-10 14:00:00+00:00
[2026-09-09T05:09:38.375+0000] {logging_mixin.py:188} INFO - [2026-09-09T05:09:38.375+0000] {dag.py:3954} INFO - Setting next_dagrun for update_db to 2026-09-09 15:00:00+00:00, run_after=2026-09-10 15:00:00+00:00
[2026-09-09T05:09:38.456+0000] {processor.py:183} INFO - Processing /opt/airflow/dags/main.py took 7.347 seconds
[2026-09-09T05:10:08.850+0000] {processor.py:161} INFO - Started process (PID=183) to work on /opt/airflow/dags/main.py
[2026-09-09T05:10:08.857+0000] {processor.py:830} INFO - Processing file /opt/airflow/dags/main.py for tasks to queue
[2026-09-09T05:10:08.864+0000] {logging_mixin.py:188} INFO - [2026-09-09T05:10:08.863+0000] {dagbag.py:545} INFO - Filling up the DagBag from /opt/airflow/dags/main.py
[2026-09-09T05:10:08.953+0000] {logging_mixin.py:188} INFO - channel id is not executed
[2026-09-09T05:10:09.111+0000] {processor.py:840} INFO - DAG(s) 'data_quality', 'produce_json', 'update_db' retrieved from /opt/airflow/dags/main.py
[2026-09-09T05:10:09.430+0000] {logging_mixin.py:188} INFO - [2026-09-09T05:10:09.429+0000] {dag.py:3096} INFO - Sync 3 DAGs
[2026-09-09T05:10:09.497+0000] {logging_mixin.py:188} INFO - [2026-09-09T05:10:09.497+0000] {dag.py:3954} INFO - Setting next_dagrun for data_quality to 2026-09-09 16:00:00+00:00, run_after=2026-09-10 16:00:00+00:00
[2026-09-09T05:10:09.514+0000] {logging_mixin.py:188} INFO - [2026-09-09T05:10:09.513+0000] {dag.py:3954} INFO - Setting next_dagrun for produce_json to 2026-09-09 14:00:00+00:00, run_after=2026-09-10 14:00:00+00:00
[2026-09-09T05:10:09.554+0000] {logging_mixin.py:188} INFO - [2026-09-09T05:10:09.554+0000] {dag.py:3954} INFO - Setting next_dagrun for update_db to 2026-09-09 15:00:00+00:00, run_after=2026-09-10 15:00:00+00:00
[2026-09-09T05:10:09.638+0000] {processor.py:183} INFO - Processing /opt/airflow/dags/main.py took 0.800 seconds
[2026-09-09T05:10:40.080+0000] {processor.py:161} INFO - Started process (PID=190) to work on /opt/airflow/dags/main.py
[2026-09-09T05:10:40.084+0000] {processor.py:830} INFO - Processing file /opt/airflow/dags/main.py for tasks to queue
[2026-09-09T05:10:40.094+0000] {logging_mixin.py:188} INFO - [2026-09-09T05:10:40.094+0000] {dagbag.py:545} INFO - Filling up the DagBag from /opt/airflow/dags/main.py
[2026-09-09T05:10:40.225+0000] {logging_mixin.py:188} INFO - channel id is not executed
[2026-09-09T05:10:40.361+0000] {processor.py:840} INFO - DAG(s) 'update_db', 'data_quality', 'produce_json' retrieved from /opt/airflow/dags/main.py
[2026-09-09T05:10:40.655+0000] {logging_mixin.py:188} INFO - [2026-09-09T05:10:40.654+0000] {dag.py:3096} INFO - Sync 3 DAGs
[2026-09-09T05:10:40.694+0000] {logging_mixin.py:188} INFO - [2026-09-09T05:10:40.693+0000] {dag.py:3954} INFO - Setting next_dagrun for data_quality to 2026-09-09 16:00:00+00:00, run_after=2026-09-10 16:00:00+00:00
[2026-09-09T05:10:40.705+0000] {logging_mixin.py:188} INFO - [2026-09-09T05:10:40.705+0000] {dag.py:3954} INFO - Setting next_dagrun for produce_json to 2026-09-09 14:00:00+00:00, run_after=2026-09-10 14:00:00+00:00
[2026-09-09T05:10:40.711+0000] {logging_mixin.py:188} INFO - [2026-09-09T05:10:40.711+0000] {dag.py:3954} INFO - Setting next_dagrun for update_db to 2026-09-09 15:00:00+00:00, run_after=2026-09-10 15:00:00+00:00
[2026-09-09T05:10:40.749+0000] {processor.py:183} INFO - Processing /opt/airflow/dags/main.py took 0.682 seconds
[2026-09-09T05:11:11.668+0000] {processor.py:161} INFO - Started process (PID=197) to work on /opt/airflow/dags/main.py
[2026-09-09T05:11:11.693+0000] {processor.py:830} INFO - Processing file /opt/airflow/dags/main.py for tasks to queue
[2026-09-09T05:11:11.722+0000] {logging_mixin.py:188} INFO - [2026-09-09T05:11:11.721+0000] {dagbag.py:545} INFO - Filling up the DagBag from /opt/airflow/dags/main.py
[2026-09-09T05:11:12.176+0000] {logging_mixin.py:188} INFO - channel id is not executed
[2026-09-09T05:11:12.896+0000] {processor.py:840} INFO - DAG(s) 'data_quality', 'update_db', 'produce_json' retrieved from /opt/airflow/dags/main.py
[2026-09-09T05:11:13.665+0000] {logging_mixin.py:188} INFO - [2026-09-09T05:11:13.664+0000] {dag.py:3096} INFO - Sync 3 DAGs
[2026-09-09T05:11:13.910+0000] {logging_mixin.py:188} INFO - [2026-09-09T05:11:13.909+0000] {dag.py:3954} INFO - Setting next_dagrun for data_quality to 2026-09-09 16:00:00+00:00, run_after=2026-09-10 16:00:00+00:00
[2026-09-09T05:11:13.930+0000] {logging_mixin.py:188} INFO - [2026-09-09T05:11:13.930+0000] {dag.py:3954} INFO - Setting next_dagrun for produce_json to 2026-09-09 14:00:00+00:00, run_after=2026-09-10 14:00:00+00:00
[2026-09-09T05:11:13.987+0000] {logging_mixin.py:188} INFO - [2026-09-09T05:11:13.987+0000] {dag.py:3954} INFO - Setting next_dagrun for update_db to 2026-09-09 15:00:00+00:00, run_after=2026-09-10 15:00:00+00:00
[2026-09-09T05:11:14.200+0000] {processor.py:183} INFO - Processing /opt/airflow/dags/main.py took 2.541 seconds
[2026-09-09T05:11:46.454+0000] {processor.py:161} INFO - Started process (PID=204) to work on /opt/airflow/dags/main.py
[2026-09-09T05:11:46.466+0000] {processor.py:830} INFO - Processing file /opt/airflow/dags/main.py for tasks to queue
[2026-09-09T05:11:46.617+0000] {logging_mixin.py:188} INFO - [2026-09-09T05:11:46.616+0000] {dagbag.py:545} INFO - Filling up the DagBag from /opt/airflow/dags/main.py
[2026-09-09T05:11:51.032+0000] {logging_mixin.py:188} INFO - channel id is not executed
[2026-09-09T05:12:00.330+0000] {processor.py:840} INFO - DAG(s) 'update_db', 'data_quality', 'produce_json' retrieved from /opt/airflow/dags/main.py
[2026-09-09T05:12:01.495+0000] {logging_mixin.py:188} INFO - [2026-09-09T05:12:01.495+0000] {dag.py:3096} INFO - Sync 3 DAGs
[2026-09-09T05:12:01.622+0000] {logging_mixin.py:188} INFO - [2026-09-09T05:12:01.621+0000] {dag.py:3954} INFO - Setting next_dagrun for data_quality to 2026-09-09 16:00:00+00:00, run_after=2026-09-10 16:00:00+00:00
[2026-09-09T05:12:01.640+0000] {logging_mixin.py:188} INFO - [2026-09-09T05:12:01.640+0000] {dag.py:3954} INFO - Setting next_dagrun for produce_json to 2026-09-09 14:00:00+00:00, run_after=2026-09-10 14:00:00+00:00
[2026-09-09T05:12:01.674+0000] {logging_mixin.py:188} INFO - [2026-09-09T05:12:01.673+0000] {dag.py:3954} INFO - Setting next_dagrun for update_db to 2026-09-09 15:00:00+00:00, run_after=2026-09-10 15:00:00+00:00
[2026-09-09T05:12:01.881+0000] {processor.py:183} INFO - Processing /opt/airflow/dags/main.py took 15.474 seconds
[2026-09-09T05:12:33.669+0000] {processor.py:161} INFO - Started process (PID=217) to work on /opt/airflow/dags/main.py
[2026-09-09T05:12:33.700+0000] {processor.py:830} INFO - Processing file /opt/airflow/dags/main.py for tasks to queue
[2026-09-09T05:12:33.781+0000] {logging_mixin.py:188} INFO - [2026-09-09T05:12:33.780+0000] {dagbag.py:545} INFO - Filling up the DagBag from /opt/airflow/dags/main.py
[2026-09-09T05:12:35.064+0000] {logging_mixin.py:188} INFO - channel id is not executed
[2026-09-09T05:12:36.526+0000] {processor.py:840} INFO - DAG(s) 'data_quality', 'produce_json', 'update_db' retrieved from /opt/airflow/dags/main.py
[2026-09-09T05:12:37.297+0000] {logging_mixin.py:188} INFO - [2026-09-09T05:12:37.297+0000] {dag.py:3096} INFO - Sync 3 DAGs
[2026-09-09T05:12:37.455+0000] {logging_mixin.py:188} INFO - [2026-09-09T05:12:37.454+0000] {dag.py:3954} INFO - Setting next_dagrun for data_quality to 2026-09-09 16:00:00+00:00, run_after=2026-09-10 16:00:00+00:00
[2026-09-09T05:12:37.523+0000] {logging_mixin.py:188} INFO - [2026-09-09T05:12:37.522+0000] {dag.py:3954} INFO - Setting next_dagrun for produce_json to 2026-09-09 14:00:00+00:00, run_after=2026-09-10 14:00:00+00:00
[2026-09-09T05:12:37.567+0000] {logging_mixin.py:188} INFO - [2026-09-09T05:12:37.567+0000] {dag.py:3954} INFO - Setting next_dagrun for update_db to 2026-09-09 15:00:00+00:00, run_after=2026-09-10 15:00:00+00:00
[2026-09-09T05:12:37.817+0000] {processor.py:183} INFO - Processing /opt/airflow/dags/main.py took 4.171 seconds
[2026-09-09T05:13:08.950+0000] {processor.py:161} INFO - Started process (PID=225) to work on /opt/airflow/dags/main.py
[2026-09-09T05:13:08.967+0000] {processor.py:830} INFO - Processing file /opt/airflow/dags/main.py for tasks to queue
[2026-09-09T05:13:08.985+0000] {logging_mixin.py:188} INFO - [2026-09-09T05:13:08.985+0000] {dagbag.py:545} INFO - Filling up the DagBag from /opt/airflow/dags/main.py
[2026-09-09T05:13:09.664+0000] {logging_mixin.py:188} INFO - channel id is not executed
[2026-09-09T05:13:12.897+0000] {processor.py:840} INFO - DAG(s) 'data_quality', 'update_db', 'produce_json' retrieved from /opt/airflow/dags/main.py
[2026-09-09T05:13:14.575+0000] {logging_mixin.py:188} INFO - [2026-09-09T05:13:14.575+0000] {dag.py:3096} INFO - Sync 3 DAGs
[2026-09-09T05:13:15.236+0000] {logging_mixin.py:188} INFO - [2026-09-09T05:13:15.226+0000] {dag.py:3954} INFO - Setting next_dagrun for data_quality to 2026-09-09 16:00:00+00:00, run_after=2026-09-10 16:00:00+00:00
[2026-09-09T05:13:15.255+0000] {logging_mixin.py:188} INFO - [2026-09-09T05:13:15.254+0000] {dag.py:3954} INFO - Setting next_dagrun for produce_json to 2026-09-09 14:00:00+00:00, run_after=2026-09-10 14:00:00+00:00
[2026-09-09T05:13:15.270+0000] {logging_mixin.py:188} INFO - [2026-09-09T05:13:15.270+0000] {dag.py:3954} INFO - Setting next_dagrun for update_db to 2026-09-09 15:00:00+00:00, run_after=2026-09-10 15:00:00+00:00
[2026-09-09T05:13:15.604+0000] {processor.py:183} INFO - Processing /opt/airflow/dags/main.py took 6.672 seconds
[2026-09-09T05:13:46.492+0000] {processor.py:161} INFO - Started process (PID=232) to work on /opt/airflow/dags/main.py
[2026-09-09T05:13:46.500+0000] {processor.py:830} INFO - Processing file /opt/airflow/dags/main.py for tasks to queue
[2026-09-09T05:13:46.517+0000] {logging_mixin.py:188} INFO - [2026-09-09T05:13:46.516+0000] {dagbag.py:545} INFO - Filling up the DagBag from /opt/airflow/dags/main.py
[2026-09-09T05:13:46.798+0000] {logging_mixin.py:188} INFO - channel id is not executed
[2026-09-09T05:13:47.490+0000] {processor.py:840} INFO - DAG(s) 'update_db', 'data_quality', 'produce_json' retrieved from /opt/airflow/dags/main.py
[2026-09-09T05:13:48.363+0000] {logging_mixin.py:188} INFO - [2026-09-09T05:13:48.362+0000] {dag.py:3096} INFO - Sync 3 DAGs
[2026-09-09T05:13:48.585+0000] {logging_mixin.py:188} INFO - [2026-09-09T05:13:48.584+0000] {dag.py:3954} INFO - Setting next_dagrun for data_quality to 2026-09-09 16:00:00+00:00, run_after=2026-09-10 16:00:00+00:00
[2026-09-09T05:13:48.645+0000] {logging_mixin.py:188} INFO - [2026-09-09T05:13:48.645+0000] {dag.py:3954} INFO - Setting next_dagrun for produce_json to 2026-09-09 14:00:00+00:00, run_after=2026-09-10 14:00:00+00:00
[2026-09-09T05:13:48.684+0000] {logging_mixin.py:188} INFO - [2026-09-09T05:13:48.684+0000] {dag.py:3954} INFO - Setting next_dagrun for update_db to 2026-09-09 15:00:00+00:00, run_after=2026-09-10 15:00:00+00:00
[2026-09-09T05:13:49.143+0000] {processor.py:183} INFO - Processing /opt/airflow/dags/main.py took 2.670 seconds
[2026-09-09T05:14:19.544+0000] {processor.py:161} INFO - Started process (PID=238) to work on /opt/airflow/dags/main.py
[2026-09-09T05:14:19.560+0000] {processor.py:830} INFO - Processing file /opt/airflow/dags/main.py for tasks to queue
[2026-09-09T05:14:19.576+0000] {logging_mixin.py:188} INFO - [2026-09-09T05:14:19.575+0000] {dagbag.py:545} INFO - Filling up the DagBag from /opt/airflow/dags/main.py
[2026-09-09T05:14:19.813+0000] {logging_mixin.py:188} INFO - channel id is not executed
[2026-09-09T05:14:20.402+0000] {processor.py:840} INFO - DAG(s) 'produce_json', 'data_quality', 'update_db' retrieved from /opt/airflow/dags/main.py
[2026-09-09T05:14:20.999+0000] {logging_mixin.py:188} INFO - [2026-09-09T05:14:20.999+0000] {dag.py:3096} INFO - Sync 3 DAGs
[2026-09-09T05:14:21.090+0000] {logging_mixin.py:188} INFO - [2026-09-09T05:14:21.089+0000] {dag.py:3954} INFO - Setting next_dagrun for data_quality to 2026-09-09 16:00:00+00:00, run_after=2026-09-10 16:00:00+00:00
[2026-09-09T05:14:21.113+0000] {logging_mixin.py:188} INFO - [2026-09-09T05:14:21.113+0000] {dag.py:3954} INFO - Setting next_dagrun for produce_json to 2026-09-09 14:00:00+00:00, run_after=2026-09-10 14:00:00+00:00
[2026-09-09T05:14:21.130+0000] {logging_mixin.py:188} INFO - [2026-09-09T05:14:21.130+0000] {dag.py:3954} INFO - Setting next_dagrun for update_db to 2026-09-09 15:00:00+00:00, run_after=2026-09-10 15:00:00+00:00
[2026-09-09T05:14:21.202+0000] {processor.py:183} INFO - Processing /opt/airflow/dags/main.py took 1.685 seconds
[2026-09-09T05:14:51.345+0000] {processor.py:161} INFO - Started process (PID=245) to work on /opt/airflow/dags/main.py
[2026-09-09T05:14:51.355+0000] {processor.py:830} INFO - Processing file /opt/airflow/dags/main.py for tasks to queue
[2026-09-09T05:14:51.358+0000] {logging_mixin.py:188} INFO - [2026-09-09T05:14:51.358+0000] {dagbag.py:545} INFO - Filling up the DagBag from /opt/airflow/dags/main.py
[2026-09-09T05:14:51.576+0000] {logging_mixin.py:188} INFO - channel id is not executed
[2026-09-09T05:14:51.809+0000] {processor.py:840} INFO - DAG(s) 'data_quality', 'produce_json', 'update_db' retrieved from /opt/airflow/dags/main.py
[2026-09-09T05:14:52.174+0000] {logging_mixin.py:188} INFO - [2026-09-09T05:14:52.173+0000] {dag.py:3096} INFO - Sync 3 DAGs
[2026-09-09T05:14:52.509+0000] {logging_mixin.py:188} INFO - [2026-09-09T05:14:52.472+0000] {dag.py:3954} INFO - Setting next_dagrun for data_quality to 2026-09-09 16:00:00+00:00, run_after=2026-09-10 16:00:00+00:00
[2026-09-09T05:14:52.554+0000] {logging_mixin.py:188} INFO - [2026-09-09T05:14:52.553+0000] {dag.py:3954} INFO - Setting next_dagrun for produce_json to 2026-09-09 14:00:00+00:00, run_after=2026-09-10 14:00:00+00:00
[2026-09-09T05:14:52.571+0000] {logging_mixin.py:188} INFO - [2026-09-09T05:14:52.570+0000] {dag.py:3954} INFO - Setting next_dagrun for update_db to 2026-09-09 15:00:00+00:00, run_after=2026-09-10 15:00:00+00:00
[2026-09-09T05:14:52.670+0000] {processor.py:183} INFO - Processing /opt/airflow/dags/main.py took 1.332 seconds
[2026-09-09T05:15:23.070+0000] {processor.py:161} INFO - Started process (PID=258) to work on /opt/airflow/dags/main.py
[2026-09-09T05:15:23.082+0000] {processor.py:830} INFO - Processing file /opt/airflow/dags/main.py for tasks to queue
[2026-09-09T05:15:23.088+0000] {logging_mixin.py:188} INFO - [2026-09-09T05:15:23.087+0000] {dagbag.py:545} INFO - Filling up the DagBag from /opt/airflow/dags/main.py
[2026-09-09T05:15:23.252+0000] {logging_mixin.py:188} INFO - channel id is not executed
[2026-09-09T05:15:23.657+0000] {processor.py:840} INFO - DAG(s) 'update_db', 'produce_json', 'data_quality' retrieved from /opt/airflow/dags/main.py
[2026-09-09T05:15:24.261+0000] {logging_mixin.py:188} INFO - [2026-09-09T05:15:24.261+0000] {dag.py:3096} INFO - Sync 3 DAGs
[2026-09-09T05:15:24.359+0000] {logging_mixin.py:188} INFO - [2026-09-09T05:15:24.358+0000] {dag.py:3954} INFO - Setting next_dagrun for data_quality to 2026-09-09 16:00:00+00:00, run_after=2026-09-10 16:00:00+00:00
[2026-09-09T05:15:24.401+0000] {logging_mixin.py:188} INFO - [2026-09-09T05:15:24.400+0000] {dag.py:3954} INFO - Setting next_dagrun for produce_json to 2026-09-09 14:00:00+00:00, run_after=2026-09-10 14:00:00+00:00
[2026-09-09T05:15:24.417+0000] {logging_mixin.py:188} INFO - [2026-09-09T05:15:24.417+0000] {dag.py:3954} INFO - Setting next_dagrun for update_db to 2026-09-09 15:00:00+00:00, run_after=2026-09-10 15:00:00+00:00
[2026-09-09T05:15:24.488+0000] {processor.py:183} INFO - Processing /opt/airflow/dags/main.py took 1.448 seconds
[2026-09-09T05:15:54.923+0000] {processor.py:161} INFO - Started process (PID=266) to work on /opt/airflow/dags/main.py
[2026-09-09T05:15:54.936+0000] {processor.py:830} INFO - Processing file /opt/airflow/dags/main.py for tasks to queue
[2026-09-09T05:15:54.947+0000] {logging_mixin.py:188} INFO - [2026-09-09T05:15:54.946+0000] {dagbag.py:545} INFO - Filling up the DagBag from /opt/airflow/dags/main.py
[2026-09-09T05:15:55.126+0000] {logging_mixin.py:188} INFO - channel id is not executed
[2026-09-09T05:15:56.298+0000] {processor.py:840} INFO - DAG(s) 'produce_json', 'update_db', 'data_quality' retrieved from /opt/airflow/dags/main.py
[2026-09-09T05:15:57.026+0000] {logging_mixin.py:188} INFO - [2026-09-09T05:15:57.026+0000] {dag.py:3096} INFO - Sync 3 DAGs
[2026-09-09T05:15:57.145+0000] {logging_mixin.py:188} INFO - [2026-09-09T05:15:57.144+0000] {dag.py:3954} INFO - Setting next_dagrun for data_quality to 2026-09-09 16:00:00+00:00, run_after=2026-09-10 16:00:00+00:00
[2026-09-09T05:15:57.211+0000] {logging_mixin.py:188} INFO - [2026-09-09T05:15:57.211+0000] {dag.py:3954} INFO - Setting next_dagrun for produce_json to 2026-09-09 14:00:00+00:00, run_after=2026-09-10 14:00:00+00:00
[2026-09-09T05:15:57.234+0000] {logging_mixin.py:188} INFO - [2026-09-09T05:15:57.234+0000] {dag.py:3954} INFO - Setting next_dagrun for update_db to 2026-09-09 15:00:00+00:00, run_after=2026-09-10 15:00:00+00:00
[2026-09-09T05:15:57.367+0000] {processor.py:183} INFO - Processing /opt/airflow/dags/main.py took 2.463 seconds
[2026-09-09T05:16:29.779+0000] {processor.py:161} INFO - Started process (PID=273) to work on /opt/airflow/dags/main.py
[2026-09-09T05:16:29.781+0000] {processor.py:830} INFO - Processing file /opt/airflow/dags/main.py for tasks to queue
[2026-09-09T05:16:29.802+0000] {logging_mixin.py:188} INFO - [2026-09-09T05:16:29.800+0000] {dagbag.py:545} INFO - Filling up the DagBag from /opt/airflow/dags/main.py
[2026-09-09T05:16:30.066+0000] {logging_mixin.py:188} INFO - channel id is not executed
[2026-09-09T05:16:31.725+0000] {processor.py:840} INFO - DAG(s) 'produce_json', 'update_db', 'data_quality' retrieved from /opt/airflow/dags/main.py
[2026-09-09T05:16:32.334+0000] {logging_mixin.py:188} INFO - [2026-09-09T05:16:32.334+0000] {dag.py:3096} INFO - Sync 3 DAGs
[2026-09-09T05:16:32.443+0000] {logging_mixin.py:188} INFO - [2026-09-09T05:16:32.443+0000] {dag.py:3954} INFO - Setting next_dagrun for data_quality to 2026-09-09 16:00:00+00:00, run_after=2026-09-10 16:00:00+00:00
[2026-09-09T05:16:32.474+0000] {logging_mixin.py:188} INFO - [2026-09-09T05:16:32.473+0000] {dag.py:3954} INFO - Setting next_dagrun for produce_json to 2026-09-09 14:00:00+00:00, run_after=2026-09-10 14:00:00+00:00
[2026-09-09T05:16:32.479+0000] {logging_mixin.py:188} INFO - [2026-09-09T05:16:32.479+0000] {dag.py:3954} INFO - Setting next_dagrun for update_db to 2026-09-09 15:00:00+00:00, run_after=2026-09-10 15:00:00+00:00
[2026-09-09T05:16:32.566+0000] {processor.py:183} INFO - Processing /opt/airflow/dags/main.py took 2.818 seconds
[2026-09-09T05:17:02.845+0000] {processor.py:161} INFO - Started process (PID=280) to work on /opt/airflow/dags/main.py
[2026-09-09T05:17:02.855+0000] {processor.py:830} INFO - Processing file /opt/airflow/dags/main.py for tasks to queue
[2026-09-09T05:17:02.868+0000] {logging_mixin.py:188} INFO - [2026-09-09T05:17:02.868+0000] {dagbag.py:545} INFO - Filling up the DagBag from /opt/airflow/dags/main.py
[2026-09-09T05:17:03.127+0000] {logging_mixin.py:188} INFO - channel id is not executed
[2026-09-09T05:17:03.785+0000] {processor.py:840} INFO - DAG(s) 'update_db', 'data_quality', 'produce_json' retrieved from /opt/airflow/dags/main.py
[2026-09-09T05:17:04.386+0000] {logging_mixin.py:188} INFO - [2026-09-09T05:17:04.385+0000] {dag.py:3096} INFO - Sync 3 DAGs
[2026-09-09T05:17:04.509+0000] {logging_mixin.py:188} INFO - [2026-09-09T05:17:04.508+0000] {dag.py:3954} INFO - Setting next_dagrun for data_quality to 2026-09-09 16:00:00+00:00, run_after=2026-09-10 16:00:00+00:00
[2026-09-09T05:17:04.526+0000] {logging_mixin.py:188} INFO - [2026-09-09T05:17:04.526+0000] {dag.py:3954} INFO - Setting next_dagrun for produce_json to 2026-09-09 14:00:00+00:00, run_after=2026-09-10 14:00:00+00:00
[2026-09-09T05:17:04.541+0000] {logging_mixin.py:188} INFO - [2026-09-09T05:17:04.540+0000] {dag.py:3954} INFO - Setting next_dagrun for update_db to 2026-09-09 15:00:00+00:00, run_after=2026-09-10 15:00:00+00:00
[2026-09-09T05:17:04.646+0000] {processor.py:183} INFO - Processing /opt/airflow/dags/main.py took 1.828 seconds
[2026-09-09T05:17:34.930+0000] {processor.py:161} INFO - Started process (PID=287) to work on /opt/airflow/dags/main.py
[2026-09-09T05:17:34.953+0000] {processor.py:830} INFO - Processing file /opt/airflow/dags/main.py for tasks to queue
[2026-09-09T05:17:34.958+0000] {logging_mixin.py:188} INFO - [2026-09-09T05:17:34.957+0000] {dagbag.py:545} INFO - Filling up the DagBag from /opt/airflow/dags/main.py
[2026-09-09T05:17:35.078+0000] {logging_mixin.py:188} INFO - channel id is not executed
[2026-09-09T05:17:35.269+0000] {processor.py:840} INFO - DAG(s) 'produce_json', 'update_db', 'data_quality' retrieved from /opt/airflow/dags/main.py
[2026-09-09T05:17:35.846+0000] {logging_mixin.py:188} INFO - [2026-09-09T05:17:35.845+0000] {dag.py:3096} INFO - Sync 3 DAGs
[2026-09-09T05:17:36.035+0000] {logging_mixin.py:188} INFO - [2026-09-09T05:17:36.034+0000] {dag.py:3954} INFO - Setting next_dagrun for data_quality to 2026-09-09 16:00:00+00:00, run_after=2026-09-10 16:00:00+00:00
[2026-09-09T05:17:36.179+0000] {logging_mixin.py:188} INFO - [2026-09-09T05:17:36.178+0000] {dag.py:3954} INFO - Setting next_dagrun for produce_json to 2026-09-09 14:00:00+00:00, run_after=2026-09-10 14:00:00+00:00
[2026-09-09T05:17:36.203+0000] {logging_mixin.py:188} INFO - [2026-09-09T05:17:36.203+0000] {dag.py:3954} INFO - Setting next_dagrun for update_db to 2026-09-09 15:00:00+00:00, run_after=2026-09-10 15:00:00+00:00
[2026-09-09T05:17:36.437+0000] {processor.py:183} INFO - Processing /opt/airflow/dags/main.py took 1.517 seconds
[2026-09-09T05:18:07.066+0000] {processor.py:161} INFO - Started process (PID=293) to work on /opt/airflow/dags/main.py
[2026-09-09T05:18:07.072+0000] {processor.py:830} INFO - Processing file /opt/airflow/dags/main.py for tasks to queue
[2026-09-09T05:18:07.084+0000] {logging_mixin.py:188} INFO - [2026-09-09T05:18:07.084+0000] {dagbag.py:545} INFO - Filling up the DagBag from /opt/airflow/dags/main.py
[2026-09-09T05:18:07.237+0000] {logging_mixin.py:188} INFO - channel id is not executed
[2026-09-09T05:18:07.506+0000] {processor.py:840} INFO - DAG(s) 'data_quality', 'update_db', 'produce_json' retrieved from /opt/airflow/dags/main.py
[2026-09-09T05:18:08.109+0000] {logging_mixin.py:188} INFO - [2026-09-09T05:18:08.101+0000] {dag.py:3096} INFO - Sync 3 DAGs
[2026-09-09T05:18:08.206+0000] {logging_mixin.py:188} INFO - [2026-09-09T05:18:08.206+0000] {dag.py:3954} INFO - Setting next_dagrun for data_quality to 2026-09-09 16:00:00+00:00, run_after=2026-09-10 16:00:00+00:00
[2026-09-09T05:18:08.368+0000] {logging_mixin.py:188} INFO - [2026-09-09T05:18:08.362+0000] {dag.py:3954} INFO - Setting next_dagrun for produce_json to 2026-09-09 14:00:00+00:00, run_after=2026-09-10 14:00:00+00:00
[2026-09-09T05:18:08.419+0000] {logging_mixin.py:188} INFO - [2026-09-09T05:18:08.418+0000] {dag.py:3954} INFO - Setting next_dagrun for update_db to 2026-09-09 15:00:00+00:00, run_after=2026-09-10 15:00:00+00:00
[2026-09-09T05:18:08.590+0000] {processor.py:183} INFO - Processing /opt/airflow/dags/main.py took 1.554 seconds
[2026-09-09T05:18:38.961+0000] {processor.py:161} INFO - Started process (PID=300) to work on /opt/airflow/dags/main.py
[2026-09-09T05:18:38.963+0000] {processor.py:830} INFO - Processing file /opt/airflow/dags/main.py for tasks to queue
[2026-09-09T05:18:38.976+0000] {logging_mixin.py:188} INFO - [2026-09-09T05:18:38.976+0000] {dagbag.py:545} INFO - Filling up the DagBag from /opt/airflow/dags/main.py
[2026-09-09T05:18:39.100+0000] {logging_mixin.py:188} INFO - channel id is not executed
[2026-09-09T05:18:39.447+0000] {processor.py:840} INFO - DAG(s) 'update_db', 'produce_json', 'data_quality' retrieved from /opt/airflow/dags/main.py
[2026-09-09T05:18:40.108+0000] {logging_mixin.py:188} INFO - [2026-09-09T05:18:40.107+0000] {dag.py:3096} INFO - Sync 3 DAGs
[2026-09-09T05:18:40.254+0000] {logging_mixin.py:188} INFO - [2026-09-09T05:18:40.254+0000] {dag.py:3954} INFO - Setting next_dagrun for data_quality to 2026-09-09 16:00:00+00:00, run_after=2026-09-10 16:00:00+00:00
[2026-09-09T05:18:40.298+0000] {logging_mixin.py:188} INFO - [2026-09-09T05:18:40.297+0000] {dag.py:3954} INFO - Setting next_dagrun for produce_json to 2026-09-09 14:00:00+00:00, run_after=2026-09-10 14:00:00+00:00
[2026-09-09T05:18:40.316+0000] {logging_mixin.py:188} INFO - [2026-09-09T05:18:40.316+0000] {dag.py:3954} INFO - Setting next_dagrun for update_db to 2026-09-09 15:00:00+00:00, run_after=2026-09-10 15:00:00+00:00
[2026-09-09T05:18:40.491+0000] {processor.py:183} INFO - Processing /opt/airflow/dags/main.py took 1.556 seconds
[2026-09-09T05:19:11.824+0000] {processor.py:161} INFO - Started process (PID=307) to work on /opt/airflow/dags/main.py
[2026-09-09T05:19:11.841+0000] {processor.py:830} INFO - Processing file /opt/airflow/dags/main.py for tasks to queue
[2026-09-09T05:19:11.868+0000] {logging_mixin.py:188} INFO - [2026-09-09T05:19:11.868+0000] {dagbag.py:545} INFO - Filling up the DagBag from /opt/airflow/dags/main.py
[2026-09-09T05:19:13.090+0000] {logging_mixin.py:188} INFO - channel id is not executed
[2026-09-09T05:19:14.456+0000] {processor.py:840} INFO - DAG(s) 'update_db', 'data_quality', 'produce_json' retrieved from /opt/airflow/dags/main.py
[2026-09-09T05:19:17.059+0000] {logging_mixin.py:188} INFO - [2026-09-09T05:19:17.059+0000] {dag.py:3096} INFO - Sync 3 DAGs
[2026-09-09T05:19:17.195+0000] {logging_mixin.py:188} INFO - [2026-09-09T05:19:17.195+0000] {dag.py:3954} INFO - Setting next_dagrun for data_quality to 2026-09-09 16:00:00+00:00, run_after=2026-09-10 16:00:00+00:00
[2026-09-09T05:19:17.253+0000] {logging_mixin.py:188} INFO - [2026-09-09T05:19:17.253+0000] {dag.py:3954} INFO - Setting next_dagrun for produce_json to 2026-09-09 14:00:00+00:00, run_after=2026-09-10 14:00:00+00:00
[2026-09-09T05:19:17.428+0000] {logging_mixin.py:188} INFO - [2026-09-09T05:19:17.427+0000] {dag.py:3954} INFO - Setting next_dagrun for update_db to 2026-09-09 15:00:00+00:00, run_after=2026-09-10 15:00:00+00:00
[2026-09-09T05:19:17.810+0000] {processor.py:183} INFO - Processing /opt/airflow/dags/main.py took 6.019 seconds
[2026-09-09T05:19:49.799+0000] {processor.py:161} INFO - Started process (PID=314) to work on /opt/airflow/dags/main.py
[2026-09-09T05:19:49.808+0000] {processor.py:830} INFO - Processing file /opt/airflow/dags/main.py for tasks to queue
[2026-09-09T05:19:49.824+0000] {logging_mixin.py:188} INFO - [2026-09-09T05:19:49.823+0000] {dagbag.py:545} INFO - Filling up the DagBag from /opt/airflow/dags/main.py
[2026-09-09T05:19:50.141+0000] {logging_mixin.py:188} INFO - channel id is not executed
[2026-09-09T05:19:50.528+0000] {processor.py:840} INFO - DAG(s) 'data_quality', 'update_db', 'produce_json' retrieved from /opt/airflow/dags/main.py
[2026-09-09T05:19:51.269+0000] {logging_mixin.py:188} INFO - [2026-09-09T05:19:51.268+0000] {dag.py:3096} INFO - Sync 3 DAGs
[2026-09-09T05:19:51.417+0000] {logging_mixin.py:188} INFO - [2026-09-09T05:19:51.416+0000] {dag.py:3954} INFO - Setting next_dagrun for data_quality to 2026-09-09 16:00:00+00:00, run_after=2026-09-10 16:00:00+00:00
[2026-09-09T05:19:51.449+0000] {logging_mixin.py:188} INFO - [2026-09-09T05:19:51.448+0000] {dag.py:3954} INFO - Setting next_dagrun for produce_json to 2026-09-09 14:00:00+00:00, run_after=2026-09-10 14:00:00+00:00
[2026-09-09T05:19:51.514+0000] {logging_mixin.py:188} INFO - [2026-09-09T05:19:51.514+0000] {dag.py:3954} INFO - Setting next_dagrun for update_db to 2026-09-09 15:00:00+00:00, run_after=2026-09-10 15:00:00+00:00
[2026-09-09T05:19:51.755+0000] {processor.py:183} INFO - Processing /opt/airflow/dags/main.py took 1.976 seconds
[2026-09-09T05:20:23.227+0000] {processor.py:161} INFO - Started process (PID=321) to work on /opt/airflow/dags/main.py
[2026-09-09T05:20:23.237+0000] {processor.py:830} INFO - Processing file /opt/airflow/dags/main.py for tasks to queue
[2026-09-09T05:20:23.252+0000] {logging_mixin.py:188} INFO - [2026-09-09T05:20:23.251+0000] {dagbag.py:545} INFO - Filling up the DagBag from /opt/airflow/dags/main.py
[2026-09-09T05:20:23.800+0000] {logging_mixin.py:188} INFO - channel id is not executed
[2026-09-09T05:20:24.229+0000] {processor.py:840} INFO - DAG(s) 'produce_json', 'update_db', 'data_quality' retrieved from /opt/airflow/dags/main.py
[2026-09-09T05:20:24.893+0000] {logging_mixin.py:188} INFO - [2026-09-09T05:20:24.893+0000] {dag.py:3096} INFO - Sync 3 DAGs
[2026-09-09T05:20:25.212+0000] {logging_mixin.py:188} INFO - [2026-09-09T05:20:25.211+0000] {dag.py:3954} INFO - Setting next_dagrun for data_quality to 2026-09-09 16:00:00+00:00, run_after=2026-09-10 16:00:00+00:00
[2026-09-09T05:20:25.380+0000] {logging_mixin.py:188} INFO - [2026-09-09T05:20:25.379+0000] {dag.py:3954} INFO - Setting next_dagrun for produce_json to 2026-09-09 14:00:00+00:00, run_after=2026-09-10 14:00:00+00:00
[2026-09-09T05:20:25.434+0000] {logging_mixin.py:188} INFO - [2026-09-09T05:20:25.434+0000] {dag.py:3954} INFO - Setting next_dagrun for update_db to 2026-09-09 15:00:00+00:00, run_after=2026-09-10 15:00:00+00:00
[2026-09-09T05:20:25.617+0000] {processor.py:183} INFO - Processing /opt/airflow/dags/main.py took 2.403 seconds
[2026-09-09T05:20:56.671+0000] {processor.py:161} INFO - Started process (PID=333) to work on /opt/airflow/dags/main.py
[2026-09-09T05:20:56.676+0000] {processor.py:830} INFO - Processing file /opt/airflow/dags/main.py for tasks to queue
[2026-09-09T05:20:56.689+0000] {logging_mixin.py:188} INFO - [2026-09-09T05:20:56.689+0000] {dagbag.py:545} INFO - Filling up the DagBag from /opt/airflow/dags/main.py
[2026-09-09T05:20:56.973+0000] {logging_mixin.py:188} INFO - channel id is not executed
[2026-09-09T05:20:57.175+0000] {processor.py:840} INFO - DAG(s) 'data_quality', 'produce_json', 'update_db' retrieved from /opt/airflow/dags/main.py
[2026-09-09T05:20:57.744+0000] {logging_mixin.py:188} INFO - [2026-09-09T05:20:57.743+0000] {dag.py:3096} INFO - Sync 3 DAGs
[2026-09-09T05:20:57.823+0000] {logging_mixin.py:188} INFO - [2026-09-09T05:20:57.822+0000] {dag.py:3954} INFO - Setting next_dagrun for data_quality to 2026-09-09 16:00:00+00:00, run_after=2026-09-10 16:00:00+00:00
[2026-09-09T05:20:57.841+0000] {logging_mixin.py:188} INFO - [2026-09-09T05:20:57.840+0000] {dag.py:3954} INFO - Setting next_dagrun for produce_json to 2026-09-09 14:00:00+00:00, run_after=2026-09-10 14:00:00+00:00
[2026-09-09T05:20:57.856+0000] {logging_mixin.py:188} INFO - [2026-09-09T05:20:57.855+0000] {dag.py:3954} INFO - Setting next_dagrun for update_db to 2026-09-09 15:00:00+00:00, run_after=2026-09-10 15:00:00+00:00
[2026-09-09T05:20:57.951+0000] {processor.py:183} INFO - Processing /opt/airflow/dags/main.py took 1.299 seconds
[2026-09-09T05:21:28.269+0000] {processor.py:161} INFO - Started process (PID=340) to work on /opt/airflow/dags/main.py
[2026-09-09T05:21:28.295+0000] {processor.py:830} INFO - Processing file /opt/airflow/dags/main.py for tasks to queue
[2026-09-09T05:21:28.344+0000] {logging_mixin.py:188} INFO - [2026-09-09T05:21:28.344+0000] {dagbag.py:545} INFO - Filling up the DagBag from /opt/airflow/dags/main.py
[2026-09-09T05:21:29.757+0000] {logging_mixin.py:188} INFO - channel id is not executed
[2026-09-09T05:21:30.115+0000] {processor.py:840} INFO - DAG(s) 'produce_json', 'update_db', 'data_quality' retrieved from /opt/airflow/dags/main.py
[2026-09-09T05:21:30.670+0000] {logging_mixin.py:188} INFO - [2026-09-09T05:21:30.670+0000] {dag.py:3096} INFO - Sync 3 DAGs
[2026-09-09T05:21:30.751+0000] {logging_mixin.py:188} INFO - [2026-09-09T05:21:30.751+0000] {dag.py:3954} INFO - Setting next_dagrun for data_quality to 2026-09-09 16:00:00+00:00, run_after=2026-09-10 16:00:00+00:00
[2026-09-09T05:21:30.780+0000] {logging_mixin.py:188} INFO - [2026-09-09T05:21:30.780+0000] {dag.py:3954} INFO - Setting next_dagrun for produce_json to 2026-09-09 14:00:00+00:00, run_after=2026-09-10 14:00:00+00:00
[2026-09-09T05:21:30.790+0000] {logging_mixin.py:188} INFO - [2026-09-09T05:21:30.790+0000] {dag.py:3954} INFO - Setting next_dagrun for update_db to 2026-09-09 15:00:00+00:00, run_after=2026-09-10 15:00:00+00:00
[2026-09-09T05:21:30.870+0000] {processor.py:183} INFO - Processing /opt/airflow/dags/main.py took 2.616 seconds
[2026-09-09T05:22:01.446+0000] {processor.py:161} INFO - Started process (PID=348) to work on /opt/airflow/dags/main.py
[2026-09-09T05:22:01.449+0000] {processor.py:830} INFO - Processing file /opt/airflow/dags/main.py for tasks to queue
[2026-09-09T05:22:01.456+0000] {logging_mixin.py:188} INFO - [2026-09-09T05:22:01.456+0000] {dagbag.py:545} INFO - Filling up the DagBag from /opt/airflow/dags/main.py
[2026-09-09T05:22:01.608+0000] {logging_mixin.py:188} INFO - channel id is not executed
[2026-09-09T05:22:01.897+0000] {processor.py:840} INFO - DAG(s) 'data_quality', 'update_db', 'produce_json' retrieved from /opt/airflow/dags/main.py
[2026-09-09T05:22:02.593+0000] {logging_mixin.py:188} INFO - [2026-09-09T05:22:02.592+0000] {dag.py:3096} INFO - Sync 3 DAGs
[2026-09-09T05:22:02.725+0000] {logging_mixin.py:188} INFO - [2026-09-09T05:22:02.725+0000] {dag.py:3954} INFO - Setting next_dagrun for data_quality to 2026-09-09 16:00:00+00:00, run_after=2026-09-10 16:00:00+00:00
[2026-09-09T05:22:02.755+0000] {logging_mixin.py:188} INFO - [2026-09-09T05:22:02.754+0000] {dag.py:3954} INFO - Setting next_dagrun for produce_json to 2026-09-09 14:00:00+00:00, run_after=2026-09-10 14:00:00+00:00
[2026-09-09T05:22:02.769+0000] {logging_mixin.py:188} INFO - [2026-09-09T05:22:02.769+0000] {dag.py:3954} INFO - Setting next_dagrun for update_db to 2026-09-09 15:00:00+00:00, run_after=2026-09-10 15:00:00+00:00
[2026-09-09T05:22:02.838+0000] {processor.py:183} INFO - Processing /opt/airflow/dags/main.py took 1.413 seconds
[2026-09-09T05:22:33.831+0000] {processor.py:161} INFO - Started process (PID=354) to work on /opt/airflow/dags/main.py
[2026-09-09T05:22:33.845+0000] {processor.py:830} INFO - Processing file /opt/airflow/dags/main.py for tasks to queue
[2026-09-09T05:22:33.859+0000] {logging_mixin.py:188} INFO - [2026-09-09T05:22:33.858+0000] {dagbag.py:545} INFO - Filling up the DagBag from /opt/airflow/dags/main.py
[2026-09-09T05:22:34.884+0000] {logging_mixin.py:188} INFO - channel id is not executed
[2026-09-09T05:22:36.003+0000] {processor.py:840} INFO - DAG(s) 'update_db', 'data_quality', 'produce_json' retrieved from /opt/airflow/dags/main.py
[2026-09-09T05:22:37.215+0000] {logging_mixin.py:188} INFO - [2026-09-09T05:22:37.214+0000] {dag.py:3096} INFO - Sync 3 DAGs
[2026-09-09T05:22:37.445+0000] {logging_mixin.py:188} INFO - [2026-09-09T05:22:37.434+0000] {dag.py:3954} INFO - Setting next_dagrun for data_quality to 2026-09-09 16:00:00+00:00, run_after=2026-09-10 16:00:00+00:00
[2026-09-09T05:22:37.585+0000] {logging_mixin.py:188} INFO - [2026-09-09T05:22:37.585+0000] {dag.py:3954} INFO - Setting next_dagrun for produce_json to 2026-09-09 14:00:00+00:00, run_after=2026-09-10 14:00:00+00:00
[2026-09-09T05:22:37.624+0000] {logging_mixin.py:188} INFO - [2026-09-09T05:22:37.624+0000] {dag.py:3954} INFO - Setting next_dagrun for update_db to 2026-09-09 15:00:00+00:00, run_after=2026-09-10 15:00:00+00:00
[2026-09-09T05:22:38.105+0000] {processor.py:183} INFO - Processing /opt/airflow/dags/main.py took 4.298 seconds
[2026-09-09T05:23:10.092+0000] {processor.py:161} INFO - Started process (PID=361) to work on /opt/airflow/dags/main.py
[2026-09-09T05:23:10.314+0000] {processor.py:830} INFO - Processing file /opt/airflow/dags/main.py for tasks to queue
[2026-09-09T05:23:10.348+0000] {logging_mixin.py:188} INFO - [2026-09-09T05:23:10.347+0000] {dagbag.py:545} INFO - Filling up the DagBag from /opt/airflow/dags/main.py
[2026-09-09T05:23:12.764+0000] {logging_mixin.py:188} INFO - channel id is not executed
[2026-09-09T05:23:14.100+0000] {processor.py:840} INFO - DAG(s) 'produce_json', 'data_quality', 'update_db' retrieved from /opt/airflow/dags/main.py
[2026-09-09T05:23:15.090+0000] {logging_mixin.py:188} INFO - [2026-09-09T05:23:15.089+0000] {dag.py:3096} INFO - Sync 3 DAGs
[2026-09-09T05:23:15.405+0000] {logging_mixin.py:188} INFO - [2026-09-09T05:23:15.403+0000] {dag.py:3954} INFO - Setting next_dagrun for data_quality to 2026-09-09 16:00:00+00:00, run_after=2026-09-10 16:00:00+00:00
[2026-09-09T05:23:15.470+0000] {logging_mixin.py:188} INFO - [2026-09-09T05:23:15.470+0000] {dag.py:3954} INFO - Setting next_dagrun for produce_json to 2026-09-09 14:00:00+00:00, run_after=2026-09-10 14:00:00+00:00
[2026-09-09T05:23:15.562+0000] {logging_mixin.py:188} INFO - [2026-09-09T05:23:15.562+0000] {dag.py:3954} INFO - Setting next_dagrun for update_db to 2026-09-09 15:00:00+00:00, run_after=2026-09-10 15:00:00+00:00
[2026-09-09T05:23:15.712+0000] {processor.py:183} INFO - Processing /opt/airflow/dags/main.py took 5.629 seconds
[2026-09-09T05:23:47.067+0000] {processor.py:161} INFO - Started process (PID=368) to work on /opt/airflow/dags/main.py
[2026-09-09T05:23:47.078+0000] {processor.py:830} INFO - Processing file /opt/airflow/dags/main.py for tasks to queue
[2026-09-09T05:23:47.091+0000] {logging_mixin.py:188} INFO - [2026-09-09T05:23:47.090+0000] {dagbag.py:545} INFO - Filling up the DagBag from /opt/airflow/dags/main.py
[2026-09-09T05:23:48.571+0000] {logging_mixin.py:188} INFO - channel id is not executed
[2026-09-09T05:23:51.476+0000] {processor.py:840} INFO - DAG(s) 'update_db', 'data_quality', 'produce_json' retrieved from /opt/airflow/dags/main.py
[2026-09-09T05:23:52.286+0000] {logging_mixin.py:188} INFO - [2026-09-09T05:23:52.286+0000] {dag.py:3096} INFO - Sync 3 DAGs
[2026-09-09T05:23:52.397+0000] {logging_mixin.py:188} INFO - [2026-09-09T05:23:52.397+0000] {dag.py:3954} INFO - Setting next_dagrun for data_quality to 2026-09-09 16:00:00+00:00, run_after=2026-09-10 16:00:00+00:00
[2026-09-09T05:23:52.458+0000] {logging_mixin.py:188} INFO - [2026-09-09T05:23:52.458+0000] {dag.py:3954} INFO - Setting next_dagrun for produce_json to 2026-09-09 14:00:00+00:00, run_after=2026-09-10 14:00:00+00:00
[2026-09-09T05:23:52.525+0000] {logging_mixin.py:188} INFO - [2026-09-09T05:23:52.525+0000] {dag.py:3954} INFO - Setting next_dagrun for update_db to 2026-09-09 15:00:00+00:00, run_after=2026-09-10 15:00:00+00:00
[2026-09-09T05:23:52.669+0000] {processor.py:183} INFO - Processing /opt/airflow/dags/main.py took 5.622 seconds
[2026-09-09T05:24:23.557+0000] {processor.py:161} INFO - Started process (PID=375) to work on /opt/airflow/dags/main.py
[2026-09-09T05:24:23.567+0000] {processor.py:830} INFO - Processing file /opt/airflow/dags/main.py for tasks to queue
[2026-09-09T05:24:23.576+0000] {logging_mixin.py:188} INFO - [2026-09-09T05:24:23.576+0000] {dagbag.py:545} INFO - Filling up the DagBag from /opt/airflow/dags/main.py
[2026-09-09T05:24:24.126+0000] {logging_mixin.py:188} INFO - channel id is not executed
[2026-09-09T05:24:25.146+0000] {processor.py:840} INFO - DAG(s) 'update_db', 'produce_json', 'data_quality' retrieved from /opt/airflow/dags/main.py
[2026-09-09T05:24:25.726+0000] {logging_mixin.py:188} INFO - [2026-09-09T05:24:25.726+0000] {dag.py:3096} INFO - Sync 3 DAGs
[2026-09-09T05:24:25.829+0000] {logging_mixin.py:188} INFO - [2026-09-09T05:24:25.829+0000] {dag.py:3954} INFO - Setting next_dagrun for data_quality to 2026-09-09 16:00:00+00:00, run_after=2026-09-10 16:00:00+00:00
[2026-09-09T05:24:25.906+0000] {logging_mixin.py:188} INFO - [2026-09-09T05:24:25.905+0000] {dag.py:3954} INFO - Setting next_dagrun for produce_json to 2026-09-09 14:00:00+00:00, run_after=2026-09-10 14:00:00+00:00
[2026-09-09T05:24:25.939+0000] {logging_mixin.py:188} INFO - [2026-09-09T05:24:25.938+0000] {dag.py:3954} INFO - Setting next_dagrun for update_db to 2026-09-09 15:00:00+00:00, run_after=2026-09-10 15:00:00+00:00
[2026-09-09T05:24:26.092+0000] {processor.py:183} INFO - Processing /opt/airflow/dags/main.py took 2.555 seconds
[2026-09-09T05:24:56.949+0000] {processor.py:161} INFO - Started process (PID=382) to work on /opt/airflow/dags/main.py
[2026-09-09T05:24:56.955+0000] {processor.py:830} INFO - Processing file /opt/airflow/dags/main.py for tasks to queue
[2026-09-09T05:24:56.964+0000] {logging_mixin.py:188} INFO - [2026-09-09T05:24:56.964+0000] {dagbag.py:545} INFO - Filling up the DagBag from /opt/airflow/dags/main.py
[2026-09-09T05:24:57.403+0000] {logging_mixin.py:188} INFO - channel id is not executed
[2026-09-09T05:24:58.612+0000] {processor.py:840} INFO - DAG(s) 'data_quality', 'produce_json', 'update_db' retrieved from /opt/airflow/dags/main.py
[2026-09-09T05:24:59.388+0000] {logging_mixin.py:188} INFO - [2026-09-09T05:24:59.388+0000] {dag.py:3096} INFO - Sync 3 DAGs
[2026-09-09T05:24:59.486+0000] {logging_mixin.py:188} INFO - [2026-09-09T05:24:59.485+0000] {dag.py:3954} INFO - Setting next_dagrun for data_quality to 2026-09-09 16:00:00+00:00, run_after=2026-09-10 16:00:00+00:00
[2026-09-09T05:24:59.528+0000] {logging_mixin.py:188} INFO - [2026-09-09T05:24:59.528+0000] {dag.py:3954} INFO - Setting next_dagrun for produce_json to 2026-09-09 14:00:00+00:00, run_after=2026-09-10 14:00:00+00:00
[2026-09-09T05:24:59.551+0000] {logging_mixin.py:188} INFO - [2026-09-09T05:24:59.550+0000] {dag.py:3954} INFO - Setting next_dagrun for update_db to 2026-09-09 15:00:00+00:00, run_after=2026-09-10 15:00:00+00:00
[2026-09-09T05:24:59.715+0000] {processor.py:183} INFO - Processing /opt/airflow/dags/main.py took 2.786 seconds
[2026-09-09T05:25:30.614+0000] {processor.py:161} INFO - Started process (PID=394) to work on /opt/airflow/dags/main.py
[2026-09-09T05:25:30.623+0000] {processor.py:830} INFO - Processing file /opt/airflow/dags/main.py for tasks to queue
[2026-09-09T05:25:30.633+0000] {logging_mixin.py:188} INFO - [2026-09-09T05:25:30.632+0000] {dagbag.py:545} INFO - Filling up the DagBag from /opt/airflow/dags/main.py
[2026-09-09T05:25:31.040+0000] {logging_mixin.py:188} INFO - channel id is not executed
[2026-09-09T05:25:32.020+0000] {processor.py:840} INFO - DAG(s) 'data_quality', 'update_db', 'produce_json' retrieved from /opt/airflow/dags/main.py
[2026-09-09T05:25:32.634+0000] {logging_mixin.py:188} INFO - [2026-09-09T05:25:32.633+0000] {dag.py:3096} INFO - Sync 3 DAGs
[2026-09-09T05:25:32.743+0000] {logging_mixin.py:188} INFO - [2026-09-09T05:25:32.742+0000] {dag.py:3954} INFO - Setting next_dagrun for data_quality to 2026-09-09 16:00:00+00:00, run_after=2026-09-10 16:00:00+00:00
[2026-09-09T05:25:32.762+0000] {logging_mixin.py:188} INFO - [2026-09-09T05:25:32.762+0000] {dag.py:3954} INFO - Setting next_dagrun for produce_json to 2026-09-09 14:00:00+00:00, run_after=2026-09-10 14:00:00+00:00
[2026-09-09T05:25:32.777+0000] {logging_mixin.py:188} INFO - [2026-09-09T05:25:32.776+0000] {dag.py:3954} INFO - Setting next_dagrun for update_db to 2026-09-09 15:00:00+00:00, run_after=2026-09-10 15:00:00+00:00
[2026-09-09T05:25:32.867+0000] {processor.py:183} INFO - Processing /opt/airflow/dags/main.py took 2.269 seconds
[2026-09-09T05:26:04.111+0000] {processor.py:161} INFO - Started process (PID=402) to work on /opt/airflow/dags/main.py
[2026-09-09T05:26:04.126+0000] {processor.py:830} INFO - Processing file /opt/airflow/dags/main.py for tasks to queue
[2026-09-09T05:26:04.148+0000] {logging_mixin.py:188} INFO - [2026-09-09T05:26:04.148+0000] {dagbag.py:545} INFO - Filling up the DagBag from /opt/airflow/dags/main.py
[2026-09-09T05:26:06.223+0000] {logging_mixin.py:188} INFO - channel id is not executed
[2026-09-09T05:26:09.367+0000] {processor.py:840} INFO - DAG(s) 'data_quality', 'produce_json', 'update_db' retrieved from /opt/airflow/dags/main.py
[2026-09-09T05:26:10.479+0000] {logging_mixin.py:188} INFO - [2026-09-09T05:26:10.478+0000] {dag.py:3096} INFO - Sync 3 DAGs
[2026-09-09T05:26:10.623+0000] {logging_mixin.py:188} INFO - [2026-09-09T05:26:10.623+0000] {dag.py:3954} INFO - Setting next_dagrun for data_quality to 2026-09-09 16:00:00+00:00, run_after=2026-09-10 16:00:00+00:00
[2026-09-09T05:26:10.669+0000] {logging_mixin.py:188} INFO - [2026-09-09T05:26:10.669+0000] {dag.py:3954} INFO - Setting next_dagrun for produce_json to 2026-09-09 14:00:00+00:00, run_after=2026-09-10 14:00:00+00:00
[2026-09-09T05:26:10.688+0000] {logging_mixin.py:188} INFO - [2026-09-09T05:26:10.687+0000] {dag.py:3954} INFO - Setting next_dagrun for update_db to 2026-09-09 15:00:00+00:00, run_after=2026-09-10 15:00:00+00:00
[2026-09-09T05:26:10.826+0000] {processor.py:183} INFO - Processing /opt/airflow/dags/main.py took 6.724 seconds
[2026-09-09T05:26:41.701+0000] {processor.py:161} INFO - Started process (PID=410) to work on /opt/airflow/dags/main.py
[2026-09-09T05:26:41.818+0000] {processor.py:830} INFO - Processing file /opt/airflow/dags/main.py for tasks to queue
[2026-09-09T05:26:42.044+0000] {logging_mixin.py:188} INFO - [2026-09-09T05:26:42.043+0000] {dagbag.py:545} INFO - Filling up the DagBag from /opt/airflow/dags/main.py
[2026-09-09T05:26:42.878+0000] {logging_mixin.py:188} INFO - channel id is not executed
[2026-09-09T05:26:43.435+0000] {processor.py:840} INFO - DAG(s) 'produce_json', 'update_db', 'data_quality' retrieved from /opt/airflow/dags/main.py
[2026-09-09T05:26:44.076+0000] {logging_mixin.py:188} INFO - [2026-09-09T05:26:44.067+0000] {dag.py:3096} INFO - Sync 3 DAGs
[2026-09-09T05:26:44.157+0000] {logging_mixin.py:188} INFO - [2026-09-09T05:26:44.157+0000] {dag.py:3954} INFO - Setting next_dagrun for data_quality to 2026-09-09 16:00:00+00:00, run_after=2026-09-10 16:00:00+00:00
[2026-09-09T05:26:44.175+0000] {logging_mixin.py:188} INFO - [2026-09-09T05:26:44.175+0000] {dag.py:3954} INFO - Setting next_dagrun for produce_json to 2026-09-09 14:00:00+00:00, run_after=2026-09-10 14:00:00+00:00
[2026-09-09T05:26:44.190+0000] {logging_mixin.py:188} INFO - [2026-09-09T05:26:44.190+0000] {dag.py:3954} INFO - Setting next_dagrun for update_db to 2026-09-09 15:00:00+00:00, run_after=2026-09-10 15:00:00+00:00
[2026-09-09T05:26:44.288+0000] {processor.py:183} INFO - Processing /opt/airflow/dags/main.py took 2.639 seconds
[2026-09-09T05:27:16.512+0000] {processor.py:161} INFO - Started process (PID=417) to work on /opt/airflow/dags/main.py
[2026-09-09T05:27:16.523+0000] {processor.py:830} INFO - Processing file /opt/airflow/dags/main.py for tasks to queue
[2026-09-09T05:27:16.545+0000] {logging_mixin.py:188} INFO - [2026-09-09T05:27:16.544+0000] {dagbag.py:545} INFO - Filling up the DagBag from /opt/airflow/dags/main.py
[2026-09-09T05:27:17.641+0000] {logging_mixin.py:188} INFO - channel id is not executed
[2026-09-09T05:27:20.412+0000] {processor.py:840} INFO - DAG(s) 'produce_json', 'data_quality', 'update_db' retrieved from /opt/airflow/dags/main.py
[2026-09-09T05:27:21.494+0000] {logging_mixin.py:188} INFO - [2026-09-09T05:27:21.494+0000] {dag.py:3096} INFO - Sync 3 DAGs
[2026-09-09T05:27:21.619+0000] {logging_mixin.py:188} INFO - [2026-09-09T05:27:21.618+0000] {dag.py:3954} INFO - Setting next_dagrun for data_quality to 2026-09-09 16:00:00+00:00, run_after=2026-09-10 16:00:00+00:00
[2026-09-09T05:27:21.637+0000] {logging_mixin.py:188} INFO - [2026-09-09T05:27:21.637+0000] {dag.py:3954} INFO - Setting next_dagrun for produce_json to 2026-09-09 14:00:00+00:00, run_after=2026-09-10 14:00:00+00:00
[2026-09-09T05:27:21.666+0000] {logging_mixin.py:188} INFO - [2026-09-09T05:27:21.666+0000] {dag.py:3954} INFO - Setting next_dagrun for update_db to 2026-09-09 15:00:00+00:00, run_after=2026-09-10 15:00:00+00:00
[2026-09-09T05:27:21.831+0000] {processor.py:183} INFO - Processing /opt/airflow/dags/main.py took 5.329 seconds
[2026-09-09T05:27:52.520+0000] {processor.py:161} INFO - Started process (PID=424) to work on /opt/airflow/dags/main.py
[2026-09-09T05:27:52.533+0000] {processor.py:830} INFO - Processing file /opt/airflow/dags/main.py for tasks to queue
[2026-09-09T05:27:52.542+0000] {logging_mixin.py:188} INFO - [2026-09-09T05:27:52.542+0000] {dagbag.py:545} INFO - Filling up the DagBag from /opt/airflow/dags/main.py
[2026-09-09T05:27:52.901+0000] {logging_mixin.py:188} INFO - channel id is not executed
[2026-09-09T05:27:53.378+0000] {processor.py:840} INFO - DAG(s) 'produce_json', 'update_db', 'data_quality' retrieved from /opt/airflow/dags/main.py
[2026-09-09T05:27:54.226+0000] {logging_mixin.py:188} INFO - [2026-09-09T05:27:54.225+0000] {dag.py:3096} INFO - Sync 3 DAGs
[2026-09-09T05:27:54.526+0000] {logging_mixin.py:188} INFO - [2026-09-09T05:27:54.526+0000] {dag.py:3954} INFO - Setting next_dagrun for data_quality to 2026-09-09 16:00:00+00:00, run_after=2026-09-10 16:00:00+00:00
[2026-09-09T05:27:54.575+0000] {logging_mixin.py:188} INFO - [2026-09-09T05:27:54.574+0000] {dag.py:3954} INFO - Setting next_dagrun for produce_json to 2026-09-09 14:00:00+00:00, run_after=2026-09-10 14:00:00+00:00
[2026-09-09T05:27:54.607+0000] {logging_mixin.py:188} INFO - [2026-09-09T05:27:54.607+0000] {dag.py:3954} INFO - Setting next_dagrun for update_db to 2026-09-09 15:00:00+00:00, run_after=2026-09-10 15:00:00+00:00
[2026-09-09T05:27:55.057+0000] {processor.py:183} INFO - Processing /opt/airflow/dags/main.py took 2.570 seconds
[2026-09-09T05:28:25.889+0000] {processor.py:161} INFO - Started process (PID=431) to work on /opt/airflow/dags/main.py
[2026-09-09T05:28:25.900+0000] {processor.py:830} INFO - Processing file /opt/airflow/dags/main.py for tasks to queue
[2026-09-09T05:28:25.908+0000] {logging_mixin.py:188} INFO - [2026-09-09T05:28:25.907+0000] {dagbag.py:545} INFO - Filling up the DagBag from /opt/airflow/dags/main.py
[2026-09-09T05:28:26.325+0000] {logging_mixin.py:188} INFO - channel id is not executed
[2026-09-09T05:28:27.378+0000] {processor.py:840} INFO - DAG(s) 'produce_json', 'data_quality', 'update_db' retrieved from /opt/airflow/dags/main.py
[2026-09-09T05:28:28.092+0000] {logging_mixin.py:188} INFO - [2026-09-09T05:28:28.091+0000] {dag.py:3096} INFO - Sync 3 DAGs
[2026-09-09T05:28:28.227+0000] {logging_mixin.py:188} INFO - [2026-09-09T05:28:28.226+0000] {dag.py:3954} INFO - Setting next_dagrun for data_quality to 2026-09-09 16:00:00+00:00, run_after=2026-09-10 16:00:00+00:00
[2026-09-09T05:28:28.279+0000] {logging_mixin.py:188} INFO - [2026-09-09T05:28:28.269+0000] {dag.py:3954} INFO - Setting next_dagrun for produce_json to 2026-09-09 14:00:00+00:00, run_after=2026-09-10 14:00:00+00:00
[2026-09-09T05:28:28.294+0000] {logging_mixin.py:188} INFO - [2026-09-09T05:28:28.294+0000] {dag.py:3954} INFO - Setting next_dagrun for update_db to 2026-09-09 15:00:00+00:00, run_after=2026-09-10 15:00:00+00:00
[2026-09-09T05:28:28.372+0000] {processor.py:183} INFO - Processing /opt/airflow/dags/main.py took 2.496 seconds
[2026-09-09T05:28:58.984+0000] {processor.py:161} INFO - Started process (PID=439) to work on /opt/airflow/dags/main.py
[2026-09-09T05:28:58.988+0000] {processor.py:830} INFO - Processing file /opt/airflow/dags/main.py for tasks to queue
[2026-09-09T05:28:58.992+0000] {logging_mixin.py:188} INFO - [2026-09-09T05:28:58.991+0000] {dagbag.py:545} INFO - Filling up the DagBag from /opt/airflow/dags/main.py
[2026-09-09T05:28:59.150+0000] {logging_mixin.py:188} INFO - channel id is not executed
[2026-09-09T05:29:00.354+0000] {processor.py:840} INFO - DAG(s) 'data_quality', 'produce_json', 'update_db' retrieved from /opt/airflow/dags/main.py
[2026-09-09T05:29:01.076+0000] {logging_mixin.py:188} INFO - [2026-09-09T05:29:01.066+0000] {dag.py:3096} INFO - Sync 3 DAGs
[2026-09-09T05:29:01.197+0000] {logging_mixin.py:188} INFO - [2026-09-09T05:29:01.197+0000] {dag.py:3954} INFO - Setting next_dagrun for data_quality to 2026-09-09 16:00:00+00:00, run_after=2026-09-10 16:00:00+00:00
[2026-09-09T05:29:01.227+0000] {logging_mixin.py:188} INFO - [2026-09-09T05:29:01.227+0000] {dag.py:3954} INFO - Setting next_dagrun for produce_json to 2026-09-09 14:00:00+00:00, run_after=2026-09-10 14:00:00+00:00
[2026-09-09T05:29:01.233+0000] {logging_mixin.py:188} INFO - [2026-09-09T05:29:01.233+0000] {dag.py:3954} INFO - Setting next_dagrun for update_db to 2026-09-09 15:00:00+00:00, run_after=2026-09-10 15:00:00+00:00
[2026-09-09T05:29:01.309+0000] {processor.py:183} INFO - Processing /opt/airflow/dags/main.py took 2.344 seconds
[2026-09-09T05:29:31.457+0000] {processor.py:161} INFO - Started process (PID=452) to work on /opt/airflow/dags/main.py
[2026-09-09T05:29:31.464+0000] {processor.py:830} INFO - Processing file /opt/airflow/dags/main.py for tasks to queue
[2026-09-09T05:29:31.477+0000] {logging_mixin.py:188} INFO - [2026-09-09T05:29:31.475+0000] {dagbag.py:545} INFO - Filling up the DagBag from /opt/airflow/dags/main.py
[2026-09-09T05:29:31.750+0000] {logging_mixin.py:188} INFO - channel id is not executed
[2026-09-09T05:29:32.019+0000] {processor.py:840} INFO - DAG(s) 'data_quality', 'update_db', 'produce_json' retrieved from /opt/airflow/dags/main.py
[2026-09-09T05:29:32.387+0000] {logging_mixin.py:188} INFO - [2026-09-09T05:29:32.387+0000] {dag.py:3096} INFO - Sync 3 DAGs
[2026-09-09T05:29:32.428+0000] {logging_mixin.py:188} INFO - [2026-09-09T05:29:32.428+0000] {dag.py:3954} INFO - Setting next_dagrun for data_quality to 2026-09-09 16:00:00+00:00, run_after=2026-09-10 16:00:00+00:00
[2026-09-09T05:29:32.439+0000] {logging_mixin.py:188} INFO - [2026-09-09T05:29:32.438+0000] {dag.py:3954} INFO - Setting next_dagrun for produce_json to 2026-09-09 14:00:00+00:00, run_after=2026-09-10 14:00:00+00:00
[2026-09-09T05:29:32.445+0000] {logging_mixin.py:188} INFO - [2026-09-09T05:29:32.445+0000] {dag.py:3954} INFO - Setting next_dagrun for update_db to 2026-09-09 15:00:00+00:00, run_after=2026-09-10 15:00:00+00:00
[2026-09-09T05:29:32.488+0000] {processor.py:183} INFO - Processing /opt/airflow/dags/main.py took 1.044 seconds
[2026-09-09T05:30:03.366+0000] {processor.py:161} INFO - Started process (PID=459) to work on /opt/airflow/dags/main.py
[2026-09-09T05:30:03.369+0000] {processor.py:830} INFO - Processing file /opt/airflow/dags/main.py for tasks to queue
[2026-09-09T05:30:03.373+0000] {logging_mixin.py:188} INFO - [2026-09-09T05:30:03.373+0000] {dagbag.py:545} INFO - Filling up the DagBag from /opt/airflow/dags/main.py
[2026-09-09T05:30:03.491+0000] {logging_mixin.py:188} INFO - channel id is not executed
[2026-09-09T05:30:03.616+0000] {processor.py:840} INFO - DAG(s) 'update_db', 'produce_json', 'data_quality' retrieved from /opt/airflow/dags/main.py
[2026-09-09T05:30:03.864+0000] {logging_mixin.py:188} INFO - [2026-09-09T05:30:03.864+0000] {dag.py:3096} INFO - Sync 3 DAGs
[2026-09-09T05:30:03.902+0000] {logging_mixin.py:188} INFO - [2026-09-09T05:30:03.901+0000] {dag.py:3954} INFO - Setting next_dagrun for data_quality to 2026-09-09 16:00:00+00:00, run_after=2026-09-10 16:00:00+00:00
[2026-09-09T05:30:03.911+0000] {logging_mixin.py:188} INFO - [2026-09-09T05:30:03.911+0000] {dag.py:3954} INFO - Setting next_dagrun for produce_json to 2026-09-09 14:00:00+00:00, run_after=2026-09-10 14:00:00+00:00
[2026-09-09T05:30:03.917+0000] {logging_mixin.py:188} INFO - [2026-09-09T05:30:03.917+0000] {dag.py:3954} INFO - Setting next_dagrun for update_db to 2026-09-09 15:00:00+00:00, run_after=2026-09-10 15:00:00+00:00
[2026-09-09T05:30:04.009+0000] {processor.py:183} INFO - Processing /opt/airflow/dags/main.py took 0.655 seconds
[2026-09-09T05:30:35.072+0000] {processor.py:161} INFO - Started process (PID=466) to work on /opt/airflow/dags/main.py
[2026-09-09T05:30:35.103+0000] {processor.py:830} INFO - Processing file /opt/airflow/dags/main.py for tasks to queue
[2026-09-09T05:30:35.120+0000] {logging_mixin.py:188} INFO - [2026-09-09T05:30:35.120+0000] {dagbag.py:545} INFO - Filling up the DagBag from /opt/airflow/dags/main.py
[2026-09-09T05:30:35.737+0000] {logging_mixin.py:188} INFO - channel id is not executed
[2026-09-09T05:30:37.829+0000] {processor.py:840} INFO - DAG(s) 'data_quality', 'update_db', 'produce_json' retrieved from /opt/airflow/dags/main.py
[2026-09-09T05:30:39.092+0000] {logging_mixin.py:188} INFO - [2026-09-09T05:30:39.091+0000] {dag.py:3096} INFO - Sync 3 DAGs
[2026-09-09T05:30:39.187+0000] {logging_mixin.py:188} INFO - [2026-09-09T05:30:39.187+0000] {dag.py:3954} INFO - Setting next_dagrun for data_quality to 2026-09-09 16:00:00+00:00, run_after=2026-09-10 16:00:00+00:00
[2026-09-09T05:30:39.206+0000] {logging_mixin.py:188} INFO - [2026-09-09T05:30:39.205+0000] {dag.py:3954} INFO - Setting next_dagrun for produce_json to 2026-09-09 14:00:00+00:00, run_after=2026-09-10 14:00:00+00:00
[2026-09-09T05:30:39.220+0000] {logging_mixin.py:188} INFO - [2026-09-09T05:30:39.219+0000] {dag.py:3954} INFO - Setting next_dagrun for update_db to 2026-09-09 15:00:00+00:00, run_after=2026-09-10 15:00:00+00:00
[2026-09-09T05:30:39.298+0000] {processor.py:183} INFO - Processing /opt/airflow/dags/main.py took 4.235 seconds
[2026-09-09T05:31:10.313+0000] {processor.py:161} INFO - Started process (PID=472) to work on /opt/airflow/dags/main.py
[2026-09-09T05:31:10.425+0000] {processor.py:830} INFO - Processing file /opt/airflow/dags/main.py for tasks to queue
[2026-09-09T05:31:10.465+0000] {logging_mixin.py:188} INFO - [2026-09-09T05:31:10.464+0000] {dagbag.py:545} INFO - Filling up the DagBag from /opt/airflow/dags/main.py
[2026-09-09T05:31:11.844+0000] {logging_mixin.py:188} INFO - channel id is not executed
[2026-09-09T05:31:12.755+0000] {processor.py:840} INFO - DAG(s) 'produce_json', 'update_db', 'data_quality' retrieved from /opt/airflow/dags/main.py
[2026-09-09T05:31:13.583+0000] {logging_mixin.py:188} INFO - [2026-09-09T05:31:13.582+0000] {dag.py:3096} INFO - Sync 3 DAGs
[2026-09-09T05:31:13.697+0000] {logging_mixin.py:188} INFO - [2026-09-09T05:31:13.697+0000] {dag.py:3954} INFO - Setting next_dagrun for data_quality to 2026-09-09 16:00:00+00:00, run_after=2026-09-10 16:00:00+00:00
[2026-09-09T05:31:13.726+0000] {logging_mixin.py:188} INFO - [2026-09-09T05:31:13.715+0000] {dag.py:3954} INFO - Setting next_dagrun for produce_json to 2026-09-09 14:00:00+00:00, run_after=2026-09-10 14:00:00+00:00
[2026-09-09T05:31:13.743+0000] {logging_mixin.py:188} INFO - [2026-09-09T05:31:13.742+0000] {dag.py:3954} INFO - Setting next_dagrun for update_db to 2026-09-09 15:00:00+00:00, run_after=2026-09-10 15:00:00+00:00
[2026-09-09T05:31:13.861+0000] {processor.py:183} INFO - Processing /opt/airflow/dags/main.py took 3.568 seconds
[2026-09-09T05:31:44.798+0000] {processor.py:161} INFO - Started process (PID=479) to work on /opt/airflow/dags/main.py
[2026-09-09T05:31:44.810+0000] {processor.py:830} INFO - Processing file /opt/airflow/dags/main.py for tasks to queue
[2026-09-09T05:31:44.817+0000] {logging_mixin.py:188} INFO - [2026-09-09T05:31:44.816+0000] {dagbag.py:545} INFO - Filling up the DagBag from /opt/airflow/dags/main.py
[2026-09-09T05:31:44.908+0000] {logging_mixin.py:188} INFO - channel id is not executed
[2026-09-09T05:31:45.246+0000] {processor.py:840} INFO - DAG(s) 'data_quality', 'update_db', 'produce_json' retrieved from /opt/airflow/dags/main.py
[2026-09-09T05:31:45.610+0000] {logging_mixin.py:188} INFO - [2026-09-09T05:31:45.609+0000] {dag.py:3096} INFO - Sync 3 DAGs
[2026-09-09T05:31:45.663+0000] {logging_mixin.py:188} INFO - [2026-09-09T05:31:45.663+0000] {dag.py:3954} INFO - Setting next_dagrun for data_quality to 2026-09-09 16:00:00+00:00, run_after=2026-09-10 16:00:00+00:00
[2026-09-09T05:31:45.680+0000] {logging_mixin.py:188} INFO - [2026-09-09T05:31:45.679+0000] {dag.py:3954} INFO - Setting next_dagrun for produce_json to 2026-09-09 14:00:00+00:00, run_after=2026-09-10 14:00:00+00:00
[2026-09-09T05:31:45.696+0000] {logging_mixin.py:188} INFO - [2026-09-09T05:31:45.695+0000] {dag.py:3954} INFO - Setting next_dagrun for update_db to 2026-09-09 15:00:00+00:00, run_after=2026-09-10 15:00:00+00:00
[2026-09-09T05:31:45.832+0000] {processor.py:183} INFO - Processing /opt/airflow/dags/main.py took 1.064 seconds
[2026-09-09T05:32:18.436+0000] {processor.py:161} INFO - Started process (PID=487) to work on /opt/airflow/dags/main.py
[2026-09-09T05:32:18.541+0000] {processor.py:830} INFO - Processing file /opt/airflow/dags/main.py for tasks to queue
[2026-09-09T05:32:18.626+0000] {logging_mixin.py:188} INFO - [2026-09-09T05:32:18.625+0000] {dagbag.py:545} INFO - Filling up the DagBag from /opt/airflow/dags/main.py
[2026-09-09T05:32:27.998+0000] {logging_mixin.py:188} INFO - channel id is not executed
[2026-09-09T05:32:36.180+0000] {processor.py:840} INFO - DAG(s) 'produce_json', 'update_db', 'data_quality' retrieved from /opt/airflow/dags/main.py
[2026-09-09T05:32:38.403+0000] {logging_mixin.py:188} INFO - [2026-09-09T05:32:38.402+0000] {dag.py:3096} INFO - Sync 3 DAGs
[2026-09-09T05:32:38.694+0000] {logging_mixin.py:188} INFO - [2026-09-09T05:32:38.693+0000] {dag.py:3954} INFO - Setting next_dagrun for data_quality to 2026-09-09 16:00:00+00:00, run_after=2026-09-10 16:00:00+00:00
[2026-09-09T05:32:38.790+0000] {logging_mixin.py:188} INFO - [2026-09-09T05:32:38.790+0000] {dag.py:3954} INFO - Setting next_dagrun for produce_json to 2026-09-09 14:00:00+00:00, run_after=2026-09-10 14:00:00+00:00
[2026-09-09T05:32:38.826+0000] {logging_mixin.py:188} INFO - [2026-09-09T05:32:38.826+0000] {dag.py:3954} INFO - Setting next_dagrun for update_db to 2026-09-09 15:00:00+00:00, run_after=2026-09-10 15:00:00+00:00
[2026-09-09T05:32:39.112+0000] {processor.py:183} INFO - Processing /opt/airflow/dags/main.py took 20.716 seconds
[2026-09-09T05:33:20.049+0000] {processor.py:161} INFO - Started process (PID=500) to work on /opt/airflow/dags/main.py
[2026-09-09T05:33:20.148+0000] {processor.py:830} INFO - Processing file /opt/airflow/dags/main.py for tasks to queue
[2026-09-09T05:33:20.303+0000] {logging_mixin.py:188} INFO - [2026-09-09T05:33:20.278+0000] {dagbag.py:545} INFO - Filling up the DagBag from /opt/airflow/dags/main.py
[2026-09-09T05:33:23.487+0000] {logging_mixin.py:188} INFO - channel id is not executed
[2026-09-09T05:33:27.265+0000] {processor.py:840} INFO - DAG(s) 'produce_json', 'data_quality', 'update_db' retrieved from /opt/airflow/dags/main.py
[2026-09-09T05:33:29.496+0000] {logging_mixin.py:188} INFO - [2026-09-09T05:33:29.489+0000] {dag.py:3096} INFO - Sync 3 DAGs
[2026-09-09T05:33:29.907+0000] {logging_mixin.py:188} INFO - [2026-09-09T05:33:29.902+0000] {dag.py:3954} INFO - Setting next_dagrun for data_quality to 2026-09-09 16:00:00+00:00, run_after=2026-09-10 16:00:00+00:00
[2026-09-09T05:33:29.959+0000] {logging_mixin.py:188} INFO - [2026-09-09T05:33:29.959+0000] {dag.py:3954} INFO - Setting next_dagrun for produce_json to 2026-09-09 14:00:00+00:00, run_after=2026-09-10 14:00:00+00:00
[2026-09-09T05:33:29.990+0000] {logging_mixin.py:188} INFO - [2026-09-09T05:33:29.978+0000] {dag.py:3954} INFO - Setting next_dagrun for update_db to 2026-09-09 15:00:00+00:00, run_after=2026-09-10 15:00:00+00:00
[2026-09-09T05:33:30.525+0000] {processor.py:183} INFO - Processing /opt/airflow/dags/main.py took 11.230 seconds
[2026-09-09T05:34:27.637+0000] {processor.py:161} INFO - Started process (PID=508) to work on /opt/airflow/dags/main.py
[2026-09-09T05:34:27.725+0000] {processor.py:830} INFO - Processing file /opt/airflow/dags/main.py for tasks to queue
[2026-09-09T05:34:27.954+0000] {logging_mixin.py:188} INFO - [2026-09-09T05:34:27.952+0000] {dagbag.py:545} INFO - Filling up the DagBag from /opt/airflow/dags/main.py
[2026-09-09T05:34:47.481+0000] {logging_mixin.py:188} INFO - channel id is not executed
[2026-09-09T05:35:33.364+0000] {processor.py:161} INFO - Started process (PID=521) to work on /opt/airflow/dags/main.py
[2026-09-09T05:35:33.511+0000] {processor.py:830} INFO - Processing file /opt/airflow/dags/main.py for tasks to queue
[2026-09-09T05:35:33.802+0000] {logging_mixin.py:188} INFO - [2026-09-09T05:35:33.679+0000] {dagbag.py:545} INFO - Filling up the DagBag from /opt/airflow/dags/main.py
[2026-09-09T05:35:44.557+0000] {logging_mixin.py:188} INFO - channel id is not executed
[2026-09-09T05:35:51.297+0000] {processor.py:840} INFO - DAG(s) 'data_quality', 'produce_json', 'update_db' retrieved from /opt/airflow/dags/main.py
[2026-09-09T05:36:02.495+0000] {logging_mixin.py:188} INFO - [2026-09-09T05:36:02.495+0000] {dag.py:3096} INFO - Sync 3 DAGs
[2026-09-09T05:36:03.857+0000] {logging_mixin.py:188} INFO - [2026-09-09T05:36:03.752+0000] {dag.py:3954} INFO - Setting next_dagrun for data_quality to 2026-09-09 16:00:00+00:00, run_after=2026-09-10 16:00:00+00:00
[2026-09-09T05:36:03.941+0000] {logging_mixin.py:188} INFO - [2026-09-09T05:36:03.940+0000] {dag.py:3954} INFO - Setting next_dagrun for produce_json to 2026-09-09 14:00:00+00:00, run_after=2026-09-10 14:00:00+00:00
[2026-09-09T05:36:03.979+0000] {logging_mixin.py:188} INFO - [2026-09-09T05:36:03.978+0000] {dag.py:3954} INFO - Setting next_dagrun for update_db to 2026-09-09 15:00:00+00:00, run_after=2026-09-10 15:00:00+00:00
[2026-09-09T05:36:04.431+0000] {processor.py:183} INFO - Processing /opt/airflow/dags/main.py took 31.413 seconds
[2026-09-09T05:36:34.877+0000] {processor.py:161} INFO - Started process (PID=541) to work on /opt/airflow/dags/main.py
[2026-09-09T05:36:35.017+0000] {processor.py:830} INFO - Processing file /opt/airflow/dags/main.py for tasks to queue
[2026-09-09T05:36:35.033+0000] {logging_mixin.py:188} INFO - [2026-09-09T05:36:35.033+0000] {dagbag.py:545} INFO - Filling up the DagBag from /opt/airflow/dags/main.py
[2026-09-09T05:36:35.197+0000] {logging_mixin.py:188} INFO - channel id is not executed
[2026-09-09T05:36:35.520+0000] {processor.py:840} INFO - DAG(s) 'data_quality', 'update_db', 'produce_json' retrieved from /opt/airflow/dags/main.py
[2026-09-09T05:36:36.388+0000] {logging_mixin.py:188} INFO - [2026-09-09T05:36:36.388+0000] {dag.py:3096} INFO - Sync 3 DAGs
[2026-09-09T05:36:36.533+0000] {logging_mixin.py:188} INFO - [2026-09-09T05:36:36.532+0000] {dag.py:3954} INFO - Setting next_dagrun for data_quality to 2026-09-09 16:00:00+00:00, run_after=2026-09-10 16:00:00+00:00
[2026-09-09T05:36:36.635+0000] {logging_mixin.py:188} INFO - [2026-09-09T05:36:36.635+0000] {dag.py:3954} INFO - Setting next_dagrun for produce_json to 2026-09-09 14:00:00+00:00, run_after=2026-09-10 14:00:00+00:00
[2026-09-09T05:36:36.833+0000] {logging_mixin.py:188} INFO - [2026-09-09T05:36:36.833+0000] {dag.py:3954} INFO - Setting next_dagrun for update_db to 2026-09-09 15:00:00+00:00, run_after=2026-09-10 15:00:00+00:00
[2026-09-09T05:36:36.991+0000] {processor.py:183} INFO - Processing /opt/airflow/dags/main.py took 2.134 seconds
[2026-09-09T05:37:08.627+0000] {processor.py:161} INFO - Started process (PID=548) to work on /opt/airflow/dags/main.py
[2026-09-09T05:37:08.680+0000] {processor.py:830} INFO - Processing file /opt/airflow/dags/main.py for tasks to queue
[2026-09-09T05:37:08.724+0000] {logging_mixin.py:188} INFO - [2026-09-09T05:37:08.723+0000] {dagbag.py:545} INFO - Filling up the DagBag from /opt/airflow/dags/main.py
[2026-09-09T05:37:09.067+0000] {logging_mixin.py:188} INFO - channel id is not executed
[2026-09-09T05:37:09.560+0000] {processor.py:840} INFO - DAG(s) 'update_db', 'produce_json', 'data_quality' retrieved from /opt/airflow/dags/main.py
[2026-09-09T05:37:10.102+0000] {logging_mixin.py:188} INFO - [2026-09-09T05:37:10.101+0000] {dag.py:3096} INFO - Sync 3 DAGs
[2026-09-09T05:37:10.196+0000] {logging_mixin.py:188} INFO - [2026-09-09T05:37:10.195+0000] {dag.py:3954} INFO - Setting next_dagrun for data_quality to 2026-09-09 16:00:00+00:00, run_after=2026-09-10 16:00:00+00:00
[2026-09-09T05:37:10.215+0000] {logging_mixin.py:188} INFO - [2026-09-09T05:37:10.214+0000] {dag.py:3954} INFO - Setting next_dagrun for produce_json to 2026-09-09 14:00:00+00:00, run_after=2026-09-10 14:00:00+00:00
[2026-09-09T05:37:10.228+0000] {logging_mixin.py:188} INFO - [2026-09-09T05:37:10.227+0000] {dag.py:3954} INFO - Setting next_dagrun for update_db to 2026-09-09 15:00:00+00:00, run_after=2026-09-10 15:00:00+00:00
[2026-09-09T05:37:10.290+0000] {processor.py:183} INFO - Processing /opt/airflow/dags/main.py took 1.695 seconds
[2026-09-09T05:37:41.154+0000] {processor.py:161} INFO - Started process (PID=555) to work on /opt/airflow/dags/main.py
[2026-09-09T05:37:41.208+0000] {processor.py:830} INFO - Processing file /opt/airflow/dags/main.py for tasks to queue
[2026-09-09T05:37:41.236+0000] {logging_mixin.py:188} INFO - [2026-09-09T05:37:41.229+0000] {dagbag.py:545} INFO - Filling up the DagBag from /opt/airflow/dags/main.py
[2026-09-09T05:37:43.514+0000] {logging_mixin.py:188} INFO - channel id is not executed
[2026-09-09T05:37:44.470+0000] {processor.py:840} INFO - DAG(s) 'data_quality', 'update_db', 'produce_json' retrieved from /opt/airflow/dags/main.py
[2026-09-09T05:37:45.829+0000] {logging_mixin.py:188} INFO - [2026-09-09T05:37:45.828+0000] {dag.py:3096} INFO - Sync 3 DAGs
[2026-09-09T05:37:47.309+0000] {logging_mixin.py:188} INFO - [2026-09-09T05:37:47.308+0000] {dag.py:3954} INFO - Setting next_dagrun for data_quality to 2026-09-09 16:00:00+00:00, run_after=2026-09-10 16:00:00+00:00
[2026-09-09T05:37:47.343+0000] {logging_mixin.py:188} INFO - [2026-09-09T05:37:47.343+0000] {dag.py:3954} INFO - Setting next_dagrun for produce_json to 2026-09-09 14:00:00+00:00, run_after=2026-09-10 14:00:00+00:00
[2026-09-09T05:37:47.366+0000] {logging_mixin.py:188} INFO - [2026-09-09T05:37:47.365+0000] {dag.py:3954} INFO - Setting next_dagrun for update_db to 2026-09-09 15:00:00+00:00, run_after=2026-09-10 15:00:00+00:00
[2026-09-09T05:37:47.519+0000] {processor.py:183} INFO - Processing /opt/airflow/dags/main.py took 6.468 seconds
[2026-09-09T05:38:20.244+0000] {processor.py:161} INFO - Started process (PID=562) to work on /opt/airflow/dags/main.py
[2026-09-09T05:38:20.320+0000] {processor.py:830} INFO - Processing file /opt/airflow/dags/main.py for tasks to queue
[2026-09-09T05:38:20.384+0000] {logging_mixin.py:188} INFO - [2026-09-09T05:38:20.382+0000] {dagbag.py:545} INFO - Filling up the DagBag from /opt/airflow/dags/main.py
[2026-09-09T05:38:23.006+0000] {logging_mixin.py:188} INFO - channel id is not executed
[2026-09-09T05:38:27.263+0000] {processor.py:840} INFO - DAG(s) 'update_db', 'data_quality', 'produce_json' retrieved from /opt/airflow/dags/main.py
[2026-09-09T05:38:29.421+0000] {logging_mixin.py:188} INFO - [2026-09-09T05:38:29.421+0000] {dag.py:3096} INFO - Sync 3 DAGs
[2026-09-09T05:38:29.579+0000] {logging_mixin.py:188} INFO - [2026-09-09T05:38:29.578+0000] {dag.py:3954} INFO - Setting next_dagrun for data_quality to 2026-09-09 16:00:00+00:00, run_after=2026-09-10 16:00:00+00:00
[2026-09-09T05:38:29.615+0000] {logging_mixin.py:188} INFO - [2026-09-09T05:38:29.614+0000] {dag.py:3954} INFO - Setting next_dagrun for produce_json to 2026-09-09 14:00:00+00:00, run_after=2026-09-10 14:00:00+00:00
[2026-09-09T05:38:29.666+0000] {logging_mixin.py:188} INFO - [2026-09-09T05:38:29.666+0000] {dag.py:3954} INFO - Setting next_dagrun for update_db to 2026-09-09 15:00:00+00:00, run_after=2026-09-10 15:00:00+00:00
[2026-09-09T05:38:30.211+0000] {processor.py:183} INFO - Processing /opt/airflow/dags/main.py took 10.692 seconds
[2026-09-09T05:39:01.554+0000] {processor.py:161} INFO - Started process (PID=569) to work on /opt/airflow/dags/main.py
[2026-09-09T05:39:01.581+0000] {processor.py:830} INFO - Processing file /opt/airflow/dags/main.py for tasks to queue
[2026-09-09T05:39:01.589+0000] {logging_mixin.py:188} INFO - [2026-09-09T05:39:01.588+0000] {dagbag.py:545} INFO - Filling up the DagBag from /opt/airflow/dags/main.py
[2026-09-09T05:39:02.136+0000] {logging_mixin.py:188} INFO - channel id is not executed
[2026-09-09T05:39:02.676+0000] {processor.py:840} INFO - DAG(s) 'produce_json', 'update_db', 'data_quality' retrieved from /opt/airflow/dags/main.py
[2026-09-09T05:39:04.137+0000] {logging_mixin.py:188} INFO - [2026-09-09T05:39:04.137+0000] {dag.py:3096} INFO - Sync 3 DAGs
[2026-09-09T05:39:04.327+0000] {logging_mixin.py:188} INFO - [2026-09-09T05:39:04.326+0000] {dag.py:3954} INFO - Setting next_dagrun for data_quality to 2026-09-09 16:00:00+00:00, run_after=2026-09-10 16:00:00+00:00
[2026-09-09T05:39:04.405+0000] {logging_mixin.py:188} INFO - [2026-09-09T05:39:04.404+0000] {dag.py:3954} INFO - Setting next_dagrun for produce_json to 2026-09-09 14:00:00+00:00, run_after=2026-09-10 14:00:00+00:00
[2026-09-09T05:39:04.453+0000] {logging_mixin.py:188} INFO - [2026-09-09T05:39:04.453+0000] {dag.py:3954} INFO - Setting next_dagrun for update_db to 2026-09-09 15:00:00+00:00, run_after=2026-09-10 15:00:00+00:00
[2026-09-09T05:39:04.724+0000] {processor.py:183} INFO - Processing /opt/airflow/dags/main.py took 3.504 seconds
[2026-09-09T05:39:35.577+0000] {processor.py:161} INFO - Started process (PID=576) to work on /opt/airflow/dags/main.py
[2026-09-09T05:39:35.585+0000] {processor.py:830} INFO - Processing file /opt/airflow/dags/main.py for tasks to queue
[2026-09-09T05:39:35.590+0000] {logging_mixin.py:188} INFO - [2026-09-09T05:39:35.589+0000] {dagbag.py:545} INFO - Filling up the DagBag from /opt/airflow/dags/main.py
[2026-09-09T05:39:35.814+0000] {logging_mixin.py:188} INFO - channel id is not executed
[2026-09-09T05:39:36.677+0000] {processor.py:840} INFO - DAG(s) 'update_db', 'data_quality', 'produce_json' retrieved from /opt/airflow/dags/main.py
[2026-09-09T05:39:37.622+0000] {logging_mixin.py:188} INFO - [2026-09-09T05:39:37.621+0000] {dag.py:3096} INFO - Sync 3 DAGs
[2026-09-09T05:39:37.779+0000] {logging_mixin.py:188} INFO - [2026-09-09T05:39:37.778+0000] {dag.py:3954} INFO - Setting next_dagrun for data_quality to 2026-09-09 16:00:00+00:00, run_after=2026-09-10 16:00:00+00:00
[2026-09-09T05:39:37.818+0000] {logging_mixin.py:188} INFO - [2026-09-09T05:39:37.818+0000] {dag.py:3954} INFO - Setting next_dagrun for produce_json to 2026-09-09 14:00:00+00:00, run_after=2026-09-10 14:00:00+00:00
[2026-09-09T05:39:37.843+0000] {logging_mixin.py:188} INFO - [2026-09-09T05:39:37.843+0000] {dag.py:3954} INFO - Setting next_dagrun for update_db to 2026-09-09 15:00:00+00:00, run_after=2026-09-10 15:00:00+00:00
[2026-09-09T05:39:38.088+0000] {processor.py:183} INFO - Processing /opt/airflow/dags/main.py took 2.531 seconds
[2026-09-09T05:40:08.906+0000] {processor.py:161} INFO - Started process (PID=589) to work on /opt/airflow/dags/main.py
[2026-09-09T05:40:08.923+0000] {processor.py:830} INFO - Processing file /opt/airflow/dags/main.py for tasks to queue
[2026-09-09T05:40:08.947+0000] {logging_mixin.py:188} INFO - [2026-09-09T05:40:08.940+0000] {dagbag.py:545} INFO - Filling up the DagBag from /opt/airflow/dags/main.py
[2026-09-09T05:40:11.035+0000] {logging_mixin.py:188} INFO - channel id is not executed
[2026-09-09T05:40:17.303+0000] {processor.py:840} INFO - DAG(s) 'update_db', 'data_quality', 'produce_json' retrieved from /opt/airflow/dags/main.py
[2026-09-09T05:40:20.615+0000] {logging_mixin.py:188} INFO - [2026-09-09T05:40:20.614+0000] {dag.py:3096} INFO - Sync 3 DAGs
[2026-09-09T05:40:20.893+0000] {logging_mixin.py:188} INFO - [2026-09-09T05:40:20.892+0000] {dag.py:3954} INFO - Setting next_dagrun for data_quality to 2026-09-09 16:00:00+00:00, run_after=2026-09-10 16:00:00+00:00
[2026-09-09T05:40:20.993+0000] {logging_mixin.py:188} INFO - [2026-09-09T05:40:20.993+0000] {dag.py:3954} INFO - Setting next_dagrun for produce_json to 2026-09-09 14:00:00+00:00, run_after=2026-09-10 14:00:00+00:00
[2026-09-09T05:40:21.008+0000] {logging_mixin.py:188} INFO - [2026-09-09T05:40:21.008+0000] {dag.py:3954} INFO - Setting next_dagrun for update_db to 2026-09-09 15:00:00+00:00, run_after=2026-09-10 15:00:00+00:00
[2026-09-09T05:40:21.341+0000] {processor.py:183} INFO - Processing /opt/airflow/dags/main.py took 12.503 seconds
[2026-09-09T05:40:51.920+0000] {processor.py:161} INFO - Started process (PID=595) to work on /opt/airflow/dags/main.py
[2026-09-09T05:40:51.923+0000] {processor.py:830} INFO - Processing file /opt/airflow/dags/main.py for tasks to queue
[2026-09-09T05:40:51.933+0000] {logging_mixin.py:188} INFO - [2026-09-09T05:40:51.932+0000] {dagbag.py:545} INFO - Filling up the DagBag from /opt/airflow/dags/main.py
[2026-09-09T05:40:56.602+0000] {logging_mixin.py:188} INFO - channel id is not executed
[2026-09-09T05:40:57.231+0000] {processor.py:840} INFO - DAG(s) 'update_db', 'produce_json', 'data_quality' retrieved from /opt/airflow/dags/main.py
[2026-09-09T05:40:58.427+0000] {logging_mixin.py:188} INFO - [2026-09-09T05:40:58.426+0000] {dag.py:3096} INFO - Sync 3 DAGs
[2026-09-09T05:40:58.523+0000] {logging_mixin.py:188} INFO - [2026-09-09T05:40:58.523+0000] {dag.py:3954} INFO - Setting next_dagrun for data_quality to 2026-09-09 16:00:00+00:00, run_after=2026-09-10 16:00:00+00:00
[2026-09-09T05:40:58.532+0000] {logging_mixin.py:188} INFO - [2026-09-09T05:40:58.532+0000] {dag.py:3954} INFO - Setting next_dagrun for produce_json to 2026-09-09 14:00:00+00:00, run_after=2026-09-10 14:00:00+00:00
[2026-09-09T05:40:58.543+0000] {logging_mixin.py:188} INFO - [2026-09-09T05:40:58.542+0000] {dag.py:3954} INFO - Setting next_dagrun for update_db to 2026-09-09 15:00:00+00:00, run_after=2026-09-10 15:00:00+00:00
[2026-09-09T05:40:58.588+0000] {processor.py:183} INFO - Processing /opt/airflow/dags/main.py took 6.685 seconds
[2026-09-09T05:41:32.269+0000] {processor.py:161} INFO - Started process (PID=602) to work on /opt/airflow/dags/main.py
[2026-09-09T05:41:32.284+0000] {processor.py:830} INFO - Processing file /opt/airflow/dags/main.py for tasks to queue
[2026-09-09T05:41:32.323+0000] {logging_mixin.py:188} INFO - [2026-09-09T05:41:32.317+0000] {dagbag.py:545} INFO - Filling up the DagBag from /opt/airflow/dags/main.py
[2026-09-09T05:41:32.722+0000] {logging_mixin.py:188} INFO - channel id is not executed
[2026-09-09T05:41:36.614+0000] {processor.py:840} INFO - DAG(s) 'produce_json', 'update_db', 'data_quality' retrieved from /opt/airflow/dags/main.py
[2026-09-09T05:41:38.994+0000] {logging_mixin.py:188} INFO - [2026-09-09T05:41:38.993+0000] {dag.py:3096} INFO - Sync 3 DAGs
[2026-09-09T05:41:39.352+0000] {logging_mixin.py:188} INFO - [2026-09-09T05:41:39.351+0000] {dag.py:3954} INFO - Setting next_dagrun for data_quality to 2026-09-09 16:00:00+00:00, run_after=2026-09-10 16:00:00+00:00
[2026-09-09T05:41:39.413+0000] {logging_mixin.py:188} INFO - [2026-09-09T05:41:39.400+0000] {dag.py:3954} INFO - Setting next_dagrun for produce_json to 2026-09-09 14:00:00+00:00, run_after=2026-09-10 14:00:00+00:00
[2026-09-09T05:41:39.509+0000] {logging_mixin.py:188} INFO - [2026-09-09T05:41:39.509+0000] {dag.py:3954} INFO - Setting next_dagrun for update_db to 2026-09-09 15:00:00+00:00, run_after=2026-09-10 15:00:00+00:00
[2026-09-09T05:41:39.593+0000] {processor.py:183} INFO - Processing /opt/airflow/dags/main.py took 7.490 seconds
[2026-09-09T05:42:10.369+0000] {processor.py:161} INFO - Started process (PID=616) to work on /opt/airflow/dags/main.py
[2026-09-09T05:42:10.390+0000] {processor.py:830} INFO - Processing file /opt/airflow/dags/main.py for tasks to queue
[2026-09-09T05:42:10.394+0000] {logging_mixin.py:188} INFO - [2026-09-09T05:42:10.393+0000] {dagbag.py:545} INFO - Filling up the DagBag from /opt/airflow/dags/main.py
[2026-09-09T05:42:10.795+0000] {logging_mixin.py:188} INFO - channel id is not executed
[2026-09-09T05:42:12.399+0000] {processor.py:840} INFO - DAG(s) 'update_db', 'data_quality', 'produce_json' retrieved from /opt/airflow/dags/main.py
[2026-09-09T05:42:12.942+0000] {logging_mixin.py:188} INFO - [2026-09-09T05:42:12.941+0000] {dag.py:3096} INFO - Sync 3 DAGs
[2026-09-09T05:42:13.000+0000] {logging_mixin.py:188} INFO - [2026-09-09T05:42:13.000+0000] {dag.py:3954} INFO - Setting next_dagrun for data_quality to 2026-09-09 16:00:00+00:00, run_after=2026-09-10 16:00:00+00:00
[2026-09-09T05:42:13.013+0000] {logging_mixin.py:188} INFO - [2026-09-09T05:42:13.013+0000] {dag.py:3954} INFO - Setting next_dagrun for produce_json to 2026-09-09 14:00:00+00:00, run_after=2026-09-10 14:00:00+00:00
[2026-09-09T05:42:13.063+0000] {logging_mixin.py:188} INFO - [2026-09-09T05:42:13.062+0000] {dag.py:3954} INFO - Setting next_dagrun for update_db to 2026-09-09 15:00:00+00:00, run_after=2026-09-10 15:00:00+00:00
[2026-09-09T05:42:13.248+0000] {processor.py:183} INFO - Processing /opt/airflow/dags/main.py took 2.890 seconds
[2026-09-09T05:42:44.456+0000] {processor.py:161} INFO - Started process (PID=623) to work on /opt/airflow/dags/main.py
[2026-09-09T05:42:44.463+0000] {processor.py:830} INFO - Processing file /opt/airflow/dags/main.py for tasks to queue
[2026-09-09T05:42:44.485+0000] {logging_mixin.py:188} INFO - [2026-09-09T05:42:44.484+0000] {dagbag.py:545} INFO - Filling up the DagBag from /opt/airflow/dags/main.py
[2026-09-09T05:42:44.732+0000] {logging_mixin.py:188} INFO - channel id is not executed
[2026-09-09T05:42:46.038+0000] {processor.py:840} INFO - DAG(s) 'update_db', 'produce_json', 'data_quality' retrieved from /opt/airflow/dags/main.py
[2026-09-09T05:42:46.617+0000] {logging_mixin.py:188} INFO - [2026-09-09T05:42:46.617+0000] {dag.py:3096} INFO - Sync 3 DAGs
[2026-09-09T05:42:46.710+0000] {logging_mixin.py:188} INFO - [2026-09-09T05:42:46.710+0000] {dag.py:3954} INFO - Setting next_dagrun for data_quality to 2026-09-09 16:00:00+00:00, run_after=2026-09-10 16:00:00+00:00
[2026-09-09T05:42:46.729+0000] {logging_mixin.py:188} INFO - [2026-09-09T05:42:46.729+0000] {dag.py:3954} INFO - Setting next_dagrun for produce_json to 2026-09-09 14:00:00+00:00, run_after=2026-09-10 14:00:00+00:00
[2026-09-09T05:42:46.750+0000] {logging_mixin.py:188} INFO - [2026-09-09T05:42:46.749+0000] {dag.py:3954} INFO - Setting next_dagrun for update_db to 2026-09-09 15:00:00+00:00, run_after=2026-09-10 15:00:00+00:00
[2026-09-09T05:42:46.833+0000] {processor.py:183} INFO - Processing /opt/airflow/dags/main.py took 2.386 seconds
[2026-09-09T05:43:17.083+0000] {processor.py:161} INFO - Started process (PID=630) to work on /opt/airflow/dags/main.py
[2026-09-09T05:43:17.112+0000] {processor.py:830} INFO - Processing file /opt/airflow/dags/main.py for tasks to queue
[2026-09-09T05:43:17.132+0000] {logging_mixin.py:188} INFO - [2026-09-09T05:43:17.132+0000] {dagbag.py:545} INFO - Filling up the DagBag from /opt/airflow/dags/main.py
[2026-09-09T05:43:17.415+0000] {logging_mixin.py:188} INFO - channel id is not executed
[2026-09-09T05:43:17.993+0000] {processor.py:840} INFO - DAG(s) 'produce_json', 'update_db', 'data_quality' retrieved from /opt/airflow/dags/main.py
[2026-09-09T05:43:18.724+0000] {logging_mixin.py:188} INFO - [2026-09-09T05:43:18.724+0000] {dag.py:3096} INFO - Sync 3 DAGs
[2026-09-09T05:43:18.866+0000] {logging_mixin.py:188} INFO - [2026-09-09T05:43:18.866+0000] {dag.py:3954} INFO - Setting next_dagrun for data_quality to 2026-09-09 16:00:00+00:00, run_after=2026-09-10 16:00:00+00:00
[2026-09-09T05:43:18.915+0000] {logging_mixin.py:188} INFO - [2026-09-09T05:43:18.915+0000] {dag.py:3954} INFO - Setting next_dagrun for produce_json to 2026-09-09 14:00:00+00:00, run_after=2026-09-10 14:00:00+00:00
[2026-09-09T05:43:18.974+0000] {logging_mixin.py:188} INFO - [2026-09-09T05:43:18.973+0000] {dag.py:3954} INFO - Setting next_dagrun for update_db to 2026-09-09 15:00:00+00:00, run_after=2026-09-10 15:00:00+00:00
[2026-09-09T05:43:19.091+0000] {processor.py:183} INFO - Processing /opt/airflow/dags/main.py took 2.028 seconds
[2026-09-09T05:43:51.265+0000] {processor.py:161} INFO - Started process (PID=637) to work on /opt/airflow/dags/main.py
[2026-09-09T05:43:51.300+0000] {processor.py:830} INFO - Processing file /opt/airflow/dags/main.py for tasks to queue
[2026-09-09T05:43:51.321+0000] {logging_mixin.py:188} INFO - [2026-09-09T05:43:51.320+0000] {dagbag.py:545} INFO - Filling up the DagBag from /opt/airflow/dags/main.py
[2026-09-09T05:43:51.831+0000] {logging_mixin.py:188} INFO - channel id is not executed
[2026-09-09T05:43:52.672+0000] {processor.py:840} INFO - DAG(s) 'produce_json', 'update_db', 'data_quality' retrieved from /opt/airflow/dags/main.py
[2026-09-09T05:43:53.335+0000] {logging_mixin.py:188} INFO - [2026-09-09T05:43:53.334+0000] {dag.py:3096} INFO - Sync 3 DAGs
[2026-09-09T05:43:53.478+0000] {logging_mixin.py:188} INFO - [2026-09-09T05:43:53.478+0000] {dag.py:3954} INFO - Setting next_dagrun for data_quality to 2026-09-09 16:00:00+00:00, run_after=2026-09-10 16:00:00+00:00
[2026-09-09T05:43:53.714+0000] {logging_mixin.py:188} INFO - [2026-09-09T05:43:53.714+0000] {dag.py:3954} INFO - Setting next_dagrun for produce_json to 2026-09-09 14:00:00+00:00, run_after=2026-09-10 14:00:00+00:00
[2026-09-09T05:43:53.761+0000] {logging_mixin.py:188} INFO - [2026-09-09T05:43:53.760+0000] {dag.py:3954} INFO - Setting next_dagrun for update_db to 2026-09-09 15:00:00+00:00, run_after=2026-09-10 15:00:00+00:00
[2026-09-09T05:43:53.932+0000] {processor.py:183} INFO - Processing /opt/airflow/dags/main.py took 2.678 seconds
[2026-09-09T05:44:28.292+0000] {processor.py:161} INFO - Started process (PID=644) to work on /opt/airflow/dags/main.py
[2026-09-09T05:44:28.310+0000] {processor.py:830} INFO - Processing file /opt/airflow/dags/main.py for tasks to queue
[2026-09-09T05:44:28.314+0000] {logging_mixin.py:188} INFO - [2026-09-09T05:44:28.313+0000] {dagbag.py:545} INFO - Filling up the DagBag from /opt/airflow/dags/main.py
[2026-09-09T05:44:30.905+0000] {logging_mixin.py:188} INFO - channel id is not executed
[2026-09-09T05:44:36.366+0000] {processor.py:840} INFO - DAG(s) 'data_quality', 'produce_json', 'update_db' retrieved from /opt/airflow/dags/main.py
[2026-09-09T05:44:48.683+0000] {logging_mixin.py:188} INFO - [2026-09-09T05:44:48.683+0000] {dag.py:3096} INFO - Sync 3 DAGs
[2026-09-09T05:44:48.861+0000] {logging_mixin.py:188} INFO - [2026-09-09T05:44:48.860+0000] {dag.py:3954} INFO - Setting next_dagrun for data_quality to 2026-09-09 16:00:00+00:00, run_after=2026-09-10 16:00:00+00:00
[2026-09-09T05:44:48.907+0000] {logging_mixin.py:188} INFO - [2026-09-09T05:44:48.906+0000] {dag.py:3954} INFO - Setting next_dagrun for produce_json to 2026-09-09 14:00:00+00:00, run_after=2026-09-10 14:00:00+00:00
[2026-09-09T05:44:48.923+0000] {logging_mixin.py:188} INFO - [2026-09-09T05:44:48.923+0000] {dag.py:3954} INFO - Setting next_dagrun for update_db to 2026-09-09 15:00:00+00:00, run_after=2026-09-10 15:00:00+00:00
[2026-09-09T05:44:49.049+0000] {processor.py:183} INFO - Processing /opt/airflow/dags/main.py took 20.844 seconds
[2026-09-09T05:45:19.264+0000] {processor.py:161} INFO - Started process (PID=656) to work on /opt/airflow/dags/main.py
[2026-09-09T05:45:19.278+0000] {processor.py:830} INFO - Processing file /opt/airflow/dags/main.py for tasks to queue
[2026-09-09T05:45:19.299+0000] {logging_mixin.py:188} INFO - [2026-09-09T05:45:19.299+0000] {dagbag.py:545} INFO - Filling up the DagBag from /opt/airflow/dags/main.py
[2026-09-09T05:45:19.467+0000] {logging_mixin.py:188} INFO - channel id is not executed
[2026-09-09T05:45:20.070+0000] {processor.py:840} INFO - DAG(s) 'produce_json', 'update_db', 'data_quality' retrieved from /opt/airflow/dags/main.py
[2026-09-09T05:45:20.543+0000] {logging_mixin.py:188} INFO - [2026-09-09T05:45:20.542+0000] {dag.py:3096} INFO - Sync 3 DAGs
[2026-09-09T05:45:20.621+0000] {logging_mixin.py:188} INFO - [2026-09-09T05:45:20.621+0000] {dag.py:3954} INFO - Setting next_dagrun for data_quality to 2026-09-09 16:00:00+00:00, run_after=2026-09-10 16:00:00+00:00
[2026-09-09T05:45:20.653+0000] {logging_mixin.py:188} INFO - [2026-09-09T05:45:20.652+0000] {dag.py:3954} INFO - Setting next_dagrun for produce_json to 2026-09-09 14:00:00+00:00, run_after=2026-09-10 14:00:00+00:00
[2026-09-09T05:45:20.669+0000] {logging_mixin.py:188} INFO - [2026-09-09T05:45:20.668+0000] {dag.py:3954} INFO - Setting next_dagrun for update_db to 2026-09-09 15:00:00+00:00, run_after=2026-09-10 15:00:00+00:00
[2026-09-09T05:45:20.759+0000] {processor.py:183} INFO - Processing /opt/airflow/dags/main.py took 1.515 seconds
[2026-09-09T05:45:51.749+0000] {processor.py:161} INFO - Started process (PID=662) to work on /opt/airflow/dags/main.py
[2026-09-09T05:45:51.918+0000] {processor.py:830} INFO - Processing file /opt/airflow/dags/main.py for tasks to queue
[2026-09-09T05:45:52.085+0000] {logging_mixin.py:188} INFO - [2026-09-09T05:45:52.084+0000] {dagbag.py:545} INFO - Filling up the DagBag from /opt/airflow/dags/main.py
[2026-09-09T05:45:52.492+0000] {logging_mixin.py:188} INFO - channel id is not executed
[2026-09-09T05:45:52.766+0000] {processor.py:840} INFO - DAG(s) 'update_db', 'data_quality', 'produce_json' retrieved from /opt/airflow/dags/main.py
[2026-09-09T05:45:53.303+0000] {logging_mixin.py:188} INFO - [2026-09-09T05:45:53.303+0000] {dag.py:3096} INFO - Sync 3 DAGs
[2026-09-09T05:45:53.390+0000] {logging_mixin.py:188} INFO - [2026-09-09T05:45:53.389+0000] {dag.py:3954} INFO - Setting next_dagrun for data_quality to 2026-09-09 16:00:00+00:00, run_after=2026-09-10 16:00:00+00:00
[2026-09-09T05:45:53.403+0000] {logging_mixin.py:188} INFO - [2026-09-09T05:45:53.403+0000] {dag.py:3954} INFO - Setting next_dagrun for produce_json to 2026-09-09 14:00:00+00:00, run_after=2026-09-10 14:00:00+00:00
[2026-09-09T05:45:53.419+0000] {logging_mixin.py:188} INFO - [2026-09-09T05:45:53.418+0000] {dag.py:3954} INFO - Setting next_dagrun for update_db to 2026-09-09 15:00:00+00:00, run_after=2026-09-10 15:00:00+00:00
[2026-09-09T05:45:53.488+0000] {processor.py:183} INFO - Processing /opt/airflow/dags/main.py took 1.803 seconds
[2026-09-09T05:46:26.255+0000] {processor.py:161} INFO - Started process (PID=669) to work on /opt/airflow/dags/main.py
[2026-09-09T05:46:26.259+0000] {processor.py:830} INFO - Processing file /opt/airflow/dags/main.py for tasks to queue
[2026-09-09T05:46:26.347+0000] {logging_mixin.py:188} INFO - [2026-09-09T05:46:26.338+0000] {dagbag.py:545} INFO - Filling up the DagBag from /opt/airflow/dags/main.py
[2026-09-09T05:46:27.375+0000] {logging_mixin.py:188} INFO - channel id is not executed
[2026-09-09T05:46:28.891+0000] {processor.py:840} INFO - DAG(s) 'data_quality', 'update_db', 'produce_json' retrieved from /opt/airflow/dags/main.py
[2026-09-09T05:46:30.017+0000] {logging_mixin.py:188} INFO - [2026-09-09T05:46:30.016+0000] {dag.py:3096} INFO - Sync 3 DAGs
[2026-09-09T05:46:30.197+0000] {logging_mixin.py:188} INFO - [2026-09-09T05:46:30.197+0000] {dag.py:3954} INFO - Setting next_dagrun for data_quality to 2026-09-09 16:00:00+00:00, run_after=2026-09-10 16:00:00+00:00
[2026-09-09T05:46:30.334+0000] {logging_mixin.py:188} INFO - [2026-09-09T05:46:30.334+0000] {dag.py:3954} INFO - Setting next_dagrun for produce_json to 2026-09-09 14:00:00+00:00, run_after=2026-09-10 14:00:00+00:00
[2026-09-09T05:46:30.342+0000] {logging_mixin.py:188} INFO - [2026-09-09T05:46:30.341+0000] {dag.py:3954} INFO - Setting next_dagrun for update_db to 2026-09-09 15:00:00+00:00, run_after=2026-09-10 15:00:00+00:00
[2026-09-09T05:46:30.480+0000] {processor.py:183} INFO - Processing /opt/airflow/dags/main.py took 4.305 seconds
[2026-09-09T05:47:11.610+0000] {processor.py:161} INFO - Started process (PID=676) to work on /opt/airflow/dags/main.py
[2026-09-09T05:47:11.617+0000] {processor.py:830} INFO - Processing file /opt/airflow/dags/main.py for tasks to queue
[2026-09-09T05:47:11.624+0000] {logging_mixin.py:188} INFO - [2026-09-09T05:47:11.619+0000] {dagbag.py:545} INFO - Filling up the DagBag from /opt/airflow/dags/main.py
[2026-09-09T05:47:11.926+0000] {logging_mixin.py:188} INFO - channel id is not executed
[2026-09-09T05:47:12.332+0000] {processor.py:840} INFO - DAG(s) 'data_quality', 'update_db', 'produce_json' retrieved from /opt/airflow/dags/main.py
[2026-09-09T05:47:13.083+0000] {logging_mixin.py:188} INFO - [2026-09-09T05:47:13.082+0000] {dag.py:3096} INFO - Sync 3 DAGs
[2026-09-09T05:47:13.924+0000] {logging_mixin.py:188} INFO - [2026-09-09T05:47:13.911+0000] {dag.py:3954} INFO - Setting next_dagrun for data_quality to 2026-09-09 16:00:00+00:00, run_after=2026-09-10 16:00:00+00:00
[2026-09-09T05:47:14.060+0000] {logging_mixin.py:188} INFO - [2026-09-09T05:47:14.059+0000] {dag.py:3954} INFO - Setting next_dagrun for produce_json to 2026-09-09 14:00:00+00:00, run_after=2026-09-10 14:00:00+00:00
[2026-09-09T05:47:14.219+0000] {logging_mixin.py:188} INFO - [2026-09-09T05:47:14.188+0000] {dag.py:3954} INFO - Setting next_dagrun for update_db to 2026-09-09 15:00:00+00:00, run_after=2026-09-10 15:00:00+00:00
[2026-09-09T05:47:14.392+0000] {processor.py:183} INFO - Processing /opt/airflow/dags/main.py took 2.803 seconds
[2026-09-09T05:47:47.141+0000] {processor.py:161} INFO - Started process (PID=683) to work on /opt/airflow/dags/main.py
[2026-09-09T05:47:47.201+0000] {processor.py:830} INFO - Processing file /opt/airflow/dags/main.py for tasks to queue
[2026-09-09T05:47:47.281+0000] {logging_mixin.py:188} INFO - [2026-09-09T05:47:47.280+0000] {dagbag.py:545} INFO - Filling up the DagBag from /opt/airflow/dags/main.py
[2026-09-09T05:47:48.477+0000] {logging_mixin.py:188} INFO - channel id is not executed
[2026-09-09T05:47:49.530+0000] {processor.py:840} INFO - DAG(s) 'update_db', 'produce_json', 'data_quality' retrieved from /opt/airflow/dags/main.py
[2026-09-09T05:47:50.900+0000] {logging_mixin.py:188} INFO - [2026-09-09T05:47:50.900+0000] {dag.py:3096} INFO - Sync 3 DAGs
[2026-09-09T05:47:51.076+0000] {logging_mixin.py:188} INFO - [2026-09-09T05:47:51.076+0000] {dag.py:3954} INFO - Setting next_dagrun for data_quality to 2026-09-09 16:00:00+00:00, run_after=2026-09-10 16:00:00+00:00
[2026-09-09T05:47:51.128+0000] {logging_mixin.py:188} INFO - [2026-09-09T05:47:51.127+0000] {dag.py:3954} INFO - Setting next_dagrun for produce_json to 2026-09-09 14:00:00+00:00, run_after=2026-09-10 14:00:00+00:00
[2026-09-09T05:47:51.150+0000] {logging_mixin.py:188} INFO - [2026-09-09T05:47:51.150+0000] {dag.py:3954} INFO - Setting next_dagrun for update_db to 2026-09-09 15:00:00+00:00, run_after=2026-09-10 15:00:00+00:00
[2026-09-09T05:47:51.331+0000] {processor.py:183} INFO - Processing /opt/airflow/dags/main.py took 4.209 seconds
[2026-09-09T05:48:22.243+0000] {processor.py:161} INFO - Started process (PID=697) to work on /opt/airflow/dags/main.py
[2026-09-09T05:48:22.273+0000] {processor.py:830} INFO - Processing file /opt/airflow/dags/main.py for tasks to queue
[2026-09-09T05:48:22.355+0000] {logging_mixin.py:188} INFO - [2026-09-09T05:48:22.354+0000] {dagbag.py:545} INFO - Filling up the DagBag from /opt/airflow/dags/main.py
[2026-09-09T05:48:24.910+0000] {logging_mixin.py:188} INFO - channel id is not executed
[2026-09-09T05:48:25.892+0000] {processor.py:840} INFO - DAG(s) 'update_db', 'data_quality', 'produce_json' retrieved from /opt/airflow/dags/main.py
[2026-09-09T05:48:27.956+0000] {logging_mixin.py:188} INFO - [2026-09-09T05:48:27.955+0000] {dag.py:3096} INFO - Sync 3 DAGs
[2026-09-09T05:48:28.047+0000] {logging_mixin.py:188} INFO - [2026-09-09T05:48:28.039+0000] {dag.py:3954} INFO - Setting next_dagrun for data_quality to 2026-09-09 16:00:00+00:00, run_after=2026-09-10 16:00:00+00:00
[2026-09-09T05:48:28.108+0000] {logging_mixin.py:188} INFO - [2026-09-09T05:48:28.107+0000] {dag.py:3954} INFO - Setting next_dagrun for produce_json to 2026-09-09 14:00:00+00:00, run_after=2026-09-10 14:00:00+00:00
[2026-09-09T05:48:28.123+0000] {logging_mixin.py:188} INFO - [2026-09-09T05:48:28.123+0000] {dag.py:3954} INFO - Setting next_dagrun for update_db to 2026-09-09 15:00:00+00:00, run_after=2026-09-10 15:00:00+00:00
[2026-09-09T05:48:28.271+0000] {processor.py:183} INFO - Processing /opt/airflow/dags/main.py took 6.118 seconds
[2026-09-09T05:48:59.206+0000] {processor.py:161} INFO - Started process (PID=704) to work on /opt/airflow/dags/main.py
[2026-09-09T05:48:59.244+0000] {processor.py:830} INFO - Processing file /opt/airflow/dags/main.py for tasks to queue
[2026-09-09T05:48:59.251+0000] {logging_mixin.py:188} INFO - [2026-09-09T05:48:59.250+0000] {dagbag.py:545} INFO - Filling up the DagBag from /opt/airflow/dags/main.py
[2026-09-09T05:48:59.706+0000] {logging_mixin.py:188} INFO - channel id is not executed
[2026-09-09T05:49:00.338+0000] {processor.py:840} INFO - DAG(s) 'produce_json', 'update_db', 'data_quality' retrieved from /opt/airflow/dags/main.py
[2026-09-09T05:49:01.111+0000] {logging_mixin.py:188} INFO - [2026-09-09T05:49:01.111+0000] {dag.py:3096} INFO - Sync 3 DAGs
[2026-09-09T05:49:01.268+0000] {logging_mixin.py:188} INFO - [2026-09-09T05:49:01.267+0000] {dag.py:3954} INFO - Setting next_dagrun for data_quality to 2026-09-09 16:00:00+00:00, run_after=2026-09-10 16:00:00+00:00
[2026-09-09T05:49:01.313+0000] {logging_mixin.py:188} INFO - [2026-09-09T05:49:01.312+0000] {dag.py:3954} INFO - Setting next_dagrun for produce_json to 2026-09-09 14:00:00+00:00, run_after=2026-09-10 14:00:00+00:00
[2026-09-09T05:49:01.372+0000] {logging_mixin.py:188} INFO - [2026-09-09T05:49:01.371+0000] {dag.py:3954} INFO - Setting next_dagrun for update_db to 2026-09-09 15:00:00+00:00, run_after=2026-09-10 15:00:00+00:00
[2026-09-09T05:49:01.572+0000] {processor.py:183} INFO - Processing /opt/airflow/dags/main.py took 2.384 seconds
[2026-09-09T05:49:32.268+0000] {processor.py:161} INFO - Started process (PID=711) to work on /opt/airflow/dags/main.py
[2026-09-09T05:49:32.361+0000] {processor.py:830} INFO - Processing file /opt/airflow/dags/main.py for tasks to queue
[2026-09-09T05:49:32.521+0000] {logging_mixin.py:188} INFO - [2026-09-09T05:49:32.520+0000] {dagbag.py:545} INFO - Filling up the DagBag from /opt/airflow/dags/main.py
[2026-09-09T05:49:32.982+0000] {logging_mixin.py:188} INFO - channel id is not executed
[2026-09-09T05:49:33.310+0000] {processor.py:840} INFO - DAG(s) 'data_quality', 'produce_json', 'update_db' retrieved from /opt/airflow/dags/main.py
[2026-09-09T05:49:33.916+0000] {logging_mixin.py:188} INFO - [2026-09-09T05:49:33.915+0000] {dag.py:3096} INFO - Sync 3 DAGs
[2026-09-09T05:49:34.085+0000] {logging_mixin.py:188} INFO - [2026-09-09T05:49:34.084+0000] {dag.py:3954} INFO - Setting next_dagrun for data_quality to 2026-09-09 16:00:00+00:00, run_after=2026-09-10 16:00:00+00:00
[2026-09-09T05:49:34.148+0000] {logging_mixin.py:188} INFO - [2026-09-09T05:49:34.147+0000] {dag.py:3954} INFO - Setting next_dagrun for produce_json to 2026-09-09 14:00:00+00:00, run_after=2026-09-10 14:00:00+00:00
[2026-09-09T05:49:34.226+0000] {logging_mixin.py:188} INFO - [2026-09-09T05:49:34.225+0000] {dag.py:3954} INFO - Setting next_dagrun for update_db to 2026-09-09 15:00:00+00:00, run_after=2026-09-10 15:00:00+00:00
[2026-09-09T05:49:34.435+0000] {processor.py:183} INFO - Processing /opt/airflow/dags/main.py took 2.214 seconds
[2026-09-09T05:50:05.200+0000] {processor.py:161} INFO - Started process (PID=719) to work on /opt/airflow/dags/main.py
[2026-09-09T05:50:05.205+0000] {processor.py:830} INFO - Processing file /opt/airflow/dags/main.py for tasks to queue
[2026-09-09T05:50:05.209+0000] {logging_mixin.py:188} INFO - [2026-09-09T05:50:05.207+0000] {dagbag.py:545} INFO - Filling up the DagBag from /opt/airflow/dags/main.py
[2026-09-09T05:50:05.367+0000] {logging_mixin.py:188} INFO - channel id is not executed
[2026-09-09T05:50:05.620+0000] {processor.py:840} INFO - DAG(s) 'data_quality', 'produce_json', 'update_db' retrieved from /opt/airflow/dags/main.py
[2026-09-09T05:50:06.377+0000] {logging_mixin.py:188} INFO - [2026-09-09T05:50:06.377+0000] {dag.py:3096} INFO - Sync 3 DAGs
[2026-09-09T05:50:06.495+0000] {logging_mixin.py:188} INFO - [2026-09-09T05:50:06.494+0000] {dag.py:3954} INFO - Setting next_dagrun for data_quality to 2026-09-09 16:00:00+00:00, run_after=2026-09-10 16:00:00+00:00
[2026-09-09T05:50:06.722+0000] {logging_mixin.py:188} INFO - [2026-09-09T05:50:06.721+0000] {dag.py:3954} INFO - Setting next_dagrun for produce_json to 2026-09-09 14:00:00+00:00, run_after=2026-09-10 14:00:00+00:00
[2026-09-09T05:50:06.762+0000] {logging_mixin.py:188} INFO - [2026-09-09T05:50:06.762+0000] {dag.py:3954} INFO - Setting next_dagrun for update_db to 2026-09-09 15:00:00+00:00, run_after=2026-09-10 15:00:00+00:00
[2026-09-09T05:50:06.950+0000] {processor.py:183} INFO - Processing /opt/airflow/dags/main.py took 1.790 seconds
[2026-09-09T05:50:38.577+0000] {processor.py:161} INFO - Started process (PID=726) to work on /opt/airflow/dags/main.py
[2026-09-09T05:50:38.592+0000] {processor.py:830} INFO - Processing file /opt/airflow/dags/main.py for tasks to queue
[2026-09-09T05:50:38.601+0000] {logging_mixin.py:188} INFO - [2026-09-09T05:50:38.600+0000] {dagbag.py:545} INFO - Filling up the DagBag from /opt/airflow/dags/main.py
[2026-09-09T05:50:38.984+0000] {logging_mixin.py:188} INFO - channel id is not executed
[2026-09-09T05:50:40.300+0000] {processor.py:840} INFO - DAG(s) 'update_db', 'produce_json', 'data_quality' retrieved from /opt/airflow/dags/main.py
[2026-09-09T05:50:41.765+0000] {logging_mixin.py:188} INFO - [2026-09-09T05:50:41.754+0000] {dag.py:3096} INFO - Sync 3 DAGs
[2026-09-09T05:50:42.178+0000] {logging_mixin.py:188} INFO - [2026-09-09T05:50:42.177+0000] {dag.py:3954} INFO - Setting next_dagrun for data_quality to 2026-09-09 16:00:00+00:00, run_after=2026-09-10 16:00:00+00:00
[2026-09-09T05:50:42.229+0000] {logging_mixin.py:188} INFO - [2026-09-09T05:50:42.228+0000] {dag.py:3954} INFO - Setting next_dagrun for produce_json to 2026-09-09 14:00:00+00:00, run_after=2026-09-10 14:00:00+00:00
[2026-09-09T05:50:42.308+0000] {logging_mixin.py:188} INFO - [2026-09-09T05:50:42.308+0000] {dag.py:3954} INFO - Setting next_dagrun for update_db to 2026-09-09 15:00:00+00:00, run_after=2026-09-10 15:00:00+00:00
[2026-09-09T05:50:42.510+0000] {processor.py:183} INFO - Processing /opt/airflow/dags/main.py took 3.948 seconds
[2026-09-09T05:51:13.228+0000] {processor.py:161} INFO - Started process (PID=733) to work on /opt/airflow/dags/main.py
[2026-09-09T05:51:13.238+0000] {processor.py:830} INFO - Processing file /opt/airflow/dags/main.py for tasks to queue
[2026-09-09T05:51:13.243+0000] {logging_mixin.py:188} INFO - [2026-09-09T05:51:13.243+0000] {dagbag.py:545} INFO - Filling up the DagBag from /opt/airflow/dags/main.py
[2026-09-09T05:51:13.515+0000] {logging_mixin.py:188} INFO - channel id is not executed
[2026-09-09T05:51:15.413+0000] {processor.py:840} INFO - DAG(s) 'update_db', 'produce_json', 'data_quality' retrieved from /opt/airflow/dags/main.py
[2026-09-09T05:51:17.114+0000] {logging_mixin.py:188} INFO - [2026-09-09T05:51:17.114+0000] {dag.py:3096} INFO - Sync 3 DAGs
[2026-09-09T05:51:17.219+0000] {logging_mixin.py:188} INFO - [2026-09-09T05:51:17.218+0000] {dag.py:3954} INFO - Setting next_dagrun for data_quality to 2026-09-09 16:00:00+00:00, run_after=2026-09-10 16:00:00+00:00
[2026-09-09T05:51:17.238+0000] {logging_mixin.py:188} INFO - [2026-09-09T05:51:17.238+0000] {dag.py:3954} INFO - Setting next_dagrun for produce_json to 2026-09-09 14:00:00+00:00, run_after=2026-09-10 14:00:00+00:00
[2026-09-09T05:51:17.252+0000] {logging_mixin.py:188} INFO - [2026-09-09T05:51:17.252+0000] {dag.py:3954} INFO - Setting next_dagrun for update_db to 2026-09-09 15:00:00+00:00, run_after=2026-09-10 15:00:00+00:00
[2026-09-09T05:51:17.403+0000] {processor.py:183} INFO - Processing /opt/airflow/dags/main.py took 4.191 seconds
[2026-09-09T05:51:48.299+0000] {processor.py:161} INFO - Started process (PID=741) to work on /opt/airflow/dags/main.py
[2026-09-09T05:51:48.376+0000] {processor.py:830} INFO - Processing file /opt/airflow/dags/main.py for tasks to queue
[2026-09-09T05:51:48.424+0000] {logging_mixin.py:188} INFO - [2026-09-09T05:51:48.423+0000] {dagbag.py:545} INFO - Filling up the DagBag from /opt/airflow/dags/main.py
[2026-09-09T05:51:49.769+0000] {logging_mixin.py:188} INFO - channel id is not executed
[2026-09-09T05:51:50.832+0000] {processor.py:840} INFO - DAG(s) 'produce_json', 'update_db', 'data_quality' retrieved from /opt/airflow/dags/main.py
[2026-09-09T05:51:51.451+0000] {logging_mixin.py:188} INFO - [2026-09-09T05:51:51.450+0000] {dag.py:3096} INFO - Sync 3 DAGs
[2026-09-09T05:51:51.512+0000] {logging_mixin.py:188} INFO - [2026-09-09T05:51:51.512+0000] {dag.py:3954} INFO - Setting next_dagrun for data_quality to 2026-09-09 16:00:00+00:00, run_after=2026-09-10 16:00:00+00:00
[2026-09-09T05:51:51.521+0000] {logging_mixin.py:188} INFO - [2026-09-09T05:51:51.521+0000] {dag.py:3954} INFO - Setting next_dagrun for produce_json to 2026-09-09 14:00:00+00:00, run_after=2026-09-10 14:00:00+00:00
[2026-09-09T05:51:51.568+0000] {logging_mixin.py:188} INFO - [2026-09-09T05:51:51.567+0000] {dag.py:3954} INFO - Setting next_dagrun for update_db to 2026-09-09 15:00:00+00:00, run_after=2026-09-10 15:00:00+00:00
[2026-09-09T05:51:51.714+0000] {processor.py:183} INFO - Processing /opt/airflow/dags/main.py took 3.433 seconds
[2026-09-09T05:52:23.865+0000] {processor.py:161} INFO - Started process (PID=748) to work on /opt/airflow/dags/main.py
[2026-09-09T05:52:23.873+0000] {processor.py:830} INFO - Processing file /opt/airflow/dags/main.py for tasks to queue
[2026-09-09T05:52:23.884+0000] {logging_mixin.py:188} INFO - [2026-09-09T05:52:23.883+0000] {dagbag.py:545} INFO - Filling up the DagBag from /opt/airflow/dags/main.py
[2026-09-09T05:52:24.837+0000] {logging_mixin.py:188} INFO - channel id is not executed
[2026-09-09T05:52:28.043+0000] {processor.py:840} INFO - DAG(s) 'produce_json', 'data_quality', 'update_db' retrieved from /opt/airflow/dags/main.py
[2026-09-09T05:52:28.906+0000] {logging_mixin.py:188} INFO - [2026-09-09T05:52:28.906+0000] {dag.py:3096} INFO - Sync 3 DAGs
[2026-09-09T05:52:29.141+0000] {logging_mixin.py:188} INFO - [2026-09-09T05:52:29.140+0000] {dag.py:3954} INFO - Setting next_dagrun for data_quality to 2026-09-09 16:00:00+00:00, run_after=2026-09-10 16:00:00+00:00
[2026-09-09T05:52:29.249+0000] {logging_mixin.py:188} INFO - [2026-09-09T05:52:29.249+0000] {dag.py:3954} INFO - Setting next_dagrun for produce_json to 2026-09-09 14:00:00+00:00, run_after=2026-09-10 14:00:00+00:00
[2026-09-09T05:52:29.295+0000] {logging_mixin.py:188} INFO - [2026-09-09T05:52:29.295+0000] {dag.py:3954} INFO - Setting next_dagrun for update_db to 2026-09-09 15:00:00+00:00, run_after=2026-09-10 15:00:00+00:00
[2026-09-09T05:52:29.523+0000] {processor.py:183} INFO - Processing /opt/airflow/dags/main.py took 5.677 seconds
[2026-09-09T05:53:00.248+0000] {processor.py:161} INFO - Started process (PID=760) to work on /opt/airflow/dags/main.py
[2026-09-09T05:53:00.294+0000] {processor.py:830} INFO - Processing file /opt/airflow/dags/main.py for tasks to queue
[2026-09-09T05:53:00.314+0000] {logging_mixin.py:188} INFO - [2026-09-09T05:53:00.314+0000] {dagbag.py:545} INFO - Filling up the DagBag from /opt/airflow/dags/main.py
[2026-09-09T05:53:01.283+0000] {logging_mixin.py:188} INFO - channel id is not executed
[2026-09-09T05:53:01.803+0000] {processor.py:840} INFO - DAG(s) 'update_db', 'data_quality', 'produce_json' retrieved from /opt/airflow/dags/main.py
[2026-09-09T05:53:03.472+0000] {logging_mixin.py:188} INFO - [2026-09-09T05:53:03.471+0000] {dag.py:3096} INFO - Sync 3 DAGs
[2026-09-09T05:53:03.910+0000] {logging_mixin.py:188} INFO - [2026-09-09T05:53:03.910+0000] {dag.py:3954} INFO - Setting next_dagrun for data_quality to 2026-09-09 16:00:00+00:00, run_after=2026-09-10 16:00:00+00:00
[2026-09-09T05:53:03.989+0000] {logging_mixin.py:188} INFO - [2026-09-09T05:53:03.989+0000] {dag.py:3954} INFO - Setting next_dagrun for produce_json to 2026-09-09 14:00:00+00:00, run_after=2026-09-10 14:00:00+00:00
[2026-09-09T05:53:04.141+0000] {logging_mixin.py:188} INFO - [2026-09-09T05:53:04.141+0000] {dag.py:3954} INFO - Setting next_dagrun for update_db to 2026-09-09 15:00:00+00:00, run_after=2026-09-10 15:00:00+00:00
[2026-09-09T05:53:04.502+0000] {processor.py:183} INFO - Processing /opt/airflow/dags/main.py took 4.304 seconds
[2026-09-09T05:53:35.032+0000] {processor.py:161} INFO - Started process (PID=767) to work on /opt/airflow/dags/main.py
[2026-09-09T05:53:35.036+0000] {processor.py:830} INFO - Processing file /opt/airflow/dags/main.py for tasks to queue
[2026-09-09T05:53:35.041+0000] {logging_mixin.py:188} INFO - [2026-09-09T05:53:35.040+0000] {dagbag.py:545} INFO - Filling up the DagBag from /opt/airflow/dags/main.py
[2026-09-09T05:53:35.988+0000] {logging_mixin.py:188} INFO - channel id is not executed
[2026-09-09T05:53:38.007+0000] {processor.py:840} INFO - DAG(s) 'data_quality', 'produce_json', 'update_db' retrieved from /opt/airflow/dags/main.py
[2026-09-09T05:53:39.645+0000] {logging_mixin.py:188} INFO - [2026-09-09T05:53:39.645+0000] {dag.py:3096} INFO - Sync 3 DAGs
[2026-09-09T05:53:40.173+0000] {logging_mixin.py:188} INFO - [2026-09-09T05:53:40.173+0000] {dag.py:3954} INFO - Setting next_dagrun for data_quality to 2026-09-09 16:00:00+00:00, run_after=2026-09-10 16:00:00+00:00
[2026-09-09T05:53:40.216+0000] {logging_mixin.py:188} INFO - [2026-09-09T05:53:40.215+0000] {dag.py:3954} INFO - Setting next_dagrun for produce_json to 2026-09-09 14:00:00+00:00, run_after=2026-09-10 14:00:00+00:00
[2026-09-09T05:53:40.233+0000] {logging_mixin.py:188} INFO - [2026-09-09T05:53:40.233+0000] {dag.py:3954} INFO - Setting next_dagrun for update_db to 2026-09-09 15:00:00+00:00, run_after=2026-09-10 15:00:00+00:00
[2026-09-09T05:53:40.333+0000] {processor.py:183} INFO - Processing /opt/airflow/dags/main.py took 5.313 seconds
[2026-09-09T05:54:12.451+0000] {processor.py:161} INFO - Started process (PID=774) to work on /opt/airflow/dags/main.py
[2026-09-09T05:54:12.462+0000] {processor.py:830} INFO - Processing file /opt/airflow/dags/main.py for tasks to queue
[2026-09-09T05:54:12.477+0000] {logging_mixin.py:188} INFO - [2026-09-09T05:54:12.465+0000] {dagbag.py:545} INFO - Filling up the DagBag from /opt/airflow/dags/main.py
[2026-09-09T05:54:12.745+0000] {logging_mixin.py:188} INFO - channel id is not executed
[2026-09-09T05:54:14.132+0000] {processor.py:840} INFO - DAG(s) 'produce_json', 'data_quality', 'update_db' retrieved from /opt/airflow/dags/main.py
[2026-09-09T05:54:15.107+0000] {logging_mixin.py:188} INFO - [2026-09-09T05:54:15.107+0000] {dag.py:3096} INFO - Sync 3 DAGs
[2026-09-09T05:54:15.316+0000] {logging_mixin.py:188} INFO - [2026-09-09T05:54:15.316+0000] {dag.py:3954} INFO - Setting next_dagrun for data_quality to 2026-09-09 16:00:00+00:00, run_after=2026-09-10 16:00:00+00:00
[2026-09-09T05:54:15.397+0000] {logging_mixin.py:188} INFO - [2026-09-09T05:54:15.397+0000] {dag.py:3954} INFO - Setting next_dagrun for produce_json to 2026-09-09 14:00:00+00:00, run_after=2026-09-10 14:00:00+00:00
[2026-09-09T05:54:15.480+0000] {logging_mixin.py:188} INFO - [2026-09-09T05:54:15.479+0000] {dag.py:3954} INFO - Setting next_dagrun for update_db to 2026-09-09 15:00:00+00:00, run_after=2026-09-10 15:00:00+00:00
[2026-09-09T05:54:15.882+0000] {processor.py:183} INFO - Processing /opt/airflow/dags/main.py took 3.453 seconds
[2026-09-09T05:54:47.647+0000] {processor.py:161} INFO - Started process (PID=782) to work on /opt/airflow/dags/main.py
[2026-09-09T05:54:47.676+0000] {processor.py:830} INFO - Processing file /opt/airflow/dags/main.py for tasks to queue
[2026-09-09T05:54:47.703+0000] {logging_mixin.py:188} INFO - [2026-09-09T05:54:47.702+0000] {dagbag.py:545} INFO - Filling up the DagBag from /opt/airflow/dags/main.py
[2026-09-09T05:54:51.729+0000] {logging_mixin.py:188} INFO - channel id is not executed
[2026-09-09T05:54:52.287+0000] {processor.py:840} INFO - DAG(s) 'produce_json', 'data_quality', 'update_db' retrieved from /opt/airflow/dags/main.py
[2026-09-09T05:54:52.911+0000] {logging_mixin.py:188} INFO - [2026-09-09T05:54:52.911+0000] {dag.py:3096} INFO - Sync 3 DAGs
[2026-09-09T05:54:53.133+0000] {logging_mixin.py:188} INFO - [2026-09-09T05:54:53.133+0000] {dag.py:3954} INFO - Setting next_dagrun for data_quality to 2026-09-09 16:00:00+00:00, run_after=2026-09-10 16:00:00+00:00
[2026-09-09T05:54:53.186+0000] {logging_mixin.py:188} INFO - [2026-09-09T05:54:53.186+0000] {dag.py:3954} INFO - Setting next_dagrun for produce_json to 2026-09-09 14:00:00+00:00, run_after=2026-09-10 14:00:00+00:00
[2026-09-09T05:54:53.240+0000] {logging_mixin.py:188} INFO - [2026-09-09T05:54:53.240+0000] {dag.py:3954} INFO - Setting next_dagrun for update_db to 2026-09-09 15:00:00+00:00, run_after=2026-09-10 15:00:00+00:00
[2026-09-09T05:54:53.422+0000] {processor.py:183} INFO - Processing /opt/airflow/dags/main.py took 5.836 seconds
[2026-09-09T05:55:26.091+0000] {processor.py:161} INFO - Started process (PID=789) to work on /opt/airflow/dags/main.py
[2026-09-09T05:55:26.097+0000] {processor.py:830} INFO - Processing file /opt/airflow/dags/main.py for tasks to queue
[2026-09-09T05:55:26.107+0000] {logging_mixin.py:188} INFO - [2026-09-09T05:55:26.106+0000] {dagbag.py:545} INFO - Filling up the DagBag from /opt/airflow/dags/main.py
[2026-09-09T05:55:28.139+0000] {logging_mixin.py:188} INFO - channel id is not executed
[2026-09-09T05:55:29.173+0000] {processor.py:840} INFO - DAG(s) 'produce_json', 'update_db', 'data_quality' retrieved from /opt/airflow/dags/main.py
[2026-09-09T05:55:30.442+0000] {logging_mixin.py:188} INFO - [2026-09-09T05:55:30.431+0000] {dag.py:3096} INFO - Sync 3 DAGs
[2026-09-09T05:55:30.872+0000] {logging_mixin.py:188} INFO - [2026-09-09T05:55:30.864+0000] {dag.py:3954} INFO - Setting next_dagrun for data_quality to 2026-09-09 16:00:00+00:00, run_after=2026-09-10 16:00:00+00:00
[2026-09-09T05:55:30.893+0000] {logging_mixin.py:188} INFO - [2026-09-09T05:55:30.892+0000] {dag.py:3954} INFO - Setting next_dagrun for produce_json to 2026-09-09 14:00:00+00:00, run_after=2026-09-10 14:00:00+00:00
[2026-09-09T05:55:30.908+0000] {logging_mixin.py:188} INFO - [2026-09-09T05:55:30.908+0000] {dag.py:3954} INFO - Setting next_dagrun for update_db to 2026-09-09 15:00:00+00:00, run_after=2026-09-10 15:00:00+00:00
[2026-09-09T05:55:30.989+0000] {processor.py:183} INFO - Processing /opt/airflow/dags/main.py took 4.961 seconds
[2026-09-09T05:56:01.918+0000] {processor.py:161} INFO - Started process (PID=802) to work on /opt/airflow/dags/main.py
[2026-09-09T05:56:01.939+0000] {processor.py:830} INFO - Processing file /opt/airflow/dags/main.py for tasks to queue
[2026-09-09T05:56:01.953+0000] {logging_mixin.py:188} INFO - [2026-09-09T05:56:01.952+0000] {dagbag.py:545} INFO - Filling up the DagBag from /opt/airflow/dags/main.py
[2026-09-09T05:56:02.220+0000] {logging_mixin.py:188} INFO - channel id is not executed
[2026-09-09T05:56:04.101+0000] {processor.py:840} INFO - DAG(s) 'data_quality', 'produce_json', 'update_db' retrieved from /opt/airflow/dags/main.py
[2026-09-09T05:56:04.875+0000] {logging_mixin.py:188} INFO - [2026-09-09T05:56:04.874+0000] {dag.py:3096} INFO - Sync 3 DAGs
[2026-09-09T05:56:05.159+0000] {logging_mixin.py:188} INFO - [2026-09-09T05:56:05.159+0000] {dag.py:3954} INFO - Setting next_dagrun for data_quality to 2026-09-09 16:00:00+00:00, run_after=2026-09-10 16:00:00+00:00
[2026-09-09T05:56:05.263+0000] {logging_mixin.py:188} INFO - [2026-09-09T05:56:05.262+0000] {dag.py:3954} INFO - Setting next_dagrun for produce_json to 2026-09-09 14:00:00+00:00, run_after=2026-09-10 14:00:00+00:00
[2026-09-09T05:56:05.323+0000] {logging_mixin.py:188} INFO - [2026-09-09T05:56:05.322+0000] {dag.py:3954} INFO - Setting next_dagrun for update_db to 2026-09-09 15:00:00+00:00, run_after=2026-09-10 15:00:00+00:00
[2026-09-09T05:56:05.696+0000] {processor.py:183} INFO - Processing /opt/airflow/dags/main.py took 3.808 seconds
[2026-09-09T05:56:38.503+0000] {processor.py:161} INFO - Started process (PID=810) to work on /opt/airflow/dags/main.py
[2026-09-09T05:56:38.532+0000] {processor.py:830} INFO - Processing file /opt/airflow/dags/main.py for tasks to queue
[2026-09-09T05:56:38.554+0000] {logging_mixin.py:188} INFO - [2026-09-09T05:56:38.553+0000] {dagbag.py:545} INFO - Filling up the DagBag from /opt/airflow/dags/main.py
[2026-09-09T05:56:40.640+0000] {logging_mixin.py:188} INFO - channel id is not executed
[2026-09-09T05:56:42.674+0000] {processor.py:840} INFO - DAG(s) 'produce_json', 'update_db', 'data_quality' retrieved from /opt/airflow/dags/main.py
[2026-09-09T05:56:43.536+0000] {logging_mixin.py:188} INFO - [2026-09-09T05:56:43.524+0000] {dag.py:3096} INFO - Sync 3 DAGs
[2026-09-09T05:56:43.857+0000] {logging_mixin.py:188} INFO - [2026-09-09T05:56:43.856+0000] {dag.py:3954} INFO - Setting next_dagrun for data_quality to 2026-09-09 16:00:00+00:00, run_after=2026-09-10 16:00:00+00:00
[2026-09-09T05:56:43.927+0000] {logging_mixin.py:188} INFO - [2026-09-09T05:56:43.927+0000] {dag.py:3954} INFO - Setting next_dagrun for produce_json to 2026-09-09 14:00:00+00:00, run_after=2026-09-10 14:00:00+00:00
[2026-09-09T05:56:43.961+0000] {logging_mixin.py:188} INFO - [2026-09-09T05:56:43.960+0000] {dag.py:3954} INFO - Setting next_dagrun for update_db to 2026-09-09 15:00:00+00:00, run_after=2026-09-10 15:00:00+00:00
[2026-09-09T05:56:44.187+0000] {processor.py:183} INFO - Processing /opt/airflow/dags/main.py took 5.700 seconds
[2026-09-09T05:57:16.521+0000] {processor.py:161} INFO - Started process (PID=817) to work on /opt/airflow/dags/main.py
[2026-09-09T05:57:16.534+0000] {processor.py:830} INFO - Processing file /opt/airflow/dags/main.py for tasks to queue
[2026-09-09T05:57:16.536+0000] {logging_mixin.py:188} INFO - [2026-09-09T05:57:16.536+0000] {dagbag.py:545} INFO - Filling up the DagBag from /opt/airflow/dags/main.py
[2026-09-09T05:57:16.912+0000] {logging_mixin.py:188} INFO - channel id is not executed
[2026-09-09T05:57:20.722+0000] {processor.py:840} INFO - DAG(s) 'data_quality', 'produce_json', 'update_db' retrieved from /opt/airflow/dags/main.py
[2026-09-09T05:57:21.728+0000] {logging_mixin.py:188} INFO - [2026-09-09T05:57:21.728+0000] {dag.py:3096} INFO - Sync 3 DAGs
[2026-09-09T05:57:22.140+0000] {logging_mixin.py:188} INFO - [2026-09-09T05:57:22.139+0000] {dag.py:3954} INFO - Setting next_dagrun for data_quality to 2026-09-09 16:00:00+00:00, run_after=2026-09-10 16:00:00+00:00
[2026-09-09T05:57:22.261+0000] {logging_mixin.py:188} INFO - [2026-09-09T05:57:22.261+0000] {dag.py:3954} INFO - Setting next_dagrun for produce_json to 2026-09-09 14:00:00+00:00, run_after=2026-09-10 14:00:00+00:00
[2026-09-09T05:57:22.433+0000] {logging_mixin.py:188} INFO - [2026-09-09T05:57:22.433+0000] {dag.py:3954} INFO - Setting next_dagrun for update_db to 2026-09-09 15:00:00+00:00, run_after=2026-09-10 15:00:00+00:00
[2026-09-09T05:57:22.623+0000] {processor.py:183} INFO - Processing /opt/airflow/dags/main.py took 6.123 seconds
[2026-09-09T05:57:53.896+0000] {processor.py:161} INFO - Started process (PID=824) to work on /opt/airflow/dags/main.py
[2026-09-09T05:57:53.924+0000] {processor.py:830} INFO - Processing file /opt/airflow/dags/main.py for tasks to queue
[2026-09-09T05:57:53.928+0000] {logging_mixin.py:188} INFO - [2026-09-09T05:57:53.927+0000] {dagbag.py:545} INFO - Filling up the DagBag from /opt/airflow/dags/main.py
[2026-09-09T05:57:54.257+0000] {logging_mixin.py:188} INFO - channel id is not executed
[2026-09-09T05:57:57.211+0000] {processor.py:840} INFO - DAG(s) 'data_quality', 'update_db', 'produce_json' retrieved from /opt/airflow/dags/main.py
[2026-09-09T05:57:58.302+0000] {logging_mixin.py:188} INFO - [2026-09-09T05:57:58.301+0000] {dag.py:3096} INFO - Sync 3 DAGs
[2026-09-09T05:57:58.438+0000] {logging_mixin.py:188} INFO - [2026-09-09T05:57:58.438+0000] {dag.py:3954} INFO - Setting next_dagrun for data_quality to 2026-09-09 16:00:00+00:00, run_after=2026-09-10 16:00:00+00:00
[2026-09-09T05:57:58.461+0000] {logging_mixin.py:188} INFO - [2026-09-09T05:57:58.460+0000] {dag.py:3954} INFO - Setting next_dagrun for produce_json to 2026-09-09 14:00:00+00:00, run_after=2026-09-10 14:00:00+00:00
[2026-09-09T05:57:58.478+0000] {logging_mixin.py:188} INFO - [2026-09-09T05:57:58.478+0000] {dag.py:3954} INFO - Setting next_dagrun for update_db to 2026-09-09 15:00:00+00:00, run_after=2026-09-10 15:00:00+00:00
[2026-09-09T05:57:58.601+0000] {processor.py:183} INFO - Processing /opt/airflow/dags/main.py took 4.736 seconds
[2026-09-09T05:58:31.753+0000] {processor.py:161} INFO - Started process (PID=831) to work on /opt/airflow/dags/main.py
[2026-09-09T05:58:31.895+0000] {processor.py:830} INFO - Processing file /opt/airflow/dags/main.py for tasks to queue
[2026-09-09T05:58:32.047+0000] {logging_mixin.py:188} INFO - [2026-09-09T05:58:32.046+0000] {dagbag.py:545} INFO - Filling up the DagBag from /opt/airflow/dags/main.py
[2026-09-09T05:58:39.119+0000] {logging_mixin.py:188} INFO - channel id is not executed
[2026-09-09T05:58:47.222+0000] {processor.py:840} INFO - DAG(s) 'update_db', 'produce_json', 'data_quality' retrieved from /opt/airflow/dags/main.py
[2026-09-09T05:58:47.857+0000] {logging_mixin.py:188} INFO - [2026-09-09T05:58:47.857+0000] {dag.py:3096} INFO - Sync 3 DAGs
[2026-09-09T05:58:48.267+0000] {logging_mixin.py:188} INFO - [2026-09-09T05:58:48.266+0000] {dag.py:3954} INFO - Setting next_dagrun for data_quality to 2026-09-09 16:00:00+00:00, run_after=2026-09-10 16:00:00+00:00
[2026-09-09T05:58:48.340+0000] {logging_mixin.py:188} INFO - [2026-09-09T05:58:48.340+0000] {dag.py:3954} INFO - Setting next_dagrun for produce_json to 2026-09-09 14:00:00+00:00, run_after=2026-09-10 14:00:00+00:00
[2026-09-09T05:58:48.376+0000] {logging_mixin.py:188} INFO - [2026-09-09T05:58:48.376+0000] {dag.py:3954} INFO - Setting next_dagrun for update_db to 2026-09-09 15:00:00+00:00, run_after=2026-09-10 15:00:00+00:00
[2026-09-09T05:58:48.898+0000] {processor.py:183} INFO - Processing /opt/airflow/dags/main.py took 17.361 seconds
[2026-09-09T05:59:24.196+0000] {processor.py:161} INFO - Started process (PID=844) to work on /opt/airflow/dags/main.py
[2026-09-09T05:59:24.223+0000] {processor.py:830} INFO - Processing file /opt/airflow/dags/main.py for tasks to queue
[2026-09-09T05:59:24.240+0000] {logging_mixin.py:188} INFO - [2026-09-09T05:59:24.239+0000] {dagbag.py:545} INFO - Filling up the DagBag from /opt/airflow/dags/main.py
[2026-09-09T05:59:25.355+0000] {logging_mixin.py:188} INFO - channel id is not executed
[2026-09-09T05:59:26.061+0000] {processor.py:840} INFO - DAG(s) 'produce_json', 'update_db', 'data_quality' retrieved from /opt/airflow/dags/main.py
[2026-09-09T05:59:27.171+0000] {logging_mixin.py:188} INFO - [2026-09-09T05:59:27.171+0000] {dag.py:3096} INFO - Sync 3 DAGs
[2026-09-09T05:59:27.299+0000] {logging_mixin.py:188} INFO - [2026-09-09T05:59:27.299+0000] {dag.py:3954} INFO - Setting next_dagrun for data_quality to 2026-09-09 16:00:00+00:00, run_after=2026-09-10 16:00:00+00:00
[2026-09-09T05:59:27.329+0000] {logging_mixin.py:188} INFO - [2026-09-09T05:59:27.328+0000] {dag.py:3954} INFO - Setting next_dagrun for produce_json to 2026-09-09 14:00:00+00:00, run_after=2026-09-10 14:00:00+00:00
[2026-09-09T05:59:27.347+0000] {logging_mixin.py:188} INFO - [2026-09-09T05:59:27.346+0000] {dag.py:3954} INFO - Setting next_dagrun for update_db to 2026-09-09 15:00:00+00:00, run_after=2026-09-10 15:00:00+00:00
[2026-09-09T05:59:27.477+0000] {processor.py:183} INFO - Processing /opt/airflow/dags/main.py took 3.495 seconds
[2026-09-09T05:59:57.908+0000] {processor.py:161} INFO - Started process (PID=852) to work on /opt/airflow/dags/main.py
[2026-09-09T05:59:57.912+0000] {processor.py:830} INFO - Processing file /opt/airflow/dags/main.py for tasks to queue
[2026-09-09T05:59:57.924+0000] {logging_mixin.py:188} INFO - [2026-09-09T05:59:57.923+0000] {dagbag.py:545} INFO - Filling up the DagBag from /opt/airflow/dags/main.py
[2026-09-09T06:00:00.234+0000] {logging_mixin.py:188} INFO - channel id is not executed
[2026-09-09T06:00:02.063+0000] {processor.py:840} INFO - DAG(s) 'produce_json', 'update_db', 'data_quality' retrieved from /opt/airflow/dags/main.py
[2026-09-09T06:00:02.646+0000] {logging_mixin.py:188} INFO - [2026-09-09T06:00:02.645+0000] {dag.py:3096} INFO - Sync 3 DAGs
[2026-09-09T06:00:02.770+0000] {logging_mixin.py:188} INFO - [2026-09-09T06:00:02.760+0000] {dag.py:3954} INFO - Setting next_dagrun for data_quality to 2026-09-09 16:00:00+00:00, run_after=2026-09-10 16:00:00+00:00
[2026-09-09T06:00:02.944+0000] {logging_mixin.py:188} INFO - [2026-09-09T06:00:02.943+0000] {dag.py:3954} INFO - Setting next_dagrun for produce_json to 2026-09-09 14:00:00+00:00, run_after=2026-09-10 14:00:00+00:00
[2026-09-09T06:00:02.991+0000] {logging_mixin.py:188} INFO - [2026-09-09T06:00:02.991+0000] {dag.py:3954} INFO - Setting next_dagrun for update_db to 2026-09-09 15:00:00+00:00, run_after=2026-09-10 15:00:00+00:00
[2026-09-09T06:00:03.091+0000] {processor.py:183} INFO - Processing /opt/airflow/dags/main.py took 5.203 seconds
[2026-09-09T06:00:33.931+0000] {processor.py:161} INFO - Started process (PID=859) to work on /opt/airflow/dags/main.py
[2026-09-09T06:00:33.934+0000] {processor.py:830} INFO - Processing file /opt/airflow/dags/main.py for tasks to queue
[2026-09-09T06:00:33.937+0000] {logging_mixin.py:188} INFO - [2026-09-09T06:00:33.936+0000] {dagbag.py:545} INFO - Filling up the DagBag from /opt/airflow/dags/main.py
[2026-09-09T06:00:34.042+0000] {logging_mixin.py:188} INFO - channel id is not executed
[2026-09-09T06:00:35.713+0000] {processor.py:840} INFO - DAG(s) 'update_db', 'produce_json', 'data_quality' retrieved from /opt/airflow/dags/main.py
[2026-09-09T06:00:37.214+0000] {logging_mixin.py:188} INFO - [2026-09-09T06:00:37.214+0000] {dag.py:3096} INFO - Sync 3 DAGs
[2026-09-09T06:00:37.646+0000] {logging_mixin.py:188} INFO - [2026-09-09T06:00:37.634+0000] {dag.py:3954} INFO - Setting next_dagrun for data_quality to 2026-09-09 16:00:00+00:00, run_after=2026-09-10 16:00:00+00:00
[2026-09-09T06:00:37.719+0000] {logging_mixin.py:188} INFO - [2026-09-09T06:00:37.719+0000] {dag.py:3954} INFO - Setting next_dagrun for produce_json to 2026-09-09 14:00:00+00:00, run_after=2026-09-10 14:00:00+00:00
[2026-09-09T06:00:37.965+0000] {logging_mixin.py:188} INFO - [2026-09-09T06:00:37.964+0000] {dag.py:3954} INFO - Setting next_dagrun for update_db to 2026-09-09 15:00:00+00:00, run_after=2026-09-10 15:00:00+00:00
[2026-09-09T06:00:38.564+0000] {processor.py:183} INFO - Processing /opt/airflow/dags/main.py took 4.645 seconds
[2026-09-09T06:01:09.334+0000] {processor.py:161} INFO - Started process (PID=867) to work on /opt/airflow/dags/main.py
[2026-09-09T06:01:09.336+0000] {processor.py:830} INFO - Processing file /opt/airflow/dags/main.py for tasks to queue
[2026-09-09T06:01:09.342+0000] {logging_mixin.py:188} INFO - [2026-09-09T06:01:09.341+0000] {dagbag.py:545} INFO - Filling up the DagBag from /opt/airflow/dags/main.py
[2026-09-09T06:01:09.646+0000] {logging_mixin.py:188} INFO - channel id is not executed
[2026-09-09T06:01:12.308+0000] {processor.py:840} INFO - DAG(s) 'produce_json', 'update_db', 'data_quality' retrieved from /opt/airflow/dags/main.py
[2026-09-09T06:01:13.819+0000] {logging_mixin.py:188} INFO - [2026-09-09T06:01:13.819+0000] {dag.py:3096} INFO - Sync 3 DAGs
[2026-09-09T06:01:14.189+0000] {logging_mixin.py:188} INFO - [2026-09-09T06:01:14.188+0000] {dag.py:3954} INFO - Setting next_dagrun for data_quality to 2026-09-09 16:00:00+00:00, run_after=2026-09-10 16:00:00+00:00
[2026-09-09T06:01:14.311+0000] {logging_mixin.py:188} INFO - [2026-09-09T06:01:14.310+0000] {dag.py:3954} INFO - Setting next_dagrun for produce_json to 2026-09-09 14:00:00+00:00, run_after=2026-09-10 14:00:00+00:00
[2026-09-09T06:01:14.331+0000] {logging_mixin.py:188} INFO - [2026-09-09T06:01:14.330+0000] {dag.py:3954} INFO - Setting next_dagrun for update_db to 2026-09-09 15:00:00+00:00, run_after=2026-09-10 15:00:00+00:00
[2026-09-09T06:01:14.464+0000] {processor.py:183} INFO - Processing /opt/airflow/dags/main.py took 5.159 seconds
[2026-09-09T06:01:44.637+0000] {processor.py:161} INFO - Started process (PID=873) to work on /opt/airflow/dags/main.py
[2026-09-09T06:01:44.639+0000] {processor.py:830} INFO - Processing file /opt/airflow/dags/main.py for tasks to queue
[2026-09-09T06:01:44.642+0000] {logging_mixin.py:188} INFO - [2026-09-09T06:01:44.641+0000] {dagbag.py:545} INFO - Filling up the DagBag from /opt/airflow/dags/main.py
[2026-09-09T06:01:44.741+0000] {logging_mixin.py:188} INFO - channel id is not executed
[2026-09-09T06:01:44.902+0000] {processor.py:840} INFO - DAG(s) 'produce_json', 'update_db', 'data_quality' retrieved from /opt/airflow/dags/main.py
[2026-09-09T06:01:45.124+0000] {logging_mixin.py:188} INFO - [2026-09-09T06:01:45.124+0000] {dag.py:3096} INFO - Sync 3 DAGs
[2026-09-09T06:01:45.161+0000] {logging_mixin.py:188} INFO - [2026-09-09T06:01:45.161+0000] {dag.py:3954} INFO - Setting next_dagrun for data_quality to 2026-09-09 16:00:00+00:00, run_after=2026-09-10 16:00:00+00:00
[2026-09-09T06:01:45.170+0000] {logging_mixin.py:188} INFO - [2026-09-09T06:01:45.170+0000] {dag.py:3954} INFO - Setting next_dagrun for produce_json to 2026-09-09 14:00:00+00:00, run_after=2026-09-10 14:00:00+00:00
[2026-09-09T06:01:45.176+0000] {logging_mixin.py:188} INFO - [2026-09-09T06:01:45.175+0000] {dag.py:3954} INFO - Setting next_dagrun for update_db to 2026-09-09 15:00:00+00:00, run_after=2026-09-10 15:00:00+00:00
[2026-09-09T06:01:45.223+0000] {processor.py:183} INFO - Processing /opt/airflow/dags/main.py took 0.597 seconds
[2026-09-09T06:02:15.739+0000] {processor.py:161} INFO - Started process (PID=880) to work on /opt/airflow/dags/main.py
[2026-09-09T06:02:15.748+0000] {processor.py:830} INFO - Processing file /opt/airflow/dags/main.py for tasks to queue
[2026-09-09T06:02:15.752+0000] {logging_mixin.py:188} INFO - [2026-09-09T06:02:15.751+0000] {dagbag.py:545} INFO - Filling up the DagBag from /opt/airflow/dags/main.py
[2026-09-09T06:02:16.319+0000] {logging_mixin.py:188} INFO - channel id is not executed
[2026-09-09T06:02:16.454+0000] {processor.py:840} INFO - DAG(s) 'update_db', 'produce_json', 'data_quality' retrieved from /opt/airflow/dags/main.py
[2026-09-09T06:02:16.706+0000] {logging_mixin.py:188} INFO - [2026-09-09T06:02:16.706+0000] {dag.py:3096} INFO - Sync 3 DAGs
[2026-09-09T06:02:16.768+0000] {logging_mixin.py:188} INFO - [2026-09-09T06:02:16.767+0000] {dag.py:3954} INFO - Setting next_dagrun for data_quality to 2026-09-09 16:00:00+00:00, run_after=2026-09-10 16:00:00+00:00
[2026-09-09T06:02:16.794+0000] {logging_mixin.py:188} INFO - [2026-09-09T06:02:16.793+0000] {dag.py:3954} INFO - Setting next_dagrun for produce_json to 2026-09-09 14:00:00+00:00, run_after=2026-09-10 14:00:00+00:00
[2026-09-09T06:02:16.802+0000] {logging_mixin.py:188} INFO - [2026-09-09T06:02:16.802+0000] {dag.py:3954} INFO - Setting next_dagrun for update_db to 2026-09-09 15:00:00+00:00, run_after=2026-09-10 15:00:00+00:00
[2026-09-09T06:02:16.879+0000] {processor.py:183} INFO - Processing /opt/airflow/dags/main.py took 1.155 seconds
[2026-09-09T06:02:47.806+0000] {processor.py:161} INFO - Started process (PID=892) to work on /opt/airflow/dags/main.py
[2026-09-09T06:02:47.809+0000] {processor.py:830} INFO - Processing file /opt/airflow/dags/main.py for tasks to queue
[2026-09-09T06:02:47.811+0000] {logging_mixin.py:188} INFO - [2026-09-09T06:02:47.811+0000] {dagbag.py:545} INFO - Filling up the DagBag from /opt/airflow/dags/main.py
[2026-09-09T06:02:47.886+0000] {logging_mixin.py:188} INFO - channel id is not executed
[2026-09-09T06:02:48.115+0000] {processor.py:840} INFO - DAG(s) 'produce_json', 'update_db', 'data_quality' retrieved from /opt/airflow/dags/main.py
[2026-09-09T06:02:48.345+0000] {logging_mixin.py:188} INFO - [2026-09-09T06:02:48.345+0000] {dag.py:3096} INFO - Sync 3 DAGs
[2026-09-09T06:02:48.416+0000] {logging_mixin.py:188} INFO - [2026-09-09T06:02:48.416+0000] {dag.py:3954} INFO - Setting next_dagrun for data_quality to 2026-09-09 16:00:00+00:00, run_after=2026-09-10 16:00:00+00:00
[2026-09-09T06:02:48.433+0000] {logging_mixin.py:188} INFO - [2026-09-09T06:02:48.433+0000] {dag.py:3954} INFO - Setting next_dagrun for produce_json to 2026-09-09 14:00:00+00:00, run_after=2026-09-10 14:00:00+00:00
[2026-09-09T06:02:48.448+0000] {logging_mixin.py:188} INFO - [2026-09-09T06:02:48.447+0000] {dag.py:3954} INFO - Setting next_dagrun for update_db to 2026-09-09 15:00:00+00:00, run_after=2026-09-10 15:00:00+00:00
[2026-09-09T06:02:48.526+0000] {processor.py:183} INFO - Processing /opt/airflow/dags/main.py took 0.731 seconds
[2026-09-09T06:03:19.294+0000] {processor.py:161} INFO - Started process (PID=899) to work on /opt/airflow/dags/main.py
[2026-09-09T06:03:19.296+0000] {processor.py:830} INFO - Processing file /opt/airflow/dags/main.py for tasks to queue
[2026-09-09T06:03:19.300+0000] {logging_mixin.py:188} INFO - [2026-09-09T06:03:19.299+0000] {dagbag.py:545} INFO - Filling up the DagBag from /opt/airflow/dags/main.py
[2026-09-09T06:03:19.393+0000] {logging_mixin.py:188} INFO - channel id is not executed
[2026-09-09T06:03:19.525+0000] {processor.py:840} INFO - DAG(s) 'data_quality', 'produce_json', 'update_db' retrieved from /opt/airflow/dags/main.py
[2026-09-09T06:03:19.854+0000] {logging_mixin.py:188} INFO - [2026-09-09T06:03:19.853+0000] {dag.py:3096} INFO - Sync 3 DAGs
[2026-09-09T06:03:19.905+0000] {logging_mixin.py:188} INFO - [2026-09-09T06:03:19.904+0000] {dag.py:3954} INFO - Setting next_dagrun for data_quality to 2026-09-09 16:00:00+00:00, run_after=2026-09-10 16:00:00+00:00
[2026-09-09T06:03:19.914+0000] {logging_mixin.py:188} INFO - [2026-09-09T06:03:19.914+0000] {dag.py:3954} INFO - Setting next_dagrun for produce_json to 2026-09-09 14:00:00+00:00, run_after=2026-09-10 14:00:00+00:00
[2026-09-09T06:03:19.921+0000] {logging_mixin.py:188} INFO - [2026-09-09T06:03:19.921+0000] {dag.py:3954} INFO - Setting next_dagrun for update_db to 2026-09-09 15:00:00+00:00, run_after=2026-09-10 15:00:00+00:00
[2026-09-09T06:03:19.974+0000] {processor.py:183} INFO - Processing /opt/airflow/dags/main.py took 0.695 seconds
[2026-09-09T06:03:50.441+0000] {processor.py:161} INFO - Started process (PID=906) to work on /opt/airflow/dags/main.py
[2026-09-09T06:03:50.447+0000] {processor.py:830} INFO - Processing file /opt/airflow/dags/main.py for tasks to queue
[2026-09-09T06:03:50.452+0000] {logging_mixin.py:188} INFO - [2026-09-09T06:03:50.451+0000] {dagbag.py:545} INFO - Filling up the DagBag from /opt/airflow/dags/main.py
[2026-09-09T06:03:50.960+0000] {logging_mixin.py:188} INFO - channel id is not executed
[2026-09-09T06:03:51.312+0000] {processor.py:840} INFO - DAG(s) 'produce_json', 'data_quality', 'update_db' retrieved from /opt/airflow/dags/main.py
[2026-09-09T06:03:51.727+0000] {logging_mixin.py:188} INFO - [2026-09-09T06:03:51.727+0000] {dag.py:3096} INFO - Sync 3 DAGs
[2026-09-09T06:03:51.829+0000] {logging_mixin.py:188} INFO - [2026-09-09T06:03:51.829+0000] {dag.py:3954} INFO - Setting next_dagrun for data_quality to 2026-09-09 16:00:00+00:00, run_after=2026-09-10 16:00:00+00:00
[2026-09-09T06:03:51.849+0000] {logging_mixin.py:188} INFO - [2026-09-09T06:03:51.848+0000] {dag.py:3954} INFO - Setting next_dagrun for produce_json to 2026-09-09 14:00:00+00:00, run_after=2026-09-10 14:00:00+00:00
[2026-09-09T06:03:51.878+0000] {logging_mixin.py:188} INFO - [2026-09-09T06:03:51.877+0000] {dag.py:3954} INFO - Setting next_dagrun for update_db to 2026-09-09 15:00:00+00:00, run_after=2026-09-10 15:00:00+00:00
[2026-09-09T06:03:51.931+0000] {processor.py:183} INFO - Processing /opt/airflow/dags/main.py took 1.526 seconds
[2026-09-09T06:04:22.559+0000] {processor.py:161} INFO - Started process (PID=914) to work on /opt/airflow/dags/main.py
[2026-09-09T06:04:22.568+0000] {processor.py:830} INFO - Processing file /opt/airflow/dags/main.py for tasks to queue
[2026-09-09T06:04:22.586+0000] {logging_mixin.py:188} INFO - [2026-09-09T06:04:22.586+0000] {dagbag.py:545} INFO - Filling up the DagBag from /opt/airflow/dags/main.py
[2026-09-09T06:04:22.912+0000] {logging_mixin.py:188} INFO - channel id is not executed
[2026-09-09T06:04:23.239+0000] {processor.py:840} INFO - DAG(s) 'data_quality', 'produce_json', 'update_db' retrieved from /opt/airflow/dags/main.py
[2026-09-09T06:04:23.574+0000] {logging_mixin.py:188} INFO - [2026-09-09T06:04:23.573+0000] {dag.py:3096} INFO - Sync 3 DAGs
[2026-09-09T06:04:23.625+0000] {logging_mixin.py:188} INFO - [2026-09-09T06:04:23.624+0000] {dag.py:3954} INFO - Setting next_dagrun for data_quality to 2026-09-09 16:00:00+00:00, run_after=2026-09-10 16:00:00+00:00
[2026-09-09T06:04:23.640+0000] {logging_mixin.py:188} INFO - [2026-09-09T06:04:23.640+0000] {dag.py:3954} INFO - Setting next_dagrun for produce_json to 2026-09-09 14:00:00+00:00, run_after=2026-09-10 14:00:00+00:00
[2026-09-09T06:04:23.647+0000] {logging_mixin.py:188} INFO - [2026-09-09T06:04:23.646+0000] {dag.py:3954} INFO - Setting next_dagrun for update_db to 2026-09-09 15:00:00+00:00, run_after=2026-09-10 15:00:00+00:00
[2026-09-09T06:04:23.709+0000] {processor.py:183} INFO - Processing /opt/airflow/dags/main.py took 1.170 seconds
[2026-09-09T06:04:54.359+0000] {processor.py:161} INFO - Started process (PID=920) to work on /opt/airflow/dags/main.py
[2026-09-09T06:04:54.362+0000] {processor.py:830} INFO - Processing file /opt/airflow/dags/main.py for tasks to queue
[2026-09-09T06:04:54.365+0000] {logging_mixin.py:188} INFO - [2026-09-09T06:04:54.365+0000] {dagbag.py:545} INFO - Filling up the DagBag from /opt/airflow/dags/main.py
[2026-09-09T06:04:54.466+0000] {logging_mixin.py:188} INFO - channel id is not executed
[2026-09-09T06:04:54.705+0000] {processor.py:840} INFO - DAG(s) 'produce_json', 'data_quality', 'update_db' retrieved from /opt/airflow/dags/main.py
[2026-09-09T06:04:55.001+0000] {logging_mixin.py:188} INFO - [2026-09-09T06:04:55.001+0000] {dag.py:3096} INFO - Sync 3 DAGs
[2026-09-09T06:04:55.038+0000] {logging_mixin.py:188} INFO - [2026-09-09T06:04:55.037+0000] {dag.py:3954} INFO - Setting next_dagrun for data_quality to 2026-09-09 16:00:00+00:00, run_after=2026-09-10 16:00:00+00:00
[2026-09-09T06:04:55.047+0000] {logging_mixin.py:188} INFO - [2026-09-09T06:04:55.046+0000] {dag.py:3954} INFO - Setting next_dagrun for produce_json to 2026-09-09 14:00:00+00:00, run_after=2026-09-10 14:00:00+00:00
[2026-09-09T06:04:55.053+0000] {logging_mixin.py:188} INFO - [2026-09-09T06:04:55.053+0000] {dag.py:3954} INFO - Setting next_dagrun for update_db to 2026-09-09 15:00:00+00:00, run_after=2026-09-10 15:00:00+00:00
[2026-09-09T06:04:55.115+0000] {processor.py:183} INFO - Processing /opt/airflow/dags/main.py took 0.776 seconds
[2026-09-09T06:05:25.610+0000] {processor.py:161} INFO - Started process (PID=926) to work on /opt/airflow/dags/main.py
[2026-09-09T06:05:25.654+0000] {processor.py:830} INFO - Processing file /opt/airflow/dags/main.py for tasks to queue
[2026-09-09T06:05:25.699+0000] {logging_mixin.py:188} INFO - [2026-09-09T06:05:25.699+0000] {dagbag.py:545} INFO - Filling up the DagBag from /opt/airflow/dags/main.py
[2026-09-09T06:05:26.326+0000] {logging_mixin.py:188} INFO - channel id is not executed
[2026-09-09T06:05:26.564+0000] {processor.py:840} INFO - DAG(s) 'data_quality', 'produce_json', 'update_db' retrieved from /opt/airflow/dags/main.py
[2026-09-09T06:05:26.950+0000] {logging_mixin.py:188} INFO - [2026-09-09T06:05:26.950+0000] {dag.py:3096} INFO - Sync 3 DAGs
[2026-09-09T06:05:27.000+0000] {logging_mixin.py:188} INFO - [2026-09-09T06:05:26.999+0000] {dag.py:3954} INFO - Setting next_dagrun for data_quality to 2026-09-09 16:00:00+00:00, run_after=2026-09-10 16:00:00+00:00
[2026-09-09T06:05:27.040+0000] {logging_mixin.py:188} INFO - [2026-09-09T06:05:27.039+0000] {dag.py:3954} INFO - Setting next_dagrun for produce_json to 2026-09-09 14:00:00+00:00, run_after=2026-09-10 14:00:00+00:00
[2026-09-09T06:05:27.048+0000] {logging_mixin.py:188} INFO - [2026-09-09T06:05:27.048+0000] {dag.py:3954} INFO - Setting next_dagrun for update_db to 2026-09-09 15:00:00+00:00, run_after=2026-09-10 15:00:00+00:00
[2026-09-09T06:05:27.142+0000] {processor.py:183} INFO - Processing /opt/airflow/dags/main.py took 1.542 seconds
[2026-09-09T06:06:00.735+0000] {processor.py:161} INFO - Started process (PID=933) to work on /opt/airflow/dags/main.py
[2026-09-09T06:06:00.766+0000] {processor.py:830} INFO - Processing file /opt/airflow/dags/main.py for tasks to queue
[2026-09-09T06:06:00.787+0000] {logging_mixin.py:188} INFO - [2026-09-09T06:06:00.787+0000] {dagbag.py:545} INFO - Filling up the DagBag from /opt/airflow/dags/main.py
[2026-09-09T06:06:05.336+0000] {logging_mixin.py:188} INFO - channel id is not executed
[2026-09-09T06:06:13.493+0000] {processor.py:840} INFO - DAG(s) 'data_quality', 'produce_json', 'update_db' retrieved from /opt/airflow/dags/main.py
[2026-09-09T06:06:14.105+0000] {logging_mixin.py:188} INFO - [2026-09-09T06:06:14.104+0000] {dag.py:3096} INFO - Sync 3 DAGs
[2026-09-09T06:06:14.199+0000] {logging_mixin.py:188} INFO - [2026-09-09T06:06:14.198+0000] {dag.py:3954} INFO - Setting next_dagrun for data_quality to 2026-09-09 16:00:00+00:00, run_after=2026-09-10 16:00:00+00:00
[2026-09-09T06:06:14.227+0000] {logging_mixin.py:188} INFO - [2026-09-09T06:06:14.227+0000] {dag.py:3954} INFO - Setting next_dagrun for produce_json to 2026-09-09 14:00:00+00:00, run_after=2026-09-10 14:00:00+00:00
[2026-09-09T06:06:14.259+0000] {logging_mixin.py:188} INFO - [2026-09-09T06:06:14.259+0000] {dag.py:3954} INFO - Setting next_dagrun for update_db to 2026-09-09 15:00:00+00:00, run_after=2026-09-10 15:00:00+00:00
[2026-09-09T06:06:14.373+0000] {processor.py:183} INFO - Processing /opt/airflow/dags/main.py took 13.665 seconds
[2026-09-09T06:06:45.133+0000] {processor.py:161} INFO - Started process (PID=940) to work on /opt/airflow/dags/main.py
[2026-09-09T06:06:45.135+0000] {processor.py:830} INFO - Processing file /opt/airflow/dags/main.py for tasks to queue
[2026-09-09T06:06:45.138+0000] {logging_mixin.py:188} INFO - [2026-09-09T06:06:45.137+0000] {dagbag.py:545} INFO - Filling up the DagBag from /opt/airflow/dags/main.py
[2026-09-09T06:06:45.222+0000] {logging_mixin.py:188} INFO - channel id is not executed
[2026-09-09T06:06:45.335+0000] {processor.py:840} INFO - DAG(s) 'produce_json', 'update_db', 'data_quality' retrieved from /opt/airflow/dags/main.py
[2026-09-09T06:06:45.700+0000] {logging_mixin.py:188} INFO - [2026-09-09T06:06:45.699+0000] {dag.py:3096} INFO - Sync 3 DAGs
[2026-09-09T06:06:45.851+0000] {logging_mixin.py:188} INFO - [2026-09-09T06:06:45.851+0000] {dag.py:3954} INFO - Setting next_dagrun for data_quality to 2026-09-09 16:00:00+00:00, run_after=2026-09-10 16:00:00+00:00
[2026-09-09T06:06:45.952+0000] {logging_mixin.py:188} INFO - [2026-09-09T06:06:45.952+0000] {dag.py:3954} INFO - Setting next_dagrun for produce_json to 2026-09-09 14:00:00+00:00, run_after=2026-09-10 14:00:00+00:00
[2026-09-09T06:06:46.006+0000] {logging_mixin.py:188} INFO - [2026-09-09T06:06:46.006+0000] {dag.py:3954} INFO - Setting next_dagrun for update_db to 2026-09-09 15:00:00+00:00, run_after=2026-09-10 15:00:00+00:00
[2026-09-09T06:06:46.171+0000] {processor.py:183} INFO - Processing /opt/airflow/dags/main.py took 1.048 seconds
[2026-09-09T06:07:17.136+0000] {processor.py:161} INFO - Started process (PID=947) to work on /opt/airflow/dags/main.py
[2026-09-09T06:07:17.178+0000] {processor.py:830} INFO - Processing file /opt/airflow/dags/main.py for tasks to queue
[2026-09-09T06:07:17.277+0000] {logging_mixin.py:188} INFO - [2026-09-09T06:07:17.277+0000] {dagbag.py:545} INFO - Filling up the DagBag from /opt/airflow/dags/main.py
[2026-09-09T06:07:17.779+0000] {logging_mixin.py:188} INFO - channel id is not executed
[2026-09-09T06:07:17.936+0000] {processor.py:840} INFO - DAG(s) 'update_db', 'data_quality', 'produce_json' retrieved from /opt/airflow/dags/main.py
[2026-09-09T06:07:18.337+0000] {logging_mixin.py:188} INFO - [2026-09-09T06:07:18.337+0000] {dag.py:3096} INFO - Sync 3 DAGs
[2026-09-09T06:07:18.400+0000] {logging_mixin.py:188} INFO - [2026-09-09T06:07:18.400+0000] {dag.py:3954} INFO - Setting next_dagrun for data_quality to 2026-09-09 16:00:00+00:00, run_after=2026-09-10 16:00:00+00:00
[2026-09-09T06:07:18.415+0000] {logging_mixin.py:188} INFO - [2026-09-09T06:07:18.414+0000] {dag.py:3954} INFO - Setting next_dagrun for produce_json to 2026-09-09 14:00:00+00:00, run_after=2026-09-10 14:00:00+00:00
[2026-09-09T06:07:18.422+0000] {logging_mixin.py:188} INFO - [2026-09-09T06:07:18.421+0000] {dag.py:3954} INFO - Setting next_dagrun for update_db to 2026-09-09 15:00:00+00:00, run_after=2026-09-10 15:00:00+00:00
[2026-09-09T06:07:18.469+0000] {processor.py:183} INFO - Processing /opt/airflow/dags/main.py took 1.353 seconds
[2026-09-09T06:07:49.705+0000] {processor.py:161} INFO - Started process (PID=960) to work on /opt/airflow/dags/main.py
[2026-09-09T06:07:49.715+0000] {processor.py:830} INFO - Processing file /opt/airflow/dags/main.py for tasks to queue
[2026-09-09T06:07:49.718+0000] {logging_mixin.py:188} INFO - [2026-09-09T06:07:49.717+0000] {dagbag.py:545} INFO - Filling up the DagBag from /opt/airflow/dags/main.py
[2026-09-09T06:07:49.914+0000] {logging_mixin.py:188} INFO - channel id is not executed
[2026-09-09T06:07:50.215+0000] {processor.py:840} INFO - DAG(s) 'produce_json', 'data_quality', 'update_db' retrieved from /opt/airflow/dags/main.py
[2026-09-09T06:07:50.801+0000] {logging_mixin.py:188} INFO - [2026-09-09T06:07:50.801+0000] {dag.py:3096} INFO - Sync 3 DAGs
[2026-09-09T06:07:50.846+0000] {logging_mixin.py:188} INFO - [2026-09-09T06:07:50.846+0000] {dag.py:3954} INFO - Setting next_dagrun for data_quality to 2026-09-09 16:00:00+00:00, run_after=2026-09-10 16:00:00+00:00
[2026-09-09T06:07:50.855+0000] {logging_mixin.py:188} INFO - [2026-09-09T06:07:50.854+0000] {dag.py:3954} INFO - Setting next_dagrun for produce_json to 2026-09-09 14:00:00+00:00, run_after=2026-09-10 14:00:00+00:00
[2026-09-09T06:07:50.861+0000] {logging_mixin.py:188} INFO - [2026-09-09T06:07:50.860+0000] {dag.py:3954} INFO - Setting next_dagrun for update_db to 2026-09-09 15:00:00+00:00, run_after=2026-09-10 15:00:00+00:00
[2026-09-09T06:07:50.916+0000] {processor.py:183} INFO - Processing /opt/airflow/dags/main.py took 1.231 seconds
[2026-09-09T06:08:21.197+0000] {processor.py:161} INFO - Started process (PID=967) to work on /opt/airflow/dags/main.py
[2026-09-09T06:08:21.202+0000] {processor.py:830} INFO - Processing file /opt/airflow/dags/main.py for tasks to queue
[2026-09-09T06:08:21.213+0000] {logging_mixin.py:188} INFO - [2026-09-09T06:08:21.213+0000] {dagbag.py:545} INFO - Filling up the DagBag from /opt/airflow/dags/main.py
[2026-09-09T06:08:21.594+0000] {logging_mixin.py:188} INFO - channel id is not executed
[2026-09-09T06:08:22.124+0000] {processor.py:840} INFO - DAG(s) 'produce_json', 'data_quality', 'update_db' retrieved from /opt/airflow/dags/main.py
[2026-09-09T06:08:22.708+0000] {logging_mixin.py:188} INFO - [2026-09-09T06:08:22.707+0000] {dag.py:3096} INFO - Sync 3 DAGs
[2026-09-09T06:08:22.830+0000] {logging_mixin.py:188} INFO - [2026-09-09T06:08:22.830+0000] {dag.py:3954} INFO - Setting next_dagrun for data_quality to 2026-09-09 16:00:00+00:00, run_after=2026-09-10 16:00:00+00:00
[2026-09-09T06:08:22.846+0000] {logging_mixin.py:188} INFO - [2026-09-09T06:08:22.846+0000] {dag.py:3954} INFO - Setting next_dagrun for produce_json to 2026-09-09 14:00:00+00:00, run_after=2026-09-10 14:00:00+00:00
[2026-09-09T06:08:22.860+0000] {logging_mixin.py:188} INFO - [2026-09-09T06:08:22.859+0000] {dag.py:3954} INFO - Setting next_dagrun for update_db to 2026-09-09 15:00:00+00:00, run_after=2026-09-10 15:00:00+00:00
[2026-09-09T06:08:23.022+0000] {processor.py:183} INFO - Processing /opt/airflow/dags/main.py took 1.853 seconds
[2026-09-09T06:08:53.223+0000] {processor.py:161} INFO - Started process (PID=974) to work on /opt/airflow/dags/main.py
[2026-09-09T06:08:53.261+0000] {processor.py:830} INFO - Processing file /opt/airflow/dags/main.py for tasks to queue
[2026-09-09T06:08:53.359+0000] {logging_mixin.py:188} INFO - [2026-09-09T06:08:53.358+0000] {dagbag.py:545} INFO - Filling up the DagBag from /opt/airflow/dags/main.py
[2026-09-09T06:08:53.683+0000] {logging_mixin.py:188} INFO - channel id is not executed
[2026-09-09T06:08:54.103+0000] {processor.py:840} INFO - DAG(s) 'update_db', 'data_quality', 'produce_json' retrieved from /opt/airflow/dags/main.py
[2026-09-09T06:08:54.581+0000] {logging_mixin.py:188} INFO - [2026-09-09T06:08:54.580+0000] {dag.py:3096} INFO - Sync 3 DAGs
[2026-09-09T06:08:54.649+0000] {logging_mixin.py:188} INFO - [2026-09-09T06:08:54.649+0000] {dag.py:3954} INFO - Setting next_dagrun for data_quality to 2026-09-09 16:00:00+00:00, run_after=2026-09-10 16:00:00+00:00
[2026-09-09T06:08:54.666+0000] {logging_mixin.py:188} INFO - [2026-09-09T06:08:54.666+0000] {dag.py:3954} INFO - Setting next_dagrun for produce_json to 2026-09-09 14:00:00+00:00, run_after=2026-09-10 14:00:00+00:00
[2026-09-09T06:08:54.680+0000] {logging_mixin.py:188} INFO - [2026-09-09T06:08:54.680+0000] {dag.py:3954} INFO - Setting next_dagrun for update_db to 2026-09-09 15:00:00+00:00, run_after=2026-09-10 15:00:00+00:00
[2026-09-09T06:08:54.730+0000] {processor.py:183} INFO - Processing /opt/airflow/dags/main.py took 1.524 seconds
[2026-09-09T06:09:25.015+0000] {processor.py:161} INFO - Started process (PID=982) to work on /opt/airflow/dags/main.py
[2026-09-09T06:09:25.017+0000] {processor.py:830} INFO - Processing file /opt/airflow/dags/main.py for tasks to queue
[2026-09-09T06:09:25.021+0000] {logging_mixin.py:188} INFO - [2026-09-09T06:09:25.021+0000] {dagbag.py:545} INFO - Filling up the DagBag from /opt/airflow/dags/main.py
[2026-09-09T06:09:25.378+0000] {logging_mixin.py:188} INFO - channel id is not executed
[2026-09-09T06:09:25.985+0000] {processor.py:840} INFO - DAG(s) 'produce_json', 'data_quality', 'update_db' retrieved from /opt/airflow/dags/main.py
[2026-09-09T06:09:26.793+0000] {logging_mixin.py:188} INFO - [2026-09-09T06:09:26.792+0000] {dag.py:3096} INFO - Sync 3 DAGs
[2026-09-09T06:09:26.918+0000] {logging_mixin.py:188} INFO - [2026-09-09T06:09:26.917+0000] {dag.py:3954} INFO - Setting next_dagrun for data_quality to 2026-09-09 16:00:00+00:00, run_after=2026-09-10 16:00:00+00:00
[2026-09-09T06:09:26.994+0000] {logging_mixin.py:188} INFO - [2026-09-09T06:09:26.994+0000] {dag.py:3954} INFO - Setting next_dagrun for produce_json to 2026-09-09 14:00:00+00:00, run_after=2026-09-10 14:00:00+00:00
[2026-09-09T06:09:27.048+0000] {logging_mixin.py:188} INFO - [2026-09-09T06:09:27.047+0000] {dag.py:3954} INFO - Setting next_dagrun for update_db to 2026-09-09 15:00:00+00:00, run_after=2026-09-10 15:00:00+00:00
[2026-09-09T06:09:27.233+0000] {processor.py:183} INFO - Processing /opt/airflow/dags/main.py took 2.237 seconds
[2026-09-09T06:09:57.964+0000] {processor.py:161} INFO - Started process (PID=989) to work on /opt/airflow/dags/main.py
[2026-09-09T06:09:58.009+0000] {processor.py:830} INFO - Processing file /opt/airflow/dags/main.py for tasks to queue
[2026-09-09T06:09:58.118+0000] {logging_mixin.py:188} INFO - [2026-09-09T06:09:58.117+0000] {dagbag.py:545} INFO - Filling up the DagBag from /opt/airflow/dags/main.py
[2026-09-09T06:09:58.402+0000] {logging_mixin.py:188} INFO - channel id is not executed
[2026-09-09T06:09:59.778+0000] {processor.py:840} INFO - DAG(s) 'data_quality', 'update_db', 'produce_json' retrieved from /opt/airflow/dags/main.py
[2026-09-09T06:10:00.413+0000] {logging_mixin.py:188} INFO - [2026-09-09T06:10:00.413+0000] {dag.py:3096} INFO - Sync 3 DAGs
[2026-09-09T06:10:00.520+0000] {logging_mixin.py:188} INFO - [2026-09-09T06:10:00.519+0000] {dag.py:3954} INFO - Setting next_dagrun for data_quality to 2026-09-09 16:00:00+00:00, run_after=2026-09-10 16:00:00+00:00
[2026-09-09T06:10:00.545+0000] {logging_mixin.py:188} INFO - [2026-09-09T06:10:00.545+0000] {dag.py:3954} INFO - Setting next_dagrun for produce_json to 2026-09-09 14:00:00+00:00, run_after=2026-09-10 14:00:00+00:00
[2026-09-09T06:10:00.578+0000] {logging_mixin.py:188} INFO - [2026-09-09T06:10:00.578+0000] {dag.py:3954} INFO - Setting next_dagrun for update_db to 2026-09-09 15:00:00+00:00, run_after=2026-09-10 15:00:00+00:00
[2026-09-09T06:10:00.755+0000] {processor.py:183} INFO - Processing /opt/airflow/dags/main.py took 2.801 seconds
[2026-09-09T06:10:30.984+0000] {processor.py:161} INFO - Started process (PID=996) to work on /opt/airflow/dags/main.py
[2026-09-09T06:10:30.987+0000] {processor.py:830} INFO - Processing file /opt/airflow/dags/main.py for tasks to queue
[2026-09-09T06:10:30.990+0000] {logging_mixin.py:188} INFO - [2026-09-09T06:10:30.990+0000] {dagbag.py:545} INFO - Filling up the DagBag from /opt/airflow/dags/main.py
[2026-09-09T06:10:31.177+0000] {logging_mixin.py:188} INFO - channel id is not executed
[2026-09-09T06:10:31.341+0000] {processor.py:840} INFO - DAG(s) 'update_db', 'produce_json', 'data_quality' retrieved from /opt/airflow/dags/main.py
[2026-09-09T06:10:31.686+0000] {logging_mixin.py:188} INFO - [2026-09-09T06:10:31.686+0000] {dag.py:3096} INFO - Sync 3 DAGs
[2026-09-09T06:10:31.726+0000] {logging_mixin.py:188} INFO - [2026-09-09T06:10:31.725+0000] {dag.py:3954} INFO - Setting next_dagrun for data_quality to 2026-09-09 16:00:00+00:00, run_after=2026-09-10 16:00:00+00:00
[2026-09-09T06:10:31.745+0000] {logging_mixin.py:188} INFO - [2026-09-09T06:10:31.745+0000] {dag.py:3954} INFO - Setting next_dagrun for produce_json to 2026-09-09 14:00:00+00:00, run_after=2026-09-10 14:00:00+00:00
[2026-09-09T06:10:31.760+0000] {logging_mixin.py:188} INFO - [2026-09-09T06:10:31.760+0000] {dag.py:3954} INFO - Setting next_dagrun for update_db to 2026-09-09 15:00:00+00:00, run_after=2026-09-10 15:00:00+00:00
[2026-09-09T06:10:31.836+0000] {processor.py:183} INFO - Processing /opt/airflow/dags/main.py took 0.865 seconds
[2026-09-09T06:11:02.795+0000] {processor.py:161} INFO - Started process (PID=1003) to work on /opt/airflow/dags/main.py
[2026-09-09T06:11:02.799+0000] {processor.py:830} INFO - Processing file /opt/airflow/dags/main.py for tasks to queue
[2026-09-09T06:11:02.803+0000] {logging_mixin.py:188} INFO - [2026-09-09T06:11:02.803+0000] {dagbag.py:545} INFO - Filling up the DagBag from /opt/airflow/dags/main.py
[2026-09-09T06:11:05.116+0000] {logging_mixin.py:188} INFO - channel id is not executed
[2026-09-09T06:11:05.703+0000] {processor.py:840} INFO - DAG(s) 'update_db', 'data_quality', 'produce_json' retrieved from /opt/airflow/dags/main.py
[2026-09-09T06:11:06.160+0000] {logging_mixin.py:188} INFO - [2026-09-09T06:11:06.159+0000] {dag.py:3096} INFO - Sync 3 DAGs
[2026-09-09T06:11:06.233+0000] {logging_mixin.py:188} INFO - [2026-09-09T06:11:06.232+0000] {dag.py:3954} INFO - Setting next_dagrun for data_quality to 2026-09-09 16:00:00+00:00, run_after=2026-09-10 16:00:00+00:00
[2026-09-09T06:11:06.328+0000] {logging_mixin.py:188} INFO - [2026-09-09T06:11:06.328+0000] {dag.py:3954} INFO - Setting next_dagrun for produce_json to 2026-09-09 14:00:00+00:00, run_after=2026-09-10 14:00:00+00:00
[2026-09-09T06:11:06.403+0000] {logging_mixin.py:188} INFO - [2026-09-09T06:11:06.402+0000] {dag.py:3954} INFO - Setting next_dagrun for update_db to 2026-09-09 15:00:00+00:00, run_after=2026-09-10 15:00:00+00:00
[2026-09-09T06:11:06.639+0000] {processor.py:183} INFO - Processing /opt/airflow/dags/main.py took 3.859 seconds
[2026-09-09T06:11:38.414+0000] {processor.py:161} INFO - Started process (PID=1011) to work on /opt/airflow/dags/main.py
[2026-09-09T06:11:38.428+0000] {processor.py:830} INFO - Processing file /opt/airflow/dags/main.py for tasks to queue
[2026-09-09T06:11:38.431+0000] {logging_mixin.py:188} INFO - [2026-09-09T06:11:38.431+0000] {dagbag.py:545} INFO - Filling up the DagBag from /opt/airflow/dags/main.py
[2026-09-09T06:11:38.924+0000] {logging_mixin.py:188} INFO - channel id is not executed
[2026-09-09T06:11:39.783+0000] {processor.py:840} INFO - DAG(s) 'produce_json', 'update_db', 'data_quality' retrieved from /opt/airflow/dags/main.py
[2026-09-09T06:11:40.324+0000] {logging_mixin.py:188} INFO - [2026-09-09T06:11:40.323+0000] {dag.py:3096} INFO - Sync 3 DAGs
[2026-09-09T06:11:40.548+0000] {logging_mixin.py:188} INFO - [2026-09-09T06:11:40.547+0000] {dag.py:3954} INFO - Setting next_dagrun for data_quality to 2026-09-09 16:00:00+00:00, run_after=2026-09-10 16:00:00+00:00
[2026-09-09T06:11:40.598+0000] {logging_mixin.py:188} INFO - [2026-09-09T06:11:40.598+0000] {dag.py:3954} INFO - Setting next_dagrun for produce_json to 2026-09-09 14:00:00+00:00, run_after=2026-09-10 14:00:00+00:00
[2026-09-09T06:11:40.663+0000] {logging_mixin.py:188} INFO - [2026-09-09T06:11:40.662+0000] {dag.py:3954} INFO - Setting next_dagrun for update_db to 2026-09-09 15:00:00+00:00, run_after=2026-09-10 15:00:00+00:00
[2026-09-09T06:11:40.877+0000] {processor.py:183} INFO - Processing /opt/airflow/dags/main.py took 2.494 seconds
[2026-09-09T06:12:11.761+0000] {processor.py:161} INFO - Started process (PID=1018) to work on /opt/airflow/dags/main.py
[2026-09-09T06:12:11.779+0000] {processor.py:830} INFO - Processing file /opt/airflow/dags/main.py for tasks to queue
[2026-09-09T06:12:11.788+0000] {logging_mixin.py:188} INFO - [2026-09-09T06:12:11.788+0000] {dagbag.py:545} INFO - Filling up the DagBag from /opt/airflow/dags/main.py
[2026-09-09T06:12:12.248+0000] {logging_mixin.py:188} INFO - channel id is not executed
[2026-09-09T06:12:12.479+0000] {processor.py:840} INFO - DAG(s) 'produce_json', 'update_db', 'data_quality' retrieved from /opt/airflow/dags/main.py
[2026-09-09T06:12:13.264+0000] {logging_mixin.py:188} INFO - [2026-09-09T06:12:13.252+0000] {dag.py:3096} INFO - Sync 3 DAGs
[2026-09-09T06:12:13.911+0000] {logging_mixin.py:188} INFO - [2026-09-09T06:12:13.911+0000] {dag.py:3954} INFO - Setting next_dagrun for data_quality to 2026-09-09 16:00:00+00:00, run_after=2026-09-10 16:00:00+00:00
[2026-09-09T06:12:14.111+0000] {logging_mixin.py:188} INFO - [2026-09-09T06:12:14.110+0000] {dag.py:3954} INFO - Setting next_dagrun for produce_json to 2026-09-09 14:00:00+00:00, run_after=2026-09-10 14:00:00+00:00
[2026-09-09T06:12:14.262+0000] {logging_mixin.py:188} INFO - [2026-09-09T06:12:14.261+0000] {dag.py:3954} INFO - Setting next_dagrun for update_db to 2026-09-09 15:00:00+00:00, run_after=2026-09-10 15:00:00+00:00
[2026-09-09T06:12:14.637+0000] {processor.py:183} INFO - Processing /opt/airflow/dags/main.py took 2.899 seconds
[2026-09-09T06:12:45.836+0000] {processor.py:161} INFO - Started process (PID=1025) to work on /opt/airflow/dags/main.py
[2026-09-09T06:12:45.860+0000] {processor.py:830} INFO - Processing file /opt/airflow/dags/main.py for tasks to queue
[2026-09-09T06:12:45.864+0000] {logging_mixin.py:188} INFO - [2026-09-09T06:12:45.864+0000] {dagbag.py:545} INFO - Filling up the DagBag from /opt/airflow/dags/main.py
[2026-09-09T06:12:46.009+0000] {logging_mixin.py:188} INFO - channel id is not executed
[2026-09-09T06:12:47.306+0000] {processor.py:840} INFO - DAG(s) 'update_db', 'data_quality', 'produce_json' retrieved from /opt/airflow/dags/main.py
[2026-09-09T06:12:47.835+0000] {logging_mixin.py:188} INFO - [2026-09-09T06:12:47.834+0000] {dag.py:3096} INFO - Sync 3 DAGs
[2026-09-09T06:12:47.952+0000] {logging_mixin.py:188} INFO - [2026-09-09T06:12:47.951+0000] {dag.py:3954} INFO - Setting next_dagrun for data_quality to 2026-09-09 16:00:00+00:00, run_after=2026-09-10 16:00:00+00:00
[2026-09-09T06:12:47.971+0000] {logging_mixin.py:188} INFO - [2026-09-09T06:12:47.970+0000] {dag.py:3954} INFO - Setting next_dagrun for produce_json to 2026-09-09 14:00:00+00:00, run_after=2026-09-10 14:00:00+00:00
[2026-09-09T06:12:47.995+0000] {logging_mixin.py:188} INFO - [2026-09-09T06:12:47.994+0000] {dag.py:3954} INFO - Setting next_dagrun for update_db to 2026-09-09 15:00:00+00:00, run_after=2026-09-10 15:00:00+00:00
[2026-09-09T06:12:48.079+0000] {processor.py:183} INFO - Processing /opt/airflow/dags/main.py took 2.252 seconds
[2026-09-09T06:13:19.365+0000] {processor.py:161} INFO - Started process (PID=1033) to work on /opt/airflow/dags/main.py
[2026-09-09T06:13:19.377+0000] {processor.py:830} INFO - Processing file /opt/airflow/dags/main.py for tasks to queue
[2026-09-09T06:13:19.380+0000] {logging_mixin.py:188} INFO - [2026-09-09T06:13:19.380+0000] {dagbag.py:545} INFO - Filling up the DagBag from /opt/airflow/dags/main.py
[2026-09-09T06:13:19.530+0000] {logging_mixin.py:188} INFO - channel id is not executed
[2026-09-09T06:13:19.858+0000] {processor.py:840} INFO - DAG(s) 'produce_json', 'update_db', 'data_quality' retrieved from /opt/airflow/dags/main.py
[2026-09-09T06:13:20.510+0000] {logging_mixin.py:188} INFO - [2026-09-09T06:13:20.510+0000] {dag.py:3096} INFO - Sync 3 DAGs
[2026-09-09T06:13:20.591+0000] {logging_mixin.py:188} INFO - [2026-09-09T06:13:20.591+0000] {dag.py:3954} INFO - Setting next_dagrun for data_quality to 2026-09-09 16:00:00+00:00, run_after=2026-09-10 16:00:00+00:00
[2026-09-09T06:13:20.618+0000] {logging_mixin.py:188} INFO - [2026-09-09T06:13:20.618+0000] {dag.py:3954} INFO - Setting next_dagrun for produce_json to 2026-09-09 14:00:00+00:00, run_after=2026-09-10 14:00:00+00:00
[2026-09-09T06:13:20.633+0000] {logging_mixin.py:188} INFO - [2026-09-09T06:13:20.624+0000] {dag.py:3954} INFO - Setting next_dagrun for update_db to 2026-09-09 15:00:00+00:00, run_after=2026-09-10 15:00:00+00:00
[2026-09-09T06:13:20.701+0000] {processor.py:183} INFO - Processing /opt/airflow/dags/main.py took 1.358 seconds
[2026-09-09T06:13:51.228+0000] {processor.py:161} INFO - Started process (PID=1040) to work on /opt/airflow/dags/main.py
[2026-09-09T06:13:51.241+0000] {processor.py:830} INFO - Processing file /opt/airflow/dags/main.py for tasks to queue
[2026-09-09T06:13:51.244+0000] {logging_mixin.py:188} INFO - [2026-09-09T06:13:51.244+0000] {dagbag.py:545} INFO - Filling up the DagBag from /opt/airflow/dags/main.py
[2026-09-09T06:13:51.379+0000] {logging_mixin.py:188} INFO - channel id is not executed
[2026-09-09T06:13:52.085+0000] {processor.py:840} INFO - DAG(s) 'update_db', 'produce_json', 'data_quality' retrieved from /opt/airflow/dags/main.py
[2026-09-09T06:13:53.081+0000] {logging_mixin.py:188} INFO - [2026-09-09T06:13:53.080+0000] {dag.py:3096} INFO - Sync 3 DAGs
[2026-09-09T06:13:53.429+0000] {logging_mixin.py:188} INFO - [2026-09-09T06:13:53.429+0000] {dag.py:3954} INFO - Setting next_dagrun for data_quality to 2026-09-09 16:00:00+00:00, run_after=2026-09-10 16:00:00+00:00
[2026-09-09T06:13:53.661+0000] {logging_mixin.py:188} INFO - [2026-09-09T06:13:53.661+0000] {dag.py:3954} INFO - Setting next_dagrun for produce_json to 2026-09-09 14:00:00+00:00, run_after=2026-09-10 14:00:00+00:00
[2026-09-09T06:13:53.722+0000] {logging_mixin.py:188} INFO - [2026-09-09T06:13:53.710+0000] {dag.py:3954} INFO - Setting next_dagrun for update_db to 2026-09-09 15:00:00+00:00, run_after=2026-09-10 15:00:00+00:00
[2026-09-09T06:13:54.021+0000] {processor.py:183} INFO - Processing /opt/airflow/dags/main.py took 2.812 seconds
[2026-09-09T06:14:24.838+0000] {processor.py:161} INFO - Started process (PID=1053) to work on /opt/airflow/dags/main.py
[2026-09-09T06:14:24.853+0000] {processor.py:830} INFO - Processing file /opt/airflow/dags/main.py for tasks to queue
[2026-09-09T06:14:24.857+0000] {logging_mixin.py:188} INFO - [2026-09-09T06:14:24.856+0000] {dagbag.py:545} INFO - Filling up the DagBag from /opt/airflow/dags/main.py
[2026-09-09T06:14:25.086+0000] {logging_mixin.py:188} INFO - channel id is not executed
[2026-09-09T06:14:25.346+0000] {processor.py:840} INFO - DAG(s) 'data_quality', 'update_db', 'produce_json' retrieved from /opt/airflow/dags/main.py
[2026-09-09T06:14:26.264+0000] {logging_mixin.py:188} INFO - [2026-09-09T06:14:26.263+0000] {dag.py:3096} INFO - Sync 3 DAGs
[2026-09-09T06:14:26.473+0000] {logging_mixin.py:188} INFO - [2026-09-09T06:14:26.473+0000] {dag.py:3954} INFO - Setting next_dagrun for data_quality to 2026-09-09 16:00:00+00:00, run_after=2026-09-10 16:00:00+00:00
[2026-09-09T06:14:26.519+0000] {logging_mixin.py:188} INFO - [2026-09-09T06:14:26.519+0000] {dag.py:3954} INFO - Setting next_dagrun for produce_json to 2026-09-09 14:00:00+00:00, run_after=2026-09-10 14:00:00+00:00
[2026-09-09T06:14:26.553+0000] {logging_mixin.py:188} INFO - [2026-09-09T06:14:26.553+0000] {dag.py:3954} INFO - Setting next_dagrun for update_db to 2026-09-09 15:00:00+00:00, run_after=2026-09-10 15:00:00+00:00
[2026-09-09T06:14:26.674+0000] {processor.py:183} INFO - Processing /opt/airflow/dags/main.py took 1.858 seconds
[2026-09-09T06:14:57.595+0000] {processor.py:161} INFO - Started process (PID=1059) to work on /opt/airflow/dags/main.py
[2026-09-09T06:14:57.610+0000] {processor.py:830} INFO - Processing file /opt/airflow/dags/main.py for tasks to queue
[2026-09-09T06:14:57.621+0000] {logging_mixin.py:188} INFO - [2026-09-09T06:14:57.620+0000] {dagbag.py:545} INFO - Filling up the DagBag from /opt/airflow/dags/main.py
[2026-09-09T06:14:59.510+0000] {logging_mixin.py:188} INFO - channel id is not executed
[2026-09-09T06:15:02.334+0000] {processor.py:840} INFO - DAG(s) 'produce_json', 'update_db', 'data_quality' retrieved from /opt/airflow/dags/main.py
[2026-09-09T06:15:03.535+0000] {logging_mixin.py:188} INFO - [2026-09-09T06:15:03.529+0000] {dag.py:3096} INFO - Sync 3 DAGs
[2026-09-09T06:15:03.723+0000] {logging_mixin.py:188} INFO - [2026-09-09T06:15:03.723+0000] {dag.py:3954} INFO - Setting next_dagrun for data_quality to 2026-09-09 16:00:00+00:00, run_after=2026-09-10 16:00:00+00:00
[2026-09-09T06:15:03.772+0000] {logging_mixin.py:188} INFO - [2026-09-09T06:15:03.772+0000] {dag.py:3954} INFO - Setting next_dagrun for produce_json to 2026-09-09 14:00:00+00:00, run_after=2026-09-10 14:00:00+00:00
[2026-09-09T06:15:03.790+0000] {logging_mixin.py:188} INFO - [2026-09-09T06:15:03.789+0000] {dag.py:3954} INFO - Setting next_dagrun for update_db to 2026-09-09 15:00:00+00:00, run_after=2026-09-10 15:00:00+00:00
[2026-09-09T06:15:03.929+0000] {processor.py:183} INFO - Processing /opt/airflow/dags/main.py took 6.357 seconds
[2026-09-09T06:15:35.801+0000] {processor.py:161} INFO - Started process (PID=1066) to work on /opt/airflow/dags/main.py
[2026-09-09T06:15:36.057+0000] {processor.py:830} INFO - Processing file /opt/airflow/dags/main.py for tasks to queue
[2026-09-09T06:15:36.069+0000] {logging_mixin.py:188} INFO - [2026-09-09T06:15:36.068+0000] {dagbag.py:545} INFO - Filling up the DagBag from /opt/airflow/dags/main.py
[2026-09-09T06:15:36.347+0000] {logging_mixin.py:188} INFO - channel id is not executed
[2026-09-09T06:15:36.713+0000] {processor.py:840} INFO - DAG(s) 'produce_json', 'data_quality', 'update_db' retrieved from /opt/airflow/dags/main.py
[2026-09-09T06:15:37.608+0000] {logging_mixin.py:188} INFO - [2026-09-09T06:15:37.607+0000] {dag.py:3096} INFO - Sync 3 DAGs
[2026-09-09T06:15:37.752+0000] {logging_mixin.py:188} INFO - [2026-09-09T06:15:37.752+0000] {dag.py:3954} INFO - Setting next_dagrun for data_quality to 2026-09-09 16:00:00+00:00, run_after=2026-09-10 16:00:00+00:00
[2026-09-09T06:15:37.827+0000] {logging_mixin.py:188} INFO - [2026-09-09T06:15:37.827+0000] {dag.py:3954} INFO - Setting next_dagrun for produce_json to 2026-09-09 14:00:00+00:00, run_after=2026-09-10 14:00:00+00:00
[2026-09-09T06:15:38.047+0000] {logging_mixin.py:188} INFO - [2026-09-09T06:15:38.047+0000] {dag.py:3954} INFO - Setting next_dagrun for update_db to 2026-09-09 15:00:00+00:00, run_after=2026-09-10 15:00:00+00:00
[2026-09-09T06:15:38.268+0000] {processor.py:183} INFO - Processing /opt/airflow/dags/main.py took 2.499 seconds
[2026-09-09T06:16:08.737+0000] {processor.py:161} INFO - Started process (PID=1074) to work on /opt/airflow/dags/main.py
[2026-09-09T06:16:08.771+0000] {processor.py:830} INFO - Processing file /opt/airflow/dags/main.py for tasks to queue
[2026-09-09T06:16:08.920+0000] {logging_mixin.py:188} INFO - [2026-09-09T06:16:08.920+0000] {dagbag.py:545} INFO - Filling up the DagBag from /opt/airflow/dags/main.py
[2026-09-09T06:16:10.135+0000] {logging_mixin.py:188} INFO - channel id is not executed
[2026-09-09T06:16:10.796+0000] {processor.py:840} INFO - DAG(s) 'data_quality', 'update_db', 'produce_json' retrieved from /opt/airflow/dags/main.py
[2026-09-09T06:16:11.452+0000] {logging_mixin.py:188} INFO - [2026-09-09T06:16:11.452+0000] {dag.py:3096} INFO - Sync 3 DAGs
[2026-09-09T06:16:11.667+0000] {logging_mixin.py:188} INFO - [2026-09-09T06:16:11.667+0000] {dag.py:3954} INFO - Setting next_dagrun for data_quality to 2026-09-09 16:00:00+00:00, run_after=2026-09-10 16:00:00+00:00
[2026-09-09T06:16:11.727+0000] {logging_mixin.py:188} INFO - [2026-09-09T06:16:11.727+0000] {dag.py:3954} INFO - Setting next_dagrun for produce_json to 2026-09-09 14:00:00+00:00, run_after=2026-09-10 14:00:00+00:00
[2026-09-09T06:16:11.789+0000] {logging_mixin.py:188} INFO - [2026-09-09T06:16:11.789+0000] {dag.py:3954} INFO - Setting next_dagrun for update_db to 2026-09-09 15:00:00+00:00, run_after=2026-09-10 15:00:00+00:00
[2026-09-09T06:16:11.942+0000] {processor.py:183} INFO - Processing /opt/airflow/dags/main.py took 3.240 seconds
[2026-09-09T06:16:42.201+0000] {processor.py:161} INFO - Started process (PID=1081) to work on /opt/airflow/dags/main.py
[2026-09-09T06:16:42.203+0000] {processor.py:830} INFO - Processing file /opt/airflow/dags/main.py for tasks to queue
[2026-09-09T06:16:42.206+0000] {logging_mixin.py:188} INFO - [2026-09-09T06:16:42.205+0000] {dagbag.py:545} INFO - Filling up the DagBag from /opt/airflow/dags/main.py
[2026-09-09T06:16:42.323+0000] {logging_mixin.py:188} INFO - channel id is not executed
[2026-09-09T06:16:43.499+0000] {processor.py:840} INFO - DAG(s) 'update_db', 'produce_json', 'data_quality' retrieved from /opt/airflow/dags/main.py
[2026-09-09T06:16:43.853+0000] {logging_mixin.py:188} INFO - [2026-09-09T06:16:43.853+0000] {dag.py:3096} INFO - Sync 3 DAGs
[2026-09-09T06:16:43.907+0000] {logging_mixin.py:188} INFO - [2026-09-09T06:16:43.906+0000] {dag.py:3954} INFO - Setting next_dagrun for data_quality to 2026-09-09 16:00:00+00:00, run_after=2026-09-10 16:00:00+00:00
[2026-09-09T06:16:43.916+0000] {logging_mixin.py:188} INFO - [2026-09-09T06:16:43.916+0000] {dag.py:3954} INFO - Setting next_dagrun for produce_json to 2026-09-09 14:00:00+00:00, run_after=2026-09-10 14:00:00+00:00
[2026-09-09T06:16:43.923+0000] {logging_mixin.py:188} INFO - [2026-09-09T06:16:43.922+0000] {dag.py:3954} INFO - Setting next_dagrun for update_db to 2026-09-09 15:00:00+00:00, run_after=2026-09-10 15:00:00+00:00
[2026-09-09T06:16:43.968+0000] {processor.py:183} INFO - Processing /opt/airflow/dags/main.py took 1.782 seconds
[2026-09-09T06:17:15.146+0000] {processor.py:161} INFO - Started process (PID=1089) to work on /opt/airflow/dags/main.py
[2026-09-09T06:17:15.159+0000] {processor.py:830} INFO - Processing file /opt/airflow/dags/main.py for tasks to queue
[2026-09-09T06:17:15.162+0000] {logging_mixin.py:188} INFO - [2026-09-09T06:17:15.161+0000] {dagbag.py:545} INFO - Filling up the DagBag from /opt/airflow/dags/main.py
[2026-09-09T06:17:15.311+0000] {logging_mixin.py:188} INFO - channel id is not executed
[2026-09-09T06:17:15.593+0000] {processor.py:840} INFO - DAG(s) 'data_quality', 'produce_json', 'update_db' retrieved from /opt/airflow/dags/main.py
[2026-09-09T06:17:16.185+0000] {logging_mixin.py:188} INFO - [2026-09-09T06:17:16.184+0000] {dag.py:3096} INFO - Sync 3 DAGs
[2026-09-09T06:17:16.281+0000] {logging_mixin.py:188} INFO - [2026-09-09T06:17:16.281+0000] {dag.py:3954} INFO - Setting next_dagrun for data_quality to 2026-09-09 16:00:00+00:00, run_after=2026-09-10 16:00:00+00:00
[2026-09-09T06:17:16.303+0000] {logging_mixin.py:188} INFO - [2026-09-09T06:17:16.302+0000] {dag.py:3954} INFO - Setting next_dagrun for produce_json to 2026-09-09 14:00:00+00:00, run_after=2026-09-10 14:00:00+00:00
[2026-09-09T06:17:16.316+0000] {logging_mixin.py:188} INFO - [2026-09-09T06:17:16.316+0000] {dag.py:3954} INFO - Setting next_dagrun for update_db to 2026-09-09 15:00:00+00:00, run_after=2026-09-10 15:00:00+00:00
[2026-09-09T06:17:16.375+0000] {processor.py:183} INFO - Processing /opt/airflow/dags/main.py took 1.250 seconds
[2026-09-09T06:17:47.246+0000] {processor.py:161} INFO - Started process (PID=1096) to work on /opt/airflow/dags/main.py
[2026-09-09T06:17:47.248+0000] {processor.py:830} INFO - Processing file /opt/airflow/dags/main.py for tasks to queue
[2026-09-09T06:17:47.251+0000] {logging_mixin.py:188} INFO - [2026-09-09T06:17:47.250+0000] {dagbag.py:545} INFO - Filling up the DagBag from /opt/airflow/dags/main.py
[2026-09-09T06:17:47.322+0000] {logging_mixin.py:188} INFO - channel id is not executed
[2026-09-09T06:17:47.488+0000] {processor.py:840} INFO - DAG(s) 'data_quality', 'update_db', 'produce_json' retrieved from /opt/airflow/dags/main.py
[2026-09-09T06:17:47.853+0000] {logging_mixin.py:188} INFO - [2026-09-09T06:17:47.852+0000] {dag.py:3096} INFO - Sync 3 DAGs
[2026-09-09T06:17:47.892+0000] {logging_mixin.py:188} INFO - [2026-09-09T06:17:47.891+0000] {dag.py:3954} INFO - Setting next_dagrun for data_quality to 2026-09-09 16:00:00+00:00, run_after=2026-09-10 16:00:00+00:00
[2026-09-09T06:17:47.902+0000] {logging_mixin.py:188} INFO - [2026-09-09T06:17:47.901+0000] {dag.py:3954} INFO - Setting next_dagrun for produce_json to 2026-09-09 14:00:00+00:00, run_after=2026-09-10 14:00:00+00:00
[2026-09-09T06:17:47.907+0000] {logging_mixin.py:188} INFO - [2026-09-09T06:17:47.907+0000] {dag.py:3954} INFO - Setting next_dagrun for update_db to 2026-09-09 15:00:00+00:00, run_after=2026-09-10 15:00:00+00:00
[2026-09-09T06:17:47.967+0000] {processor.py:183} INFO - Processing /opt/airflow/dags/main.py took 0.731 seconds
[2026-09-09T06:18:19.292+0000] {processor.py:161} INFO - Started process (PID=1103) to work on /opt/airflow/dags/main.py
[2026-09-09T06:18:19.294+0000] {processor.py:830} INFO - Processing file /opt/airflow/dags/main.py for tasks to queue
[2026-09-09T06:18:19.367+0000] {logging_mixin.py:188} INFO - [2026-09-09T06:18:19.367+0000] {dagbag.py:545} INFO - Filling up the DagBag from /opt/airflow/dags/main.py
[2026-09-09T06:18:19.505+0000] {logging_mixin.py:188} INFO - channel id is not executed
[2026-09-09T06:18:19.670+0000] {processor.py:840} INFO - DAG(s) 'update_db', 'produce_json', 'data_quality' retrieved from /opt/airflow/dags/main.py
[2026-09-09T06:18:19.943+0000] {logging_mixin.py:188} INFO - [2026-09-09T06:18:19.942+0000] {dag.py:3096} INFO - Sync 3 DAGs
[2026-09-09T06:18:19.982+0000] {logging_mixin.py:188} INFO - [2026-09-09T06:18:19.982+0000] {dag.py:3954} INFO - Setting next_dagrun for data_quality to 2026-09-09 16:00:00+00:00, run_after=2026-09-10 16:00:00+00:00
[2026-09-09T06:18:19.992+0000] {logging_mixin.py:188} INFO - [2026-09-09T06:18:19.991+0000] {dag.py:3954} INFO - Setting next_dagrun for produce_json to 2026-09-09 14:00:00+00:00, run_after=2026-09-10 14:00:00+00:00
[2026-09-09T06:18:19.997+0000] {logging_mixin.py:188} INFO - [2026-09-09T06:18:19.997+0000] {dag.py:3954} INFO - Setting next_dagrun for update_db to 2026-09-09 15:00:00+00:00, run_after=2026-09-10 15:00:00+00:00
[2026-09-09T06:18:20.039+0000] {processor.py:183} INFO - Processing /opt/airflow/dags/main.py took 0.760 seconds
[2026-09-09T06:18:50.830+0000] {processor.py:161} INFO - Started process (PID=1111) to work on /opt/airflow/dags/main.py
[2026-09-09T06:18:50.833+0000] {processor.py:830} INFO - Processing file /opt/airflow/dags/main.py for tasks to queue
[2026-09-09T06:18:50.835+0000] {logging_mixin.py:188} INFO - [2026-09-09T06:18:50.835+0000] {dagbag.py:545} INFO - Filling up the DagBag from /opt/airflow/dags/main.py
[2026-09-09T06:18:50.916+0000] {logging_mixin.py:188} INFO - channel id is not executed
[2026-09-09T06:18:51.076+0000] {processor.py:840} INFO - DAG(s) 'update_db', 'produce_json', 'data_quality' retrieved from /opt/airflow/dags/main.py
[2026-09-09T06:18:51.630+0000] {logging_mixin.py:188} INFO - [2026-09-09T06:18:51.630+0000] {dag.py:3096} INFO - Sync 3 DAGs
[2026-09-09T06:18:51.734+0000] {logging_mixin.py:188} INFO - [2026-09-09T06:18:51.733+0000] {dag.py:3954} INFO - Setting next_dagrun for data_quality to 2026-09-09 16:00:00+00:00, run_after=2026-09-10 16:00:00+00:00
[2026-09-09T06:18:51.777+0000] {logging_mixin.py:188} INFO - [2026-09-09T06:18:51.776+0000] {dag.py:3954} INFO - Setting next_dagrun for produce_json to 2026-09-09 14:00:00+00:00, run_after=2026-09-10 14:00:00+00:00
[2026-09-09T06:18:51.800+0000] {logging_mixin.py:188} INFO - [2026-09-09T06:18:51.799+0000] {dag.py:3954} INFO - Setting next_dagrun for update_db to 2026-09-09 15:00:00+00:00, run_after=2026-09-10 15:00:00+00:00
[2026-09-09T06:18:51.857+0000] {processor.py:183} INFO - Processing /opt/airflow/dags/main.py took 1.039 seconds
[2026-09-09T06:19:22.092+0000] {processor.py:161} INFO - Started process (PID=1118) to work on /opt/airflow/dags/main.py
[2026-09-09T06:19:22.095+0000] {processor.py:830} INFO - Processing file /opt/airflow/dags/main.py for tasks to queue
[2026-09-09T06:19:22.101+0000] {logging_mixin.py:188} INFO - [2026-09-09T06:19:22.100+0000] {dagbag.py:545} INFO - Filling up the DagBag from /opt/airflow/dags/main.py
[2026-09-09T06:19:22.259+0000] {logging_mixin.py:188} INFO - channel id is not executed
[2026-09-09T06:19:22.443+0000] {processor.py:840} INFO - DAG(s) 'produce_json', 'update_db', 'data_quality' retrieved from /opt/airflow/dags/main.py
[2026-09-09T06:19:22.753+0000] {logging_mixin.py:188} INFO - [2026-09-09T06:19:22.752+0000] {dag.py:3096} INFO - Sync 3 DAGs
[2026-09-09T06:19:22.790+0000] {logging_mixin.py:188} INFO - [2026-09-09T06:19:22.789+0000] {dag.py:3954} INFO - Setting next_dagrun for data_quality to 2026-09-09 16:00:00+00:00, run_after=2026-09-10 16:00:00+00:00
[2026-09-09T06:19:22.799+0000] {logging_mixin.py:188} INFO - [2026-09-09T06:19:22.799+0000] {dag.py:3954} INFO - Setting next_dagrun for produce_json to 2026-09-09 14:00:00+00:00, run_after=2026-09-10 14:00:00+00:00
[2026-09-09T06:19:22.804+0000] {logging_mixin.py:188} INFO - [2026-09-09T06:19:22.804+0000] {dag.py:3954} INFO - Setting next_dagrun for update_db to 2026-09-09 15:00:00+00:00, run_after=2026-09-10 15:00:00+00:00
[2026-09-09T06:19:22.861+0000] {processor.py:183} INFO - Processing /opt/airflow/dags/main.py took 0.796 seconds
[2026-09-09T06:19:53.677+0000] {processor.py:161} INFO - Started process (PID=1125) to work on /opt/airflow/dags/main.py
[2026-09-09T06:19:53.679+0000] {processor.py:830} INFO - Processing file /opt/airflow/dags/main.py for tasks to queue
[2026-09-09T06:19:53.689+0000] {logging_mixin.py:188} INFO - [2026-09-09T06:19:53.688+0000] {dagbag.py:545} INFO - Filling up the DagBag from /opt/airflow/dags/main.py
[2026-09-09T06:19:54.145+0000] {logging_mixin.py:188} INFO - channel id is not executed
[2026-09-09T06:19:55.211+0000] {processor.py:840} INFO - DAG(s) 'produce_json', 'data_quality', 'update_db' retrieved from /opt/airflow/dags/main.py
[2026-09-09T06:19:55.620+0000] {logging_mixin.py:188} INFO - [2026-09-09T06:19:55.620+0000] {dag.py:3096} INFO - Sync 3 DAGs
[2026-09-09T06:19:55.681+0000] {logging_mixin.py:188} INFO - [2026-09-09T06:19:55.681+0000] {dag.py:3954} INFO - Setting next_dagrun for data_quality to 2026-09-09 16:00:00+00:00, run_after=2026-09-10 16:00:00+00:00
[2026-09-09T06:19:55.699+0000] {logging_mixin.py:188} INFO - [2026-09-09T06:19:55.699+0000] {dag.py:3954} INFO - Setting next_dagrun for produce_json to 2026-09-09 14:00:00+00:00, run_after=2026-09-10 14:00:00+00:00
[2026-09-09T06:19:55.739+0000] {logging_mixin.py:188} INFO - [2026-09-09T06:19:55.738+0000] {dag.py:3954} INFO - Setting next_dagrun for update_db to 2026-09-09 15:00:00+00:00, run_after=2026-09-10 15:00:00+00:00
[2026-09-09T06:19:55.880+0000] {processor.py:183} INFO - Processing /opt/airflow/dags/main.py took 2.213 seconds
[2026-09-09T06:20:26.669+0000] {processor.py:161} INFO - Started process (PID=1138) to work on /opt/airflow/dags/main.py
[2026-09-09T06:20:26.674+0000] {processor.py:830} INFO - Processing file /opt/airflow/dags/main.py for tasks to queue
[2026-09-09T06:20:26.681+0000] {logging_mixin.py:188} INFO - [2026-09-09T06:20:26.680+0000] {dagbag.py:545} INFO - Filling up the DagBag from /opt/airflow/dags/main.py
[2026-09-09T06:20:26.743+0000] {logging_mixin.py:188} INFO - channel id is not executed
[2026-09-09T06:20:26.848+0000] {processor.py:840} INFO - DAG(s) 'data_quality', 'update_db', 'produce_json' retrieved from /opt/airflow/dags/main.py
[2026-09-09T06:20:27.154+0000] {logging_mixin.py:188} INFO - [2026-09-09T06:20:27.153+0000] {dag.py:3096} INFO - Sync 3 DAGs
[2026-09-09T06:20:27.194+0000] {logging_mixin.py:188} INFO - [2026-09-09T06:20:27.194+0000] {dag.py:3954} INFO - Setting next_dagrun for data_quality to 2026-09-09 16:00:00+00:00, run_after=2026-09-10 16:00:00+00:00
[2026-09-09T06:20:27.204+0000] {logging_mixin.py:188} INFO - [2026-09-09T06:20:27.204+0000] {dag.py:3954} INFO - Setting next_dagrun for produce_json to 2026-09-09 14:00:00+00:00, run_after=2026-09-10 14:00:00+00:00
[2026-09-09T06:20:27.211+0000] {logging_mixin.py:188} INFO - [2026-09-09T06:20:27.210+0000] {dag.py:3954} INFO - Setting next_dagrun for update_db to 2026-09-09 15:00:00+00:00, run_after=2026-09-10 15:00:00+00:00
[2026-09-09T06:20:27.249+0000] {processor.py:183} INFO - Processing /opt/airflow/dags/main.py took 0.594 seconds
[2026-09-09T06:20:57.573+0000] {processor.py:161} INFO - Started process (PID=1146) to work on /opt/airflow/dags/main.py
[2026-09-09T06:20:57.575+0000] {processor.py:830} INFO - Processing file /opt/airflow/dags/main.py for tasks to queue
[2026-09-09T06:20:57.578+0000] {logging_mixin.py:188} INFO - [2026-09-09T06:20:57.578+0000] {dagbag.py:545} INFO - Filling up the DagBag from /opt/airflow/dags/main.py
[2026-09-09T06:20:57.676+0000] {logging_mixin.py:188} INFO - channel id is not executed
[2026-09-09T06:20:57.806+0000] {processor.py:840} INFO - DAG(s) 'produce_json', 'update_db', 'data_quality' retrieved from /opt/airflow/dags/main.py
[2026-09-09T06:20:58.111+0000] {logging_mixin.py:188} INFO - [2026-09-09T06:20:58.111+0000] {dag.py:3096} INFO - Sync 3 DAGs
[2026-09-09T06:20:58.154+0000] {logging_mixin.py:188} INFO - [2026-09-09T06:20:58.153+0000] {dag.py:3954} INFO - Setting next_dagrun for data_quality to 2026-09-09 16:00:00+00:00, run_after=2026-09-10 16:00:00+00:00
[2026-09-09T06:20:58.162+0000] {logging_mixin.py:188} INFO - [2026-09-09T06:20:58.162+0000] {dag.py:3954} INFO - Setting next_dagrun for produce_json to 2026-09-09 14:00:00+00:00, run_after=2026-09-10 14:00:00+00:00
[2026-09-09T06:20:58.168+0000] {logging_mixin.py:188} INFO - [2026-09-09T06:20:58.167+0000] {dag.py:3954} INFO - Setting next_dagrun for update_db to 2026-09-09 15:00:00+00:00, run_after=2026-09-10 15:00:00+00:00
[2026-09-09T06:20:58.216+0000] {processor.py:183} INFO - Processing /opt/airflow/dags/main.py took 0.653 seconds
[2026-09-09T06:21:28.981+0000] {processor.py:161} INFO - Started process (PID=1153) to work on /opt/airflow/dags/main.py
[2026-09-09T06:21:28.984+0000] {processor.py:830} INFO - Processing file /opt/airflow/dags/main.py for tasks to queue
[2026-09-09T06:21:28.987+0000] {logging_mixin.py:188} INFO - [2026-09-09T06:21:28.986+0000] {dagbag.py:545} INFO - Filling up the DagBag from /opt/airflow/dags/main.py
[2026-09-09T06:21:29.077+0000] {logging_mixin.py:188} INFO - channel id is not executed
[2026-09-09T06:21:29.218+0000] {processor.py:840} INFO - DAG(s) 'update_db', 'produce_json', 'data_quality' retrieved from /opt/airflow/dags/main.py
[2026-09-09T06:21:29.471+0000] {logging_mixin.py:188} INFO - [2026-09-09T06:21:29.471+0000] {dag.py:3096} INFO - Sync 3 DAGs
[2026-09-09T06:21:29.510+0000] {logging_mixin.py:188} INFO - [2026-09-09T06:21:29.510+0000] {dag.py:3954} INFO - Setting next_dagrun for data_quality to 2026-09-09 16:00:00+00:00, run_after=2026-09-10 16:00:00+00:00
[2026-09-09T06:21:29.520+0000] {logging_mixin.py:188} INFO - [2026-09-09T06:21:29.520+0000] {dag.py:3954} INFO - Setting next_dagrun for produce_json to 2026-09-09 14:00:00+00:00, run_after=2026-09-10 14:00:00+00:00
[2026-09-09T06:21:29.526+0000] {logging_mixin.py:188} INFO - [2026-09-09T06:21:29.526+0000] {dag.py:3954} INFO - Setting next_dagrun for update_db to 2026-09-09 15:00:00+00:00, run_after=2026-09-10 15:00:00+00:00
[2026-09-09T06:21:29.565+0000] {processor.py:183} INFO - Processing /opt/airflow/dags/main.py took 0.597 seconds
[2026-09-09T06:21:59.737+0000] {processor.py:161} INFO - Started process (PID=1161) to work on /opt/airflow/dags/main.py
[2026-09-09T06:21:59.739+0000] {processor.py:830} INFO - Processing file /opt/airflow/dags/main.py for tasks to queue
[2026-09-09T06:21:59.742+0000] {logging_mixin.py:188} INFO - [2026-09-09T06:21:59.741+0000] {dagbag.py:545} INFO - Filling up the DagBag from /opt/airflow/dags/main.py
[2026-09-09T06:21:59.812+0000] {logging_mixin.py:188} INFO - channel id is not executed
[2026-09-09T06:21:59.938+0000] {processor.py:840} INFO - DAG(s) 'data_quality', 'produce_json', 'update_db' retrieved from /opt/airflow/dags/main.py
[2026-09-09T06:22:00.204+0000] {logging_mixin.py:188} INFO - [2026-09-09T06:22:00.204+0000] {dag.py:3096} INFO - Sync 3 DAGs
[2026-09-09T06:22:00.251+0000] {logging_mixin.py:188} INFO - [2026-09-09T06:22:00.250+0000] {dag.py:3954} INFO - Setting next_dagrun for data_quality to 2026-09-09 16:00:00+00:00, run_after=2026-09-10 16:00:00+00:00
[2026-09-09T06:22:00.261+0000] {logging_mixin.py:188} INFO - [2026-09-09T06:22:00.261+0000] {dag.py:3954} INFO - Setting next_dagrun for produce_json to 2026-09-09 14:00:00+00:00, run_after=2026-09-10 14:00:00+00:00
[2026-09-09T06:22:00.268+0000] {logging_mixin.py:188} INFO - [2026-09-09T06:22:00.268+0000] {dag.py:3954} INFO - Setting next_dagrun for update_db to 2026-09-09 15:00:00+00:00, run_after=2026-09-10 15:00:00+00:00
[2026-09-09T06:22:00.306+0000] {processor.py:183} INFO - Processing /opt/airflow/dags/main.py took 0.578 seconds
[2026-09-09T06:22:31.415+0000] {processor.py:161} INFO - Started process (PID=1168) to work on /opt/airflow/dags/main.py
[2026-09-09T06:22:31.417+0000] {processor.py:830} INFO - Processing file /opt/airflow/dags/main.py for tasks to queue
[2026-09-09T06:22:31.420+0000] {logging_mixin.py:188} INFO - [2026-09-09T06:22:31.420+0000] {dagbag.py:545} INFO - Filling up the DagBag from /opt/airflow/dags/main.py
[2026-09-09T06:22:31.499+0000] {logging_mixin.py:188} INFO - channel id is not executed
[2026-09-09T06:22:31.642+0000] {processor.py:840} INFO - DAG(s) 'data_quality', 'produce_json', 'update_db' retrieved from /opt/airflow/dags/main.py
[2026-09-09T06:22:31.993+0000] {logging_mixin.py:188} INFO - [2026-09-09T06:22:31.993+0000] {dag.py:3096} INFO - Sync 3 DAGs
[2026-09-09T06:22:32.100+0000] {logging_mixin.py:188} INFO - [2026-09-09T06:22:32.100+0000] {dag.py:3954} INFO - Setting next_dagrun for data_quality to 2026-09-09 16:00:00+00:00, run_after=2026-09-10 16:00:00+00:00
[2026-09-09T06:22:32.292+0000] {logging_mixin.py:188} INFO - [2026-09-09T06:22:32.291+0000] {dag.py:3954} INFO - Setting next_dagrun for produce_json to 2026-09-09 14:00:00+00:00, run_after=2026-09-10 14:00:00+00:00
[2026-09-09T06:22:32.316+0000] {logging_mixin.py:188} INFO - [2026-09-09T06:22:32.316+0000] {dag.py:3954} INFO - Setting next_dagrun for update_db to 2026-09-09 15:00:00+00:00, run_after=2026-09-10 15:00:00+00:00
[2026-09-09T06:22:32.523+0000] {processor.py:183} INFO - Processing /opt/airflow/dags/main.py took 1.135 seconds
[2026-09-09T06:23:02.973+0000] {processor.py:161} INFO - Started process (PID=1176) to work on /opt/airflow/dags/main.py
[2026-09-09T06:23:02.976+0000] {processor.py:830} INFO - Processing file /opt/airflow/dags/main.py for tasks to queue
[2026-09-09T06:23:02.979+0000] {logging_mixin.py:188} INFO - [2026-09-09T06:23:02.978+0000] {dagbag.py:545} INFO - Filling up the DagBag from /opt/airflow/dags/main.py
[2026-09-09T06:23:03.065+0000] {logging_mixin.py:188} INFO - channel id is not executed
[2026-09-09T06:23:03.208+0000] {processor.py:840} INFO - DAG(s) 'data_quality', 'produce_json', 'update_db' retrieved from /opt/airflow/dags/main.py
[2026-09-09T06:23:03.585+0000] {logging_mixin.py:188} INFO - [2026-09-09T06:23:03.584+0000] {dag.py:3096} INFO - Sync 3 DAGs
[2026-09-09T06:23:03.729+0000] {logging_mixin.py:188} INFO - [2026-09-09T06:23:03.729+0000] {dag.py:3954} INFO - Setting next_dagrun for data_quality to 2026-09-09 16:00:00+00:00, run_after=2026-09-10 16:00:00+00:00
[2026-09-09T06:23:03.800+0000] {logging_mixin.py:188} INFO - [2026-09-09T06:23:03.799+0000] {dag.py:3954} INFO - Setting next_dagrun for produce_json to 2026-09-09 14:00:00+00:00, run_after=2026-09-10 14:00:00+00:00
[2026-09-09T06:23:03.879+0000] {logging_mixin.py:188} INFO - [2026-09-09T06:23:03.878+0000] {dag.py:3954} INFO - Setting next_dagrun for update_db to 2026-09-09 15:00:00+00:00, run_after=2026-09-10 15:00:00+00:00
[2026-09-09T06:23:04.122+0000] {processor.py:183} INFO - Processing /opt/airflow/dags/main.py took 1.159 seconds
[2026-09-09T06:23:35.086+0000] {processor.py:161} INFO - Started process (PID=1184) to work on /opt/airflow/dags/main.py
[2026-09-09T06:23:35.088+0000] {processor.py:830} INFO - Processing file /opt/airflow/dags/main.py for tasks to queue
[2026-09-09T06:23:35.097+0000] {logging_mixin.py:188} INFO - [2026-09-09T06:23:35.096+0000] {dagbag.py:545} INFO - Filling up the DagBag from /opt/airflow/dags/main.py
[2026-09-09T06:23:35.190+0000] {logging_mixin.py:188} INFO - channel id is not executed
[2026-09-09T06:23:35.318+0000] {processor.py:840} INFO - DAG(s) 'update_db', 'produce_json', 'data_quality' retrieved from /opt/airflow/dags/main.py
[2026-09-09T06:23:35.594+0000] {logging_mixin.py:188} INFO - [2026-09-09T06:23:35.594+0000] {dag.py:3096} INFO - Sync 3 DAGs
[2026-09-09T06:23:35.641+0000] {logging_mixin.py:188} INFO - [2026-09-09T06:23:35.640+0000] {dag.py:3954} INFO - Setting next_dagrun for data_quality to 2026-09-09 16:00:00+00:00, run_after=2026-09-10 16:00:00+00:00
[2026-09-09T06:23:35.649+0000] {logging_mixin.py:188} INFO - [2026-09-09T06:23:35.649+0000] {dag.py:3954} INFO - Setting next_dagrun for produce_json to 2026-09-09 14:00:00+00:00, run_after=2026-09-10 14:00:00+00:00
[2026-09-09T06:23:35.658+0000] {logging_mixin.py:188} INFO - [2026-09-09T06:23:35.657+0000] {dag.py:3954} INFO - Setting next_dagrun for update_db to 2026-09-09 15:00:00+00:00, run_after=2026-09-10 15:00:00+00:00
[2026-09-09T06:23:35.702+0000] {processor.py:183} INFO - Processing /opt/airflow/dags/main.py took 0.636 seconds
[2026-09-09T06:24:06.610+0000] {processor.py:161} INFO - Started process (PID=1191) to work on /opt/airflow/dags/main.py
[2026-09-09T06:24:06.613+0000] {processor.py:830} INFO - Processing file /opt/airflow/dags/main.py for tasks to queue
[2026-09-09T06:24:06.624+0000] {logging_mixin.py:188} INFO - [2026-09-09T06:24:06.624+0000] {dagbag.py:545} INFO - Filling up the DagBag from /opt/airflow/dags/main.py
[2026-09-09T06:24:06.703+0000] {logging_mixin.py:188} INFO - channel id is not executed
[2026-09-09T06:24:06.834+0000] {processor.py:840} INFO - DAG(s) 'data_quality', 'produce_json', 'update_db' retrieved from /opt/airflow/dags/main.py
[2026-09-09T06:24:07.088+0000] {logging_mixin.py:188} INFO - [2026-09-09T06:24:07.088+0000] {dag.py:3096} INFO - Sync 3 DAGs
[2026-09-09T06:24:07.128+0000] {logging_mixin.py:188} INFO - [2026-09-09T06:24:07.128+0000] {dag.py:3954} INFO - Setting next_dagrun for data_quality to 2026-09-09 16:00:00+00:00, run_after=2026-09-10 16:00:00+00:00
[2026-09-09T06:24:07.138+0000] {logging_mixin.py:188} INFO - [2026-09-09T06:24:07.137+0000] {dag.py:3954} INFO - Setting next_dagrun for produce_json to 2026-09-09 14:00:00+00:00, run_after=2026-09-10 14:00:00+00:00
[2026-09-09T06:24:07.144+0000] {logging_mixin.py:188} INFO - [2026-09-09T06:24:07.144+0000] {dag.py:3954} INFO - Setting next_dagrun for update_db to 2026-09-09 15:00:00+00:00, run_after=2026-09-10 15:00:00+00:00
[2026-09-09T06:24:07.181+0000] {processor.py:183} INFO - Processing /opt/airflow/dags/main.py took 0.587 seconds
[2026-09-09T06:24:37.406+0000] {processor.py:161} INFO - Started process (PID=1198) to work on /opt/airflow/dags/main.py
[2026-09-09T06:24:37.428+0000] {processor.py:830} INFO - Processing file /opt/airflow/dags/main.py for tasks to queue
[2026-09-09T06:24:37.524+0000] {logging_mixin.py:188} INFO - [2026-09-09T06:24:37.523+0000] {dagbag.py:545} INFO - Filling up the DagBag from /opt/airflow/dags/main.py
[2026-09-09T06:24:38.814+0000] {logging_mixin.py:188} INFO - channel id is not executed
[2026-09-09T06:24:38.951+0000] {processor.py:840} INFO - DAG(s) 'data_quality', 'produce_json', 'update_db' retrieved from /opt/airflow/dags/main.py
[2026-09-09T06:24:39.296+0000] {logging_mixin.py:188} INFO - [2026-09-09T06:24:39.296+0000] {dag.py:3096} INFO - Sync 3 DAGs
[2026-09-09T06:24:39.358+0000] {logging_mixin.py:188} INFO - [2026-09-09T06:24:39.357+0000] {dag.py:3954} INFO - Setting next_dagrun for data_quality to 2026-09-09 16:00:00+00:00, run_after=2026-09-10 16:00:00+00:00
[2026-09-09T06:24:39.368+0000] {logging_mixin.py:188} INFO - [2026-09-09T06:24:39.367+0000] {dag.py:3954} INFO - Setting next_dagrun for produce_json to 2026-09-09 14:00:00+00:00, run_after=2026-09-10 14:00:00+00:00
[2026-09-09T06:24:39.388+0000] {logging_mixin.py:188} INFO - [2026-09-09T06:24:39.388+0000] {dag.py:3954} INFO - Setting next_dagrun for update_db to 2026-09-09 15:00:00+00:00, run_after=2026-09-10 15:00:00+00:00
[2026-09-09T06:24:39.699+0000] {processor.py:183} INFO - Processing /opt/airflow/dags/main.py took 2.312 seconds
[2026-09-09T06:25:10.085+0000] {processor.py:161} INFO - Started process (PID=1205) to work on /opt/airflow/dags/main.py
[2026-09-09T06:25:10.088+0000] {processor.py:830} INFO - Processing file /opt/airflow/dags/main.py for tasks to queue
[2026-09-09T06:25:10.092+0000] {logging_mixin.py:188} INFO - [2026-09-09T06:25:10.092+0000] {dagbag.py:545} INFO - Filling up the DagBag from /opt/airflow/dags/main.py
[2026-09-09T06:25:10.183+0000] {logging_mixin.py:188} INFO - channel id is not executed
[2026-09-09T06:25:10.316+0000] {processor.py:840} INFO - DAG(s) 'data_quality', 'produce_json', 'update_db' retrieved from /opt/airflow/dags/main.py
[2026-09-09T06:25:10.621+0000] {logging_mixin.py:188} INFO - [2026-09-09T06:25:10.621+0000] {dag.py:3096} INFO - Sync 3 DAGs
[2026-09-09T06:25:10.665+0000] {logging_mixin.py:188} INFO - [2026-09-09T06:25:10.662+0000] {dag.py:3954} INFO - Setting next_dagrun for data_quality to 2026-09-09 16:00:00+00:00, run_after=2026-09-10 16:00:00+00:00
[2026-09-09T06:25:10.682+0000] {logging_mixin.py:188} INFO - [2026-09-09T06:25:10.682+0000] {dag.py:3954} INFO - Setting next_dagrun for produce_json to 2026-09-09 14:00:00+00:00, run_after=2026-09-10 14:00:00+00:00
[2026-09-09T06:25:10.687+0000] {logging_mixin.py:188} INFO - [2026-09-09T06:25:10.687+0000] {dag.py:3954} INFO - Setting next_dagrun for update_db to 2026-09-09 15:00:00+00:00, run_after=2026-09-10 15:00:00+00:00
[2026-09-09T06:25:10.735+0000] {processor.py:183} INFO - Processing /opt/airflow/dags/main.py took 0.659 seconds
[2026-09-09T06:25:41.022+0000] {processor.py:161} INFO - Started process (PID=1212) to work on /opt/airflow/dags/main.py
[2026-09-09T06:25:41.024+0000] {processor.py:830} INFO - Processing file /opt/airflow/dags/main.py for tasks to queue
[2026-09-09T06:25:41.031+0000] {logging_mixin.py:188} INFO - [2026-09-09T06:25:41.031+0000] {dagbag.py:545} INFO - Filling up the DagBag from /opt/airflow/dags/main.py
[2026-09-09T06:25:41.113+0000] {logging_mixin.py:188} INFO - channel id is not executed
[2026-09-09T06:25:41.272+0000] {processor.py:840} INFO - DAG(s) 'produce_json', 'update_db', 'data_quality' retrieved from /opt/airflow/dags/main.py
[2026-09-09T06:25:41.542+0000] {logging_mixin.py:188} INFO - [2026-09-09T06:25:41.542+0000] {dag.py:3096} INFO - Sync 3 DAGs
[2026-09-09T06:25:41.581+0000] {logging_mixin.py:188} INFO - [2026-09-09T06:25:41.581+0000] {dag.py:3954} INFO - Setting next_dagrun for data_quality to 2026-09-09 16:00:00+00:00, run_after=2026-09-10 16:00:00+00:00
[2026-09-09T06:25:41.591+0000] {logging_mixin.py:188} INFO - [2026-09-09T06:25:41.590+0000] {dag.py:3954} INFO - Setting next_dagrun for produce_json to 2026-09-09 14:00:00+00:00, run_after=2026-09-10 14:00:00+00:00
[2026-09-09T06:25:41.597+0000] {logging_mixin.py:188} INFO - [2026-09-09T06:25:41.597+0000] {dag.py:3954} INFO - Setting next_dagrun for update_db to 2026-09-09 15:00:00+00:00, run_after=2026-09-10 15:00:00+00:00
[2026-09-09T06:25:41.636+0000] {processor.py:183} INFO - Processing /opt/airflow/dags/main.py took 0.626 seconds
[2026-09-09T06:26:11.890+0000] {processor.py:161} INFO - Started process (PID=1219) to work on /opt/airflow/dags/main.py
[2026-09-09T06:26:11.893+0000] {processor.py:830} INFO - Processing file /opt/airflow/dags/main.py for tasks to queue
[2026-09-09T06:26:11.895+0000] {logging_mixin.py:188} INFO - [2026-09-09T06:26:11.895+0000] {dagbag.py:545} INFO - Filling up the DagBag from /opt/airflow/dags/main.py
[2026-09-09T06:26:11.968+0000] {logging_mixin.py:188} INFO - channel id is not executed
[2026-09-09T06:26:12.081+0000] {processor.py:840} INFO - DAG(s) 'update_db', 'produce_json', 'data_quality' retrieved from /opt/airflow/dags/main.py
[2026-09-09T06:26:12.375+0000] {logging_mixin.py:188} INFO - [2026-09-09T06:26:12.374+0000] {dag.py:3096} INFO - Sync 3 DAGs
[2026-09-09T06:26:12.459+0000] {logging_mixin.py:188} INFO - [2026-09-09T06:26:12.458+0000] {dag.py:3954} INFO - Setting next_dagrun for data_quality to 2026-09-09 16:00:00+00:00, run_after=2026-09-10 16:00:00+00:00
[2026-09-09T06:26:12.481+0000] {logging_mixin.py:188} INFO - [2026-09-09T06:26:12.481+0000] {dag.py:3954} INFO - Setting next_dagrun for produce_json to 2026-09-09 14:00:00+00:00, run_after=2026-09-10 14:00:00+00:00
[2026-09-09T06:26:12.502+0000] {logging_mixin.py:188} INFO - [2026-09-09T06:26:12.502+0000] {dag.py:3954} INFO - Setting next_dagrun for update_db to 2026-09-09 15:00:00+00:00, run_after=2026-09-10 15:00:00+00:00
[2026-09-09T06:26:12.631+0000] {processor.py:183} INFO - Processing /opt/airflow/dags/main.py took 0.752 seconds
[2026-09-09T06:26:43.490+0000] {processor.py:161} INFO - Started process (PID=1228) to work on /opt/airflow/dags/main.py
[2026-09-09T06:26:43.493+0000] {processor.py:830} INFO - Processing file /opt/airflow/dags/main.py for tasks to queue
[2026-09-09T06:26:43.496+0000] {logging_mixin.py:188} INFO - [2026-09-09T06:26:43.495+0000] {dagbag.py:545} INFO - Filling up the DagBag from /opt/airflow/dags/main.py
[2026-09-09T06:26:43.579+0000] {logging_mixin.py:188} INFO - channel id is not executed
[2026-09-09T06:26:43.909+0000] {processor.py:840} INFO - DAG(s) 'update_db', 'data_quality', 'produce_json' retrieved from /opt/airflow/dags/main.py
[2026-09-09T06:26:44.733+0000] {logging_mixin.py:188} INFO - [2026-09-09T06:26:44.732+0000] {dag.py:3096} INFO - Sync 3 DAGs
[2026-09-09T06:26:44.775+0000] {logging_mixin.py:188} INFO - [2026-09-09T06:26:44.774+0000] {dag.py:3954} INFO - Setting next_dagrun for data_quality to 2026-09-09 16:00:00+00:00, run_after=2026-09-10 16:00:00+00:00
[2026-09-09T06:26:44.785+0000] {logging_mixin.py:188} INFO - [2026-09-09T06:26:44.785+0000] {dag.py:3954} INFO - Setting next_dagrun for produce_json to 2026-09-09 14:00:00+00:00, run_after=2026-09-10 14:00:00+00:00
[2026-09-09T06:26:44.791+0000] {logging_mixin.py:188} INFO - [2026-09-09T06:26:44.791+0000] {dag.py:3954} INFO - Setting next_dagrun for update_db to 2026-09-09 15:00:00+00:00, run_after=2026-09-10 15:00:00+00:00
[2026-09-09T06:26:44.835+0000] {processor.py:183} INFO - Processing /opt/airflow/dags/main.py took 1.355 seconds
[2026-09-09T06:27:15.548+0000] {processor.py:161} INFO - Started process (PID=1235) to work on /opt/airflow/dags/main.py
[2026-09-09T06:27:15.551+0000] {processor.py:830} INFO - Processing file /opt/airflow/dags/main.py for tasks to queue
[2026-09-09T06:27:15.553+0000] {logging_mixin.py:188} INFO - [2026-09-09T06:27:15.553+0000] {dagbag.py:545} INFO - Filling up the DagBag from /opt/airflow/dags/main.py
[2026-09-09T06:27:15.628+0000] {logging_mixin.py:188} INFO - channel id is not executed
[2026-09-09T06:27:15.778+0000] {processor.py:840} INFO - DAG(s) 'update_db', 'data_quality', 'produce_json' retrieved from /opt/airflow/dags/main.py
[2026-09-09T06:27:16.061+0000] {logging_mixin.py:188} INFO - [2026-09-09T06:27:16.060+0000] {dag.py:3096} INFO - Sync 3 DAGs
[2026-09-09T06:27:16.100+0000] {logging_mixin.py:188} INFO - [2026-09-09T06:27:16.099+0000] {dag.py:3954} INFO - Setting next_dagrun for data_quality to 2026-09-09 16:00:00+00:00, run_after=2026-09-10 16:00:00+00:00
[2026-09-09T06:27:16.108+0000] {logging_mixin.py:188} INFO - [2026-09-09T06:27:16.108+0000] {dag.py:3954} INFO - Setting next_dagrun for produce_json to 2026-09-09 14:00:00+00:00, run_after=2026-09-10 14:00:00+00:00
[2026-09-09T06:27:16.115+0000] {logging_mixin.py:188} INFO - [2026-09-09T06:27:16.114+0000] {dag.py:3954} INFO - Setting next_dagrun for update_db to 2026-09-09 15:00:00+00:00, run_after=2026-09-10 15:00:00+00:00
[2026-09-09T06:27:16.173+0000] {processor.py:183} INFO - Processing /opt/airflow/dags/main.py took 0.634 seconds
[2026-09-09T06:27:46.431+0000] {processor.py:161} INFO - Started process (PID=1242) to work on /opt/airflow/dags/main.py
[2026-09-09T06:27:46.439+0000] {processor.py:830} INFO - Processing file /opt/airflow/dags/main.py for tasks to queue
[2026-09-09T06:27:46.444+0000] {logging_mixin.py:188} INFO - [2026-09-09T06:27:46.444+0000] {dagbag.py:545} INFO - Filling up the DagBag from /opt/airflow/dags/main.py
[2026-09-09T06:27:46.511+0000] {logging_mixin.py:188} INFO - channel id is not executed
[2026-09-09T06:27:46.617+0000] {processor.py:840} INFO - DAG(s) 'produce_json', 'data_quality', 'update_db' retrieved from /opt/airflow/dags/main.py
[2026-09-09T06:27:46.961+0000] {logging_mixin.py:188} INFO - [2026-09-09T06:27:46.960+0000] {dag.py:3096} INFO - Sync 3 DAGs
[2026-09-09T06:27:47.003+0000] {logging_mixin.py:188} INFO - [2026-09-09T06:27:47.003+0000] {dag.py:3954} INFO - Setting next_dagrun for data_quality to 2026-09-09 16:00:00+00:00, run_after=2026-09-10 16:00:00+00:00
[2026-09-09T06:27:47.012+0000] {logging_mixin.py:188} INFO - [2026-09-09T06:27:47.011+0000] {dag.py:3954} INFO - Setting next_dagrun for produce_json to 2026-09-09 14:00:00+00:00, run_after=2026-09-10 14:00:00+00:00
[2026-09-09T06:27:47.017+0000] {logging_mixin.py:188} INFO - [2026-09-09T06:27:47.017+0000] {dag.py:3954} INFO - Setting next_dagrun for update_db to 2026-09-09 15:00:00+00:00, run_after=2026-09-10 15:00:00+00:00
[2026-09-09T06:27:47.060+0000] {processor.py:183} INFO - Processing /opt/airflow/dags/main.py took 0.641 seconds
[2026-09-09T06:28:17.904+0000] {processor.py:161} INFO - Started process (PID=1249) to work on /opt/airflow/dags/main.py
[2026-09-09T06:28:17.907+0000] {processor.py:830} INFO - Processing file /opt/airflow/dags/main.py for tasks to queue
[2026-09-09T06:28:17.910+0000] {logging_mixin.py:188} INFO - [2026-09-09T06:28:17.909+0000] {dagbag.py:545} INFO - Filling up the DagBag from /opt/airflow/dags/main.py
[2026-09-09T06:28:18.027+0000] {logging_mixin.py:188} INFO - channel id is not executed
[2026-09-09T06:28:18.242+0000] {processor.py:840} INFO - DAG(s) 'update_db', 'data_quality', 'produce_json' retrieved from /opt/airflow/dags/main.py
[2026-09-09T06:28:18.540+0000] {logging_mixin.py:188} INFO - [2026-09-09T06:28:18.539+0000] {dag.py:3096} INFO - Sync 3 DAGs
[2026-09-09T06:28:18.592+0000] {logging_mixin.py:188} INFO - [2026-09-09T06:28:18.591+0000] {dag.py:3954} INFO - Setting next_dagrun for data_quality to 2026-09-09 16:00:00+00:00, run_after=2026-09-10 16:00:00+00:00
[2026-09-09T06:28:18.602+0000] {logging_mixin.py:188} INFO - [2026-09-09T06:28:18.602+0000] {dag.py:3954} INFO - Setting next_dagrun for produce_json to 2026-09-09 14:00:00+00:00, run_after=2026-09-10 14:00:00+00:00
[2026-09-09T06:28:18.628+0000] {logging_mixin.py:188} INFO - [2026-09-09T06:28:18.628+0000] {dag.py:3954} INFO - Setting next_dagrun for update_db to 2026-09-09 15:00:00+00:00, run_after=2026-09-10 15:00:00+00:00
[2026-09-09T06:28:18.699+0000] {processor.py:183} INFO - Processing /opt/airflow/dags/main.py took 0.804 seconds
[2026-09-09T06:28:49.123+0000] {processor.py:161} INFO - Started process (PID=1256) to work on /opt/airflow/dags/main.py
[2026-09-09T06:28:49.138+0000] {processor.py:830} INFO - Processing file /opt/airflow/dags/main.py for tasks to queue
[2026-09-09T06:28:49.142+0000] {logging_mixin.py:188} INFO - [2026-09-09T06:28:49.141+0000] {dagbag.py:545} INFO - Filling up the DagBag from /opt/airflow/dags/main.py
[2026-09-09T06:28:49.212+0000] {logging_mixin.py:188} INFO - channel id is not executed
[2026-09-09T06:28:49.350+0000] {processor.py:840} INFO - DAG(s) 'data_quality', 'produce_json', 'update_db' retrieved from /opt/airflow/dags/main.py
[2026-09-09T06:28:49.587+0000] {logging_mixin.py:188} INFO - [2026-09-09T06:28:49.587+0000] {dag.py:3096} INFO - Sync 3 DAGs
[2026-09-09T06:28:49.623+0000] {logging_mixin.py:188} INFO - [2026-09-09T06:28:49.623+0000] {dag.py:3954} INFO - Setting next_dagrun for data_quality to 2026-09-09 16:00:00+00:00, run_after=2026-09-10 16:00:00+00:00
[2026-09-09T06:28:49.633+0000] {logging_mixin.py:188} INFO - [2026-09-09T06:28:49.633+0000] {dag.py:3954} INFO - Setting next_dagrun for produce_json to 2026-09-09 14:00:00+00:00, run_after=2026-09-10 14:00:00+00:00
[2026-09-09T06:28:49.639+0000] {logging_mixin.py:188} INFO - [2026-09-09T06:28:49.639+0000] {dag.py:3954} INFO - Setting next_dagrun for update_db to 2026-09-09 15:00:00+00:00, run_after=2026-09-10 15:00:00+00:00
[2026-09-09T06:28:49.679+0000] {processor.py:183} INFO - Processing /opt/airflow/dags/main.py took 0.572 seconds
[2026-09-09T06:29:20.336+0000] {processor.py:161} INFO - Started process (PID=1263) to work on /opt/airflow/dags/main.py
[2026-09-09T06:29:20.339+0000] {processor.py:830} INFO - Processing file /opt/airflow/dags/main.py for tasks to queue
[2026-09-09T06:29:20.341+0000] {logging_mixin.py:188} INFO - [2026-09-09T06:29:20.341+0000] {dagbag.py:545} INFO - Filling up the DagBag from /opt/airflow/dags/main.py
[2026-09-09T06:29:20.414+0000] {logging_mixin.py:188} INFO - channel id is not executed
[2026-09-09T06:29:20.537+0000] {processor.py:840} INFO - DAG(s) 'produce_json', 'data_quality', 'update_db' retrieved from /opt/airflow/dags/main.py
[2026-09-09T06:29:20.798+0000] {logging_mixin.py:188} INFO - [2026-09-09T06:29:20.797+0000] {dag.py:3096} INFO - Sync 3 DAGs
[2026-09-09T06:29:20.847+0000] {logging_mixin.py:188} INFO - [2026-09-09T06:29:20.846+0000] {dag.py:3954} INFO - Setting next_dagrun for data_quality to 2026-09-09 16:00:00+00:00, run_after=2026-09-10 16:00:00+00:00
[2026-09-09T06:29:20.858+0000] {logging_mixin.py:188} INFO - [2026-09-09T06:29:20.858+0000] {dag.py:3954} INFO - Setting next_dagrun for produce_json to 2026-09-09 14:00:00+00:00, run_after=2026-09-10 14:00:00+00:00
[2026-09-09T06:29:20.865+0000] {logging_mixin.py:188} INFO - [2026-09-09T06:29:20.864+0000] {dag.py:3954} INFO - Setting next_dagrun for update_db to 2026-09-09 15:00:00+00:00, run_after=2026-09-10 15:00:00+00:00
[2026-09-09T06:29:21.021+0000] {processor.py:183} INFO - Processing /opt/airflow/dags/main.py took 0.694 seconds
[2026-09-09T06:29:51.472+0000] {processor.py:161} INFO - Started process (PID=1270) to work on /opt/airflow/dags/main.py
[2026-09-09T06:29:51.475+0000] {processor.py:830} INFO - Processing file /opt/airflow/dags/main.py for tasks to queue
[2026-09-09T06:29:51.478+0000] {logging_mixin.py:188} INFO - [2026-09-09T06:29:51.477+0000] {dagbag.py:545} INFO - Filling up the DagBag from /opt/airflow/dags/main.py
[2026-09-09T06:29:51.556+0000] {logging_mixin.py:188} INFO - channel id is not executed
[2026-09-09T06:29:51.678+0000] {processor.py:840} INFO - DAG(s) 'update_db', 'data_quality', 'produce_json' retrieved from /opt/airflow/dags/main.py
[2026-09-09T06:29:51.909+0000] {logging_mixin.py:188} INFO - [2026-09-09T06:29:51.908+0000] {dag.py:3096} INFO - Sync 3 DAGs
[2026-09-09T06:29:51.948+0000] {logging_mixin.py:188} INFO - [2026-09-09T06:29:51.947+0000] {dag.py:3954} INFO - Setting next_dagrun for data_quality to 2026-09-09 16:00:00+00:00, run_after=2026-09-10 16:00:00+00:00
[2026-09-09T06:29:51.958+0000] {logging_mixin.py:188} INFO - [2026-09-09T06:29:51.958+0000] {dag.py:3954} INFO - Setting next_dagrun for produce_json to 2026-09-09 14:00:00+00:00, run_after=2026-09-10 14:00:00+00:00
[2026-09-09T06:29:51.964+0000] {logging_mixin.py:188} INFO - [2026-09-09T06:29:51.964+0000] {dag.py:3954} INFO - Setting next_dagrun for update_db to 2026-09-09 15:00:00+00:00, run_after=2026-09-10 15:00:00+00:00
[2026-09-09T06:29:52.015+0000] {processor.py:183} INFO - Processing /opt/airflow/dags/main.py took 0.554 seconds
[2026-09-09T06:30:23.052+0000] {processor.py:161} INFO - Started process (PID=1277) to work on /opt/airflow/dags/main.py
[2026-09-09T06:30:23.062+0000] {processor.py:830} INFO - Processing file /opt/airflow/dags/main.py for tasks to queue
[2026-09-09T06:30:23.191+0000] {logging_mixin.py:188} INFO - [2026-09-09T06:30:23.191+0000] {dagbag.py:545} INFO - Filling up the DagBag from /opt/airflow/dags/main.py
[2026-09-09T06:30:23.530+0000] {logging_mixin.py:188} INFO - channel id is not executed
[2026-09-09T06:30:23.644+0000] {processor.py:840} INFO - DAG(s) 'update_db', 'produce_json', 'data_quality' retrieved from /opt/airflow/dags/main.py
[2026-09-09T06:30:24.087+0000] {logging_mixin.py:188} INFO - [2026-09-09T06:30:24.087+0000] {dag.py:3096} INFO - Sync 3 DAGs
[2026-09-09T06:30:24.132+0000] {logging_mixin.py:188} INFO - [2026-09-09T06:30:24.131+0000] {dag.py:3954} INFO - Setting next_dagrun for data_quality to 2026-09-09 16:00:00+00:00, run_after=2026-09-10 16:00:00+00:00
[2026-09-09T06:30:24.140+0000] {logging_mixin.py:188} INFO - [2026-09-09T06:30:24.140+0000] {dag.py:3954} INFO - Setting next_dagrun for produce_json to 2026-09-09 14:00:00+00:00, run_after=2026-09-10 14:00:00+00:00
[2026-09-09T06:30:24.147+0000] {logging_mixin.py:188} INFO - [2026-09-09T06:30:24.147+0000] {dag.py:3954} INFO - Setting next_dagrun for update_db to 2026-09-09 15:00:00+00:00, run_after=2026-09-10 15:00:00+00:00
[2026-09-09T06:30:24.192+0000] {processor.py:183} INFO - Processing /opt/airflow/dags/main.py took 1.209 seconds
[2026-09-09T06:30:54.829+0000] {processor.py:161} INFO - Started process (PID=1284) to work on /opt/airflow/dags/main.py
[2026-09-09T06:30:54.831+0000] {processor.py:830} INFO - Processing file /opt/airflow/dags/main.py for tasks to queue
[2026-09-09T06:30:54.835+0000] {logging_mixin.py:188} INFO - [2026-09-09T06:30:54.834+0000] {dagbag.py:545} INFO - Filling up the DagBag from /opt/airflow/dags/main.py
[2026-09-09T06:30:54.936+0000] {logging_mixin.py:188} INFO - channel id is not executed
[2026-09-09T06:30:55.097+0000] {processor.py:840} INFO - DAG(s) 'data_quality', 'produce_json', 'update_db' retrieved from /opt/airflow/dags/main.py
[2026-09-09T06:30:55.347+0000] {logging_mixin.py:188} INFO - [2026-09-09T06:30:55.347+0000] {dag.py:3096} INFO - Sync 3 DAGs
[2026-09-09T06:30:55.385+0000] {logging_mixin.py:188} INFO - [2026-09-09T06:30:55.385+0000] {dag.py:3954} INFO - Setting next_dagrun for data_quality to 2026-09-09 16:00:00+00:00, run_after=2026-09-10 16:00:00+00:00
[2026-09-09T06:30:55.396+0000] {logging_mixin.py:188} INFO - [2026-09-09T06:30:55.396+0000] {dag.py:3954} INFO - Setting next_dagrun for produce_json to 2026-09-09 14:00:00+00:00, run_after=2026-09-10 14:00:00+00:00
[2026-09-09T06:30:55.403+0000] {logging_mixin.py:188} INFO - [2026-09-09T06:30:55.402+0000] {dag.py:3954} INFO - Setting next_dagrun for update_db to 2026-09-09 15:00:00+00:00, run_after=2026-09-10 15:00:00+00:00
[2026-09-09T06:30:55.461+0000] {processor.py:183} INFO - Processing /opt/airflow/dags/main.py took 0.693 seconds
[2026-09-09T06:31:27.819+0000] {processor.py:161} INFO - Started process (PID=1291) to work on /opt/airflow/dags/main.py
[2026-09-09T06:31:27.867+0000] {processor.py:830} INFO - Processing file /opt/airflow/dags/main.py for tasks to queue
[2026-09-09T06:31:27.897+0000] {logging_mixin.py:188} INFO - [2026-09-09T06:31:27.896+0000] {dagbag.py:545} INFO - Filling up the DagBag from /opt/airflow/dags/main.py
[2026-09-09T06:31:29.122+0000] {logging_mixin.py:188} INFO - channel id is not executed
[2026-09-09T06:31:33.689+0000] {processor.py:840} INFO - DAG(s) 'update_db', 'produce_json', 'data_quality' retrieved from /opt/airflow/dags/main.py
[2026-09-09T06:31:34.830+0000] {logging_mixin.py:188} INFO - [2026-09-09T06:31:34.821+0000] {dag.py:3096} INFO - Sync 3 DAGs
[2026-09-09T06:31:35.114+0000] {logging_mixin.py:188} INFO - [2026-09-09T06:31:35.113+0000] {dag.py:3954} INFO - Setting next_dagrun for data_quality to 2026-09-09 16:00:00+00:00, run_after=2026-09-10 16:00:00+00:00
[2026-09-09T06:31:35.133+0000] {logging_mixin.py:188} INFO - [2026-09-09T06:31:35.132+0000] {dag.py:3954} INFO - Setting next_dagrun for produce_json to 2026-09-09 14:00:00+00:00, run_after=2026-09-10 14:00:00+00:00
[2026-09-09T06:31:35.159+0000] {logging_mixin.py:188} INFO - [2026-09-09T06:31:35.159+0000] {dag.py:3954} INFO - Setting next_dagrun for update_db to 2026-09-09 15:00:00+00:00, run_after=2026-09-10 15:00:00+00:00
[2026-09-09T06:31:35.357+0000] {processor.py:183} INFO - Processing /opt/airflow/dags/main.py took 7.649 seconds
[2026-09-09T06:32:09.553+0000] {processor.py:161} INFO - Started process (PID=1304) to work on /opt/airflow/dags/main.py
[2026-09-09T06:32:09.575+0000] {processor.py:830} INFO - Processing file /opt/airflow/dags/main.py for tasks to queue
[2026-09-09T06:32:09.614+0000] {logging_mixin.py:188} INFO - [2026-09-09T06:32:09.614+0000] {dagbag.py:545} INFO - Filling up the DagBag from /opt/airflow/dags/main.py
[2026-09-09T06:32:10.550+0000] {logging_mixin.py:188} INFO - channel id is not executed
[2026-09-09T06:32:12.175+0000] {processor.py:840} INFO - DAG(s) 'produce_json', 'data_quality', 'update_db' retrieved from /opt/airflow/dags/main.py
[2026-09-09T06:32:13.156+0000] {logging_mixin.py:188} INFO - [2026-09-09T06:32:13.155+0000] {dag.py:3096} INFO - Sync 3 DAGs
[2026-09-09T06:32:13.267+0000] {logging_mixin.py:188} INFO - [2026-09-09T06:32:13.257+0000] {dag.py:3954} INFO - Setting next_dagrun for data_quality to 2026-09-09 16:00:00+00:00, run_after=2026-09-10 16:00:00+00:00
[2026-09-09T06:32:13.285+0000] {logging_mixin.py:188} INFO - [2026-09-09T06:32:13.284+0000] {dag.py:3954} INFO - Setting next_dagrun for produce_json to 2026-09-09 14:00:00+00:00, run_after=2026-09-10 14:00:00+00:00
[2026-09-09T06:32:13.300+0000] {logging_mixin.py:188} INFO - [2026-09-09T06:32:13.300+0000] {dag.py:3954} INFO - Setting next_dagrun for update_db to 2026-09-09 15:00:00+00:00, run_after=2026-09-10 15:00:00+00:00
[2026-09-09T06:32:13.403+0000] {processor.py:183} INFO - Processing /opt/airflow/dags/main.py took 3.871 seconds
[2026-09-09T06:32:44.701+0000] {processor.py:161} INFO - Started process (PID=1311) to work on /opt/airflow/dags/main.py
[2026-09-09T06:32:44.708+0000] {processor.py:830} INFO - Processing file /opt/airflow/dags/main.py for tasks to queue
[2026-09-09T06:32:44.716+0000] {logging_mixin.py:188} INFO - [2026-09-09T06:32:44.715+0000] {dagbag.py:545} INFO - Filling up the DagBag from /opt/airflow/dags/main.py
[2026-09-09T06:32:45.447+0000] {logging_mixin.py:188} INFO - channel id is not executed
[2026-09-09T06:32:46.780+0000] {processor.py:840} INFO - DAG(s) 'data_quality', 'produce_json', 'update_db' retrieved from /opt/airflow/dags/main.py
[2026-09-09T06:32:47.777+0000] {logging_mixin.py:188} INFO - [2026-09-09T06:32:47.765+0000] {dag.py:3096} INFO - Sync 3 DAGs
[2026-09-09T06:32:47.918+0000] {logging_mixin.py:188} INFO - [2026-09-09T06:32:47.918+0000] {dag.py:3954} INFO - Setting next_dagrun for data_quality to 2026-09-09 16:00:00+00:00, run_after=2026-09-10 16:00:00+00:00
[2026-09-09T06:32:48.393+0000] {logging_mixin.py:188} INFO - [2026-09-09T06:32:48.392+0000] {dag.py:3954} INFO - Setting next_dagrun for produce_json to 2026-09-09 14:00:00+00:00, run_after=2026-09-10 14:00:00+00:00
[2026-09-09T06:32:48.527+0000] {logging_mixin.py:188} INFO - [2026-09-09T06:32:48.527+0000] {dag.py:3954} INFO - Setting next_dagrun for update_db to 2026-09-09 15:00:00+00:00, run_after=2026-09-10 15:00:00+00:00
[2026-09-09T06:32:48.704+0000] {processor.py:183} INFO - Processing /opt/airflow/dags/main.py took 4.023 seconds
[2026-09-09T06:33:19.549+0000] {processor.py:161} INFO - Started process (PID=1318) to work on /opt/airflow/dags/main.py
[2026-09-09T06:33:19.552+0000] {processor.py:830} INFO - Processing file /opt/airflow/dags/main.py for tasks to queue
[2026-09-09T06:33:19.563+0000] {logging_mixin.py:188} INFO - [2026-09-09T06:33:19.563+0000] {dagbag.py:545} INFO - Filling up the DagBag from /opt/airflow/dags/main.py
[2026-09-09T06:33:19.846+0000] {logging_mixin.py:188} INFO - channel id is not executed
[2026-09-09T06:33:20.041+0000] {processor.py:840} INFO - DAG(s) 'data_quality', 'produce_json', 'update_db' retrieved from /opt/airflow/dags/main.py
[2026-09-09T06:33:20.705+0000] {logging_mixin.py:188} INFO - [2026-09-09T06:33:20.704+0000] {dag.py:3096} INFO - Sync 3 DAGs
[2026-09-09T06:33:20.818+0000] {logging_mixin.py:188} INFO - [2026-09-09T06:33:20.817+0000] {dag.py:3954} INFO - Setting next_dagrun for data_quality to 2026-09-09 16:00:00+00:00, run_after=2026-09-10 16:00:00+00:00
[2026-09-09T06:33:20.832+0000] {logging_mixin.py:188} INFO - [2026-09-09T06:33:20.832+0000] {dag.py:3954} INFO - Setting next_dagrun for produce_json to 2026-09-09 14:00:00+00:00, run_after=2026-09-10 14:00:00+00:00
[2026-09-09T06:33:20.848+0000] {logging_mixin.py:188} INFO - [2026-09-09T06:33:20.847+0000] {dag.py:3954} INFO - Setting next_dagrun for update_db to 2026-09-09 15:00:00+00:00, run_after=2026-09-10 15:00:00+00:00
[2026-09-09T06:33:21.010+0000] {processor.py:183} INFO - Processing /opt/airflow/dags/main.py took 1.480 seconds
[2026-09-09T06:33:51.369+0000] {processor.py:161} INFO - Started process (PID=1326) to work on /opt/airflow/dags/main.py
[2026-09-09T06:33:51.371+0000] {processor.py:830} INFO - Processing file /opt/airflow/dags/main.py for tasks to queue
[2026-09-09T06:33:51.376+0000] {logging_mixin.py:188} INFO - [2026-09-09T06:33:51.376+0000] {dagbag.py:545} INFO - Filling up the DagBag from /opt/airflow/dags/main.py
[2026-09-09T06:33:51.512+0000] {logging_mixin.py:188} INFO - channel id is not executed
[2026-09-09T06:33:51.768+0000] {processor.py:840} INFO - DAG(s) 'update_db', 'data_quality', 'produce_json' retrieved from /opt/airflow/dags/main.py
[2026-09-09T06:33:52.094+0000] {logging_mixin.py:188} INFO - [2026-09-09T06:33:52.094+0000] {dag.py:3096} INFO - Sync 3 DAGs
[2026-09-09T06:33:52.159+0000] {logging_mixin.py:188} INFO - [2026-09-09T06:33:52.159+0000] {dag.py:3954} INFO - Setting next_dagrun for data_quality to 2026-09-09 16:00:00+00:00, run_after=2026-09-10 16:00:00+00:00
[2026-09-09T06:33:52.169+0000] {logging_mixin.py:188} INFO - [2026-09-09T06:33:52.169+0000] {dag.py:3954} INFO - Setting next_dagrun for produce_json to 2026-09-09 14:00:00+00:00, run_after=2026-09-10 14:00:00+00:00
[2026-09-09T06:33:52.193+0000] {logging_mixin.py:188} INFO - [2026-09-09T06:33:52.193+0000] {dag.py:3954} INFO - Setting next_dagrun for update_db to 2026-09-09 15:00:00+00:00, run_after=2026-09-10 15:00:00+00:00
[2026-09-09T06:33:52.306+0000] {processor.py:183} INFO - Processing /opt/airflow/dags/main.py took 0.955 seconds
[2026-09-09T06:34:22.870+0000] {processor.py:161} INFO - Started process (PID=1333) to work on /opt/airflow/dags/main.py
[2026-09-09T06:34:22.885+0000] {processor.py:830} INFO - Processing file /opt/airflow/dags/main.py for tasks to queue
[2026-09-09T06:34:22.890+0000] {logging_mixin.py:188} INFO - [2026-09-09T06:34:22.889+0000] {dagbag.py:545} INFO - Filling up the DagBag from /opt/airflow/dags/main.py
[2026-09-09T06:34:23.524+0000] {logging_mixin.py:188} INFO - channel id is not executed
[2026-09-09T06:34:23.848+0000] {processor.py:840} INFO - DAG(s) 'produce_json', 'data_quality', 'update_db' retrieved from /opt/airflow/dags/main.py
[2026-09-09T06:34:24.446+0000] {logging_mixin.py:188} INFO - [2026-09-09T06:34:24.446+0000] {dag.py:3096} INFO - Sync 3 DAGs
[2026-09-09T06:34:24.499+0000] {logging_mixin.py:188} INFO - [2026-09-09T06:34:24.499+0000] {dag.py:3954} INFO - Setting next_dagrun for data_quality to 2026-09-09 16:00:00+00:00, run_after=2026-09-10 16:00:00+00:00
[2026-09-09T06:34:24.509+0000] {logging_mixin.py:188} INFO - [2026-09-09T06:34:24.508+0000] {dag.py:3954} INFO - Setting next_dagrun for produce_json to 2026-09-09 14:00:00+00:00, run_after=2026-09-10 14:00:00+00:00
[2026-09-09T06:34:24.522+0000] {logging_mixin.py:188} INFO - [2026-09-09T06:34:24.522+0000] {dag.py:3954} INFO - Setting next_dagrun for update_db to 2026-09-09 15:00:00+00:00, run_after=2026-09-10 15:00:00+00:00
[2026-09-09T06:34:24.630+0000] {processor.py:183} INFO - Processing /opt/airflow/dags/main.py took 1.778 seconds
[2026-09-09T06:34:54.809+0000] {processor.py:161} INFO - Started process (PID=1339) to work on /opt/airflow/dags/main.py
[2026-09-09T06:34:54.822+0000] {processor.py:830} INFO - Processing file /opt/airflow/dags/main.py for tasks to queue
[2026-09-09T06:34:54.837+0000] {logging_mixin.py:188} INFO - [2026-09-09T06:34:54.836+0000] {dagbag.py:545} INFO - Filling up the DagBag from /opt/airflow/dags/main.py
[2026-09-09T06:34:54.926+0000] {logging_mixin.py:188} INFO - channel id is not executed
[2026-09-09T06:34:55.441+0000] {processor.py:840} INFO - DAG(s) 'data_quality', 'produce_json', 'update_db' retrieved from /opt/airflow/dags/main.py
[2026-09-09T06:34:56.031+0000] {logging_mixin.py:188} INFO - [2026-09-09T06:34:56.030+0000] {dag.py:3096} INFO - Sync 3 DAGs
[2026-09-09T06:34:56.128+0000] {logging_mixin.py:188} INFO - [2026-09-09T06:34:56.128+0000] {dag.py:3954} INFO - Setting next_dagrun for data_quality to 2026-09-09 16:00:00+00:00, run_after=2026-09-10 16:00:00+00:00
[2026-09-09T06:34:56.149+0000] {logging_mixin.py:188} INFO - [2026-09-09T06:34:56.149+0000] {dag.py:3954} INFO - Setting next_dagrun for produce_json to 2026-09-09 14:00:00+00:00, run_after=2026-09-10 14:00:00+00:00
[2026-09-09T06:34:56.165+0000] {logging_mixin.py:188} INFO - [2026-09-09T06:34:56.165+0000] {dag.py:3954} INFO - Setting next_dagrun for update_db to 2026-09-09 15:00:00+00:00, run_after=2026-09-10 15:00:00+00:00
[2026-09-09T06:34:56.241+0000] {processor.py:183} INFO - Processing /opt/airflow/dags/main.py took 1.450 seconds
[2026-09-09T06:35:27.088+0000] {processor.py:161} INFO - Started process (PID=1346) to work on /opt/airflow/dags/main.py
[2026-09-09T06:35:27.125+0000] {processor.py:830} INFO - Processing file /opt/airflow/dags/main.py for tasks to queue
[2026-09-09T06:35:27.138+0000] {logging_mixin.py:188} INFO - [2026-09-09T06:35:27.137+0000] {dagbag.py:545} INFO - Filling up the DagBag from /opt/airflow/dags/main.py
[2026-09-09T06:35:27.526+0000] {logging_mixin.py:188} INFO - channel id is not executed
[2026-09-09T06:35:27.760+0000] {processor.py:840} INFO - DAG(s) 'data_quality', 'update_db', 'produce_json' retrieved from /opt/airflow/dags/main.py
[2026-09-09T06:35:28.725+0000] {logging_mixin.py:188} INFO - [2026-09-09T06:35:28.718+0000] {dag.py:3096} INFO - Sync 3 DAGs
[2026-09-09T06:35:28.823+0000] {logging_mixin.py:188} INFO - [2026-09-09T06:35:28.822+0000] {dag.py:3954} INFO - Setting next_dagrun for data_quality to 2026-09-09 16:00:00+00:00, run_after=2026-09-10 16:00:00+00:00
[2026-09-09T06:35:28.845+0000] {logging_mixin.py:188} INFO - [2026-09-09T06:35:28.844+0000] {dag.py:3954} INFO - Setting next_dagrun for produce_json to 2026-09-09 14:00:00+00:00, run_after=2026-09-10 14:00:00+00:00
[2026-09-09T06:35:28.858+0000] {logging_mixin.py:188} INFO - [2026-09-09T06:35:28.857+0000] {dag.py:3954} INFO - Setting next_dagrun for update_db to 2026-09-09 15:00:00+00:00, run_after=2026-09-10 15:00:00+00:00
[2026-09-09T06:35:28.946+0000] {processor.py:183} INFO - Processing /opt/airflow/dags/main.py took 1.869 seconds
[2026-09-09T06:35:59.361+0000] {processor.py:161} INFO - Started process (PID=1352) to work on /opt/airflow/dags/main.py
[2026-09-09T06:35:59.365+0000] {processor.py:830} INFO - Processing file /opt/airflow/dags/main.py for tasks to queue
[2026-09-09T06:35:59.368+0000] {logging_mixin.py:188} INFO - [2026-09-09T06:35:59.367+0000] {dagbag.py:545} INFO - Filling up the DagBag from /opt/airflow/dags/main.py
[2026-09-09T06:35:59.481+0000] {logging_mixin.py:188} INFO - channel id is not executed
[2026-09-09T06:36:00.641+0000] {processor.py:840} INFO - DAG(s) 'produce_json', 'update_db', 'data_quality' retrieved from /opt/airflow/dags/main.py
[2026-09-09T06:36:01.557+0000] {logging_mixin.py:188} INFO - [2026-09-09T06:36:01.557+0000] {dag.py:3096} INFO - Sync 3 DAGs
[2026-09-09T06:36:01.765+0000] {logging_mixin.py:188} INFO - [2026-09-09T06:36:01.765+0000] {dag.py:3954} INFO - Setting next_dagrun for data_quality to 2026-09-09 16:00:00+00:00, run_after=2026-09-10 16:00:00+00:00
[2026-09-09T06:36:01.797+0000] {logging_mixin.py:188} INFO - [2026-09-09T06:36:01.797+0000] {dag.py:3954} INFO - Setting next_dagrun for produce_json to 2026-09-09 14:00:00+00:00, run_after=2026-09-10 14:00:00+00:00
[2026-09-09T06:36:01.885+0000] {logging_mixin.py:188} INFO - [2026-09-09T06:36:01.885+0000] {dag.py:3954} INFO - Setting next_dagrun for update_db to 2026-09-09 15:00:00+00:00, run_after=2026-09-10 15:00:00+00:00
[2026-09-09T06:36:02.106+0000] {processor.py:183} INFO - Processing /opt/airflow/dags/main.py took 2.765 seconds
[2026-09-09T06:36:33.156+0000] {processor.py:161} INFO - Started process (PID=1365) to work on /opt/airflow/dags/main.py
[2026-09-09T06:36:33.159+0000] {processor.py:830} INFO - Processing file /opt/airflow/dags/main.py for tasks to queue
[2026-09-09T06:36:33.162+0000] {logging_mixin.py:188} INFO - [2026-09-09T06:36:33.162+0000] {dagbag.py:545} INFO - Filling up the DagBag from /opt/airflow/dags/main.py
[2026-09-09T06:36:33.266+0000] {logging_mixin.py:188} INFO - channel id is not executed
[2026-09-09T06:36:33.486+0000] {processor.py:840} INFO - DAG(s) 'update_db', 'produce_json', 'data_quality' retrieved from /opt/airflow/dags/main.py
[2026-09-09T06:36:33.946+0000] {logging_mixin.py:188} INFO - [2026-09-09T06:36:33.946+0000] {dag.py:3096} INFO - Sync 3 DAGs
[2026-09-09T06:36:34.000+0000] {logging_mixin.py:188} INFO - [2026-09-09T06:36:34.000+0000] {dag.py:3954} INFO - Setting next_dagrun for data_quality to 2026-09-09 16:00:00+00:00, run_after=2026-09-10 16:00:00+00:00
[2026-09-09T06:36:34.018+0000] {logging_mixin.py:188} INFO - [2026-09-09T06:36:34.017+0000] {dag.py:3954} INFO - Setting next_dagrun for produce_json to 2026-09-09 14:00:00+00:00, run_after=2026-09-10 14:00:00+00:00
[2026-09-09T06:36:34.027+0000] {logging_mixin.py:188} INFO - [2026-09-09T06:36:34.023+0000] {dag.py:3954} INFO - Setting next_dagrun for update_db to 2026-09-09 15:00:00+00:00, run_after=2026-09-10 15:00:00+00:00
[2026-09-09T06:36:34.104+0000] {processor.py:183} INFO - Processing /opt/airflow/dags/main.py took 0.962 seconds
[2026-09-09T06:37:04.753+0000] {processor.py:161} INFO - Started process (PID=1374) to work on /opt/airflow/dags/main.py
[2026-09-09T06:37:04.755+0000] {processor.py:830} INFO - Processing file /opt/airflow/dags/main.py for tasks to queue
[2026-09-09T06:37:04.759+0000] {logging_mixin.py:188} INFO - [2026-09-09T06:37:04.758+0000] {dagbag.py:545} INFO - Filling up the DagBag from /opt/airflow/dags/main.py
[2026-09-09T06:37:04.951+0000] {logging_mixin.py:188} INFO - channel id is not executed
[2026-09-09T06:37:05.163+0000] {processor.py:840} INFO - DAG(s) 'produce_json', 'data_quality', 'update_db' retrieved from /opt/airflow/dags/main.py
[2026-09-09T06:37:05.622+0000] {logging_mixin.py:188} INFO - [2026-09-09T06:37:05.622+0000] {dag.py:3096} INFO - Sync 3 DAGs
[2026-09-09T06:37:05.705+0000] {logging_mixin.py:188} INFO - [2026-09-09T06:37:05.705+0000] {dag.py:3954} INFO - Setting next_dagrun for data_quality to 2026-09-09 16:00:00+00:00, run_after=2026-09-10 16:00:00+00:00
[2026-09-09T06:37:05.735+0000] {logging_mixin.py:188} INFO - [2026-09-09T06:37:05.724+0000] {dag.py:3954} INFO - Setting next_dagrun for produce_json to 2026-09-09 14:00:00+00:00, run_after=2026-09-10 14:00:00+00:00
[2026-09-09T06:37:05.751+0000] {logging_mixin.py:188} INFO - [2026-09-09T06:37:05.744+0000] {dag.py:3954} INFO - Setting next_dagrun for update_db to 2026-09-09 15:00:00+00:00, run_after=2026-09-10 15:00:00+00:00
[2026-09-09T06:37:05.818+0000] {processor.py:183} INFO - Processing /opt/airflow/dags/main.py took 1.073 seconds
[2026-09-09T06:37:36.210+0000] {processor.py:161} INFO - Started process (PID=1381) to work on /opt/airflow/dags/main.py
[2026-09-09T06:37:36.213+0000] {processor.py:830} INFO - Processing file /opt/airflow/dags/main.py for tasks to queue
[2026-09-09T06:37:36.216+0000] {logging_mixin.py:188} INFO - [2026-09-09T06:37:36.215+0000] {dagbag.py:545} INFO - Filling up the DagBag from /opt/airflow/dags/main.py
[2026-09-09T06:37:36.342+0000] {logging_mixin.py:188} INFO - channel id is not executed
[2026-09-09T06:37:36.528+0000] {processor.py:840} INFO - DAG(s) 'data_quality', 'update_db', 'produce_json' retrieved from /opt/airflow/dags/main.py
[2026-09-09T06:37:36.946+0000] {logging_mixin.py:188} INFO - [2026-09-09T06:37:36.945+0000] {dag.py:3096} INFO - Sync 3 DAGs
[2026-09-09T06:37:37.004+0000] {logging_mixin.py:188} INFO - [2026-09-09T06:37:37.004+0000] {dag.py:3954} INFO - Setting next_dagrun for data_quality to 2026-09-09 16:00:00+00:00, run_after=2026-09-10 16:00:00+00:00
[2026-09-09T06:37:37.013+0000] {logging_mixin.py:188} INFO - [2026-09-09T06:37:37.012+0000] {dag.py:3954} INFO - Setting next_dagrun for produce_json to 2026-09-09 14:00:00+00:00, run_after=2026-09-10 14:00:00+00:00
[2026-09-09T06:37:37.023+0000] {logging_mixin.py:188} INFO - [2026-09-09T06:37:37.022+0000] {dag.py:3954} INFO - Setting next_dagrun for update_db to 2026-09-09 15:00:00+00:00, run_after=2026-09-10 15:00:00+00:00
[2026-09-09T06:37:37.097+0000] {processor.py:183} INFO - Processing /opt/airflow/dags/main.py took 0.901 seconds
[2026-09-09T06:38:07.760+0000] {processor.py:161} INFO - Started process (PID=1389) to work on /opt/airflow/dags/main.py
[2026-09-09T06:38:07.763+0000] {processor.py:830} INFO - Processing file /opt/airflow/dags/main.py for tasks to queue
[2026-09-09T06:38:07.766+0000] {logging_mixin.py:188} INFO - [2026-09-09T06:38:07.765+0000] {dagbag.py:545} INFO - Filling up the DagBag from /opt/airflow/dags/main.py
[2026-09-09T06:38:07.869+0000] {logging_mixin.py:188} INFO - channel id is not executed
[2026-09-09T06:38:08.629+0000] {processor.py:840} INFO - DAG(s) 'update_db', 'data_quality', 'produce_json' retrieved from /opt/airflow/dags/main.py
[2026-09-09T06:38:08.996+0000] {logging_mixin.py:188} INFO - [2026-09-09T06:38:08.996+0000] {dag.py:3096} INFO - Sync 3 DAGs
[2026-09-09T06:38:09.070+0000] {logging_mixin.py:188} INFO - [2026-09-09T06:38:09.069+0000] {dag.py:3954} INFO - Setting next_dagrun for data_quality to 2026-09-09 16:00:00+00:00, run_after=2026-09-10 16:00:00+00:00
[2026-09-09T06:38:09.098+0000] {logging_mixin.py:188} INFO - [2026-09-09T06:38:09.098+0000] {dag.py:3954} INFO - Setting next_dagrun for produce_json to 2026-09-09 14:00:00+00:00, run_after=2026-09-10 14:00:00+00:00
[2026-09-09T06:38:09.114+0000] {logging_mixin.py:188} INFO - [2026-09-09T06:38:09.113+0000] {dag.py:3954} INFO - Setting next_dagrun for update_db to 2026-09-09 15:00:00+00:00, run_after=2026-09-10 15:00:00+00:00
[2026-09-09T06:38:09.251+0000] {processor.py:183} INFO - Processing /opt/airflow/dags/main.py took 1.509 seconds
[2026-09-09T06:38:39.809+0000] {processor.py:161} INFO - Started process (PID=1397) to work on /opt/airflow/dags/main.py
[2026-09-09T06:38:39.851+0000] {processor.py:830} INFO - Processing file /opt/airflow/dags/main.py for tasks to queue
[2026-09-09T06:38:39.884+0000] {logging_mixin.py:188} INFO - [2026-09-09T06:38:39.883+0000] {dagbag.py:545} INFO - Filling up the DagBag from /opt/airflow/dags/main.py
[2026-09-09T06:38:40.323+0000] {logging_mixin.py:188} INFO - channel id is not executed
[2026-09-09T06:38:40.793+0000] {processor.py:840} INFO - DAG(s) 'data_quality', 'produce_json', 'update_db' retrieved from /opt/airflow/dags/main.py
[2026-09-09T06:38:41.867+0000] {logging_mixin.py:188} INFO - [2026-09-09T06:38:41.866+0000] {dag.py:3096} INFO - Sync 3 DAGs
[2026-09-09T06:38:41.996+0000] {logging_mixin.py:188} INFO - [2026-09-09T06:38:41.995+0000] {dag.py:3954} INFO - Setting next_dagrun for data_quality to 2026-09-09 16:00:00+00:00, run_after=2026-09-10 16:00:00+00:00
[2026-09-09T06:38:42.040+0000] {logging_mixin.py:188} INFO - [2026-09-09T06:38:42.039+0000] {dag.py:3954} INFO - Setting next_dagrun for produce_json to 2026-09-09 14:00:00+00:00, run_after=2026-09-10 14:00:00+00:00
[2026-09-09T06:38:42.074+0000] {logging_mixin.py:188} INFO - [2026-09-09T06:38:42.073+0000] {dag.py:3954} INFO - Setting next_dagrun for update_db to 2026-09-09 15:00:00+00:00, run_after=2026-09-10 15:00:00+00:00
[2026-09-09T06:38:42.255+0000] {processor.py:183} INFO - Processing /opt/airflow/dags/main.py took 2.456 seconds
[2026-09-09T06:39:13.092+0000] {processor.py:161} INFO - Started process (PID=1404) to work on /opt/airflow/dags/main.py
[2026-09-09T06:39:13.156+0000] {processor.py:830} INFO - Processing file /opt/airflow/dags/main.py for tasks to queue
[2026-09-09T06:39:13.224+0000] {logging_mixin.py:188} INFO - [2026-09-09T06:39:13.211+0000] {dagbag.py:545} INFO - Filling up the DagBag from /opt/airflow/dags/main.py
[2026-09-09T06:39:14.009+0000] {logging_mixin.py:188} INFO - channel id is not executed
[2026-09-09T06:39:17.177+0000] {processor.py:840} INFO - DAG(s) 'data_quality', 'produce_json', 'update_db' retrieved from /opt/airflow/dags/main.py
[2026-09-09T06:39:18.146+0000] {logging_mixin.py:188} INFO - [2026-09-09T06:39:18.146+0000] {dag.py:3096} INFO - Sync 3 DAGs
[2026-09-09T06:39:18.331+0000] {logging_mixin.py:188} INFO - [2026-09-09T06:39:18.331+0000] {dag.py:3954} INFO - Setting next_dagrun for data_quality to 2026-09-09 16:00:00+00:00, run_after=2026-09-10 16:00:00+00:00
[2026-09-09T06:39:18.363+0000] {logging_mixin.py:188} INFO - [2026-09-09T06:39:18.363+0000] {dag.py:3954} INFO - Setting next_dagrun for produce_json to 2026-09-09 14:00:00+00:00, run_after=2026-09-10 14:00:00+00:00
[2026-09-09T06:39:18.392+0000] {logging_mixin.py:188} INFO - [2026-09-09T06:39:18.379+0000] {dag.py:3954} INFO - Setting next_dagrun for update_db to 2026-09-09 15:00:00+00:00, run_after=2026-09-10 15:00:00+00:00
[2026-09-09T06:39:18.641+0000] {processor.py:183} INFO - Processing /opt/airflow/dags/main.py took 5.571 seconds
[2026-09-09T06:39:49.358+0000] {processor.py:161} INFO - Started process (PID=1411) to work on /opt/airflow/dags/main.py
[2026-09-09T06:39:49.376+0000] {processor.py:830} INFO - Processing file /opt/airflow/dags/main.py for tasks to queue
[2026-09-09T06:39:49.390+0000] {logging_mixin.py:188} INFO - [2026-09-09T06:39:49.389+0000] {dagbag.py:545} INFO - Filling up the DagBag from /opt/airflow/dags/main.py
[2026-09-09T06:39:49.832+0000] {logging_mixin.py:188} INFO - channel id is not executed
[2026-09-09T06:39:50.820+0000] {processor.py:840} INFO - DAG(s) 'update_db', 'data_quality', 'produce_json' retrieved from /opt/airflow/dags/main.py
[2026-09-09T06:39:51.364+0000] {logging_mixin.py:188} INFO - [2026-09-09T06:39:51.355+0000] {dag.py:3096} INFO - Sync 3 DAGs
[2026-09-09T06:39:51.458+0000] {logging_mixin.py:188} INFO - [2026-09-09T06:39:51.458+0000] {dag.py:3954} INFO - Setting next_dagrun for data_quality to 2026-09-09 16:00:00+00:00, run_after=2026-09-10 16:00:00+00:00
[2026-09-09T06:39:51.492+0000] {logging_mixin.py:188} INFO - [2026-09-09T06:39:51.482+0000] {dag.py:3954} INFO - Setting next_dagrun for produce_json to 2026-09-09 14:00:00+00:00, run_after=2026-09-10 14:00:00+00:00
[2026-09-09T06:39:51.512+0000] {logging_mixin.py:188} INFO - [2026-09-09T06:39:51.512+0000] {dag.py:3954} INFO - Setting next_dagrun for update_db to 2026-09-09 15:00:00+00:00, run_after=2026-09-10 15:00:00+00:00
[2026-09-09T06:39:51.622+0000] {processor.py:183} INFO - Processing /opt/airflow/dags/main.py took 2.275 seconds
[2026-09-09T06:40:21.929+0000] {processor.py:161} INFO - Started process (PID=1418) to work on /opt/airflow/dags/main.py
[2026-09-09T06:40:21.946+0000] {processor.py:830} INFO - Processing file /opt/airflow/dags/main.py for tasks to queue
[2026-09-09T06:40:21.956+0000] {logging_mixin.py:188} INFO - [2026-09-09T06:40:21.955+0000] {dagbag.py:545} INFO - Filling up the DagBag from /opt/airflow/dags/main.py
[2026-09-09T06:40:22.493+0000] {logging_mixin.py:188} INFO - channel id is not executed
[2026-09-09T06:40:23.375+0000] {processor.py:840} INFO - DAG(s) 'update_db', 'produce_json', 'data_quality' retrieved from /opt/airflow/dags/main.py
[2026-09-09T06:40:23.970+0000] {logging_mixin.py:188} INFO - [2026-09-09T06:40:23.969+0000] {dag.py:3096} INFO - Sync 3 DAGs
[2026-09-09T06:40:24.074+0000] {logging_mixin.py:188} INFO - [2026-09-09T06:40:24.073+0000] {dag.py:3954} INFO - Setting next_dagrun for data_quality to 2026-09-09 16:00:00+00:00, run_after=2026-09-10 16:00:00+00:00
[2026-09-09T06:40:24.101+0000] {logging_mixin.py:188} INFO - [2026-09-09T06:40:24.101+0000] {dag.py:3954} INFO - Setting next_dagrun for produce_json to 2026-09-09 14:00:00+00:00, run_after=2026-09-10 14:00:00+00:00
[2026-09-09T06:40:24.142+0000] {logging_mixin.py:188} INFO - [2026-09-09T06:40:24.141+0000] {dag.py:3954} INFO - Setting next_dagrun for update_db to 2026-09-09 15:00:00+00:00, run_after=2026-09-10 15:00:00+00:00
[2026-09-09T06:40:24.307+0000] {processor.py:183} INFO - Processing /opt/airflow/dags/main.py took 2.388 seconds
[2026-09-09T06:40:54.929+0000] {processor.py:161} INFO - Started process (PID=1425) to work on /opt/airflow/dags/main.py
[2026-09-09T06:40:54.937+0000] {processor.py:830} INFO - Processing file /opt/airflow/dags/main.py for tasks to queue
[2026-09-09T06:40:54.946+0000] {logging_mixin.py:188} INFO - [2026-09-09T06:40:54.946+0000] {dagbag.py:545} INFO - Filling up the DagBag from /opt/airflow/dags/main.py
[2026-09-09T06:40:55.528+0000] {logging_mixin.py:188} INFO - channel id is not executed
[2026-09-09T06:40:57.150+0000] {processor.py:840} INFO - DAG(s) 'data_quality', 'produce_json', 'update_db' retrieved from /opt/airflow/dags/main.py
[2026-09-09T06:40:57.787+0000] {logging_mixin.py:188} INFO - [2026-09-09T06:40:57.787+0000] {dag.py:3096} INFO - Sync 3 DAGs
[2026-09-09T06:40:57.886+0000] {logging_mixin.py:188} INFO - [2026-09-09T06:40:57.885+0000] {dag.py:3954} INFO - Setting next_dagrun for data_quality to 2026-09-09 16:00:00+00:00, run_after=2026-09-10 16:00:00+00:00
[2026-09-09T06:40:58.004+0000] {logging_mixin.py:188} INFO - [2026-09-09T06:40:58.004+0000] {dag.py:3954} INFO - Setting next_dagrun for produce_json to 2026-09-09 14:00:00+00:00, run_after=2026-09-10 14:00:00+00:00
[2026-09-09T06:40:58.031+0000] {logging_mixin.py:188} INFO - [2026-09-09T06:40:58.031+0000] {dag.py:3954} INFO - Setting next_dagrun for update_db to 2026-09-09 15:00:00+00:00, run_after=2026-09-10 15:00:00+00:00
[2026-09-09T06:40:58.183+0000] {processor.py:183} INFO - Processing /opt/airflow/dags/main.py took 3.272 seconds
[2026-09-09T06:41:28.769+0000] {processor.py:161} INFO - Started process (PID=1433) to work on /opt/airflow/dags/main.py
[2026-09-09T06:41:28.799+0000] {processor.py:830} INFO - Processing file /opt/airflow/dags/main.py for tasks to queue
[2026-09-09T06:41:28.832+0000] {logging_mixin.py:188} INFO - [2026-09-09T06:41:28.831+0000] {dagbag.py:545} INFO - Filling up the DagBag from /opt/airflow/dags/main.py
[2026-09-09T06:41:29.059+0000] {logging_mixin.py:188} INFO - channel id is not executed
[2026-09-09T06:41:30.564+0000] {processor.py:840} INFO - DAG(s) 'produce_json', 'data_quality', 'update_db' retrieved from /opt/airflow/dags/main.py
[2026-09-09T06:41:31.204+0000] {logging_mixin.py:188} INFO - [2026-09-09T06:41:31.204+0000] {dag.py:3096} INFO - Sync 3 DAGs
[2026-09-09T06:41:31.439+0000] {logging_mixin.py:188} INFO - [2026-09-09T06:41:31.438+0000] {dag.py:3954} INFO - Setting next_dagrun for data_quality to 2026-09-09 16:00:00+00:00, run_after=2026-09-10 16:00:00+00:00
[2026-09-09T06:41:31.512+0000] {logging_mixin.py:188} INFO - [2026-09-09T06:41:31.511+0000] {dag.py:3954} INFO - Setting next_dagrun for produce_json to 2026-09-09 14:00:00+00:00, run_after=2026-09-10 14:00:00+00:00
[2026-09-09T06:41:31.537+0000] {logging_mixin.py:188} INFO - [2026-09-09T06:41:31.536+0000] {dag.py:3954} INFO - Setting next_dagrun for update_db to 2026-09-09 15:00:00+00:00, run_after=2026-09-10 15:00:00+00:00
[2026-09-09T06:41:31.701+0000] {processor.py:183} INFO - Processing /opt/airflow/dags/main.py took 2.948 seconds
[2026-09-09T06:42:03.089+0000] {processor.py:161} INFO - Started process (PID=1440) to work on /opt/airflow/dags/main.py
[2026-09-09T06:42:03.093+0000] {processor.py:830} INFO - Processing file /opt/airflow/dags/main.py for tasks to queue
[2026-09-09T06:42:03.101+0000] {logging_mixin.py:188} INFO - [2026-09-09T06:42:03.099+0000] {dagbag.py:545} INFO - Filling up the DagBag from /opt/airflow/dags/main.py
[2026-09-09T06:42:03.346+0000] {logging_mixin.py:188} INFO - channel id is not executed
[2026-09-09T06:42:03.649+0000] {processor.py:840} INFO - DAG(s) 'produce_json', 'update_db', 'data_quality' retrieved from /opt/airflow/dags/main.py
[2026-09-09T06:42:04.075+0000] {logging_mixin.py:188} INFO - [2026-09-09T06:42:04.074+0000] {dag.py:3096} INFO - Sync 3 DAGs
[2026-09-09T06:42:04.224+0000] {logging_mixin.py:188} INFO - [2026-09-09T06:42:04.223+0000] {dag.py:3954} INFO - Setting next_dagrun for data_quality to 2026-09-09 16:00:00+00:00, run_after=2026-09-10 16:00:00+00:00
[2026-09-09T06:42:04.260+0000] {logging_mixin.py:188} INFO - [2026-09-09T06:42:04.260+0000] {dag.py:3954} INFO - Setting next_dagrun for produce_json to 2026-09-09 14:00:00+00:00, run_after=2026-09-10 14:00:00+00:00
[2026-09-09T06:42:04.296+0000] {logging_mixin.py:188} INFO - [2026-09-09T06:42:04.296+0000] {dag.py:3954} INFO - Setting next_dagrun for update_db to 2026-09-09 15:00:00+00:00, run_after=2026-09-10 15:00:00+00:00
[2026-09-09T06:42:04.440+0000] {processor.py:183} INFO - Processing /opt/airflow/dags/main.py took 1.436 seconds
[2026-09-09T06:42:34.753+0000] {processor.py:161} INFO - Started process (PID=1453) to work on /opt/airflow/dags/main.py
[2026-09-09T06:42:34.756+0000] {processor.py:830} INFO - Processing file /opt/airflow/dags/main.py for tasks to queue
[2026-09-09T06:42:34.776+0000] {logging_mixin.py:188} INFO - [2026-09-09T06:42:34.775+0000] {dagbag.py:545} INFO - Filling up the DagBag from /opt/airflow/dags/main.py
[2026-09-09T06:42:35.783+0000] {logging_mixin.py:188} INFO - channel id is not executed
[2026-09-09T06:42:37.654+0000] {processor.py:840} INFO - DAG(s) 'data_quality', 'produce_json', 'update_db' retrieved from /opt/airflow/dags/main.py
[2026-09-09T06:42:38.451+0000] {logging_mixin.py:188} INFO - [2026-09-09T06:42:38.451+0000] {dag.py:3096} INFO - Sync 3 DAGs
[2026-09-09T06:42:38.565+0000] {logging_mixin.py:188} INFO - [2026-09-09T06:42:38.564+0000] {dag.py:3954} INFO - Setting next_dagrun for data_quality to 2026-09-09 16:00:00+00:00, run_after=2026-09-10 16:00:00+00:00
[2026-09-09T06:42:38.622+0000] {logging_mixin.py:188} INFO - [2026-09-09T06:42:38.622+0000] {dag.py:3954} INFO - Setting next_dagrun for produce_json to 2026-09-09 14:00:00+00:00, run_after=2026-09-10 14:00:00+00:00
[2026-09-09T06:42:38.653+0000] {logging_mixin.py:188} INFO - [2026-09-09T06:42:38.653+0000] {dag.py:3954} INFO - Setting next_dagrun for update_db to 2026-09-09 15:00:00+00:00, run_after=2026-09-10 15:00:00+00:00
[2026-09-09T06:42:38.831+0000] {processor.py:183} INFO - Processing /opt/airflow/dags/main.py took 4.092 seconds
[2026-09-09T06:43:09.768+0000] {processor.py:161} INFO - Started process (PID=1460) to work on /opt/airflow/dags/main.py
[2026-09-09T06:43:09.770+0000] {processor.py:830} INFO - Processing file /opt/airflow/dags/main.py for tasks to queue
[2026-09-09T06:43:09.773+0000] {logging_mixin.py:188} INFO - [2026-09-09T06:43:09.772+0000] {dagbag.py:545} INFO - Filling up the DagBag from /opt/airflow/dags/main.py
[2026-09-09T06:43:09.870+0000] {logging_mixin.py:188} INFO - channel id is not executed
[2026-09-09T06:43:10.033+0000] {processor.py:840} INFO - DAG(s) 'update_db', 'data_quality', 'produce_json' retrieved from /opt/airflow/dags/main.py
[2026-09-09T06:43:10.346+0000] {logging_mixin.py:188} INFO - [2026-09-09T06:43:10.345+0000] {dag.py:3096} INFO - Sync 3 DAGs
[2026-09-09T06:43:10.427+0000] {logging_mixin.py:188} INFO - [2026-09-09T06:43:10.427+0000] {dag.py:3954} INFO - Setting next_dagrun for data_quality to 2026-09-09 16:00:00+00:00, run_after=2026-09-10 16:00:00+00:00
[2026-09-09T06:43:10.484+0000] {logging_mixin.py:188} INFO - [2026-09-09T06:43:10.484+0000] {dag.py:3954} INFO - Setting next_dagrun for produce_json to 2026-09-09 14:00:00+00:00, run_after=2026-09-10 14:00:00+00:00
[2026-09-09T06:43:10.490+0000] {logging_mixin.py:188} INFO - [2026-09-09T06:43:10.489+0000] {dag.py:3954} INFO - Setting next_dagrun for update_db to 2026-09-09 15:00:00+00:00, run_after=2026-09-10 15:00:00+00:00
[2026-09-09T06:43:10.663+0000] {processor.py:183} INFO - Processing /opt/airflow/dags/main.py took 0.907 seconds
[2026-09-09T06:43:41.131+0000] {processor.py:161} INFO - Started process (PID=1467) to work on /opt/airflow/dags/main.py
[2026-09-09T06:43:41.137+0000] {processor.py:830} INFO - Processing file /opt/airflow/dags/main.py for tasks to queue
[2026-09-09T06:43:41.146+0000] {logging_mixin.py:188} INFO - [2026-09-09T06:43:41.145+0000] {dagbag.py:545} INFO - Filling up the DagBag from /opt/airflow/dags/main.py
[2026-09-09T06:43:41.781+0000] {logging_mixin.py:188} INFO - channel id is not executed
[2026-09-09T06:43:42.675+0000] {processor.py:840} INFO - DAG(s) 'produce_json', 'update_db', 'data_quality' retrieved from /opt/airflow/dags/main.py
[2026-09-09T06:43:43.263+0000] {logging_mixin.py:188} INFO - [2026-09-09T06:43:43.263+0000] {dag.py:3096} INFO - Sync 3 DAGs
[2026-09-09T06:43:43.365+0000] {logging_mixin.py:188} INFO - [2026-09-09T06:43:43.365+0000] {dag.py:3954} INFO - Setting next_dagrun for data_quality to 2026-09-09 16:00:00+00:00, run_after=2026-09-10 16:00:00+00:00
[2026-09-09T06:43:43.392+0000] {logging_mixin.py:188} INFO - [2026-09-09T06:43:43.391+0000] {dag.py:3954} INFO - Setting next_dagrun for produce_json to 2026-09-09 14:00:00+00:00, run_after=2026-09-10 14:00:00+00:00
[2026-09-09T06:43:43.465+0000] {logging_mixin.py:188} INFO - [2026-09-09T06:43:43.464+0000] {dag.py:3954} INFO - Setting next_dagrun for update_db to 2026-09-09 15:00:00+00:00, run_after=2026-09-10 15:00:00+00:00
[2026-09-09T06:43:43.676+0000] {processor.py:183} INFO - Processing /opt/airflow/dags/main.py took 2.570 seconds
[2026-09-09T06:44:14.090+0000] {processor.py:161} INFO - Started process (PID=1474) to work on /opt/airflow/dags/main.py
[2026-09-09T06:44:14.098+0000] {processor.py:830} INFO - Processing file /opt/airflow/dags/main.py for tasks to queue
[2026-09-09T06:44:14.106+0000] {logging_mixin.py:188} INFO - [2026-09-09T06:44:14.105+0000] {dagbag.py:545} INFO - Filling up the DagBag from /opt/airflow/dags/main.py
[2026-09-09T06:44:14.749+0000] {logging_mixin.py:188} INFO - channel id is not executed
[2026-09-09T06:44:15.688+0000] {processor.py:840} INFO - DAG(s) 'update_db', 'data_quality', 'produce_json' retrieved from /opt/airflow/dags/main.py
[2026-09-09T06:44:16.299+0000] {logging_mixin.py:188} INFO - [2026-09-09T06:44:16.299+0000] {dag.py:3096} INFO - Sync 3 DAGs
[2026-09-09T06:44:16.407+0000] {logging_mixin.py:188} INFO - [2026-09-09T06:44:16.406+0000] {dag.py:3954} INFO - Setting next_dagrun for data_quality to 2026-09-09 16:00:00+00:00, run_after=2026-09-10 16:00:00+00:00
[2026-09-09T06:44:16.440+0000] {logging_mixin.py:188} INFO - [2026-09-09T06:44:16.440+0000] {dag.py:3954} INFO - Setting next_dagrun for produce_json to 2026-09-09 14:00:00+00:00, run_after=2026-09-10 14:00:00+00:00
[2026-09-09T06:44:16.489+0000] {logging_mixin.py:188} INFO - [2026-09-09T06:44:16.488+0000] {dag.py:3954} INFO - Setting next_dagrun for update_db to 2026-09-09 15:00:00+00:00, run_after=2026-09-10 15:00:00+00:00
[2026-09-09T06:44:16.600+0000] {processor.py:183} INFO - Processing /opt/airflow/dags/main.py took 2.527 seconds
[2026-09-09T06:44:47.218+0000] {processor.py:161} INFO - Started process (PID=1482) to work on /opt/airflow/dags/main.py
[2026-09-09T06:44:47.232+0000] {processor.py:830} INFO - Processing file /opt/airflow/dags/main.py for tasks to queue
[2026-09-09T06:44:47.280+0000] {logging_mixin.py:188} INFO - [2026-09-09T06:44:47.279+0000] {dagbag.py:545} INFO - Filling up the DagBag from /opt/airflow/dags/main.py
[2026-09-09T06:44:47.999+0000] {logging_mixin.py:188} INFO - channel id is not executed
[2026-09-09T06:44:49.175+0000] {processor.py:840} INFO - DAG(s) 'update_db', 'data_quality', 'produce_json' retrieved from /opt/airflow/dags/main.py
[2026-09-09T06:44:50.248+0000] {logging_mixin.py:188} INFO - [2026-09-09T06:44:50.247+0000] {dag.py:3096} INFO - Sync 3 DAGs
[2026-09-09T06:44:50.379+0000] {logging_mixin.py:188} INFO - [2026-09-09T06:44:50.379+0000] {dag.py:3954} INFO - Setting next_dagrun for data_quality to 2026-09-09 16:00:00+00:00, run_after=2026-09-10 16:00:00+00:00
[2026-09-09T06:44:50.408+0000] {logging_mixin.py:188} INFO - [2026-09-09T06:44:50.407+0000] {dag.py:3954} INFO - Setting next_dagrun for produce_json to 2026-09-09 14:00:00+00:00, run_after=2026-09-10 14:00:00+00:00
[2026-09-09T06:44:50.429+0000] {logging_mixin.py:188} INFO - [2026-09-09T06:44:50.428+0000] {dag.py:3954} INFO - Setting next_dagrun for update_db to 2026-09-09 15:00:00+00:00, run_after=2026-09-10 15:00:00+00:00
[2026-09-09T06:44:50.790+0000] {processor.py:183} INFO - Processing /opt/airflow/dags/main.py took 3.617 seconds
[2026-09-09T06:45:21.199+0000] {processor.py:161} INFO - Started process (PID=1489) to work on /opt/airflow/dags/main.py
[2026-09-09T06:45:21.205+0000] {processor.py:830} INFO - Processing file /opt/airflow/dags/main.py for tasks to queue
[2026-09-09T06:45:21.214+0000] {logging_mixin.py:188} INFO - [2026-09-09T06:45:21.213+0000] {dagbag.py:545} INFO - Filling up the DagBag from /opt/airflow/dags/main.py
[2026-09-09T06:45:21.407+0000] {logging_mixin.py:188} INFO - channel id is not executed
[2026-09-09T06:45:21.942+0000] {processor.py:840} INFO - DAG(s) 'produce_json', 'update_db', 'data_quality' retrieved from /opt/airflow/dags/main.py
[2026-09-09T06:45:22.614+0000] {logging_mixin.py:188} INFO - [2026-09-09T06:45:22.613+0000] {dag.py:3096} INFO - Sync 3 DAGs
[2026-09-09T06:45:22.669+0000] {logging_mixin.py:188} INFO - [2026-09-09T06:45:22.669+0000] {dag.py:3954} INFO - Setting next_dagrun for data_quality to 2026-09-09 16:00:00+00:00, run_after=2026-09-10 16:00:00+00:00
[2026-09-09T06:45:22.681+0000] {logging_mixin.py:188} INFO - [2026-09-09T06:45:22.681+0000] {dag.py:3954} INFO - Setting next_dagrun for produce_json to 2026-09-09 14:00:00+00:00, run_after=2026-09-10 14:00:00+00:00
[2026-09-09T06:45:22.688+0000] {logging_mixin.py:188} INFO - [2026-09-09T06:45:22.688+0000] {dag.py:3954} INFO - Setting next_dagrun for update_db to 2026-09-09 15:00:00+00:00, run_after=2026-09-10 15:00:00+00:00
[2026-09-09T06:45:22.758+0000] {processor.py:183} INFO - Processing /opt/airflow/dags/main.py took 1.583 seconds
[2026-09-09T06:45:54.043+0000] {processor.py:161} INFO - Started process (PID=1496) to work on /opt/airflow/dags/main.py
[2026-09-09T06:45:54.083+0000] {processor.py:830} INFO - Processing file /opt/airflow/dags/main.py for tasks to queue
[2026-09-09T06:45:54.098+0000] {logging_mixin.py:188} INFO - [2026-09-09T06:45:54.097+0000] {dagbag.py:545} INFO - Filling up the DagBag from /opt/airflow/dags/main.py
[2026-09-09T06:45:54.607+0000] {logging_mixin.py:188} INFO - channel id is not executed
[2026-09-09T06:45:55.205+0000] {processor.py:840} INFO - DAG(s) 'data_quality', 'update_db', 'produce_json' retrieved from /opt/airflow/dags/main.py
[2026-09-09T06:45:55.774+0000] {logging_mixin.py:188} INFO - [2026-09-09T06:45:55.774+0000] {dag.py:3096} INFO - Sync 3 DAGs
[2026-09-09T06:45:55.967+0000] {logging_mixin.py:188} INFO - [2026-09-09T06:45:55.966+0000] {dag.py:3954} INFO - Setting next_dagrun for data_quality to 2026-09-09 16:00:00+00:00, run_after=2026-09-10 16:00:00+00:00
[2026-09-09T06:45:56.019+0000] {logging_mixin.py:188} INFO - [2026-09-09T06:45:56.019+0000] {dag.py:3954} INFO - Setting next_dagrun for produce_json to 2026-09-09 14:00:00+00:00, run_after=2026-09-10 14:00:00+00:00
[2026-09-09T06:45:56.031+0000] {logging_mixin.py:188} INFO - [2026-09-09T06:45:56.030+0000] {dag.py:3954} INFO - Setting next_dagrun for update_db to 2026-09-09 15:00:00+00:00, run_after=2026-09-10 15:00:00+00:00
[2026-09-09T06:45:56.141+0000] {processor.py:183} INFO - Processing /opt/airflow/dags/main.py took 2.124 seconds
[2026-09-09T06:46:26.554+0000] {processor.py:161} INFO - Started process (PID=1503) to work on /opt/airflow/dags/main.py
[2026-09-09T06:46:26.594+0000] {processor.py:830} INFO - Processing file /opt/airflow/dags/main.py for tasks to queue
[2026-09-09T06:46:26.600+0000] {logging_mixin.py:188} INFO - [2026-09-09T06:46:26.600+0000] {dagbag.py:545} INFO - Filling up the DagBag from /opt/airflow/dags/main.py
[2026-09-09T06:46:26.760+0000] {logging_mixin.py:188} INFO - channel id is not executed
[2026-09-09T06:46:27.122+0000] {processor.py:840} INFO - DAG(s) 'produce_json', 'data_quality', 'update_db' retrieved from /opt/airflow/dags/main.py
[2026-09-09T06:46:27.445+0000] {logging_mixin.py:188} INFO - [2026-09-09T06:46:27.445+0000] {dag.py:3096} INFO - Sync 3 DAGs
[2026-09-09T06:46:27.485+0000] {logging_mixin.py:188} INFO - [2026-09-09T06:46:27.485+0000] {dag.py:3954} INFO - Setting next_dagrun for data_quality to 2026-09-09 16:00:00+00:00, run_after=2026-09-10 16:00:00+00:00
[2026-09-09T06:46:27.494+0000] {logging_mixin.py:188} INFO - [2026-09-09T06:46:27.494+0000] {dag.py:3954} INFO - Setting next_dagrun for produce_json to 2026-09-09 14:00:00+00:00, run_after=2026-09-10 14:00:00+00:00
[2026-09-09T06:46:27.500+0000] {logging_mixin.py:188} INFO - [2026-09-09T06:46:27.500+0000] {dag.py:3954} INFO - Setting next_dagrun for update_db to 2026-09-09 15:00:00+00:00, run_after=2026-09-10 15:00:00+00:00
[2026-09-09T06:46:27.578+0000] {processor.py:183} INFO - Processing /opt/airflow/dags/main.py took 1.035 seconds
[2026-09-09T06:46:57.847+0000] {processor.py:161} INFO - Started process (PID=1510) to work on /opt/airflow/dags/main.py
[2026-09-09T06:46:57.871+0000] {processor.py:830} INFO - Processing file /opt/airflow/dags/main.py for tasks to queue
[2026-09-09T06:46:57.895+0000] {logging_mixin.py:188} INFO - [2026-09-09T06:46:57.889+0000] {dagbag.py:545} INFO - Filling up the DagBag from /opt/airflow/dags/main.py
[2026-09-09T06:46:58.258+0000] {logging_mixin.py:188} INFO - channel id is not executed
[2026-09-09T06:46:59.043+0000] {processor.py:840} INFO - DAG(s) 'data_quality', 'produce_json', 'update_db' retrieved from /opt/airflow/dags/main.py
[2026-09-09T06:47:00.413+0000] {logging_mixin.py:188} INFO - [2026-09-09T06:47:00.413+0000] {dag.py:3096} INFO - Sync 3 DAGs
[2026-09-09T06:47:00.801+0000] {logging_mixin.py:188} INFO - [2026-09-09T06:47:00.800+0000] {dag.py:3954} INFO - Setting next_dagrun for data_quality to 2026-09-09 16:00:00+00:00, run_after=2026-09-10 16:00:00+00:00
[2026-09-09T06:47:00.842+0000] {logging_mixin.py:188} INFO - [2026-09-09T06:47:00.841+0000] {dag.py:3954} INFO - Setting next_dagrun for produce_json to 2026-09-09 14:00:00+00:00, run_after=2026-09-10 14:00:00+00:00
[2026-09-09T06:47:00.866+0000] {logging_mixin.py:188} INFO - [2026-09-09T06:47:00.865+0000] {dag.py:3954} INFO - Setting next_dagrun for update_db to 2026-09-09 15:00:00+00:00, run_after=2026-09-10 15:00:00+00:00
[2026-09-09T06:47:01.001+0000] {processor.py:183} INFO - Processing /opt/airflow/dags/main.py took 3.211 seconds
[2026-09-09T06:47:31.477+0000] {processor.py:161} INFO - Started process (PID=1517) to work on /opt/airflow/dags/main.py
[2026-09-09T06:47:31.480+0000] {processor.py:830} INFO - Processing file /opt/airflow/dags/main.py for tasks to queue
[2026-09-09T06:47:31.486+0000] {logging_mixin.py:188} INFO - [2026-09-09T06:47:31.485+0000] {dagbag.py:545} INFO - Filling up the DagBag from /opt/airflow/dags/main.py
[2026-09-09T06:47:31.874+0000] {logging_mixin.py:188} INFO - channel id is not executed
[2026-09-09T06:47:32.119+0000] {processor.py:840} INFO - DAG(s) 'produce_json', 'update_db', 'data_quality' retrieved from /opt/airflow/dags/main.py
[2026-09-09T06:47:32.551+0000] {logging_mixin.py:188} INFO - [2026-09-09T06:47:32.551+0000] {dag.py:3096} INFO - Sync 3 DAGs
[2026-09-09T06:47:32.632+0000] {logging_mixin.py:188} INFO - [2026-09-09T06:47:32.631+0000] {dag.py:3954} INFO - Setting next_dagrun for data_quality to 2026-09-09 16:00:00+00:00, run_after=2026-09-10 16:00:00+00:00
[2026-09-09T06:47:32.642+0000] {logging_mixin.py:188} INFO - [2026-09-09T06:47:32.642+0000] {dag.py:3954} INFO - Setting next_dagrun for produce_json to 2026-09-09 14:00:00+00:00, run_after=2026-09-10 14:00:00+00:00
[2026-09-09T06:47:32.649+0000] {logging_mixin.py:188} INFO - [2026-09-09T06:47:32.648+0000] {dag.py:3954} INFO - Setting next_dagrun for update_db to 2026-09-09 15:00:00+00:00, run_after=2026-09-10 15:00:00+00:00
[2026-09-09T06:47:32.695+0000] {processor.py:183} INFO - Processing /opt/airflow/dags/main.py took 1.228 seconds
[2026-09-09T06:48:03.654+0000] {processor.py:161} INFO - Started process (PID=1525) to work on /opt/airflow/dags/main.py
[2026-09-09T06:48:03.656+0000] {processor.py:830} INFO - Processing file /opt/airflow/dags/main.py for tasks to queue
[2026-09-09T06:48:03.660+0000] {logging_mixin.py:188} INFO - [2026-09-09T06:48:03.659+0000] {dagbag.py:545} INFO - Filling up the DagBag from /opt/airflow/dags/main.py
[2026-09-09T06:48:03.938+0000] {logging_mixin.py:188} INFO - channel id is not executed
[2026-09-09T06:48:04.115+0000] {processor.py:840} INFO - DAG(s) 'data_quality', 'produce_json', 'update_db' retrieved from /opt/airflow/dags/main.py
[2026-09-09T06:48:04.486+0000] {logging_mixin.py:188} INFO - [2026-09-09T06:48:04.485+0000] {dag.py:3096} INFO - Sync 3 DAGs
[2026-09-09T06:48:04.524+0000] {logging_mixin.py:188} INFO - [2026-09-09T06:48:04.524+0000] {dag.py:3954} INFO - Setting next_dagrun for data_quality to 2026-09-09 16:00:00+00:00, run_after=2026-09-10 16:00:00+00:00
[2026-09-09T06:48:04.538+0000] {logging_mixin.py:188} INFO - [2026-09-09T06:48:04.537+0000] {dag.py:3954} INFO - Setting next_dagrun for produce_json to 2026-09-09 14:00:00+00:00, run_after=2026-09-10 14:00:00+00:00
[2026-09-09T06:48:04.544+0000] {logging_mixin.py:188} INFO - [2026-09-09T06:48:04.544+0000] {dag.py:3954} INFO - Setting next_dagrun for update_db to 2026-09-09 15:00:00+00:00, run_after=2026-09-10 15:00:00+00:00
[2026-09-09T06:48:04.593+0000] {processor.py:183} INFO - Processing /opt/airflow/dags/main.py took 0.951 seconds
[2026-09-09T06:48:36.030+0000] {processor.py:161} INFO - Started process (PID=1531) to work on /opt/airflow/dags/main.py
[2026-09-09T06:48:36.052+0000] {processor.py:830} INFO - Processing file /opt/airflow/dags/main.py for tasks to queue
[2026-09-09T06:48:36.073+0000] {logging_mixin.py:188} INFO - [2026-09-09T06:48:36.073+0000] {dagbag.py:545} INFO - Filling up the DagBag from /opt/airflow/dags/main.py
[2026-09-09T06:48:36.817+0000] {logging_mixin.py:188} INFO - channel id is not executed
[2026-09-09T06:48:39.908+0000] {processor.py:840} INFO - DAG(s) 'produce_json', 'data_quality', 'update_db' retrieved from /opt/airflow/dags/main.py
[2026-09-09T06:48:40.800+0000] {logging_mixin.py:188} INFO - [2026-09-09T06:48:40.799+0000] {dag.py:3096} INFO - Sync 3 DAGs
[2026-09-09T06:48:40.895+0000] {logging_mixin.py:188} INFO - [2026-09-09T06:48:40.894+0000] {dag.py:3954} INFO - Setting next_dagrun for data_quality to 2026-09-09 16:00:00+00:00, run_after=2026-09-10 16:00:00+00:00
[2026-09-09T06:48:40.923+0000] {logging_mixin.py:188} INFO - [2026-09-09T06:48:40.922+0000] {dag.py:3954} INFO - Setting next_dagrun for produce_json to 2026-09-09 14:00:00+00:00, run_after=2026-09-10 14:00:00+00:00
[2026-09-09T06:48:40.940+0000] {logging_mixin.py:188} INFO - [2026-09-09T06:48:40.939+0000] {dag.py:3954} INFO - Setting next_dagrun for update_db to 2026-09-09 15:00:00+00:00, run_after=2026-09-10 15:00:00+00:00
[2026-09-09T06:48:41.047+0000] {processor.py:183} INFO - Processing /opt/airflow/dags/main.py took 5.026 seconds
[2026-09-09T06:49:12.768+0000] {processor.py:161} INFO - Started process (PID=1543) to work on /opt/airflow/dags/main.py
[2026-09-09T06:49:12.810+0000] {processor.py:830} INFO - Processing file /opt/airflow/dags/main.py for tasks to queue
[2026-09-09T06:49:12.843+0000] {logging_mixin.py:188} INFO - [2026-09-09T06:49:12.842+0000] {dagbag.py:545} INFO - Filling up the DagBag from /opt/airflow/dags/main.py
[2026-09-09T06:49:13.377+0000] {logging_mixin.py:188} INFO - channel id is not executed
[2026-09-09T06:49:14.099+0000] {processor.py:840} INFO - DAG(s) 'update_db', 'data_quality', 'produce_json' retrieved from /opt/airflow/dags/main.py
[2026-09-09T06:49:14.990+0000] {logging_mixin.py:188} INFO - [2026-09-09T06:49:14.990+0000] {dag.py:3096} INFO - Sync 3 DAGs
[2026-09-09T06:49:15.087+0000] {logging_mixin.py:188} INFO - [2026-09-09T06:49:15.086+0000] {dag.py:3954} INFO - Setting next_dagrun for data_quality to 2026-09-09 16:00:00+00:00, run_after=2026-09-10 16:00:00+00:00
[2026-09-09T06:49:15.103+0000] {logging_mixin.py:188} INFO - [2026-09-09T06:49:15.103+0000] {dag.py:3954} INFO - Setting next_dagrun for produce_json to 2026-09-09 14:00:00+00:00, run_after=2026-09-10 14:00:00+00:00
[2026-09-09T06:49:15.126+0000] {logging_mixin.py:188} INFO - [2026-09-09T06:49:15.119+0000] {dag.py:3954} INFO - Setting next_dagrun for update_db to 2026-09-09 15:00:00+00:00, run_after=2026-09-10 15:00:00+00:00
[2026-09-09T06:49:15.199+0000] {processor.py:183} INFO - Processing /opt/airflow/dags/main.py took 2.459 seconds
[2026-09-09T06:49:45.888+0000] {processor.py:161} INFO - Started process (PID=1550) to work on /opt/airflow/dags/main.py
[2026-09-09T06:49:45.892+0000] {processor.py:830} INFO - Processing file /opt/airflow/dags/main.py for tasks to queue
[2026-09-09T06:49:45.904+0000] {logging_mixin.py:188} INFO - [2026-09-09T06:49:45.903+0000] {dagbag.py:545} INFO - Filling up the DagBag from /opt/airflow/dags/main.py
[2026-09-09T06:49:46.014+0000] {logging_mixin.py:188} INFO - channel id is not executed
[2026-09-09T06:49:46.368+0000] {processor.py:840} INFO - DAG(s) 'data_quality', 'update_db', 'produce_json' retrieved from /opt/airflow/dags/main.py
[2026-09-09T06:49:46.702+0000] {logging_mixin.py:188} INFO - [2026-09-09T06:49:46.702+0000] {dag.py:3096} INFO - Sync 3 DAGs
[2026-09-09T06:49:46.742+0000] {logging_mixin.py:188} INFO - [2026-09-09T06:49:46.741+0000] {dag.py:3954} INFO - Setting next_dagrun for data_quality to 2026-09-09 16:00:00+00:00, run_after=2026-09-10 16:00:00+00:00
[2026-09-09T06:49:46.756+0000] {logging_mixin.py:188} INFO - [2026-09-09T06:49:46.756+0000] {dag.py:3954} INFO - Setting next_dagrun for produce_json to 2026-09-09 14:00:00+00:00, run_after=2026-09-10 14:00:00+00:00
[2026-09-09T06:49:46.775+0000] {logging_mixin.py:188} INFO - [2026-09-09T06:49:46.774+0000] {dag.py:3954} INFO - Setting next_dagrun for update_db to 2026-09-09 15:00:00+00:00, run_after=2026-09-10 15:00:00+00:00
[2026-09-09T06:49:46.836+0000] {processor.py:183} INFO - Processing /opt/airflow/dags/main.py took 0.969 seconds
[2026-09-09T06:50:17.743+0000] {processor.py:161} INFO - Started process (PID=1557) to work on /opt/airflow/dags/main.py
[2026-09-09T06:50:17.747+0000] {processor.py:830} INFO - Processing file /opt/airflow/dags/main.py for tasks to queue
[2026-09-09T06:50:17.752+0000] {logging_mixin.py:188} INFO - [2026-09-09T06:50:17.751+0000] {dagbag.py:545} INFO - Filling up the DagBag from /opt/airflow/dags/main.py
[2026-09-09T06:50:17.855+0000] {logging_mixin.py:188} INFO - channel id is not executed
[2026-09-09T06:50:18.051+0000] {processor.py:840} INFO - DAG(s) 'update_db', 'produce_json', 'data_quality' retrieved from /opt/airflow/dags/main.py
[2026-09-09T06:50:18.484+0000] {logging_mixin.py:188} INFO - [2026-09-09T06:50:18.484+0000] {dag.py:3096} INFO - Sync 3 DAGs
[2026-09-09T06:50:18.561+0000] {logging_mixin.py:188} INFO - [2026-09-09T06:50:18.560+0000] {dag.py:3954} INFO - Setting next_dagrun for data_quality to 2026-09-09 16:00:00+00:00, run_after=2026-09-10 16:00:00+00:00
[2026-09-09T06:50:18.572+0000] {logging_mixin.py:188} INFO - [2026-09-09T06:50:18.571+0000] {dag.py:3954} INFO - Setting next_dagrun for produce_json to 2026-09-09 14:00:00+00:00, run_after=2026-09-10 14:00:00+00:00
[2026-09-09T06:50:18.579+0000] {logging_mixin.py:188} INFO - [2026-09-09T06:50:18.579+0000] {dag.py:3954} INFO - Setting next_dagrun for update_db to 2026-09-09 15:00:00+00:00, run_after=2026-09-10 15:00:00+00:00
[2026-09-09T06:50:18.658+0000] {processor.py:183} INFO - Processing /opt/airflow/dags/main.py took 0.926 seconds
[2026-09-09T06:50:49.591+0000] {processor.py:161} INFO - Started process (PID=1564) to work on /opt/airflow/dags/main.py
[2026-09-09T06:50:49.594+0000] {processor.py:830} INFO - Processing file /opt/airflow/dags/main.py for tasks to queue
[2026-09-09T06:50:49.612+0000] {logging_mixin.py:188} INFO - [2026-09-09T06:50:49.611+0000] {dagbag.py:545} INFO - Filling up the DagBag from /opt/airflow/dags/main.py
[2026-09-09T06:50:49.715+0000] {logging_mixin.py:188} INFO - channel id is not executed
[2026-09-09T06:50:49.957+0000] {processor.py:840} INFO - DAG(s) 'data_quality', 'update_db', 'produce_json' retrieved from /opt/airflow/dags/main.py
[2026-09-09T06:50:50.463+0000] {logging_mixin.py:188} INFO - [2026-09-09T06:50:50.463+0000] {dag.py:3096} INFO - Sync 3 DAGs
[2026-09-09T06:50:50.569+0000] {logging_mixin.py:188} INFO - [2026-09-09T06:50:50.569+0000] {dag.py:3954} INFO - Setting next_dagrun for data_quality to 2026-09-09 16:00:00+00:00, run_after=2026-09-10 16:00:00+00:00
[2026-09-09T06:50:50.585+0000] {logging_mixin.py:188} INFO - [2026-09-09T06:50:50.584+0000] {dag.py:3954} INFO - Setting next_dagrun for produce_json to 2026-09-09 14:00:00+00:00, run_after=2026-09-10 14:00:00+00:00
[2026-09-09T06:50:50.592+0000] {logging_mixin.py:188} INFO - [2026-09-09T06:50:50.592+0000] {dag.py:3954} INFO - Setting next_dagrun for update_db to 2026-09-09 15:00:00+00:00, run_after=2026-09-10 15:00:00+00:00
[2026-09-09T06:50:50.644+0000] {processor.py:183} INFO - Processing /opt/airflow/dags/main.py took 1.062 seconds
[2026-09-09T06:51:21.286+0000] {processor.py:161} INFO - Started process (PID=1572) to work on /opt/airflow/dags/main.py
[2026-09-09T06:51:21.324+0000] {processor.py:830} INFO - Processing file /opt/airflow/dags/main.py for tasks to queue
[2026-09-09T06:51:21.352+0000] {logging_mixin.py:188} INFO - [2026-09-09T06:51:21.351+0000] {dagbag.py:545} INFO - Filling up the DagBag from /opt/airflow/dags/main.py
[2026-09-09T06:51:21.590+0000] {logging_mixin.py:188} INFO - channel id is not executed
[2026-09-09T06:51:21.871+0000] {processor.py:840} INFO - DAG(s) 'data_quality', 'produce_json', 'update_db' retrieved from /opt/airflow/dags/main.py
[2026-09-09T06:51:22.240+0000] {logging_mixin.py:188} INFO - [2026-09-09T06:51:22.239+0000] {dag.py:3096} INFO - Sync 3 DAGs
[2026-09-09T06:51:22.338+0000] {logging_mixin.py:188} INFO - [2026-09-09T06:51:22.338+0000] {dag.py:3954} INFO - Setting next_dagrun for data_quality to 2026-09-09 16:00:00+00:00, run_after=2026-09-10 16:00:00+00:00
[2026-09-09T06:51:22.358+0000] {logging_mixin.py:188} INFO - [2026-09-09T06:51:22.357+0000] {dag.py:3954} INFO - Setting next_dagrun for produce_json to 2026-09-09 14:00:00+00:00, run_after=2026-09-10 14:00:00+00:00
[2026-09-09T06:51:22.373+0000] {logging_mixin.py:188} INFO - [2026-09-09T06:51:22.372+0000] {dag.py:3954} INFO - Setting next_dagrun for update_db to 2026-09-09 15:00:00+00:00, run_after=2026-09-10 15:00:00+00:00
[2026-09-09T06:51:22.431+0000] {processor.py:183} INFO - Processing /opt/airflow/dags/main.py took 1.165 seconds
[2026-09-09T06:51:53.456+0000] {processor.py:161} INFO - Started process (PID=1579) to work on /opt/airflow/dags/main.py
[2026-09-09T06:51:53.459+0000] {processor.py:830} INFO - Processing file /opt/airflow/dags/main.py for tasks to queue
[2026-09-09T06:51:53.463+0000] {logging_mixin.py:188} INFO - [2026-09-09T06:51:53.462+0000] {dagbag.py:545} INFO - Filling up the DagBag from /opt/airflow/dags/main.py
[2026-09-09T06:51:53.668+0000] {logging_mixin.py:188} INFO - channel id is not executed
[2026-09-09T06:51:53.859+0000] {processor.py:840} INFO - DAG(s) 'update_db', 'produce_json', 'data_quality' retrieved from /opt/airflow/dags/main.py
[2026-09-09T06:51:54.268+0000] {logging_mixin.py:188} INFO - [2026-09-09T06:51:54.267+0000] {dag.py:3096} INFO - Sync 3 DAGs
[2026-09-09T06:51:54.336+0000] {logging_mixin.py:188} INFO - [2026-09-09T06:51:54.336+0000] {dag.py:3954} INFO - Setting next_dagrun for data_quality to 2026-09-09 16:00:00+00:00, run_after=2026-09-10 16:00:00+00:00
[2026-09-09T06:51:54.359+0000] {logging_mixin.py:188} INFO - [2026-09-09T06:51:54.359+0000] {dag.py:3954} INFO - Setting next_dagrun for produce_json to 2026-09-09 14:00:00+00:00, run_after=2026-09-10 14:00:00+00:00
[2026-09-09T06:51:54.378+0000] {logging_mixin.py:188} INFO - [2026-09-09T06:51:54.378+0000] {dag.py:3954} INFO - Setting next_dagrun for update_db to 2026-09-09 15:00:00+00:00, run_after=2026-09-10 15:00:00+00:00
[2026-09-09T06:51:54.450+0000] {processor.py:183} INFO - Processing /opt/airflow/dags/main.py took 1.025 seconds
[2026-09-09T06:52:25.548+0000] {processor.py:161} INFO - Started process (PID=1586) to work on /opt/airflow/dags/main.py
[2026-09-09T06:52:25.572+0000] {processor.py:830} INFO - Processing file /opt/airflow/dags/main.py for tasks to queue
[2026-09-09T06:52:25.576+0000] {logging_mixin.py:188} INFO - [2026-09-09T06:52:25.576+0000] {dagbag.py:545} INFO - Filling up the DagBag from /opt/airflow/dags/main.py
[2026-09-09T06:52:25.934+0000] {logging_mixin.py:188} INFO - channel id is not executed
[2026-09-09T06:52:26.298+0000] {processor.py:840} INFO - DAG(s) 'produce_json', 'update_db', 'data_quality' retrieved from /opt/airflow/dags/main.py
[2026-09-09T06:52:26.822+0000] {logging_mixin.py:188} INFO - [2026-09-09T06:52:26.821+0000] {dag.py:3096} INFO - Sync 3 DAGs
[2026-09-09T06:52:26.898+0000] {logging_mixin.py:188} INFO - [2026-09-09T06:52:26.898+0000] {dag.py:3954} INFO - Setting next_dagrun for data_quality to 2026-09-09 16:00:00+00:00, run_after=2026-09-10 16:00:00+00:00
[2026-09-09T06:52:26.918+0000] {logging_mixin.py:188} INFO - [2026-09-09T06:52:26.917+0000] {dag.py:3954} INFO - Setting next_dagrun for produce_json to 2026-09-09 14:00:00+00:00, run_after=2026-09-10 14:00:00+00:00
[2026-09-09T06:52:26.944+0000] {logging_mixin.py:188} INFO - [2026-09-09T06:52:26.944+0000] {dag.py:3954} INFO - Setting next_dagrun for update_db to 2026-09-09 15:00:00+00:00, run_after=2026-09-10 15:00:00+00:00
[2026-09-09T06:52:27.040+0000] {processor.py:183} INFO - Processing /opt/airflow/dags/main.py took 1.528 seconds
[2026-09-09T06:52:57.781+0000] {processor.py:161} INFO - Started process (PID=1593) to work on /opt/airflow/dags/main.py
[2026-09-09T06:52:57.799+0000] {processor.py:830} INFO - Processing file /opt/airflow/dags/main.py for tasks to queue
[2026-09-09T06:52:57.807+0000] {logging_mixin.py:188} INFO - [2026-09-09T06:52:57.806+0000] {dagbag.py:545} INFO - Filling up the DagBag from /opt/airflow/dags/main.py
[2026-09-09T06:52:58.009+0000] {logging_mixin.py:188} INFO - channel id is not executed
[2026-09-09T06:52:59.269+0000] {processor.py:840} INFO - DAG(s) 'data_quality', 'produce_json', 'update_db' retrieved from /opt/airflow/dags/main.py
[2026-09-09T06:53:03.296+0000] {logging_mixin.py:188} INFO - [2026-09-09T06:53:03.295+0000] {dag.py:3096} INFO - Sync 3 DAGs
[2026-09-09T06:53:03.856+0000] {logging_mixin.py:188} INFO - [2026-09-09T06:53:03.856+0000] {dag.py:3954} INFO - Setting next_dagrun for data_quality to 2026-09-09 16:00:00+00:00, run_after=2026-09-10 16:00:00+00:00
[2026-09-09T06:53:03.937+0000] {logging_mixin.py:188} INFO - [2026-09-09T06:53:03.928+0000] {dag.py:3954} INFO - Setting next_dagrun for produce_json to 2026-09-09 14:00:00+00:00, run_after=2026-09-10 14:00:00+00:00
[2026-09-09T06:53:03.955+0000] {logging_mixin.py:188} INFO - [2026-09-09T06:53:03.955+0000] {dag.py:3954} INFO - Setting next_dagrun for update_db to 2026-09-09 15:00:00+00:00, run_after=2026-09-10 15:00:00+00:00
[2026-09-09T06:53:04.076+0000] {processor.py:183} INFO - Processing /opt/airflow/dags/main.py took 6.405 seconds
[2026-09-09T06:53:34.716+0000] {processor.py:161} INFO - Started process (PID=1600) to work on /opt/airflow/dags/main.py
[2026-09-09T06:53:34.867+0000] {processor.py:830} INFO - Processing file /opt/airflow/dags/main.py for tasks to queue
[2026-09-09T06:53:35.039+0000] {logging_mixin.py:188} INFO - [2026-09-09T06:53:35.038+0000] {dagbag.py:545} INFO - Filling up the DagBag from /opt/airflow/dags/main.py
[2026-09-09T06:53:36.514+0000] {logging_mixin.py:188} INFO - channel id is not executed
[2026-09-09T06:53:37.764+0000] {processor.py:840} INFO - DAG(s) 'data_quality', 'produce_json', 'update_db' retrieved from /opt/airflow/dags/main.py
[2026-09-09T06:53:38.595+0000] {logging_mixin.py:188} INFO - [2026-09-09T06:53:38.594+0000] {dag.py:3096} INFO - Sync 3 DAGs
[2026-09-09T06:53:38.756+0000] {logging_mixin.py:188} INFO - [2026-09-09T06:53:38.755+0000] {dag.py:3954} INFO - Setting next_dagrun for data_quality to 2026-09-09 16:00:00+00:00, run_after=2026-09-10 16:00:00+00:00
[2026-09-09T06:53:38.914+0000] {logging_mixin.py:188} INFO - [2026-09-09T06:53:38.913+0000] {dag.py:3954} INFO - Setting next_dagrun for produce_json to 2026-09-09 14:00:00+00:00, run_after=2026-09-10 14:00:00+00:00
[2026-09-09T06:53:39.013+0000] {logging_mixin.py:188} INFO - [2026-09-09T06:53:39.013+0000] {dag.py:3954} INFO - Setting next_dagrun for update_db to 2026-09-09 15:00:00+00:00, run_after=2026-09-10 15:00:00+00:00
[2026-09-09T06:53:39.453+0000] {processor.py:183} INFO - Processing /opt/airflow/dags/main.py took 4.760 seconds
[2026-09-09T06:54:11.605+0000] {processor.py:161} INFO - Started process (PID=1607) to work on /opt/airflow/dags/main.py
[2026-09-09T06:54:11.622+0000] {processor.py:830} INFO - Processing file /opt/airflow/dags/main.py for tasks to queue
[2026-09-09T06:54:11.635+0000] {logging_mixin.py:188} INFO - [2026-09-09T06:54:11.634+0000] {dagbag.py:545} INFO - Filling up the DagBag from /opt/airflow/dags/main.py
[2026-09-09T06:54:12.674+0000] {logging_mixin.py:188} INFO - channel id is not executed
[2026-09-09T06:54:14.697+0000] {processor.py:840} INFO - DAG(s) 'data_quality', 'update_db', 'produce_json' retrieved from /opt/airflow/dags/main.py
[2026-09-09T06:54:16.425+0000] {logging_mixin.py:188} INFO - [2026-09-09T06:54:16.424+0000] {dag.py:3096} INFO - Sync 3 DAGs
[2026-09-09T06:54:16.793+0000] {logging_mixin.py:188} INFO - [2026-09-09T06:54:16.793+0000] {dag.py:3954} INFO - Setting next_dagrun for data_quality to 2026-09-09 16:00:00+00:00, run_after=2026-09-10 16:00:00+00:00
[2026-09-09T06:54:16.959+0000] {logging_mixin.py:188} INFO - [2026-09-09T06:54:16.959+0000] {dag.py:3954} INFO - Setting next_dagrun for produce_json to 2026-09-09 14:00:00+00:00, run_after=2026-09-10 14:00:00+00:00
[2026-09-09T06:54:17.118+0000] {logging_mixin.py:188} INFO - [2026-09-09T06:54:17.117+0000] {dag.py:3954} INFO - Setting next_dagrun for update_db to 2026-09-09 15:00:00+00:00, run_after=2026-09-10 15:00:00+00:00
[2026-09-09T06:54:17.766+0000] {processor.py:183} INFO - Processing /opt/airflow/dags/main.py took 6.184 seconds
[2026-09-09T06:54:49.966+0000] {processor.py:161} INFO - Started process (PID=1620) to work on /opt/airflow/dags/main.py
[2026-09-09T06:54:49.980+0000] {processor.py:830} INFO - Processing file /opt/airflow/dags/main.py for tasks to queue
[2026-09-09T06:54:49.987+0000] {logging_mixin.py:188} INFO - [2026-09-09T06:54:49.987+0000] {dagbag.py:545} INFO - Filling up the DagBag from /opt/airflow/dags/main.py
[2026-09-09T06:54:52.395+0000] {logging_mixin.py:188} INFO - channel id is not executed
[2026-09-09T06:54:56.802+0000] {processor.py:840} INFO - DAG(s) 'update_db', 'data_quality', 'produce_json' retrieved from /opt/airflow/dags/main.py
[2026-09-09T06:54:57.736+0000] {logging_mixin.py:188} INFO - [2026-09-09T06:54:57.736+0000] {dag.py:3096} INFO - Sync 3 DAGs
[2026-09-09T06:54:58.307+0000] {logging_mixin.py:188} INFO - [2026-09-09T06:54:58.307+0000] {dag.py:3954} INFO - Setting next_dagrun for data_quality to 2026-09-09 16:00:00+00:00, run_after=2026-09-10 16:00:00+00:00
[2026-09-09T06:54:58.488+0000] {logging_mixin.py:188} INFO - [2026-09-09T06:54:58.487+0000] {dag.py:3954} INFO - Setting next_dagrun for produce_json to 2026-09-09 14:00:00+00:00, run_after=2026-09-10 14:00:00+00:00
[2026-09-09T06:54:58.548+0000] {logging_mixin.py:188} INFO - [2026-09-09T06:54:58.548+0000] {dag.py:3954} INFO - Setting next_dagrun for update_db to 2026-09-09 15:00:00+00:00, run_after=2026-09-10 15:00:00+00:00
[2026-09-09T06:54:58.758+0000] {processor.py:183} INFO - Processing /opt/airflow/dags/main.py took 8.840 seconds
[2026-09-09T06:55:29.246+0000] {processor.py:161} INFO - Started process (PID=1627) to work on /opt/airflow/dags/main.py
[2026-09-09T06:55:29.248+0000] {processor.py:830} INFO - Processing file /opt/airflow/dags/main.py for tasks to queue
[2026-09-09T06:55:29.252+0000] {logging_mixin.py:188} INFO - [2026-09-09T06:55:29.251+0000] {dagbag.py:545} INFO - Filling up the DagBag from /opt/airflow/dags/main.py
[2026-09-09T06:55:29.414+0000] {logging_mixin.py:188} INFO - channel id is not executed
[2026-09-09T06:55:29.597+0000] {processor.py:840} INFO - DAG(s) 'update_db', 'produce_json', 'data_quality' retrieved from /opt/airflow/dags/main.py
[2026-09-09T06:55:29.995+0000] {logging_mixin.py:188} INFO - [2026-09-09T06:55:29.995+0000] {dag.py:3096} INFO - Sync 3 DAGs
[2026-09-09T06:55:30.089+0000] {logging_mixin.py:188} INFO - [2026-09-09T06:55:30.079+0000] {dag.py:3954} INFO - Setting next_dagrun for data_quality to 2026-09-09 16:00:00+00:00, run_after=2026-09-10 16:00:00+00:00
[2026-09-09T06:55:30.125+0000] {logging_mixin.py:188} INFO - [2026-09-09T06:55:30.125+0000] {dag.py:3954} INFO - Setting next_dagrun for produce_json to 2026-09-09 14:00:00+00:00, run_after=2026-09-10 14:00:00+00:00
[2026-09-09T06:55:30.139+0000] {logging_mixin.py:188} INFO - [2026-09-09T06:55:30.139+0000] {dag.py:3954} INFO - Setting next_dagrun for update_db to 2026-09-09 15:00:00+00:00, run_after=2026-09-10 15:00:00+00:00
[2026-09-09T06:55:30.437+0000] {processor.py:183} INFO - Processing /opt/airflow/dags/main.py took 1.210 seconds
[2026-09-09T06:56:02.107+0000] {processor.py:161} INFO - Started process (PID=1634) to work on /opt/airflow/dags/main.py
[2026-09-09T06:56:02.144+0000] {processor.py:830} INFO - Processing file /opt/airflow/dags/main.py for tasks to queue
[2026-09-09T06:56:02.219+0000] {logging_mixin.py:188} INFO - [2026-09-09T06:56:02.208+0000] {dagbag.py:545} INFO - Filling up the DagBag from /opt/airflow/dags/main.py
[2026-09-09T06:56:04.905+0000] {logging_mixin.py:188} INFO - channel id is not executed
[2026-09-09T06:56:06.698+0000] {processor.py:840} INFO - DAG(s) 'produce_json', 'update_db', 'data_quality' retrieved from /opt/airflow/dags/main.py
[2026-09-09T06:56:07.382+0000] {logging_mixin.py:188} INFO - [2026-09-09T06:56:07.381+0000] {dag.py:3096} INFO - Sync 3 DAGs
[2026-09-09T06:56:07.586+0000] {logging_mixin.py:188} INFO - [2026-09-09T06:56:07.586+0000] {dag.py:3954} INFO - Setting next_dagrun for data_quality to 2026-09-09 16:00:00+00:00, run_after=2026-09-10 16:00:00+00:00
[2026-09-09T06:56:07.627+0000] {logging_mixin.py:188} INFO - [2026-09-09T06:56:07.617+0000] {dag.py:3954} INFO - Setting next_dagrun for produce_json to 2026-09-09 14:00:00+00:00, run_after=2026-09-10 14:00:00+00:00
[2026-09-09T06:56:07.667+0000] {logging_mixin.py:188} INFO - [2026-09-09T06:56:07.666+0000] {dag.py:3954} INFO - Setting next_dagrun for update_db to 2026-09-09 15:00:00+00:00, run_after=2026-09-10 15:00:00+00:00
[2026-09-09T06:56:07.792+0000] {processor.py:183} INFO - Processing /opt/airflow/dags/main.py took 5.873 seconds
[2026-09-09T06:56:45.146+0000] {processor.py:161} INFO - Started process (PID=1641) to work on /opt/airflow/dags/main.py
[2026-09-09T06:56:45.154+0000] {processor.py:830} INFO - Processing file /opt/airflow/dags/main.py for tasks to queue
[2026-09-09T06:56:45.321+0000] {logging_mixin.py:188} INFO - [2026-09-09T06:56:45.320+0000] {dagbag.py:545} INFO - Filling up the DagBag from /opt/airflow/dags/main.py
[2026-09-09T06:56:46.828+0000] {logging_mixin.py:188} INFO - channel id is not executed
[2026-09-09T06:56:48.757+0000] {processor.py:840} INFO - DAG(s) 'update_db', 'data_quality', 'produce_json' retrieved from /opt/airflow/dags/main.py
[2026-09-09T06:56:49.651+0000] {logging_mixin.py:188} INFO - [2026-09-09T06:56:49.650+0000] {dag.py:3096} INFO - Sync 3 DAGs
[2026-09-09T06:56:49.755+0000] {logging_mixin.py:188} INFO - [2026-09-09T06:56:49.754+0000] {dag.py:3954} INFO - Setting next_dagrun for data_quality to 2026-09-09 16:00:00+00:00, run_after=2026-09-10 16:00:00+00:00
[2026-09-09T06:56:49.778+0000] {logging_mixin.py:188} INFO - [2026-09-09T06:56:49.777+0000] {dag.py:3954} INFO - Setting next_dagrun for produce_json to 2026-09-09 14:00:00+00:00, run_after=2026-09-10 14:00:00+00:00
[2026-09-09T06:56:49.800+0000] {logging_mixin.py:188} INFO - [2026-09-09T06:56:49.800+0000] {dag.py:3954} INFO - Setting next_dagrun for update_db to 2026-09-09 15:00:00+00:00, run_after=2026-09-10 15:00:00+00:00
[2026-09-09T06:56:49.943+0000] {processor.py:183} INFO - Processing /opt/airflow/dags/main.py took 4.343 seconds
[2026-09-09T06:57:20.564+0000] {processor.py:161} INFO - Started process (PID=1654) to work on /opt/airflow/dags/main.py
[2026-09-09T06:57:20.584+0000] {processor.py:830} INFO - Processing file /opt/airflow/dags/main.py for tasks to queue
[2026-09-09T06:57:20.597+0000] {logging_mixin.py:188} INFO - [2026-09-09T06:57:20.597+0000] {dagbag.py:545} INFO - Filling up the DagBag from /opt/airflow/dags/main.py
[2026-09-09T06:57:21.297+0000] {logging_mixin.py:188} INFO - channel id is not executed
[2026-09-09T06:57:24.002+0000] {processor.py:840} INFO - DAG(s) 'data_quality', 'update_db', 'produce_json' retrieved from /opt/airflow/dags/main.py
[2026-09-09T06:57:24.597+0000] {logging_mixin.py:188} INFO - [2026-09-09T06:57:24.597+0000] {dag.py:3096} INFO - Sync 3 DAGs
[2026-09-09T06:57:24.800+0000] {logging_mixin.py:188} INFO - [2026-09-09T06:57:24.799+0000] {dag.py:3954} INFO - Setting next_dagrun for data_quality to 2026-09-09 16:00:00+00:00, run_after=2026-09-10 16:00:00+00:00
[2026-09-09T06:57:24.817+0000] {logging_mixin.py:188} INFO - [2026-09-09T06:57:24.817+0000] {dag.py:3954} INFO - Setting next_dagrun for produce_json to 2026-09-09 14:00:00+00:00, run_after=2026-09-10 14:00:00+00:00
[2026-09-09T06:57:24.833+0000] {logging_mixin.py:188} INFO - [2026-09-09T06:57:24.832+0000] {dag.py:3954} INFO - Setting next_dagrun for update_db to 2026-09-09 15:00:00+00:00, run_after=2026-09-10 15:00:00+00:00
[2026-09-09T06:57:25.272+0000] {processor.py:183} INFO - Processing /opt/airflow/dags/main.py took 4.730 seconds
[2026-09-09T06:57:56.599+0000] {processor.py:161} INFO - Started process (PID=1661) to work on /opt/airflow/dags/main.py
[2026-09-09T06:57:56.611+0000] {processor.py:830} INFO - Processing file /opt/airflow/dags/main.py for tasks to queue
[2026-09-09T06:57:56.668+0000] {logging_mixin.py:188} INFO - [2026-09-09T06:57:56.667+0000] {dagbag.py:545} INFO - Filling up the DagBag from /opt/airflow/dags/main.py
[2026-09-09T06:57:57.956+0000] {logging_mixin.py:188} INFO - channel id is not executed
[2026-09-09T06:58:01.597+0000] {processor.py:840} INFO - DAG(s) 'update_db', 'data_quality', 'produce_json' retrieved from /opt/airflow/dags/main.py
[2026-09-09T06:58:02.689+0000] {logging_mixin.py:188} INFO - [2026-09-09T06:58:02.689+0000] {dag.py:3096} INFO - Sync 3 DAGs
[2026-09-09T06:58:02.848+0000] {logging_mixin.py:188} INFO - [2026-09-09T06:58:02.848+0000] {dag.py:3954} INFO - Setting next_dagrun for data_quality to 2026-09-09 16:00:00+00:00, run_after=2026-09-10 16:00:00+00:00
[2026-09-09T06:58:02.892+0000] {logging_mixin.py:188} INFO - [2026-09-09T06:58:02.892+0000] {dag.py:3954} INFO - Setting next_dagrun for produce_json to 2026-09-09 14:00:00+00:00, run_after=2026-09-10 14:00:00+00:00
[2026-09-09T06:58:02.965+0000] {logging_mixin.py:188} INFO - [2026-09-09T06:58:02.965+0000] {dag.py:3954} INFO - Setting next_dagrun for update_db to 2026-09-09 15:00:00+00:00, run_after=2026-09-10 15:00:00+00:00
[2026-09-09T06:58:03.175+0000] {processor.py:183} INFO - Processing /opt/airflow/dags/main.py took 6.591 seconds
[2026-09-09T06:58:34.279+0000] {processor.py:161} INFO - Started process (PID=1668) to work on /opt/airflow/dags/main.py
[2026-09-09T06:58:34.334+0000] {processor.py:830} INFO - Processing file /opt/airflow/dags/main.py for tasks to queue
[2026-09-09T06:58:34.364+0000] {logging_mixin.py:188} INFO - [2026-09-09T06:58:34.363+0000] {dagbag.py:545} INFO - Filling up the DagBag from /opt/airflow/dags/main.py
[2026-09-09T06:58:36.655+0000] {logging_mixin.py:188} INFO - channel id is not executed
[2026-09-09T06:58:40.044+0000] {processor.py:840} INFO - DAG(s) 'data_quality', 'update_db', 'produce_json' retrieved from /opt/airflow/dags/main.py
[2026-09-09T06:58:40.926+0000] {logging_mixin.py:188} INFO - [2026-09-09T06:58:40.926+0000] {dag.py:3096} INFO - Sync 3 DAGs
[2026-09-09T06:58:41.068+0000] {logging_mixin.py:188} INFO - [2026-09-09T06:58:41.067+0000] {dag.py:3954} INFO - Setting next_dagrun for data_quality to 2026-09-09 16:00:00+00:00, run_after=2026-09-10 16:00:00+00:00
[2026-09-09T06:58:41.219+0000] {logging_mixin.py:188} INFO - [2026-09-09T06:58:41.219+0000] {dag.py:3954} INFO - Setting next_dagrun for produce_json to 2026-09-09 14:00:00+00:00, run_after=2026-09-10 14:00:00+00:00
[2026-09-09T06:58:41.276+0000] {logging_mixin.py:188} INFO - [2026-09-09T06:58:41.275+0000] {dag.py:3954} INFO - Setting next_dagrun for update_db to 2026-09-09 15:00:00+00:00, run_after=2026-09-10 15:00:00+00:00
[2026-09-09T06:58:41.563+0000] {processor.py:183} INFO - Processing /opt/airflow/dags/main.py took 7.330 seconds
[2026-09-09T06:59:15.023+0000] {processor.py:161} INFO - Started process (PID=1675) to work on /opt/airflow/dags/main.py
[2026-09-09T06:59:15.051+0000] {processor.py:830} INFO - Processing file /opt/airflow/dags/main.py for tasks to queue
[2026-09-09T06:59:15.080+0000] {logging_mixin.py:188} INFO - [2026-09-09T06:59:15.079+0000] {dagbag.py:545} INFO - Filling up the DagBag from /opt/airflow/dags/main.py
[2026-09-09T06:59:15.793+0000] {logging_mixin.py:188} INFO - channel id is not executed
[2026-09-09T06:59:17.906+0000] {processor.py:840} INFO - DAG(s) 'update_db', 'data_quality', 'produce_json' retrieved from /opt/airflow/dags/main.py
[2026-09-09T06:59:19.110+0000] {logging_mixin.py:188} INFO - [2026-09-09T06:59:19.109+0000] {dag.py:3096} INFO - Sync 3 DAGs
[2026-09-09T06:59:19.451+0000] {logging_mixin.py:188} INFO - [2026-09-09T06:59:19.451+0000] {dag.py:3954} INFO - Setting next_dagrun for data_quality to 2026-09-09 16:00:00+00:00, run_after=2026-09-10 16:00:00+00:00
[2026-09-09T06:59:19.972+0000] {logging_mixin.py:188} INFO - [2026-09-09T06:59:19.971+0000] {dag.py:3954} INFO - Setting next_dagrun for produce_json to 2026-09-09 14:00:00+00:00, run_after=2026-09-10 14:00:00+00:00
[2026-09-09T06:59:20.045+0000] {logging_mixin.py:188} INFO - [2026-09-09T06:59:20.044+0000] {dag.py:3954} INFO - Setting next_dagrun for update_db to 2026-09-09 15:00:00+00:00, run_after=2026-09-10 15:00:00+00:00
[2026-09-09T06:59:20.325+0000] {processor.py:183} INFO - Processing /opt/airflow/dags/main.py took 5.344 seconds
[2026-09-09T06:59:51.618+0000] {processor.py:161} INFO - Started process (PID=1682) to work on /opt/airflow/dags/main.py
[2026-09-09T06:59:51.645+0000] {processor.py:830} INFO - Processing file /opt/airflow/dags/main.py for tasks to queue
[2026-09-09T06:59:51.650+0000] {logging_mixin.py:188} INFO - [2026-09-09T06:59:51.649+0000] {dagbag.py:545} INFO - Filling up the DagBag from /opt/airflow/dags/main.py
[2026-09-09T06:59:52.210+0000] {logging_mixin.py:188} INFO - channel id is not executed
[2026-09-09T06:59:56.061+0000] {processor.py:840} INFO - DAG(s) 'update_db', 'data_quality', 'produce_json' retrieved from /opt/airflow/dags/main.py
[2026-09-09T06:59:58.737+0000] {logging_mixin.py:188} INFO - [2026-09-09T06:59:58.721+0000] {dag.py:3096} INFO - Sync 3 DAGs
[2026-09-09T07:00:00.005+0000] {logging_mixin.py:188} INFO - [2026-09-09T07:00:00.004+0000] {dag.py:3954} INFO - Setting next_dagrun for data_quality to 2026-09-09 16:00:00+00:00, run_after=2026-09-10 16:00:00+00:00
[2026-09-09T07:00:00.320+0000] {logging_mixin.py:188} INFO - [2026-09-09T07:00:00.319+0000] {dag.py:3954} INFO - Setting next_dagrun for produce_json to 2026-09-09 14:00:00+00:00, run_after=2026-09-10 14:00:00+00:00
[2026-09-09T07:00:00.394+0000] {logging_mixin.py:188} INFO - [2026-09-09T07:00:00.394+0000] {dag.py:3954} INFO - Setting next_dagrun for update_db to 2026-09-09 15:00:00+00:00, run_after=2026-09-10 15:00:00+00:00
[2026-09-09T07:00:03.674+0000] {processor.py:183} INFO - Processing /opt/airflow/dags/main.py took 12.138 seconds
[2026-09-09T07:00:39.561+0000] {processor.py:161} INFO - Started process (PID=1695) to work on /opt/airflow/dags/main.py
[2026-09-09T07:00:39.723+0000] {processor.py:830} INFO - Processing file /opt/airflow/dags/main.py for tasks to queue
[2026-09-09T07:00:39.911+0000] {logging_mixin.py:188} INFO - [2026-09-09T07:00:39.856+0000] {dagbag.py:545} INFO - Filling up the DagBag from /opt/airflow/dags/main.py
[2026-09-09T07:01:03.712+0000] {logging_mixin.py:188} INFO - channel id is not executed
[2026-09-09T07:01:10.886+0000] {logging_mixin.py:188} INFO - [2026-09-09T07:01:10.885+0000] {timeout.py:68} ERROR - Process timed out, PID: 1695
[2026-09-09T07:02:02.747+0000] {processor.py:161} INFO - Started process (PID=1703) to work on /opt/airflow/dags/main.py
[2026-09-09T07:02:02.798+0000] {processor.py:830} INFO - Processing file /opt/airflow/dags/main.py for tasks to queue
[2026-09-09T07:02:02.899+0000] {logging_mixin.py:188} INFO - [2026-09-09T07:02:02.884+0000] {dagbag.py:545} INFO - Filling up the DagBag from /opt/airflow/dags/main.py
[2026-09-09T07:02:08.028+0000] {logging_mixin.py:188} INFO - channel id is not executed
[2026-09-09T07:02:15.144+0000] {processor.py:840} INFO - DAG(s) 'data_quality', 'produce_json', 'update_db' retrieved from /opt/airflow/dags/main.py
[2026-09-09T07:02:26.694+0000] {logging_mixin.py:188} INFO - [2026-09-09T07:02:26.694+0000] {dag.py:3096} INFO - Sync 3 DAGs
[2026-09-09T07:02:29.006+0000] {logging_mixin.py:188} INFO - [2026-09-09T07:02:28.991+0000] {dag.py:3954} INFO - Setting next_dagrun for data_quality to 2026-09-09 16:00:00+00:00, run_after=2026-09-10 16:00:00+00:00
[2026-09-09T07:02:29.259+0000] {logging_mixin.py:188} INFO - [2026-09-09T07:02:29.259+0000] {dag.py:3954} INFO - Setting next_dagrun for produce_json to 2026-09-09 14:00:00+00:00, run_after=2026-09-10 14:00:00+00:00
[2026-09-09T07:02:29.321+0000] {logging_mixin.py:188} INFO - [2026-09-09T07:02:29.320+0000] {dag.py:3954} INFO - Setting next_dagrun for update_db to 2026-09-09 15:00:00+00:00, run_after=2026-09-10 15:00:00+00:00
[2026-09-09T07:02:30.500+0000] {processor.py:183} INFO - Processing /opt/airflow/dags/main.py took 28.800 seconds
[2026-09-09T07:03:05.195+0000] {processor.py:161} INFO - Started process (PID=1717) to work on /opt/airflow/dags/main.py
[2026-09-09T07:03:05.424+0000] {processor.py:830} INFO - Processing file /opt/airflow/dags/main.py for tasks to queue
[2026-09-09T07:03:05.561+0000] {logging_mixin.py:188} INFO - [2026-09-09T07:03:05.540+0000] {dagbag.py:545} INFO - Filling up the DagBag from /opt/airflow/dags/main.py
[2026-09-09T07:03:09.241+0000] {logging_mixin.py:188} INFO - channel id is not executed
[2026-09-09T07:03:16.045+0000] {processor.py:840} INFO - DAG(s) 'produce_json', 'update_db', 'data_quality' retrieved from /opt/airflow/dags/main.py
[2026-09-09T07:03:23.100+0000] {logging_mixin.py:188} INFO - [2026-09-09T07:03:23.100+0000] {dag.py:3096} INFO - Sync 3 DAGs
[2026-09-09T07:03:25.241+0000] {logging_mixin.py:188} INFO - [2026-09-09T07:03:25.240+0000] {dag.py:3954} INFO - Setting next_dagrun for data_quality to 2026-09-09 16:00:00+00:00, run_after=2026-09-10 16:00:00+00:00
[2026-09-09T07:03:25.320+0000] {logging_mixin.py:188} INFO - [2026-09-09T07:03:25.319+0000] {dag.py:3954} INFO - Setting next_dagrun for produce_json to 2026-09-09 14:00:00+00:00, run_after=2026-09-10 14:00:00+00:00
[2026-09-09T07:03:25.476+0000] {logging_mixin.py:188} INFO - [2026-09-09T07:03:25.476+0000] {dag.py:3954} INFO - Setting next_dagrun for update_db to 2026-09-09 15:00:00+00:00, run_after=2026-09-10 15:00:00+00:00
[2026-09-09T07:03:26.017+0000] {processor.py:183} INFO - Processing /opt/airflow/dags/main.py took 21.977 seconds
[2026-09-09T07:03:58.253+0000] {processor.py:161} INFO - Started process (PID=1731) to work on /opt/airflow/dags/main.py
[2026-09-09T07:03:58.277+0000] {processor.py:830} INFO - Processing file /opt/airflow/dags/main.py for tasks to queue
[2026-09-09T07:03:58.310+0000] {logging_mixin.py:188} INFO - [2026-09-09T07:03:58.309+0000] {dagbag.py:545} INFO - Filling up the DagBag from /opt/airflow/dags/main.py
[2026-09-09T07:04:00.432+0000] {logging_mixin.py:188} INFO - channel id is not executed
[2026-09-09T07:04:05.193+0000] {processor.py:840} INFO - DAG(s) 'update_db', 'data_quality', 'produce_json' retrieved from /opt/airflow/dags/main.py
[2026-09-09T07:04:07.448+0000] {logging_mixin.py:188} INFO - [2026-09-09T07:04:07.447+0000] {dag.py:3096} INFO - Sync 3 DAGs
[2026-09-09T07:04:07.754+0000] {logging_mixin.py:188} INFO - [2026-09-09T07:04:07.753+0000] {dag.py:3954} INFO - Setting next_dagrun for data_quality to 2026-09-09 16:00:00+00:00, run_after=2026-09-10 16:00:00+00:00
[2026-09-09T07:04:07.803+0000] {logging_mixin.py:188} INFO - [2026-09-09T07:04:07.802+0000] {dag.py:3954} INFO - Setting next_dagrun for produce_json to 2026-09-09 14:00:00+00:00, run_after=2026-09-10 14:00:00+00:00
[2026-09-09T07:04:07.867+0000] {logging_mixin.py:188} INFO - [2026-09-09T07:04:07.866+0000] {dag.py:3954} INFO - Setting next_dagrun for update_db to 2026-09-09 15:00:00+00:00, run_after=2026-09-10 15:00:00+00:00
[2026-09-09T07:04:08.556+0000] {processor.py:183} INFO - Processing /opt/airflow/dags/main.py took 10.332 seconds
[2026-09-09T07:04:40.178+0000] {processor.py:161} INFO - Started process (PID=1738) to work on /opt/airflow/dags/main.py
[2026-09-09T07:04:40.207+0000] {processor.py:830} INFO - Processing file /opt/airflow/dags/main.py for tasks to queue
[2026-09-09T07:04:40.240+0000] {logging_mixin.py:188} INFO - [2026-09-09T07:04:40.240+0000] {dagbag.py:545} INFO - Filling up the DagBag from /opt/airflow/dags/main.py
[2026-09-09T07:04:41.959+0000] {logging_mixin.py:188} INFO - channel id is not executed
[2026-09-09T07:04:47.736+0000] {processor.py:840} INFO - DAG(s) 'update_db', 'produce_json', 'data_quality' retrieved from /opt/airflow/dags/main.py
[2026-09-09T07:04:49.699+0000] {logging_mixin.py:188} INFO - [2026-09-09T07:04:49.698+0000] {dag.py:3096} INFO - Sync 3 DAGs
[2026-09-09T07:04:50.242+0000] {logging_mixin.py:188} INFO - [2026-09-09T07:04:50.242+0000] {dag.py:3954} INFO - Setting next_dagrun for data_quality to 2026-09-09 16:00:00+00:00, run_after=2026-09-10 16:00:00+00:00
[2026-09-09T07:04:50.337+0000] {logging_mixin.py:188} INFO - [2026-09-09T07:04:50.337+0000] {dag.py:3954} INFO - Setting next_dagrun for produce_json to 2026-09-09 14:00:00+00:00, run_after=2026-09-10 14:00:00+00:00
[2026-09-09T07:04:50.716+0000] {logging_mixin.py:188} INFO - [2026-09-09T07:04:50.715+0000] {dag.py:3954} INFO - Setting next_dagrun for update_db to 2026-09-09 15:00:00+00:00, run_after=2026-09-10 15:00:00+00:00
[2026-09-09T07:04:51.210+0000] {processor.py:183} INFO - Processing /opt/airflow/dags/main.py took 11.086 seconds
[2026-09-09T07:05:26.755+0000] {processor.py:161} INFO - Started process (PID=1752) to work on /opt/airflow/dags/main.py
[2026-09-09T07:05:26.831+0000] {processor.py:830} INFO - Processing file /opt/airflow/dags/main.py for tasks to queue
[2026-09-09T07:05:26.885+0000] {logging_mixin.py:188} INFO - [2026-09-09T07:05:26.872+0000] {dagbag.py:545} INFO - Filling up the DagBag from /opt/airflow/dags/main.py
[2026-09-09T07:05:29.331+0000] {logging_mixin.py:188} INFO - channel id is not executed
[2026-09-09T07:05:33.582+0000] {processor.py:840} INFO - DAG(s) 'update_db', 'data_quality', 'produce_json' retrieved from /opt/airflow/dags/main.py
[2026-09-09T07:05:39.024+0000] {logging_mixin.py:188} INFO - [2026-09-09T07:05:39.024+0000] {dag.py:3096} INFO - Sync 3 DAGs
[2026-09-09T07:05:39.691+0000] {logging_mixin.py:188} INFO - [2026-09-09T07:05:39.689+0000] {dag.py:3954} INFO - Setting next_dagrun for data_quality to 2026-09-09 16:00:00+00:00, run_after=2026-09-10 16:00:00+00:00
[2026-09-09T07:05:39.789+0000] {logging_mixin.py:188} INFO - [2026-09-09T07:05:39.788+0000] {dag.py:3954} INFO - Setting next_dagrun for produce_json to 2026-09-09 14:00:00+00:00, run_after=2026-09-10 14:00:00+00:00
[2026-09-09T07:05:39.815+0000] {logging_mixin.py:188} INFO - [2026-09-09T07:05:39.814+0000] {dag.py:3954} INFO - Setting next_dagrun for update_db to 2026-09-09 15:00:00+00:00, run_after=2026-09-10 15:00:00+00:00
[2026-09-09T07:05:40.247+0000] {processor.py:183} INFO - Processing /opt/airflow/dags/main.py took 13.543 seconds
[2026-09-09T07:06:11.702+0000] {processor.py:161} INFO - Started process (PID=1759) to work on /opt/airflow/dags/main.py
[2026-09-09T07:06:11.719+0000] {processor.py:830} INFO - Processing file /opt/airflow/dags/main.py for tasks to queue
[2026-09-09T07:06:11.729+0000] {logging_mixin.py:188} INFO - [2026-09-09T07:06:11.729+0000] {dagbag.py:545} INFO - Filling up the DagBag from /opt/airflow/dags/main.py
[2026-09-09T07:06:12.974+0000] {logging_mixin.py:188} INFO - channel id is not executed
[2026-09-09T07:06:20.797+0000] {processor.py:840} INFO - DAG(s) 'produce_json', 'data_quality', 'update_db' retrieved from /opt/airflow/dags/main.py
[2026-09-09T07:06:23.699+0000] {logging_mixin.py:188} INFO - [2026-09-09T07:06:23.699+0000] {dag.py:3096} INFO - Sync 3 DAGs
[2026-09-09T07:06:24.048+0000] {logging_mixin.py:188} INFO - [2026-09-09T07:06:24.046+0000] {dag.py:3954} INFO - Setting next_dagrun for data_quality to 2026-09-09 16:00:00+00:00, run_after=2026-09-10 16:00:00+00:00
[2026-09-09T07:06:24.116+0000] {logging_mixin.py:188} INFO - [2026-09-09T07:06:24.116+0000] {dag.py:3954} INFO - Setting next_dagrun for produce_json to 2026-09-09 14:00:00+00:00, run_after=2026-09-10 14:00:00+00:00
[2026-09-09T07:06:24.174+0000] {logging_mixin.py:188} INFO - [2026-09-09T07:06:24.162+0000] {dag.py:3954} INFO - Setting next_dagrun for update_db to 2026-09-09 15:00:00+00:00, run_after=2026-09-10 15:00:00+00:00
[2026-09-09T07:06:24.458+0000] {processor.py:183} INFO - Processing /opt/airflow/dags/main.py took 12.705 seconds
[2026-09-09T07:06:57.712+0000] {processor.py:161} INFO - Started process (PID=1765) to work on /opt/airflow/dags/main.py
[2026-09-09T07:06:57.787+0000] {processor.py:830} INFO - Processing file /opt/airflow/dags/main.py for tasks to queue
[2026-09-09T07:06:57.835+0000] {logging_mixin.py:188} INFO - [2026-09-09T07:06:57.835+0000] {dagbag.py:545} INFO - Filling up the DagBag from /opt/airflow/dags/main.py
[2026-09-09T07:06:58.766+0000] {logging_mixin.py:188} INFO - channel id is not executed
[2026-09-09T07:07:02.220+0000] {processor.py:840} INFO - DAG(s) 'data_quality', 'produce_json', 'update_db' retrieved from /opt/airflow/dags/main.py
[2026-09-09T07:07:03.650+0000] {logging_mixin.py:188} INFO - [2026-09-09T07:07:03.649+0000] {dag.py:3096} INFO - Sync 3 DAGs
[2026-09-09T07:07:03.882+0000] {logging_mixin.py:188} INFO - [2026-09-09T07:07:03.881+0000] {dag.py:3954} INFO - Setting next_dagrun for data_quality to 2026-09-09 16:00:00+00:00, run_after=2026-09-10 16:00:00+00:00
[2026-09-09T07:07:04.121+0000] {logging_mixin.py:188} INFO - [2026-09-09T07:07:04.120+0000] {dag.py:3954} INFO - Setting next_dagrun for produce_json to 2026-09-09 14:00:00+00:00, run_after=2026-09-10 14:00:00+00:00
[2026-09-09T07:07:04.219+0000] {logging_mixin.py:188} INFO - [2026-09-09T07:07:04.218+0000] {dag.py:3954} INFO - Setting next_dagrun for update_db to 2026-09-09 15:00:00+00:00, run_after=2026-09-10 15:00:00+00:00
[2026-09-09T07:07:04.665+0000] {processor.py:183} INFO - Processing /opt/airflow/dags/main.py took 7.129 seconds
[2026-09-09T07:07:35.553+0000] {processor.py:161} INFO - Started process (PID=1779) to work on /opt/airflow/dags/main.py
[2026-09-09T07:07:35.570+0000] {processor.py:830} INFO - Processing file /opt/airflow/dags/main.py for tasks to queue
[2026-09-09T07:07:35.584+0000] {logging_mixin.py:188} INFO - [2026-09-09T07:07:35.583+0000] {dagbag.py:545} INFO - Filling up the DagBag from /opt/airflow/dags/main.py
[2026-09-09T07:07:36.384+0000] {logging_mixin.py:188} INFO - channel id is not executed
[2026-09-09T07:07:38.864+0000] {processor.py:840} INFO - DAG(s) 'produce_json', 'update_db', 'data_quality' retrieved from /opt/airflow/dags/main.py
[2026-09-09T07:07:39.811+0000] {logging_mixin.py:188} INFO - [2026-09-09T07:07:39.796+0000] {dag.py:3096} INFO - Sync 3 DAGs
[2026-09-09T07:07:40.138+0000] {logging_mixin.py:188} INFO - [2026-09-09T07:07:40.136+0000] {dag.py:3954} INFO - Setting next_dagrun for data_quality to 2026-09-09 16:00:00+00:00, run_after=2026-09-10 16:00:00+00:00
[2026-09-09T07:07:40.178+0000] {logging_mixin.py:188} INFO - [2026-09-09T07:07:40.178+0000] {dag.py:3954} INFO - Setting next_dagrun for produce_json to 2026-09-09 14:00:00+00:00, run_after=2026-09-10 14:00:00+00:00
[2026-09-09T07:07:40.253+0000] {logging_mixin.py:188} INFO - [2026-09-09T07:07:40.253+0000] {dag.py:3954} INFO - Setting next_dagrun for update_db to 2026-09-09 15:00:00+00:00, run_after=2026-09-10 15:00:00+00:00
[2026-09-09T07:07:40.523+0000] {processor.py:183} INFO - Processing /opt/airflow/dags/main.py took 5.006 seconds
[2026-09-09T07:08:11.589+0000] {processor.py:161} INFO - Started process (PID=1787) to work on /opt/airflow/dags/main.py
[2026-09-09T07:08:11.605+0000] {processor.py:830} INFO - Processing file /opt/airflow/dags/main.py for tasks to queue
[2026-09-09T07:08:11.652+0000] {logging_mixin.py:188} INFO - [2026-09-09T07:08:11.625+0000] {dagbag.py:545} INFO - Filling up the DagBag from /opt/airflow/dags/main.py
[2026-09-09T07:08:13.489+0000] {logging_mixin.py:188} INFO - channel id is not executed
[2026-09-09T07:08:15.390+0000] {processor.py:840} INFO - DAG(s) 'data_quality', 'update_db', 'produce_json' retrieved from /opt/airflow/dags/main.py
[2026-09-09T07:08:16.833+0000] {logging_mixin.py:188} INFO - [2026-09-09T07:08:16.833+0000] {dag.py:3096} INFO - Sync 3 DAGs
[2026-09-09T07:08:17.024+0000] {logging_mixin.py:188} INFO - [2026-09-09T07:08:17.024+0000] {dag.py:3954} INFO - Setting next_dagrun for data_quality to 2026-09-09 16:00:00+00:00, run_after=2026-09-10 16:00:00+00:00
[2026-09-09T07:08:17.044+0000] {logging_mixin.py:188} INFO - [2026-09-09T07:08:17.043+0000] {dag.py:3954} INFO - Setting next_dagrun for produce_json to 2026-09-09 14:00:00+00:00, run_after=2026-09-10 14:00:00+00:00
[2026-09-09T07:08:17.063+0000] {logging_mixin.py:188} INFO - [2026-09-09T07:08:17.062+0000] {dag.py:3954} INFO - Setting next_dagrun for update_db to 2026-09-09 15:00:00+00:00, run_after=2026-09-10 15:00:00+00:00
[2026-09-09T07:08:17.285+0000] {processor.py:183} INFO - Processing /opt/airflow/dags/main.py took 5.728 seconds
[2026-09-09T07:08:48.981+0000] {processor.py:161} INFO - Started process (PID=1794) to work on /opt/airflow/dags/main.py
[2026-09-09T07:08:49.042+0000] {processor.py:830} INFO - Processing file /opt/airflow/dags/main.py for tasks to queue
[2026-09-09T07:08:49.065+0000] {logging_mixin.py:188} INFO - [2026-09-09T07:08:49.064+0000] {dagbag.py:545} INFO - Filling up the DagBag from /opt/airflow/dags/main.py
[2026-09-09T07:08:51.785+0000] {logging_mixin.py:188} INFO - channel id is not executed
[2026-09-09T07:08:55.746+0000] {processor.py:840} INFO - DAG(s) 'data_quality', 'update_db', 'produce_json' retrieved from /opt/airflow/dags/main.py
[2026-09-09T07:09:00.187+0000] {logging_mixin.py:188} INFO - [2026-09-09T07:09:00.059+0000] {dag.py:3096} INFO - Sync 3 DAGs
[2026-09-09T07:09:02.762+0000] {logging_mixin.py:188} INFO - [2026-09-09T07:09:02.761+0000] {dag.py:3954} INFO - Setting next_dagrun for data_quality to 2026-09-09 16:00:00+00:00, run_after=2026-09-10 16:00:00+00:00
[2026-09-09T07:09:02.851+0000] {logging_mixin.py:188} INFO - [2026-09-09T07:09:02.851+0000] {dag.py:3954} INFO - Setting next_dagrun for produce_json to 2026-09-09 14:00:00+00:00, run_after=2026-09-10 14:00:00+00:00
[2026-09-09T07:09:02.884+0000] {logging_mixin.py:188} INFO - [2026-09-09T07:09:02.883+0000] {dag.py:3954} INFO - Setting next_dagrun for update_db to 2026-09-09 15:00:00+00:00, run_after=2026-09-10 15:00:00+00:00
[2026-09-09T07:09:03.233+0000] {processor.py:183} INFO - Processing /opt/airflow/dags/main.py took 14.553 seconds
[2026-09-09T07:09:38.110+0000] {processor.py:161} INFO - Started process (PID=1801) to work on /opt/airflow/dags/main.py
[2026-09-09T07:09:38.154+0000] {processor.py:830} INFO - Processing file /opt/airflow/dags/main.py for tasks to queue
[2026-09-09T07:09:38.186+0000] {logging_mixin.py:188} INFO - [2026-09-09T07:09:38.177+0000] {dagbag.py:545} INFO - Filling up the DagBag from /opt/airflow/dags/main.py
[2026-09-09T07:09:40.919+0000] {logging_mixin.py:188} INFO - channel id is not executed
[2026-09-09T07:09:43.520+0000] {processor.py:840} INFO - DAG(s) 'produce_json', 'data_quality', 'update_db' retrieved from /opt/airflow/dags/main.py
[2026-09-09T07:09:48.700+0000] {logging_mixin.py:188} INFO - [2026-09-09T07:09:48.690+0000] {dag.py:3096} INFO - Sync 3 DAGs
[2026-09-09T07:09:49.611+0000] {logging_mixin.py:188} INFO - [2026-09-09T07:09:49.589+0000] {dag.py:3954} INFO - Setting next_dagrun for data_quality to 2026-09-09 16:00:00+00:00, run_after=2026-09-10 16:00:00+00:00
[2026-09-09T07:09:49.812+0000] {logging_mixin.py:188} INFO - [2026-09-09T07:09:49.812+0000] {dag.py:3954} INFO - Setting next_dagrun for produce_json to 2026-09-09 14:00:00+00:00, run_after=2026-09-10 14:00:00+00:00
[2026-09-09T07:09:49.933+0000] {logging_mixin.py:188} INFO - [2026-09-09T07:09:49.932+0000] {dag.py:3954} INFO - Setting next_dagrun for update_db to 2026-09-09 15:00:00+00:00, run_after=2026-09-10 15:00:00+00:00
[2026-09-09T07:09:50.945+0000] {processor.py:183} INFO - Processing /opt/airflow/dags/main.py took 14.847 seconds
[2026-09-09T07:10:23.807+0000] {processor.py:161} INFO - Started process (PID=1813) to work on /opt/airflow/dags/main.py
[2026-09-09T07:10:23.900+0000] {processor.py:830} INFO - Processing file /opt/airflow/dags/main.py for tasks to queue
[2026-09-09T07:10:23.928+0000] {logging_mixin.py:188} INFO - [2026-09-09T07:10:23.925+0000] {dagbag.py:545} INFO - Filling up the DagBag from /opt/airflow/dags/main.py
[2026-09-09T07:10:27.264+0000] {logging_mixin.py:188} INFO - channel id is not executed
[2026-09-09T07:10:29.839+0000] {processor.py:840} INFO - DAG(s) 'update_db', 'produce_json', 'data_quality' retrieved from /opt/airflow/dags/main.py
[2026-09-09T07:10:41.965+0000] {logging_mixin.py:188} INFO - [2026-09-09T07:10:41.964+0000] {dag.py:3096} INFO - Sync 3 DAGs
[2026-09-09T07:10:43.042+0000] {logging_mixin.py:188} INFO - [2026-09-09T07:10:43.040+0000] {dag.py:3954} INFO - Setting next_dagrun for data_quality to 2026-09-09 16:00:00+00:00, run_after=2026-09-10 16:00:00+00:00
[2026-09-09T07:10:43.088+0000] {logging_mixin.py:188} INFO - [2026-09-09T07:10:43.087+0000] {dag.py:3954} INFO - Setting next_dagrun for produce_json to 2026-09-09 14:00:00+00:00, run_after=2026-09-10 14:00:00+00:00
[2026-09-09T07:10:43.101+0000] {logging_mixin.py:188} INFO - [2026-09-09T07:10:43.101+0000] {dag.py:3954} INFO - Setting next_dagrun for update_db to 2026-09-09 15:00:00+00:00, run_after=2026-09-10 15:00:00+00:00
[2026-09-09T07:10:43.439+0000] {processor.py:183} INFO - Processing /opt/airflow/dags/main.py took 20.422 seconds
[2026-09-09T07:11:22.571+0000] {processor.py:161} INFO - Started process (PID=1827) to work on /opt/airflow/dags/main.py
[2026-09-09T07:11:22.811+0000] {processor.py:830} INFO - Processing file /opt/airflow/dags/main.py for tasks to queue
[2026-09-09T07:11:23.010+0000] {logging_mixin.py:188} INFO - [2026-09-09T07:11:22.871+0000] {dagbag.py:545} INFO - Filling up the DagBag from /opt/airflow/dags/main.py
[2026-09-09T07:11:29.882+0000] {logging_mixin.py:188} INFO - channel id is not executed
[2026-09-09T07:11:43.143+0000] {processor.py:840} INFO - DAG(s) 'data_quality', 'update_db', 'produce_json' retrieved from /opt/airflow/dags/main.py
[2026-09-09T07:13:35.105+0000] {processor.py:161} INFO - Started process (PID=1848) to work on /opt/airflow/dags/main.py
[2026-09-09T07:13:35.126+0000] {processor.py:830} INFO - Processing file /opt/airflow/dags/main.py for tasks to queue
[2026-09-09T07:13:35.235+0000] {logging_mixin.py:188} INFO - [2026-09-09T07:13:35.212+0000] {dagbag.py:545} INFO - Filling up the DagBag from /opt/airflow/dags/main.py
[2026-09-09T07:13:46.989+0000] {logging_mixin.py:188} INFO - channel id is not executed
[2026-09-09T07:13:48.133+0000] {processor.py:840} INFO - DAG(s) 'produce_json', 'update_db', 'data_quality' retrieved from /opt/airflow/dags/main.py
[2026-09-09T07:13:51.126+0000] {logging_mixin.py:188} INFO - [2026-09-09T07:13:51.126+0000] {dag.py:3096} INFO - Sync 3 DAGs
[2026-09-09T07:13:52.197+0000] {logging_mixin.py:188} INFO - [2026-09-09T07:13:52.169+0000] {dag.py:3954} INFO - Setting next_dagrun for data_quality to 2026-09-09 16:00:00+00:00, run_after=2026-09-10 16:00:00+00:00
[2026-09-09T07:13:52.367+0000] {logging_mixin.py:188} INFO - [2026-09-09T07:13:52.367+0000] {dag.py:3954} INFO - Setting next_dagrun for produce_json to 2026-09-09 14:00:00+00:00, run_after=2026-09-10 14:00:00+00:00
[2026-09-09T07:13:52.446+0000] {logging_mixin.py:188} INFO - [2026-09-09T07:13:52.431+0000] {dag.py:3954} INFO - Setting next_dagrun for update_db to 2026-09-09 15:00:00+00:00, run_after=2026-09-10 15:00:00+00:00
[2026-09-09T07:13:53.050+0000] {processor.py:183} INFO - Processing /opt/airflow/dags/main.py took 18.516 seconds
[2026-09-09T07:14:28.687+0000] {processor.py:161} INFO - Started process (PID=1860) to work on /opt/airflow/dags/main.py
[2026-09-09T07:14:28.906+0000] {processor.py:830} INFO - Processing file /opt/airflow/dags/main.py for tasks to queue
[2026-09-09T07:14:33.565+0000] {logging_mixin.py:188} INFO - [2026-09-09T07:14:32.307+0000] {dagbag.py:545} INFO - Filling up the DagBag from /opt/airflow/dags/main.py
[2026-09-09T07:14:36.054+0000] {logging_mixin.py:188} INFO - channel id is not executed
[2026-09-09T07:14:37.638+0000] {processor.py:840} INFO - DAG(s) 'produce_json', 'update_db', 'data_quality' retrieved from /opt/airflow/dags/main.py
[2026-09-09T07:14:40.818+0000] {logging_mixin.py:188} INFO - [2026-09-09T07:14:40.817+0000] {dag.py:3096} INFO - Sync 3 DAGs
[2026-09-09T07:14:41.112+0000] {logging_mixin.py:188} INFO - [2026-09-09T07:14:41.108+0000] {dag.py:3954} INFO - Setting next_dagrun for data_quality to 2026-09-09 16:00:00+00:00, run_after=2026-09-10 16:00:00+00:00
[2026-09-09T07:14:41.165+0000] {logging_mixin.py:188} INFO - [2026-09-09T07:14:41.165+0000] {dag.py:3954} INFO - Setting next_dagrun for produce_json to 2026-09-09 14:00:00+00:00, run_after=2026-09-10 14:00:00+00:00
[2026-09-09T07:14:41.185+0000] {logging_mixin.py:188} INFO - [2026-09-09T07:14:41.184+0000] {dag.py:3954} INFO - Setting next_dagrun for update_db to 2026-09-09 15:00:00+00:00, run_after=2026-09-10 15:00:00+00:00
[2026-09-09T07:14:41.323+0000] {processor.py:183} INFO - Processing /opt/airflow/dags/main.py took 12.940 seconds
[2026-09-09T07:15:11.983+0000] {processor.py:161} INFO - Started process (PID=1867) to work on /opt/airflow/dags/main.py
[2026-09-09T07:15:11.992+0000] {processor.py:830} INFO - Processing file /opt/airflow/dags/main.py for tasks to queue
[2026-09-09T07:15:12.000+0000] {logging_mixin.py:188} INFO - [2026-09-09T07:15:11.999+0000] {dagbag.py:545} INFO - Filling up the DagBag from /opt/airflow/dags/main.py
[2026-09-09T07:15:12.322+0000] {logging_mixin.py:188} INFO - channel id is not executed
[2026-09-09T07:15:13.791+0000] {processor.py:840} INFO - DAG(s) 'data_quality', 'update_db', 'produce_json' retrieved from /opt/airflow/dags/main.py
[2026-09-09T07:15:17.915+0000] {logging_mixin.py:188} INFO - [2026-09-09T07:15:17.915+0000] {dag.py:3096} INFO - Sync 3 DAGs
[2026-09-09T07:15:18.044+0000] {logging_mixin.py:188} INFO - [2026-09-09T07:15:18.043+0000] {dag.py:3954} INFO - Setting next_dagrun for data_quality to 2026-09-09 16:00:00+00:00, run_after=2026-09-10 16:00:00+00:00
[2026-09-09T07:15:18.073+0000] {logging_mixin.py:188} INFO - [2026-09-09T07:15:18.073+0000] {dag.py:3954} INFO - Setting next_dagrun for produce_json to 2026-09-09 14:00:00+00:00, run_after=2026-09-10 14:00:00+00:00
[2026-09-09T07:15:18.090+0000] {logging_mixin.py:188} INFO - [2026-09-09T07:15:18.090+0000] {dag.py:3954} INFO - Setting next_dagrun for update_db to 2026-09-09 15:00:00+00:00, run_after=2026-09-10 15:00:00+00:00
[2026-09-09T07:15:18.217+0000] {processor.py:183} INFO - Processing /opt/airflow/dags/main.py took 6.338 seconds
[2026-09-09T07:15:49.366+0000] {processor.py:161} INFO - Started process (PID=1880) to work on /opt/airflow/dags/main.py
[2026-09-09T07:15:49.395+0000] {processor.py:830} INFO - Processing file /opt/airflow/dags/main.py for tasks to queue
[2026-09-09T07:15:49.409+0000] {logging_mixin.py:188} INFO - [2026-09-09T07:15:49.408+0000] {dagbag.py:545} INFO - Filling up the DagBag from /opt/airflow/dags/main.py
[2026-09-09T07:15:49.824+0000] {logging_mixin.py:188} INFO - channel id is not executed
[2026-09-09T07:15:50.838+0000] {processor.py:840} INFO - DAG(s) 'update_db', 'produce_json', 'data_quality' retrieved from /opt/airflow/dags/main.py
[2026-09-09T07:15:52.631+0000] {logging_mixin.py:188} INFO - [2026-09-09T07:15:52.630+0000] {dag.py:3096} INFO - Sync 3 DAGs
[2026-09-09T07:15:52.770+0000] {logging_mixin.py:188} INFO - [2026-09-09T07:15:52.769+0000] {dag.py:3954} INFO - Setting next_dagrun for data_quality to 2026-09-09 16:00:00+00:00, run_after=2026-09-10 16:00:00+00:00
[2026-09-09T07:15:52.801+0000] {logging_mixin.py:188} INFO - [2026-09-09T07:15:52.801+0000] {dag.py:3954} INFO - Setting next_dagrun for produce_json to 2026-09-09 14:00:00+00:00, run_after=2026-09-10 14:00:00+00:00
[2026-09-09T07:15:52.933+0000] {logging_mixin.py:188} INFO - [2026-09-09T07:15:52.933+0000] {dag.py:3954} INFO - Setting next_dagrun for update_db to 2026-09-09 15:00:00+00:00, run_after=2026-09-10 15:00:00+00:00
[2026-09-09T07:15:53.190+0000] {processor.py:183} INFO - Processing /opt/airflow/dags/main.py took 3.883 seconds
[2026-09-09T07:16:25.715+0000] {processor.py:161} INFO - Started process (PID=1888) to work on /opt/airflow/dags/main.py
[2026-09-09T07:16:25.835+0000] {processor.py:830} INFO - Processing file /opt/airflow/dags/main.py for tasks to queue
[2026-09-09T07:16:26.084+0000] {logging_mixin.py:188} INFO - [2026-09-09T07:16:26.070+0000] {dagbag.py:545} INFO - Filling up the DagBag from /opt/airflow/dags/main.py
[2026-09-09T07:16:31.118+0000] {logging_mixin.py:188} INFO - channel id is not executed
[2026-09-09T07:16:33.702+0000] {processor.py:840} INFO - DAG(s) 'update_db', 'produce_json', 'data_quality' retrieved from /opt/airflow/dags/main.py
[2026-09-09T07:16:38.689+0000] {logging_mixin.py:188} INFO - [2026-09-09T07:16:38.689+0000] {dag.py:3096} INFO - Sync 3 DAGs
[2026-09-09T07:16:38.809+0000] {logging_mixin.py:188} INFO - [2026-09-09T07:16:38.809+0000] {dag.py:3954} INFO - Setting next_dagrun for data_quality to 2026-09-09 16:00:00+00:00, run_after=2026-09-10 16:00:00+00:00
[2026-09-09T07:16:38.860+0000] {logging_mixin.py:188} INFO - [2026-09-09T07:16:38.859+0000] {dag.py:3954} INFO - Setting next_dagrun for produce_json to 2026-09-09 14:00:00+00:00, run_after=2026-09-10 14:00:00+00:00
[2026-09-09T07:16:38.877+0000] {logging_mixin.py:188} INFO - [2026-09-09T07:16:38.877+0000] {dag.py:3954} INFO - Setting next_dagrun for update_db to 2026-09-09 15:00:00+00:00, run_after=2026-09-10 15:00:00+00:00
[2026-09-09T07:16:39.084+0000] {processor.py:183} INFO - Processing /opt/airflow/dags/main.py took 14.071 seconds
[2026-09-09T07:17:09.621+0000] {processor.py:161} INFO - Started process (PID=1896) to work on /opt/airflow/dags/main.py
[2026-09-09T07:17:09.625+0000] {processor.py:830} INFO - Processing file /opt/airflow/dags/main.py for tasks to queue
[2026-09-09T07:17:09.630+0000] {logging_mixin.py:188} INFO - [2026-09-09T07:17:09.629+0000] {dagbag.py:545} INFO - Filling up the DagBag from /opt/airflow/dags/main.py
[2026-09-09T07:17:09.738+0000] {logging_mixin.py:188} INFO - channel id is not executed
[2026-09-09T07:17:10.021+0000] {processor.py:840} INFO - DAG(s) 'data_quality', 'produce_json', 'update_db' retrieved from /opt/airflow/dags/main.py
[2026-09-09T07:17:10.548+0000] {logging_mixin.py:188} INFO - [2026-09-09T07:17:10.538+0000] {dag.py:3096} INFO - Sync 3 DAGs
[2026-09-09T07:17:10.684+0000] {logging_mixin.py:188} INFO - [2026-09-09T07:17:10.684+0000] {dag.py:3954} INFO - Setting next_dagrun for data_quality to 2026-09-09 16:00:00+00:00, run_after=2026-09-10 16:00:00+00:00
[2026-09-09T07:17:10.709+0000] {logging_mixin.py:188} INFO - [2026-09-09T07:17:10.709+0000] {dag.py:3954} INFO - Setting next_dagrun for produce_json to 2026-09-09 14:00:00+00:00, run_after=2026-09-10 14:00:00+00:00
[2026-09-09T07:17:10.724+0000] {logging_mixin.py:188} INFO - [2026-09-09T07:17:10.724+0000] {dag.py:3954} INFO - Setting next_dagrun for update_db to 2026-09-09 15:00:00+00:00, run_after=2026-09-10 15:00:00+00:00
[2026-09-09T07:17:10.796+0000] {processor.py:183} INFO - Processing /opt/airflow/dags/main.py took 1.187 seconds
[2026-09-09T07:17:43.327+0000] {processor.py:161} INFO - Started process (PID=1905) to work on /opt/airflow/dags/main.py
[2026-09-09T07:17:43.370+0000] {processor.py:830} INFO - Processing file /opt/airflow/dags/main.py for tasks to queue
[2026-09-09T07:17:43.403+0000] {logging_mixin.py:188} INFO - [2026-09-09T07:17:43.402+0000] {dagbag.py:545} INFO - Filling up the DagBag from /opt/airflow/dags/main.py
[2026-09-09T07:17:45.366+0000] {logging_mixin.py:188} INFO - channel id is not executed
[2026-09-09T07:17:50.167+0000] {processor.py:840} INFO - DAG(s) 'update_db', 'produce_json', 'data_quality' retrieved from /opt/airflow/dags/main.py
[2026-09-09T07:17:51.310+0000] {logging_mixin.py:188} INFO - [2026-09-09T07:17:51.301+0000] {dag.py:3096} INFO - Sync 3 DAGs
[2026-09-09T07:17:51.446+0000] {logging_mixin.py:188} INFO - [2026-09-09T07:17:51.446+0000] {dag.py:3954} INFO - Setting next_dagrun for data_quality to 2026-09-09 16:00:00+00:00, run_after=2026-09-10 16:00:00+00:00
[2026-09-09T07:17:51.495+0000] {logging_mixin.py:188} INFO - [2026-09-09T07:17:51.495+0000] {dag.py:3954} INFO - Setting next_dagrun for produce_json to 2026-09-09 14:00:00+00:00, run_after=2026-09-10 14:00:00+00:00
[2026-09-09T07:17:51.541+0000] {logging_mixin.py:188} INFO - [2026-09-09T07:17:51.541+0000] {dag.py:3954} INFO - Setting next_dagrun for update_db to 2026-09-09 15:00:00+00:00, run_after=2026-09-10 15:00:00+00:00
[2026-09-09T07:17:51.675+0000] {processor.py:183} INFO - Processing /opt/airflow/dags/main.py took 8.561 seconds
[2026-09-09T07:18:22.274+0000] {processor.py:161} INFO - Started process (PID=1918) to work on /opt/airflow/dags/main.py
[2026-09-09T07:18:22.280+0000] {processor.py:830} INFO - Processing file /opt/airflow/dags/main.py for tasks to queue
[2026-09-09T07:18:22.285+0000] {logging_mixin.py:188} INFO - [2026-09-09T07:18:22.285+0000] {dagbag.py:545} INFO - Filling up the DagBag from /opt/airflow/dags/main.py
[2026-09-09T07:18:22.997+0000] {logging_mixin.py:188} INFO - channel id is not executed
[2026-09-09T07:18:24.304+0000] {processor.py:840} INFO - DAG(s) 'data_quality', 'produce_json', 'update_db' retrieved from /opt/airflow/dags/main.py
[2026-09-09T07:18:24.996+0000] {logging_mixin.py:188} INFO - [2026-09-09T07:18:24.985+0000] {dag.py:3096} INFO - Sync 3 DAGs
[2026-09-09T07:18:25.491+0000] {logging_mixin.py:188} INFO - [2026-09-09T07:18:25.491+0000] {dag.py:3954} INFO - Setting next_dagrun for data_quality to 2026-09-09 16:00:00+00:00, run_after=2026-09-10 16:00:00+00:00
[2026-09-09T07:18:25.614+0000] {logging_mixin.py:188} INFO - [2026-09-09T07:18:25.614+0000] {dag.py:3954} INFO - Setting next_dagrun for produce_json to 2026-09-09 14:00:00+00:00, run_after=2026-09-10 14:00:00+00:00
[2026-09-09T07:18:25.680+0000] {logging_mixin.py:188} INFO - [2026-09-09T07:18:25.679+0000] {dag.py:3954} INFO - Setting next_dagrun for update_db to 2026-09-09 15:00:00+00:00, run_after=2026-09-10 15:00:00+00:00
[2026-09-09T07:18:25.933+0000] {processor.py:183} INFO - Processing /opt/airflow/dags/main.py took 3.701 seconds
[2026-09-09T07:18:59.945+0000] {processor.py:161} INFO - Started process (PID=1925) to work on /opt/airflow/dags/main.py
[2026-09-09T07:19:00.012+0000] {processor.py:830} INFO - Processing file /opt/airflow/dags/main.py for tasks to queue
[2026-09-09T07:19:00.168+0000] {logging_mixin.py:188} INFO - [2026-09-09T07:19:00.146+0000] {dagbag.py:545} INFO - Filling up the DagBag from /opt/airflow/dags/main.py
[2026-09-09T07:19:02.529+0000] {logging_mixin.py:188} INFO - channel id is not executed
[2026-09-09T07:19:10.967+0000] {processor.py:840} INFO - DAG(s) 'data_quality', 'update_db', 'produce_json' retrieved from /opt/airflow/dags/main.py
[2026-09-09T07:19:15.458+0000] {logging_mixin.py:188} INFO - [2026-09-09T07:19:15.429+0000] {dag.py:3096} INFO - Sync 3 DAGs
[2026-09-09T07:19:16.075+0000] {logging_mixin.py:188} INFO - [2026-09-09T07:19:16.054+0000] {dag.py:3954} INFO - Setting next_dagrun for data_quality to 2026-09-09 16:00:00+00:00, run_after=2026-09-10 16:00:00+00:00
[2026-09-09T07:19:16.192+0000] {logging_mixin.py:188} INFO - [2026-09-09T07:19:16.192+0000] {dag.py:3954} INFO - Setting next_dagrun for produce_json to 2026-09-09 14:00:00+00:00, run_after=2026-09-10 14:00:00+00:00
[2026-09-09T07:19:16.266+0000] {logging_mixin.py:188} INFO - [2026-09-09T07:19:16.263+0000] {dag.py:3954} INFO - Setting next_dagrun for update_db to 2026-09-09 15:00:00+00:00, run_after=2026-09-10 15:00:00+00:00
[2026-09-09T07:19:17.676+0000] {processor.py:183} INFO - Processing /opt/airflow/dags/main.py took 18.016 seconds
[2026-09-09T07:19:50.345+0000] {processor.py:161} INFO - Started process (PID=1931) to work on /opt/airflow/dags/main.py
[2026-09-09T07:19:50.387+0000] {processor.py:830} INFO - Processing file /opt/airflow/dags/main.py for tasks to queue
[2026-09-09T07:19:50.612+0000] {logging_mixin.py:188} INFO - [2026-09-09T07:19:50.527+0000] {dagbag.py:545} INFO - Filling up the DagBag from /opt/airflow/dags/main.py
[2026-09-09T07:19:54.357+0000] {logging_mixin.py:188} INFO - channel id is not executed
[2026-09-09T07:19:59.635+0000] {processor.py:840} INFO - DAG(s) 'update_db', 'data_quality', 'produce_json' retrieved from /opt/airflow/dags/main.py
[2026-09-09T07:20:05.411+0000] {logging_mixin.py:188} INFO - [2026-09-09T07:20:05.409+0000] {dag.py:3096} INFO - Sync 3 DAGs
[2026-09-09T07:20:06.323+0000] {logging_mixin.py:188} INFO - [2026-09-09T07:20:06.249+0000] {dag.py:3954} INFO - Setting next_dagrun for data_quality to 2026-09-09 16:00:00+00:00, run_after=2026-09-10 16:00:00+00:00
[2026-09-09T07:20:06.712+0000] {logging_mixin.py:188} INFO - [2026-09-09T07:20:06.712+0000] {dag.py:3954} INFO - Setting next_dagrun for produce_json to 2026-09-09 14:00:00+00:00, run_after=2026-09-10 14:00:00+00:00
[2026-09-09T07:20:06.759+0000] {logging_mixin.py:188} INFO - [2026-09-09T07:20:06.759+0000] {dag.py:3954} INFO - Setting next_dagrun for update_db to 2026-09-09 15:00:00+00:00, run_after=2026-09-10 15:00:00+00:00
[2026-09-09T07:20:08.027+0000] {processor.py:183} INFO - Processing /opt/airflow/dags/main.py took 18.757 seconds
[2026-09-09T07:20:40.210+0000] {processor.py:161} INFO - Started process (PID=1944) to work on /opt/airflow/dags/main.py
[2026-09-09T07:20:40.391+0000] {processor.py:830} INFO - Processing file /opt/airflow/dags/main.py for tasks to queue
[2026-09-09T07:20:40.457+0000] {logging_mixin.py:188} INFO - [2026-09-09T07:20:40.450+0000] {dagbag.py:545} INFO - Filling up the DagBag from /opt/airflow/dags/main.py
[2026-09-09T07:20:46.633+0000] {logging_mixin.py:188} INFO - channel id is not executed
[2026-09-09T07:20:53.038+0000] {processor.py:840} INFO - DAG(s) 'update_db', 'data_quality', 'produce_json' retrieved from /opt/airflow/dags/main.py
[2026-09-09T07:21:09.593+0000] {logging_mixin.py:188} INFO - [2026-09-09T07:21:09.593+0000] {dag.py:3096} INFO - Sync 3 DAGs
[2026-09-09T07:21:11.319+0000] {logging_mixin.py:188} INFO - [2026-09-09T07:21:11.217+0000] {dag.py:3954} INFO - Setting next_dagrun for data_quality to 2026-09-09 16:00:00+00:00, run_after=2026-09-10 16:00:00+00:00
[2026-09-09T07:21:12.292+0000] {logging_mixin.py:188} INFO - [2026-09-09T07:21:12.291+0000] {dag.py:3954} INFO - Setting next_dagrun for produce_json to 2026-09-09 14:00:00+00:00, run_after=2026-09-10 14:00:00+00:00
[2026-09-09T07:21:12.314+0000] {logging_mixin.py:188} INFO - [2026-09-09T07:21:12.314+0000] {dag.py:3954} INFO - Setting next_dagrun for update_db to 2026-09-09 15:00:00+00:00, run_after=2026-09-10 15:00:00+00:00
[2026-09-09T07:21:13.652+0000] {processor.py:183} INFO - Processing /opt/airflow/dags/main.py took 33.941 seconds
[2026-09-09T07:21:45.937+0000] {processor.py:161} INFO - Started process (PID=1957) to work on /opt/airflow/dags/main.py
[2026-09-09T07:21:46.031+0000] {processor.py:830} INFO - Processing file /opt/airflow/dags/main.py for tasks to queue
[2026-09-09T07:21:46.602+0000] {logging_mixin.py:188} INFO - [2026-09-09T07:21:46.506+0000] {dagbag.py:545} INFO - Filling up the DagBag from /opt/airflow/dags/main.py
[2026-09-09T07:21:51.726+0000] {logging_mixin.py:188} INFO - channel id is not executed
[2026-09-09T07:21:54.637+0000] {processor.py:840} INFO - DAG(s) 'update_db', 'produce_json', 'data_quality' retrieved from /opt/airflow/dags/main.py
[2026-09-09T07:21:55.541+0000] {logging_mixin.py:188} INFO - [2026-09-09T07:21:55.541+0000] {dag.py:3096} INFO - Sync 3 DAGs
[2026-09-09T07:21:55.817+0000] {logging_mixin.py:188} INFO - [2026-09-09T07:21:55.817+0000] {dag.py:3954} INFO - Setting next_dagrun for data_quality to 2026-09-09 16:00:00+00:00, run_after=2026-09-10 16:00:00+00:00
[2026-09-09T07:21:55.861+0000] {logging_mixin.py:188} INFO - [2026-09-09T07:21:55.861+0000] {dag.py:3954} INFO - Setting next_dagrun for produce_json to 2026-09-09 14:00:00+00:00, run_after=2026-09-10 14:00:00+00:00
[2026-09-09T07:21:55.893+0000] {logging_mixin.py:188} INFO - [2026-09-09T07:21:55.893+0000] {dag.py:3954} INFO - Setting next_dagrun for update_db to 2026-09-09 15:00:00+00:00, run_after=2026-09-10 15:00:00+00:00
[2026-09-09T07:21:56.304+0000] {processor.py:183} INFO - Processing /opt/airflow/dags/main.py took 11.149 seconds
[2026-09-09T07:29:33.144+0000] {processor.py:161} INFO - Started process (PID=60) to work on /opt/airflow/dags/main.py
[2026-09-09T07:29:33.146+0000] {processor.py:830} INFO - Processing file /opt/airflow/dags/main.py for tasks to queue
[2026-09-09T07:29:33.159+0000] {logging_mixin.py:188} INFO - [2026-09-09T07:29:33.159+0000] {dagbag.py:545} INFO - Filling up the DagBag from /opt/airflow/dags/main.py
[2026-09-09T07:29:33.679+0000] {logging_mixin.py:188} INFO - channel id is not executed
[2026-09-09T07:29:34.176+0000] {processor.py:840} INFO - DAG(s) 'update_db', 'produce_json', 'data_quality' retrieved from /opt/airflow/dags/main.py
[2026-09-09T07:31:36.276+0000] {processor.py:161} INFO - Started process (PID=67) to work on /opt/airflow/dags/main.py
[2026-09-09T07:31:36.336+0000] {processor.py:830} INFO - Processing file /opt/airflow/dags/main.py for tasks to queue
[2026-09-09T07:31:36.387+0000] {logging_mixin.py:188} INFO - [2026-09-09T07:31:36.383+0000] {dagbag.py:545} INFO - Filling up the DagBag from /opt/airflow/dags/main.py
[2026-09-09T07:31:36.952+0000] {logging_mixin.py:188} INFO - channel id is not executed
[2026-09-09T07:31:37.628+0000] {processor.py:840} INFO - DAG(s) 'produce_json', 'update_db', 'data_quality' retrieved from /opt/airflow/dags/main.py
[2026-09-09T07:31:42.297+0000] {logging_mixin.py:188} INFO - [2026-09-09T07:31:42.291+0000] {dag.py:3096} INFO - Sync 3 DAGs
[2026-09-09T07:31:42.566+0000] {logging_mixin.py:188} INFO - [2026-09-09T07:31:42.566+0000] {dag.py:3954} INFO - Setting next_dagrun for data_quality to 2026-09-09 16:00:00+00:00, run_after=2026-09-10 16:00:00+00:00
[2026-09-09T07:31:42.620+0000] {logging_mixin.py:188} INFO - [2026-09-09T07:31:42.620+0000] {dag.py:3954} INFO - Setting next_dagrun for produce_json to 2026-09-09 14:00:00+00:00, run_after=2026-09-10 14:00:00+00:00
[2026-09-09T07:31:42.660+0000] {logging_mixin.py:188} INFO - [2026-09-09T07:31:42.650+0000] {dag.py:3954} INFO - Setting next_dagrun for update_db to 2026-09-09 15:00:00+00:00, run_after=2026-09-10 15:00:00+00:00
[2026-09-09T07:31:42.931+0000] {processor.py:183} INFO - Processing /opt/airflow/dags/main.py took 6.884 seconds
[2026-09-09T07:32:13.678+0000] {processor.py:161} INFO - Started process (PID=74) to work on /opt/airflow/dags/main.py
[2026-09-09T07:32:13.836+0000] {processor.py:830} INFO - Processing file /opt/airflow/dags/main.py for tasks to queue
[2026-09-09T07:32:13.958+0000] {logging_mixin.py:188} INFO - [2026-09-09T07:32:13.949+0000] {dagbag.py:545} INFO - Filling up the DagBag from /opt/airflow/dags/main.py
[2026-09-09T07:32:14.318+0000] {logging_mixin.py:188} INFO - channel id is not executed
[2026-09-09T07:32:14.746+0000] {processor.py:840} INFO - DAG(s) 'produce_json', 'data_quality', 'update_db' retrieved from /opt/airflow/dags/main.py
[2026-09-09T07:32:19.039+0000] {logging_mixin.py:188} INFO - [2026-09-09T07:32:19.039+0000] {dag.py:3096} INFO - Sync 3 DAGs
[2026-09-09T07:32:19.213+0000] {logging_mixin.py:188} INFO - [2026-09-09T07:32:19.212+0000] {dag.py:3954} INFO - Setting next_dagrun for data_quality to 2026-09-09 16:00:00+00:00, run_after=2026-09-10 16:00:00+00:00
[2026-09-09T07:32:19.263+0000] {logging_mixin.py:188} INFO - [2026-09-09T07:32:19.263+0000] {dag.py:3954} INFO - Setting next_dagrun for produce_json to 2026-09-09 14:00:00+00:00, run_after=2026-09-10 14:00:00+00:00
[2026-09-09T07:32:19.314+0000] {logging_mixin.py:188} INFO - [2026-09-09T07:32:19.299+0000] {dag.py:3954} INFO - Setting next_dagrun for update_db to 2026-09-09 15:00:00+00:00, run_after=2026-09-10 15:00:00+00:00
[2026-09-09T07:32:19.424+0000] {processor.py:183} INFO - Processing /opt/airflow/dags/main.py took 5.828 seconds
[2026-09-09T07:32:51.607+0000] {processor.py:161} INFO - Started process (PID=82) to work on /opt/airflow/dags/main.py
[2026-09-09T07:32:51.648+0000] {processor.py:830} INFO - Processing file /opt/airflow/dags/main.py for tasks to queue
[2026-09-09T07:32:51.919+0000] {logging_mixin.py:188} INFO - [2026-09-09T07:32:51.761+0000] {dagbag.py:545} INFO - Filling up the DagBag from /opt/airflow/dags/main.py
[2026-09-09T07:32:52.559+0000] {logging_mixin.py:188} INFO - channel id is not executed
[2026-09-09T07:32:53.075+0000] {processor.py:840} INFO - DAG(s) 'produce_json', 'update_db', 'data_quality' retrieved from /opt/airflow/dags/main.py
[2026-09-09T07:32:53.689+0000] {logging_mixin.py:188} INFO - [2026-09-09T07:32:53.688+0000] {dag.py:3096} INFO - Sync 3 DAGs
[2026-09-09T07:32:53.781+0000] {logging_mixin.py:188} INFO - [2026-09-09T07:32:53.778+0000] {dag.py:3954} INFO - Setting next_dagrun for data_quality to 2026-09-09 16:00:00+00:00, run_after=2026-09-10 16:00:00+00:00
[2026-09-09T07:32:53.801+0000] {logging_mixin.py:188} INFO - [2026-09-09T07:32:53.800+0000] {dag.py:3954} INFO - Setting next_dagrun for produce_json to 2026-09-09 14:00:00+00:00, run_after=2026-09-10 14:00:00+00:00
[2026-09-09T07:32:53.811+0000] {logging_mixin.py:188} INFO - [2026-09-09T07:32:53.811+0000] {dag.py:3954} INFO - Setting next_dagrun for update_db to 2026-09-09 15:00:00+00:00, run_after=2026-09-10 15:00:00+00:00
[2026-09-09T07:32:53.927+0000] {processor.py:183} INFO - Processing /opt/airflow/dags/main.py took 2.894 seconds
[2026-09-09T07:33:24.416+0000] {processor.py:161} INFO - Started process (PID=95) to work on /opt/airflow/dags/main.py
[2026-09-09T07:33:24.421+0000] {processor.py:830} INFO - Processing file /opt/airflow/dags/main.py for tasks to queue
[2026-09-09T07:33:24.432+0000] {logging_mixin.py:188} INFO - [2026-09-09T07:33:24.430+0000] {dagbag.py:545} INFO - Filling up the DagBag from /opt/airflow/dags/main.py
[2026-09-09T07:33:24.533+0000] {logging_mixin.py:188} INFO - channel id is not executed
[2026-09-09T07:33:24.659+0000] {processor.py:840} INFO - DAG(s) 'produce_json', 'update_db', 'data_quality' retrieved from /opt/airflow/dags/main.py
[2026-09-09T07:33:24.925+0000] {logging_mixin.py:188} INFO - [2026-09-09T07:33:24.924+0000] {dag.py:3096} INFO - Sync 3 DAGs
[2026-09-09T07:33:24.980+0000] {logging_mixin.py:188} INFO - [2026-09-09T07:33:24.980+0000] {dag.py:3954} INFO - Setting next_dagrun for data_quality to 2026-09-09 16:00:00+00:00, run_after=2026-09-10 16:00:00+00:00
[2026-09-09T07:33:24.989+0000] {logging_mixin.py:188} INFO - [2026-09-09T07:33:24.988+0000] {dag.py:3954} INFO - Setting next_dagrun for produce_json to 2026-09-09 14:00:00+00:00, run_after=2026-09-10 14:00:00+00:00
[2026-09-09T07:33:24.995+0000] {logging_mixin.py:188} INFO - [2026-09-09T07:33:24.995+0000] {dag.py:3954} INFO - Setting next_dagrun for update_db to 2026-09-09 15:00:00+00:00, run_after=2026-09-10 15:00:00+00:00
[2026-09-09T07:33:25.036+0000] {processor.py:183} INFO - Processing /opt/airflow/dags/main.py took 0.629 seconds
[2026-09-09T07:33:55.670+0000] {processor.py:161} INFO - Started process (PID=103) to work on /opt/airflow/dags/main.py
[2026-09-09T07:33:55.673+0000] {processor.py:830} INFO - Processing file /opt/airflow/dags/main.py for tasks to queue
[2026-09-09T07:33:55.680+0000] {logging_mixin.py:188} INFO - [2026-09-09T07:33:55.679+0000] {dagbag.py:545} INFO - Filling up the DagBag from /opt/airflow/dags/main.py
[2026-09-09T07:33:55.770+0000] {logging_mixin.py:188} INFO - channel id is not executed
[2026-09-09T07:33:55.898+0000] {processor.py:840} INFO - DAG(s) 'update_db', 'data_quality', 'produce_json' retrieved from /opt/airflow/dags/main.py
[2026-09-09T07:33:56.217+0000] {logging_mixin.py:188} INFO - [2026-09-09T07:33:56.217+0000] {dag.py:3096} INFO - Sync 3 DAGs
[2026-09-09T07:33:56.278+0000] {logging_mixin.py:188} INFO - [2026-09-09T07:33:56.277+0000] {dag.py:3954} INFO - Setting next_dagrun for data_quality to 2026-09-09 16:00:00+00:00, run_after=2026-09-10 16:00:00+00:00
[2026-09-09T07:33:56.286+0000] {logging_mixin.py:188} INFO - [2026-09-09T07:33:56.286+0000] {dag.py:3954} INFO - Setting next_dagrun for produce_json to 2026-09-09 14:00:00+00:00, run_after=2026-09-10 14:00:00+00:00
[2026-09-09T07:33:56.293+0000] {logging_mixin.py:188} INFO - [2026-09-09T07:33:56.292+0000] {dag.py:3954} INFO - Setting next_dagrun for update_db to 2026-09-09 15:00:00+00:00, run_after=2026-09-10 15:00:00+00:00
[2026-09-09T07:33:56.336+0000] {processor.py:183} INFO - Processing /opt/airflow/dags/main.py took 0.681 seconds
[2026-09-09T07:34:26.407+0000] {processor.py:161} INFO - Started process (PID=109) to work on /opt/airflow/dags/main.py
[2026-09-09T07:34:26.411+0000] {processor.py:830} INFO - Processing file /opt/airflow/dags/main.py for tasks to queue
[2026-09-09T07:34:26.415+0000] {logging_mixin.py:188} INFO - [2026-09-09T07:34:26.414+0000] {dagbag.py:545} INFO - Filling up the DagBag from /opt/airflow/dags/main.py
[2026-09-09T07:34:26.494+0000] {logging_mixin.py:188} INFO - channel id is not executed
[2026-09-09T07:34:26.625+0000] {processor.py:840} INFO - DAG(s) 'data_quality', 'produce_json', 'update_db' retrieved from /opt/airflow/dags/main.py
[2026-09-09T07:34:26.865+0000] {logging_mixin.py:188} INFO - [2026-09-09T07:34:26.865+0000] {dag.py:3096} INFO - Sync 3 DAGs
[2026-09-09T07:34:26.912+0000] {logging_mixin.py:188} INFO - [2026-09-09T07:34:26.912+0000] {dag.py:3954} INFO - Setting next_dagrun for data_quality to 2026-09-09 16:00:00+00:00, run_after=2026-09-10 16:00:00+00:00
[2026-09-09T07:34:26.921+0000] {logging_mixin.py:188} INFO - [2026-09-09T07:34:26.920+0000] {dag.py:3954} INFO - Setting next_dagrun for produce_json to 2026-09-09 14:00:00+00:00, run_after=2026-09-10 14:00:00+00:00
[2026-09-09T07:34:26.927+0000] {logging_mixin.py:188} INFO - [2026-09-09T07:34:26.927+0000] {dag.py:3954} INFO - Setting next_dagrun for update_db to 2026-09-09 15:00:00+00:00, run_after=2026-09-10 15:00:00+00:00
[2026-09-09T07:34:26.963+0000] {processor.py:183} INFO - Processing /opt/airflow/dags/main.py took 0.569 seconds
[2026-09-09T07:34:57.431+0000] {processor.py:161} INFO - Started process (PID=117) to work on /opt/airflow/dags/main.py
[2026-09-09T07:34:57.434+0000] {processor.py:830} INFO - Processing file /opt/airflow/dags/main.py for tasks to queue
[2026-09-09T07:34:57.440+0000] {logging_mixin.py:188} INFO - [2026-09-09T07:34:57.439+0000] {dagbag.py:545} INFO - Filling up the DagBag from /opt/airflow/dags/main.py
[2026-09-09T07:34:57.521+0000] {logging_mixin.py:188} INFO - channel id is not executed
[2026-09-09T07:34:57.701+0000] {processor.py:840} INFO - DAG(s) 'data_quality', 'produce_json', 'update_db' retrieved from /opt/airflow/dags/main.py
[2026-09-09T07:34:58.095+0000] {logging_mixin.py:188} INFO - [2026-09-09T07:34:58.095+0000] {dag.py:3096} INFO - Sync 3 DAGs
[2026-09-09T07:34:58.157+0000] {logging_mixin.py:188} INFO - [2026-09-09T07:34:58.156+0000] {dag.py:3954} INFO - Setting next_dagrun for data_quality to 2026-09-09 16:00:00+00:00, run_after=2026-09-10 16:00:00+00:00
[2026-09-09T07:34:58.165+0000] {logging_mixin.py:188} INFO - [2026-09-09T07:34:58.164+0000] {dag.py:3954} INFO - Setting next_dagrun for produce_json to 2026-09-09 14:00:00+00:00, run_after=2026-09-10 14:00:00+00:00
[2026-09-09T07:34:58.172+0000] {logging_mixin.py:188} INFO - [2026-09-09T07:34:58.171+0000] {dag.py:3954} INFO - Setting next_dagrun for update_db to 2026-09-09 15:00:00+00:00, run_after=2026-09-10 15:00:00+00:00
[2026-09-09T07:34:58.222+0000] {processor.py:183} INFO - Processing /opt/airflow/dags/main.py took 0.802 seconds
[2026-09-09T07:35:28.950+0000] {processor.py:161} INFO - Started process (PID=124) to work on /opt/airflow/dags/main.py
[2026-09-09T07:35:28.996+0000] {processor.py:830} INFO - Processing file /opt/airflow/dags/main.py for tasks to queue
[2026-09-09T07:35:29.254+0000] {logging_mixin.py:188} INFO - [2026-09-09T07:35:29.252+0000] {dagbag.py:545} INFO - Filling up the DagBag from /opt/airflow/dags/main.py
[2026-09-09T07:35:29.924+0000] {logging_mixin.py:188} INFO - channel id is not executed
[2026-09-09T07:35:31.604+0000] {processor.py:840} INFO - DAG(s) 'produce_json', 'update_db', 'data_quality' retrieved from /opt/airflow/dags/main.py
[2026-09-09T07:35:33.112+0000] {logging_mixin.py:188} INFO - [2026-09-09T07:35:33.111+0000] {dag.py:3096} INFO - Sync 3 DAGs
[2026-09-09T07:35:33.201+0000] {logging_mixin.py:188} INFO - [2026-09-09T07:35:33.196+0000] {dag.py:3954} INFO - Setting next_dagrun for data_quality to 2026-09-09 16:00:00+00:00, run_after=2026-09-10 16:00:00+00:00
[2026-09-09T07:35:33.220+0000] {logging_mixin.py:188} INFO - [2026-09-09T07:35:33.220+0000] {dag.py:3954} INFO - Setting next_dagrun for produce_json to 2026-09-09 14:00:00+00:00, run_after=2026-09-10 14:00:00+00:00
[2026-09-09T07:35:33.229+0000] {logging_mixin.py:188} INFO - [2026-09-09T07:35:33.228+0000] {dag.py:3954} INFO - Setting next_dagrun for update_db to 2026-09-09 15:00:00+00:00, run_after=2026-09-10 15:00:00+00:00
[2026-09-09T07:35:33.420+0000] {processor.py:183} INFO - Processing /opt/airflow/dags/main.py took 4.555 seconds
[2026-09-09T07:36:04.641+0000] {processor.py:161} INFO - Started process (PID=130) to work on /opt/airflow/dags/main.py
[2026-09-09T07:36:04.644+0000] {processor.py:830} INFO - Processing file /opt/airflow/dags/main.py for tasks to queue
[2026-09-09T07:36:04.656+0000] {logging_mixin.py:188} INFO - [2026-09-09T07:36:04.652+0000] {dagbag.py:545} INFO - Filling up the DagBag from /opt/airflow/dags/main.py
[2026-09-09T07:36:04.825+0000] {logging_mixin.py:188} INFO - channel id is not executed
[2026-09-09T07:36:05.810+0000] {processor.py:840} INFO - DAG(s) 'produce_json', 'data_quality', 'update_db' retrieved from /opt/airflow/dags/main.py
[2026-09-09T07:36:06.603+0000] {logging_mixin.py:188} INFO - [2026-09-09T07:36:06.602+0000] {dag.py:3096} INFO - Sync 3 DAGs
[2026-09-09T07:36:06.745+0000] {logging_mixin.py:188} INFO - [2026-09-09T07:36:06.743+0000] {dag.py:3954} INFO - Setting next_dagrun for data_quality to 2026-09-09 16:00:00+00:00, run_after=2026-09-10 16:00:00+00:00
[2026-09-09T07:36:06.770+0000] {logging_mixin.py:188} INFO - [2026-09-09T07:36:06.769+0000] {dag.py:3954} INFO - Setting next_dagrun for produce_json to 2026-09-09 14:00:00+00:00, run_after=2026-09-10 14:00:00+00:00
[2026-09-09T07:36:06.791+0000] {logging_mixin.py:188} INFO - [2026-09-09T07:36:06.790+0000] {dag.py:3954} INFO - Setting next_dagrun for update_db to 2026-09-09 15:00:00+00:00, run_after=2026-09-10 15:00:00+00:00
[2026-09-09T07:36:06.909+0000] {processor.py:183} INFO - Processing /opt/airflow/dags/main.py took 2.279 seconds
[2026-09-09T07:36:37.514+0000] {processor.py:161} INFO - Started process (PID=137) to work on /opt/airflow/dags/main.py
[2026-09-09T07:36:37.517+0000] {processor.py:830} INFO - Processing file /opt/airflow/dags/main.py for tasks to queue
[2026-09-09T07:36:37.531+0000] {logging_mixin.py:188} INFO - [2026-09-09T07:36:37.530+0000] {dagbag.py:545} INFO - Filling up the DagBag from /opt/airflow/dags/main.py
[2026-09-09T07:36:37.746+0000] {logging_mixin.py:188} INFO - channel id is not executed
[2026-09-09T07:36:38.262+0000] {processor.py:840} INFO - DAG(s) 'data_quality', 'produce_json', 'update_db' retrieved from /opt/airflow/dags/main.py
[2026-09-09T07:36:38.818+0000] {logging_mixin.py:188} INFO - [2026-09-09T07:36:38.817+0000] {dag.py:3096} INFO - Sync 3 DAGs
[2026-09-09T07:36:38.935+0000] {logging_mixin.py:188} INFO - [2026-09-09T07:36:38.935+0000] {dag.py:3954} INFO - Setting next_dagrun for data_quality to 2026-09-09 16:00:00+00:00, run_after=2026-09-10 16:00:00+00:00
[2026-09-09T07:36:38.963+0000] {logging_mixin.py:188} INFO - [2026-09-09T07:36:38.962+0000] {dag.py:3954} INFO - Setting next_dagrun for produce_json to 2026-09-09 14:00:00+00:00, run_after=2026-09-10 14:00:00+00:00
[2026-09-09T07:36:38.977+0000] {logging_mixin.py:188} INFO - [2026-09-09T07:36:38.977+0000] {dag.py:3954} INFO - Setting next_dagrun for update_db to 2026-09-09 15:00:00+00:00, run_after=2026-09-10 15:00:00+00:00
[2026-09-09T07:36:39.114+0000] {processor.py:183} INFO - Processing /opt/airflow/dags/main.py took 1.621 seconds
[2026-09-09T07:37:09.582+0000] {processor.py:161} INFO - Started process (PID=144) to work on /opt/airflow/dags/main.py
[2026-09-09T07:37:09.596+0000] {processor.py:830} INFO - Processing file /opt/airflow/dags/main.py for tasks to queue
[2026-09-09T07:37:09.616+0000] {logging_mixin.py:188} INFO - [2026-09-09T07:37:09.615+0000] {dagbag.py:545} INFO - Filling up the DagBag from /opt/airflow/dags/main.py
[2026-09-09T07:37:09.846+0000] {logging_mixin.py:188} INFO - channel id is not executed
[2026-09-09T07:37:10.380+0000] {processor.py:840} INFO - DAG(s) 'produce_json', 'update_db', 'data_quality' retrieved from /opt/airflow/dags/main.py
[2026-09-09T07:37:10.952+0000] {logging_mixin.py:188} INFO - [2026-09-09T07:37:10.951+0000] {dag.py:3096} INFO - Sync 3 DAGs
[2026-09-09T07:37:11.130+0000] {logging_mixin.py:188} INFO - [2026-09-09T07:37:11.130+0000] {dag.py:3954} INFO - Setting next_dagrun for data_quality to 2026-09-09 16:00:00+00:00, run_after=2026-09-10 16:00:00+00:00
[2026-09-09T07:37:11.140+0000] {logging_mixin.py:188} INFO - [2026-09-09T07:37:11.140+0000] {dag.py:3954} INFO - Setting next_dagrun for produce_json to 2026-09-09 14:00:00+00:00, run_after=2026-09-10 14:00:00+00:00
[2026-09-09T07:37:11.146+0000] {logging_mixin.py:188} INFO - [2026-09-09T07:37:11.145+0000] {dag.py:3954} INFO - Setting next_dagrun for update_db to 2026-09-09 15:00:00+00:00, run_after=2026-09-10 15:00:00+00:00
[2026-09-09T07:37:11.201+0000] {processor.py:183} INFO - Processing /opt/airflow/dags/main.py took 1.677 seconds
[2026-09-09T07:37:41.577+0000] {processor.py:161} INFO - Started process (PID=152) to work on /opt/airflow/dags/main.py
[2026-09-09T07:37:41.590+0000] {processor.py:830} INFO - Processing file /opt/airflow/dags/main.py for tasks to queue
[2026-09-09T07:37:41.596+0000] {logging_mixin.py:188} INFO - [2026-09-09T07:37:41.595+0000] {dagbag.py:545} INFO - Filling up the DagBag from /opt/airflow/dags/main.py
[2026-09-09T07:37:41.947+0000] {logging_mixin.py:188} INFO - channel id is not executed
[2026-09-09T07:37:42.337+0000] {processor.py:840} INFO - DAG(s) 'update_db', 'produce_json', 'data_quality' retrieved from /opt/airflow/dags/main.py
[2026-09-09T07:37:42.896+0000] {logging_mixin.py:188} INFO - [2026-09-09T07:37:42.895+0000] {dag.py:3096} INFO - Sync 3 DAGs
[2026-09-09T07:37:42.975+0000] {logging_mixin.py:188} INFO - [2026-09-09T07:37:42.967+0000] {dag.py:3954} INFO - Setting next_dagrun for data_quality to 2026-09-09 16:00:00+00:00, run_after=2026-09-10 16:00:00+00:00
[2026-09-09T07:37:42.985+0000] {logging_mixin.py:188} INFO - [2026-09-09T07:37:42.985+0000] {dag.py:3954} INFO - Setting next_dagrun for produce_json to 2026-09-09 14:00:00+00:00, run_after=2026-09-10 14:00:00+00:00
[2026-09-09T07:37:43.001+0000] {logging_mixin.py:188} INFO - [2026-09-09T07:37:43.001+0000] {dag.py:3954} INFO - Setting next_dagrun for update_db to 2026-09-09 15:00:00+00:00, run_after=2026-09-10 15:00:00+00:00
[2026-09-09T07:37:43.097+0000] {processor.py:183} INFO - Processing /opt/airflow/dags/main.py took 1.557 seconds
[2026-09-09T07:38:14.608+0000] {processor.py:161} INFO - Started process (PID=160) to work on /opt/airflow/dags/main.py
[2026-09-09T07:38:14.631+0000] {processor.py:830} INFO - Processing file /opt/airflow/dags/main.py for tasks to queue
[2026-09-09T07:38:14.747+0000] {logging_mixin.py:188} INFO - [2026-09-09T07:38:14.746+0000] {dagbag.py:545} INFO - Filling up the DagBag from /opt/airflow/dags/main.py
[2026-09-09T07:38:15.792+0000] {logging_mixin.py:188} INFO - channel id is not executed
[2026-09-09T07:38:17.010+0000] {processor.py:840} INFO - DAG(s) 'produce_json', 'update_db', 'data_quality' retrieved from /opt/airflow/dags/main.py
[2026-09-09T07:38:18.439+0000] {logging_mixin.py:188} INFO - [2026-09-09T07:38:18.438+0000] {dag.py:3096} INFO - Sync 3 DAGs
[2026-09-09T07:38:18.857+0000] {logging_mixin.py:188} INFO - [2026-09-09T07:38:18.856+0000] {dag.py:3954} INFO - Setting next_dagrun for data_quality to 2026-09-09 16:00:00+00:00, run_after=2026-09-10 16:00:00+00:00
[2026-09-09T07:38:18.955+0000] {logging_mixin.py:188} INFO - [2026-09-09T07:38:18.955+0000] {dag.py:3954} INFO - Setting next_dagrun for produce_json to 2026-09-09 14:00:00+00:00, run_after=2026-09-10 14:00:00+00:00
[2026-09-09T07:38:18.966+0000] {logging_mixin.py:188} INFO - [2026-09-09T07:38:18.965+0000] {dag.py:3954} INFO - Setting next_dagrun for update_db to 2026-09-09 15:00:00+00:00, run_after=2026-09-10 15:00:00+00:00
[2026-09-09T07:38:19.492+0000] {processor.py:183} INFO - Processing /opt/airflow/dags/main.py took 5.040 seconds
[2026-09-09T07:38:50.566+0000] {processor.py:161} INFO - Started process (PID=167) to work on /opt/airflow/dags/main.py
[2026-09-09T07:38:50.678+0000] {processor.py:830} INFO - Processing file /opt/airflow/dags/main.py for tasks to queue
[2026-09-09T07:38:50.815+0000] {logging_mixin.py:188} INFO - [2026-09-09T07:38:50.778+0000] {dagbag.py:545} INFO - Filling up the DagBag from /opt/airflow/dags/main.py
[2026-09-09T07:38:52.132+0000] {logging_mixin.py:188} INFO - channel id is not executed
[2026-09-09T07:38:54.543+0000] {processor.py:840} INFO - DAG(s) 'data_quality', 'update_db', 'produce_json' retrieved from /opt/airflow/dags/main.py
[2026-09-09T07:38:55.156+0000] {logging_mixin.py:188} INFO - [2026-09-09T07:38:55.156+0000] {dag.py:3096} INFO - Sync 3 DAGs
[2026-09-09T07:38:55.405+0000] {logging_mixin.py:188} INFO - [2026-09-09T07:38:55.382+0000] {dag.py:3954} INFO - Setting next_dagrun for data_quality to 2026-09-09 16:00:00+00:00, run_after=2026-09-10 16:00:00+00:00
[2026-09-09T07:38:55.459+0000] {logging_mixin.py:188} INFO - [2026-09-09T07:38:55.457+0000] {dag.py:3954} INFO - Setting next_dagrun for produce_json to 2026-09-09 14:00:00+00:00, run_after=2026-09-10 14:00:00+00:00
[2026-09-09T07:38:55.465+0000] {logging_mixin.py:188} INFO - [2026-09-09T07:38:55.465+0000] {dag.py:3954} INFO - Setting next_dagrun for update_db to 2026-09-09 15:00:00+00:00, run_after=2026-09-10 15:00:00+00:00
[2026-09-09T07:38:55.646+0000] {processor.py:183} INFO - Processing /opt/airflow/dags/main.py took 5.163 seconds
[2026-09-09T07:39:26.327+0000] {processor.py:161} INFO - Started process (PID=180) to work on /opt/airflow/dags/main.py
[2026-09-09T07:39:26.373+0000] {processor.py:830} INFO - Processing file /opt/airflow/dags/main.py for tasks to queue
[2026-09-09T07:39:26.431+0000] {logging_mixin.py:188} INFO - [2026-09-09T07:39:26.430+0000] {dagbag.py:545} INFO - Filling up the DagBag from /opt/airflow/dags/main.py
[2026-09-09T07:39:27.183+0000] {logging_mixin.py:188} INFO - channel id is not executed
[2026-09-09T07:39:30.957+0000] {processor.py:840} INFO - DAG(s) 'data_quality', 'update_db', 'produce_json' retrieved from /opt/airflow/dags/main.py
[2026-09-09T07:39:32.201+0000] {logging_mixin.py:188} INFO - [2026-09-09T07:39:32.200+0000] {dag.py:3096} INFO - Sync 3 DAGs
[2026-09-09T07:39:32.420+0000] {logging_mixin.py:188} INFO - [2026-09-09T07:39:32.420+0000] {dag.py:3954} INFO - Setting next_dagrun for data_quality to 2026-09-09 16:00:00+00:00, run_after=2026-09-10 16:00:00+00:00
[2026-09-09T07:39:32.488+0000] {logging_mixin.py:188} INFO - [2026-09-09T07:39:32.487+0000] {dag.py:3954} INFO - Setting next_dagrun for produce_json to 2026-09-09 14:00:00+00:00, run_after=2026-09-10 14:00:00+00:00
[2026-09-09T07:39:32.514+0000] {logging_mixin.py:188} INFO - [2026-09-09T07:39:32.514+0000] {dag.py:3954} INFO - Setting next_dagrun for update_db to 2026-09-09 15:00:00+00:00, run_after=2026-09-10 15:00:00+00:00
[2026-09-09T07:39:32.662+0000] {processor.py:183} INFO - Processing /opt/airflow/dags/main.py took 6.458 seconds
[2026-09-09T07:40:03.973+0000] {processor.py:161} INFO - Started process (PID=187) to work on /opt/airflow/dags/main.py
[2026-09-09T07:40:03.979+0000] {processor.py:830} INFO - Processing file /opt/airflow/dags/main.py for tasks to queue
[2026-09-09T07:40:04.004+0000] {logging_mixin.py:188} INFO - [2026-09-09T07:40:04.004+0000] {dagbag.py:545} INFO - Filling up the DagBag from /opt/airflow/dags/main.py
[2026-09-09T07:40:04.714+0000] {logging_mixin.py:188} INFO - channel id is not executed
[2026-09-09T07:40:05.563+0000] {processor.py:840} INFO - DAG(s) 'data_quality', 'produce_json', 'update_db' retrieved from /opt/airflow/dags/main.py
[2026-09-09T07:40:06.090+0000] {logging_mixin.py:188} INFO - [2026-09-09T07:40:06.089+0000] {dag.py:3096} INFO - Sync 3 DAGs
[2026-09-09T07:40:06.261+0000] {logging_mixin.py:188} INFO - [2026-09-09T07:40:06.260+0000] {dag.py:3954} INFO - Setting next_dagrun for data_quality to 2026-09-09 16:00:00+00:00, run_after=2026-09-10 16:00:00+00:00
[2026-09-09T07:40:06.287+0000] {logging_mixin.py:188} INFO - [2026-09-09T07:40:06.287+0000] {dag.py:3954} INFO - Setting next_dagrun for produce_json to 2026-09-09 14:00:00+00:00, run_after=2026-09-10 14:00:00+00:00
[2026-09-09T07:40:06.297+0000] {logging_mixin.py:188} INFO - [2026-09-09T07:40:06.296+0000] {dag.py:3954} INFO - Setting next_dagrun for update_db to 2026-09-09 15:00:00+00:00, run_after=2026-09-10 15:00:00+00:00
[2026-09-09T07:40:06.469+0000] {processor.py:183} INFO - Processing /opt/airflow/dags/main.py took 2.503 seconds
[2026-09-09T07:40:36.927+0000] {processor.py:161} INFO - Started process (PID=195) to work on /opt/airflow/dags/main.py
[2026-09-09T07:40:36.930+0000] {processor.py:830} INFO - Processing file /opt/airflow/dags/main.py for tasks to queue
[2026-09-09T07:40:36.937+0000] {logging_mixin.py:188} INFO - [2026-09-09T07:40:36.936+0000] {dagbag.py:545} INFO - Filling up the DagBag from /opt/airflow/dags/main.py
[2026-09-09T07:40:37.003+0000] {logging_mixin.py:188} INFO - channel id is not executed
[2026-09-09T07:40:37.149+0000] {processor.py:840} INFO - DAG(s) 'produce_json', 'update_db', 'data_quality' retrieved from /opt/airflow/dags/main.py
[2026-09-09T07:40:37.426+0000] {logging_mixin.py:188} INFO - [2026-09-09T07:40:37.426+0000] {dag.py:3096} INFO - Sync 3 DAGs
[2026-09-09T07:40:37.465+0000] {logging_mixin.py:188} INFO - [2026-09-09T07:40:37.464+0000] {dag.py:3954} INFO - Setting next_dagrun for data_quality to 2026-09-09 16:00:00+00:00, run_after=2026-09-10 16:00:00+00:00
[2026-09-09T07:40:37.473+0000] {logging_mixin.py:188} INFO - [2026-09-09T07:40:37.473+0000] {dag.py:3954} INFO - Setting next_dagrun for produce_json to 2026-09-09 14:00:00+00:00, run_after=2026-09-10 14:00:00+00:00
[2026-09-09T07:40:37.480+0000] {logging_mixin.py:188} INFO - [2026-09-09T07:40:37.479+0000] {dag.py:3954} INFO - Setting next_dagrun for update_db to 2026-09-09 15:00:00+00:00, run_after=2026-09-10 15:00:00+00:00
[2026-09-09T07:40:37.541+0000] {processor.py:183} INFO - Processing /opt/airflow/dags/main.py took 0.624 seconds
[2026-09-09T07:41:07.651+0000] {processor.py:161} INFO - Started process (PID=201) to work on /opt/airflow/dags/main.py
[2026-09-09T07:41:07.653+0000] {processor.py:830} INFO - Processing file /opt/airflow/dags/main.py for tasks to queue
[2026-09-09T07:41:07.658+0000] {logging_mixin.py:188} INFO - [2026-09-09T07:41:07.657+0000] {dagbag.py:545} INFO - Filling up the DagBag from /opt/airflow/dags/main.py
[2026-09-09T07:41:07.734+0000] {logging_mixin.py:188} INFO - channel id is not executed
[2026-09-09T07:41:07.880+0000] {processor.py:840} INFO - DAG(s) 'produce_json', 'update_db', 'data_quality' retrieved from /opt/airflow/dags/main.py
[2026-09-09T07:41:08.183+0000] {logging_mixin.py:188} INFO - [2026-09-09T07:41:08.183+0000] {dag.py:3096} INFO - Sync 3 DAGs
[2026-09-09T07:41:08.241+0000] {logging_mixin.py:188} INFO - [2026-09-09T07:41:08.240+0000] {dag.py:3954} INFO - Setting next_dagrun for data_quality to 2026-09-09 16:00:00+00:00, run_after=2026-09-10 16:00:00+00:00
[2026-09-09T07:41:08.249+0000] {logging_mixin.py:188} INFO - [2026-09-09T07:41:08.249+0000] {dag.py:3954} INFO - Setting next_dagrun for produce_json to 2026-09-09 14:00:00+00:00, run_after=2026-09-10 14:00:00+00:00
[2026-09-09T07:41:08.263+0000] {logging_mixin.py:188} INFO - [2026-09-09T07:41:08.263+0000] {dag.py:3954} INFO - Setting next_dagrun for update_db to 2026-09-09 15:00:00+00:00, run_after=2026-09-10 15:00:00+00:00
[2026-09-09T07:41:08.304+0000] {processor.py:183} INFO - Processing /opt/airflow/dags/main.py took 0.662 seconds
[2026-09-09T07:41:39.254+0000] {processor.py:161} INFO - Started process (PID=208) to work on /opt/airflow/dags/main.py
[2026-09-09T07:41:39.257+0000] {processor.py:830} INFO - Processing file /opt/airflow/dags/main.py for tasks to queue
[2026-09-09T07:41:39.263+0000] {logging_mixin.py:188} INFO - [2026-09-09T07:41:39.262+0000] {dagbag.py:545} INFO - Filling up the DagBag from /opt/airflow/dags/main.py
[2026-09-09T07:41:39.337+0000] {logging_mixin.py:188} INFO - channel id is not executed
[2026-09-09T07:41:39.546+0000] {processor.py:840} INFO - DAG(s) 'produce_json', 'data_quality', 'update_db' retrieved from /opt/airflow/dags/main.py
[2026-09-09T07:41:39.841+0000] {logging_mixin.py:188} INFO - [2026-09-09T07:41:39.840+0000] {dag.py:3096} INFO - Sync 3 DAGs
[2026-09-09T07:41:39.911+0000] {logging_mixin.py:188} INFO - [2026-09-09T07:41:39.910+0000] {dag.py:3954} INFO - Setting next_dagrun for data_quality to 2026-09-09 16:00:00+00:00, run_after=2026-09-10 16:00:00+00:00
[2026-09-09T07:41:39.920+0000] {logging_mixin.py:188} INFO - [2026-09-09T07:41:39.919+0000] {dag.py:3954} INFO - Setting next_dagrun for produce_json to 2026-09-09 14:00:00+00:00, run_after=2026-09-10 14:00:00+00:00
[2026-09-09T07:41:39.926+0000] {logging_mixin.py:188} INFO - [2026-09-09T07:41:39.925+0000] {dag.py:3954} INFO - Setting next_dagrun for update_db to 2026-09-09 15:00:00+00:00, run_after=2026-09-10 15:00:00+00:00
[2026-09-09T07:41:39.973+0000] {processor.py:183} INFO - Processing /opt/airflow/dags/main.py took 0.728 seconds
[2026-09-09T07:42:10.361+0000] {processor.py:161} INFO - Started process (PID=215) to work on /opt/airflow/dags/main.py
[2026-09-09T07:42:10.365+0000] {processor.py:830} INFO - Processing file /opt/airflow/dags/main.py for tasks to queue
[2026-09-09T07:42:10.373+0000] {logging_mixin.py:188} INFO - [2026-09-09T07:42:10.372+0000] {dagbag.py:545} INFO - Filling up the DagBag from /opt/airflow/dags/main.py
[2026-09-09T07:42:10.477+0000] {logging_mixin.py:188} INFO - channel id is not executed
[2026-09-09T07:42:10.607+0000] {processor.py:840} INFO - DAG(s) 'data_quality', 'update_db', 'produce_json' retrieved from /opt/airflow/dags/main.py
[2026-09-09T07:42:10.903+0000] {logging_mixin.py:188} INFO - [2026-09-09T07:42:10.902+0000] {dag.py:3096} INFO - Sync 3 DAGs
[2026-09-09T07:42:10.940+0000] {logging_mixin.py:188} INFO - [2026-09-09T07:42:10.940+0000] {dag.py:3954} INFO - Setting next_dagrun for data_quality to 2026-09-09 16:00:00+00:00, run_after=2026-09-10 16:00:00+00:00
[2026-09-09T07:42:10.949+0000] {logging_mixin.py:188} INFO - [2026-09-09T07:42:10.949+0000] {dag.py:3954} INFO - Setting next_dagrun for produce_json to 2026-09-09 14:00:00+00:00, run_after=2026-09-10 14:00:00+00:00
[2026-09-09T07:42:10.955+0000] {logging_mixin.py:188} INFO - [2026-09-09T07:42:10.955+0000] {dag.py:3954} INFO - Setting next_dagrun for update_db to 2026-09-09 15:00:00+00:00, run_after=2026-09-10 15:00:00+00:00
[2026-09-09T07:42:10.995+0000] {processor.py:183} INFO - Processing /opt/airflow/dags/main.py took 0.649 seconds
[2026-09-09T07:42:41.415+0000] {processor.py:161} INFO - Started process (PID=222) to work on /opt/airflow/dags/main.py
[2026-09-09T07:42:41.423+0000] {processor.py:830} INFO - Processing file /opt/airflow/dags/main.py for tasks to queue
[2026-09-09T07:42:41.435+0000] {logging_mixin.py:188} INFO - [2026-09-09T07:42:41.434+0000] {dagbag.py:545} INFO - Filling up the DagBag from /opt/airflow/dags/main.py
[2026-09-09T07:42:41.563+0000] {logging_mixin.py:188} INFO - channel id is not executed
[2026-09-09T07:42:41.760+0000] {processor.py:840} INFO - DAG(s) 'data_quality', 'update_db', 'produce_json' retrieved from /opt/airflow/dags/main.py
[2026-09-09T07:42:42.312+0000] {logging_mixin.py:188} INFO - [2026-09-09T07:42:42.312+0000] {dag.py:3096} INFO - Sync 3 DAGs
[2026-09-09T07:42:42.414+0000] {logging_mixin.py:188} INFO - [2026-09-09T07:42:42.414+0000] {dag.py:3954} INFO - Setting next_dagrun for data_quality to 2026-09-09 16:00:00+00:00, run_after=2026-09-10 16:00:00+00:00
[2026-09-09T07:42:42.452+0000] {logging_mixin.py:188} INFO - [2026-09-09T07:42:42.452+0000] {dag.py:3954} INFO - Setting next_dagrun for produce_json to 2026-09-09 14:00:00+00:00, run_after=2026-09-10 14:00:00+00:00
[2026-09-09T07:42:42.470+0000] {logging_mixin.py:188} INFO - [2026-09-09T07:42:42.469+0000] {dag.py:3954} INFO - Setting next_dagrun for update_db to 2026-09-09 15:00:00+00:00, run_after=2026-09-10 15:00:00+00:00
[2026-09-09T07:42:42.543+0000] {processor.py:183} INFO - Processing /opt/airflow/dags/main.py took 1.154 seconds
[2026-09-09T07:43:12.704+0000] {processor.py:161} INFO - Started process (PID=229) to work on /opt/airflow/dags/main.py
[2026-09-09T07:43:12.709+0000] {processor.py:830} INFO - Processing file /opt/airflow/dags/main.py for tasks to queue
[2026-09-09T07:43:12.714+0000] {logging_mixin.py:188} INFO - [2026-09-09T07:43:12.713+0000] {dagbag.py:545} INFO - Filling up the DagBag from /opt/airflow/dags/main.py
[2026-09-09T07:43:12.861+0000] {logging_mixin.py:188} INFO - channel id is not executed
[2026-09-09T07:43:12.986+0000] {processor.py:840} INFO - DAG(s) 'produce_json', 'data_quality', 'update_db' retrieved from /opt/airflow/dags/main.py
[2026-09-09T07:43:13.375+0000] {logging_mixin.py:188} INFO - [2026-09-09T07:43:13.375+0000] {dag.py:3096} INFO - Sync 3 DAGs
[2026-09-09T07:43:13.410+0000] {logging_mixin.py:188} INFO - [2026-09-09T07:43:13.410+0000] {dag.py:3954} INFO - Setting next_dagrun for data_quality to 2026-09-09 16:00:00+00:00, run_after=2026-09-10 16:00:00+00:00
[2026-09-09T07:43:13.421+0000] {logging_mixin.py:188} INFO - [2026-09-09T07:43:13.420+0000] {dag.py:3954} INFO - Setting next_dagrun for produce_json to 2026-09-09 14:00:00+00:00, run_after=2026-09-10 14:00:00+00:00
[2026-09-09T07:43:13.428+0000] {logging_mixin.py:188} INFO - [2026-09-09T07:43:13.427+0000] {dag.py:3954} INFO - Setting next_dagrun for update_db to 2026-09-09 15:00:00+00:00, run_after=2026-09-10 15:00:00+00:00
[2026-09-09T07:43:13.469+0000] {processor.py:183} INFO - Processing /opt/airflow/dags/main.py took 0.779 seconds
[2026-09-09T07:43:43.533+0000] {processor.py:161} INFO - Started process (PID=236) to work on /opt/airflow/dags/main.py
[2026-09-09T07:43:43.535+0000] {processor.py:830} INFO - Processing file /opt/airflow/dags/main.py for tasks to queue
[2026-09-09T07:43:43.540+0000] {logging_mixin.py:188} INFO - [2026-09-09T07:43:43.539+0000] {dagbag.py:545} INFO - Filling up the DagBag from /opt/airflow/dags/main.py
[2026-09-09T07:43:43.608+0000] {logging_mixin.py:188} INFO - channel id is not executed
[2026-09-09T07:43:43.831+0000] {processor.py:840} INFO - DAG(s) 'data_quality', 'produce_json', 'update_db' retrieved from /opt/airflow/dags/main.py
[2026-09-09T07:43:44.078+0000] {logging_mixin.py:188} INFO - [2026-09-09T07:43:44.077+0000] {dag.py:3096} INFO - Sync 3 DAGs
[2026-09-09T07:43:44.119+0000] {logging_mixin.py:188} INFO - [2026-09-09T07:43:44.119+0000] {dag.py:3954} INFO - Setting next_dagrun for data_quality to 2026-09-09 16:00:00+00:00, run_after=2026-09-10 16:00:00+00:00
[2026-09-09T07:43:44.129+0000] {logging_mixin.py:188} INFO - [2026-09-09T07:43:44.129+0000] {dag.py:3954} INFO - Setting next_dagrun for produce_json to 2026-09-09 14:00:00+00:00, run_after=2026-09-10 14:00:00+00:00
[2026-09-09T07:43:44.136+0000] {logging_mixin.py:188} INFO - [2026-09-09T07:43:44.135+0000] {dag.py:3954} INFO - Setting next_dagrun for update_db to 2026-09-09 15:00:00+00:00, run_after=2026-09-10 15:00:00+00:00
[2026-09-09T07:43:44.188+0000] {processor.py:183} INFO - Processing /opt/airflow/dags/main.py took 0.667 seconds
[2026-09-09T07:44:14.605+0000] {processor.py:161} INFO - Started process (PID=243) to work on /opt/airflow/dags/main.py
[2026-09-09T07:44:14.607+0000] {processor.py:830} INFO - Processing file /opt/airflow/dags/main.py for tasks to queue
[2026-09-09T07:44:14.611+0000] {logging_mixin.py:188} INFO - [2026-09-09T07:44:14.611+0000] {dagbag.py:545} INFO - Filling up the DagBag from /opt/airflow/dags/main.py
[2026-09-09T07:44:14.691+0000] {logging_mixin.py:188} INFO - channel id is not executed
[2026-09-09T07:44:14.821+0000] {processor.py:840} INFO - DAG(s) 'data_quality', 'update_db', 'produce_json' retrieved from /opt/airflow/dags/main.py
[2026-09-09T07:44:15.062+0000] {logging_mixin.py:188} INFO - [2026-09-09T07:44:15.062+0000] {dag.py:3096} INFO - Sync 3 DAGs
[2026-09-09T07:44:15.102+0000] {logging_mixin.py:188} INFO - [2026-09-09T07:44:15.101+0000] {dag.py:3954} INFO - Setting next_dagrun for data_quality to 2026-09-09 16:00:00+00:00, run_after=2026-09-10 16:00:00+00:00
[2026-09-09T07:44:15.114+0000] {logging_mixin.py:188} INFO - [2026-09-09T07:44:15.113+0000] {dag.py:3954} INFO - Setting next_dagrun for produce_json to 2026-09-09 14:00:00+00:00, run_after=2026-09-10 14:00:00+00:00
[2026-09-09T07:44:15.122+0000] {logging_mixin.py:188} INFO - [2026-09-09T07:44:15.121+0000] {dag.py:3954} INFO - Setting next_dagrun for update_db to 2026-09-09 15:00:00+00:00, run_after=2026-09-10 15:00:00+00:00
[2026-09-09T07:44:15.160+0000] {processor.py:183} INFO - Processing /opt/airflow/dags/main.py took 0.564 seconds
[2026-09-09T07:44:45.411+0000] {processor.py:161} INFO - Started process (PID=250) to work on /opt/airflow/dags/main.py
[2026-09-09T07:44:45.413+0000] {processor.py:830} INFO - Processing file /opt/airflow/dags/main.py for tasks to queue
[2026-09-09T07:44:45.434+0000] {logging_mixin.py:188} INFO - [2026-09-09T07:44:45.433+0000] {dagbag.py:545} INFO - Filling up the DagBag from /opt/airflow/dags/main.py
[2026-09-09T07:44:45.506+0000] {logging_mixin.py:188} INFO - channel id is not executed
[2026-09-09T07:44:45.725+0000] {processor.py:840} INFO - DAG(s) 'produce_json', 'data_quality', 'update_db' retrieved from /opt/airflow/dags/main.py
[2026-09-09T07:44:46.065+0000] {logging_mixin.py:188} INFO - [2026-09-09T07:44:46.065+0000] {dag.py:3096} INFO - Sync 3 DAGs
[2026-09-09T07:44:46.110+0000] {logging_mixin.py:188} INFO - [2026-09-09T07:44:46.109+0000] {dag.py:3954} INFO - Setting next_dagrun for data_quality to 2026-09-09 16:00:00+00:00, run_after=2026-09-10 16:00:00+00:00
[2026-09-09T07:44:46.118+0000] {logging_mixin.py:188} INFO - [2026-09-09T07:44:46.117+0000] {dag.py:3954} INFO - Setting next_dagrun for produce_json to 2026-09-09 14:00:00+00:00, run_after=2026-09-10 14:00:00+00:00
[2026-09-09T07:44:46.123+0000] {logging_mixin.py:188} INFO - [2026-09-09T07:44:46.123+0000] {dag.py:3954} INFO - Setting next_dagrun for update_db to 2026-09-09 15:00:00+00:00, run_after=2026-09-10 15:00:00+00:00
[2026-09-09T07:44:46.179+0000] {processor.py:183} INFO - Processing /opt/airflow/dags/main.py took 0.778 seconds
[2026-09-09T07:45:16.516+0000] {processor.py:161} INFO - Started process (PID=257) to work on /opt/airflow/dags/main.py
[2026-09-09T07:45:16.519+0000] {processor.py:830} INFO - Processing file /opt/airflow/dags/main.py for tasks to queue
[2026-09-09T07:45:16.524+0000] {logging_mixin.py:188} INFO - [2026-09-09T07:45:16.523+0000] {dagbag.py:545} INFO - Filling up the DagBag from /opt/airflow/dags/main.py
[2026-09-09T07:45:16.595+0000] {logging_mixin.py:188} INFO - channel id is not executed
[2026-09-09T07:45:16.724+0000] {processor.py:840} INFO - DAG(s) 'produce_json', 'data_quality', 'update_db' retrieved from /opt/airflow/dags/main.py
[2026-09-09T07:45:17.091+0000] {logging_mixin.py:188} INFO - [2026-09-09T07:45:17.091+0000] {dag.py:3096} INFO - Sync 3 DAGs
[2026-09-09T07:45:17.145+0000] {logging_mixin.py:188} INFO - [2026-09-09T07:45:17.145+0000] {dag.py:3954} INFO - Setting next_dagrun for data_quality to 2026-09-09 16:00:00+00:00, run_after=2026-09-10 16:00:00+00:00
[2026-09-09T07:45:17.154+0000] {logging_mixin.py:188} INFO - [2026-09-09T07:45:17.154+0000] {dag.py:3954} INFO - Setting next_dagrun for produce_json to 2026-09-09 14:00:00+00:00, run_after=2026-09-10 14:00:00+00:00
[2026-09-09T07:45:17.160+0000] {logging_mixin.py:188} INFO - [2026-09-09T07:45:17.159+0000] {dag.py:3954} INFO - Setting next_dagrun for update_db to 2026-09-09 15:00:00+00:00, run_after=2026-09-10 15:00:00+00:00
[2026-09-09T07:45:17.194+0000] {processor.py:183} INFO - Processing /opt/airflow/dags/main.py took 0.689 seconds
[2026-09-09T07:45:47.482+0000] {processor.py:161} INFO - Started process (PID=264) to work on /opt/airflow/dags/main.py
[2026-09-09T07:45:47.484+0000] {processor.py:830} INFO - Processing file /opt/airflow/dags/main.py for tasks to queue
[2026-09-09T07:45:47.490+0000] {logging_mixin.py:188} INFO - [2026-09-09T07:45:47.489+0000] {dagbag.py:545} INFO - Filling up the DagBag from /opt/airflow/dags/main.py
[2026-09-09T07:45:47.595+0000] {logging_mixin.py:188} INFO - channel id is not executed
[2026-09-09T07:45:47.739+0000] {processor.py:840} INFO - DAG(s) 'update_db', 'produce_json', 'data_quality' retrieved from /opt/airflow/dags/main.py
[2026-09-09T07:45:47.974+0000] {logging_mixin.py:188} INFO - [2026-09-09T07:45:47.973+0000] {dag.py:3096} INFO - Sync 3 DAGs
[2026-09-09T07:45:48.012+0000] {logging_mixin.py:188} INFO - [2026-09-09T07:45:48.012+0000] {dag.py:3954} INFO - Setting next_dagrun for data_quality to 2026-09-09 16:00:00+00:00, run_after=2026-09-10 16:00:00+00:00
[2026-09-09T07:45:48.020+0000] {logging_mixin.py:188} INFO - [2026-09-09T07:45:48.019+0000] {dag.py:3954} INFO - Setting next_dagrun for produce_json to 2026-09-09 14:00:00+00:00, run_after=2026-09-10 14:00:00+00:00
[2026-09-09T07:45:48.025+0000] {logging_mixin.py:188} INFO - [2026-09-09T07:45:48.025+0000] {dag.py:3954} INFO - Setting next_dagrun for update_db to 2026-09-09 15:00:00+00:00, run_after=2026-09-10 15:00:00+00:00
[2026-09-09T07:45:48.069+0000] {processor.py:183} INFO - Processing /opt/airflow/dags/main.py took 0.596 seconds
[2026-09-09T07:46:18.410+0000] {processor.py:161} INFO - Started process (PID=271) to work on /opt/airflow/dags/main.py
[2026-09-09T07:46:18.413+0000] {processor.py:830} INFO - Processing file /opt/airflow/dags/main.py for tasks to queue
[2026-09-09T07:46:18.418+0000] {logging_mixin.py:188} INFO - [2026-09-09T07:46:18.417+0000] {dagbag.py:545} INFO - Filling up the DagBag from /opt/airflow/dags/main.py
[2026-09-09T07:46:18.494+0000] {logging_mixin.py:188} INFO - channel id is not executed
[2026-09-09T07:46:18.642+0000] {processor.py:840} INFO - DAG(s) 'produce_json', 'update_db', 'data_quality' retrieved from /opt/airflow/dags/main.py
[2026-09-09T07:46:19.013+0000] {logging_mixin.py:188} INFO - [2026-09-09T07:46:19.013+0000] {dag.py:3096} INFO - Sync 3 DAGs
[2026-09-09T07:46:19.067+0000] {logging_mixin.py:188} INFO - [2026-09-09T07:46:19.067+0000] {dag.py:3954} INFO - Setting next_dagrun for data_quality to 2026-09-09 16:00:00+00:00, run_after=2026-09-10 16:00:00+00:00
[2026-09-09T07:46:19.076+0000] {logging_mixin.py:188} INFO - [2026-09-09T07:46:19.075+0000] {dag.py:3954} INFO - Setting next_dagrun for produce_json to 2026-09-09 14:00:00+00:00, run_after=2026-09-10 14:00:00+00:00
[2026-09-09T07:46:19.082+0000] {logging_mixin.py:188} INFO - [2026-09-09T07:46:19.082+0000] {dag.py:3954} INFO - Setting next_dagrun for update_db to 2026-09-09 15:00:00+00:00, run_after=2026-09-10 15:00:00+00:00
[2026-09-09T07:46:19.122+0000] {processor.py:183} INFO - Processing /opt/airflow/dags/main.py took 0.723 seconds
[2026-09-09T07:46:49.816+0000] {processor.py:161} INFO - Started process (PID=278) to work on /opt/airflow/dags/main.py
[2026-09-09T07:46:49.818+0000] {processor.py:830} INFO - Processing file /opt/airflow/dags/main.py for tasks to queue
[2026-09-09T07:46:49.823+0000] {logging_mixin.py:188} INFO - [2026-09-09T07:46:49.822+0000] {dagbag.py:545} INFO - Filling up the DagBag from /opt/airflow/dags/main.py
[2026-09-09T07:46:49.900+0000] {logging_mixin.py:188} INFO - channel id is not executed
[2026-09-09T07:46:50.042+0000] {processor.py:840} INFO - DAG(s) 'produce_json', 'update_db', 'data_quality' retrieved from /opt/airflow/dags/main.py
[2026-09-09T07:46:50.251+0000] {logging_mixin.py:188} INFO - [2026-09-09T07:46:50.250+0000] {dag.py:3096} INFO - Sync 3 DAGs
[2026-09-09T07:46:50.287+0000] {logging_mixin.py:188} INFO - [2026-09-09T07:46:50.287+0000] {dag.py:3954} INFO - Setting next_dagrun for data_quality to 2026-09-09 16:00:00+00:00, run_after=2026-09-10 16:00:00+00:00
[2026-09-09T07:46:50.295+0000] {logging_mixin.py:188} INFO - [2026-09-09T07:46:50.295+0000] {dag.py:3954} INFO - Setting next_dagrun for produce_json to 2026-09-09 14:00:00+00:00, run_after=2026-09-10 14:00:00+00:00
[2026-09-09T07:46:50.302+0000] {logging_mixin.py:188} INFO - [2026-09-09T07:46:50.301+0000] {dag.py:3954} INFO - Setting next_dagrun for update_db to 2026-09-09 15:00:00+00:00, run_after=2026-09-10 15:00:00+00:00
[2026-09-09T07:46:50.343+0000] {processor.py:183} INFO - Processing /opt/airflow/dags/main.py took 0.534 seconds
[2026-09-09T07:47:20.682+0000] {processor.py:161} INFO - Started process (PID=286) to work on /opt/airflow/dags/main.py
[2026-09-09T07:47:20.698+0000] {processor.py:830} INFO - Processing file /opt/airflow/dags/main.py for tasks to queue
[2026-09-09T07:47:20.704+0000] {logging_mixin.py:188} INFO - [2026-09-09T07:47:20.703+0000] {dagbag.py:545} INFO - Filling up the DagBag from /opt/airflow/dags/main.py
[2026-09-09T07:47:20.787+0000] {logging_mixin.py:188} INFO - channel id is not executed
[2026-09-09T07:47:20.954+0000] {processor.py:840} INFO - DAG(s) 'produce_json', 'update_db', 'data_quality' retrieved from /opt/airflow/dags/main.py
[2026-09-09T07:47:21.187+0000] {logging_mixin.py:188} INFO - [2026-09-09T07:47:21.187+0000] {dag.py:3096} INFO - Sync 3 DAGs
[2026-09-09T07:47:21.225+0000] {logging_mixin.py:188} INFO - [2026-09-09T07:47:21.225+0000] {dag.py:3954} INFO - Setting next_dagrun for data_quality to 2026-09-09 16:00:00+00:00, run_after=2026-09-10 16:00:00+00:00
[2026-09-09T07:47:21.234+0000] {logging_mixin.py:188} INFO - [2026-09-09T07:47:21.233+0000] {dag.py:3954} INFO - Setting next_dagrun for produce_json to 2026-09-09 14:00:00+00:00, run_after=2026-09-10 14:00:00+00:00
[2026-09-09T07:47:21.240+0000] {logging_mixin.py:188} INFO - [2026-09-09T07:47:21.239+0000] {dag.py:3954} INFO - Setting next_dagrun for update_db to 2026-09-09 15:00:00+00:00, run_after=2026-09-10 15:00:00+00:00
[2026-09-09T07:47:21.294+0000] {processor.py:183} INFO - Processing /opt/airflow/dags/main.py took 0.624 seconds
[2026-09-09T07:47:51.416+0000] {processor.py:161} INFO - Started process (PID=292) to work on /opt/airflow/dags/main.py
[2026-09-09T07:47:51.418+0000] {processor.py:830} INFO - Processing file /opt/airflow/dags/main.py for tasks to queue
[2026-09-09T07:47:51.422+0000] {logging_mixin.py:188} INFO - [2026-09-09T07:47:51.422+0000] {dagbag.py:545} INFO - Filling up the DagBag from /opt/airflow/dags/main.py
[2026-09-09T07:47:51.527+0000] {logging_mixin.py:188} INFO - channel id is not executed
[2026-09-09T07:47:51.680+0000] {processor.py:840} INFO - DAG(s) 'update_db', 'data_quality', 'produce_json' retrieved from /opt/airflow/dags/main.py
[2026-09-09T07:47:51.917+0000] {logging_mixin.py:188} INFO - [2026-09-09T07:47:51.917+0000] {dag.py:3096} INFO - Sync 3 DAGs
[2026-09-09T07:47:51.959+0000] {logging_mixin.py:188} INFO - [2026-09-09T07:47:51.959+0000] {dag.py:3954} INFO - Setting next_dagrun for data_quality to 2026-09-09 16:00:00+00:00, run_after=2026-09-10 16:00:00+00:00
[2026-09-09T07:47:51.969+0000] {logging_mixin.py:188} INFO - [2026-09-09T07:47:51.968+0000] {dag.py:3954} INFO - Setting next_dagrun for produce_json to 2026-09-09 14:00:00+00:00, run_after=2026-09-10 14:00:00+00:00
[2026-09-09T07:47:51.976+0000] {logging_mixin.py:188} INFO - [2026-09-09T07:47:51.976+0000] {dag.py:3954} INFO - Setting next_dagrun for update_db to 2026-09-09 15:00:00+00:00, run_after=2026-09-10 15:00:00+00:00
[2026-09-09T07:47:52.028+0000] {processor.py:183} INFO - Processing /opt/airflow/dags/main.py took 0.621 seconds
[2026-09-09T07:48:22.442+0000] {processor.py:161} INFO - Started process (PID=299) to work on /opt/airflow/dags/main.py
[2026-09-09T07:48:22.444+0000] {processor.py:830} INFO - Processing file /opt/airflow/dags/main.py for tasks to queue
[2026-09-09T07:48:22.449+0000] {logging_mixin.py:188} INFO - [2026-09-09T07:48:22.448+0000] {dagbag.py:545} INFO - Filling up the DagBag from /opt/airflow/dags/main.py
[2026-09-09T07:48:22.527+0000] {logging_mixin.py:188} INFO - channel id is not executed
[2026-09-09T07:48:22.649+0000] {processor.py:840} INFO - DAG(s) 'data_quality', 'produce_json', 'update_db' retrieved from /opt/airflow/dags/main.py
[2026-09-09T07:48:22.870+0000] {logging_mixin.py:188} INFO - [2026-09-09T07:48:22.869+0000] {dag.py:3096} INFO - Sync 3 DAGs
[2026-09-09T07:48:22.905+0000] {logging_mixin.py:188} INFO - [2026-09-09T07:48:22.905+0000] {dag.py:3954} INFO - Setting next_dagrun for data_quality to 2026-09-09 16:00:00+00:00, run_after=2026-09-10 16:00:00+00:00
[2026-09-09T07:48:22.914+0000] {logging_mixin.py:188} INFO - [2026-09-09T07:48:22.913+0000] {dag.py:3954} INFO - Setting next_dagrun for produce_json to 2026-09-09 14:00:00+00:00, run_after=2026-09-10 14:00:00+00:00
[2026-09-09T07:48:22.919+0000] {logging_mixin.py:188} INFO - [2026-09-09T07:48:22.919+0000] {dag.py:3954} INFO - Setting next_dagrun for update_db to 2026-09-09 15:00:00+00:00, run_after=2026-09-10 15:00:00+00:00
[2026-09-09T07:48:22.971+0000] {processor.py:183} INFO - Processing /opt/airflow/dags/main.py took 0.538 seconds
[2026-09-09T07:48:53.222+0000] {processor.py:161} INFO - Started process (PID=306) to work on /opt/airflow/dags/main.py
[2026-09-09T07:48:53.224+0000] {processor.py:830} INFO - Processing file /opt/airflow/dags/main.py for tasks to queue
[2026-09-09T07:48:53.229+0000] {logging_mixin.py:188} INFO - [2026-09-09T07:48:53.229+0000] {dagbag.py:545} INFO - Filling up the DagBag from /opt/airflow/dags/main.py
[2026-09-09T07:48:53.304+0000] {logging_mixin.py:188} INFO - channel id is not executed
[2026-09-09T07:48:53.449+0000] {processor.py:840} INFO - DAG(s) 'data_quality', 'update_db', 'produce_json' retrieved from /opt/airflow/dags/main.py
[2026-09-09T07:48:53.674+0000] {logging_mixin.py:188} INFO - [2026-09-09T07:48:53.674+0000] {dag.py:3096} INFO - Sync 3 DAGs
[2026-09-09T07:48:53.712+0000] {logging_mixin.py:188} INFO - [2026-09-09T07:48:53.711+0000] {dag.py:3954} INFO - Setting next_dagrun for data_quality to 2026-09-09 16:00:00+00:00, run_after=2026-09-10 16:00:00+00:00
[2026-09-09T07:48:53.722+0000] {logging_mixin.py:188} INFO - [2026-09-09T07:48:53.722+0000] {dag.py:3954} INFO - Setting next_dagrun for produce_json to 2026-09-09 14:00:00+00:00, run_after=2026-09-10 14:00:00+00:00
[2026-09-09T07:48:53.729+0000] {logging_mixin.py:188} INFO - [2026-09-09T07:48:53.728+0000] {dag.py:3954} INFO - Setting next_dagrun for update_db to 2026-09-09 15:00:00+00:00, run_after=2026-09-10 15:00:00+00:00
[2026-09-09T07:48:53.782+0000] {processor.py:183} INFO - Processing /opt/airflow/dags/main.py took 0.569 seconds
[2026-09-09T07:49:24.093+0000] {processor.py:161} INFO - Started process (PID=313) to work on /opt/airflow/dags/main.py
[2026-09-09T07:49:24.096+0000] {processor.py:830} INFO - Processing file /opt/airflow/dags/main.py for tasks to queue
[2026-09-09T07:49:24.100+0000] {logging_mixin.py:188} INFO - [2026-09-09T07:49:24.100+0000] {dagbag.py:545} INFO - Filling up the DagBag from /opt/airflow/dags/main.py
[2026-09-09T07:49:24.173+0000] {logging_mixin.py:188} INFO - channel id is not executed
[2026-09-09T07:49:24.304+0000] {processor.py:840} INFO - DAG(s) 'produce_json', 'update_db', 'data_quality' retrieved from /opt/airflow/dags/main.py
[2026-09-09T07:49:24.545+0000] {logging_mixin.py:188} INFO - [2026-09-09T07:49:24.545+0000] {dag.py:3096} INFO - Sync 3 DAGs
[2026-09-09T07:49:24.582+0000] {logging_mixin.py:188} INFO - [2026-09-09T07:49:24.582+0000] {dag.py:3954} INFO - Setting next_dagrun for data_quality to 2026-09-09 16:00:00+00:00, run_after=2026-09-10 16:00:00+00:00
[2026-09-09T07:49:24.590+0000] {logging_mixin.py:188} INFO - [2026-09-09T07:49:24.590+0000] {dag.py:3954} INFO - Setting next_dagrun for produce_json to 2026-09-09 14:00:00+00:00, run_after=2026-09-10 14:00:00+00:00
[2026-09-09T07:49:24.596+0000] {logging_mixin.py:188} INFO - [2026-09-09T07:49:24.595+0000] {dag.py:3954} INFO - Setting next_dagrun for update_db to 2026-09-09 15:00:00+00:00, run_after=2026-09-10 15:00:00+00:00
[2026-09-09T07:49:24.634+0000] {processor.py:183} INFO - Processing /opt/airflow/dags/main.py took 0.552 seconds
[2026-09-09T07:49:54.900+0000] {processor.py:161} INFO - Started process (PID=319) to work on /opt/airflow/dags/main.py
[2026-09-09T07:49:54.903+0000] {processor.py:830} INFO - Processing file /opt/airflow/dags/main.py for tasks to queue
[2026-09-09T07:49:54.912+0000] {logging_mixin.py:188} INFO - [2026-09-09T07:49:54.911+0000] {dagbag.py:545} INFO - Filling up the DagBag from /opt/airflow/dags/main.py
[2026-09-09T07:49:55.028+0000] {logging_mixin.py:188} INFO - channel id is not executed
[2026-09-09T07:49:55.154+0000] {processor.py:840} INFO - DAG(s) 'data_quality', 'update_db', 'produce_json' retrieved from /opt/airflow/dags/main.py
[2026-09-09T07:49:55.843+0000] {logging_mixin.py:188} INFO - [2026-09-09T07:49:55.842+0000] {dag.py:3096} INFO - Sync 3 DAGs
[2026-09-09T07:49:56.061+0000] {logging_mixin.py:188} INFO - [2026-09-09T07:49:56.061+0000] {dag.py:3954} INFO - Setting next_dagrun for data_quality to 2026-09-09 16:00:00+00:00, run_after=2026-09-10 16:00:00+00:00
[2026-09-09T07:49:56.090+0000] {logging_mixin.py:188} INFO - [2026-09-09T07:49:56.090+0000] {dag.py:3954} INFO - Setting next_dagrun for produce_json to 2026-09-09 14:00:00+00:00, run_after=2026-09-10 14:00:00+00:00
[2026-09-09T07:49:56.100+0000] {logging_mixin.py:188} INFO - [2026-09-09T07:49:56.100+0000] {dag.py:3954} INFO - Setting next_dagrun for update_db to 2026-09-09 15:00:00+00:00, run_after=2026-09-10 15:00:00+00:00
[2026-09-09T07:49:56.180+0000] {processor.py:183} INFO - Processing /opt/airflow/dags/main.py took 1.306 seconds
[2026-09-09T07:50:26.260+0000] {processor.py:161} INFO - Started process (PID=326) to work on /opt/airflow/dags/main.py
[2026-09-09T07:50:26.263+0000] {processor.py:830} INFO - Processing file /opt/airflow/dags/main.py for tasks to queue
[2026-09-09T07:50:26.267+0000] {logging_mixin.py:188} INFO - [2026-09-09T07:50:26.266+0000] {dagbag.py:545} INFO - Filling up the DagBag from /opt/airflow/dags/main.py
[2026-09-09T07:50:26.363+0000] {logging_mixin.py:188} INFO - channel id is not executed
[2026-09-09T07:50:26.502+0000] {processor.py:840} INFO - DAG(s) 'produce_json', 'update_db', 'data_quality' retrieved from /opt/airflow/dags/main.py
[2026-09-09T07:50:26.850+0000] {logging_mixin.py:188} INFO - [2026-09-09T07:50:26.850+0000] {dag.py:3096} INFO - Sync 3 DAGs
[2026-09-09T07:50:26.899+0000] {logging_mixin.py:188} INFO - [2026-09-09T07:50:26.898+0000] {dag.py:3954} INFO - Setting next_dagrun for data_quality to 2026-09-09 16:00:00+00:00, run_after=2026-09-10 16:00:00+00:00
[2026-09-09T07:50:26.907+0000] {logging_mixin.py:188} INFO - [2026-09-09T07:50:26.907+0000] {dag.py:3954} INFO - Setting next_dagrun for produce_json to 2026-09-09 14:00:00+00:00, run_after=2026-09-10 14:00:00+00:00
[2026-09-09T07:50:26.913+0000] {logging_mixin.py:188} INFO - [2026-09-09T07:50:26.913+0000] {dag.py:3954} INFO - Setting next_dagrun for update_db to 2026-09-09 15:00:00+00:00, run_after=2026-09-10 15:00:00+00:00
[2026-09-09T07:50:26.958+0000] {processor.py:183} INFO - Processing /opt/airflow/dags/main.py took 0.708 seconds
[2026-09-09T07:50:57.300+0000] {processor.py:161} INFO - Started process (PID=332) to work on /opt/airflow/dags/main.py
[2026-09-09T07:50:57.303+0000] {processor.py:830} INFO - Processing file /opt/airflow/dags/main.py for tasks to queue
[2026-09-09T07:50:57.308+0000] {logging_mixin.py:188} INFO - [2026-09-09T07:50:57.307+0000] {dagbag.py:545} INFO - Filling up the DagBag from /opt/airflow/dags/main.py
[2026-09-09T07:50:57.387+0000] {logging_mixin.py:188} INFO - channel id is not executed
[2026-09-09T07:50:57.517+0000] {processor.py:840} INFO - DAG(s) 'data_quality', 'update_db', 'produce_json' retrieved from /opt/airflow/dags/main.py
[2026-09-09T07:50:57.750+0000] {logging_mixin.py:188} INFO - [2026-09-09T07:50:57.750+0000] {dag.py:3096} INFO - Sync 3 DAGs
[2026-09-09T07:50:57.804+0000] {logging_mixin.py:188} INFO - [2026-09-09T07:50:57.804+0000] {dag.py:3954} INFO - Setting next_dagrun for data_quality to 2026-09-09 16:00:00+00:00, run_after=2026-09-10 16:00:00+00:00
[2026-09-09T07:50:57.814+0000] {logging_mixin.py:188} INFO - [2026-09-09T07:50:57.814+0000] {dag.py:3954} INFO - Setting next_dagrun for produce_json to 2026-09-09 14:00:00+00:00, run_after=2026-09-10 14:00:00+00:00
[2026-09-09T07:50:57.821+0000] {logging_mixin.py:188} INFO - [2026-09-09T07:50:57.821+0000] {dag.py:3954} INFO - Setting next_dagrun for update_db to 2026-09-09 15:00:00+00:00, run_after=2026-09-10 15:00:00+00:00
[2026-09-09T07:50:57.860+0000] {processor.py:183} INFO - Processing /opt/airflow/dags/main.py took 0.571 seconds
[2026-09-09T07:51:28.108+0000] {processor.py:161} INFO - Started process (PID=339) to work on /opt/airflow/dags/main.py
[2026-09-09T07:51:28.111+0000] {processor.py:830} INFO - Processing file /opt/airflow/dags/main.py for tasks to queue
[2026-09-09T07:51:28.116+0000] {logging_mixin.py:188} INFO - [2026-09-09T07:51:28.115+0000] {dagbag.py:545} INFO - Filling up the DagBag from /opt/airflow/dags/main.py
[2026-09-09T07:51:28.220+0000] {logging_mixin.py:188} INFO - channel id is not executed
[2026-09-09T07:51:28.379+0000] {processor.py:840} INFO - DAG(s) 'data_quality', 'produce_json', 'update_db' retrieved from /opt/airflow/dags/main.py
[2026-09-09T07:51:28.644+0000] {logging_mixin.py:188} INFO - [2026-09-09T07:51:28.644+0000] {dag.py:3096} INFO - Sync 3 DAGs
[2026-09-09T07:51:28.687+0000] {logging_mixin.py:188} INFO - [2026-09-09T07:51:28.687+0000] {dag.py:3954} INFO - Setting next_dagrun for data_quality to 2026-09-09 16:00:00+00:00, run_after=2026-09-10 16:00:00+00:00
[2026-09-09T07:51:28.696+0000] {logging_mixin.py:188} INFO - [2026-09-09T07:51:28.696+0000] {dag.py:3954} INFO - Setting next_dagrun for produce_json to 2026-09-09 14:00:00+00:00, run_after=2026-09-10 14:00:00+00:00
[2026-09-09T07:51:28.702+0000] {logging_mixin.py:188} INFO - [2026-09-09T07:51:28.701+0000] {dag.py:3954} INFO - Setting next_dagrun for update_db to 2026-09-09 15:00:00+00:00, run_after=2026-09-10 15:00:00+00:00
[2026-09-09T07:51:28.741+0000] {processor.py:183} INFO - Processing /opt/airflow/dags/main.py took 0.645 seconds
[2026-09-09T07:51:58.935+0000] {processor.py:161} INFO - Started process (PID=352) to work on /opt/airflow/dags/main.py
[2026-09-09T07:51:58.937+0000] {processor.py:830} INFO - Processing file /opt/airflow/dags/main.py for tasks to queue
[2026-09-09T07:51:58.941+0000] {logging_mixin.py:188} INFO - [2026-09-09T07:51:58.941+0000] {dagbag.py:545} INFO - Filling up the DagBag from /opt/airflow/dags/main.py
[2026-09-09T07:51:59.039+0000] {logging_mixin.py:188} INFO - channel id is not executed
[2026-09-09T07:51:59.178+0000] {processor.py:840} INFO - DAG(s) 'data_quality', 'update_db', 'produce_json' retrieved from /opt/airflow/dags/main.py
[2026-09-09T07:51:59.399+0000] {logging_mixin.py:188} INFO - [2026-09-09T07:51:59.399+0000] {dag.py:3096} INFO - Sync 3 DAGs
[2026-09-09T07:51:59.432+0000] {logging_mixin.py:188} INFO - [2026-09-09T07:51:59.432+0000] {dag.py:3954} INFO - Setting next_dagrun for data_quality to 2026-09-09 16:00:00+00:00, run_after=2026-09-10 16:00:00+00:00
[2026-09-09T07:51:59.442+0000] {logging_mixin.py:188} INFO - [2026-09-09T07:51:59.441+0000] {dag.py:3954} INFO - Setting next_dagrun for produce_json to 2026-09-09 14:00:00+00:00, run_after=2026-09-10 14:00:00+00:00
[2026-09-09T07:51:59.450+0000] {logging_mixin.py:188} INFO - [2026-09-09T07:51:59.449+0000] {dag.py:3954} INFO - Setting next_dagrun for update_db to 2026-09-09 15:00:00+00:00, run_after=2026-09-10 15:00:00+00:00
[2026-09-09T07:51:59.486+0000] {processor.py:183} INFO - Processing /opt/airflow/dags/main.py took 0.561 seconds
[2026-09-09T07:52:29.866+0000] {processor.py:161} INFO - Started process (PID=359) to work on /opt/airflow/dags/main.py
[2026-09-09T07:52:29.868+0000] {processor.py:830} INFO - Processing file /opt/airflow/dags/main.py for tasks to queue
[2026-09-09T07:52:29.872+0000] {logging_mixin.py:188} INFO - [2026-09-09T07:52:29.872+0000] {dagbag.py:545} INFO - Filling up the DagBag from /opt/airflow/dags/main.py
[2026-09-09T07:52:29.960+0000] {logging_mixin.py:188} INFO - channel id is not executed
[2026-09-09T07:52:30.142+0000] {processor.py:840} INFO - DAG(s) 'update_db', 'produce_json', 'data_quality' retrieved from /opt/airflow/dags/main.py
[2026-09-09T07:52:30.559+0000] {logging_mixin.py:188} INFO - [2026-09-09T07:52:30.558+0000] {dag.py:3096} INFO - Sync 3 DAGs
[2026-09-09T07:52:30.600+0000] {logging_mixin.py:188} INFO - [2026-09-09T07:52:30.600+0000] {dag.py:3954} INFO - Setting next_dagrun for data_quality to 2026-09-09 16:00:00+00:00, run_after=2026-09-10 16:00:00+00:00
[2026-09-09T07:52:30.611+0000] {logging_mixin.py:188} INFO - [2026-09-09T07:52:30.610+0000] {dag.py:3954} INFO - Setting next_dagrun for produce_json to 2026-09-09 14:00:00+00:00, run_after=2026-09-10 14:00:00+00:00
[2026-09-09T07:52:30.617+0000] {logging_mixin.py:188} INFO - [2026-09-09T07:52:30.616+0000] {dag.py:3954} INFO - Setting next_dagrun for update_db to 2026-09-09 15:00:00+00:00, run_after=2026-09-10 15:00:00+00:00
[2026-09-09T07:52:30.658+0000] {processor.py:183} INFO - Processing /opt/airflow/dags/main.py took 0.800 seconds
[2026-09-09T07:53:00.804+0000] {processor.py:161} INFO - Started process (PID=366) to work on /opt/airflow/dags/main.py
[2026-09-09T07:53:00.806+0000] {processor.py:830} INFO - Processing file /opt/airflow/dags/main.py for tasks to queue
[2026-09-09T07:53:00.810+0000] {logging_mixin.py:188} INFO - [2026-09-09T07:53:00.810+0000] {dagbag.py:545} INFO - Filling up the DagBag from /opt/airflow/dags/main.py
[2026-09-09T07:53:00.880+0000] {logging_mixin.py:188} INFO - channel id is not executed
[2026-09-09T07:53:01.032+0000] {processor.py:840} INFO - DAG(s) 'data_quality', 'update_db', 'produce_json' retrieved from /opt/airflow/dags/main.py
[2026-09-09T07:53:01.254+0000] {logging_mixin.py:188} INFO - [2026-09-09T07:53:01.254+0000] {dag.py:3096} INFO - Sync 3 DAGs
[2026-09-09T07:53:01.293+0000] {logging_mixin.py:188} INFO - [2026-09-09T07:53:01.292+0000] {dag.py:3954} INFO - Setting next_dagrun for data_quality to 2026-09-09 16:00:00+00:00, run_after=2026-09-10 16:00:00+00:00
[2026-09-09T07:53:01.303+0000] {logging_mixin.py:188} INFO - [2026-09-09T07:53:01.302+0000] {dag.py:3954} INFO - Setting next_dagrun for produce_json to 2026-09-09 14:00:00+00:00, run_after=2026-09-10 14:00:00+00:00
[2026-09-09T07:53:01.309+0000] {logging_mixin.py:188} INFO - [2026-09-09T07:53:01.309+0000] {dag.py:3954} INFO - Setting next_dagrun for update_db to 2026-09-09 15:00:00+00:00, run_after=2026-09-10 15:00:00+00:00
[2026-09-09T07:53:01.361+0000] {processor.py:183} INFO - Processing /opt/airflow/dags/main.py took 0.567 seconds
[2026-09-09T07:53:31.714+0000] {processor.py:161} INFO - Started process (PID=374) to work on /opt/airflow/dags/main.py
[2026-09-09T07:53:31.717+0000] {processor.py:830} INFO - Processing file /opt/airflow/dags/main.py for tasks to queue
[2026-09-09T07:53:31.721+0000] {logging_mixin.py:188} INFO - [2026-09-09T07:53:31.721+0000] {dagbag.py:545} INFO - Filling up the DagBag from /opt/airflow/dags/main.py
[2026-09-09T07:53:31.805+0000] {logging_mixin.py:188} INFO - channel id is not executed
[2026-09-09T07:53:31.936+0000] {processor.py:840} INFO - DAG(s) 'update_db', 'data_quality', 'produce_json' retrieved from /opt/airflow/dags/main.py
[2026-09-09T07:53:32.176+0000] {logging_mixin.py:188} INFO - [2026-09-09T07:53:32.175+0000] {dag.py:3096} INFO - Sync 3 DAGs
[2026-09-09T07:53:32.218+0000] {logging_mixin.py:188} INFO - [2026-09-09T07:53:32.218+0000] {dag.py:3954} INFO - Setting next_dagrun for data_quality to 2026-09-09 16:00:00+00:00, run_after=2026-09-10 16:00:00+00:00
[2026-09-09T07:53:32.227+0000] {logging_mixin.py:188} INFO - [2026-09-09T07:53:32.227+0000] {dag.py:3954} INFO - Setting next_dagrun for produce_json to 2026-09-09 14:00:00+00:00, run_after=2026-09-10 14:00:00+00:00
[2026-09-09T07:53:32.234+0000] {logging_mixin.py:188} INFO - [2026-09-09T07:53:32.234+0000] {dag.py:3954} INFO - Setting next_dagrun for update_db to 2026-09-09 15:00:00+00:00, run_after=2026-09-10 15:00:00+00:00
[2026-09-09T07:53:32.277+0000] {processor.py:183} INFO - Processing /opt/airflow/dags/main.py took 0.578 seconds
[2026-09-09T07:54:02.578+0000] {processor.py:161} INFO - Started process (PID=382) to work on /opt/airflow/dags/main.py
[2026-09-09T07:54:02.581+0000] {processor.py:830} INFO - Processing file /opt/airflow/dags/main.py for tasks to queue
[2026-09-09T07:54:02.586+0000] {logging_mixin.py:188} INFO - [2026-09-09T07:54:02.585+0000] {dagbag.py:545} INFO - Filling up the DagBag from /opt/airflow/dags/main.py
[2026-09-09T07:54:02.667+0000] {logging_mixin.py:188} INFO - channel id is not executed
[2026-09-09T07:54:02.818+0000] {processor.py:840} INFO - DAG(s) 'data_quality', 'update_db', 'produce_json' retrieved from /opt/airflow/dags/main.py
[2026-09-09T07:54:03.047+0000] {logging_mixin.py:188} INFO - [2026-09-09T07:54:03.047+0000] {dag.py:3096} INFO - Sync 3 DAGs
[2026-09-09T07:54:03.089+0000] {logging_mixin.py:188} INFO - [2026-09-09T07:54:03.088+0000] {dag.py:3954} INFO - Setting next_dagrun for data_quality to 2026-09-09 16:00:00+00:00, run_after=2026-09-10 16:00:00+00:00
[2026-09-09T07:54:03.098+0000] {logging_mixin.py:188} INFO - [2026-09-09T07:54:03.097+0000] {dag.py:3954} INFO - Setting next_dagrun for produce_json to 2026-09-09 14:00:00+00:00, run_after=2026-09-10 14:00:00+00:00
[2026-09-09T07:54:03.104+0000] {logging_mixin.py:188} INFO - [2026-09-09T07:54:03.104+0000] {dag.py:3954} INFO - Setting next_dagrun for update_db to 2026-09-09 15:00:00+00:00, run_after=2026-09-10 15:00:00+00:00
[2026-09-09T07:54:03.155+0000] {processor.py:183} INFO - Processing /opt/airflow/dags/main.py took 0.587 seconds
[2026-09-09T07:54:33.533+0000] {processor.py:161} INFO - Started process (PID=389) to work on /opt/airflow/dags/main.py
[2026-09-09T07:54:33.535+0000] {processor.py:830} INFO - Processing file /opt/airflow/dags/main.py for tasks to queue
[2026-09-09T07:54:33.539+0000] {logging_mixin.py:188} INFO - [2026-09-09T07:54:33.538+0000] {dagbag.py:545} INFO - Filling up the DagBag from /opt/airflow/dags/main.py
[2026-09-09T07:54:33.619+0000] {logging_mixin.py:188} INFO - channel id is not executed
[2026-09-09T07:54:33.787+0000] {processor.py:840} INFO - DAG(s) 'update_db', 'produce_json', 'data_quality' retrieved from /opt/airflow/dags/main.py
[2026-09-09T07:54:34.025+0000] {logging_mixin.py:188} INFO - [2026-09-09T07:54:34.024+0000] {dag.py:3096} INFO - Sync 3 DAGs
[2026-09-09T07:54:34.066+0000] {logging_mixin.py:188} INFO - [2026-09-09T07:54:34.065+0000] {dag.py:3954} INFO - Setting next_dagrun for data_quality to 2026-09-09 16:00:00+00:00, run_after=2026-09-10 16:00:00+00:00
[2026-09-09T07:54:34.076+0000] {logging_mixin.py:188} INFO - [2026-09-09T07:54:34.075+0000] {dag.py:3954} INFO - Setting next_dagrun for produce_json to 2026-09-09 14:00:00+00:00, run_after=2026-09-10 14:00:00+00:00
[2026-09-09T07:54:34.086+0000] {logging_mixin.py:188} INFO - [2026-09-09T07:54:34.085+0000] {dag.py:3954} INFO - Setting next_dagrun for update_db to 2026-09-09 15:00:00+00:00, run_after=2026-09-10 15:00:00+00:00
[2026-09-09T07:54:34.122+0000] {processor.py:183} INFO - Processing /opt/airflow/dags/main.py took 0.599 seconds
[2026-09-09T07:55:04.205+0000] {processor.py:161} INFO - Started process (PID=397) to work on /opt/airflow/dags/main.py
[2026-09-09T07:55:04.208+0000] {processor.py:830} INFO - Processing file /opt/airflow/dags/main.py for tasks to queue
[2026-09-09T07:55:04.216+0000] {logging_mixin.py:188} INFO - [2026-09-09T07:55:04.215+0000] {dagbag.py:545} INFO - Filling up the DagBag from /opt/airflow/dags/main.py
[2026-09-09T07:55:04.302+0000] {logging_mixin.py:188} INFO - channel id is not executed
[2026-09-09T07:55:04.441+0000] {processor.py:840} INFO - DAG(s) 'data_quality', 'produce_json', 'update_db' retrieved from /opt/airflow/dags/main.py
[2026-09-09T07:55:04.734+0000] {logging_mixin.py:188} INFO - [2026-09-09T07:55:04.733+0000] {dag.py:3096} INFO - Sync 3 DAGs
[2026-09-09T07:55:04.770+0000] {logging_mixin.py:188} INFO - [2026-09-09T07:55:04.769+0000] {dag.py:3954} INFO - Setting next_dagrun for data_quality to 2026-09-09 16:00:00+00:00, run_after=2026-09-10 16:00:00+00:00
[2026-09-09T07:55:04.778+0000] {logging_mixin.py:188} INFO - [2026-09-09T07:55:04.778+0000] {dag.py:3954} INFO - Setting next_dagrun for produce_json to 2026-09-09 14:00:00+00:00, run_after=2026-09-10 14:00:00+00:00
[2026-09-09T07:55:04.787+0000] {logging_mixin.py:188} INFO - [2026-09-09T07:55:04.787+0000] {dag.py:3954} INFO - Setting next_dagrun for update_db to 2026-09-09 15:00:00+00:00, run_after=2026-09-10 15:00:00+00:00
[2026-09-09T07:55:04.829+0000] {processor.py:183} INFO - Processing /opt/airflow/dags/main.py took 0.634 seconds
[2026-09-09T07:55:35.253+0000] {processor.py:161} INFO - Started process (PID=404) to work on /opt/airflow/dags/main.py
[2026-09-09T07:55:35.255+0000] {processor.py:830} INFO - Processing file /opt/airflow/dags/main.py for tasks to queue
[2026-09-09T07:55:35.260+0000] {logging_mixin.py:188} INFO - [2026-09-09T07:55:35.260+0000] {dagbag.py:545} INFO - Filling up the DagBag from /opt/airflow/dags/main.py
[2026-09-09T07:55:35.338+0000] {logging_mixin.py:188} INFO - channel id is not executed
[2026-09-09T07:55:35.480+0000] {processor.py:840} INFO - DAG(s) 'produce_json', 'data_quality', 'update_db' retrieved from /opt/airflow/dags/main.py
[2026-09-09T07:55:35.709+0000] {logging_mixin.py:188} INFO - [2026-09-09T07:55:35.709+0000] {dag.py:3096} INFO - Sync 3 DAGs
[2026-09-09T07:55:35.749+0000] {logging_mixin.py:188} INFO - [2026-09-09T07:55:35.749+0000] {dag.py:3954} INFO - Setting next_dagrun for data_quality to 2026-09-09 16:00:00+00:00, run_after=2026-09-10 16:00:00+00:00
[2026-09-09T07:55:35.765+0000] {logging_mixin.py:188} INFO - [2026-09-09T07:55:35.764+0000] {dag.py:3954} INFO - Setting next_dagrun for produce_json to 2026-09-09 14:00:00+00:00, run_after=2026-09-10 14:00:00+00:00
[2026-09-09T07:55:35.770+0000] {logging_mixin.py:188} INFO - [2026-09-09T07:55:35.770+0000] {dag.py:3954} INFO - Setting next_dagrun for update_db to 2026-09-09 15:00:00+00:00, run_after=2026-09-10 15:00:00+00:00
[2026-09-09T07:55:35.819+0000] {processor.py:183} INFO - Processing /opt/airflow/dags/main.py took 0.576 seconds
[2026-09-09T07:56:05.993+0000] {processor.py:161} INFO - Started process (PID=411) to work on /opt/airflow/dags/main.py
[2026-09-09T07:56:05.996+0000] {processor.py:830} INFO - Processing file /opt/airflow/dags/main.py for tasks to queue
[2026-09-09T07:56:06.002+0000] {logging_mixin.py:188} INFO - [2026-09-09T07:56:06.002+0000] {dagbag.py:545} INFO - Filling up the DagBag from /opt/airflow/dags/main.py
[2026-09-09T07:56:06.089+0000] {logging_mixin.py:188} INFO - channel id is not executed
[2026-09-09T07:56:06.229+0000] {processor.py:840} INFO - DAG(s) 'data_quality', 'update_db', 'produce_json' retrieved from /opt/airflow/dags/main.py
[2026-09-09T07:56:06.458+0000] {logging_mixin.py:188} INFO - [2026-09-09T07:56:06.458+0000] {dag.py:3096} INFO - Sync 3 DAGs
[2026-09-09T07:56:06.505+0000] {logging_mixin.py:188} INFO - [2026-09-09T07:56:06.505+0000] {dag.py:3954} INFO - Setting next_dagrun for data_quality to 2026-09-09 16:00:00+00:00, run_after=2026-09-10 16:00:00+00:00
[2026-09-09T07:56:06.517+0000] {logging_mixin.py:188} INFO - [2026-09-09T07:56:06.516+0000] {dag.py:3954} INFO - Setting next_dagrun for produce_json to 2026-09-09 14:00:00+00:00, run_after=2026-09-10 14:00:00+00:00
[2026-09-09T07:56:06.525+0000] {logging_mixin.py:188} INFO - [2026-09-09T07:56:06.525+0000] {dag.py:3954} INFO - Setting next_dagrun for update_db to 2026-09-09 15:00:00+00:00, run_after=2026-09-10 15:00:00+00:00
[2026-09-09T07:56:06.563+0000] {processor.py:183} INFO - Processing /opt/airflow/dags/main.py took 0.579 seconds
[2026-09-09T07:56:36.824+0000] {processor.py:161} INFO - Started process (PID=418) to work on /opt/airflow/dags/main.py
[2026-09-09T07:56:36.826+0000] {processor.py:830} INFO - Processing file /opt/airflow/dags/main.py for tasks to queue
[2026-09-09T07:56:36.832+0000] {logging_mixin.py:188} INFO - [2026-09-09T07:56:36.831+0000] {dagbag.py:545} INFO - Filling up the DagBag from /opt/airflow/dags/main.py
[2026-09-09T07:56:36.919+0000] {logging_mixin.py:188} INFO - channel id is not executed
[2026-09-09T07:56:37.049+0000] {processor.py:840} INFO - DAG(s) 'update_db', 'produce_json', 'data_quality' retrieved from /opt/airflow/dags/main.py
[2026-09-09T07:56:37.306+0000] {logging_mixin.py:188} INFO - [2026-09-09T07:56:37.305+0000] {dag.py:3096} INFO - Sync 3 DAGs
[2026-09-09T07:56:37.354+0000] {logging_mixin.py:188} INFO - [2026-09-09T07:56:37.354+0000] {dag.py:3954} INFO - Setting next_dagrun for data_quality to 2026-09-09 16:00:00+00:00, run_after=2026-09-10 16:00:00+00:00
[2026-09-09T07:56:37.364+0000] {logging_mixin.py:188} INFO - [2026-09-09T07:56:37.363+0000] {dag.py:3954} INFO - Setting next_dagrun for produce_json to 2026-09-09 14:00:00+00:00, run_after=2026-09-10 14:00:00+00:00
[2026-09-09T07:56:37.370+0000] {logging_mixin.py:188} INFO - [2026-09-09T07:56:37.369+0000] {dag.py:3954} INFO - Setting next_dagrun for update_db to 2026-09-09 15:00:00+00:00, run_after=2026-09-10 15:00:00+00:00
[2026-09-09T07:56:37.428+0000] {processor.py:183} INFO - Processing /opt/airflow/dags/main.py took 0.617 seconds
[2026-09-09T07:57:07.879+0000] {processor.py:161} INFO - Started process (PID=425) to work on /opt/airflow/dags/main.py
[2026-09-09T07:57:07.881+0000] {processor.py:830} INFO - Processing file /opt/airflow/dags/main.py for tasks to queue
[2026-09-09T07:57:07.885+0000] {logging_mixin.py:188} INFO - [2026-09-09T07:57:07.885+0000] {dagbag.py:545} INFO - Filling up the DagBag from /opt/airflow/dags/main.py
[2026-09-09T07:57:07.969+0000] {logging_mixin.py:188} INFO - channel id is not executed
[2026-09-09T07:57:08.106+0000] {processor.py:840} INFO - DAG(s) 'update_db', 'data_quality', 'produce_json' retrieved from /opt/airflow/dags/main.py
[2026-09-09T07:57:08.330+0000] {logging_mixin.py:188} INFO - [2026-09-09T07:57:08.330+0000] {dag.py:3096} INFO - Sync 3 DAGs
[2026-09-09T07:57:08.366+0000] {logging_mixin.py:188} INFO - [2026-09-09T07:57:08.366+0000] {dag.py:3954} INFO - Setting next_dagrun for data_quality to 2026-09-09 16:00:00+00:00, run_after=2026-09-10 16:00:00+00:00
[2026-09-09T07:57:08.375+0000] {logging_mixin.py:188} INFO - [2026-09-09T07:57:08.374+0000] {dag.py:3954} INFO - Setting next_dagrun for produce_json to 2026-09-09 14:00:00+00:00, run_after=2026-09-10 14:00:00+00:00
[2026-09-09T07:57:08.381+0000] {logging_mixin.py:188} INFO - [2026-09-09T07:57:08.381+0000] {dag.py:3954} INFO - Setting next_dagrun for update_db to 2026-09-09 15:00:00+00:00, run_after=2026-09-10 15:00:00+00:00
[2026-09-09T07:57:08.436+0000] {processor.py:183} INFO - Processing /opt/airflow/dags/main.py took 0.565 seconds
[2026-09-09T07:57:38.790+0000] {processor.py:161} INFO - Started process (PID=432) to work on /opt/airflow/dags/main.py
[2026-09-09T07:57:38.793+0000] {processor.py:830} INFO - Processing file /opt/airflow/dags/main.py for tasks to queue
[2026-09-09T07:57:38.797+0000] {logging_mixin.py:188} INFO - [2026-09-09T07:57:38.797+0000] {dagbag.py:545} INFO - Filling up the DagBag from /opt/airflow/dags/main.py
[2026-09-09T07:57:38.884+0000] {logging_mixin.py:188} INFO - channel id is not executed
[2026-09-09T07:57:39.011+0000] {processor.py:840} INFO - DAG(s) 'data_quality', 'produce_json', 'update_db' retrieved from /opt/airflow/dags/main.py
[2026-09-09T07:57:39.238+0000] {logging_mixin.py:188} INFO - [2026-09-09T07:57:39.237+0000] {dag.py:3096} INFO - Sync 3 DAGs
[2026-09-09T07:57:39.274+0000] {logging_mixin.py:188} INFO - [2026-09-09T07:57:39.274+0000] {dag.py:3954} INFO - Setting next_dagrun for data_quality to 2026-09-09 16:00:00+00:00, run_after=2026-09-10 16:00:00+00:00
[2026-09-09T07:57:39.283+0000] {logging_mixin.py:188} INFO - [2026-09-09T07:57:39.282+0000] {dag.py:3954} INFO - Setting next_dagrun for produce_json to 2026-09-09 14:00:00+00:00, run_after=2026-09-10 14:00:00+00:00
[2026-09-09T07:57:39.289+0000] {logging_mixin.py:188} INFO - [2026-09-09T07:57:39.289+0000] {dag.py:3954} INFO - Setting next_dagrun for update_db to 2026-09-09 15:00:00+00:00, run_after=2026-09-10 15:00:00+00:00
[2026-09-09T07:57:39.334+0000] {processor.py:183} INFO - Processing /opt/airflow/dags/main.py took 0.553 seconds
[2026-09-09T07:58:09.696+0000] {processor.py:161} INFO - Started process (PID=440) to work on /opt/airflow/dags/main.py
[2026-09-09T07:58:09.698+0000] {processor.py:830} INFO - Processing file /opt/airflow/dags/main.py for tasks to queue
[2026-09-09T07:58:09.702+0000] {logging_mixin.py:188} INFO - [2026-09-09T07:58:09.702+0000] {dagbag.py:545} INFO - Filling up the DagBag from /opt/airflow/dags/main.py
[2026-09-09T07:58:09.779+0000] {logging_mixin.py:188} INFO - channel id is not executed
[2026-09-09T07:58:09.909+0000] {processor.py:840} INFO - DAG(s) 'data_quality', 'update_db', 'produce_json' retrieved from /opt/airflow/dags/main.py
[2026-09-09T07:58:10.141+0000] {logging_mixin.py:188} INFO - [2026-09-09T07:58:10.141+0000] {dag.py:3096} INFO - Sync 3 DAGs
[2026-09-09T07:58:10.176+0000] {logging_mixin.py:188} INFO - [2026-09-09T07:58:10.176+0000] {dag.py:3954} INFO - Setting next_dagrun for data_quality to 2026-09-09 16:00:00+00:00, run_after=2026-09-10 16:00:00+00:00
[2026-09-09T07:58:10.186+0000] {logging_mixin.py:188} INFO - [2026-09-09T07:58:10.185+0000] {dag.py:3954} INFO - Setting next_dagrun for produce_json to 2026-09-09 14:00:00+00:00, run_after=2026-09-10 14:00:00+00:00
[2026-09-09T07:58:10.192+0000] {logging_mixin.py:188} INFO - [2026-09-09T07:58:10.191+0000] {dag.py:3954} INFO - Setting next_dagrun for update_db to 2026-09-09 15:00:00+00:00, run_after=2026-09-10 15:00:00+00:00
[2026-09-09T07:58:10.227+0000] {processor.py:183} INFO - Processing /opt/airflow/dags/main.py took 0.541 seconds
[2026-09-09T07:58:40.357+0000] {processor.py:161} INFO - Started process (PID=447) to work on /opt/airflow/dags/main.py
[2026-09-09T07:58:40.359+0000] {processor.py:830} INFO - Processing file /opt/airflow/dags/main.py for tasks to queue
[2026-09-09T07:58:40.363+0000] {logging_mixin.py:188} INFO - [2026-09-09T07:58:40.363+0000] {dagbag.py:545} INFO - Filling up the DagBag from /opt/airflow/dags/main.py
[2026-09-09T07:58:40.434+0000] {logging_mixin.py:188} INFO - channel id is not executed
[2026-09-09T07:58:40.540+0000] {processor.py:840} INFO - DAG(s) 'update_db', 'produce_json', 'data_quality' retrieved from /opt/airflow/dags/main.py
[2026-09-09T07:58:40.774+0000] {logging_mixin.py:188} INFO - [2026-09-09T07:58:40.774+0000] {dag.py:3096} INFO - Sync 3 DAGs
[2026-09-09T07:58:40.818+0000] {logging_mixin.py:188} INFO - [2026-09-09T07:58:40.817+0000] {dag.py:3954} INFO - Setting next_dagrun for data_quality to 2026-09-09 16:00:00+00:00, run_after=2026-09-10 16:00:00+00:00
[2026-09-09T07:58:40.826+0000] {logging_mixin.py:188} INFO - [2026-09-09T07:58:40.826+0000] {dag.py:3954} INFO - Setting next_dagrun for produce_json to 2026-09-09 14:00:00+00:00, run_after=2026-09-10 14:00:00+00:00
[2026-09-09T07:58:40.838+0000] {logging_mixin.py:188} INFO - [2026-09-09T07:58:40.838+0000] {dag.py:3954} INFO - Setting next_dagrun for update_db to 2026-09-09 15:00:00+00:00, run_after=2026-09-10 15:00:00+00:00
[2026-09-09T07:58:40.874+0000] {processor.py:183} INFO - Processing /opt/airflow/dags/main.py took 0.527 seconds
[2026-09-09T07:59:11.255+0000] {processor.py:161} INFO - Started process (PID=455) to work on /opt/airflow/dags/main.py
[2026-09-09T07:59:11.257+0000] {processor.py:830} INFO - Processing file /opt/airflow/dags/main.py for tasks to queue
[2026-09-09T07:59:11.262+0000] {logging_mixin.py:188} INFO - [2026-09-09T07:59:11.262+0000] {dagbag.py:545} INFO - Filling up the DagBag from /opt/airflow/dags/main.py
[2026-09-09T07:59:11.357+0000] {logging_mixin.py:188} INFO - channel id is not executed
[2026-09-09T07:59:11.475+0000] {processor.py:840} INFO - DAG(s) 'produce_json', 'update_db', 'data_quality' retrieved from /opt/airflow/dags/main.py
[2026-09-09T07:59:11.718+0000] {logging_mixin.py:188} INFO - [2026-09-09T07:59:11.717+0000] {dag.py:3096} INFO - Sync 3 DAGs
[2026-09-09T07:59:11.819+0000] {logging_mixin.py:188} INFO - [2026-09-09T07:59:11.818+0000] {dag.py:3954} INFO - Setting next_dagrun for data_quality to 2026-09-09 16:00:00+00:00, run_after=2026-09-10 16:00:00+00:00
[2026-09-09T07:59:11.827+0000] {logging_mixin.py:188} INFO - [2026-09-09T07:59:11.826+0000] {dag.py:3954} INFO - Setting next_dagrun for produce_json to 2026-09-09 14:00:00+00:00, run_after=2026-09-10 14:00:00+00:00
[2026-09-09T07:59:11.833+0000] {logging_mixin.py:188} INFO - [2026-09-09T07:59:11.832+0000] {dag.py:3954} INFO - Setting next_dagrun for update_db to 2026-09-09 15:00:00+00:00, run_after=2026-09-10 15:00:00+00:00
[2026-09-09T07:59:11.873+0000] {processor.py:183} INFO - Processing /opt/airflow/dags/main.py took 0.627 seconds
[2026-09-09T07:59:42.232+0000] {processor.py:161} INFO - Started process (PID=463) to work on /opt/airflow/dags/main.py
[2026-09-09T07:59:42.234+0000] {processor.py:830} INFO - Processing file /opt/airflow/dags/main.py for tasks to queue
[2026-09-09T07:59:42.241+0000] {logging_mixin.py:188} INFO - [2026-09-09T07:59:42.241+0000] {dagbag.py:545} INFO - Filling up the DagBag from /opt/airflow/dags/main.py
[2026-09-09T07:59:42.320+0000] {logging_mixin.py:188} INFO - channel id is not executed
[2026-09-09T07:59:42.476+0000] {processor.py:840} INFO - DAG(s) 'update_db', 'data_quality', 'produce_json' retrieved from /opt/airflow/dags/main.py
[2026-09-09T07:59:42.714+0000] {logging_mixin.py:188} INFO - [2026-09-09T07:59:42.714+0000] {dag.py:3096} INFO - Sync 3 DAGs
[2026-09-09T07:59:42.758+0000] {logging_mixin.py:188} INFO - [2026-09-09T07:59:42.758+0000] {dag.py:3954} INFO - Setting next_dagrun for data_quality to 2026-09-09 16:00:00+00:00, run_after=2026-09-10 16:00:00+00:00
[2026-09-09T07:59:42.766+0000] {logging_mixin.py:188} INFO - [2026-09-09T07:59:42.766+0000] {dag.py:3954} INFO - Setting next_dagrun for produce_json to 2026-09-09 14:00:00+00:00, run_after=2026-09-10 14:00:00+00:00
[2026-09-09T07:59:42.774+0000] {logging_mixin.py:188} INFO - [2026-09-09T07:59:42.774+0000] {dag.py:3954} INFO - Setting next_dagrun for update_db to 2026-09-09 15:00:00+00:00, run_after=2026-09-10 15:00:00+00:00
[2026-09-09T07:59:42.810+0000] {processor.py:183} INFO - Processing /opt/airflow/dags/main.py took 0.586 seconds
[2026-09-09T08:00:13.199+0000] {processor.py:161} INFO - Started process (PID=470) to work on /opt/airflow/dags/main.py
[2026-09-09T08:00:13.202+0000] {processor.py:830} INFO - Processing file /opt/airflow/dags/main.py for tasks to queue
[2026-09-09T08:00:13.208+0000] {logging_mixin.py:188} INFO - [2026-09-09T08:00:13.208+0000] {dagbag.py:545} INFO - Filling up the DagBag from /opt/airflow/dags/main.py
[2026-09-09T08:00:13.344+0000] {logging_mixin.py:188} INFO - channel id is not executed
[2026-09-09T08:00:13.468+0000] {processor.py:840} INFO - DAG(s) 'update_db', 'produce_json', 'data_quality' retrieved from /opt/airflow/dags/main.py
[2026-09-09T08:00:13.704+0000] {logging_mixin.py:188} INFO - [2026-09-09T08:00:13.703+0000] {dag.py:3096} INFO - Sync 3 DAGs
[2026-09-09T08:00:13.740+0000] {logging_mixin.py:188} INFO - [2026-09-09T08:00:13.740+0000] {dag.py:3954} INFO - Setting next_dagrun for data_quality to 2026-09-09 16:00:00+00:00, run_after=2026-09-10 16:00:00+00:00
[2026-09-09T08:00:13.751+0000] {logging_mixin.py:188} INFO - [2026-09-09T08:00:13.751+0000] {dag.py:3954} INFO - Setting next_dagrun for produce_json to 2026-09-09 14:00:00+00:00, run_after=2026-09-10 14:00:00+00:00
[2026-09-09T08:00:13.760+0000] {logging_mixin.py:188} INFO - [2026-09-09T08:00:13.760+0000] {dag.py:3954} INFO - Setting next_dagrun for update_db to 2026-09-09 15:00:00+00:00, run_after=2026-09-10 15:00:00+00:00
[2026-09-09T08:00:13.811+0000] {processor.py:183} INFO - Processing /opt/airflow/dags/main.py took 0.622 seconds
[2026-09-09T08:00:44.131+0000] {processor.py:161} INFO - Started process (PID=477) to work on /opt/airflow/dags/main.py
[2026-09-09T08:00:44.133+0000] {processor.py:830} INFO - Processing file /opt/airflow/dags/main.py for tasks to queue
[2026-09-09T08:00:44.137+0000] {logging_mixin.py:188} INFO - [2026-09-09T08:00:44.137+0000] {dagbag.py:545} INFO - Filling up the DagBag from /opt/airflow/dags/main.py
[2026-09-09T08:00:44.212+0000] {logging_mixin.py:188} INFO - channel id is not executed
[2026-09-09T08:00:44.342+0000] {processor.py:840} INFO - DAG(s) 'data_quality', 'produce_json', 'update_db' retrieved from /opt/airflow/dags/main.py
[2026-09-09T08:00:44.563+0000] {logging_mixin.py:188} INFO - [2026-09-09T08:00:44.562+0000] {dag.py:3096} INFO - Sync 3 DAGs
[2026-09-09T08:00:44.602+0000] {logging_mixin.py:188} INFO - [2026-09-09T08:00:44.601+0000] {dag.py:3954} INFO - Setting next_dagrun for data_quality to 2026-09-09 16:00:00+00:00, run_after=2026-09-10 16:00:00+00:00
[2026-09-09T08:00:44.613+0000] {logging_mixin.py:188} INFO - [2026-09-09T08:00:44.613+0000] {dag.py:3954} INFO - Setting next_dagrun for produce_json to 2026-09-09 14:00:00+00:00, run_after=2026-09-10 14:00:00+00:00
[2026-09-09T08:00:44.619+0000] {logging_mixin.py:188} INFO - [2026-09-09T08:00:44.619+0000] {dag.py:3954} INFO - Setting next_dagrun for update_db to 2026-09-09 15:00:00+00:00, run_after=2026-09-10 15:00:00+00:00
[2026-09-09T08:00:44.665+0000] {processor.py:183} INFO - Processing /opt/airflow/dags/main.py took 0.543 seconds
[2026-09-09T08:01:15.011+0000] {processor.py:161} INFO - Started process (PID=484) to work on /opt/airflow/dags/main.py
[2026-09-09T08:01:15.013+0000] {processor.py:830} INFO - Processing file /opt/airflow/dags/main.py for tasks to queue
[2026-09-09T08:01:15.017+0000] {logging_mixin.py:188} INFO - [2026-09-09T08:01:15.016+0000] {dagbag.py:545} INFO - Filling up the DagBag from /opt/airflow/dags/main.py
[2026-09-09T08:01:15.112+0000] {logging_mixin.py:188} INFO - channel id is not executed
[2026-09-09T08:01:15.292+0000] {processor.py:840} INFO - DAG(s) 'produce_json', 'update_db', 'data_quality' retrieved from /opt/airflow/dags/main.py
[2026-09-09T08:01:15.521+0000] {logging_mixin.py:188} INFO - [2026-09-09T08:01:15.521+0000] {dag.py:3096} INFO - Sync 3 DAGs
[2026-09-09T08:01:15.560+0000] {logging_mixin.py:188} INFO - [2026-09-09T08:01:15.560+0000] {dag.py:3954} INFO - Setting next_dagrun for data_quality to 2026-09-09 16:00:00+00:00, run_after=2026-09-10 16:00:00+00:00
[2026-09-09T08:01:15.569+0000] {logging_mixin.py:188} INFO - [2026-09-09T08:01:15.568+0000] {dag.py:3954} INFO - Setting next_dagrun for produce_json to 2026-09-09 14:00:00+00:00, run_after=2026-09-10 14:00:00+00:00
[2026-09-09T08:01:15.574+0000] {logging_mixin.py:188} INFO - [2026-09-09T08:01:15.574+0000] {dag.py:3954} INFO - Setting next_dagrun for update_db to 2026-09-09 15:00:00+00:00, run_after=2026-09-10 15:00:00+00:00
[2026-09-09T08:01:15.629+0000] {processor.py:183} INFO - Processing /opt/airflow/dags/main.py took 0.629 seconds
[2026-09-09T08:01:46.146+0000] {processor.py:161} INFO - Started process (PID=492) to work on /opt/airflow/dags/main.py
[2026-09-09T08:01:46.149+0000] {processor.py:830} INFO - Processing file /opt/airflow/dags/main.py for tasks to queue
[2026-09-09T08:01:46.155+0000] {logging_mixin.py:188} INFO - [2026-09-09T08:01:46.154+0000] {dagbag.py:545} INFO - Filling up the DagBag from /opt/airflow/dags/main.py
[2026-09-09T08:01:46.239+0000] {logging_mixin.py:188} INFO - channel id is not executed
[2026-09-09T08:01:46.369+0000] {processor.py:840} INFO - DAG(s) 'update_db', 'produce_json', 'data_quality' retrieved from /opt/airflow/dags/main.py
[2026-09-09T08:01:46.743+0000] {logging_mixin.py:188} INFO - [2026-09-09T08:01:46.743+0000] {dag.py:3096} INFO - Sync 3 DAGs
[2026-09-09T08:01:46.783+0000] {logging_mixin.py:188} INFO - [2026-09-09T08:01:46.783+0000] {dag.py:3954} INFO - Setting next_dagrun for data_quality to 2026-09-09 16:00:00+00:00, run_after=2026-09-10 16:00:00+00:00
[2026-09-09T08:01:46.792+0000] {logging_mixin.py:188} INFO - [2026-09-09T08:01:46.791+0000] {dag.py:3954} INFO - Setting next_dagrun for produce_json to 2026-09-09 14:00:00+00:00, run_after=2026-09-10 14:00:00+00:00
[2026-09-09T08:01:46.797+0000] {logging_mixin.py:188} INFO - [2026-09-09T08:01:46.797+0000] {dag.py:3954} INFO - Setting next_dagrun for update_db to 2026-09-09 15:00:00+00:00, run_after=2026-09-10 15:00:00+00:00
[2026-09-09T08:01:46.846+0000] {processor.py:183} INFO - Processing /opt/airflow/dags/main.py took 0.708 seconds
[2026-09-09T08:02:17.189+0000] {processor.py:161} INFO - Started process (PID=499) to work on /opt/airflow/dags/main.py
[2026-09-09T08:02:17.192+0000] {processor.py:830} INFO - Processing file /opt/airflow/dags/main.py for tasks to queue
[2026-09-09T08:02:17.196+0000] {logging_mixin.py:188} INFO - [2026-09-09T08:02:17.196+0000] {dagbag.py:545} INFO - Filling up the DagBag from /opt/airflow/dags/main.py
[2026-09-09T08:02:17.273+0000] {logging_mixin.py:188} INFO - channel id is not executed
[2026-09-09T08:02:17.415+0000] {processor.py:840} INFO - DAG(s) 'data_quality', 'produce_json', 'update_db' retrieved from /opt/airflow/dags/main.py
[2026-09-09T08:02:17.632+0000] {logging_mixin.py:188} INFO - [2026-09-09T08:02:17.632+0000] {dag.py:3096} INFO - Sync 3 DAGs
[2026-09-09T08:02:17.690+0000] {logging_mixin.py:188} INFO - [2026-09-09T08:02:17.690+0000] {dag.py:3954} INFO - Setting next_dagrun for data_quality to 2026-09-09 16:00:00+00:00, run_after=2026-09-10 16:00:00+00:00
[2026-09-09T08:02:17.699+0000] {logging_mixin.py:188} INFO - [2026-09-09T08:02:17.698+0000] {dag.py:3954} INFO - Setting next_dagrun for produce_json to 2026-09-09 14:00:00+00:00, run_after=2026-09-10 14:00:00+00:00
[2026-09-09T08:02:17.714+0000] {logging_mixin.py:188} INFO - [2026-09-09T08:02:17.714+0000] {dag.py:3954} INFO - Setting next_dagrun for update_db to 2026-09-09 15:00:00+00:00, run_after=2026-09-10 15:00:00+00:00
[2026-09-09T08:02:17.757+0000] {processor.py:183} INFO - Processing /opt/airflow/dags/main.py took 0.577 seconds
[2026-09-09T08:02:48.079+0000] {processor.py:161} INFO - Started process (PID=506) to work on /opt/airflow/dags/main.py
[2026-09-09T08:02:48.081+0000] {processor.py:830} INFO - Processing file /opt/airflow/dags/main.py for tasks to queue
[2026-09-09T08:02:48.086+0000] {logging_mixin.py:188} INFO - [2026-09-09T08:02:48.086+0000] {dagbag.py:545} INFO - Filling up the DagBag from /opt/airflow/dags/main.py
[2026-09-09T08:02:48.205+0000] {logging_mixin.py:188} INFO - channel id is not executed
[2026-09-09T08:02:48.310+0000] {processor.py:840} INFO - DAG(s) 'data_quality', 'produce_json', 'update_db' retrieved from /opt/airflow/dags/main.py
[2026-09-09T08:02:48.541+0000] {logging_mixin.py:188} INFO - [2026-09-09T08:02:48.540+0000] {dag.py:3096} INFO - Sync 3 DAGs
[2026-09-09T08:02:48.583+0000] {logging_mixin.py:188} INFO - [2026-09-09T08:02:48.582+0000] {dag.py:3954} INFO - Setting next_dagrun for data_quality to 2026-09-09 16:00:00+00:00, run_after=2026-09-10 16:00:00+00:00
[2026-09-09T08:02:48.593+0000] {logging_mixin.py:188} INFO - [2026-09-09T08:02:48.592+0000] {dag.py:3954} INFO - Setting next_dagrun for produce_json to 2026-09-09 14:00:00+00:00, run_after=2026-09-10 14:00:00+00:00
[2026-09-09T08:02:48.598+0000] {logging_mixin.py:188} INFO - [2026-09-09T08:02:48.598+0000] {dag.py:3954} INFO - Setting next_dagrun for update_db to 2026-09-09 15:00:00+00:00, run_after=2026-09-10 15:00:00+00:00
[2026-09-09T08:02:48.650+0000] {processor.py:183} INFO - Processing /opt/airflow/dags/main.py took 0.586 seconds
[2026-09-09T08:03:18.996+0000] {processor.py:161} INFO - Started process (PID=513) to work on /opt/airflow/dags/main.py
[2026-09-09T08:03:18.999+0000] {processor.py:830} INFO - Processing file /opt/airflow/dags/main.py for tasks to queue
[2026-09-09T08:03:19.003+0000] {logging_mixin.py:188} INFO - [2026-09-09T08:03:19.002+0000] {dagbag.py:545} INFO - Filling up the DagBag from /opt/airflow/dags/main.py
[2026-09-09T08:03:19.078+0000] {logging_mixin.py:188} INFO - channel id is not executed
[2026-09-09T08:03:19.230+0000] {processor.py:840} INFO - DAG(s) 'update_db', 'produce_json', 'data_quality' retrieved from /opt/airflow/dags/main.py
[2026-09-09T08:03:19.464+0000] {logging_mixin.py:188} INFO - [2026-09-09T08:03:19.464+0000] {dag.py:3096} INFO - Sync 3 DAGs
[2026-09-09T08:03:19.503+0000] {logging_mixin.py:188} INFO - [2026-09-09T08:03:19.503+0000] {dag.py:3954} INFO - Setting next_dagrun for data_quality to 2026-09-09 16:00:00+00:00, run_after=2026-09-10 16:00:00+00:00
[2026-09-09T08:03:19.511+0000] {logging_mixin.py:188} INFO - [2026-09-09T08:03:19.511+0000] {dag.py:3954} INFO - Setting next_dagrun for produce_json to 2026-09-09 14:00:00+00:00, run_after=2026-09-10 14:00:00+00:00
[2026-09-09T08:03:19.517+0000] {logging_mixin.py:188} INFO - [2026-09-09T08:03:19.517+0000] {dag.py:3954} INFO - Setting next_dagrun for update_db to 2026-09-09 15:00:00+00:00, run_after=2026-09-10 15:00:00+00:00
[2026-09-09T08:03:19.569+0000] {processor.py:183} INFO - Processing /opt/airflow/dags/main.py took 0.582 seconds
[2026-09-09T08:03:49.903+0000] {processor.py:161} INFO - Started process (PID=520) to work on /opt/airflow/dags/main.py
[2026-09-09T08:03:49.905+0000] {processor.py:830} INFO - Processing file /opt/airflow/dags/main.py for tasks to queue
[2026-09-09T08:03:49.909+0000] {logging_mixin.py:188} INFO - [2026-09-09T08:03:49.908+0000] {dagbag.py:545} INFO - Filling up the DagBag from /opt/airflow/dags/main.py
[2026-09-09T08:03:50.005+0000] {logging_mixin.py:188} INFO - channel id is not executed
[2026-09-09T08:03:50.129+0000] {processor.py:840} INFO - DAG(s) 'produce_json', 'update_db', 'data_quality' retrieved from /opt/airflow/dags/main.py
[2026-09-09T08:03:50.521+0000] {logging_mixin.py:188} INFO - [2026-09-09T08:03:50.521+0000] {dag.py:3096} INFO - Sync 3 DAGs
[2026-09-09T08:03:50.558+0000] {logging_mixin.py:188} INFO - [2026-09-09T08:03:50.557+0000] {dag.py:3954} INFO - Setting next_dagrun for data_quality to 2026-09-09 16:00:00+00:00, run_after=2026-09-10 16:00:00+00:00
[2026-09-09T08:03:50.567+0000] {logging_mixin.py:188} INFO - [2026-09-09T08:03:50.567+0000] {dag.py:3954} INFO - Setting next_dagrun for produce_json to 2026-09-09 14:00:00+00:00, run_after=2026-09-10 14:00:00+00:00
[2026-09-09T08:03:50.573+0000] {logging_mixin.py:188} INFO - [2026-09-09T08:03:50.573+0000] {dag.py:3954} INFO - Setting next_dagrun for update_db to 2026-09-09 15:00:00+00:00, run_after=2026-09-10 15:00:00+00:00
[2026-09-09T08:03:50.618+0000] {processor.py:183} INFO - Processing /opt/airflow/dags/main.py took 0.724 seconds
[2026-09-09T08:04:20.848+0000] {processor.py:161} INFO - Started process (PID=527) to work on /opt/airflow/dags/main.py
[2026-09-09T08:04:20.851+0000] {processor.py:830} INFO - Processing file /opt/airflow/dags/main.py for tasks to queue
[2026-09-09T08:04:20.856+0000] {logging_mixin.py:188} INFO - [2026-09-09T08:04:20.855+0000] {dagbag.py:545} INFO - Filling up the DagBag from /opt/airflow/dags/main.py
[2026-09-09T08:04:20.958+0000] {logging_mixin.py:188} INFO - channel id is not executed
[2026-09-09T08:04:21.095+0000] {processor.py:840} INFO - DAG(s) 'data_quality', 'produce_json', 'update_db' retrieved from /opt/airflow/dags/main.py
[2026-09-09T08:04:21.317+0000] {logging_mixin.py:188} INFO - [2026-09-09T08:04:21.316+0000] {dag.py:3096} INFO - Sync 3 DAGs
[2026-09-09T08:04:21.352+0000] {logging_mixin.py:188} INFO - [2026-09-09T08:04:21.352+0000] {dag.py:3954} INFO - Setting next_dagrun for data_quality to 2026-09-09 16:00:00+00:00, run_after=2026-09-10 16:00:00+00:00
[2026-09-09T08:04:21.366+0000] {logging_mixin.py:188} INFO - [2026-09-09T08:04:21.366+0000] {dag.py:3954} INFO - Setting next_dagrun for produce_json to 2026-09-09 14:00:00+00:00, run_after=2026-09-10 14:00:00+00:00
[2026-09-09T08:04:21.372+0000] {logging_mixin.py:188} INFO - [2026-09-09T08:04:21.372+0000] {dag.py:3954} INFO - Setting next_dagrun for update_db to 2026-09-09 15:00:00+00:00, run_after=2026-09-10 15:00:00+00:00
[2026-09-09T08:04:21.409+0000] {processor.py:183} INFO - Processing /opt/airflow/dags/main.py took 0.573 seconds
[2026-09-09T08:04:51.746+0000] {processor.py:161} INFO - Started process (PID=534) to work on /opt/airflow/dags/main.py
[2026-09-09T08:04:51.748+0000] {processor.py:830} INFO - Processing file /opt/airflow/dags/main.py for tasks to queue
[2026-09-09T08:04:51.752+0000] {logging_mixin.py:188} INFO - [2026-09-09T08:04:51.752+0000] {dagbag.py:545} INFO - Filling up the DagBag from /opt/airflow/dags/main.py
[2026-09-09T08:04:51.831+0000] {logging_mixin.py:188} INFO - channel id is not executed
[2026-09-09T08:04:51.984+0000] {processor.py:840} INFO - DAG(s) 'update_db', 'produce_json', 'data_quality' retrieved from /opt/airflow/dags/main.py
[2026-09-09T08:04:52.257+0000] {logging_mixin.py:188} INFO - [2026-09-09T08:04:52.257+0000] {dag.py:3096} INFO - Sync 3 DAGs
[2026-09-09T08:04:52.299+0000] {logging_mixin.py:188} INFO - [2026-09-09T08:04:52.298+0000] {dag.py:3954} INFO - Setting next_dagrun for data_quality to 2026-09-09 16:00:00+00:00, run_after=2026-09-10 16:00:00+00:00
[2026-09-09T08:04:52.307+0000] {logging_mixin.py:188} INFO - [2026-09-09T08:04:52.306+0000] {dag.py:3954} INFO - Setting next_dagrun for produce_json to 2026-09-09 14:00:00+00:00, run_after=2026-09-10 14:00:00+00:00
[2026-09-09T08:04:52.312+0000] {logging_mixin.py:188} INFO - [2026-09-09T08:04:52.312+0000] {dag.py:3954} INFO - Setting next_dagrun for update_db to 2026-09-09 15:00:00+00:00, run_after=2026-09-10 15:00:00+00:00
[2026-09-09T08:04:52.366+0000] {processor.py:183} INFO - Processing /opt/airflow/dags/main.py took 0.633 seconds
[2026-09-09T08:05:22.496+0000] {processor.py:161} INFO - Started process (PID=542) to work on /opt/airflow/dags/main.py
[2026-09-09T08:05:22.498+0000] {processor.py:830} INFO - Processing file /opt/airflow/dags/main.py for tasks to queue
[2026-09-09T08:05:22.503+0000] {logging_mixin.py:188} INFO - [2026-09-09T08:05:22.502+0000] {dagbag.py:545} INFO - Filling up the DagBag from /opt/airflow/dags/main.py
[2026-09-09T08:05:22.587+0000] {logging_mixin.py:188} INFO - channel id is not executed
[2026-09-09T08:05:22.712+0000] {processor.py:840} INFO - DAG(s) 'update_db', 'data_quality', 'produce_json' retrieved from /opt/airflow/dags/main.py
[2026-09-09T08:05:22.956+0000] {logging_mixin.py:188} INFO - [2026-09-09T08:05:22.955+0000] {dag.py:3096} INFO - Sync 3 DAGs
[2026-09-09T08:05:22.992+0000] {logging_mixin.py:188} INFO - [2026-09-09T08:05:22.992+0000] {dag.py:3954} INFO - Setting next_dagrun for data_quality to 2026-09-09 16:00:00+00:00, run_after=2026-09-10 16:00:00+00:00
[2026-09-09T08:05:23.001+0000] {logging_mixin.py:188} INFO - [2026-09-09T08:05:23.000+0000] {dag.py:3954} INFO - Setting next_dagrun for produce_json to 2026-09-09 14:00:00+00:00, run_after=2026-09-10 14:00:00+00:00
[2026-09-09T08:05:23.006+0000] {logging_mixin.py:188} INFO - [2026-09-09T08:05:23.006+0000] {dag.py:3954} INFO - Setting next_dagrun for update_db to 2026-09-09 15:00:00+00:00, run_after=2026-09-10 15:00:00+00:00
[2026-09-09T08:05:23.045+0000] {processor.py:183} INFO - Processing /opt/airflow/dags/main.py took 0.558 seconds
[2026-09-09T08:05:53.459+0000] {processor.py:161} INFO - Started process (PID=549) to work on /opt/airflow/dags/main.py
[2026-09-09T08:05:53.461+0000] {processor.py:830} INFO - Processing file /opt/airflow/dags/main.py for tasks to queue
[2026-09-09T08:05:53.466+0000] {logging_mixin.py:188} INFO - [2026-09-09T08:05:53.466+0000] {dagbag.py:545} INFO - Filling up the DagBag from /opt/airflow/dags/main.py
[2026-09-09T08:05:53.545+0000] {logging_mixin.py:188} INFO - channel id is not executed
[2026-09-09T08:05:53.667+0000] {processor.py:840} INFO - DAG(s) 'update_db', 'data_quality', 'produce_json' retrieved from /opt/airflow/dags/main.py
[2026-09-09T08:05:53.906+0000] {logging_mixin.py:188} INFO - [2026-09-09T08:05:53.905+0000] {dag.py:3096} INFO - Sync 3 DAGs
[2026-09-09T08:05:53.958+0000] {logging_mixin.py:188} INFO - [2026-09-09T08:05:53.957+0000] {dag.py:3954} INFO - Setting next_dagrun for data_quality to 2026-09-09 16:00:00+00:00, run_after=2026-09-10 16:00:00+00:00
[2026-09-09T08:05:53.967+0000] {logging_mixin.py:188} INFO - [2026-09-09T08:05:53.967+0000] {dag.py:3954} INFO - Setting next_dagrun for produce_json to 2026-09-09 14:00:00+00:00, run_after=2026-09-10 14:00:00+00:00
[2026-09-09T08:05:53.973+0000] {logging_mixin.py:188} INFO - [2026-09-09T08:05:53.973+0000] {dag.py:3954} INFO - Setting next_dagrun for update_db to 2026-09-09 15:00:00+00:00, run_after=2026-09-10 15:00:00+00:00
[2026-09-09T08:05:54.008+0000] {processor.py:183} INFO - Processing /opt/airflow/dags/main.py took 0.558 seconds
[2026-09-09T08:06:24.321+0000] {processor.py:161} INFO - Started process (PID=556) to work on /opt/airflow/dags/main.py
[2026-09-09T08:06:24.323+0000] {processor.py:830} INFO - Processing file /opt/airflow/dags/main.py for tasks to queue
[2026-09-09T08:06:24.328+0000] {logging_mixin.py:188} INFO - [2026-09-09T08:06:24.328+0000] {dagbag.py:545} INFO - Filling up the DagBag from /opt/airflow/dags/main.py
[2026-09-09T08:06:24.409+0000] {logging_mixin.py:188} INFO - channel id is not executed
[2026-09-09T08:06:24.529+0000] {processor.py:840} INFO - DAG(s) 'data_quality', 'produce_json', 'update_db' retrieved from /opt/airflow/dags/main.py
[2026-09-09T08:06:24.900+0000] {logging_mixin.py:188} INFO - [2026-09-09T08:06:24.899+0000] {dag.py:3096} INFO - Sync 3 DAGs
[2026-09-09T08:06:24.945+0000] {logging_mixin.py:188} INFO - [2026-09-09T08:06:24.945+0000] {dag.py:3954} INFO - Setting next_dagrun for data_quality to 2026-09-09 16:00:00+00:00, run_after=2026-09-10 16:00:00+00:00
[2026-09-09T08:06:24.960+0000] {logging_mixin.py:188} INFO - [2026-09-09T08:06:24.960+0000] {dag.py:3954} INFO - Setting next_dagrun for produce_json to 2026-09-09 14:00:00+00:00, run_after=2026-09-10 14:00:00+00:00
[2026-09-09T08:06:24.966+0000] {logging_mixin.py:188} INFO - [2026-09-09T08:06:24.965+0000] {dag.py:3954} INFO - Setting next_dagrun for update_db to 2026-09-09 15:00:00+00:00, run_after=2026-09-10 15:00:00+00:00
[2026-09-09T08:06:25.003+0000] {processor.py:183} INFO - Processing /opt/airflow/dags/main.py took 0.692 seconds
[2026-09-09T08:06:55.887+0000] {processor.py:161} INFO - Started process (PID=564) to work on /opt/airflow/dags/main.py
[2026-09-09T08:06:55.896+0000] {processor.py:830} INFO - Processing file /opt/airflow/dags/main.py for tasks to queue
[2026-09-09T08:06:55.906+0000] {logging_mixin.py:188} INFO - [2026-09-09T08:06:55.905+0000] {dagbag.py:545} INFO - Filling up the DagBag from /opt/airflow/dags/main.py
[2026-09-09T08:06:55.988+0000] {logging_mixin.py:188} INFO - channel id is not executed
[2026-09-09T08:06:56.116+0000] {processor.py:840} INFO - DAG(s) 'data_quality', 'update_db', 'produce_json' retrieved from /opt/airflow/dags/main.py
[2026-09-09T08:06:56.417+0000] {logging_mixin.py:188} INFO - [2026-09-09T08:06:56.416+0000] {dag.py:3096} INFO - Sync 3 DAGs
[2026-09-09T08:06:56.457+0000] {logging_mixin.py:188} INFO - [2026-09-09T08:06:56.457+0000] {dag.py:3954} INFO - Setting next_dagrun for data_quality to 2026-09-09 16:00:00+00:00, run_after=2026-09-10 16:00:00+00:00
[2026-09-09T08:06:56.466+0000] {logging_mixin.py:188} INFO - [2026-09-09T08:06:56.466+0000] {dag.py:3954} INFO - Setting next_dagrun for produce_json to 2026-09-09 14:00:00+00:00, run_after=2026-09-10 14:00:00+00:00
[2026-09-09T08:06:56.472+0000] {logging_mixin.py:188} INFO - [2026-09-09T08:06:56.471+0000] {dag.py:3954} INFO - Setting next_dagrun for update_db to 2026-09-09 15:00:00+00:00, run_after=2026-09-10 15:00:00+00:00
[2026-09-09T08:06:56.513+0000] {processor.py:183} INFO - Processing /opt/airflow/dags/main.py took 0.641 seconds
[2026-09-09T08:07:26.914+0000] {processor.py:161} INFO - Started process (PID=571) to work on /opt/airflow/dags/main.py
[2026-09-09T08:07:26.916+0000] {processor.py:830} INFO - Processing file /opt/airflow/dags/main.py for tasks to queue
[2026-09-09T08:07:26.921+0000] {logging_mixin.py:188} INFO - [2026-09-09T08:07:26.921+0000] {dagbag.py:545} INFO - Filling up the DagBag from /opt/airflow/dags/main.py
[2026-09-09T08:07:27.007+0000] {logging_mixin.py:188} INFO - channel id is not executed
[2026-09-09T08:07:27.139+0000] {processor.py:840} INFO - DAG(s) 'produce_json', 'data_quality', 'update_db' retrieved from /opt/airflow/dags/main.py
[2026-09-09T08:07:27.407+0000] {logging_mixin.py:188} INFO - [2026-09-09T08:07:27.406+0000] {dag.py:3096} INFO - Sync 3 DAGs
[2026-09-09T08:07:27.452+0000] {logging_mixin.py:188} INFO - [2026-09-09T08:07:27.452+0000] {dag.py:3954} INFO - Setting next_dagrun for data_quality to 2026-09-09 16:00:00+00:00, run_after=2026-09-10 16:00:00+00:00
[2026-09-09T08:07:27.461+0000] {logging_mixin.py:188} INFO - [2026-09-09T08:07:27.461+0000] {dag.py:3954} INFO - Setting next_dagrun for produce_json to 2026-09-09 14:00:00+00:00, run_after=2026-09-10 14:00:00+00:00
[2026-09-09T08:07:27.467+0000] {logging_mixin.py:188} INFO - [2026-09-09T08:07:27.466+0000] {dag.py:3954} INFO - Setting next_dagrun for update_db to 2026-09-09 15:00:00+00:00, run_after=2026-09-10 15:00:00+00:00
[2026-09-09T08:07:27.509+0000] {processor.py:183} INFO - Processing /opt/airflow/dags/main.py took 0.606 seconds
[2026-09-09T08:07:57.637+0000] {processor.py:161} INFO - Started process (PID=578) to work on /opt/airflow/dags/main.py
[2026-09-09T08:07:57.639+0000] {processor.py:830} INFO - Processing file /opt/airflow/dags/main.py for tasks to queue
[2026-09-09T08:07:57.644+0000] {logging_mixin.py:188} INFO - [2026-09-09T08:07:57.643+0000] {dagbag.py:545} INFO - Filling up the DagBag from /opt/airflow/dags/main.py
[2026-09-09T08:07:57.737+0000] {logging_mixin.py:188} INFO - channel id is not executed
[2026-09-09T08:07:57.870+0000] {processor.py:840} INFO - DAG(s) 'update_db', 'produce_json', 'data_quality' retrieved from /opt/airflow/dags/main.py
[2026-09-09T08:07:58.166+0000] {logging_mixin.py:188} INFO - [2026-09-09T08:07:58.165+0000] {dag.py:3096} INFO - Sync 3 DAGs
[2026-09-09T08:07:58.258+0000] {logging_mixin.py:188} INFO - [2026-09-09T08:07:58.258+0000] {dag.py:3954} INFO - Setting next_dagrun for data_quality to 2026-09-09 16:00:00+00:00, run_after=2026-09-10 16:00:00+00:00
[2026-09-09T08:07:58.267+0000] {logging_mixin.py:188} INFO - [2026-09-09T08:07:58.266+0000] {dag.py:3954} INFO - Setting next_dagrun for produce_json to 2026-09-09 14:00:00+00:00, run_after=2026-09-10 14:00:00+00:00
[2026-09-09T08:07:58.272+0000] {logging_mixin.py:188} INFO - [2026-09-09T08:07:58.272+0000] {dag.py:3954} INFO - Setting next_dagrun for update_db to 2026-09-09 15:00:00+00:00, run_after=2026-09-10 15:00:00+00:00
[2026-09-09T08:07:58.321+0000] {processor.py:183} INFO - Processing /opt/airflow/dags/main.py took 0.700 seconds
[2026-09-09T08:08:28.836+0000] {processor.py:161} INFO - Started process (PID=586) to work on /opt/airflow/dags/main.py
[2026-09-09T08:08:28.860+0000] {processor.py:830} INFO - Processing file /opt/airflow/dags/main.py for tasks to queue
[2026-09-09T08:08:28.879+0000] {logging_mixin.py:188} INFO - [2026-09-09T08:08:28.872+0000] {dagbag.py:545} INFO - Filling up the DagBag from /opt/airflow/dags/main.py
[2026-09-09T08:08:31.280+0000] {logging_mixin.py:188} INFO - channel id is not executed
[2026-09-09T08:08:35.781+0000] {processor.py:840} INFO - DAG(s) 'data_quality', 'produce_json', 'update_db' retrieved from /opt/airflow/dags/main.py
[2026-09-09T08:08:39.235+0000] {logging_mixin.py:188} INFO - [2026-09-09T08:08:39.234+0000] {dag.py:3096} INFO - Sync 3 DAGs
[2026-09-09T08:08:40.906+0000] {logging_mixin.py:188} INFO - [2026-09-09T08:08:40.905+0000] {dag.py:3954} INFO - Setting next_dagrun for data_quality to 2026-09-09 16:00:00+00:00, run_after=2026-09-10 16:00:00+00:00
[2026-09-09T08:08:40.966+0000] {logging_mixin.py:188} INFO - [2026-09-09T08:08:40.965+0000] {dag.py:3954} INFO - Setting next_dagrun for produce_json to 2026-09-09 14:00:00+00:00, run_after=2026-09-10 14:00:00+00:00
[2026-09-09T08:08:40.994+0000] {logging_mixin.py:188} INFO - [2026-09-09T08:08:40.994+0000] {dag.py:3954} INFO - Setting next_dagrun for update_db to 2026-09-09 15:00:00+00:00, run_after=2026-09-10 15:00:00+00:00
[2026-09-09T08:08:41.128+0000] {processor.py:183} INFO - Processing /opt/airflow/dags/main.py took 12.315 seconds
[2026-09-09T08:09:13.013+0000] {processor.py:161} INFO - Started process (PID=599) to work on /opt/airflow/dags/main.py
[2026-09-09T08:09:13.027+0000] {processor.py:830} INFO - Processing file /opt/airflow/dags/main.py for tasks to queue
[2026-09-09T08:09:13.064+0000] {logging_mixin.py:188} INFO - [2026-09-09T08:09:13.063+0000] {dagbag.py:545} INFO - Filling up the DagBag from /opt/airflow/dags/main.py
[2026-09-09T08:09:15.199+0000] {logging_mixin.py:188} INFO - channel id is not executed
[2026-09-09T08:09:17.346+0000] {processor.py:840} INFO - DAG(s) 'produce_json', 'data_quality', 'update_db' retrieved from /opt/airflow/dags/main.py
[2026-09-09T08:09:18.064+0000] {logging_mixin.py:188} INFO - [2026-09-09T08:09:18.063+0000] {dag.py:3096} INFO - Sync 3 DAGs
[2026-09-09T08:09:18.139+0000] {logging_mixin.py:188} INFO - [2026-09-09T08:09:18.139+0000] {dag.py:3954} INFO - Setting next_dagrun for data_quality to 2026-09-09 16:00:00+00:00, run_after=2026-09-10 16:00:00+00:00
[2026-09-09T08:09:18.167+0000] {logging_mixin.py:188} INFO - [2026-09-09T08:09:18.159+0000] {dag.py:3954} INFO - Setting next_dagrun for produce_json to 2026-09-09 14:00:00+00:00, run_after=2026-09-10 14:00:00+00:00
[2026-09-09T08:09:18.180+0000] {logging_mixin.py:188} INFO - [2026-09-09T08:09:18.179+0000] {dag.py:3954} INFO - Setting next_dagrun for update_db to 2026-09-09 15:00:00+00:00, run_after=2026-09-10 15:00:00+00:00
[2026-09-09T08:09:18.235+0000] {processor.py:183} INFO - Processing /opt/airflow/dags/main.py took 5.348 seconds
[2026-09-09T08:09:51.974+0000] {processor.py:161} INFO - Started process (PID=607) to work on /opt/airflow/dags/main.py
[2026-09-09T08:09:52.035+0000] {processor.py:830} INFO - Processing file /opt/airflow/dags/main.py for tasks to queue
[2026-09-09T08:09:52.493+0000] {logging_mixin.py:188} INFO - [2026-09-09T08:09:52.492+0000] {dagbag.py:545} INFO - Filling up the DagBag from /opt/airflow/dags/main.py
[2026-09-09T08:09:57.131+0000] {logging_mixin.py:188} INFO - channel id is not executed
[2026-09-09T08:09:58.657+0000] {processor.py:840} INFO - DAG(s) 'produce_json', 'data_quality', 'update_db' retrieved from /opt/airflow/dags/main.py
[2026-09-09T08:10:00.626+0000] {logging_mixin.py:188} INFO - [2026-09-09T08:10:00.625+0000] {dag.py:3096} INFO - Sync 3 DAGs
[2026-09-09T08:10:00.887+0000] {logging_mixin.py:188} INFO - [2026-09-09T08:10:00.886+0000] {dag.py:3954} INFO - Setting next_dagrun for data_quality to 2026-09-09 16:00:00+00:00, run_after=2026-09-10 16:00:00+00:00
[2026-09-09T08:10:00.907+0000] {logging_mixin.py:188} INFO - [2026-09-09T08:10:00.907+0000] {dag.py:3954} INFO - Setting next_dagrun for produce_json to 2026-09-09 14:00:00+00:00, run_after=2026-09-10 14:00:00+00:00
[2026-09-09T08:10:00.915+0000] {logging_mixin.py:188} INFO - [2026-09-09T08:10:00.913+0000] {dag.py:3954} INFO - Setting next_dagrun for update_db to 2026-09-09 15:00:00+00:00, run_after=2026-09-10 15:00:00+00:00
[2026-09-09T08:10:01.135+0000] {processor.py:183} INFO - Processing /opt/airflow/dags/main.py took 10.296 seconds
[2026-09-09T08:10:32.250+0000] {processor.py:161} INFO - Started process (PID=614) to work on /opt/airflow/dags/main.py
[2026-09-09T08:10:32.254+0000] {processor.py:830} INFO - Processing file /opt/airflow/dags/main.py for tasks to queue
[2026-09-09T08:10:32.272+0000] {logging_mixin.py:188} INFO - [2026-09-09T08:10:32.271+0000] {dagbag.py:545} INFO - Filling up the DagBag from /opt/airflow/dags/main.py
[2026-09-09T08:10:32.414+0000] {logging_mixin.py:188} INFO - channel id is not executed
[2026-09-09T08:10:32.616+0000] {processor.py:840} INFO - DAG(s) 'update_db', 'produce_json', 'data_quality' retrieved from /opt/airflow/dags/main.py
[2026-09-09T08:10:32.944+0000] {logging_mixin.py:188} INFO - [2026-09-09T08:10:32.943+0000] {dag.py:3096} INFO - Sync 3 DAGs
[2026-09-09T08:10:33.037+0000] {logging_mixin.py:188} INFO - [2026-09-09T08:10:33.036+0000] {dag.py:3954} INFO - Setting next_dagrun for data_quality to 2026-09-09 16:00:00+00:00, run_after=2026-09-10 16:00:00+00:00
[2026-09-09T08:10:33.066+0000] {logging_mixin.py:188} INFO - [2026-09-09T08:10:33.066+0000] {dag.py:3954} INFO - Setting next_dagrun for produce_json to 2026-09-09 14:00:00+00:00, run_after=2026-09-10 14:00:00+00:00
[2026-09-09T08:10:33.080+0000] {logging_mixin.py:188} INFO - [2026-09-09T08:10:33.080+0000] {dag.py:3954} INFO - Setting next_dagrun for update_db to 2026-09-09 15:00:00+00:00, run_after=2026-09-10 15:00:00+00:00
[2026-09-09T08:10:33.120+0000] {processor.py:183} INFO - Processing /opt/airflow/dags/main.py took 0.916 seconds
[2026-09-09T08:11:03.812+0000] {processor.py:161} INFO - Started process (PID=621) to work on /opt/airflow/dags/main.py
[2026-09-09T08:11:03.814+0000] {processor.py:830} INFO - Processing file /opt/airflow/dags/main.py for tasks to queue
[2026-09-09T08:11:03.820+0000] {logging_mixin.py:188} INFO - [2026-09-09T08:11:03.819+0000] {dagbag.py:545} INFO - Filling up the DagBag from /opt/airflow/dags/main.py
[2026-09-09T08:11:03.912+0000] {logging_mixin.py:188} INFO - channel id is not executed
[2026-09-09T08:11:04.061+0000] {processor.py:840} INFO - DAG(s) 'data_quality', 'produce_json', 'update_db' retrieved from /opt/airflow/dags/main.py
[2026-09-09T08:11:04.476+0000] {logging_mixin.py:188} INFO - [2026-09-09T08:11:04.476+0000] {dag.py:3096} INFO - Sync 3 DAGs
[2026-09-09T08:11:04.521+0000] {logging_mixin.py:188} INFO - [2026-09-09T08:11:04.521+0000] {dag.py:3954} INFO - Setting next_dagrun for data_quality to 2026-09-09 16:00:00+00:00, run_after=2026-09-10 16:00:00+00:00
[2026-09-09T08:11:04.530+0000] {logging_mixin.py:188} INFO - [2026-09-09T08:11:04.530+0000] {dag.py:3954} INFO - Setting next_dagrun for produce_json to 2026-09-09 14:00:00+00:00, run_after=2026-09-10 14:00:00+00:00
[2026-09-09T08:11:04.536+0000] {logging_mixin.py:188} INFO - [2026-09-09T08:11:04.535+0000] {dag.py:3954} INFO - Setting next_dagrun for update_db to 2026-09-09 15:00:00+00:00, run_after=2026-09-10 15:00:00+00:00
[2026-09-09T08:11:04.578+0000] {processor.py:183} INFO - Processing /opt/airflow/dags/main.py took 0.777 seconds
[2026-09-09T08:11:35.107+0000] {processor.py:161} INFO - Started process (PID=629) to work on /opt/airflow/dags/main.py
[2026-09-09T08:11:35.110+0000] {processor.py:830} INFO - Processing file /opt/airflow/dags/main.py for tasks to queue
[2026-09-09T08:11:35.119+0000] {logging_mixin.py:188} INFO - [2026-09-09T08:11:35.118+0000] {dagbag.py:545} INFO - Filling up the DagBag from /opt/airflow/dags/main.py
[2026-09-09T08:11:35.226+0000] {logging_mixin.py:188} INFO - channel id is not executed
[2026-09-09T08:11:35.431+0000] {processor.py:840} INFO - DAG(s) 'produce_json', 'data_quality', 'update_db' retrieved from /opt/airflow/dags/main.py
[2026-09-09T08:11:35.792+0000] {logging_mixin.py:188} INFO - [2026-09-09T08:11:35.792+0000] {dag.py:3096} INFO - Sync 3 DAGs
[2026-09-09T08:11:35.842+0000] {logging_mixin.py:188} INFO - [2026-09-09T08:11:35.842+0000] {dag.py:3954} INFO - Setting next_dagrun for data_quality to 2026-09-09 16:00:00+00:00, run_after=2026-09-10 16:00:00+00:00
[2026-09-09T08:11:35.858+0000] {logging_mixin.py:188} INFO - [2026-09-09T08:11:35.858+0000] {dag.py:3954} INFO - Setting next_dagrun for produce_json to 2026-09-09 14:00:00+00:00, run_after=2026-09-10 14:00:00+00:00
[2026-09-09T08:11:35.864+0000] {logging_mixin.py:188} INFO - [2026-09-09T08:11:35.863+0000] {dag.py:3954} INFO - Setting next_dagrun for update_db to 2026-09-09 15:00:00+00:00, run_after=2026-09-10 15:00:00+00:00
[2026-09-09T08:11:35.903+0000] {processor.py:183} INFO - Processing /opt/airflow/dags/main.py took 0.818 seconds
[2026-09-09T08:12:06.300+0000] {processor.py:161} INFO - Started process (PID=641) to work on /opt/airflow/dags/main.py
[2026-09-09T08:12:06.303+0000] {processor.py:830} INFO - Processing file /opt/airflow/dags/main.py for tasks to queue
[2026-09-09T08:12:06.317+0000] {logging_mixin.py:188} INFO - [2026-09-09T08:12:06.317+0000] {dagbag.py:545} INFO - Filling up the DagBag from /opt/airflow/dags/main.py
[2026-09-09T08:12:06.978+0000] {logging_mixin.py:188} INFO - channel id is not executed
[2026-09-09T08:12:07.520+0000] {processor.py:840} INFO - DAG(s) 'produce_json', 'data_quality', 'update_db' retrieved from /opt/airflow/dags/main.py
[2026-09-09T08:12:08.331+0000] {logging_mixin.py:188} INFO - [2026-09-09T08:12:08.322+0000] {dag.py:3096} INFO - Sync 3 DAGs
[2026-09-09T08:12:08.427+0000] {logging_mixin.py:188} INFO - [2026-09-09T08:12:08.427+0000] {dag.py:3954} INFO - Setting next_dagrun for data_quality to 2026-09-09 16:00:00+00:00, run_after=2026-09-10 16:00:00+00:00
[2026-09-09T08:12:08.444+0000] {logging_mixin.py:188} INFO - [2026-09-09T08:12:08.444+0000] {dag.py:3954} INFO - Setting next_dagrun for produce_json to 2026-09-09 14:00:00+00:00, run_after=2026-09-10 14:00:00+00:00
[2026-09-09T08:12:08.460+0000] {logging_mixin.py:188} INFO - [2026-09-09T08:12:08.459+0000] {dag.py:3954} INFO - Setting next_dagrun for update_db to 2026-09-09 15:00:00+00:00, run_after=2026-09-10 15:00:00+00:00
[2026-09-09T08:12:08.538+0000] {processor.py:183} INFO - Processing /opt/airflow/dags/main.py took 2.258 seconds
[2026-09-09T08:12:39.595+0000] {processor.py:161} INFO - Started process (PID=648) to work on /opt/airflow/dags/main.py
[2026-09-09T08:12:39.602+0000] {processor.py:830} INFO - Processing file /opt/airflow/dags/main.py for tasks to queue
[2026-09-09T08:12:39.625+0000] {logging_mixin.py:188} INFO - [2026-09-09T08:12:39.623+0000] {dagbag.py:545} INFO - Filling up the DagBag from /opt/airflow/dags/main.py
[2026-09-09T08:12:39.759+0000] {logging_mixin.py:188} INFO - channel id is not executed
[2026-09-09T08:12:40.391+0000] {processor.py:840} INFO - DAG(s) 'update_db', 'produce_json', 'data_quality' retrieved from /opt/airflow/dags/main.py
[2026-09-09T08:12:40.873+0000] {logging_mixin.py:188} INFO - [2026-09-09T08:12:40.873+0000] {dag.py:3096} INFO - Sync 3 DAGs
[2026-09-09T08:12:40.926+0000] {logging_mixin.py:188} INFO - [2026-09-09T08:12:40.925+0000] {dag.py:3954} INFO - Setting next_dagrun for data_quality to 2026-09-09 16:00:00+00:00, run_after=2026-09-10 16:00:00+00:00
[2026-09-09T08:12:40.940+0000] {logging_mixin.py:188} INFO - [2026-09-09T08:12:40.940+0000] {dag.py:3954} INFO - Setting next_dagrun for produce_json to 2026-09-09 14:00:00+00:00, run_after=2026-09-10 14:00:00+00:00
[2026-09-09T08:12:40.959+0000] {logging_mixin.py:188} INFO - [2026-09-09T08:12:40.959+0000] {dag.py:3954} INFO - Setting next_dagrun for update_db to 2026-09-09 15:00:00+00:00, run_after=2026-09-10 15:00:00+00:00
[2026-09-09T08:12:41.030+0000] {processor.py:183} INFO - Processing /opt/airflow/dags/main.py took 1.469 seconds
[2026-09-09T08:13:11.419+0000] {processor.py:161} INFO - Started process (PID=655) to work on /opt/airflow/dags/main.py
[2026-09-09T08:13:11.421+0000] {processor.py:830} INFO - Processing file /opt/airflow/dags/main.py for tasks to queue
[2026-09-09T08:13:11.426+0000] {logging_mixin.py:188} INFO - [2026-09-09T08:13:11.425+0000] {dagbag.py:545} INFO - Filling up the DagBag from /opt/airflow/dags/main.py
[2026-09-09T08:13:11.513+0000] {logging_mixin.py:188} INFO - channel id is not executed
[2026-09-09T08:13:11.955+0000] {processor.py:840} INFO - DAG(s) 'update_db', 'data_quality', 'produce_json' retrieved from /opt/airflow/dags/main.py
[2026-09-09T08:13:12.543+0000] {logging_mixin.py:188} INFO - [2026-09-09T08:13:12.543+0000] {dag.py:3096} INFO - Sync 3 DAGs
[2026-09-09T08:13:12.636+0000] {logging_mixin.py:188} INFO - [2026-09-09T08:13:12.636+0000] {dag.py:3954} INFO - Setting next_dagrun for data_quality to 2026-09-09 16:00:00+00:00, run_after=2026-09-10 16:00:00+00:00
[2026-09-09T08:13:12.666+0000] {logging_mixin.py:188} INFO - [2026-09-09T08:13:12.666+0000] {dag.py:3954} INFO - Setting next_dagrun for produce_json to 2026-09-09 14:00:00+00:00, run_after=2026-09-10 14:00:00+00:00
[2026-09-09T08:13:12.680+0000] {logging_mixin.py:188} INFO - [2026-09-09T08:13:12.672+0000] {dag.py:3954} INFO - Setting next_dagrun for update_db to 2026-09-09 15:00:00+00:00, run_after=2026-09-10 15:00:00+00:00
[2026-09-09T08:13:12.753+0000] {processor.py:183} INFO - Processing /opt/airflow/dags/main.py took 1.343 seconds
[2026-09-09T08:13:42.909+0000] {processor.py:161} INFO - Started process (PID=662) to work on /opt/airflow/dags/main.py
[2026-09-09T08:13:42.912+0000] {processor.py:830} INFO - Processing file /opt/airflow/dags/main.py for tasks to queue
[2026-09-09T08:13:42.916+0000] {logging_mixin.py:188} INFO - [2026-09-09T08:13:42.916+0000] {dagbag.py:545} INFO - Filling up the DagBag from /opt/airflow/dags/main.py
[2026-09-09T08:13:42.981+0000] {logging_mixin.py:188} INFO - channel id is not executed
[2026-09-09T08:13:43.184+0000] {processor.py:840} INFO - DAG(s) 'data_quality', 'produce_json', 'update_db' retrieved from /opt/airflow/dags/main.py
[2026-09-09T08:13:43.434+0000] {logging_mixin.py:188} INFO - [2026-09-09T08:13:43.434+0000] {dag.py:3096} INFO - Sync 3 DAGs
[2026-09-09T08:13:43.489+0000] {logging_mixin.py:188} INFO - [2026-09-09T08:13:43.488+0000] {dag.py:3954} INFO - Setting next_dagrun for data_quality to 2026-09-09 16:00:00+00:00, run_after=2026-09-10 16:00:00+00:00
[2026-09-09T08:13:43.503+0000] {logging_mixin.py:188} INFO - [2026-09-09T08:13:43.503+0000] {dag.py:3954} INFO - Setting next_dagrun for produce_json to 2026-09-09 14:00:00+00:00, run_after=2026-09-10 14:00:00+00:00
[2026-09-09T08:13:43.516+0000] {logging_mixin.py:188} INFO - [2026-09-09T08:13:43.515+0000] {dag.py:3954} INFO - Setting next_dagrun for update_db to 2026-09-09 15:00:00+00:00, run_after=2026-09-10 15:00:00+00:00
[2026-09-09T08:13:43.597+0000] {processor.py:183} INFO - Processing /opt/airflow/dags/main.py took 0.692 seconds
[2026-09-09T08:14:13.678+0000] {processor.py:161} INFO - Started process (PID=669) to work on /opt/airflow/dags/main.py
[2026-09-09T08:14:13.681+0000] {processor.py:830} INFO - Processing file /opt/airflow/dags/main.py for tasks to queue
[2026-09-09T08:14:13.686+0000] {logging_mixin.py:188} INFO - [2026-09-09T08:14:13.685+0000] {dagbag.py:545} INFO - Filling up the DagBag from /opt/airflow/dags/main.py
[2026-09-09T08:14:13.779+0000] {logging_mixin.py:188} INFO - channel id is not executed
[2026-09-09T08:14:14.004+0000] {processor.py:840} INFO - DAG(s) 'produce_json', 'update_db', 'data_quality' retrieved from /opt/airflow/dags/main.py
[2026-09-09T08:14:14.240+0000] {logging_mixin.py:188} INFO - [2026-09-09T08:14:14.240+0000] {dag.py:3096} INFO - Sync 3 DAGs
[2026-09-09T08:14:14.278+0000] {logging_mixin.py:188} INFO - [2026-09-09T08:14:14.277+0000] {dag.py:3954} INFO - Setting next_dagrun for data_quality to 2026-09-09 16:00:00+00:00, run_after=2026-09-10 16:00:00+00:00
[2026-09-09T08:14:14.286+0000] {logging_mixin.py:188} INFO - [2026-09-09T08:14:14.286+0000] {dag.py:3954} INFO - Setting next_dagrun for produce_json to 2026-09-09 14:00:00+00:00, run_after=2026-09-10 14:00:00+00:00
[2026-09-09T08:14:14.292+0000] {logging_mixin.py:188} INFO - [2026-09-09T08:14:14.292+0000] {dag.py:3954} INFO - Setting next_dagrun for update_db to 2026-09-09 15:00:00+00:00, run_after=2026-09-10 15:00:00+00:00
[2026-09-09T08:14:14.342+0000] {processor.py:183} INFO - Processing /opt/airflow/dags/main.py took 0.673 seconds
[2026-09-09T08:14:44.728+0000] {processor.py:161} INFO - Started process (PID=677) to work on /opt/airflow/dags/main.py
[2026-09-09T08:14:44.731+0000] {processor.py:830} INFO - Processing file /opt/airflow/dags/main.py for tasks to queue
[2026-09-09T08:14:44.746+0000] {logging_mixin.py:188} INFO - [2026-09-09T08:14:44.746+0000] {dagbag.py:545} INFO - Filling up the DagBag from /opt/airflow/dags/main.py
[2026-09-09T08:14:44.966+0000] {logging_mixin.py:188} INFO - channel id is not executed
[2026-09-09T08:14:45.210+0000] {processor.py:840} INFO - DAG(s) 'data_quality', 'produce_json', 'update_db' retrieved from /opt/airflow/dags/main.py
[2026-09-09T08:14:45.709+0000] {logging_mixin.py:188} INFO - [2026-09-09T08:14:45.709+0000] {dag.py:3096} INFO - Sync 3 DAGs
[2026-09-09T08:14:45.759+0000] {logging_mixin.py:188} INFO - [2026-09-09T08:14:45.759+0000] {dag.py:3954} INFO - Setting next_dagrun for data_quality to 2026-09-09 16:00:00+00:00, run_after=2026-09-10 16:00:00+00:00
[2026-09-09T08:14:45.768+0000] {logging_mixin.py:188} INFO - [2026-09-09T08:14:45.768+0000] {dag.py:3954} INFO - Setting next_dagrun for produce_json to 2026-09-09 14:00:00+00:00, run_after=2026-09-10 14:00:00+00:00
[2026-09-09T08:14:45.780+0000] {logging_mixin.py:188} INFO - [2026-09-09T08:14:45.779+0000] {dag.py:3954} INFO - Setting next_dagrun for update_db to 2026-09-09 15:00:00+00:00, run_after=2026-09-10 15:00:00+00:00
[2026-09-09T08:14:45.838+0000] {processor.py:183} INFO - Processing /opt/airflow/dags/main.py took 1.127 seconds
[2026-09-09T08:15:16.256+0000] {processor.py:161} INFO - Started process (PID=684) to work on /opt/airflow/dags/main.py
[2026-09-09T08:15:16.282+0000] {processor.py:830} INFO - Processing file /opt/airflow/dags/main.py for tasks to queue
[2026-09-09T08:15:16.315+0000] {logging_mixin.py:188} INFO - [2026-09-09T08:15:16.311+0000] {dagbag.py:545} INFO - Filling up the DagBag from /opt/airflow/dags/main.py
[2026-09-09T08:15:16.467+0000] {logging_mixin.py:188} INFO - channel id is not executed
[2026-09-09T08:15:16.926+0000] {processor.py:840} INFO - DAG(s) 'update_db', 'data_quality', 'produce_json' retrieved from /opt/airflow/dags/main.py
[2026-09-09T08:15:18.783+0000] {logging_mixin.py:188} INFO - [2026-09-09T08:15:18.782+0000] {dag.py:3096} INFO - Sync 3 DAGs
[2026-09-09T08:15:18.918+0000] {logging_mixin.py:188} INFO - [2026-09-09T08:15:18.918+0000] {dag.py:3954} INFO - Setting next_dagrun for data_quality to 2026-09-09 16:00:00+00:00, run_after=2026-09-10 16:00:00+00:00
[2026-09-09T08:15:18.950+0000] {logging_mixin.py:188} INFO - [2026-09-09T08:15:18.949+0000] {dag.py:3954} INFO - Setting next_dagrun for produce_json to 2026-09-09 14:00:00+00:00, run_after=2026-09-10 14:00:00+00:00
[2026-09-09T08:15:18.979+0000] {logging_mixin.py:188} INFO - [2026-09-09T08:15:18.968+0000] {dag.py:3954} INFO - Setting next_dagrun for update_db to 2026-09-09 15:00:00+00:00, run_after=2026-09-10 15:00:00+00:00
[2026-09-09T08:15:19.151+0000] {processor.py:183} INFO - Processing /opt/airflow/dags/main.py took 2.926 seconds
[2026-09-09T08:15:50.161+0000] {processor.py:161} INFO - Started process (PID=691) to work on /opt/airflow/dags/main.py
[2026-09-09T08:15:50.163+0000] {processor.py:830} INFO - Processing file /opt/airflow/dags/main.py for tasks to queue
[2026-09-09T08:15:50.167+0000] {logging_mixin.py:188} INFO - [2026-09-09T08:15:50.167+0000] {dagbag.py:545} INFO - Filling up the DagBag from /opt/airflow/dags/main.py
[2026-09-09T08:15:50.238+0000] {logging_mixin.py:188} INFO - channel id is not executed
[2026-09-09T08:15:50.377+0000] {processor.py:840} INFO - DAG(s) 'update_db', 'data_quality', 'produce_json' retrieved from /opt/airflow/dags/main.py
[2026-09-09T08:15:50.618+0000] {logging_mixin.py:188} INFO - [2026-09-09T08:15:50.618+0000] {dag.py:3096} INFO - Sync 3 DAGs
[2026-09-09T08:15:50.657+0000] {logging_mixin.py:188} INFO - [2026-09-09T08:15:50.657+0000] {dag.py:3954} INFO - Setting next_dagrun for data_quality to 2026-09-09 16:00:00+00:00, run_after=2026-09-10 16:00:00+00:00
[2026-09-09T08:15:50.666+0000] {logging_mixin.py:188} INFO - [2026-09-09T08:15:50.666+0000] {dag.py:3954} INFO - Setting next_dagrun for produce_json to 2026-09-09 14:00:00+00:00, run_after=2026-09-10 14:00:00+00:00
[2026-09-09T08:15:50.672+0000] {logging_mixin.py:188} INFO - [2026-09-09T08:15:50.672+0000] {dag.py:3954} INFO - Setting next_dagrun for update_db to 2026-09-09 15:00:00+00:00, run_after=2026-09-10 15:00:00+00:00
[2026-09-09T08:15:50.715+0000] {processor.py:183} INFO - Processing /opt/airflow/dags/main.py took 0.563 seconds
[2026-09-09T08:16:21.062+0000] {processor.py:161} INFO - Started process (PID=698) to work on /opt/airflow/dags/main.py
[2026-09-09T08:16:21.064+0000] {processor.py:830} INFO - Processing file /opt/airflow/dags/main.py for tasks to queue
[2026-09-09T08:16:21.068+0000] {logging_mixin.py:188} INFO - [2026-09-09T08:16:21.068+0000] {dagbag.py:545} INFO - Filling up the DagBag from /opt/airflow/dags/main.py
[2026-09-09T08:16:21.162+0000] {logging_mixin.py:188} INFO - channel id is not executed
[2026-09-09T08:16:21.307+0000] {processor.py:840} INFO - DAG(s) 'produce_json', 'update_db', 'data_quality' retrieved from /opt/airflow/dags/main.py
[2026-09-09T08:16:21.572+0000] {logging_mixin.py:188} INFO - [2026-09-09T08:16:21.571+0000] {dag.py:3096} INFO - Sync 3 DAGs
[2026-09-09T08:16:21.617+0000] {logging_mixin.py:188} INFO - [2026-09-09T08:16:21.617+0000] {dag.py:3954} INFO - Setting next_dagrun for data_quality to 2026-09-09 16:00:00+00:00, run_after=2026-09-10 16:00:00+00:00
[2026-09-09T08:16:21.628+0000] {logging_mixin.py:188} INFO - [2026-09-09T08:16:21.627+0000] {dag.py:3954} INFO - Setting next_dagrun for produce_json to 2026-09-09 14:00:00+00:00, run_after=2026-09-10 14:00:00+00:00
[2026-09-09T08:16:21.633+0000] {logging_mixin.py:188} INFO - [2026-09-09T08:16:21.633+0000] {dag.py:3954} INFO - Setting next_dagrun for update_db to 2026-09-09 15:00:00+00:00, run_after=2026-09-10 15:00:00+00:00
[2026-09-09T08:16:21.679+0000] {processor.py:183} INFO - Processing /opt/airflow/dags/main.py took 0.627 seconds
[2026-09-09T08:16:51.768+0000] {processor.py:161} INFO - Started process (PID=705) to work on /opt/airflow/dags/main.py
[2026-09-09T08:16:51.770+0000] {processor.py:830} INFO - Processing file /opt/airflow/dags/main.py for tasks to queue
[2026-09-09T08:16:51.775+0000] {logging_mixin.py:188} INFO - [2026-09-09T08:16:51.774+0000] {dagbag.py:545} INFO - Filling up the DagBag from /opt/airflow/dags/main.py
[2026-09-09T08:16:51.867+0000] {logging_mixin.py:188} INFO - channel id is not executed
[2026-09-09T08:16:52.052+0000] {processor.py:840} INFO - DAG(s) 'update_db', 'data_quality', 'produce_json' retrieved from /opt/airflow/dags/main.py
[2026-09-09T08:16:52.598+0000] {logging_mixin.py:188} INFO - [2026-09-09T08:16:52.597+0000] {dag.py:3096} INFO - Sync 3 DAGs
[2026-09-09T08:16:52.766+0000] {logging_mixin.py:188} INFO - [2026-09-09T08:16:52.765+0000] {dag.py:3954} INFO - Setting next_dagrun for data_quality to 2026-09-09 16:00:00+00:00, run_after=2026-09-10 16:00:00+00:00
[2026-09-09T08:16:52.910+0000] {logging_mixin.py:188} INFO - [2026-09-09T08:16:52.910+0000] {dag.py:3954} INFO - Setting next_dagrun for produce_json to 2026-09-09 14:00:00+00:00, run_after=2026-09-10 14:00:00+00:00
[2026-09-09T08:16:52.985+0000] {logging_mixin.py:188} INFO - [2026-09-09T08:16:52.985+0000] {dag.py:3954} INFO - Setting next_dagrun for update_db to 2026-09-09 15:00:00+00:00, run_after=2026-09-10 15:00:00+00:00
[2026-09-09T08:16:53.087+0000] {processor.py:183} INFO - Processing /opt/airflow/dags/main.py took 1.333 seconds
[2026-09-09T08:17:23.475+0000] {processor.py:161} INFO - Started process (PID=712) to work on /opt/airflow/dags/main.py
[2026-09-09T08:17:23.479+0000] {processor.py:830} INFO - Processing file /opt/airflow/dags/main.py for tasks to queue
[2026-09-09T08:17:23.488+0000] {logging_mixin.py:188} INFO - [2026-09-09T08:17:23.487+0000] {dagbag.py:545} INFO - Filling up the DagBag from /opt/airflow/dags/main.py
[2026-09-09T08:17:23.583+0000] {logging_mixin.py:188} INFO - channel id is not executed
[2026-09-09T08:17:23.791+0000] {processor.py:840} INFO - DAG(s) 'produce_json', 'data_quality', 'update_db' retrieved from /opt/airflow/dags/main.py
[2026-09-09T08:17:24.104+0000] {logging_mixin.py:188} INFO - [2026-09-09T08:17:24.103+0000] {dag.py:3096} INFO - Sync 3 DAGs
[2026-09-09T08:17:24.159+0000] {logging_mixin.py:188} INFO - [2026-09-09T08:17:24.159+0000] {dag.py:3954} INFO - Setting next_dagrun for data_quality to 2026-09-09 16:00:00+00:00, run_after=2026-09-10 16:00:00+00:00
[2026-09-09T08:17:24.168+0000] {logging_mixin.py:188} INFO - [2026-09-09T08:17:24.168+0000] {dag.py:3954} INFO - Setting next_dagrun for produce_json to 2026-09-09 14:00:00+00:00, run_after=2026-09-10 14:00:00+00:00
[2026-09-09T08:17:24.174+0000] {logging_mixin.py:188} INFO - [2026-09-09T08:17:24.173+0000] {dag.py:3954} INFO - Setting next_dagrun for update_db to 2026-09-09 15:00:00+00:00, run_after=2026-09-10 15:00:00+00:00
[2026-09-09T08:17:24.216+0000] {processor.py:183} INFO - Processing /opt/airflow/dags/main.py took 0.763 seconds
[2026-09-09T08:17:54.514+0000] {processor.py:161} INFO - Started process (PID=719) to work on /opt/airflow/dags/main.py
[2026-09-09T08:17:54.517+0000] {processor.py:830} INFO - Processing file /opt/airflow/dags/main.py for tasks to queue
[2026-09-09T08:17:54.521+0000] {logging_mixin.py:188} INFO - [2026-09-09T08:17:54.521+0000] {dagbag.py:545} INFO - Filling up the DagBag from /opt/airflow/dags/main.py
[2026-09-09T08:17:54.593+0000] {logging_mixin.py:188} INFO - channel id is not executed
[2026-09-09T08:17:54.818+0000] {processor.py:840} INFO - DAG(s) 'produce_json', 'update_db', 'data_quality' retrieved from /opt/airflow/dags/main.py
[2026-09-09T08:17:55.073+0000] {logging_mixin.py:188} INFO - [2026-09-09T08:17:55.072+0000] {dag.py:3096} INFO - Sync 3 DAGs
[2026-09-09T08:17:55.109+0000] {logging_mixin.py:188} INFO - [2026-09-09T08:17:55.109+0000] {dag.py:3954} INFO - Setting next_dagrun for data_quality to 2026-09-09 16:00:00+00:00, run_after=2026-09-10 16:00:00+00:00
[2026-09-09T08:17:55.119+0000] {logging_mixin.py:188} INFO - [2026-09-09T08:17:55.119+0000] {dag.py:3954} INFO - Setting next_dagrun for produce_json to 2026-09-09 14:00:00+00:00, run_after=2026-09-10 14:00:00+00:00
[2026-09-09T08:17:55.126+0000] {logging_mixin.py:188} INFO - [2026-09-09T08:17:55.125+0000] {dag.py:3954} INFO - Setting next_dagrun for update_db to 2026-09-09 15:00:00+00:00, run_after=2026-09-10 15:00:00+00:00
[2026-09-09T08:17:55.178+0000] {processor.py:183} INFO - Processing /opt/airflow/dags/main.py took 0.684 seconds
[2026-09-09T08:18:27.407+0000] {processor.py:161} INFO - Started process (PID=725) to work on /opt/airflow/dags/main.py
[2026-09-09T08:18:27.420+0000] {processor.py:830} INFO - Processing file /opt/airflow/dags/main.py for tasks to queue
[2026-09-09T08:18:27.441+0000] {logging_mixin.py:188} INFO - [2026-09-09T08:18:27.440+0000] {dagbag.py:545} INFO - Filling up the DagBag from /opt/airflow/dags/main.py
[2026-09-09T08:18:27.536+0000] {logging_mixin.py:188} INFO - channel id is not executed
[2026-09-09T08:18:27.697+0000] {processor.py:840} INFO - DAG(s) 'update_db', 'data_quality', 'produce_json' retrieved from /opt/airflow/dags/main.py
[2026-09-09T08:18:28.010+0000] {logging_mixin.py:188} INFO - [2026-09-09T08:18:28.009+0000] {dag.py:3096} INFO - Sync 3 DAGs
[2026-09-09T08:18:28.045+0000] {logging_mixin.py:188} INFO - [2026-09-09T08:18:28.045+0000] {dag.py:3954} INFO - Setting next_dagrun for data_quality to 2026-09-09 16:00:00+00:00, run_after=2026-09-10 16:00:00+00:00
[2026-09-09T08:18:28.054+0000] {logging_mixin.py:188} INFO - [2026-09-09T08:18:28.053+0000] {dag.py:3954} INFO - Setting next_dagrun for produce_json to 2026-09-09 14:00:00+00:00, run_after=2026-09-10 14:00:00+00:00
[2026-09-09T08:18:28.059+0000] {logging_mixin.py:188} INFO - [2026-09-09T08:18:28.059+0000] {dag.py:3954} INFO - Setting next_dagrun for update_db to 2026-09-09 15:00:00+00:00, run_after=2026-09-10 15:00:00+00:00
[2026-09-09T08:18:28.110+0000] {processor.py:183} INFO - Processing /opt/airflow/dags/main.py took 0.738 seconds
[2026-09-09T08:18:58.702+0000] {processor.py:161} INFO - Started process (PID=732) to work on /opt/airflow/dags/main.py
[2026-09-09T08:18:58.704+0000] {processor.py:830} INFO - Processing file /opt/airflow/dags/main.py for tasks to queue
[2026-09-09T08:18:58.709+0000] {logging_mixin.py:188} INFO - [2026-09-09T08:18:58.709+0000] {dagbag.py:545} INFO - Filling up the DagBag from /opt/airflow/dags/main.py
[2026-09-09T08:18:58.788+0000] {logging_mixin.py:188} INFO - channel id is not executed
[2026-09-09T08:18:58.924+0000] {processor.py:840} INFO - DAG(s) 'data_quality', 'produce_json', 'update_db' retrieved from /opt/airflow/dags/main.py
[2026-09-09T08:18:59.142+0000] {logging_mixin.py:188} INFO - [2026-09-09T08:18:59.142+0000] {dag.py:3096} INFO - Sync 3 DAGs
[2026-09-09T08:18:59.177+0000] {logging_mixin.py:188} INFO - [2026-09-09T08:18:59.177+0000] {dag.py:3954} INFO - Setting next_dagrun for data_quality to 2026-09-09 16:00:00+00:00, run_after=2026-09-10 16:00:00+00:00
[2026-09-09T08:18:59.185+0000] {logging_mixin.py:188} INFO - [2026-09-09T08:18:59.185+0000] {dag.py:3954} INFO - Setting next_dagrun for produce_json to 2026-09-09 14:00:00+00:00, run_after=2026-09-10 14:00:00+00:00
[2026-09-09T08:18:59.191+0000] {logging_mixin.py:188} INFO - [2026-09-09T08:18:59.190+0000] {dag.py:3954} INFO - Setting next_dagrun for update_db to 2026-09-09 15:00:00+00:00, run_after=2026-09-10 15:00:00+00:00
[2026-09-09T08:18:59.251+0000] {processor.py:183} INFO - Processing /opt/airflow/dags/main.py took 0.558 seconds
[2026-09-09T08:19:29.678+0000] {processor.py:161} INFO - Started process (PID=739) to work on /opt/airflow/dags/main.py
[2026-09-09T08:19:29.686+0000] {processor.py:830} INFO - Processing file /opt/airflow/dags/main.py for tasks to queue
[2026-09-09T08:19:29.695+0000] {logging_mixin.py:188} INFO - [2026-09-09T08:19:29.694+0000] {dagbag.py:545} INFO - Filling up the DagBag from /opt/airflow/dags/main.py
[2026-09-09T08:19:29.892+0000] {logging_mixin.py:188} INFO - channel id is not executed
[2026-09-09T08:19:30.144+0000] {processor.py:840} INFO - DAG(s) 'produce_json', 'data_quality', 'update_db' retrieved from /opt/airflow/dags/main.py
[2026-09-09T08:19:30.729+0000] {logging_mixin.py:188} INFO - [2026-09-09T08:19:30.729+0000] {dag.py:3096} INFO - Sync 3 DAGs
[2026-09-09T08:19:30.808+0000] {logging_mixin.py:188} INFO - [2026-09-09T08:19:30.808+0000] {dag.py:3954} INFO - Setting next_dagrun for data_quality to 2026-09-09 16:00:00+00:00, run_after=2026-09-10 16:00:00+00:00
[2026-09-09T08:19:30.818+0000] {logging_mixin.py:188} INFO - [2026-09-09T08:19:30.818+0000] {dag.py:3954} INFO - Setting next_dagrun for produce_json to 2026-09-09 14:00:00+00:00, run_after=2026-09-10 14:00:00+00:00
[2026-09-09T08:19:30.825+0000] {logging_mixin.py:188} INFO - [2026-09-09T08:19:30.824+0000] {dag.py:3954} INFO - Setting next_dagrun for update_db to 2026-09-09 15:00:00+00:00, run_after=2026-09-10 15:00:00+00:00
[2026-09-09T08:19:30.881+0000] {processor.py:183} INFO - Processing /opt/airflow/dags/main.py took 1.223 seconds
[2026-09-09T08:20:01.168+0000] {processor.py:161} INFO - Started process (PID=746) to work on /opt/airflow/dags/main.py
[2026-09-09T08:20:01.171+0000] {processor.py:830} INFO - Processing file /opt/airflow/dags/main.py for tasks to queue
[2026-09-09T08:20:01.178+0000] {logging_mixin.py:188} INFO - [2026-09-09T08:20:01.177+0000] {dagbag.py:545} INFO - Filling up the DagBag from /opt/airflow/dags/main.py
[2026-09-09T08:20:01.318+0000] {logging_mixin.py:188} INFO - channel id is not executed
[2026-09-09T08:20:01.554+0000] {processor.py:840} INFO - DAG(s) 'data_quality', 'produce_json', 'update_db' retrieved from /opt/airflow/dags/main.py
[2026-09-09T08:20:01.947+0000] {logging_mixin.py:188} INFO - [2026-09-09T08:20:01.946+0000] {dag.py:3096} INFO - Sync 3 DAGs
[2026-09-09T08:20:02.004+0000] {logging_mixin.py:188} INFO - [2026-09-09T08:20:02.004+0000] {dag.py:3954} INFO - Setting next_dagrun for data_quality to 2026-09-09 16:00:00+00:00, run_after=2026-09-10 16:00:00+00:00
[2026-09-09T08:20:02.013+0000] {logging_mixin.py:188} INFO - [2026-09-09T08:20:02.012+0000] {dag.py:3954} INFO - Setting next_dagrun for produce_json to 2026-09-09 14:00:00+00:00, run_after=2026-09-10 14:00:00+00:00
[2026-09-09T08:20:02.018+0000] {logging_mixin.py:188} INFO - [2026-09-09T08:20:02.018+0000] {dag.py:3954} INFO - Setting next_dagrun for update_db to 2026-09-09 15:00:00+00:00, run_after=2026-09-10 15:00:00+00:00
[2026-09-09T08:20:02.061+0000] {processor.py:183} INFO - Processing /opt/airflow/dags/main.py took 0.913 seconds
[2026-09-09T08:20:32.202+0000] {processor.py:161} INFO - Started process (PID=753) to work on /opt/airflow/dags/main.py
[2026-09-09T08:20:32.205+0000] {processor.py:830} INFO - Processing file /opt/airflow/dags/main.py for tasks to queue
[2026-09-09T08:20:32.210+0000] {logging_mixin.py:188} INFO - [2026-09-09T08:20:32.209+0000] {dagbag.py:545} INFO - Filling up the DagBag from /opt/airflow/dags/main.py
[2026-09-09T08:20:32.301+0000] {logging_mixin.py:188} INFO - channel id is not executed
[2026-09-09T08:20:32.425+0000] {processor.py:840} INFO - DAG(s) 'produce_json', 'update_db', 'data_quality' retrieved from /opt/airflow/dags/main.py
[2026-09-09T08:20:32.731+0000] {logging_mixin.py:188} INFO - [2026-09-09T08:20:32.731+0000] {dag.py:3096} INFO - Sync 3 DAGs
[2026-09-09T08:20:32.769+0000] {logging_mixin.py:188} INFO - [2026-09-09T08:20:32.769+0000] {dag.py:3954} INFO - Setting next_dagrun for data_quality to 2026-09-09 16:00:00+00:00, run_after=2026-09-10 16:00:00+00:00
[2026-09-09T08:20:32.779+0000] {logging_mixin.py:188} INFO - [2026-09-09T08:20:32.778+0000] {dag.py:3954} INFO - Setting next_dagrun for produce_json to 2026-09-09 14:00:00+00:00, run_after=2026-09-10 14:00:00+00:00
[2026-09-09T08:20:32.786+0000] {logging_mixin.py:188} INFO - [2026-09-09T08:20:32.786+0000] {dag.py:3954} INFO - Setting next_dagrun for update_db to 2026-09-09 15:00:00+00:00, run_after=2026-09-10 15:00:00+00:00
[2026-09-09T08:20:32.824+0000] {processor.py:183} INFO - Processing /opt/airflow/dags/main.py took 0.633 seconds
[2026-09-09T08:21:02.938+0000] {processor.py:161} INFO - Started process (PID=760) to work on /opt/airflow/dags/main.py
[2026-09-09T08:21:02.941+0000] {processor.py:830} INFO - Processing file /opt/airflow/dags/main.py for tasks to queue
[2026-09-09T08:21:02.947+0000] {logging_mixin.py:188} INFO - [2026-09-09T08:21:02.946+0000] {dagbag.py:545} INFO - Filling up the DagBag from /opt/airflow/dags/main.py
[2026-09-09T08:21:03.055+0000] {logging_mixin.py:188} INFO - channel id is not executed
[2026-09-09T08:21:03.217+0000] {processor.py:840} INFO - DAG(s) 'data_quality', 'update_db', 'produce_json' retrieved from /opt/airflow/dags/main.py
[2026-09-09T08:21:03.451+0000] {logging_mixin.py:188} INFO - [2026-09-09T08:21:03.450+0000] {dag.py:3096} INFO - Sync 3 DAGs
[2026-09-09T08:21:03.493+0000] {logging_mixin.py:188} INFO - [2026-09-09T08:21:03.493+0000] {dag.py:3954} INFO - Setting next_dagrun for data_quality to 2026-09-09 16:00:00+00:00, run_after=2026-09-10 16:00:00+00:00
[2026-09-09T08:21:03.502+0000] {logging_mixin.py:188} INFO - [2026-09-09T08:21:03.502+0000] {dag.py:3954} INFO - Setting next_dagrun for produce_json to 2026-09-09 14:00:00+00:00, run_after=2026-09-10 14:00:00+00:00
[2026-09-09T08:21:03.508+0000] {logging_mixin.py:188} INFO - [2026-09-09T08:21:03.508+0000] {dag.py:3954} INFO - Setting next_dagrun for update_db to 2026-09-09 15:00:00+00:00, run_after=2026-09-10 15:00:00+00:00
[2026-09-09T08:21:03.561+0000] {processor.py:183} INFO - Processing /opt/airflow/dags/main.py took 0.632 seconds
[2026-09-09T08:21:33.815+0000] {processor.py:161} INFO - Started process (PID=767) to work on /opt/airflow/dags/main.py
[2026-09-09T08:21:33.819+0000] {processor.py:830} INFO - Processing file /opt/airflow/dags/main.py for tasks to queue
[2026-09-09T08:21:33.833+0000] {logging_mixin.py:188} INFO - [2026-09-09T08:21:33.832+0000] {dagbag.py:545} INFO - Filling up the DagBag from /opt/airflow/dags/main.py
[2026-09-09T08:21:33.938+0000] {logging_mixin.py:188} INFO - channel id is not executed
[2026-09-09T08:21:34.103+0000] {processor.py:840} INFO - DAG(s) 'update_db', 'data_quality', 'produce_json' retrieved from /opt/airflow/dags/main.py
[2026-09-09T08:21:34.482+0000] {logging_mixin.py:188} INFO - [2026-09-09T08:21:34.482+0000] {dag.py:3096} INFO - Sync 3 DAGs
[2026-09-09T08:21:34.532+0000] {logging_mixin.py:188} INFO - [2026-09-09T08:21:34.532+0000] {dag.py:3954} INFO - Setting next_dagrun for data_quality to 2026-09-09 16:00:00+00:00, run_after=2026-09-10 16:00:00+00:00
[2026-09-09T08:21:34.544+0000] {logging_mixin.py:188} INFO - [2026-09-09T08:21:34.543+0000] {dag.py:3954} INFO - Setting next_dagrun for produce_json to 2026-09-09 14:00:00+00:00, run_after=2026-09-10 14:00:00+00:00
[2026-09-09T08:21:34.553+0000] {logging_mixin.py:188} INFO - [2026-09-09T08:21:34.552+0000] {dag.py:3954} INFO - Setting next_dagrun for update_db to 2026-09-09 15:00:00+00:00, run_after=2026-09-10 15:00:00+00:00
[2026-09-09T08:21:34.621+0000] {processor.py:183} INFO - Processing /opt/airflow/dags/main.py took 0.856 seconds
[2026-09-09T08:22:04.860+0000] {processor.py:161} INFO - Started process (PID=774) to work on /opt/airflow/dags/main.py
[2026-09-09T08:22:04.872+0000] {processor.py:830} INFO - Processing file /opt/airflow/dags/main.py for tasks to queue
[2026-09-09T08:22:04.877+0000] {logging_mixin.py:188} INFO - [2026-09-09T08:22:04.876+0000] {dagbag.py:545} INFO - Filling up the DagBag from /opt/airflow/dags/main.py
[2026-09-09T08:22:04.992+0000] {logging_mixin.py:188} INFO - channel id is not executed
[2026-09-09T08:22:05.196+0000] {processor.py:840} INFO - DAG(s) 'data_quality', 'produce_json', 'update_db' retrieved from /opt/airflow/dags/main.py
[2026-09-09T08:22:05.537+0000] {logging_mixin.py:188} INFO - [2026-09-09T08:22:05.537+0000] {dag.py:3096} INFO - Sync 3 DAGs
[2026-09-09T08:22:05.618+0000] {logging_mixin.py:188} INFO - [2026-09-09T08:22:05.617+0000] {dag.py:3954} INFO - Setting next_dagrun for data_quality to 2026-09-09 16:00:00+00:00, run_after=2026-09-10 16:00:00+00:00
[2026-09-09T08:22:05.640+0000] {logging_mixin.py:188} INFO - [2026-09-09T08:22:05.628+0000] {dag.py:3954} INFO - Setting next_dagrun for produce_json to 2026-09-09 14:00:00+00:00, run_after=2026-09-10 14:00:00+00:00
[2026-09-09T08:22:05.647+0000] {logging_mixin.py:188} INFO - [2026-09-09T08:22:05.647+0000] {dag.py:3954} INFO - Setting next_dagrun for update_db to 2026-09-09 15:00:00+00:00, run_after=2026-09-10 15:00:00+00:00
[2026-09-09T08:22:05.708+0000] {processor.py:183} INFO - Processing /opt/airflow/dags/main.py took 0.858 seconds
[2026-09-09T08:22:36.186+0000] {processor.py:161} INFO - Started process (PID=781) to work on /opt/airflow/dags/main.py
[2026-09-09T08:22:36.188+0000] {processor.py:830} INFO - Processing file /opt/airflow/dags/main.py for tasks to queue
[2026-09-09T08:22:36.194+0000] {logging_mixin.py:188} INFO - [2026-09-09T08:22:36.193+0000] {dagbag.py:545} INFO - Filling up the DagBag from /opt/airflow/dags/main.py
[2026-09-09T08:22:36.472+0000] {logging_mixin.py:188} INFO - channel id is not executed
[2026-09-09T08:22:36.769+0000] {processor.py:840} INFO - DAG(s) 'data_quality', 'update_db', 'produce_json' retrieved from /opt/airflow/dags/main.py
[2026-09-09T08:22:37.268+0000] {logging_mixin.py:188} INFO - [2026-09-09T08:22:37.256+0000] {dag.py:3096} INFO - Sync 3 DAGs
[2026-09-09T08:22:37.401+0000] {logging_mixin.py:188} INFO - [2026-09-09T08:22:37.401+0000] {dag.py:3954} INFO - Setting next_dagrun for data_quality to 2026-09-09 16:00:00+00:00, run_after=2026-09-10 16:00:00+00:00
[2026-09-09T08:22:37.474+0000] {logging_mixin.py:188} INFO - [2026-09-09T08:22:37.474+0000] {dag.py:3954} INFO - Setting next_dagrun for produce_json to 2026-09-09 14:00:00+00:00, run_after=2026-09-10 14:00:00+00:00
[2026-09-09T08:22:37.537+0000] {logging_mixin.py:188} INFO - [2026-09-09T08:22:37.537+0000] {dag.py:3954} INFO - Setting next_dagrun for update_db to 2026-09-09 15:00:00+00:00, run_after=2026-09-10 15:00:00+00:00
[2026-09-09T08:22:37.664+0000] {processor.py:183} INFO - Processing /opt/airflow/dags/main.py took 1.488 seconds
[2026-09-09T08:23:08.650+0000] {processor.py:161} INFO - Started process (PID=788) to work on /opt/airflow/dags/main.py
[2026-09-09T08:23:08.655+0000] {processor.py:830} INFO - Processing file /opt/airflow/dags/main.py for tasks to queue
[2026-09-09T08:23:08.664+0000] {logging_mixin.py:188} INFO - [2026-09-09T08:23:08.663+0000] {dagbag.py:545} INFO - Filling up the DagBag from /opt/airflow/dags/main.py
[2026-09-09T08:23:08.784+0000] {logging_mixin.py:188} INFO - channel id is not executed
[2026-09-09T08:23:08.983+0000] {processor.py:840} INFO - DAG(s) 'produce_json', 'update_db', 'data_quality' retrieved from /opt/airflow/dags/main.py
[2026-09-09T08:23:09.347+0000] {logging_mixin.py:188} INFO - [2026-09-09T08:23:09.346+0000] {dag.py:3096} INFO - Sync 3 DAGs
[2026-09-09T08:23:09.388+0000] {logging_mixin.py:188} INFO - [2026-09-09T08:23:09.388+0000] {dag.py:3954} INFO - Setting next_dagrun for data_quality to 2026-09-09 16:00:00+00:00, run_after=2026-09-10 16:00:00+00:00
[2026-09-09T08:23:09.397+0000] {logging_mixin.py:188} INFO - [2026-09-09T08:23:09.397+0000] {dag.py:3954} INFO - Setting next_dagrun for produce_json to 2026-09-09 14:00:00+00:00, run_after=2026-09-10 14:00:00+00:00
[2026-09-09T08:23:09.416+0000] {logging_mixin.py:188} INFO - [2026-09-09T08:23:09.415+0000] {dag.py:3954} INFO - Setting next_dagrun for update_db to 2026-09-09 15:00:00+00:00, run_after=2026-09-10 15:00:00+00:00
[2026-09-09T08:23:09.477+0000] {processor.py:183} INFO - Processing /opt/airflow/dags/main.py took 0.847 seconds
[2026-09-09T08:23:39.906+0000] {processor.py:161} INFO - Started process (PID=795) to work on /opt/airflow/dags/main.py
[2026-09-09T08:23:39.910+0000] {processor.py:830} INFO - Processing file /opt/airflow/dags/main.py for tasks to queue
[2026-09-09T08:23:39.915+0000] {logging_mixin.py:188} INFO - [2026-09-09T08:23:39.915+0000] {dagbag.py:545} INFO - Filling up the DagBag from /opt/airflow/dags/main.py
[2026-09-09T08:23:40.090+0000] {logging_mixin.py:188} INFO - channel id is not executed
[2026-09-09T08:23:40.809+0000] {processor.py:840} INFO - DAG(s) 'data_quality', 'update_db', 'produce_json' retrieved from /opt/airflow/dags/main.py
[2026-09-09T08:23:41.539+0000] {logging_mixin.py:188} INFO - [2026-09-09T08:23:41.539+0000] {dag.py:3096} INFO - Sync 3 DAGs
[2026-09-09T08:23:41.680+0000] {logging_mixin.py:188} INFO - [2026-09-09T08:23:41.679+0000] {dag.py:3954} INFO - Setting next_dagrun for data_quality to 2026-09-09 16:00:00+00:00, run_after=2026-09-10 16:00:00+00:00
[2026-09-09T08:23:41.704+0000] {logging_mixin.py:188} INFO - [2026-09-09T08:23:41.704+0000] {dag.py:3954} INFO - Setting next_dagrun for produce_json to 2026-09-09 14:00:00+00:00, run_after=2026-09-10 14:00:00+00:00
[2026-09-09T08:23:41.726+0000] {logging_mixin.py:188} INFO - [2026-09-09T08:23:41.726+0000] {dag.py:3954} INFO - Setting next_dagrun for update_db to 2026-09-09 15:00:00+00:00, run_after=2026-09-10 15:00:00+00:00
[2026-09-09T08:23:41.792+0000] {processor.py:183} INFO - Processing /opt/airflow/dags/main.py took 1.901 seconds
[2026-09-09T08:24:11.901+0000] {processor.py:161} INFO - Started process (PID=802) to work on /opt/airflow/dags/main.py
[2026-09-09T08:24:11.904+0000] {processor.py:830} INFO - Processing file /opt/airflow/dags/main.py for tasks to queue
[2026-09-09T08:24:11.911+0000] {logging_mixin.py:188} INFO - [2026-09-09T08:24:11.910+0000] {dagbag.py:545} INFO - Filling up the DagBag from /opt/airflow/dags/main.py
[2026-09-09T08:24:11.990+0000] {logging_mixin.py:188} INFO - channel id is not executed
[2026-09-09T08:24:12.183+0000] {processor.py:840} INFO - DAG(s) 'produce_json', 'update_db', 'data_quality' retrieved from /opt/airflow/dags/main.py
[2026-09-09T08:24:12.551+0000] {logging_mixin.py:188} INFO - [2026-09-09T08:24:12.551+0000] {dag.py:3096} INFO - Sync 3 DAGs
[2026-09-09T08:24:12.591+0000] {logging_mixin.py:188} INFO - [2026-09-09T08:24:12.591+0000] {dag.py:3954} INFO - Setting next_dagrun for data_quality to 2026-09-09 16:00:00+00:00, run_after=2026-09-10 16:00:00+00:00
[2026-09-09T08:24:12.601+0000] {logging_mixin.py:188} INFO - [2026-09-09T08:24:12.601+0000] {dag.py:3954} INFO - Setting next_dagrun for produce_json to 2026-09-09 14:00:00+00:00, run_after=2026-09-10 14:00:00+00:00
[2026-09-09T08:24:12.616+0000] {logging_mixin.py:188} INFO - [2026-09-09T08:24:12.615+0000] {dag.py:3954} INFO - Setting next_dagrun for update_db to 2026-09-09 15:00:00+00:00, run_after=2026-09-10 15:00:00+00:00
[2026-09-09T08:24:12.668+0000] {processor.py:183} INFO - Processing /opt/airflow/dags/main.py took 0.777 seconds
[2026-09-09T08:24:42.870+0000] {processor.py:161} INFO - Started process (PID=809) to work on /opt/airflow/dags/main.py
[2026-09-09T08:24:42.910+0000] {processor.py:830} INFO - Processing file /opt/airflow/dags/main.py for tasks to queue
[2026-09-09T08:24:42.923+0000] {logging_mixin.py:188} INFO - [2026-09-09T08:24:42.922+0000] {dagbag.py:545} INFO - Filling up the DagBag from /opt/airflow/dags/main.py
[2026-09-09T08:24:43.112+0000] {logging_mixin.py:188} INFO - channel id is not executed
[2026-09-09T08:24:44.178+0000] {processor.py:840} INFO - DAG(s) 'update_db', 'produce_json', 'data_quality' retrieved from /opt/airflow/dags/main.py
[2026-09-09T08:24:44.542+0000] {logging_mixin.py:188} INFO - [2026-09-09T08:24:44.541+0000] {dag.py:3096} INFO - Sync 3 DAGs
[2026-09-09T08:24:44.613+0000] {logging_mixin.py:188} INFO - [2026-09-09T08:24:44.613+0000] {dag.py:3954} INFO - Setting next_dagrun for data_quality to 2026-09-09 16:00:00+00:00, run_after=2026-09-10 16:00:00+00:00
[2026-09-09T08:24:44.713+0000] {logging_mixin.py:188} INFO - [2026-09-09T08:24:44.712+0000] {dag.py:3954} INFO - Setting next_dagrun for produce_json to 2026-09-09 14:00:00+00:00, run_after=2026-09-10 14:00:00+00:00
[2026-09-09T08:24:44.739+0000] {logging_mixin.py:188} INFO - [2026-09-09T08:24:44.738+0000] {dag.py:3954} INFO - Setting next_dagrun for update_db to 2026-09-09 15:00:00+00:00, run_after=2026-09-10 15:00:00+00:00
[2026-09-09T08:24:44.803+0000] {processor.py:183} INFO - Processing /opt/airflow/dags/main.py took 1.959 seconds
[2026-09-09T08:25:15.299+0000] {processor.py:161} INFO - Started process (PID=822) to work on /opt/airflow/dags/main.py
[2026-09-09T08:25:15.304+0000] {processor.py:830} INFO - Processing file /opt/airflow/dags/main.py for tasks to queue
[2026-09-09T08:25:15.312+0000] {logging_mixin.py:188} INFO - [2026-09-09T08:25:15.311+0000] {dagbag.py:545} INFO - Filling up the DagBag from /opt/airflow/dags/main.py
[2026-09-09T08:25:15.435+0000] {logging_mixin.py:188} INFO - channel id is not executed
[2026-09-09T08:25:15.669+0000] {processor.py:840} INFO - DAG(s) 'produce_json', 'data_quality', 'update_db' retrieved from /opt/airflow/dags/main.py
[2026-09-09T08:25:16.031+0000] {logging_mixin.py:188} INFO - [2026-09-09T08:25:16.031+0000] {dag.py:3096} INFO - Sync 3 DAGs
[2026-09-09T08:25:16.079+0000] {logging_mixin.py:188} INFO - [2026-09-09T08:25:16.079+0000] {dag.py:3954} INFO - Setting next_dagrun for data_quality to 2026-09-09 16:00:00+00:00, run_after=2026-09-10 16:00:00+00:00
[2026-09-09T08:25:16.089+0000] {logging_mixin.py:188} INFO - [2026-09-09T08:25:16.088+0000] {dag.py:3954} INFO - Setting next_dagrun for produce_json to 2026-09-09 14:00:00+00:00, run_after=2026-09-10 14:00:00+00:00
[2026-09-09T08:25:16.102+0000] {logging_mixin.py:188} INFO - [2026-09-09T08:25:16.102+0000] {dag.py:3954} INFO - Setting next_dagrun for update_db to 2026-09-09 15:00:00+00:00, run_after=2026-09-10 15:00:00+00:00
[2026-09-09T08:25:16.154+0000] {processor.py:183} INFO - Processing /opt/airflow/dags/main.py took 0.870 seconds
[2026-09-09T08:25:47.059+0000] {processor.py:161} INFO - Started process (PID=829) to work on /opt/airflow/dags/main.py
[2026-09-09T08:25:47.061+0000] {processor.py:830} INFO - Processing file /opt/airflow/dags/main.py for tasks to queue
[2026-09-09T08:25:47.073+0000] {logging_mixin.py:188} INFO - [2026-09-09T08:25:47.072+0000] {dagbag.py:545} INFO - Filling up the DagBag from /opt/airflow/dags/main.py
[2026-09-09T08:25:47.176+0000] {logging_mixin.py:188} INFO - channel id is not executed
[2026-09-09T08:25:47.359+0000] {processor.py:840} INFO - DAG(s) 'produce_json', 'data_quality', 'update_db' retrieved from /opt/airflow/dags/main.py
[2026-09-09T08:25:47.719+0000] {logging_mixin.py:188} INFO - [2026-09-09T08:25:47.718+0000] {dag.py:3096} INFO - Sync 3 DAGs
[2026-09-09T08:25:47.774+0000] {logging_mixin.py:188} INFO - [2026-09-09T08:25:47.774+0000] {dag.py:3954} INFO - Setting next_dagrun for data_quality to 2026-09-09 16:00:00+00:00, run_after=2026-09-10 16:00:00+00:00
[2026-09-09T08:25:47.783+0000] {logging_mixin.py:188} INFO - [2026-09-09T08:25:47.783+0000] {dag.py:3954} INFO - Setting next_dagrun for produce_json to 2026-09-09 14:00:00+00:00, run_after=2026-09-10 14:00:00+00:00
[2026-09-09T08:25:47.795+0000] {logging_mixin.py:188} INFO - [2026-09-09T08:25:47.794+0000] {dag.py:3954} INFO - Setting next_dagrun for update_db to 2026-09-09 15:00:00+00:00, run_after=2026-09-10 15:00:00+00:00
[2026-09-09T08:25:47.851+0000] {processor.py:183} INFO - Processing /opt/airflow/dags/main.py took 0.803 seconds
[2026-09-09T08:26:18.565+0000] {processor.py:161} INFO - Started process (PID=835) to work on /opt/airflow/dags/main.py
[2026-09-09T08:26:18.577+0000] {processor.py:830} INFO - Processing file /opt/airflow/dags/main.py for tasks to queue
[2026-09-09T08:26:18.582+0000] {logging_mixin.py:188} INFO - [2026-09-09T08:26:18.581+0000] {dagbag.py:545} INFO - Filling up the DagBag from /opt/airflow/dags/main.py
[2026-09-09T08:26:18.776+0000] {logging_mixin.py:188} INFO - channel id is not executed
[2026-09-09T08:26:19.195+0000] {processor.py:840} INFO - DAG(s) 'data_quality', 'update_db', 'produce_json' retrieved from /opt/airflow/dags/main.py
[2026-09-09T08:26:21.639+0000] {logging_mixin.py:188} INFO - [2026-09-09T08:26:21.638+0000] {dag.py:3096} INFO - Sync 3 DAGs
[2026-09-09T08:26:22.008+0000] {logging_mixin.py:188} INFO - [2026-09-09T08:26:22.007+0000] {dag.py:3954} INFO - Setting next_dagrun for data_quality to 2026-09-09 16:00:00+00:00, run_after=2026-09-10 16:00:00+00:00
[2026-09-09T08:26:22.089+0000] {logging_mixin.py:188} INFO - [2026-09-09T08:26:22.089+0000] {dag.py:3954} INFO - Setting next_dagrun for produce_json to 2026-09-09 14:00:00+00:00, run_after=2026-09-10 14:00:00+00:00
[2026-09-09T08:26:22.115+0000] {logging_mixin.py:188} INFO - [2026-09-09T08:26:22.115+0000] {dag.py:3954} INFO - Setting next_dagrun for update_db to 2026-09-09 15:00:00+00:00, run_after=2026-09-10 15:00:00+00:00
[2026-09-09T08:26:22.305+0000] {processor.py:183} INFO - Processing /opt/airflow/dags/main.py took 3.754 seconds
[2026-09-09T08:26:53.051+0000] {processor.py:161} INFO - Started process (PID=842) to work on /opt/airflow/dags/main.py
[2026-09-09T08:26:53.054+0000] {processor.py:830} INFO - Processing file /opt/airflow/dags/main.py for tasks to queue
[2026-09-09T08:26:53.062+0000] {logging_mixin.py:188} INFO - [2026-09-09T08:26:53.061+0000] {dagbag.py:545} INFO - Filling up the DagBag from /opt/airflow/dags/main.py
[2026-09-09T08:26:53.188+0000] {logging_mixin.py:188} INFO - channel id is not executed
[2026-09-09T08:26:53.434+0000] {processor.py:840} INFO - DAG(s) 'update_db', 'data_quality', 'produce_json' retrieved from /opt/airflow/dags/main.py
[2026-09-09T08:26:53.886+0000] {logging_mixin.py:188} INFO - [2026-09-09T08:26:53.885+0000] {dag.py:3096} INFO - Sync 3 DAGs
[2026-09-09T08:26:53.996+0000] {logging_mixin.py:188} INFO - [2026-09-09T08:26:53.995+0000] {dag.py:3954} INFO - Setting next_dagrun for data_quality to 2026-09-09 16:00:00+00:00, run_after=2026-09-10 16:00:00+00:00
[2026-09-09T08:26:54.029+0000] {logging_mixin.py:188} INFO - [2026-09-09T08:26:54.029+0000] {dag.py:3954} INFO - Setting next_dagrun for produce_json to 2026-09-09 14:00:00+00:00, run_after=2026-09-10 14:00:00+00:00
[2026-09-09T08:26:54.049+0000] {logging_mixin.py:188} INFO - [2026-09-09T08:26:54.049+0000] {dag.py:3954} INFO - Setting next_dagrun for update_db to 2026-09-09 15:00:00+00:00, run_after=2026-09-10 15:00:00+00:00
[2026-09-09T08:26:54.131+0000] {processor.py:183} INFO - Processing /opt/airflow/dags/main.py took 1.105 seconds
[2026-09-09T08:27:25.333+0000] {processor.py:161} INFO - Started process (PID=849) to work on /opt/airflow/dags/main.py
[2026-09-09T08:27:25.346+0000] {processor.py:830} INFO - Processing file /opt/airflow/dags/main.py for tasks to queue
[2026-09-09T08:27:25.354+0000] {logging_mixin.py:188} INFO - [2026-09-09T08:27:25.353+0000] {dagbag.py:545} INFO - Filling up the DagBag from /opt/airflow/dags/main.py
[2026-09-09T08:27:25.695+0000] {logging_mixin.py:188} INFO - channel id is not executed
[2026-09-09T08:27:26.033+0000] {processor.py:840} INFO - DAG(s) 'update_db', 'data_quality', 'produce_json' retrieved from /opt/airflow/dags/main.py
[2026-09-09T08:27:26.579+0000] {logging_mixin.py:188} INFO - [2026-09-09T08:27:26.578+0000] {dag.py:3096} INFO - Sync 3 DAGs
[2026-09-09T08:27:26.658+0000] {logging_mixin.py:188} INFO - [2026-09-09T08:27:26.657+0000] {dag.py:3954} INFO - Setting next_dagrun for data_quality to 2026-09-09 16:00:00+00:00, run_after=2026-09-10 16:00:00+00:00
[2026-09-09T08:27:26.678+0000] {logging_mixin.py:188} INFO - [2026-09-09T08:27:26.678+0000] {dag.py:3954} INFO - Setting next_dagrun for produce_json to 2026-09-09 14:00:00+00:00, run_after=2026-09-10 14:00:00+00:00
[2026-09-09T08:27:26.684+0000] {logging_mixin.py:188} INFO - [2026-09-09T08:27:26.684+0000] {dag.py:3954} INFO - Setting next_dagrun for update_db to 2026-09-09 15:00:00+00:00, run_after=2026-09-10 15:00:00+00:00
[2026-09-09T08:27:26.749+0000] {processor.py:183} INFO - Processing /opt/airflow/dags/main.py took 1.436 seconds
[2026-09-09T08:27:58.040+0000] {processor.py:161} INFO - Started process (PID=857) to work on /opt/airflow/dags/main.py
[2026-09-09T08:27:58.087+0000] {processor.py:830} INFO - Processing file /opt/airflow/dags/main.py for tasks to queue
[2026-09-09T08:27:58.110+0000] {logging_mixin.py:188} INFO - [2026-09-09T08:27:58.109+0000] {dagbag.py:545} INFO - Filling up the DagBag from /opt/airflow/dags/main.py
[2026-09-09T08:27:58.350+0000] {logging_mixin.py:188} INFO - channel id is not executed
[2026-09-09T08:27:58.570+0000] {processor.py:840} INFO - DAG(s) 'update_db', 'data_quality', 'produce_json' retrieved from /opt/airflow/dags/main.py
[2026-09-09T08:27:59.204+0000] {logging_mixin.py:188} INFO - [2026-09-09T08:27:59.204+0000] {dag.py:3096} INFO - Sync 3 DAGs
[2026-09-09T08:27:59.312+0000] {logging_mixin.py:188} INFO - [2026-09-09T08:27:59.302+0000] {dag.py:3954} INFO - Setting next_dagrun for data_quality to 2026-09-09 16:00:00+00:00, run_after=2026-09-10 16:00:00+00:00
[2026-09-09T08:27:59.333+0000] {logging_mixin.py:188} INFO - [2026-09-09T08:27:59.333+0000] {dag.py:3954} INFO - Setting next_dagrun for produce_json to 2026-09-09 14:00:00+00:00, run_after=2026-09-10 14:00:00+00:00
[2026-09-09T08:27:59.347+0000] {logging_mixin.py:188} INFO - [2026-09-09T08:27:59.347+0000] {dag.py:3954} INFO - Setting next_dagrun for update_db to 2026-09-09 15:00:00+00:00, run_after=2026-09-10 15:00:00+00:00
[2026-09-09T08:27:59.413+0000] {processor.py:183} INFO - Processing /opt/airflow/dags/main.py took 1.395 seconds
[2026-09-09T08:28:29.094+0000] {processor.py:161} INFO - Started process (PID=864) to work on /opt/airflow/dags/main.py
[2026-09-09T08:28:29.114+0000] {processor.py:830} INFO - Processing file /opt/airflow/dags/main.py for tasks to queue
[2026-09-09T08:28:29.121+0000] {logging_mixin.py:188} INFO - [2026-09-09T08:28:29.120+0000] {dagbag.py:545} INFO - Filling up the DagBag from /opt/airflow/dags/main.py
[2026-09-09T08:28:30.266+0000] {logging_mixin.py:188} INFO - channel id is not executed
[2026-09-09T08:28:31.434+0000] {processor.py:840} INFO - DAG(s) 'update_db', 'produce_json', 'data_quality' retrieved from /opt/airflow/dags/main.py
[2026-09-09T08:28:32.078+0000] {logging_mixin.py:188} INFO - [2026-09-09T08:28:32.077+0000] {dag.py:3096} INFO - Sync 3 DAGs
[2026-09-09T08:28:32.172+0000] {logging_mixin.py:188} INFO - [2026-09-09T08:28:32.171+0000] {dag.py:3954} INFO - Setting next_dagrun for data_quality to 2026-09-09 16:00:00+00:00, run_after=2026-09-10 16:00:00+00:00
[2026-09-09T08:28:32.197+0000] {logging_mixin.py:188} INFO - [2026-09-09T08:28:32.197+0000] {dag.py:3954} INFO - Setting next_dagrun for produce_json to 2026-09-09 14:00:00+00:00, run_after=2026-09-10 14:00:00+00:00
[2026-09-09T08:28:32.228+0000] {logging_mixin.py:188} INFO - [2026-09-09T08:28:32.227+0000] {dag.py:3954} INFO - Setting next_dagrun for update_db to 2026-09-09 15:00:00+00:00, run_after=2026-09-10 15:00:00+00:00
[2026-09-09T08:28:32.354+0000] {processor.py:183} INFO - Processing /opt/airflow/dags/main.py took 3.269 seconds
[2026-09-09T08:28:49.894+0000] {processor.py:161} INFO - Started process (PID=871) to work on /opt/airflow/dags/main.py
[2026-09-09T08:28:50.041+0000] {processor.py:830} INFO - Processing file /opt/airflow/dags/main.py for tasks to queue
[2026-09-09T08:28:50.086+0000] {logging_mixin.py:188} INFO - [2026-09-09T08:28:50.085+0000] {dagbag.py:545} INFO - Filling up the DagBag from /opt/airflow/dags/main.py
[2026-09-09T08:28:50.295+0000] {logging_mixin.py:188} INFO - [2026-09-09T08:28:50.261+0000] {dagbag.py:355} ERROR - Failed to import: /opt/airflow/dags/main.py
Traceback (most recent call last):
  File "/home/airflow/.local/lib/python3.10/site-packages/airflow/models/dagbag.py", line 351, in parse
    loader.exec_module(new_module)
  File "<frozen importlib._bootstrap_external>", line 879, in exec_module
  File "<frozen importlib._bootstrap_external>", line 1017, in get_code
  File "<frozen importlib._bootstrap_external>", line 947, in source_to_code
  File "<frozen importlib._bootstrap>", line 241, in _call_with_frames_removed
  File "/opt/airflow/dags/main.py", line 4
    import 
           ^
SyntaxError: invalid syntax
[2026-09-09T08:28:50.297+0000] {processor.py:842} WARNING - No viable dags retrieved from /opt/airflow/dags/main.py
[2026-09-09T08:28:50.401+0000] {processor.py:183} INFO - Processing /opt/airflow/dags/main.py took 0.527 seconds
[2026-09-09T08:28:53.136+0000] {processor.py:161} INFO - Started process (PID=872) to work on /opt/airflow/dags/main.py
[2026-09-09T08:28:53.614+0000] {processor.py:830} INFO - Processing file /opt/airflow/dags/main.py for tasks to queue
[2026-09-09T08:28:53.823+0000] {logging_mixin.py:188} INFO - [2026-09-09T08:28:53.823+0000] {dagbag.py:545} INFO - Filling up the DagBag from /opt/airflow/dags/main.py
[2026-09-09T08:28:54.163+0000] {logging_mixin.py:188} INFO - [2026-09-09T08:28:54.161+0000] {dagbag.py:355} ERROR - Failed to import: /opt/airflow/dags/main.py
Traceback (most recent call last):
  File "/home/airflow/.local/lib/python3.10/site-packages/airflow/models/dagbag.py", line 351, in parse
    loader.exec_module(new_module)
  File "<frozen importlib._bootstrap_external>", line 879, in exec_module
  File "<frozen importlib._bootstrap_external>", line 1017, in get_code
  File "<frozen importlib._bootstrap_external>", line 947, in source_to_code
  File "<frozen importlib._bootstrap>", line 241, in _call_with_frames_removed
  File "/opt/airflow/dags/main.py", line 4
    import airflow.
                   ^
SyntaxError: invalid syntax
[2026-09-09T08:28:54.172+0000] {processor.py:842} WARNING - No viable dags retrieved from /opt/airflow/dags/main.py
[2026-09-09T08:28:54.272+0000] {processor.py:183} INFO - Processing /opt/airflow/dags/main.py took 1.160 seconds
[2026-09-09T08:29:08.615+0000] {processor.py:161} INFO - Started process (PID=873) to work on /opt/airflow/dags/main.py
[2026-09-09T08:29:08.695+0000] {processor.py:830} INFO - Processing file /opt/airflow/dags/main.py for tasks to queue
[2026-09-09T08:29:08.756+0000] {logging_mixin.py:188} INFO - [2026-09-09T08:29:08.755+0000] {dagbag.py:545} INFO - Filling up the DagBag from /opt/airflow/dags/main.py
[2026-09-09T08:29:09.082+0000] {logging_mixin.py:188} INFO - [2026-09-09T08:29:09.057+0000] {dagbag.py:355} ERROR - Failed to import: /opt/airflow/dags/main.py
Traceback (most recent call last):
  File "/home/airflow/.local/lib/python3.10/site-packages/airflow/models/dagbag.py", line 351, in parse
    loader.exec_module(new_module)
  File "<frozen importlib._bootstrap_external>", line 883, in exec_module
  File "<frozen importlib._bootstrap>", line 241, in _call_with_frames_removed
  File "/opt/airflow/dags/main.py", line 4, in <module>
    import airflow.operators.trig
ModuleNotFoundError: No module named 'airflow.operators.trig'
[2026-09-09T08:29:09.097+0000] {processor.py:842} WARNING - No viable dags retrieved from /opt/airflow/dags/main.py
[2026-09-09T08:29:09.246+0000] {processor.py:183} INFO - Processing /opt/airflow/dags/main.py took 0.667 seconds
[2026-09-09T08:29:13.276+0000] {processor.py:161} INFO - Started process (PID=874) to work on /opt/airflow/dags/main.py
[2026-09-09T08:29:13.301+0000] {processor.py:830} INFO - Processing file /opt/airflow/dags/main.py for tasks to queue
[2026-09-09T08:29:13.353+0000] {logging_mixin.py:188} INFO - [2026-09-09T08:29:13.344+0000] {dagbag.py:545} INFO - Filling up the DagBag from /opt/airflow/dags/main.py
[2026-09-09T08:29:13.994+0000] {logging_mixin.py:188} INFO - [2026-09-09T08:29:13.938+0000] {dagbag.py:355} ERROR - Failed to import: /opt/airflow/dags/main.py
Traceback (most recent call last):
  File "/home/airflow/.local/lib/python3.10/site-packages/airflow/models/dagbag.py", line 351, in parse
    loader.exec_module(new_module)
  File "<frozen importlib._bootstrap_external>", line 883, in exec_module
  File "<frozen importlib._bootstrap>", line 241, in _call_with_frames_removed
  File "/opt/airflow/dags/main.py", line 4, in <module>
    import airflow.operators.trigger.run
ModuleNotFoundError: No module named 'airflow.operators.trigger'
[2026-09-09T08:29:14.037+0000] {processor.py:842} WARNING - No viable dags retrieved from /opt/airflow/dags/main.py
[2026-09-09T08:29:14.282+0000] {processor.py:183} INFO - Processing /opt/airflow/dags/main.py took 1.909 seconds
[2026-09-09T08:29:44.622+0000] {processor.py:161} INFO - Started process (PID=880) to work on /opt/airflow/dags/main.py
[2026-09-09T08:29:44.625+0000] {processor.py:830} INFO - Processing file /opt/airflow/dags/main.py for tasks to queue
[2026-09-09T08:29:44.630+0000] {logging_mixin.py:188} INFO - [2026-09-09T08:29:44.629+0000] {dagbag.py:545} INFO - Filling up the DagBag from /opt/airflow/dags/main.py
[2026-09-09T08:29:44.664+0000] {logging_mixin.py:188} INFO - [2026-09-09T08:29:44.658+0000] {dagbag.py:355} ERROR - Failed to import: /opt/airflow/dags/main.py
Traceback (most recent call last):
  File "/home/airflow/.local/lib/python3.10/site-packages/airflow/models/dagbag.py", line 351, in parse
    loader.exec_module(new_module)
  File "<frozen importlib._bootstrap_external>", line 883, in exec_module
  File "<frozen importlib._bootstrap>", line 241, in _call_with_frames_removed
  File "/opt/airflow/dags/main.py", line 4, in <module>
    import airflow.operators.trigger.run
ModuleNotFoundError: No module named 'airflow.operators.trigger'
[2026-09-09T08:29:44.669+0000] {processor.py:842} WARNING - No viable dags retrieved from /opt/airflow/dags/main.py
[2026-09-09T08:29:44.723+0000] {processor.py:183} INFO - Processing /opt/airflow/dags/main.py took 0.113 seconds
[2026-09-09T08:30:16.492+0000] {processor.py:161} INFO - Started process (PID=888) to work on /opt/airflow/dags/main.py
[2026-09-09T08:30:16.545+0000] {processor.py:830} INFO - Processing file /opt/airflow/dags/main.py for tasks to queue
[2026-09-09T08:30:16.567+0000] {logging_mixin.py:188} INFO - [2026-09-09T08:30:16.566+0000] {dagbag.py:545} INFO - Filling up the DagBag from /opt/airflow/dags/main.py
[2026-09-09T08:30:18.755+0000] {logging_mixin.py:188} INFO - [2026-09-09T08:30:18.632+0000] {dagbag.py:355} ERROR - Failed to import: /opt/airflow/dags/main.py
Traceback (most recent call last):
  File "/home/airflow/.local/lib/python3.10/site-packages/airflow/models/dagbag.py", line 351, in parse
    loader.exec_module(new_module)
  File "<frozen importlib._bootstrap_external>", line 883, in exec_module
  File "<frozen importlib._bootstrap>", line 241, in _call_with_frames_removed
  File "/opt/airflow/dags/main.py", line 4, in <module>
    import airflow.operators.trigger_
ModuleNotFoundError: No module named 'airflow.operators.trigger_'
[2026-09-09T08:30:18.801+0000] {processor.py:842} WARNING - No viable dags retrieved from /opt/airflow/dags/main.py
[2026-09-09T08:30:19.311+0000] {processor.py:183} INFO - Processing /opt/airflow/dags/main.py took 2.852 seconds
[2026-09-09T08:30:21.057+0000] {processor.py:161} INFO - Started process (PID=894) to work on /opt/airflow/dags/main.py
[2026-09-09T08:30:21.072+0000] {processor.py:830} INFO - Processing file /opt/airflow/dags/main.py for tasks to queue
[2026-09-09T08:30:21.075+0000] {logging_mixin.py:188} INFO - [2026-09-09T08:30:21.074+0000] {dagbag.py:545} INFO - Filling up the DagBag from /opt/airflow/dags/main.py
[2026-09-09T08:30:21.577+0000] {logging_mixin.py:188} INFO - [2026-09-09T08:30:21.389+0000] {dagbag.py:355} ERROR - Failed to import: /opt/airflow/dags/main.py
Traceback (most recent call last):
  File "/home/airflow/.local/lib/python3.10/site-packages/airflow/models/dagbag.py", line 351, in parse
    loader.exec_module(new_module)
  File "<frozen importlib._bootstrap_external>", line 883, in exec_module
  File "<frozen importlib._bootstrap>", line 241, in _call_with_frames_removed
  File "/opt/airflow/dags/main.py", line 4, in <module>
    import airflow.operators.trigger_d
ModuleNotFoundError: No module named 'airflow.operators.trigger_d'
[2026-09-09T08:30:21.611+0000] {processor.py:842} WARNING - No viable dags retrieved from /opt/airflow/dags/main.py
[2026-09-09T08:30:21.777+0000] {processor.py:183} INFO - Processing /opt/airflow/dags/main.py took 0.729 seconds
[2026-09-09T08:30:30.147+0000] {processor.py:161} INFO - Started process (PID=895) to work on /opt/airflow/dags/main.py
[2026-09-09T08:30:30.157+0000] {processor.py:830} INFO - Processing file /opt/airflow/dags/main.py for tasks to queue
[2026-09-09T08:30:30.168+0000] {logging_mixin.py:188} INFO - [2026-09-09T08:30:30.167+0000] {dagbag.py:545} INFO - Filling up the DagBag from /opt/airflow/dags/main.py
[2026-09-09T08:30:30.364+0000] {logging_mixin.py:188} INFO - [2026-09-09T08:30:30.349+0000] {dagbag.py:355} ERROR - Failed to import: /opt/airflow/dags/main.py
Traceback (most recent call last):
  File "/home/airflow/.local/lib/python3.10/site-packages/airflow/models/dagbag.py", line 351, in parse
    loader.exec_module(new_module)
  File "<frozen importlib._bootstrap_external>", line 883, in exec_module
  File "<frozen importlib._bootstrap>", line 241, in _call_with_frames_removed
  File "/opt/airflow/dags/main.py", line 4, in <module>
    import airflow.operators.trigger_dagran
ModuleNotFoundError: No module named 'airflow.operators.trigger_dagran'
[2026-09-09T08:30:30.369+0000] {processor.py:842} WARNING - No viable dags retrieved from /opt/airflow/dags/main.py
[2026-09-09T08:30:30.623+0000] {processor.py:183} INFO - Processing /opt/airflow/dags/main.py took 0.503 seconds
[2026-09-09T08:30:40.574+0000] {processor.py:161} INFO - Started process (PID=896) to work on /opt/airflow/dags/main.py
[2026-09-09T08:30:41.300+0000] {processor.py:830} INFO - Processing file /opt/airflow/dags/main.py for tasks to queue
[2026-09-09T08:30:41.412+0000] {logging_mixin.py:188} INFO - [2026-09-09T08:30:41.412+0000] {dagbag.py:545} INFO - Filling up the DagBag from /opt/airflow/dags/main.py
[2026-09-09T08:30:43.417+0000] {logging_mixin.py:188} INFO - [2026-09-09T08:30:43.358+0000] {dagbag.py:355} ERROR - Failed to import: /opt/airflow/dags/main.py
Traceback (most recent call last):
  File "/home/airflow/.local/lib/python3.10/site-packages/airflow/models/dagbag.py", line 351, in parse
    loader.exec_module(new_module)
  File "<frozen importlib._bootstrap_external>", line 879, in exec_module
  File "<frozen importlib._bootstrap_external>", line 1017, in get_code
  File "<frozen importlib._bootstrap_external>", line 947, in source_to_code
  File "<frozen importlib._bootstrap>", line 241, in _call_with_frames_removed
  File "/opt/airflow/dags/main.py", line 4
    from airflow.operators.trigger_dagran
                                         ^
SyntaxError: invalid syntax
[2026-09-09T08:30:43.469+0000] {processor.py:842} WARNING - No viable dags retrieved from /opt/airflow/dags/main.py
[2026-09-09T08:30:43.781+0000] {processor.py:183} INFO - Processing /opt/airflow/dags/main.py took 3.217 seconds
[2026-09-09T08:30:45.152+0000] {processor.py:161} INFO - Started process (PID=897) to work on /opt/airflow/dags/main.py
[2026-09-09T08:30:45.233+0000] {processor.py:830} INFO - Processing file /opt/airflow/dags/main.py for tasks to queue
[2026-09-09T08:30:45.254+0000] {logging_mixin.py:188} INFO - [2026-09-09T08:30:45.253+0000] {dagbag.py:545} INFO - Filling up the DagBag from /opt/airflow/dags/main.py
[2026-09-09T08:30:45.661+0000] {logging_mixin.py:188} INFO - [2026-09-09T08:30:45.659+0000] {dagbag.py:355} ERROR - Failed to import: /opt/airflow/dags/main.py
Traceback (most recent call last):
  File "/home/airflow/.local/lib/python3.10/site-packages/airflow/models/dagbag.py", line 351, in parse
    loader.exec_module(new_module)
  File "<frozen importlib._bootstrap_external>", line 879, in exec_module
  File "<frozen importlib._bootstrap_external>", line 1017, in get_code
  File "<frozen importlib._bootstrap_external>", line 947, in source_to_code
  File "<frozen importlib._bootstrap>", line 241, in _call_with_frames_removed
  File "/opt/airflow/dags/main.py", line 4
    from airflow.operators.trigger_dagrn
                                        ^
SyntaxError: invalid syntax
[2026-09-09T08:30:45.664+0000] {processor.py:842} WARNING - No viable dags retrieved from /opt/airflow/dags/main.py
[2026-09-09T08:30:45.724+0000] {processor.py:183} INFO - Processing /opt/airflow/dags/main.py took 0.592 seconds
[2026-09-09T08:30:48.224+0000] {processor.py:161} INFO - Started process (PID=904) to work on /opt/airflow/dags/main.py
[2026-09-09T08:30:48.230+0000] {processor.py:830} INFO - Processing file /opt/airflow/dags/main.py for tasks to queue
[2026-09-09T08:30:48.240+0000] {logging_mixin.py:188} INFO - [2026-09-09T08:30:48.239+0000] {dagbag.py:545} INFO - Filling up the DagBag from /opt/airflow/dags/main.py
[2026-09-09T08:30:48.915+0000] {logging_mixin.py:188} INFO - [2026-09-09T08:30:48.914+0000] {dagbag.py:355} ERROR - Failed to import: /opt/airflow/dags/main.py
Traceback (most recent call last):
  File "/home/airflow/.local/lib/python3.10/site-packages/airflow/models/dagbag.py", line 351, in parse
    loader.exec_module(new_module)
  File "<frozen importlib._bootstrap_external>", line 879, in exec_module
  File "<frozen importlib._bootstrap_external>", line 1017, in get_code
  File "<frozen importlib._bootstrap_external>", line 947, in source_to_code
  File "<frozen importlib._bootstrap>", line 241, in _call_with_frames_removed
  File "/opt/airflow/dags/main.py", line 4
    from airflow.operators.trigger_dagrun import 
                                                 ^
SyntaxError: invalid syntax
[2026-09-09T08:30:48.919+0000] {processor.py:842} WARNING - No viable dags retrieved from /opt/airflow/dags/main.py
[2026-09-09T08:30:48.976+0000] {processor.py:183} INFO - Processing /opt/airflow/dags/main.py took 0.764 seconds
[2026-09-09T08:30:53.196+0000] {processor.py:161} INFO - Started process (PID=905) to work on /opt/airflow/dags/main.py
[2026-09-09T08:30:53.203+0000] {processor.py:830} INFO - Processing file /opt/airflow/dags/main.py for tasks to queue
[2026-09-09T08:30:53.216+0000] {logging_mixin.py:188} INFO - [2026-09-09T08:30:53.215+0000] {dagbag.py:545} INFO - Filling up the DagBag from /opt/airflow/dags/main.py
[2026-09-09T08:30:53.567+0000] {logging_mixin.py:188} INFO - channel id is not executed
[2026-09-09T08:30:58.411+0000] {processor.py:840} INFO - DAG(s) 'produce_json', 'data_quality', 'update_db' retrieved from /opt/airflow/dags/main.py
[2026-09-09T08:30:59.751+0000] {logging_mixin.py:188} INFO - [2026-09-09T08:30:59.750+0000] {dag.py:3096} INFO - Sync 3 DAGs
[2026-09-09T08:31:00.380+0000] {logging_mixin.py:188} INFO - [2026-09-09T08:31:00.379+0000] {dag.py:3954} INFO - Setting next_dagrun for data_quality to 2026-09-09 16:00:00+00:00, run_after=2026-09-10 16:00:00+00:00
[2026-09-09T08:31:00.413+0000] {logging_mixin.py:188} INFO - [2026-09-09T08:31:00.401+0000] {dag.py:3954} INFO - Setting next_dagrun for produce_json to 2026-09-09 14:00:00+00:00, run_after=2026-09-10 14:00:00+00:00
[2026-09-09T08:31:00.429+0000] {logging_mixin.py:188} INFO - [2026-09-09T08:31:00.429+0000] {dag.py:3954} INFO - Setting next_dagrun for update_db to 2026-09-09 15:00:00+00:00, run_after=2026-09-10 15:00:00+00:00
[2026-09-09T08:31:00.712+0000] {processor.py:183} INFO - Processing /opt/airflow/dags/main.py took 7.534 seconds
[2026-09-09T08:31:32.779+0000] {processor.py:161} INFO - Started process (PID=912) to work on /opt/airflow/dags/main.py
[2026-09-09T08:31:32.796+0000] {processor.py:830} INFO - Processing file /opt/airflow/dags/main.py for tasks to queue
[2026-09-09T08:31:32.804+0000] {logging_mixin.py:188} INFO - [2026-09-09T08:31:32.804+0000] {dagbag.py:545} INFO - Filling up the DagBag from /opt/airflow/dags/main.py
[2026-09-09T08:31:33.228+0000] {logging_mixin.py:188} INFO - channel id is not executed
[2026-09-09T08:31:34.802+0000] {processor.py:840} INFO - DAG(s) 'data_quality', 'produce_json', 'update_db' retrieved from /opt/airflow/dags/main.py
[2026-09-09T08:31:36.596+0000] {logging_mixin.py:188} INFO - [2026-09-09T08:31:36.596+0000] {dag.py:3096} INFO - Sync 3 DAGs
[2026-09-09T08:31:36.882+0000] {logging_mixin.py:188} INFO - [2026-09-09T08:31:36.881+0000] {dag.py:3954} INFO - Setting next_dagrun for data_quality to 2026-09-09 16:00:00+00:00, run_after=2026-09-10 16:00:00+00:00
[2026-09-09T08:31:36.963+0000] {logging_mixin.py:188} INFO - [2026-09-09T08:31:36.962+0000] {dag.py:3954} INFO - Setting next_dagrun for produce_json to 2026-09-09 14:00:00+00:00, run_after=2026-09-10 14:00:00+00:00
[2026-09-09T08:31:37.059+0000] {logging_mixin.py:188} INFO - [2026-09-09T08:31:37.059+0000] {dag.py:3954} INFO - Setting next_dagrun for update_db to 2026-09-09 15:00:00+00:00, run_after=2026-09-10 15:00:00+00:00
[2026-09-09T08:31:37.731+0000] {processor.py:183} INFO - Processing /opt/airflow/dags/main.py took 4.980 seconds
[2026-09-09T08:31:54.945+0000] {processor.py:161} INFO - Started process (PID=920) to work on /opt/airflow/dags/main.py
[2026-09-09T08:31:54.948+0000] {processor.py:830} INFO - Processing file /opt/airflow/dags/main.py for tasks to queue
[2026-09-09T08:31:54.983+0000] {logging_mixin.py:188} INFO - [2026-09-09T08:31:54.982+0000] {dagbag.py:545} INFO - Filling up the DagBag from /opt/airflow/dags/main.py
[2026-09-09T08:31:55.728+0000] {logging_mixin.py:188} INFO - channel id is not executed
[2026-09-09T08:31:56.120+0000] {logging_mixin.py:188} INFO - [2026-09-09T08:31:56.099+0000] {dagbag.py:355} ERROR - Failed to import: /opt/airflow/dags/main.py
Traceback (most recent call last):
  File "/home/airflow/.local/lib/python3.10/site-packages/airflow/models/dagbag.py", line 351, in parse
    loader.exec_module(new_module)
  File "<frozen importlib._bootstrap_external>", line 883, in exec_module
  File "<frozen importlib._bootstrap>", line 241, in _call_with_frames_removed
  File "/opt/airflow/dags/main.py", line 27, in <module>
    trigger_update_
NameError: name 'trigger_update_' is not defined
[2026-09-09T08:31:56.136+0000] {processor.py:842} WARNING - No viable dags retrieved from /opt/airflow/dags/main.py
[2026-09-09T08:31:56.211+0000] {processor.py:183} INFO - Processing /opt/airflow/dags/main.py took 1.282 seconds
[2026-09-09T08:31:58.886+0000] {processor.py:161} INFO - Started process (PID=921) to work on /opt/airflow/dags/main.py
[2026-09-09T08:31:58.930+0000] {processor.py:830} INFO - Processing file /opt/airflow/dags/main.py for tasks to queue
[2026-09-09T08:31:58.994+0000] {logging_mixin.py:188} INFO - [2026-09-09T08:31:58.993+0000] {dagbag.py:545} INFO - Filling up the DagBag from /opt/airflow/dags/main.py
[2026-09-09T08:32:01.205+0000] {logging_mixin.py:188} INFO - channel id is not executed
[2026-09-09T08:32:04.726+0000] {logging_mixin.py:188} INFO - [2026-09-09T08:32:04.614+0000] {dagbag.py:355} ERROR - Failed to import: /opt/airflow/dags/main.py
Traceback (most recent call last):
  File "/home/airflow/.local/lib/python3.10/site-packages/airflow/models/dagbag.py", line 351, in parse
    loader.exec_module(new_module)
  File "<frozen importlib._bootstrap_external>", line 883, in exec_module
  File "<frozen importlib._bootstrap>", line 241, in _call_with_frames_removed
  File "/opt/airflow/dags/main.py", line 27, in <module>
    trigger_update_db=
NameError: name 'trigger_update_' is not defined
[2026-09-09T08:32:04.822+0000] {processor.py:842} WARNING - No viable dags retrieved from /opt/airflow/dags/main.py
[2026-09-09T08:32:05.690+0000] {processor.py:183} INFO - Processing /opt/airflow/dags/main.py took 6.781 seconds
[2026-09-09T08:32:07.165+0000] {processor.py:161} INFO - Started process (PID=922) to work on /opt/airflow/dags/main.py
[2026-09-09T08:32:07.169+0000] {processor.py:830} INFO - Processing file /opt/airflow/dags/main.py for tasks to queue
[2026-09-09T08:32:07.173+0000] {logging_mixin.py:188} INFO - [2026-09-09T08:32:07.172+0000] {dagbag.py:545} INFO - Filling up the DagBag from /opt/airflow/dags/main.py
[2026-09-09T08:32:08.138+0000] {logging_mixin.py:188} INFO - channel id is not executed
[2026-09-09T08:32:09.806+0000] {logging_mixin.py:188} INFO - [2026-09-09T08:32:09.744+0000] {dagbag.py:355} ERROR - Failed to import: /opt/airflow/dags/main.py
Traceback (most recent call last):
  File "/home/airflow/.local/lib/python3.10/site-packages/airflow/models/dagbag.py", line 351, in parse
    loader.exec_module(new_module)
  File "<frozen importlib._bootstrap_external>", line 883, in exec_module
  File "<frozen importlib._bootstrap>", line 241, in _call_with_frames_removed
  File "/opt/airflow/dags/main.py", line 27, in <module>
    trigger_update_db= TriggerDagRunOperator(
NameError: name 'Tri' is not defined
[2026-09-09T08:32:09.982+0000] {processor.py:842} WARNING - No viable dags retrieved from /opt/airflow/dags/main.py
[2026-09-09T08:32:10.066+0000] {processor.py:183} INFO - Processing /opt/airflow/dags/main.py took 2.923 seconds
[2026-09-09T08:32:21.983+0000] {processor.py:161} INFO - Started process (PID=929) to work on /opt/airflow/dags/main.py
[2026-09-09T08:32:22.043+0000] {processor.py:830} INFO - Processing file /opt/airflow/dags/main.py for tasks to queue
[2026-09-09T08:32:22.091+0000] {logging_mixin.py:188} INFO - [2026-09-09T08:32:22.089+0000] {dagbag.py:545} INFO - Filling up the DagBag from /opt/airflow/dags/main.py
[2026-09-09T08:32:25.246+0000] {logging_mixin.py:188} INFO - channel id is not executed
[2026-09-09T08:32:30.069+0000] {logging_mixin.py:188} INFO - [2026-09-09T08:32:29.474+0000] {dagbag.py:355} ERROR - Failed to import: /opt/airflow/dags/main.py
Traceback (most recent call last):
  File "/home/airflow/.local/lib/python3.10/site-packages/airflow/models/dagbag.py", line 351, in parse
    loader.exec_module(new_module)
  File "<frozen importlib._bootstrap_external>", line 883, in exec_module
  File "<frozen importlib._bootstrap>", line 241, in _call_with_frames_removed
  File "/opt/airflow/dags/main.py", line 27, in <module>
    trigger_update_db= TriggerDagRunOperator(
  File "/home/airflow/.local/lib/python3.10/site-packages/airflow/models/baseoperator.py", line 468, in apply_defaults
    raise AirflowException(f"missing keyword argument {missing_args.pop()!r}")
airflow.exceptions.AirflowException: missing keyword argument 'trigger_dag_id'
[2026-09-09T08:32:30.455+0000] {processor.py:842} WARNING - No viable dags retrieved from /opt/airflow/dags/main.py
[2026-09-09T08:32:31.130+0000] {processor.py:183} INFO - Processing /opt/airflow/dags/main.py took 9.170 seconds
[2026-09-09T08:32:33.690+0000] {processor.py:161} INFO - Started process (PID=930) to work on /opt/airflow/dags/main.py
[2026-09-09T08:32:33.722+0000] {processor.py:830} INFO - Processing file /opt/airflow/dags/main.py for tasks to queue
[2026-09-09T08:32:33.753+0000] {logging_mixin.py:188} INFO - [2026-09-09T08:32:33.753+0000] {dagbag.py:545} INFO - Filling up the DagBag from /opt/airflow/dags/main.py
[2026-09-09T08:32:35.841+0000] {logging_mixin.py:188} INFO - channel id is not executed
[2026-09-09T08:32:40.708+0000] {logging_mixin.py:188} INFO - [2026-09-09T08:32:40.664+0000] {dagbag.py:355} ERROR - Failed to import: /opt/airflow/dags/main.py
Traceback (most recent call last):
  File "/home/airflow/.local/lib/python3.10/site-packages/airflow/models/dagbag.py", line 351, in parse
    loader.exec_module(new_module)
  File "<frozen importlib._bootstrap_external>", line 883, in exec_module
  File "<frozen importlib._bootstrap>", line 241, in _call_with_frames_removed
  File "/opt/airflow/dags/main.py", line 28, in <module>
    task_id=trigger_update_db
NameError: name 'trigger_update_d' is not defined
[2026-09-09T08:32:40.740+0000] {processor.py:842} WARNING - No viable dags retrieved from /opt/airflow/dags/main.py
[2026-09-09T08:32:40.812+0000] {processor.py:183} INFO - Processing /opt/airflow/dags/main.py took 7.159 seconds
[2026-09-09T08:32:49.010+0000] {processor.py:161} INFO - Started process (PID=931) to work on /opt/airflow/dags/main.py
[2026-09-09T08:32:49.024+0000] {processor.py:830} INFO - Processing file /opt/airflow/dags/main.py for tasks to queue
[2026-09-09T08:32:49.027+0000] {logging_mixin.py:188} INFO - [2026-09-09T08:32:49.027+0000] {dagbag.py:545} INFO - Filling up the DagBag from /opt/airflow/dags/main.py
[2026-09-09T08:32:49.232+0000] {logging_mixin.py:188} INFO - [2026-09-09T08:32:49.208+0000] {dagbag.py:355} ERROR - Failed to import: /opt/airflow/dags/main.py
Traceback (most recent call last):
  File "/home/airflow/.local/lib/python3.10/site-packages/airflow/models/dagbag.py", line 351, in parse
    loader.exec_module(new_module)
  File "<frozen importlib._bootstrap_external>", line 879, in exec_module
  File "<frozen importlib._bootstrap_external>", line 1017, in get_code
  File "<frozen importlib._bootstrap_external>", line 947, in source_to_code
  File "<frozen importlib._bootstrap>", line 241, in _call_with_frames_removed
  File "/opt/airflow/dags/main.py", line 28
    task_id=trigger_update_db;
                             ^
SyntaxError: invalid syntax
[2026-09-09T08:32:49.269+0000] {processor.py:842} WARNING - No viable dags retrieved from /opt/airflow/dags/main.py
[2026-09-09T08:32:49.389+0000] {processor.py:183} INFO - Processing /opt/airflow/dags/main.py took 0.399 seconds
[2026-09-09T08:32:51.489+0000] {processor.py:161} INFO - Started process (PID=938) to work on /opt/airflow/dags/main.py
[2026-09-09T08:32:51.531+0000] {processor.py:830} INFO - Processing file /opt/airflow/dags/main.py for tasks to queue
[2026-09-09T08:32:51.553+0000] {logging_mixin.py:188} INFO - [2026-09-09T08:32:51.552+0000] {dagbag.py:545} INFO - Filling up the DagBag from /opt/airflow/dags/main.py
[2026-09-09T08:32:53.828+0000] {logging_mixin.py:188} INFO - [2026-09-09T08:32:53.826+0000] {dagbag.py:355} ERROR - Failed to import: /opt/airflow/dags/main.py
Traceback (most recent call last):
  File "/home/airflow/.local/lib/python3.10/site-packages/airflow/models/dagbag.py", line 351, in parse
    loader.exec_module(new_module)
  File "<frozen importlib._bootstrap_external>", line 879, in exec_module
  File "<frozen importlib._bootstrap_external>", line 1017, in get_code
  File "<frozen importlib._bootstrap_external>", line 947, in source_to_code
  File "<frozen importlib._bootstrap>", line 241, in _call_with_frames_removed
  File "/opt/airflow/dags/main.py", line 28
    task_id=trigger_update_db
                             ^^
SyntaxError: invalid syntax
[2026-09-09T08:32:54.265+0000] {processor.py:842} WARNING - No viable dags retrieved from /opt/airflow/dags/main.py
[2026-09-09T08:32:54.440+0000] {processor.py:183} INFO - Processing /opt/airflow/dags/main.py took 2.972 seconds
[2026-09-09T08:32:57.228+0000] {processor.py:161} INFO - Started process (PID=939) to work on /opt/airflow/dags/main.py
[2026-09-09T08:32:57.256+0000] {processor.py:830} INFO - Processing file /opt/airflow/dags/main.py for tasks to queue
[2026-09-09T08:32:57.277+0000] {logging_mixin.py:188} INFO - [2026-09-09T08:32:57.277+0000] {dagbag.py:545} INFO - Filling up the DagBag from /opt/airflow/dags/main.py
[2026-09-09T08:32:59.818+0000] {logging_mixin.py:188} INFO - channel id is not executed
[2026-09-09T08:33:03.259+0000] {logging_mixin.py:188} INFO - [2026-09-09T08:33:02.822+0000] {dagbag.py:355} ERROR - Failed to import: /opt/airflow/dags/main.py
Traceback (most recent call last):
  File "/home/airflow/.local/lib/python3.10/site-packages/airflow/models/dagbag.py", line 351, in parse
    loader.exec_module(new_module)
  File "<frozen importlib._bootstrap_external>", line 883, in exec_module
  File "<frozen importlib._bootstrap>", line 241, in _call_with_frames_removed
  File "/opt/airflow/dags/main.py", line 27, in <module>
    trigger_update_db= TriggerDagRunOperator(
  File "/home/airflow/.local/lib/python3.10/site-packages/airflow/models/baseoperator.py", line 468, in apply_defaults
    raise AirflowException(f"missing keyword argument {missing_args.pop()!r}")
airflow.exceptions.AirflowException: missing keyword argument 'trigger_dag_id'
[2026-09-09T08:33:03.308+0000] {processor.py:842} WARNING - No viable dags retrieved from /opt/airflow/dags/main.py
[2026-09-09T08:33:03.427+0000] {processor.py:183} INFO - Processing /opt/airflow/dags/main.py took 6.220 seconds
[2026-09-09T08:33:06.630+0000] {processor.py:161} INFO - Started process (PID=940) to work on /opt/airflow/dags/main.py
[2026-09-09T08:33:06.667+0000] {processor.py:830} INFO - Processing file /opt/airflow/dags/main.py for tasks to queue
[2026-09-09T08:33:06.670+0000] {logging_mixin.py:188} INFO - [2026-09-09T08:33:06.669+0000] {dagbag.py:545} INFO - Filling up the DagBag from /opt/airflow/dags/main.py
[2026-09-09T08:33:07.611+0000] {logging_mixin.py:188} INFO - [2026-09-09T08:33:07.608+0000] {dagbag.py:355} ERROR - Failed to import: /opt/airflow/dags/main.py
Traceback (most recent call last):
  File "/home/airflow/.local/lib/python3.10/site-packages/airflow/models/dagbag.py", line 351, in parse
    loader.exec_module(new_module)
  File "<frozen importlib._bootstrap_external>", line 879, in exec_module
  File "<frozen importlib._bootstrap_external>", line 1017, in get_code
  File "<frozen importlib._bootstrap_external>", line 947, in source_to_code
  File "<frozen importlib._bootstrap>", line 241, in _call_with_frames_removed
  File "/opt/airflow/dags/main.py", line 30
    )
    ^
SyntaxError: positional argument follows keyword argument
[2026-09-09T08:33:07.613+0000] {processor.py:842} WARNING - No viable dags retrieved from /opt/airflow/dags/main.py
[2026-09-09T08:33:07.723+0000] {processor.py:183} INFO - Processing /opt/airflow/dags/main.py took 1.113 seconds
[2026-09-09T08:33:08.514+0000] {processor.py:161} INFO - Started process (PID=941) to work on /opt/airflow/dags/main.py
[2026-09-09T08:33:08.516+0000] {processor.py:830} INFO - Processing file /opt/airflow/dags/main.py for tasks to queue
[2026-09-09T08:33:08.529+0000] {logging_mixin.py:188} INFO - [2026-09-09T08:33:08.518+0000] {dagbag.py:545} INFO - Filling up the DagBag from /opt/airflow/dags/main.py
[2026-09-09T08:33:08.768+0000] {logging_mixin.py:188} INFO - channel id is not executed
[2026-09-09T08:33:09.185+0000] {processor.py:840} INFO - DAG(s) 'update_db', 'produce_json', 'data_quality' retrieved from /opt/airflow/dags/main.py
[2026-09-09T08:33:13.070+0000] {logging_mixin.py:188} INFO - [2026-09-09T08:33:13.069+0000] {dag.py:3096} INFO - Sync 3 DAGs
[2026-09-09T08:33:13.265+0000] {logging_mixin.py:188} INFO - [2026-09-09T08:33:13.264+0000] {dag.py:3954} INFO - Setting next_dagrun for data_quality to 2026-09-09 16:00:00+00:00, run_after=2026-09-10 16:00:00+00:00
[2026-09-09T08:33:13.297+0000] {logging_mixin.py:188} INFO - [2026-09-09T08:33:13.297+0000] {dag.py:3954} INFO - Setting next_dagrun for produce_json to 2026-09-09 14:00:00+00:00, run_after=2026-09-10 14:00:00+00:00
[2026-09-09T08:33:13.326+0000] {logging_mixin.py:188} INFO - [2026-09-09T08:33:13.325+0000] {dag.py:3954} INFO - Setting next_dagrun for update_db to 2026-09-09 15:00:00+00:00, run_after=2026-09-10 15:00:00+00:00
[2026-09-09T08:33:13.578+0000] {processor.py:183} INFO - Processing /opt/airflow/dags/main.py took 5.096 seconds
[2026-09-09T08:33:21.407+0000] {processor.py:161} INFO - Started process (PID=942) to work on /opt/airflow/dags/main.py
[2026-09-09T08:33:21.412+0000] {processor.py:830} INFO - Processing file /opt/airflow/dags/main.py for tasks to queue
[2026-09-09T08:33:21.506+0000] {logging_mixin.py:188} INFO - [2026-09-09T08:33:21.505+0000] {dagbag.py:545} INFO - Filling up the DagBag from /opt/airflow/dags/main.py
[2026-09-09T08:33:22.020+0000] {logging_mixin.py:188} INFO - [2026-09-09T08:33:22.018+0000] {dagbag.py:355} ERROR - Failed to import: /opt/airflow/dags/main.py
Traceback (most recent call last):
  File "/home/airflow/.local/lib/python3.10/site-packages/airflow/models/dagbag.py", line 351, in parse
    loader.exec_module(new_module)
  File "<frozen importlib._bootstrap_external>", line 879, in exec_module
  File "<frozen importlib._bootstrap_external>", line 1017, in get_code
  File "<frozen importlib._bootstrap_external>", line 947, in source_to_code
  File "<frozen importlib._bootstrap>", line 241, in _call_with_frames_removed
  File "/opt/airflow/dags/main.py", line 32
    playlist_id >> video_ids >> video_data >> save_to_json_task >> 
                                                                   ^
SyntaxError: invalid syntax
[2026-09-09T08:33:22.022+0000] {processor.py:842} WARNING - No viable dags retrieved from /opt/airflow/dags/main.py
[2026-09-09T08:33:22.227+0000] {processor.py:183} INFO - Processing /opt/airflow/dags/main.py took 0.841 seconds
[2026-09-09T08:33:33.328+0000] {processor.py:161} INFO - Started process (PID=949) to work on /opt/airflow/dags/main.py
[2026-09-09T08:33:33.400+0000] {processor.py:830} INFO - Processing file /opt/airflow/dags/main.py for tasks to queue
[2026-09-09T08:33:33.425+0000] {logging_mixin.py:188} INFO - [2026-09-09T08:33:33.425+0000] {dagbag.py:545} INFO - Filling up the DagBag from /opt/airflow/dags/main.py
[2026-09-09T08:33:34.223+0000] {logging_mixin.py:188} INFO - channel id is not executed
[2026-09-09T08:33:36.982+0000] {processor.py:840} INFO - DAG(s) 'update_db', 'data_quality', 'produce_json' retrieved from /opt/airflow/dags/main.py
[2026-09-09T08:33:37.055+0000] {logging_mixin.py:188} INFO - [2026-09-09T08:33:37.054+0000] {dag.py:3096} INFO - Sync 3 DAGs
[2026-09-09T08:33:37.156+0000] {logging_mixin.py:188} INFO - [2026-09-09T08:33:37.155+0000] {dag.py:3954} INFO - Setting next_dagrun for data_quality to 2026-09-09 16:00:00+00:00, run_after=2026-09-10 16:00:00+00:00
[2026-09-09T08:33:37.184+0000] {logging_mixin.py:188} INFO - [2026-09-09T08:33:37.184+0000] {dag.py:3954} INFO - Setting next_dagrun for produce_json to 2026-09-09 14:00:00+00:00, run_after=2026-09-10 14:00:00+00:00
[2026-09-09T08:33:37.209+0000] {logging_mixin.py:188} INFO - [2026-09-09T08:33:37.209+0000] {dag.py:3954} INFO - Setting next_dagrun for update_db to 2026-09-09 15:00:00+00:00, run_after=2026-09-10 15:00:00+00:00
[2026-09-09T08:33:37.276+0000] {processor.py:183} INFO - Processing /opt/airflow/dags/main.py took 3.969 seconds
[2026-09-09T08:33:51.736+0000] {processor.py:161} INFO - Started process (PID=950) to work on /opt/airflow/dags/main.py
[2026-09-09T08:33:51.957+0000] {processor.py:830} INFO - Processing file /opt/airflow/dags/main.py for tasks to queue
[2026-09-09T08:33:52.052+0000] {logging_mixin.py:188} INFO - [2026-09-09T08:33:52.051+0000] {dagbag.py:545} INFO - Filling up the DagBag from /opt/airflow/dags/main.py
[2026-09-09T08:33:52.725+0000] {logging_mixin.py:188} INFO - channel id is not executed
[2026-09-09T08:33:53.011+0000] {processor.py:840} INFO - DAG(s) 'update_db', 'data_quality', 'produce_json' retrieved from /opt/airflow/dags/main.py
[2026-09-09T08:33:53.401+0000] {logging_mixin.py:188} INFO - [2026-09-09T08:33:53.401+0000] {dag.py:3096} INFO - Sync 3 DAGs
[2026-09-09T08:33:53.453+0000] {logging_mixin.py:188} INFO - [2026-09-09T08:33:53.452+0000] {dag.py:3954} INFO - Setting next_dagrun for data_quality to 2026-09-09 16:00:00+00:00, run_after=2026-09-10 16:00:00+00:00
[2026-09-09T08:33:53.472+0000] {logging_mixin.py:188} INFO - [2026-09-09T08:33:53.472+0000] {dag.py:3954} INFO - Setting next_dagrun for produce_json to 2026-09-09 14:00:00+00:00, run_after=2026-09-10 14:00:00+00:00
[2026-09-09T08:33:53.477+0000] {logging_mixin.py:188} INFO - [2026-09-09T08:33:53.476+0000] {dag.py:3954} INFO - Setting next_dagrun for update_db to None, run_after=None
[2026-09-09T08:33:53.545+0000] {processor.py:183} INFO - Processing /opt/airflow/dags/main.py took 1.861 seconds
[2026-09-09T08:34:24.102+0000] {processor.py:161} INFO - Started process (PID=964) to work on /opt/airflow/dags/main.py
[2026-09-09T08:34:24.105+0000] {processor.py:830} INFO - Processing file /opt/airflow/dags/main.py for tasks to queue
[2026-09-09T08:34:24.108+0000] {logging_mixin.py:188} INFO - [2026-09-09T08:34:24.108+0000] {dagbag.py:545} INFO - Filling up the DagBag from /opt/airflow/dags/main.py
[2026-09-09T08:34:24.219+0000] {logging_mixin.py:188} INFO - channel id is not executed
[2026-09-09T08:34:24.623+0000] {processor.py:840} INFO - DAG(s) 'update_db', 'data_quality', 'produce_json' retrieved from /opt/airflow/dags/main.py
[2026-09-09T08:34:25.401+0000] {logging_mixin.py:188} INFO - [2026-09-09T08:34:25.401+0000] {dag.py:3096} INFO - Sync 3 DAGs
[2026-09-09T08:34:25.562+0000] {logging_mixin.py:188} INFO - [2026-09-09T08:34:25.561+0000] {dag.py:3954} INFO - Setting next_dagrun for data_quality to 2026-09-09 16:00:00+00:00, run_after=2026-09-10 16:00:00+00:00
[2026-09-09T08:34:25.683+0000] {logging_mixin.py:188} INFO - [2026-09-09T08:34:25.682+0000] {dag.py:3954} INFO - Setting next_dagrun for produce_json to 2026-09-09 14:00:00+00:00, run_after=2026-09-10 14:00:00+00:00
[2026-09-09T08:34:25.839+0000] {logging_mixin.py:188} INFO - [2026-09-09T08:34:25.839+0000] {dag.py:3954} INFO - Setting next_dagrun for update_db to None, run_after=None
[2026-09-09T08:34:26.014+0000] {processor.py:183} INFO - Processing /opt/airflow/dags/main.py took 1.929 seconds
[2026-09-09T08:34:31.305+0000] {processor.py:161} INFO - Started process (PID=965) to work on /opt/airflow/dags/main.py
[2026-09-09T08:34:31.309+0000] {processor.py:830} INFO - Processing file /opt/airflow/dags/main.py for tasks to queue
[2026-09-09T08:34:31.312+0000] {logging_mixin.py:188} INFO - [2026-09-09T08:34:31.312+0000] {dagbag.py:545} INFO - Filling up the DagBag from /opt/airflow/dags/main.py
[2026-09-09T08:34:31.874+0000] {logging_mixin.py:188} INFO - channel id is not executed
[2026-09-09T08:34:32.180+0000] {processor.py:840} INFO - DAG(s) 'produce_json', 'update_db', 'data_quality' retrieved from /opt/airflow/dags/main.py
[2026-09-09T08:34:32.218+0000] {logging_mixin.py:188} INFO - [2026-09-09T08:34:32.218+0000] {dag.py:3096} INFO - Sync 3 DAGs
[2026-09-09T08:34:32.278+0000] {logging_mixin.py:188} INFO - [2026-09-09T08:34:32.276+0000] {dag.py:3954} INFO - Setting next_dagrun for data_quality to 2026-09-09 16:00:00+00:00, run_after=2026-09-10 16:00:00+00:00
[2026-09-09T08:34:32.293+0000] {logging_mixin.py:188} INFO - [2026-09-09T08:34:32.292+0000] {dag.py:3954} INFO - Setting next_dagrun for produce_json to 2026-09-09 14:00:00+00:00, run_after=2026-09-10 14:00:00+00:00
[2026-09-09T08:34:32.300+0000] {logging_mixin.py:188} INFO - [2026-09-09T08:34:32.299+0000] {dag.py:3954} INFO - Setting next_dagrun for update_db to None, run_after=None
[2026-09-09T08:34:32.384+0000] {processor.py:183} INFO - Processing /opt/airflow/dags/main.py took 1.093 seconds
[2026-09-09T08:34:35.823+0000] {processor.py:161} INFO - Started process (PID=966) to work on /opt/airflow/dags/main.py
[2026-09-09T08:34:35.923+0000] {processor.py:830} INFO - Processing file /opt/airflow/dags/main.py for tasks to queue
[2026-09-09T08:34:35.976+0000] {logging_mixin.py:188} INFO - [2026-09-09T08:34:35.975+0000] {dagbag.py:545} INFO - Filling up the DagBag from /opt/airflow/dags/main.py
[2026-09-09T08:34:39.339+0000] {logging_mixin.py:188} INFO - channel id is not executed
[2026-09-09T08:34:43.725+0000] {processor.py:840} INFO - DAG(s) 'produce_json', 'data_quality', 'update_db' retrieved from /opt/airflow/dags/main.py
[2026-09-09T08:34:43.769+0000] {logging_mixin.py:188} INFO - [2026-09-09T08:34:43.769+0000] {dag.py:3096} INFO - Sync 3 DAGs
[2026-09-09T08:34:43.865+0000] {logging_mixin.py:188} INFO - [2026-09-09T08:34:43.865+0000] {dag.py:3954} INFO - Setting next_dagrun for data_quality to 2026-09-09 16:00:00+00:00, run_after=2026-09-10 16:00:00+00:00
[2026-09-09T08:34:43.922+0000] {logging_mixin.py:188} INFO - [2026-09-09T08:34:43.922+0000] {dag.py:3954} INFO - Setting next_dagrun for produce_json to 2026-09-09 14:00:00+00:00, run_after=2026-09-10 14:00:00+00:00
[2026-09-09T08:34:43.952+0000] {logging_mixin.py:188} INFO - [2026-09-09T08:34:43.951+0000] {dag.py:3954} INFO - Setting next_dagrun for update_db to None, run_after=None
[2026-09-09T08:34:44.136+0000] {processor.py:183} INFO - Processing /opt/airflow/dags/main.py took 8.391 seconds
[2026-09-09T08:34:45.911+0000] {processor.py:161} INFO - Started process (PID=967) to work on /opt/airflow/dags/main.py
[2026-09-09T08:34:45.923+0000] {processor.py:830} INFO - Processing file /opt/airflow/dags/main.py for tasks to queue
[2026-09-09T08:34:45.947+0000] {logging_mixin.py:188} INFO - [2026-09-09T08:34:45.946+0000] {dagbag.py:545} INFO - Filling up the DagBag from /opt/airflow/dags/main.py
[2026-09-09T08:34:46.215+0000] {logging_mixin.py:188} INFO - channel id is not executed
[2026-09-09T08:34:46.544+0000] {logging_mixin.py:188} INFO - [2026-09-09T08:34:46.516+0000] {dagbag.py:355} ERROR - Failed to import: /opt/airflow/dags/main.py
Traceback (most recent call last):
  File "/home/airflow/.local/lib/python3.10/site-packages/airflow/models/dagbag.py", line 351, in parse
    loader.exec_module(new_module)
  File "<frozen importlib._bootstrap_external>", line 883, in exec_module
  File "<frozen importlib._bootstrap>", line 241, in _call_with_frames_removed
  File "/opt/airflow/dags/main.py", line 49, in <module>
    trigger_data_quality
NameError: name 'trigger_data_quality' is not defined. Did you mean: 'yt_elt_data_quality'?
[2026-09-09T08:34:46.563+0000] {processor.py:842} WARNING - No viable dags retrieved from /opt/airflow/dags/main.py
[2026-09-09T08:34:46.706+0000] {processor.py:183} INFO - Processing /opt/airflow/dags/main.py took 0.838 seconds
[2026-09-09T08:34:49.770+0000] {processor.py:161} INFO - Started process (PID=968) to work on /opt/airflow/dags/main.py
[2026-09-09T08:34:49.778+0000] {processor.py:830} INFO - Processing file /opt/airflow/dags/main.py for tasks to queue
[2026-09-09T08:34:49.785+0000] {logging_mixin.py:188} INFO - [2026-09-09T08:34:49.785+0000] {dagbag.py:545} INFO - Filling up the DagBag from /opt/airflow/dags/main.py
[2026-09-09T08:34:51.634+0000] {logging_mixin.py:188} INFO - channel id is not executed
[2026-09-09T08:34:53.849+0000] {logging_mixin.py:188} INFO - [2026-09-09T08:34:53.843+0000] {dagbag.py:355} ERROR - Failed to import: /opt/airflow/dags/main.py
Traceback (most recent call last):
  File "/home/airflow/.local/lib/python3.10/site-packages/airflow/models/dagbag.py", line 351, in parse
    loader.exec_module(new_module)
  File "<frozen importlib._bootstrap_external>", line 883, in exec_module
  File "<frozen importlib._bootstrap>", line 241, in _call_with_frames_removed
  File "/opt/airflow/dags/main.py", line 49, in <module>
    trigger_data_quality=Trigger
NameError: name 'Tri' is not defined
[2026-09-09T08:34:53.868+0000] {processor.py:842} WARNING - No viable dags retrieved from /opt/airflow/dags/main.py
[2026-09-09T08:34:53.953+0000] {processor.py:183} INFO - Processing /opt/airflow/dags/main.py took 4.207 seconds
[2026-09-09T08:34:55.385+0000] {processor.py:161} INFO - Started process (PID=975) to work on /opt/airflow/dags/main.py
[2026-09-09T08:34:55.436+0000] {processor.py:830} INFO - Processing file /opt/airflow/dags/main.py for tasks to queue
[2026-09-09T08:34:55.457+0000] {logging_mixin.py:188} INFO - [2026-09-09T08:34:55.457+0000] {dagbag.py:545} INFO - Filling up the DagBag from /opt/airflow/dags/main.py
[2026-09-09T08:34:57.983+0000] {logging_mixin.py:188} INFO - channel id is not executed
[2026-09-09T08:35:04.117+0000] {processor.py:840} INFO - DAG(s) 'produce_json', 'data_quality', 'update_db' retrieved from /opt/airflow/dags/main.py
[2026-09-09T08:35:05.053+0000] {logging_mixin.py:188} INFO - [2026-09-09T08:35:05.053+0000] {dag.py:3096} INFO - Sync 3 DAGs
[2026-09-09T08:35:05.403+0000] {logging_mixin.py:188} INFO - [2026-09-09T08:35:05.403+0000] {dag.py:3954} INFO - Setting next_dagrun for data_quality to 2026-09-09 16:00:00+00:00, run_after=2026-09-10 16:00:00+00:00
[2026-09-09T08:35:05.494+0000] {logging_mixin.py:188} INFO - [2026-09-09T08:35:05.494+0000] {dag.py:3954} INFO - Setting next_dagrun for produce_json to 2026-09-09 14:00:00+00:00, run_after=2026-09-10 14:00:00+00:00
[2026-09-09T08:35:05.618+0000] {logging_mixin.py:188} INFO - [2026-09-09T08:35:05.617+0000] {dag.py:3954} INFO - Setting next_dagrun for update_db to None, run_after=None
[2026-09-09T08:35:06.148+0000] {processor.py:183} INFO - Processing /opt/airflow/dags/main.py took 10.799 seconds
[2026-09-09T08:35:08.501+0000] {processor.py:161} INFO - Started process (PID=976) to work on /opt/airflow/dags/main.py
[2026-09-09T08:35:08.508+0000] {processor.py:830} INFO - Processing file /opt/airflow/dags/main.py for tasks to queue
[2026-09-09T08:35:08.515+0000] {logging_mixin.py:188} INFO - [2026-09-09T08:35:08.515+0000] {dagbag.py:545} INFO - Filling up the DagBag from /opt/airflow/dags/main.py
[2026-09-09T08:35:11.072+0000] {logging_mixin.py:188} INFO - channel id is not executed
[2026-09-09T08:35:17.089+0000] {logging_mixin.py:188} INFO - [2026-09-09T08:35:16.587+0000] {dagbag.py:355} ERROR - Failed to import: /opt/airflow/dags/main.py
Traceback (most recent call last):
  File "/home/airflow/.local/lib/python3.10/site-packages/airflow/models/dagbag.py", line 351, in parse
    loader.exec_module(new_module)
  File "<frozen importlib._bootstrap_external>", line 883, in exec_module
  File "<frozen importlib._bootstrap>", line 241, in _call_with_frames_removed
  File "/opt/airflow/dags/main.py", line 49, in <module>
    trigger_data_quality=TriggerDagRunOperator(
  File "/home/airflow/.local/lib/python3.10/site-packages/airflow/models/baseoperator.py", line 468, in apply_defaults
    raise AirflowException(f"missing keyword argument {missing_args.pop()!r}")
airflow.exceptions.AirflowException: missing keyword argument 'trigger_dag_id'
[2026-09-09T08:35:17.276+0000] {processor.py:842} WARNING - No viable dags retrieved from /opt/airflow/dags/main.py
[2026-09-09T08:35:17.378+0000] {processor.py:183} INFO - Processing /opt/airflow/dags/main.py took 8.886 seconds
[2026-09-09T08:35:20.421+0000] {processor.py:161} INFO - Started process (PID=977) to work on /opt/airflow/dags/main.py
[2026-09-09T08:35:20.428+0000] {processor.py:830} INFO - Processing file /opt/airflow/dags/main.py for tasks to queue
[2026-09-09T08:35:20.445+0000] {logging_mixin.py:188} INFO - [2026-09-09T08:35:20.445+0000] {dagbag.py:545} INFO - Filling up the DagBag from /opt/airflow/dags/main.py
[2026-09-09T08:35:22.531+0000] {logging_mixin.py:188} INFO - [2026-09-09T08:35:22.529+0000] {dagbag.py:355} ERROR - Failed to import: /opt/airflow/dags/main.py
Traceback (most recent call last):
  File "/home/airflow/.local/lib/python3.10/site-packages/airflow/models/dagbag.py", line 351, in parse
    loader.exec_module(new_module)
  File "<frozen importlib._bootstrap_external>", line 879, in exec_module
  File "<frozen importlib._bootstrap_external>", line 1017, in get_code
  File "<frozen importlib._bootstrap_external>", line 947, in source_to_code
  File "<frozen importlib._bootstrap>", line 241, in _call_with_frames_removed
  File "/opt/airflow/dags/main.py", line 52
    )
    ^
SyntaxError: positional argument follows keyword argument
[2026-09-09T08:35:22.576+0000] {processor.py:842} WARNING - No viable dags retrieved from /opt/airflow/dags/main.py
[2026-09-09T08:35:23.091+0000] {processor.py:183} INFO - Processing /opt/airflow/dags/main.py took 2.689 seconds
[2026-09-09T08:35:26.844+0000] {processor.py:161} INFO - Started process (PID=984) to work on /opt/airflow/dags/main.py
[2026-09-09T08:35:26.847+0000] {processor.py:830} INFO - Processing file /opt/airflow/dags/main.py for tasks to queue
[2026-09-09T08:35:26.858+0000] {logging_mixin.py:188} INFO - [2026-09-09T08:35:26.857+0000] {dagbag.py:545} INFO - Filling up the DagBag from /opt/airflow/dags/main.py
[2026-09-09T08:35:26.902+0000] {logging_mixin.py:188} INFO - [2026-09-09T08:35:26.901+0000] {dagbag.py:355} ERROR - Failed to import: /opt/airflow/dags/main.py
Traceback (most recent call last):
  File "/home/airflow/.local/lib/python3.10/site-packages/airflow/models/dagbag.py", line 351, in parse
    loader.exec_module(new_module)
  File "<frozen importlib._bootstrap_external>", line 879, in exec_module
  File "<frozen importlib._bootstrap_external>", line 1017, in get_code
  File "<frozen importlib._bootstrap_external>", line 947, in source_to_code
  File "<frozen importlib._bootstrap>", line 241, in _call_with_frames_removed
  File "/opt/airflow/dags/main.py", line 52
    )
    ^
SyntaxError: invalid syntax
[2026-09-09T08:35:26.904+0000] {processor.py:842} WARNING - No viable dags retrieved from /opt/airflow/dags/main.py
[2026-09-09T08:35:26.970+0000] {processor.py:183} INFO - Processing /opt/airflow/dags/main.py took 0.146 seconds
[2026-09-09T08:35:32.385+0000] {processor.py:161} INFO - Started process (PID=985) to work on /opt/airflow/dags/main.py
[2026-09-09T08:35:32.487+0000] {processor.py:830} INFO - Processing file /opt/airflow/dags/main.py for tasks to queue
[2026-09-09T08:35:32.535+0000] {logging_mixin.py:188} INFO - [2026-09-09T08:35:32.534+0000] {dagbag.py:545} INFO - Filling up the DagBag from /opt/airflow/dags/main.py
[2026-09-09T08:35:34.269+0000] {logging_mixin.py:188} INFO - channel id is not executed
[2026-09-09T08:35:37.944+0000] {processor.py:840} INFO - DAG(s) 'data_quality', 'produce_json', 'update_db' retrieved from /opt/airflow/dags/main.py
[2026-09-09T08:35:38.929+0000] {logging_mixin.py:188} INFO - [2026-09-09T08:35:38.929+0000] {dag.py:3096} INFO - Sync 3 DAGs
[2026-09-09T08:35:39.031+0000] {logging_mixin.py:188} INFO - [2026-09-09T08:35:39.030+0000] {dag.py:3954} INFO - Setting next_dagrun for data_quality to 2026-09-09 16:00:00+00:00, run_after=2026-09-10 16:00:00+00:00
[2026-09-09T08:35:39.641+0000] {logging_mixin.py:188} INFO - [2026-09-09T08:35:39.641+0000] {dag.py:3954} INFO - Setting next_dagrun for produce_json to 2026-09-09 14:00:00+00:00, run_after=2026-09-10 14:00:00+00:00
[2026-09-09T08:35:39.711+0000] {logging_mixin.py:188} INFO - [2026-09-09T08:35:39.711+0000] {dag.py:3954} INFO - Setting next_dagrun for update_db to None, run_after=None
[2026-09-09T08:35:40.165+0000] {processor.py:183} INFO - Processing /opt/airflow/dags/main.py took 8.010 seconds
[2026-09-09T08:36:10.434+0000] {processor.py:161} INFO - Started process (PID=992) to work on /opt/airflow/dags/main.py
[2026-09-09T08:36:10.438+0000] {processor.py:830} INFO - Processing file /opt/airflow/dags/main.py for tasks to queue
[2026-09-09T08:36:10.441+0000] {logging_mixin.py:188} INFO - [2026-09-09T08:36:10.440+0000] {dagbag.py:545} INFO - Filling up the DagBag from /opt/airflow/dags/main.py
[2026-09-09T08:36:10.556+0000] {logging_mixin.py:188} INFO - channel id is not executed
[2026-09-09T08:36:10.810+0000] {processor.py:840} INFO - DAG(s) 'data_quality', 'produce_json', 'update_db' retrieved from /opt/airflow/dags/main.py
[2026-09-09T08:36:11.662+0000] {logging_mixin.py:188} INFO - [2026-09-09T08:36:11.661+0000] {dag.py:3096} INFO - Sync 3 DAGs
[2026-09-09T08:36:11.779+0000] {logging_mixin.py:188} INFO - [2026-09-09T08:36:11.778+0000] {dag.py:3954} INFO - Setting next_dagrun for data_quality to 2026-09-09 16:00:00+00:00, run_after=2026-09-10 16:00:00+00:00
[2026-09-09T08:36:11.794+0000] {logging_mixin.py:188} INFO - [2026-09-09T08:36:11.794+0000] {dag.py:3954} INFO - Setting next_dagrun for produce_json to 2026-09-09 14:00:00+00:00, run_after=2026-09-10 14:00:00+00:00
[2026-09-09T08:36:11.818+0000] {logging_mixin.py:188} INFO - [2026-09-09T08:36:11.818+0000] {dag.py:3954} INFO - Setting next_dagrun for update_db to None, run_after=None
[2026-09-09T08:36:12.012+0000] {processor.py:183} INFO - Processing /opt/airflow/dags/main.py took 1.590 seconds
[2026-09-09T08:36:34.761+0000] {processor.py:161} INFO - Started process (PID=999) to work on /opt/airflow/dags/main.py
[2026-09-09T08:36:34.764+0000] {processor.py:830} INFO - Processing file /opt/airflow/dags/main.py for tasks to queue
[2026-09-09T08:36:34.766+0000] {logging_mixin.py:188} INFO - [2026-09-09T08:36:34.766+0000] {dagbag.py:545} INFO - Filling up the DagBag from /opt/airflow/dags/main.py
[2026-09-09T08:36:34.803+0000] {logging_mixin.py:188} INFO - [2026-09-09T08:36:34.802+0000] {dagbag.py:355} ERROR - Failed to import: /opt/airflow/dags/main.py
Traceback (most recent call last):
  File "/home/airflow/.local/lib/python3.10/site-packages/airflow/models/dagbag.py", line 351, in parse
    loader.exec_module(new_module)
  File "<frozen importlib._bootstrap_external>", line 879, in exec_module
  File "<frozen importlib._bootstrap_external>", line 1017, in get_code
  File "<frozen importlib._bootstrap_external>", line 947, in source_to_code
  File "<frozen importlib._bootstrap>", line 241, in _call_with_frames_removed
  File "/opt/airflow/dags/main.py", line 54
    update_staging >> update_core >> 
                                     ^
SyntaxError: invalid syntax
[2026-09-09T08:36:34.805+0000] {processor.py:842} WARNING - No viable dags retrieved from /opt/airflow/dags/main.py
[2026-09-09T08:36:34.840+0000] {processor.py:183} INFO - Processing /opt/airflow/dags/main.py took 0.090 seconds
[2026-09-09T08:36:40.795+0000] {processor.py:161} INFO - Started process (PID=1000) to work on /opt/airflow/dags/main.py
[2026-09-09T08:36:40.808+0000] {processor.py:830} INFO - Processing file /opt/airflow/dags/main.py for tasks to queue
[2026-09-09T08:36:40.811+0000] {logging_mixin.py:188} INFO - [2026-09-09T08:36:40.810+0000] {dagbag.py:545} INFO - Filling up the DagBag from /opt/airflow/dags/main.py
[2026-09-09T08:36:40.949+0000] {logging_mixin.py:188} INFO - channel id is not executed
[2026-09-09T08:36:41.251+0000] {processor.py:840} INFO - DAG(s) 'update_db', 'produce_json', 'data_quality' retrieved from /opt/airflow/dags/main.py
[2026-09-09T08:36:41.658+0000] {logging_mixin.py:188} INFO - [2026-09-09T08:36:41.657+0000] {dag.py:3096} INFO - Sync 3 DAGs
[2026-09-09T08:36:41.823+0000] {logging_mixin.py:188} INFO - [2026-09-09T08:36:41.822+0000] {dag.py:3954} INFO - Setting next_dagrun for data_quality to 2026-09-09 16:00:00+00:00, run_after=2026-09-10 16:00:00+00:00
[2026-09-09T08:36:42.074+0000] {logging_mixin.py:188} INFO - [2026-09-09T08:36:42.073+0000] {dag.py:3954} INFO - Setting next_dagrun for produce_json to 2026-09-09 14:00:00+00:00, run_after=2026-09-10 14:00:00+00:00
[2026-09-09T08:36:42.119+0000] {logging_mixin.py:188} INFO - [2026-09-09T08:36:42.119+0000] {dag.py:3954} INFO - Setting next_dagrun for update_db to None, run_after=None
[2026-09-09T08:36:42.303+0000] {processor.py:183} INFO - Processing /opt/airflow/dags/main.py took 1.528 seconds
[2026-09-09T08:36:51.025+0000] {processor.py:161} INFO - Started process (PID=1001) to work on /opt/airflow/dags/main.py
[2026-09-09T08:36:51.036+0000] {processor.py:830} INFO - Processing file /opt/airflow/dags/main.py for tasks to queue
[2026-09-09T08:36:51.039+0000] {logging_mixin.py:188} INFO - [2026-09-09T08:36:51.038+0000] {dagbag.py:545} INFO - Filling up the DagBag from /opt/airflow/dags/main.py
[2026-09-09T08:36:51.918+0000] {logging_mixin.py:188} INFO - channel id is not executed
[2026-09-09T08:36:52.373+0000] {processor.py:840} INFO - DAG(s) 'produce_json', 'data_quality', 'update_db' retrieved from /opt/airflow/dags/main.py
[2026-09-09T08:36:53.140+0000] {logging_mixin.py:188} INFO - [2026-09-09T08:36:53.140+0000] {dag.py:3096} INFO - Sync 3 DAGs
[2026-09-09T08:36:53.221+0000] {logging_mixin.py:188} INFO - [2026-09-09T08:36:53.221+0000] {dag.py:3954} INFO - Setting next_dagrun for data_quality to None, run_after=None
[2026-09-09T08:36:53.250+0000] {logging_mixin.py:188} INFO - [2026-09-09T08:36:53.239+0000] {dag.py:3954} INFO - Setting next_dagrun for produce_json to 2026-09-09 14:00:00+00:00, run_after=2026-09-10 14:00:00+00:00
[2026-09-09T08:36:53.254+0000] {logging_mixin.py:188} INFO - [2026-09-09T08:36:53.253+0000] {dag.py:3954} INFO - Setting next_dagrun for update_db to None, run_after=None
[2026-09-09T08:36:53.350+0000] {processor.py:183} INFO - Processing /opt/airflow/dags/main.py took 2.341 seconds
[2026-09-09T08:37:01.875+0000] {processor.py:161} INFO - Started process (PID=1007) to work on /opt/airflow/dags/main.py
[2026-09-09T08:37:01.907+0000] {processor.py:830} INFO - Processing file /opt/airflow/dags/main.py for tasks to queue
[2026-09-09T08:37:01.924+0000] {logging_mixin.py:188} INFO - [2026-09-09T08:37:01.923+0000] {dagbag.py:545} INFO - Filling up the DagBag from /opt/airflow/dags/main.py
[2026-09-09T08:37:05.616+0000] {logging_mixin.py:188} INFO - channel id is not executed
[2026-09-09T08:37:07.991+0000] {processor.py:840} INFO - DAG(s) 'update_db', 'produce_json', 'data_quality' retrieved from /opt/airflow/dags/main.py
[2026-09-09T08:37:08.767+0000] {logging_mixin.py:188} INFO - [2026-09-09T08:37:08.767+0000] {dag.py:3096} INFO - Sync 3 DAGs
[2026-09-09T08:37:09.237+0000] {logging_mixin.py:188} INFO - [2026-09-09T08:37:09.237+0000] {dag.py:3954} INFO - Setting next_dagrun for data_quality to None, run_after=None
[2026-09-09T08:37:09.324+0000] {logging_mixin.py:188} INFO - [2026-09-09T08:37:09.323+0000] {dag.py:3954} INFO - Setting next_dagrun for produce_json to 2026-09-09 14:00:00+00:00, run_after=2026-09-10 14:00:00+00:00
[2026-09-09T08:37:09.355+0000] {logging_mixin.py:188} INFO - [2026-09-09T08:37:09.354+0000] {dag.py:3954} INFO - Setting next_dagrun for update_db to None, run_after=None
[2026-09-09T08:37:10.140+0000] {processor.py:183} INFO - Processing /opt/airflow/dags/main.py took 8.302 seconds
[2026-09-09T08:37:40.355+0000] {processor.py:161} INFO - Started process (PID=1014) to work on /opt/airflow/dags/main.py
[2026-09-09T08:37:40.358+0000] {processor.py:830} INFO - Processing file /opt/airflow/dags/main.py for tasks to queue
[2026-09-09T08:37:40.361+0000] {logging_mixin.py:188} INFO - [2026-09-09T08:37:40.360+0000] {dagbag.py:545} INFO - Filling up the DagBag from /opt/airflow/dags/main.py
[2026-09-09T08:37:40.456+0000] {logging_mixin.py:188} INFO - channel id is not executed
[2026-09-09T08:37:40.635+0000] {processor.py:840} INFO - DAG(s) 'produce_json', 'update_db', 'data_quality' retrieved from /opt/airflow/dags/main.py
[2026-09-09T08:37:40.982+0000] {logging_mixin.py:188} INFO - [2026-09-09T08:37:40.982+0000] {dag.py:3096} INFO - Sync 3 DAGs
[2026-09-09T08:37:41.068+0000] {logging_mixin.py:188} INFO - [2026-09-09T08:37:41.068+0000] {dag.py:3954} INFO - Setting next_dagrun for data_quality to None, run_after=None
[2026-09-09T08:37:41.088+0000] {logging_mixin.py:188} INFO - [2026-09-09T08:37:41.087+0000] {dag.py:3954} INFO - Setting next_dagrun for produce_json to 2026-09-09 14:00:00+00:00, run_after=2026-09-10 14:00:00+00:00
[2026-09-09T08:37:41.092+0000] {logging_mixin.py:188} INFO - [2026-09-09T08:37:41.091+0000] {dag.py:3954} INFO - Setting next_dagrun for update_db to None, run_after=None
[2026-09-09T08:37:41.157+0000] {processor.py:183} INFO - Processing /opt/airflow/dags/main.py took 0.812 seconds
[2026-09-09T08:38:11.569+0000] {processor.py:161} INFO - Started process (PID=1021) to work on /opt/airflow/dags/main.py
[2026-09-09T08:38:11.583+0000] {processor.py:830} INFO - Processing file /opt/airflow/dags/main.py for tasks to queue
[2026-09-09T08:38:11.587+0000] {logging_mixin.py:188} INFO - [2026-09-09T08:38:11.587+0000] {dagbag.py:545} INFO - Filling up the DagBag from /opt/airflow/dags/main.py
[2026-09-09T08:38:11.659+0000] {logging_mixin.py:188} INFO - channel id is not executed
[2026-09-09T08:38:11.800+0000] {processor.py:840} INFO - DAG(s) 'produce_json', 'update_db', 'data_quality' retrieved from /opt/airflow/dags/main.py
[2026-09-09T08:38:12.038+0000] {logging_mixin.py:188} INFO - [2026-09-09T08:38:12.037+0000] {dag.py:3096} INFO - Sync 3 DAGs
[2026-09-09T08:38:12.074+0000] {logging_mixin.py:188} INFO - [2026-09-09T08:38:12.074+0000] {dag.py:3954} INFO - Setting next_dagrun for data_quality to None, run_after=None
[2026-09-09T08:38:12.083+0000] {logging_mixin.py:188} INFO - [2026-09-09T08:38:12.083+0000] {dag.py:3954} INFO - Setting next_dagrun for produce_json to 2026-09-09 14:00:00+00:00, run_after=2026-09-10 14:00:00+00:00
[2026-09-09T08:38:12.088+0000] {logging_mixin.py:188} INFO - [2026-09-09T08:38:12.087+0000] {dag.py:3954} INFO - Setting next_dagrun for update_db to None, run_after=None
[2026-09-09T08:38:12.141+0000] {processor.py:183} INFO - Processing /opt/airflow/dags/main.py took 0.608 seconds
[2026-09-09T08:38:42.478+0000] {processor.py:161} INFO - Started process (PID=1028) to work on /opt/airflow/dags/main.py
[2026-09-09T08:38:42.480+0000] {processor.py:830} INFO - Processing file /opt/airflow/dags/main.py for tasks to queue
[2026-09-09T08:38:42.485+0000] {logging_mixin.py:188} INFO - [2026-09-09T08:38:42.485+0000] {dagbag.py:545} INFO - Filling up the DagBag from /opt/airflow/dags/main.py
[2026-09-09T08:38:42.557+0000] {logging_mixin.py:188} INFO - channel id is not executed
[2026-09-09T08:38:42.933+0000] {processor.py:840} INFO - DAG(s) 'update_db', 'data_quality', 'produce_json' retrieved from /opt/airflow/dags/main.py
[2026-09-09T08:38:43.238+0000] {logging_mixin.py:188} INFO - [2026-09-09T08:38:43.237+0000] {dag.py:3096} INFO - Sync 3 DAGs
[2026-09-09T08:38:43.273+0000] {logging_mixin.py:188} INFO - [2026-09-09T08:38:43.273+0000] {dag.py:3954} INFO - Setting next_dagrun for data_quality to None, run_after=None
[2026-09-09T08:38:43.283+0000] {logging_mixin.py:188} INFO - [2026-09-09T08:38:43.283+0000] {dag.py:3954} INFO - Setting next_dagrun for produce_json to 2026-09-09 14:00:00+00:00, run_after=2026-09-10 14:00:00+00:00
[2026-09-09T08:38:43.291+0000] {logging_mixin.py:188} INFO - [2026-09-09T08:38:43.290+0000] {dag.py:3954} INFO - Setting next_dagrun for update_db to None, run_after=None
[2026-09-09T08:38:43.331+0000] {processor.py:183} INFO - Processing /opt/airflow/dags/main.py took 0.868 seconds
[2026-09-09T08:39:13.473+0000] {processor.py:161} INFO - Started process (PID=1035) to work on /opt/airflow/dags/main.py
[2026-09-09T08:39:13.476+0000] {processor.py:830} INFO - Processing file /opt/airflow/dags/main.py for tasks to queue
[2026-09-09T08:39:13.479+0000] {logging_mixin.py:188} INFO - [2026-09-09T08:39:13.478+0000] {dagbag.py:545} INFO - Filling up the DagBag from /opt/airflow/dags/main.py
[2026-09-09T08:39:13.567+0000] {logging_mixin.py:188} INFO - channel id is not executed
[2026-09-09T08:39:13.769+0000] {processor.py:840} INFO - DAG(s) 'produce_json', 'data_quality', 'update_db' retrieved from /opt/airflow/dags/main.py
[2026-09-09T08:39:14.017+0000] {logging_mixin.py:188} INFO - [2026-09-09T08:39:14.017+0000] {dag.py:3096} INFO - Sync 3 DAGs
[2026-09-09T08:39:14.057+0000] {logging_mixin.py:188} INFO - [2026-09-09T08:39:14.056+0000] {dag.py:3954} INFO - Setting next_dagrun for data_quality to None, run_after=None
[2026-09-09T08:39:14.066+0000] {logging_mixin.py:188} INFO - [2026-09-09T08:39:14.065+0000] {dag.py:3954} INFO - Setting next_dagrun for produce_json to 2026-09-09 14:00:00+00:00, run_after=2026-09-10 14:00:00+00:00
[2026-09-09T08:39:14.070+0000] {logging_mixin.py:188} INFO - [2026-09-09T08:39:14.070+0000] {dag.py:3954} INFO - Setting next_dagrun for update_db to None, run_after=None
[2026-09-09T08:39:14.107+0000] {processor.py:183} INFO - Processing /opt/airflow/dags/main.py took 0.644 seconds
[2026-09-09T08:39:44.517+0000] {processor.py:161} INFO - Started process (PID=1042) to work on /opt/airflow/dags/main.py
[2026-09-09T08:39:44.519+0000] {processor.py:830} INFO - Processing file /opt/airflow/dags/main.py for tasks to queue
[2026-09-09T08:39:44.522+0000] {logging_mixin.py:188} INFO - [2026-09-09T08:39:44.521+0000] {dagbag.py:545} INFO - Filling up the DagBag from /opt/airflow/dags/main.py
[2026-09-09T08:39:44.596+0000] {logging_mixin.py:188} INFO - channel id is not executed
[2026-09-09T08:39:44.750+0000] {processor.py:840} INFO - DAG(s) 'produce_json', 'data_quality', 'update_db' retrieved from /opt/airflow/dags/main.py
[2026-09-09T08:39:44.990+0000] {logging_mixin.py:188} INFO - [2026-09-09T08:39:44.990+0000] {dag.py:3096} INFO - Sync 3 DAGs
[2026-09-09T08:39:45.029+0000] {logging_mixin.py:188} INFO - [2026-09-09T08:39:45.029+0000] {dag.py:3954} INFO - Setting next_dagrun for data_quality to None, run_after=None
[2026-09-09T08:39:45.040+0000] {logging_mixin.py:188} INFO - [2026-09-09T08:39:45.040+0000] {dag.py:3954} INFO - Setting next_dagrun for produce_json to 2026-09-09 14:00:00+00:00, run_after=2026-09-10 14:00:00+00:00
[2026-09-09T08:39:45.044+0000] {logging_mixin.py:188} INFO - [2026-09-09T08:39:45.043+0000] {dag.py:3954} INFO - Setting next_dagrun for update_db to None, run_after=None
[2026-09-09T08:39:45.091+0000] {processor.py:183} INFO - Processing /opt/airflow/dags/main.py took 0.584 seconds
[2026-09-09T08:40:15.439+0000] {processor.py:161} INFO - Started process (PID=1050) to work on /opt/airflow/dags/main.py
[2026-09-09T08:40:15.441+0000] {processor.py:830} INFO - Processing file /opt/airflow/dags/main.py for tasks to queue
[2026-09-09T08:40:15.444+0000] {logging_mixin.py:188} INFO - [2026-09-09T08:40:15.444+0000] {dagbag.py:545} INFO - Filling up the DagBag from /opt/airflow/dags/main.py
[2026-09-09T08:40:15.795+0000] {logging_mixin.py:188} INFO - channel id is not executed
[2026-09-09T08:40:16.098+0000] {processor.py:840} INFO - DAG(s) 'update_db', 'data_quality', 'produce_json' retrieved from /opt/airflow/dags/main.py
[2026-09-09T08:40:16.665+0000] {logging_mixin.py:188} INFO - [2026-09-09T08:40:16.664+0000] {dag.py:3096} INFO - Sync 3 DAGs
[2026-09-09T08:40:16.786+0000] {logging_mixin.py:188} INFO - [2026-09-09T08:40:16.786+0000] {dag.py:3954} INFO - Setting next_dagrun for data_quality to None, run_after=None
[2026-09-09T08:40:16.829+0000] {logging_mixin.py:188} INFO - [2026-09-09T08:40:16.817+0000] {dag.py:3954} INFO - Setting next_dagrun for produce_json to 2026-09-09 14:00:00+00:00, run_after=2026-09-10 14:00:00+00:00
[2026-09-09T08:40:16.840+0000] {logging_mixin.py:188} INFO - [2026-09-09T08:40:16.839+0000] {dag.py:3954} INFO - Setting next_dagrun for update_db to None, run_after=None
[2026-09-09T08:40:16.919+0000] {processor.py:183} INFO - Processing /opt/airflow/dags/main.py took 1.492 seconds
[2026-09-09T08:40:47.301+0000] {processor.py:161} INFO - Started process (PID=1057) to work on /opt/airflow/dags/main.py
[2026-09-09T08:40:47.305+0000] {processor.py:830} INFO - Processing file /opt/airflow/dags/main.py for tasks to queue
[2026-09-09T08:40:47.308+0000] {logging_mixin.py:188} INFO - [2026-09-09T08:40:47.307+0000] {dagbag.py:545} INFO - Filling up the DagBag from /opt/airflow/dags/main.py
[2026-09-09T08:40:47.419+0000] {logging_mixin.py:188} INFO - channel id is not executed
[2026-09-09T08:40:47.627+0000] {processor.py:840} INFO - DAG(s) 'update_db', 'produce_json', 'data_quality' retrieved from /opt/airflow/dags/main.py
[2026-09-09T08:40:47.866+0000] {logging_mixin.py:188} INFO - [2026-09-09T08:40:47.865+0000] {dag.py:3096} INFO - Sync 3 DAGs
[2026-09-09T08:40:47.902+0000] {logging_mixin.py:188} INFO - [2026-09-09T08:40:47.901+0000] {dag.py:3954} INFO - Setting next_dagrun for data_quality to None, run_after=None
[2026-09-09T08:40:47.915+0000] {logging_mixin.py:188} INFO - [2026-09-09T08:40:47.915+0000] {dag.py:3954} INFO - Setting next_dagrun for produce_json to 2026-09-09 14:00:00+00:00, run_after=2026-09-10 14:00:00+00:00
[2026-09-09T08:40:47.920+0000] {logging_mixin.py:188} INFO - [2026-09-09T08:40:47.920+0000] {dag.py:3954} INFO - Setting next_dagrun for update_db to None, run_after=None
[2026-09-09T08:40:47.992+0000] {processor.py:183} INFO - Processing /opt/airflow/dags/main.py took 0.700 seconds
[2026-09-09T08:41:18.236+0000] {processor.py:161} INFO - Started process (PID=1065) to work on /opt/airflow/dags/main.py
[2026-09-09T08:41:18.239+0000] {processor.py:830} INFO - Processing file /opt/airflow/dags/main.py for tasks to queue
[2026-09-09T08:41:18.242+0000] {logging_mixin.py:188} INFO - [2026-09-09T08:41:18.241+0000] {dagbag.py:545} INFO - Filling up the DagBag from /opt/airflow/dags/main.py
[2026-09-09T08:41:18.337+0000] {logging_mixin.py:188} INFO - channel id is not executed
[2026-09-09T08:41:18.460+0000] {processor.py:840} INFO - DAG(s) 'update_db', 'data_quality', 'produce_json' retrieved from /opt/airflow/dags/main.py
[2026-09-09T08:41:18.686+0000] {logging_mixin.py:188} INFO - [2026-09-09T08:41:18.686+0000] {dag.py:3096} INFO - Sync 3 DAGs
[2026-09-09T08:41:18.719+0000] {logging_mixin.py:188} INFO - [2026-09-09T08:41:18.719+0000] {dag.py:3954} INFO - Setting next_dagrun for data_quality to None, run_after=None
[2026-09-09T08:41:18.730+0000] {logging_mixin.py:188} INFO - [2026-09-09T08:41:18.730+0000] {dag.py:3954} INFO - Setting next_dagrun for produce_json to 2026-09-09 14:00:00+00:00, run_after=2026-09-10 14:00:00+00:00
[2026-09-09T08:41:18.734+0000] {logging_mixin.py:188} INFO - [2026-09-09T08:41:18.734+0000] {dag.py:3954} INFO - Setting next_dagrun for update_db to None, run_after=None
[2026-09-09T08:41:18.771+0000] {processor.py:183} INFO - Processing /opt/airflow/dags/main.py took 0.544 seconds
[2026-09-09T08:41:49.573+0000] {processor.py:161} INFO - Started process (PID=1072) to work on /opt/airflow/dags/main.py
[2026-09-09T08:41:49.577+0000] {processor.py:830} INFO - Processing file /opt/airflow/dags/main.py for tasks to queue
[2026-09-09T08:41:49.583+0000] {logging_mixin.py:188} INFO - [2026-09-09T08:41:49.581+0000] {dagbag.py:545} INFO - Filling up the DagBag from /opt/airflow/dags/main.py
[2026-09-09T08:41:49.691+0000] {logging_mixin.py:188} INFO - channel id is not executed
[2026-09-09T08:41:49.815+0000] {processor.py:840} INFO - DAG(s) 'update_db', 'data_quality', 'produce_json' retrieved from /opt/airflow/dags/main.py
[2026-09-09T08:41:50.134+0000] {logging_mixin.py:188} INFO - [2026-09-09T08:41:50.134+0000] {dag.py:3096} INFO - Sync 3 DAGs
[2026-09-09T08:41:50.171+0000] {logging_mixin.py:188} INFO - [2026-09-09T08:41:50.170+0000] {dag.py:3954} INFO - Setting next_dagrun for data_quality to None, run_after=None
[2026-09-09T08:41:50.180+0000] {logging_mixin.py:188} INFO - [2026-09-09T08:41:50.179+0000] {dag.py:3954} INFO - Setting next_dagrun for produce_json to 2026-09-09 14:00:00+00:00, run_after=2026-09-10 14:00:00+00:00
[2026-09-09T08:41:50.183+0000] {logging_mixin.py:188} INFO - [2026-09-09T08:41:50.183+0000] {dag.py:3954} INFO - Setting next_dagrun for update_db to None, run_after=None
[2026-09-09T08:41:50.244+0000] {processor.py:183} INFO - Processing /opt/airflow/dags/main.py took 0.688 seconds
[2026-09-09T08:42:20.614+0000] {processor.py:161} INFO - Started process (PID=1080) to work on /opt/airflow/dags/main.py
[2026-09-09T08:42:20.624+0000] {processor.py:830} INFO - Processing file /opt/airflow/dags/main.py for tasks to queue
[2026-09-09T08:42:20.628+0000] {logging_mixin.py:188} INFO - [2026-09-09T08:42:20.628+0000] {dagbag.py:545} INFO - Filling up the DagBag from /opt/airflow/dags/main.py
[2026-09-09T08:42:20.698+0000] {logging_mixin.py:188} INFO - channel id is not executed
[2026-09-09T08:42:20.825+0000] {processor.py:840} INFO - DAG(s) 'update_db', 'data_quality', 'produce_json' retrieved from /opt/airflow/dags/main.py
[2026-09-09T08:42:21.196+0000] {logging_mixin.py:188} INFO - [2026-09-09T08:42:21.196+0000] {dag.py:3096} INFO - Sync 3 DAGs
[2026-09-09T08:42:21.234+0000] {logging_mixin.py:188} INFO - [2026-09-09T08:42:21.232+0000] {dag.py:3954} INFO - Setting next_dagrun for data_quality to None, run_after=None
[2026-09-09T08:42:21.244+0000] {logging_mixin.py:188} INFO - [2026-09-09T08:42:21.244+0000] {dag.py:3954} INFO - Setting next_dagrun for produce_json to 2026-09-09 14:00:00+00:00, run_after=2026-09-10 14:00:00+00:00
[2026-09-09T08:42:21.248+0000] {logging_mixin.py:188} INFO - [2026-09-09T08:42:21.248+0000] {dag.py:3954} INFO - Setting next_dagrun for update_db to None, run_after=None
[2026-09-09T08:42:21.292+0000] {processor.py:183} INFO - Processing /opt/airflow/dags/main.py took 0.688 seconds
[2026-09-09T08:42:51.706+0000] {processor.py:161} INFO - Started process (PID=1087) to work on /opt/airflow/dags/main.py
[2026-09-09T08:42:51.709+0000] {processor.py:830} INFO - Processing file /opt/airflow/dags/main.py for tasks to queue
[2026-09-09T08:42:51.712+0000] {logging_mixin.py:188} INFO - [2026-09-09T08:42:51.712+0000] {dagbag.py:545} INFO - Filling up the DagBag from /opt/airflow/dags/main.py
[2026-09-09T08:42:51.790+0000] {logging_mixin.py:188} INFO - channel id is not executed
[2026-09-09T08:42:51.936+0000] {processor.py:840} INFO - DAG(s) 'produce_json', 'data_quality', 'update_db' retrieved from /opt/airflow/dags/main.py
[2026-09-09T08:42:52.312+0000] {logging_mixin.py:188} INFO - [2026-09-09T08:42:52.312+0000] {dag.py:3096} INFO - Sync 3 DAGs
[2026-09-09T08:42:52.355+0000] {logging_mixin.py:188} INFO - [2026-09-09T08:42:52.355+0000] {dag.py:3954} INFO - Setting next_dagrun for data_quality to None, run_after=None
[2026-09-09T08:42:52.366+0000] {logging_mixin.py:188} INFO - [2026-09-09T08:42:52.365+0000] {dag.py:3954} INFO - Setting next_dagrun for produce_json to 2026-09-09 14:00:00+00:00, run_after=2026-09-10 14:00:00+00:00
[2026-09-09T08:42:52.370+0000] {logging_mixin.py:188} INFO - [2026-09-09T08:42:52.369+0000] {dag.py:3954} INFO - Setting next_dagrun for update_db to None, run_after=None
[2026-09-09T08:42:52.410+0000] {processor.py:183} INFO - Processing /opt/airflow/dags/main.py took 0.719 seconds
[2026-09-09T08:43:22.732+0000] {processor.py:161} INFO - Started process (PID=1094) to work on /opt/airflow/dags/main.py
[2026-09-09T08:43:22.735+0000] {processor.py:830} INFO - Processing file /opt/airflow/dags/main.py for tasks to queue
[2026-09-09T08:43:22.738+0000] {logging_mixin.py:188} INFO - [2026-09-09T08:43:22.737+0000] {dagbag.py:545} INFO - Filling up the DagBag from /opt/airflow/dags/main.py
[2026-09-09T08:43:22.814+0000] {logging_mixin.py:188} INFO - channel id is not executed
[2026-09-09T08:43:22.948+0000] {processor.py:840} INFO - DAG(s) 'data_quality', 'produce_json', 'update_db' retrieved from /opt/airflow/dags/main.py
[2026-09-09T08:43:23.178+0000] {logging_mixin.py:188} INFO - [2026-09-09T08:43:23.178+0000] {dag.py:3096} INFO - Sync 3 DAGs
[2026-09-09T08:43:23.218+0000] {logging_mixin.py:188} INFO - [2026-09-09T08:43:23.218+0000] {dag.py:3954} INFO - Setting next_dagrun for data_quality to None, run_after=None
[2026-09-09T08:43:23.227+0000] {logging_mixin.py:188} INFO - [2026-09-09T08:43:23.227+0000] {dag.py:3954} INFO - Setting next_dagrun for produce_json to 2026-09-09 14:00:00+00:00, run_after=2026-09-10 14:00:00+00:00
[2026-09-09T08:43:23.231+0000] {logging_mixin.py:188} INFO - [2026-09-09T08:43:23.230+0000] {dag.py:3954} INFO - Setting next_dagrun for update_db to None, run_after=None
[2026-09-09T08:43:23.296+0000] {processor.py:183} INFO - Processing /opt/airflow/dags/main.py took 0.574 seconds
[2026-09-09T08:43:53.653+0000] {processor.py:161} INFO - Started process (PID=1100) to work on /opt/airflow/dags/main.py
[2026-09-09T08:43:53.655+0000] {processor.py:830} INFO - Processing file /opt/airflow/dags/main.py for tasks to queue
[2026-09-09T08:43:53.658+0000] {logging_mixin.py:188} INFO - [2026-09-09T08:43:53.658+0000] {dagbag.py:545} INFO - Filling up the DagBag from /opt/airflow/dags/main.py
[2026-09-09T08:43:53.738+0000] {logging_mixin.py:188} INFO - channel id is not executed
[2026-09-09T08:43:53.866+0000] {processor.py:840} INFO - DAG(s) 'data_quality', 'produce_json', 'update_db' retrieved from /opt/airflow/dags/main.py
[2026-09-09T08:43:54.255+0000] {logging_mixin.py:188} INFO - [2026-09-09T08:43:54.255+0000] {dag.py:3096} INFO - Sync 3 DAGs
[2026-09-09T08:43:54.296+0000] {logging_mixin.py:188} INFO - [2026-09-09T08:43:54.296+0000] {dag.py:3954} INFO - Setting next_dagrun for data_quality to None, run_after=None
[2026-09-09T08:43:54.305+0000] {logging_mixin.py:188} INFO - [2026-09-09T08:43:54.304+0000] {dag.py:3954} INFO - Setting next_dagrun for produce_json to 2026-09-09 14:00:00+00:00, run_after=2026-09-10 14:00:00+00:00
[2026-09-09T08:43:54.309+0000] {logging_mixin.py:188} INFO - [2026-09-09T08:43:54.308+0000] {dag.py:3954} INFO - Setting next_dagrun for update_db to None, run_after=None
[2026-09-09T08:43:54.348+0000] {processor.py:183} INFO - Processing /opt/airflow/dags/main.py took 0.705 seconds
[2026-09-09T08:44:24.680+0000] {processor.py:161} INFO - Started process (PID=1107) to work on /opt/airflow/dags/main.py
[2026-09-09T08:44:24.688+0000] {processor.py:830} INFO - Processing file /opt/airflow/dags/main.py for tasks to queue
[2026-09-09T08:44:24.693+0000] {logging_mixin.py:188} INFO - [2026-09-09T08:44:24.692+0000] {dagbag.py:545} INFO - Filling up the DagBag from /opt/airflow/dags/main.py
[2026-09-09T08:44:24.834+0000] {logging_mixin.py:188} INFO - channel id is not executed
[2026-09-09T08:44:24.966+0000] {processor.py:840} INFO - DAG(s) 'update_db', 'data_quality', 'produce_json' retrieved from /opt/airflow/dags/main.py
[2026-09-09T08:44:25.327+0000] {logging_mixin.py:188} INFO - [2026-09-09T08:44:25.327+0000] {dag.py:3096} INFO - Sync 3 DAGs
[2026-09-09T08:44:25.384+0000] {logging_mixin.py:188} INFO - [2026-09-09T08:44:25.383+0000] {dag.py:3954} INFO - Setting next_dagrun for data_quality to None, run_after=None
[2026-09-09T08:44:25.394+0000] {logging_mixin.py:188} INFO - [2026-09-09T08:44:25.394+0000] {dag.py:3954} INFO - Setting next_dagrun for produce_json to 2026-09-09 14:00:00+00:00, run_after=2026-09-10 14:00:00+00:00
[2026-09-09T08:44:25.399+0000] {logging_mixin.py:188} INFO - [2026-09-09T08:44:25.398+0000] {dag.py:3954} INFO - Setting next_dagrun for update_db to None, run_after=None
[2026-09-09T08:44:25.455+0000] {processor.py:183} INFO - Processing /opt/airflow/dags/main.py took 0.796 seconds
[2026-09-09T08:44:55.802+0000] {processor.py:161} INFO - Started process (PID=1114) to work on /opt/airflow/dags/main.py
[2026-09-09T08:44:55.804+0000] {processor.py:830} INFO - Processing file /opt/airflow/dags/main.py for tasks to queue
[2026-09-09T08:44:55.807+0000] {logging_mixin.py:188} INFO - [2026-09-09T08:44:55.807+0000] {dagbag.py:545} INFO - Filling up the DagBag from /opt/airflow/dags/main.py
[2026-09-09T08:44:55.920+0000] {logging_mixin.py:188} INFO - channel id is not executed
[2026-09-09T08:44:56.122+0000] {processor.py:840} INFO - DAG(s) 'produce_json', 'data_quality', 'update_db' retrieved from /opt/airflow/dags/main.py
[2026-09-09T08:44:56.343+0000] {logging_mixin.py:188} INFO - [2026-09-09T08:44:56.342+0000] {dag.py:3096} INFO - Sync 3 DAGs
[2026-09-09T08:44:56.375+0000] {logging_mixin.py:188} INFO - [2026-09-09T08:44:56.375+0000] {dag.py:3954} INFO - Setting next_dagrun for data_quality to None, run_after=None
[2026-09-09T08:44:56.385+0000] {logging_mixin.py:188} INFO - [2026-09-09T08:44:56.385+0000] {dag.py:3954} INFO - Setting next_dagrun for produce_json to 2026-09-09 14:00:00+00:00, run_after=2026-09-10 14:00:00+00:00
[2026-09-09T08:44:56.389+0000] {logging_mixin.py:188} INFO - [2026-09-09T08:44:56.389+0000] {dag.py:3954} INFO - Setting next_dagrun for update_db to None, run_after=None
[2026-09-09T08:44:56.429+0000] {processor.py:183} INFO - Processing /opt/airflow/dags/main.py took 0.636 seconds
[2026-09-09T08:45:26.738+0000] {processor.py:161} INFO - Started process (PID=1127) to work on /opt/airflow/dags/main.py
[2026-09-09T08:45:26.741+0000] {processor.py:830} INFO - Processing file /opt/airflow/dags/main.py for tasks to queue
[2026-09-09T08:45:26.747+0000] {logging_mixin.py:188} INFO - [2026-09-09T08:45:26.747+0000] {dagbag.py:545} INFO - Filling up the DagBag from /opt/airflow/dags/main.py
[2026-09-09T08:45:26.818+0000] {logging_mixin.py:188} INFO - channel id is not executed
[2026-09-09T08:45:26.953+0000] {processor.py:840} INFO - DAG(s) 'update_db', 'produce_json', 'data_quality' retrieved from /opt/airflow/dags/main.py
[2026-09-09T08:45:27.406+0000] {logging_mixin.py:188} INFO - [2026-09-09T08:45:27.406+0000] {dag.py:3096} INFO - Sync 3 DAGs
[2026-09-09T08:45:27.465+0000] {logging_mixin.py:188} INFO - [2026-09-09T08:45:27.463+0000] {dag.py:3954} INFO - Setting next_dagrun for data_quality to None, run_after=None
[2026-09-09T08:45:27.482+0000] {logging_mixin.py:188} INFO - [2026-09-09T08:45:27.481+0000] {dag.py:3954} INFO - Setting next_dagrun for produce_json to 2026-09-09 14:00:00+00:00, run_after=2026-09-10 14:00:00+00:00
[2026-09-09T08:45:27.486+0000] {logging_mixin.py:188} INFO - [2026-09-09T08:45:27.486+0000] {dag.py:3954} INFO - Setting next_dagrun for update_db to None, run_after=None
[2026-09-09T08:45:27.547+0000] {processor.py:183} INFO - Processing /opt/airflow/dags/main.py took 0.818 seconds
[2026-09-09T08:45:57.676+0000] {processor.py:161} INFO - Started process (PID=1133) to work on /opt/airflow/dags/main.py
[2026-09-09T08:45:57.679+0000] {processor.py:830} INFO - Processing file /opt/airflow/dags/main.py for tasks to queue
[2026-09-09T08:45:57.686+0000] {logging_mixin.py:188} INFO - [2026-09-09T08:45:57.685+0000] {dagbag.py:545} INFO - Filling up the DagBag from /opt/airflow/dags/main.py
[2026-09-09T08:45:57.759+0000] {logging_mixin.py:188} INFO - channel id is not executed
[2026-09-09T08:45:57.892+0000] {processor.py:840} INFO - DAG(s) 'data_quality', 'update_db', 'produce_json' retrieved from /opt/airflow/dags/main.py
[2026-09-09T08:45:58.111+0000] {logging_mixin.py:188} INFO - [2026-09-09T08:45:58.110+0000] {dag.py:3096} INFO - Sync 3 DAGs
[2026-09-09T08:45:58.147+0000] {logging_mixin.py:188} INFO - [2026-09-09T08:45:58.147+0000] {dag.py:3954} INFO - Setting next_dagrun for data_quality to None, run_after=None
[2026-09-09T08:45:58.155+0000] {logging_mixin.py:188} INFO - [2026-09-09T08:45:58.155+0000] {dag.py:3954} INFO - Setting next_dagrun for produce_json to 2026-09-09 14:00:00+00:00, run_after=2026-09-10 14:00:00+00:00
[2026-09-09T08:45:58.159+0000] {logging_mixin.py:188} INFO - [2026-09-09T08:45:58.159+0000] {dag.py:3954} INFO - Setting next_dagrun for update_db to None, run_after=None
[2026-09-09T08:45:58.195+0000] {processor.py:183} INFO - Processing /opt/airflow/dags/main.py took 0.528 seconds
[2026-09-09T08:46:28.528+0000] {processor.py:161} INFO - Started process (PID=1140) to work on /opt/airflow/dags/main.py
[2026-09-09T08:46:28.530+0000] {processor.py:830} INFO - Processing file /opt/airflow/dags/main.py for tasks to queue
[2026-09-09T08:46:28.534+0000] {logging_mixin.py:188} INFO - [2026-09-09T08:46:28.533+0000] {dagbag.py:545} INFO - Filling up the DagBag from /opt/airflow/dags/main.py
[2026-09-09T08:46:28.607+0000] {logging_mixin.py:188} INFO - channel id is not executed
[2026-09-09T08:46:28.730+0000] {processor.py:840} INFO - DAG(s) 'data_quality', 'update_db', 'produce_json' retrieved from /opt/airflow/dags/main.py
[2026-09-09T08:46:28.968+0000] {logging_mixin.py:188} INFO - [2026-09-09T08:46:28.968+0000] {dag.py:3096} INFO - Sync 3 DAGs
[2026-09-09T08:46:29.009+0000] {logging_mixin.py:188} INFO - [2026-09-09T08:46:29.008+0000] {dag.py:3954} INFO - Setting next_dagrun for data_quality to None, run_after=None
[2026-09-09T08:46:29.019+0000] {logging_mixin.py:188} INFO - [2026-09-09T08:46:29.018+0000] {dag.py:3954} INFO - Setting next_dagrun for produce_json to 2026-09-09 14:00:00+00:00, run_after=2026-09-10 14:00:00+00:00
[2026-09-09T08:46:29.022+0000] {logging_mixin.py:188} INFO - [2026-09-09T08:46:29.022+0000] {dag.py:3954} INFO - Setting next_dagrun for update_db to None, run_after=None
[2026-09-09T08:46:29.057+0000] {processor.py:183} INFO - Processing /opt/airflow/dags/main.py took 0.539 seconds
[2026-09-09T08:46:59.810+0000] {processor.py:161} INFO - Started process (PID=1147) to work on /opt/airflow/dags/main.py
[2026-09-09T08:46:59.816+0000] {processor.py:830} INFO - Processing file /opt/airflow/dags/main.py for tasks to queue
[2026-09-09T08:46:59.819+0000] {logging_mixin.py:188} INFO - [2026-09-09T08:46:59.818+0000] {dagbag.py:545} INFO - Filling up the DagBag from /opt/airflow/dags/main.py
[2026-09-09T08:46:59.898+0000] {logging_mixin.py:188} INFO - channel id is not executed
[2026-09-09T08:47:00.063+0000] {processor.py:840} INFO - DAG(s) 'update_db', 'produce_json', 'data_quality' retrieved from /opt/airflow/dags/main.py
[2026-09-09T08:47:00.389+0000] {logging_mixin.py:188} INFO - [2026-09-09T08:47:00.388+0000] {dag.py:3096} INFO - Sync 3 DAGs
[2026-09-09T08:47:00.590+0000] {logging_mixin.py:188} INFO - [2026-09-09T08:47:00.590+0000] {dag.py:3954} INFO - Setting next_dagrun for data_quality to None, run_after=None
[2026-09-09T08:47:00.616+0000] {logging_mixin.py:188} INFO - [2026-09-09T08:47:00.614+0000] {dag.py:3954} INFO - Setting next_dagrun for produce_json to 2026-09-09 14:00:00+00:00, run_after=2026-09-10 14:00:00+00:00
[2026-09-09T08:47:00.620+0000] {logging_mixin.py:188} INFO - [2026-09-09T08:47:00.620+0000] {dag.py:3954} INFO - Setting next_dagrun for update_db to None, run_after=None
[2026-09-09T08:47:00.679+0000] {processor.py:183} INFO - Processing /opt/airflow/dags/main.py took 0.882 seconds
[2026-09-09T08:47:31.105+0000] {processor.py:161} INFO - Started process (PID=1154) to work on /opt/airflow/dags/main.py
[2026-09-09T08:47:31.108+0000] {processor.py:830} INFO - Processing file /opt/airflow/dags/main.py for tasks to queue
[2026-09-09T08:47:31.111+0000] {logging_mixin.py:188} INFO - [2026-09-09T08:47:31.111+0000] {dagbag.py:545} INFO - Filling up the DagBag from /opt/airflow/dags/main.py
[2026-09-09T08:47:31.231+0000] {logging_mixin.py:188} INFO - channel id is not executed
[2026-09-09T08:47:31.410+0000] {processor.py:840} INFO - DAG(s) 'data_quality', 'produce_json', 'update_db' retrieved from /opt/airflow/dags/main.py
[2026-09-09T08:47:31.663+0000] {logging_mixin.py:188} INFO - [2026-09-09T08:47:31.663+0000] {dag.py:3096} INFO - Sync 3 DAGs
[2026-09-09T08:47:31.703+0000] {logging_mixin.py:188} INFO - [2026-09-09T08:47:31.703+0000] {dag.py:3954} INFO - Setting next_dagrun for data_quality to None, run_after=None
[2026-09-09T08:47:31.712+0000] {logging_mixin.py:188} INFO - [2026-09-09T08:47:31.712+0000] {dag.py:3954} INFO - Setting next_dagrun for produce_json to 2026-09-09 14:00:00+00:00, run_after=2026-09-10 14:00:00+00:00
[2026-09-09T08:47:31.716+0000] {logging_mixin.py:188} INFO - [2026-09-09T08:47:31.715+0000] {dag.py:3954} INFO - Setting next_dagrun for update_db to None, run_after=None
[2026-09-09T08:47:31.760+0000] {processor.py:183} INFO - Processing /opt/airflow/dags/main.py took 0.672 seconds
[2026-09-09T08:48:02.220+0000] {processor.py:161} INFO - Started process (PID=1161) to work on /opt/airflow/dags/main.py
[2026-09-09T08:48:02.224+0000] {processor.py:830} INFO - Processing file /opt/airflow/dags/main.py for tasks to queue
[2026-09-09T08:48:02.227+0000] {logging_mixin.py:188} INFO - [2026-09-09T08:48:02.226+0000] {dagbag.py:545} INFO - Filling up the DagBag from /opt/airflow/dags/main.py
[2026-09-09T08:48:02.299+0000] {logging_mixin.py:188} INFO - channel id is not executed
[2026-09-09T08:48:02.436+0000] {processor.py:840} INFO - DAG(s) 'produce_json', 'data_quality', 'update_db' retrieved from /opt/airflow/dags/main.py
[2026-09-09T08:48:02.659+0000] {logging_mixin.py:188} INFO - [2026-09-09T08:48:02.658+0000] {dag.py:3096} INFO - Sync 3 DAGs
[2026-09-09T08:48:02.693+0000] {logging_mixin.py:188} INFO - [2026-09-09T08:48:02.692+0000] {dag.py:3954} INFO - Setting next_dagrun for data_quality to None, run_after=None
[2026-09-09T08:48:02.701+0000] {logging_mixin.py:188} INFO - [2026-09-09T08:48:02.701+0000] {dag.py:3954} INFO - Setting next_dagrun for produce_json to 2026-09-09 14:00:00+00:00, run_after=2026-09-10 14:00:00+00:00
[2026-09-09T08:48:02.705+0000] {logging_mixin.py:188} INFO - [2026-09-09T08:48:02.704+0000] {dag.py:3954} INFO - Setting next_dagrun for update_db to None, run_after=None
[2026-09-09T08:48:02.756+0000] {processor.py:183} INFO - Processing /opt/airflow/dags/main.py took 0.547 seconds
[2026-09-09T08:48:33.132+0000] {processor.py:161} INFO - Started process (PID=1168) to work on /opt/airflow/dags/main.py
[2026-09-09T08:48:33.134+0000] {processor.py:830} INFO - Processing file /opt/airflow/dags/main.py for tasks to queue
[2026-09-09T08:48:33.137+0000] {logging_mixin.py:188} INFO - [2026-09-09T08:48:33.137+0000] {dagbag.py:545} INFO - Filling up the DagBag from /opt/airflow/dags/main.py
[2026-09-09T08:48:33.216+0000] {logging_mixin.py:188} INFO - channel id is not executed
[2026-09-09T08:48:33.371+0000] {processor.py:840} INFO - DAG(s) 'produce_json', 'data_quality', 'update_db' retrieved from /opt/airflow/dags/main.py
[2026-09-09T08:48:33.602+0000] {logging_mixin.py:188} INFO - [2026-09-09T08:48:33.602+0000] {dag.py:3096} INFO - Sync 3 DAGs
[2026-09-09T08:48:33.642+0000] {logging_mixin.py:188} INFO - [2026-09-09T08:48:33.642+0000] {dag.py:3954} INFO - Setting next_dagrun for data_quality to None, run_after=None
[2026-09-09T08:48:33.652+0000] {logging_mixin.py:188} INFO - [2026-09-09T08:48:33.652+0000] {dag.py:3954} INFO - Setting next_dagrun for produce_json to 2026-09-09 14:00:00+00:00, run_after=2026-09-10 14:00:00+00:00
[2026-09-09T08:48:33.656+0000] {logging_mixin.py:188} INFO - [2026-09-09T08:48:33.656+0000] {dag.py:3954} INFO - Setting next_dagrun for update_db to None, run_after=None
[2026-09-09T08:48:33.711+0000] {processor.py:183} INFO - Processing /opt/airflow/dags/main.py took 0.592 seconds
[2026-09-09T08:49:03.994+0000] {processor.py:161} INFO - Started process (PID=1175) to work on /opt/airflow/dags/main.py
[2026-09-09T08:49:03.996+0000] {processor.py:830} INFO - Processing file /opt/airflow/dags/main.py for tasks to queue
[2026-09-09T08:49:04.000+0000] {logging_mixin.py:188} INFO - [2026-09-09T08:49:03.999+0000] {dagbag.py:545} INFO - Filling up the DagBag from /opt/airflow/dags/main.py
[2026-09-09T08:49:04.069+0000] {logging_mixin.py:188} INFO - channel id is not executed
[2026-09-09T08:49:04.202+0000] {processor.py:840} INFO - DAG(s) 'update_db', 'data_quality', 'produce_json' retrieved from /opt/airflow/dags/main.py
[2026-09-09T08:49:04.564+0000] {logging_mixin.py:188} INFO - [2026-09-09T08:49:04.563+0000] {dag.py:3096} INFO - Sync 3 DAGs
[2026-09-09T08:49:04.598+0000] {logging_mixin.py:188} INFO - [2026-09-09T08:49:04.597+0000] {dag.py:3954} INFO - Setting next_dagrun for data_quality to None, run_after=None
[2026-09-09T08:49:04.606+0000] {logging_mixin.py:188} INFO - [2026-09-09T08:49:04.606+0000] {dag.py:3954} INFO - Setting next_dagrun for produce_json to 2026-09-09 14:00:00+00:00, run_after=2026-09-10 14:00:00+00:00
[2026-09-09T08:49:04.610+0000] {logging_mixin.py:188} INFO - [2026-09-09T08:49:04.610+0000] {dag.py:3954} INFO - Setting next_dagrun for update_db to None, run_after=None
[2026-09-09T08:49:04.654+0000] {processor.py:183} INFO - Processing /opt/airflow/dags/main.py took 0.670 seconds
[2026-09-09T08:49:35.000+0000] {processor.py:161} INFO - Started process (PID=1182) to work on /opt/airflow/dags/main.py
[2026-09-09T08:49:35.003+0000] {processor.py:830} INFO - Processing file /opt/airflow/dags/main.py for tasks to queue
[2026-09-09T08:49:35.006+0000] {logging_mixin.py:188} INFO - [2026-09-09T08:49:35.006+0000] {dagbag.py:545} INFO - Filling up the DagBag from /opt/airflow/dags/main.py
[2026-09-09T08:49:35.095+0000] {logging_mixin.py:188} INFO - channel id is not executed
[2026-09-09T08:49:35.214+0000] {processor.py:840} INFO - DAG(s) 'update_db', 'data_quality', 'produce_json' retrieved from /opt/airflow/dags/main.py
[2026-09-09T08:49:35.443+0000] {logging_mixin.py:188} INFO - [2026-09-09T08:49:35.443+0000] {dag.py:3096} INFO - Sync 3 DAGs
[2026-09-09T08:49:35.476+0000] {logging_mixin.py:188} INFO - [2026-09-09T08:49:35.475+0000] {dag.py:3954} INFO - Setting next_dagrun for data_quality to None, run_after=None
[2026-09-09T08:49:35.496+0000] {logging_mixin.py:188} INFO - [2026-09-09T08:49:35.495+0000] {dag.py:3954} INFO - Setting next_dagrun for produce_json to 2026-09-09 14:00:00+00:00, run_after=2026-09-10 14:00:00+00:00
[2026-09-09T08:49:35.500+0000] {logging_mixin.py:188} INFO - [2026-09-09T08:49:35.499+0000] {dag.py:3954} INFO - Setting next_dagrun for update_db to None, run_after=None
[2026-09-09T08:49:35.551+0000] {processor.py:183} INFO - Processing /opt/airflow/dags/main.py took 0.573 seconds
[2026-09-09T08:50:05.627+0000] {processor.py:161} INFO - Started process (PID=1188) to work on /opt/airflow/dags/main.py
[2026-09-09T08:50:05.630+0000] {processor.py:830} INFO - Processing file /opt/airflow/dags/main.py for tasks to queue
[2026-09-09T08:50:05.633+0000] {logging_mixin.py:188} INFO - [2026-09-09T08:50:05.632+0000] {dagbag.py:545} INFO - Filling up the DagBag from /opt/airflow/dags/main.py
[2026-09-09T08:50:05.708+0000] {logging_mixin.py:188} INFO - channel id is not executed
[2026-09-09T08:50:05.840+0000] {processor.py:840} INFO - DAG(s) 'data_quality', 'produce_json', 'update_db' retrieved from /opt/airflow/dags/main.py
[2026-09-09T08:50:06.061+0000] {logging_mixin.py:188} INFO - [2026-09-09T08:50:06.061+0000] {dag.py:3096} INFO - Sync 3 DAGs
[2026-09-09T08:50:06.105+0000] {logging_mixin.py:188} INFO - [2026-09-09T08:50:06.105+0000] {dag.py:3954} INFO - Setting next_dagrun for data_quality to None, run_after=None
[2026-09-09T08:50:06.114+0000] {logging_mixin.py:188} INFO - [2026-09-09T08:50:06.113+0000] {dag.py:3954} INFO - Setting next_dagrun for produce_json to 2026-09-09 14:00:00+00:00, run_after=2026-09-10 14:00:00+00:00
[2026-09-09T08:50:06.118+0000] {logging_mixin.py:188} INFO - [2026-09-09T08:50:06.117+0000] {dag.py:3954} INFO - Setting next_dagrun for update_db to None, run_after=None
[2026-09-09T08:50:06.153+0000] {processor.py:183} INFO - Processing /opt/airflow/dags/main.py took 0.535 seconds
[2026-09-09T08:50:36.341+0000] {processor.py:161} INFO - Started process (PID=1194) to work on /opt/airflow/dags/main.py
[2026-09-09T08:50:36.344+0000] {processor.py:830} INFO - Processing file /opt/airflow/dags/main.py for tasks to queue
[2026-09-09T08:50:36.347+0000] {logging_mixin.py:188} INFO - [2026-09-09T08:50:36.346+0000] {dagbag.py:545} INFO - Filling up the DagBag from /opt/airflow/dags/main.py
[2026-09-09T08:50:36.428+0000] {logging_mixin.py:188} INFO - channel id is not executed
[2026-09-09T08:50:36.605+0000] {processor.py:840} INFO - DAG(s) 'produce_json', 'data_quality', 'update_db' retrieved from /opt/airflow/dags/main.py
[2026-09-09T08:50:36.856+0000] {logging_mixin.py:188} INFO - [2026-09-09T08:50:36.856+0000] {dag.py:3096} INFO - Sync 3 DAGs
[2026-09-09T08:50:36.890+0000] {logging_mixin.py:188} INFO - [2026-09-09T08:50:36.890+0000] {dag.py:3954} INFO - Setting next_dagrun for data_quality to None, run_after=None
[2026-09-09T08:50:36.901+0000] {logging_mixin.py:188} INFO - [2026-09-09T08:50:36.901+0000] {dag.py:3954} INFO - Setting next_dagrun for produce_json to 2026-09-09 14:00:00+00:00, run_after=2026-09-10 14:00:00+00:00
[2026-09-09T08:50:36.905+0000] {logging_mixin.py:188} INFO - [2026-09-09T08:50:36.905+0000] {dag.py:3954} INFO - Setting next_dagrun for update_db to None, run_after=None
[2026-09-09T08:50:36.942+0000] {processor.py:183} INFO - Processing /opt/airflow/dags/main.py took 0.610 seconds
[2026-09-09T08:51:07.322+0000] {processor.py:161} INFO - Started process (PID=1200) to work on /opt/airflow/dags/main.py
[2026-09-09T08:51:07.325+0000] {processor.py:830} INFO - Processing file /opt/airflow/dags/main.py for tasks to queue
[2026-09-09T08:51:07.327+0000] {logging_mixin.py:188} INFO - [2026-09-09T08:51:07.326+0000] {dagbag.py:545} INFO - Filling up the DagBag from /opt/airflow/dags/main.py
[2026-09-09T08:51:07.395+0000] {logging_mixin.py:188} INFO - channel id is not executed
[2026-09-09T08:51:07.510+0000] {processor.py:840} INFO - DAG(s) 'update_db', 'produce_json', 'data_quality' retrieved from /opt/airflow/dags/main.py
[2026-09-09T08:51:07.735+0000] {logging_mixin.py:188} INFO - [2026-09-09T08:51:07.734+0000] {dag.py:3096} INFO - Sync 3 DAGs
[2026-09-09T08:51:07.804+0000] {logging_mixin.py:188} INFO - [2026-09-09T08:51:07.803+0000] {dag.py:3954} INFO - Setting next_dagrun for data_quality to None, run_after=None
[2026-09-09T08:51:07.813+0000] {logging_mixin.py:188} INFO - [2026-09-09T08:51:07.813+0000] {dag.py:3954} INFO - Setting next_dagrun for produce_json to 2026-09-09 14:00:00+00:00, run_after=2026-09-10 14:00:00+00:00
[2026-09-09T08:51:07.817+0000] {logging_mixin.py:188} INFO - [2026-09-09T08:51:07.816+0000] {dag.py:3954} INFO - Setting next_dagrun for update_db to None, run_after=None
[2026-09-09T08:51:07.855+0000] {processor.py:183} INFO - Processing /opt/airflow/dags/main.py took 0.547 seconds
[2026-09-09T08:51:38.457+0000] {processor.py:161} INFO - Started process (PID=1207) to work on /opt/airflow/dags/main.py
[2026-09-09T08:51:38.460+0000] {processor.py:830} INFO - Processing file /opt/airflow/dags/main.py for tasks to queue
[2026-09-09T08:51:38.463+0000] {logging_mixin.py:188} INFO - [2026-09-09T08:51:38.462+0000] {dagbag.py:545} INFO - Filling up the DagBag from /opt/airflow/dags/main.py
[2026-09-09T08:51:38.541+0000] {logging_mixin.py:188} INFO - channel id is not executed
[2026-09-09T08:51:38.662+0000] {processor.py:840} INFO - DAG(s) 'update_db', 'data_quality', 'produce_json' retrieved from /opt/airflow/dags/main.py
[2026-09-09T08:51:38.888+0000] {logging_mixin.py:188} INFO - [2026-09-09T08:51:38.887+0000] {dag.py:3096} INFO - Sync 3 DAGs
[2026-09-09T08:51:38.924+0000] {logging_mixin.py:188} INFO - [2026-09-09T08:51:38.923+0000] {dag.py:3954} INFO - Setting next_dagrun for data_quality to None, run_after=None
[2026-09-09T08:51:38.932+0000] {logging_mixin.py:188} INFO - [2026-09-09T08:51:38.932+0000] {dag.py:3954} INFO - Setting next_dagrun for produce_json to 2026-09-09 14:00:00+00:00, run_after=2026-09-10 14:00:00+00:00
[2026-09-09T08:51:38.936+0000] {logging_mixin.py:188} INFO - [2026-09-09T08:51:38.935+0000] {dag.py:3954} INFO - Setting next_dagrun for update_db to None, run_after=None
[2026-09-09T08:51:38.971+0000] {processor.py:183} INFO - Processing /opt/airflow/dags/main.py took 0.523 seconds
[2026-09-09T08:52:09.338+0000] {processor.py:161} INFO - Started process (PID=1214) to work on /opt/airflow/dags/main.py
[2026-09-09T08:52:09.345+0000] {processor.py:830} INFO - Processing file /opt/airflow/dags/main.py for tasks to queue
[2026-09-09T08:52:09.348+0000] {logging_mixin.py:188} INFO - [2026-09-09T08:52:09.348+0000] {dagbag.py:545} INFO - Filling up the DagBag from /opt/airflow/dags/main.py
[2026-09-09T08:52:09.605+0000] {logging_mixin.py:188} INFO - channel id is not executed
[2026-09-09T08:52:10.175+0000] {processor.py:840} INFO - DAG(s) 'produce_json', 'update_db', 'data_quality' retrieved from /opt/airflow/dags/main.py
[2026-09-09T08:52:10.898+0000] {logging_mixin.py:188} INFO - [2026-09-09T08:52:10.898+0000] {dag.py:3096} INFO - Sync 3 DAGs
[2026-09-09T08:52:10.954+0000] {logging_mixin.py:188} INFO - [2026-09-09T08:52:10.954+0000] {dag.py:3954} INFO - Setting next_dagrun for data_quality to None, run_after=None
[2026-09-09T08:52:10.965+0000] {logging_mixin.py:188} INFO - [2026-09-09T08:52:10.964+0000] {dag.py:3954} INFO - Setting next_dagrun for produce_json to 2026-09-09 14:00:00+00:00, run_after=2026-09-10 14:00:00+00:00
[2026-09-09T08:52:10.968+0000] {logging_mixin.py:188} INFO - [2026-09-09T08:52:10.968+0000] {dag.py:3954} INFO - Setting next_dagrun for update_db to None, run_after=None
[2026-09-09T08:52:11.006+0000] {processor.py:183} INFO - Processing /opt/airflow/dags/main.py took 1.740 seconds
[2026-09-09T08:52:41.261+0000] {processor.py:161} INFO - Started process (PID=1220) to work on /opt/airflow/dags/main.py
[2026-09-09T08:52:41.263+0000] {processor.py:830} INFO - Processing file /opt/airflow/dags/main.py for tasks to queue
[2026-09-09T08:52:41.267+0000] {logging_mixin.py:188} INFO - [2026-09-09T08:52:41.267+0000] {dagbag.py:545} INFO - Filling up the DagBag from /opt/airflow/dags/main.py
[2026-09-09T08:52:41.348+0000] {logging_mixin.py:188} INFO - channel id is not executed
[2026-09-09T08:52:41.467+0000] {processor.py:840} INFO - DAG(s) 'produce_json', 'update_db', 'data_quality' retrieved from /opt/airflow/dags/main.py
[2026-09-09T08:52:41.693+0000] {logging_mixin.py:188} INFO - [2026-09-09T08:52:41.692+0000] {dag.py:3096} INFO - Sync 3 DAGs
[2026-09-09T08:52:41.726+0000] {logging_mixin.py:188} INFO - [2026-09-09T08:52:41.726+0000] {dag.py:3954} INFO - Setting next_dagrun for data_quality to None, run_after=None
[2026-09-09T08:52:41.736+0000] {logging_mixin.py:188} INFO - [2026-09-09T08:52:41.735+0000] {dag.py:3954} INFO - Setting next_dagrun for produce_json to 2026-09-09 14:00:00+00:00, run_after=2026-09-10 14:00:00+00:00
[2026-09-09T08:52:41.740+0000] {logging_mixin.py:188} INFO - [2026-09-09T08:52:41.740+0000] {dag.py:3954} INFO - Setting next_dagrun for update_db to None, run_after=None
[2026-09-09T08:52:41.782+0000] {processor.py:183} INFO - Processing /opt/airflow/dags/main.py took 0.533 seconds
[2026-09-09T08:53:12.166+0000] {processor.py:161} INFO - Started process (PID=1227) to work on /opt/airflow/dags/main.py
[2026-09-09T08:53:12.168+0000] {processor.py:830} INFO - Processing file /opt/airflow/dags/main.py for tasks to queue
[2026-09-09T08:53:12.171+0000] {logging_mixin.py:188} INFO - [2026-09-09T08:53:12.171+0000] {dagbag.py:545} INFO - Filling up the DagBag from /opt/airflow/dags/main.py
[2026-09-09T08:53:12.251+0000] {logging_mixin.py:188} INFO - channel id is not executed
[2026-09-09T08:53:12.411+0000] {processor.py:840} INFO - DAG(s) 'update_db', 'data_quality', 'produce_json' retrieved from /opt/airflow/dags/main.py
[2026-09-09T08:53:12.778+0000] {logging_mixin.py:188} INFO - [2026-09-09T08:53:12.778+0000] {dag.py:3096} INFO - Sync 3 DAGs
[2026-09-09T08:53:12.819+0000] {logging_mixin.py:188} INFO - [2026-09-09T08:53:12.818+0000] {dag.py:3954} INFO - Setting next_dagrun for data_quality to None, run_after=None
[2026-09-09T08:53:12.830+0000] {logging_mixin.py:188} INFO - [2026-09-09T08:53:12.829+0000] {dag.py:3954} INFO - Setting next_dagrun for produce_json to 2026-09-09 14:00:00+00:00, run_after=2026-09-10 14:00:00+00:00
[2026-09-09T08:53:12.834+0000] {logging_mixin.py:188} INFO - [2026-09-09T08:53:12.833+0000] {dag.py:3954} INFO - Setting next_dagrun for update_db to None, run_after=None
[2026-09-09T08:53:12.885+0000] {processor.py:183} INFO - Processing /opt/airflow/dags/main.py took 0.731 seconds
[2026-09-09T08:53:43.011+0000] {processor.py:161} INFO - Started process (PID=1234) to work on /opt/airflow/dags/main.py
[2026-09-09T08:53:43.013+0000] {processor.py:830} INFO - Processing file /opt/airflow/dags/main.py for tasks to queue
[2026-09-09T08:53:43.016+0000] {logging_mixin.py:188} INFO - [2026-09-09T08:53:43.015+0000] {dagbag.py:545} INFO - Filling up the DagBag from /opt/airflow/dags/main.py
[2026-09-09T08:53:43.093+0000] {logging_mixin.py:188} INFO - channel id is not executed
[2026-09-09T08:53:43.229+0000] {processor.py:840} INFO - DAG(s) 'update_db', 'data_quality', 'produce_json' retrieved from /opt/airflow/dags/main.py
[2026-09-09T08:53:43.445+0000] {logging_mixin.py:188} INFO - [2026-09-09T08:53:43.444+0000] {dag.py:3096} INFO - Sync 3 DAGs
[2026-09-09T08:53:43.481+0000] {logging_mixin.py:188} INFO - [2026-09-09T08:53:43.480+0000] {dag.py:3954} INFO - Setting next_dagrun for data_quality to None, run_after=None
[2026-09-09T08:53:43.490+0000] {logging_mixin.py:188} INFO - [2026-09-09T08:53:43.489+0000] {dag.py:3954} INFO - Setting next_dagrun for produce_json to 2026-09-09 14:00:00+00:00, run_after=2026-09-10 14:00:00+00:00
[2026-09-09T08:53:43.493+0000] {logging_mixin.py:188} INFO - [2026-09-09T08:53:43.493+0000] {dag.py:3954} INFO - Setting next_dagrun for update_db to None, run_after=None
[2026-09-09T08:53:43.532+0000] {processor.py:183} INFO - Processing /opt/airflow/dags/main.py took 0.531 seconds
[2026-09-09T08:54:13.881+0000] {processor.py:161} INFO - Started process (PID=1241) to work on /opt/airflow/dags/main.py
[2026-09-09T08:54:13.883+0000] {processor.py:830} INFO - Processing file /opt/airflow/dags/main.py for tasks to queue
[2026-09-09T08:54:13.886+0000] {logging_mixin.py:188} INFO - [2026-09-09T08:54:13.885+0000] {dagbag.py:545} INFO - Filling up the DagBag from /opt/airflow/dags/main.py
[2026-09-09T08:54:13.975+0000] {logging_mixin.py:188} INFO - channel id is not executed
[2026-09-09T08:54:14.117+0000] {processor.py:840} INFO - DAG(s) 'update_db', 'produce_json', 'data_quality' retrieved from /opt/airflow/dags/main.py
[2026-09-09T08:54:14.440+0000] {logging_mixin.py:188} INFO - [2026-09-09T08:54:14.439+0000] {dag.py:3096} INFO - Sync 3 DAGs
[2026-09-09T08:54:14.517+0000] {logging_mixin.py:188} INFO - [2026-09-09T08:54:14.517+0000] {dag.py:3954} INFO - Setting next_dagrun for data_quality to None, run_after=None
[2026-09-09T08:54:14.532+0000] {logging_mixin.py:188} INFO - [2026-09-09T08:54:14.532+0000] {dag.py:3954} INFO - Setting next_dagrun for produce_json to 2026-09-09 14:00:00+00:00, run_after=2026-09-10 14:00:00+00:00
[2026-09-09T08:54:14.536+0000] {logging_mixin.py:188} INFO - [2026-09-09T08:54:14.536+0000] {dag.py:3954} INFO - Setting next_dagrun for update_db to None, run_after=None
[2026-09-09T08:54:14.574+0000] {processor.py:183} INFO - Processing /opt/airflow/dags/main.py took 0.703 seconds
[2026-09-09T08:54:44.835+0000] {processor.py:161} INFO - Started process (PID=1247) to work on /opt/airflow/dags/main.py
[2026-09-09T08:54:44.837+0000] {processor.py:830} INFO - Processing file /opt/airflow/dags/main.py for tasks to queue
[2026-09-09T08:54:44.840+0000] {logging_mixin.py:188} INFO - [2026-09-09T08:54:44.839+0000] {dagbag.py:545} INFO - Filling up the DagBag from /opt/airflow/dags/main.py
[2026-09-09T08:54:44.921+0000] {logging_mixin.py:188} INFO - channel id is not executed
[2026-09-09T08:54:45.057+0000] {processor.py:840} INFO - DAG(s) 'update_db', 'data_quality', 'produce_json' retrieved from /opt/airflow/dags/main.py
[2026-09-09T08:54:45.272+0000] {logging_mixin.py:188} INFO - [2026-09-09T08:54:45.271+0000] {dag.py:3096} INFO - Sync 3 DAGs
[2026-09-09T08:54:45.330+0000] {logging_mixin.py:188} INFO - [2026-09-09T08:54:45.330+0000] {dag.py:3954} INFO - Setting next_dagrun for data_quality to None, run_after=None
[2026-09-09T08:54:45.338+0000] {logging_mixin.py:188} INFO - [2026-09-09T08:54:45.338+0000] {dag.py:3954} INFO - Setting next_dagrun for produce_json to 2026-09-09 14:00:00+00:00, run_after=2026-09-10 14:00:00+00:00
[2026-09-09T08:54:45.342+0000] {logging_mixin.py:188} INFO - [2026-09-09T08:54:45.342+0000] {dag.py:3954} INFO - Setting next_dagrun for update_db to None, run_after=None
[2026-09-09T08:54:45.377+0000] {processor.py:183} INFO - Processing /opt/airflow/dags/main.py took 0.551 seconds
[2026-09-09T08:55:15.731+0000] {processor.py:161} INFO - Started process (PID=1254) to work on /opt/airflow/dags/main.py
[2026-09-09T08:55:15.733+0000] {processor.py:830} INFO - Processing file /opt/airflow/dags/main.py for tasks to queue
[2026-09-09T08:55:15.736+0000] {logging_mixin.py:188} INFO - [2026-09-09T08:55:15.735+0000] {dagbag.py:545} INFO - Filling up the DagBag from /opt/airflow/dags/main.py
[2026-09-09T08:55:15.842+0000] {logging_mixin.py:188} INFO - channel id is not executed
[2026-09-09T08:55:15.963+0000] {processor.py:840} INFO - DAG(s) 'data_quality', 'update_db', 'produce_json' retrieved from /opt/airflow/dags/main.py
[2026-09-09T08:55:16.191+0000] {logging_mixin.py:188} INFO - [2026-09-09T08:55:16.190+0000] {dag.py:3096} INFO - Sync 3 DAGs
[2026-09-09T08:55:16.225+0000] {logging_mixin.py:188} INFO - [2026-09-09T08:55:16.225+0000] {dag.py:3954} INFO - Setting next_dagrun for data_quality to None, run_after=None
[2026-09-09T08:55:16.234+0000] {logging_mixin.py:188} INFO - [2026-09-09T08:55:16.234+0000] {dag.py:3954} INFO - Setting next_dagrun for produce_json to 2026-09-09 14:00:00+00:00, run_after=2026-09-10 14:00:00+00:00
[2026-09-09T08:55:16.238+0000] {logging_mixin.py:188} INFO - [2026-09-09T08:55:16.237+0000] {dag.py:3954} INFO - Setting next_dagrun for update_db to None, run_after=None
[2026-09-09T08:55:16.287+0000] {processor.py:183} INFO - Processing /opt/airflow/dags/main.py took 0.566 seconds
[2026-09-09T08:55:46.774+0000] {processor.py:161} INFO - Started process (PID=1261) to work on /opt/airflow/dags/main.py
[2026-09-09T08:55:46.781+0000] {processor.py:830} INFO - Processing file /opt/airflow/dags/main.py for tasks to queue
[2026-09-09T08:55:46.788+0000] {logging_mixin.py:188} INFO - [2026-09-09T08:55:46.786+0000] {dagbag.py:545} INFO - Filling up the DagBag from /opt/airflow/dags/main.py
[2026-09-09T08:55:46.880+0000] {logging_mixin.py:188} INFO - channel id is not executed
[2026-09-09T08:55:47.032+0000] {processor.py:840} INFO - DAG(s) 'update_db', 'produce_json', 'data_quality' retrieved from /opt/airflow/dags/main.py
[2026-09-09T08:55:47.273+0000] {logging_mixin.py:188} INFO - [2026-09-09T08:55:47.273+0000] {dag.py:3096} INFO - Sync 3 DAGs
[2026-09-09T08:55:47.309+0000] {logging_mixin.py:188} INFO - [2026-09-09T08:55:47.308+0000] {dag.py:3954} INFO - Setting next_dagrun for data_quality to None, run_after=None
[2026-09-09T08:55:47.319+0000] {logging_mixin.py:188} INFO - [2026-09-09T08:55:47.319+0000] {dag.py:3954} INFO - Setting next_dagrun for produce_json to 2026-09-09 14:00:00+00:00, run_after=2026-09-10 14:00:00+00:00
[2026-09-09T08:55:47.324+0000] {logging_mixin.py:188} INFO - [2026-09-09T08:55:47.323+0000] {dag.py:3954} INFO - Setting next_dagrun for update_db to None, run_after=None
[2026-09-09T08:55:47.377+0000] {processor.py:183} INFO - Processing /opt/airflow/dags/main.py took 0.621 seconds
[2026-09-09T08:56:17.717+0000] {processor.py:161} INFO - Started process (PID=1268) to work on /opt/airflow/dags/main.py
[2026-09-09T08:56:17.720+0000] {processor.py:830} INFO - Processing file /opt/airflow/dags/main.py for tasks to queue
[2026-09-09T08:56:17.724+0000] {logging_mixin.py:188} INFO - [2026-09-09T08:56:17.723+0000] {dagbag.py:545} INFO - Filling up the DagBag from /opt/airflow/dags/main.py
[2026-09-09T08:56:17.806+0000] {logging_mixin.py:188} INFO - channel id is not executed
[2026-09-09T08:56:17.941+0000] {processor.py:840} INFO - DAG(s) 'data_quality', 'update_db', 'produce_json' retrieved from /opt/airflow/dags/main.py
[2026-09-09T08:56:18.182+0000] {logging_mixin.py:188} INFO - [2026-09-09T08:56:18.182+0000] {dag.py:3096} INFO - Sync 3 DAGs
[2026-09-09T08:56:18.216+0000] {logging_mixin.py:188} INFO - [2026-09-09T08:56:18.216+0000] {dag.py:3954} INFO - Setting next_dagrun for data_quality to None, run_after=None
[2026-09-09T08:56:18.225+0000] {logging_mixin.py:188} INFO - [2026-09-09T08:56:18.224+0000] {dag.py:3954} INFO - Setting next_dagrun for produce_json to 2026-09-09 14:00:00+00:00, run_after=2026-09-10 14:00:00+00:00
[2026-09-09T08:56:18.229+0000] {logging_mixin.py:188} INFO - [2026-09-09T08:56:18.228+0000] {dag.py:3954} INFO - Setting next_dagrun for update_db to None, run_after=None
[2026-09-09T08:56:18.281+0000] {processor.py:183} INFO - Processing /opt/airflow/dags/main.py took 0.573 seconds
[2026-09-09T08:56:48.632+0000] {processor.py:161} INFO - Started process (PID=1275) to work on /opt/airflow/dags/main.py
[2026-09-09T08:56:48.634+0000] {processor.py:830} INFO - Processing file /opt/airflow/dags/main.py for tasks to queue
[2026-09-09T08:56:48.638+0000] {logging_mixin.py:188} INFO - [2026-09-09T08:56:48.637+0000] {dagbag.py:545} INFO - Filling up the DagBag from /opt/airflow/dags/main.py
[2026-09-09T08:56:48.724+0000] {logging_mixin.py:188} INFO - channel id is not executed
[2026-09-09T08:56:48.863+0000] {processor.py:840} INFO - DAG(s) 'update_db', 'produce_json', 'data_quality' retrieved from /opt/airflow/dags/main.py
[2026-09-09T08:56:49.090+0000] {logging_mixin.py:188} INFO - [2026-09-09T08:56:49.090+0000] {dag.py:3096} INFO - Sync 3 DAGs
[2026-09-09T08:56:49.124+0000] {logging_mixin.py:188} INFO - [2026-09-09T08:56:49.123+0000] {dag.py:3954} INFO - Setting next_dagrun for data_quality to None, run_after=None
[2026-09-09T08:56:49.133+0000] {logging_mixin.py:188} INFO - [2026-09-09T08:56:49.133+0000] {dag.py:3954} INFO - Setting next_dagrun for produce_json to 2026-09-09 14:00:00+00:00, run_after=2026-09-10 14:00:00+00:00
[2026-09-09T08:56:49.136+0000] {logging_mixin.py:188} INFO - [2026-09-09T08:56:49.136+0000] {dag.py:3954} INFO - Setting next_dagrun for update_db to None, run_after=None
[2026-09-09T08:56:49.172+0000] {processor.py:183} INFO - Processing /opt/airflow/dags/main.py took 0.551 seconds
[2026-09-09T08:57:19.522+0000] {processor.py:161} INFO - Started process (PID=1282) to work on /opt/airflow/dags/main.py
[2026-09-09T08:57:19.533+0000] {processor.py:830} INFO - Processing file /opt/airflow/dags/main.py for tasks to queue
[2026-09-09T08:57:19.536+0000] {logging_mixin.py:188} INFO - [2026-09-09T08:57:19.535+0000] {dagbag.py:545} INFO - Filling up the DagBag from /opt/airflow/dags/main.py
[2026-09-09T08:57:19.610+0000] {logging_mixin.py:188} INFO - channel id is not executed
[2026-09-09T08:57:19.763+0000] {processor.py:840} INFO - DAG(s) 'update_db', 'data_quality', 'produce_json' retrieved from /opt/airflow/dags/main.py
[2026-09-09T08:57:20.124+0000] {logging_mixin.py:188} INFO - [2026-09-09T08:57:20.124+0000] {dag.py:3096} INFO - Sync 3 DAGs
[2026-09-09T08:57:20.170+0000] {logging_mixin.py:188} INFO - [2026-09-09T08:57:20.170+0000] {dag.py:3954} INFO - Setting next_dagrun for data_quality to None, run_after=None
[2026-09-09T08:57:20.193+0000] {logging_mixin.py:188} INFO - [2026-09-09T08:57:20.192+0000] {dag.py:3954} INFO - Setting next_dagrun for produce_json to 2026-09-09 14:00:00+00:00, run_after=2026-09-10 14:00:00+00:00
[2026-09-09T08:57:20.225+0000] {logging_mixin.py:188} INFO - [2026-09-09T08:57:20.225+0000] {dag.py:3954} INFO - Setting next_dagrun for update_db to None, run_after=None
[2026-09-09T08:57:20.347+0000] {processor.py:183} INFO - Processing /opt/airflow/dags/main.py took 0.835 seconds
[2026-09-09T08:57:50.712+0000] {processor.py:161} INFO - Started process (PID=1289) to work on /opt/airflow/dags/main.py
[2026-09-09T08:57:50.715+0000] {processor.py:830} INFO - Processing file /opt/airflow/dags/main.py for tasks to queue
[2026-09-09T08:57:50.720+0000] {logging_mixin.py:188} INFO - [2026-09-09T08:57:50.719+0000] {dagbag.py:545} INFO - Filling up the DagBag from /opt/airflow/dags/main.py
[2026-09-09T08:57:50.818+0000] {logging_mixin.py:188} INFO - channel id is not executed
[2026-09-09T08:57:50.934+0000] {processor.py:840} INFO - DAG(s) 'update_db', 'produce_json', 'data_quality' retrieved from /opt/airflow/dags/main.py
[2026-09-09T08:57:51.149+0000] {logging_mixin.py:188} INFO - [2026-09-09T08:57:51.148+0000] {dag.py:3096} INFO - Sync 3 DAGs
[2026-09-09T08:57:51.183+0000] {logging_mixin.py:188} INFO - [2026-09-09T08:57:51.183+0000] {dag.py:3954} INFO - Setting next_dagrun for data_quality to None, run_after=None
[2026-09-09T08:57:51.192+0000] {logging_mixin.py:188} INFO - [2026-09-09T08:57:51.192+0000] {dag.py:3954} INFO - Setting next_dagrun for produce_json to 2026-09-09 14:00:00+00:00, run_after=2026-09-10 14:00:00+00:00
[2026-09-09T08:57:51.196+0000] {logging_mixin.py:188} INFO - [2026-09-09T08:57:51.196+0000] {dag.py:3954} INFO - Setting next_dagrun for update_db to None, run_after=None
[2026-09-09T08:57:51.233+0000] {processor.py:183} INFO - Processing /opt/airflow/dags/main.py took 0.534 seconds
[2026-09-09T08:58:21.705+0000] {processor.py:161} INFO - Started process (PID=1296) to work on /opt/airflow/dags/main.py
[2026-09-09T08:58:21.708+0000] {processor.py:830} INFO - Processing file /opt/airflow/dags/main.py for tasks to queue
[2026-09-09T08:58:21.711+0000] {logging_mixin.py:188} INFO - [2026-09-09T08:58:21.710+0000] {dagbag.py:545} INFO - Filling up the DagBag from /opt/airflow/dags/main.py
[2026-09-09T08:58:21.778+0000] {logging_mixin.py:188} INFO - channel id is not executed
[2026-09-09T08:58:21.898+0000] {processor.py:840} INFO - DAG(s) 'produce_json', 'update_db', 'data_quality' retrieved from /opt/airflow/dags/main.py
[2026-09-09T08:58:22.205+0000] {logging_mixin.py:188} INFO - [2026-09-09T08:58:22.205+0000] {dag.py:3096} INFO - Sync 3 DAGs
[2026-09-09T08:58:22.238+0000] {logging_mixin.py:188} INFO - [2026-09-09T08:58:22.237+0000] {dag.py:3954} INFO - Setting next_dagrun for data_quality to None, run_after=None
[2026-09-09T08:58:22.249+0000] {logging_mixin.py:188} INFO - [2026-09-09T08:58:22.248+0000] {dag.py:3954} INFO - Setting next_dagrun for produce_json to 2026-09-09 14:00:00+00:00, run_after=2026-09-10 14:00:00+00:00
[2026-09-09T08:58:22.253+0000] {logging_mixin.py:188} INFO - [2026-09-09T08:58:22.252+0000] {dag.py:3954} INFO - Setting next_dagrun for update_db to None, run_after=None
[2026-09-09T08:58:22.305+0000] {processor.py:183} INFO - Processing /opt/airflow/dags/main.py took 0.613 seconds
[2026-09-09T08:58:52.673+0000] {processor.py:161} INFO - Started process (PID=1303) to work on /opt/airflow/dags/main.py
[2026-09-09T08:58:52.676+0000] {processor.py:830} INFO - Processing file /opt/airflow/dags/main.py for tasks to queue
[2026-09-09T08:58:52.679+0000] {logging_mixin.py:188} INFO - [2026-09-09T08:58:52.678+0000] {dagbag.py:545} INFO - Filling up the DagBag from /opt/airflow/dags/main.py
[2026-09-09T08:58:52.755+0000] {logging_mixin.py:188} INFO - channel id is not executed
[2026-09-09T08:58:52.864+0000] {processor.py:840} INFO - DAG(s) 'data_quality', 'produce_json', 'update_db' retrieved from /opt/airflow/dags/main.py
[2026-09-09T08:58:53.221+0000] {logging_mixin.py:188} INFO - [2026-09-09T08:58:53.220+0000] {dag.py:3096} INFO - Sync 3 DAGs
[2026-09-09T08:58:53.263+0000] {logging_mixin.py:188} INFO - [2026-09-09T08:58:53.262+0000] {dag.py:3954} INFO - Setting next_dagrun for data_quality to None, run_after=None
[2026-09-09T08:58:53.272+0000] {logging_mixin.py:188} INFO - [2026-09-09T08:58:53.272+0000] {dag.py:3954} INFO - Setting next_dagrun for produce_json to 2026-09-09 14:00:00+00:00, run_after=2026-09-10 14:00:00+00:00
[2026-09-09T08:58:53.276+0000] {logging_mixin.py:188} INFO - [2026-09-09T08:58:53.276+0000] {dag.py:3954} INFO - Setting next_dagrun for update_db to None, run_after=None
[2026-09-09T08:58:53.388+0000] {processor.py:183} INFO - Processing /opt/airflow/dags/main.py took 0.724 seconds
[2026-09-09T08:59:23.717+0000] {processor.py:161} INFO - Started process (PID=1309) to work on /opt/airflow/dags/main.py
[2026-09-09T08:59:23.731+0000] {processor.py:830} INFO - Processing file /opt/airflow/dags/main.py for tasks to queue
[2026-09-09T08:59:23.740+0000] {logging_mixin.py:188} INFO - [2026-09-09T08:59:23.739+0000] {dagbag.py:545} INFO - Filling up the DagBag from /opt/airflow/dags/main.py
[2026-09-09T08:59:24.140+0000] {logging_mixin.py:188} INFO - channel id is not executed
[2026-09-09T08:59:24.290+0000] {processor.py:840} INFO - DAG(s) 'data_quality', 'produce_json', 'update_db' retrieved from /opt/airflow/dags/main.py
[2026-09-09T08:59:24.572+0000] {logging_mixin.py:188} INFO - [2026-09-09T08:59:24.572+0000] {dag.py:3096} INFO - Sync 3 DAGs
[2026-09-09T08:59:24.604+0000] {logging_mixin.py:188} INFO - [2026-09-09T08:59:24.604+0000] {dag.py:3954} INFO - Setting next_dagrun for data_quality to None, run_after=None
[2026-09-09T08:59:24.615+0000] {logging_mixin.py:188} INFO - [2026-09-09T08:59:24.614+0000] {dag.py:3954} INFO - Setting next_dagrun for produce_json to 2026-09-09 14:00:00+00:00, run_after=2026-09-10 14:00:00+00:00
[2026-09-09T08:59:24.619+0000] {logging_mixin.py:188} INFO - [2026-09-09T08:59:24.618+0000] {dag.py:3954} INFO - Setting next_dagrun for update_db to None, run_after=None
[2026-09-09T08:59:24.656+0000] {processor.py:183} INFO - Processing /opt/airflow/dags/main.py took 0.958 seconds
[2026-09-09T08:59:55.080+0000] {processor.py:161} INFO - Started process (PID=1316) to work on /opt/airflow/dags/main.py
[2026-09-09T08:59:55.083+0000] {processor.py:830} INFO - Processing file /opt/airflow/dags/main.py for tasks to queue
[2026-09-09T08:59:55.092+0000] {logging_mixin.py:188} INFO - [2026-09-09T08:59:55.091+0000] {dagbag.py:545} INFO - Filling up the DagBag from /opt/airflow/dags/main.py
[2026-09-09T08:59:55.168+0000] {logging_mixin.py:188} INFO - channel id is not executed
[2026-09-09T08:59:55.292+0000] {processor.py:840} INFO - DAG(s) 'produce_json', 'data_quality', 'update_db' retrieved from /opt/airflow/dags/main.py
[2026-09-09T08:59:55.516+0000] {logging_mixin.py:188} INFO - [2026-09-09T08:59:55.515+0000] {dag.py:3096} INFO - Sync 3 DAGs
[2026-09-09T08:59:55.567+0000] {logging_mixin.py:188} INFO - [2026-09-09T08:59:55.566+0000] {dag.py:3954} INFO - Setting next_dagrun for data_quality to None, run_after=None
[2026-09-09T08:59:55.577+0000] {logging_mixin.py:188} INFO - [2026-09-09T08:59:55.576+0000] {dag.py:3954} INFO - Setting next_dagrun for produce_json to 2026-09-09 14:00:00+00:00, run_after=2026-09-10 14:00:00+00:00
[2026-09-09T08:59:55.590+0000] {logging_mixin.py:188} INFO - [2026-09-09T08:59:55.589+0000] {dag.py:3954} INFO - Setting next_dagrun for update_db to None, run_after=None
[2026-09-09T08:59:55.673+0000] {processor.py:183} INFO - Processing /opt/airflow/dags/main.py took 0.604 seconds
[2026-09-09T09:00:26.063+0000] {processor.py:161} INFO - Started process (PID=1324) to work on /opt/airflow/dags/main.py
[2026-09-09T09:00:26.073+0000] {processor.py:830} INFO - Processing file /opt/airflow/dags/main.py for tasks to queue
[2026-09-09T09:00:26.077+0000] {logging_mixin.py:188} INFO - [2026-09-09T09:00:26.076+0000] {dagbag.py:545} INFO - Filling up the DagBag from /opt/airflow/dags/main.py
[2026-09-09T09:00:26.174+0000] {logging_mixin.py:188} INFO - channel id is not executed
[2026-09-09T09:00:26.336+0000] {processor.py:840} INFO - DAG(s) 'produce_json', 'update_db', 'data_quality' retrieved from /opt/airflow/dags/main.py
[2026-09-09T09:00:26.544+0000] {logging_mixin.py:188} INFO - [2026-09-09T09:00:26.543+0000] {dag.py:3096} INFO - Sync 3 DAGs
[2026-09-09T09:00:26.579+0000] {logging_mixin.py:188} INFO - [2026-09-09T09:00:26.578+0000] {dag.py:3954} INFO - Setting next_dagrun for data_quality to None, run_after=None
[2026-09-09T09:00:26.588+0000] {logging_mixin.py:188} INFO - [2026-09-09T09:00:26.588+0000] {dag.py:3954} INFO - Setting next_dagrun for produce_json to 2026-09-09 14:00:00+00:00, run_after=2026-09-10 14:00:00+00:00
[2026-09-09T09:00:26.592+0000] {logging_mixin.py:188} INFO - [2026-09-09T09:00:26.591+0000] {dag.py:3954} INFO - Setting next_dagrun for update_db to None, run_after=None
[2026-09-09T09:00:26.640+0000] {processor.py:183} INFO - Processing /opt/airflow/dags/main.py took 0.591 seconds
[2026-09-09T09:00:56.997+0000] {processor.py:161} INFO - Started process (PID=1331) to work on /opt/airflow/dags/main.py
[2026-09-09T09:00:57.000+0000] {processor.py:830} INFO - Processing file /opt/airflow/dags/main.py for tasks to queue
[2026-09-09T09:00:57.003+0000] {logging_mixin.py:188} INFO - [2026-09-09T09:00:57.003+0000] {dagbag.py:545} INFO - Filling up the DagBag from /opt/airflow/dags/main.py
[2026-09-09T09:00:57.088+0000] {logging_mixin.py:188} INFO - channel id is not executed
[2026-09-09T09:00:57.220+0000] {processor.py:840} INFO - DAG(s) 'data_quality', 'update_db', 'produce_json' retrieved from /opt/airflow/dags/main.py
[2026-09-09T09:00:57.491+0000] {logging_mixin.py:188} INFO - [2026-09-09T09:00:57.491+0000] {dag.py:3096} INFO - Sync 3 DAGs
[2026-09-09T09:00:57.550+0000] {logging_mixin.py:188} INFO - [2026-09-09T09:00:57.549+0000] {dag.py:3954} INFO - Setting next_dagrun for data_quality to None, run_after=None
[2026-09-09T09:00:57.565+0000] {logging_mixin.py:188} INFO - [2026-09-09T09:00:57.565+0000] {dag.py:3954} INFO - Setting next_dagrun for produce_json to 2026-09-09 14:00:00+00:00, run_after=2026-09-10 14:00:00+00:00
[2026-09-09T09:00:57.569+0000] {logging_mixin.py:188} INFO - [2026-09-09T09:00:57.568+0000] {dag.py:3954} INFO - Setting next_dagrun for update_db to None, run_after=None
[2026-09-09T09:00:57.611+0000] {processor.py:183} INFO - Processing /opt/airflow/dags/main.py took 0.626 seconds
[2026-09-09T09:01:27.936+0000] {processor.py:161} INFO - Started process (PID=1338) to work on /opt/airflow/dags/main.py
[2026-09-09T09:01:27.938+0000] {processor.py:830} INFO - Processing file /opt/airflow/dags/main.py for tasks to queue
[2026-09-09T09:01:27.941+0000] {logging_mixin.py:188} INFO - [2026-09-09T09:01:27.941+0000] {dagbag.py:545} INFO - Filling up the DagBag from /opt/airflow/dags/main.py
[2026-09-09T09:01:28.022+0000] {logging_mixin.py:188} INFO - channel id is not executed
[2026-09-09T09:01:28.145+0000] {processor.py:840} INFO - DAG(s) 'data_quality', 'produce_json', 'update_db' retrieved from /opt/airflow/dags/main.py
[2026-09-09T09:01:28.375+0000] {logging_mixin.py:188} INFO - [2026-09-09T09:01:28.375+0000] {dag.py:3096} INFO - Sync 3 DAGs
[2026-09-09T09:01:28.408+0000] {logging_mixin.py:188} INFO - [2026-09-09T09:01:28.408+0000] {dag.py:3954} INFO - Setting next_dagrun for data_quality to None, run_after=None
[2026-09-09T09:01:28.416+0000] {logging_mixin.py:188} INFO - [2026-09-09T09:01:28.416+0000] {dag.py:3954} INFO - Setting next_dagrun for produce_json to 2026-09-09 14:00:00+00:00, run_after=2026-09-10 14:00:00+00:00
[2026-09-09T09:01:28.420+0000] {logging_mixin.py:188} INFO - [2026-09-09T09:01:28.419+0000] {dag.py:3954} INFO - Setting next_dagrun for update_db to None, run_after=None
[2026-09-09T09:01:28.457+0000] {processor.py:183} INFO - Processing /opt/airflow/dags/main.py took 0.531 seconds
[2026-09-09T09:01:59.565+0000] {processor.py:161} INFO - Started process (PID=1346) to work on /opt/airflow/dags/main.py
[2026-09-09T09:01:59.591+0000] {processor.py:830} INFO - Processing file /opt/airflow/dags/main.py for tasks to queue
[2026-09-09T09:01:59.599+0000] {logging_mixin.py:188} INFO - [2026-09-09T09:01:59.598+0000] {dagbag.py:545} INFO - Filling up the DagBag from /opt/airflow/dags/main.py
[2026-09-09T09:01:59.808+0000] {logging_mixin.py:188} INFO - channel id is not executed
[2026-09-09T09:02:00.016+0000] {processor.py:840} INFO - DAG(s) 'update_db', 'data_quality', 'produce_json' retrieved from /opt/airflow/dags/main.py
[2026-09-09T09:02:00.892+0000] {logging_mixin.py:188} INFO - [2026-09-09T09:02:00.892+0000] {dag.py:3096} INFO - Sync 3 DAGs
[2026-09-09T09:02:01.041+0000] {logging_mixin.py:188} INFO - [2026-09-09T09:02:01.041+0000] {dag.py:3954} INFO - Setting next_dagrun for data_quality to None, run_after=None
[2026-09-09T09:02:01.088+0000] {logging_mixin.py:188} INFO - [2026-09-09T09:02:01.087+0000] {dag.py:3954} INFO - Setting next_dagrun for produce_json to 2026-09-09 14:00:00+00:00, run_after=2026-09-10 14:00:00+00:00
[2026-09-09T09:02:01.130+0000] {logging_mixin.py:188} INFO - [2026-09-09T09:02:01.130+0000] {dag.py:3954} INFO - Setting next_dagrun for update_db to None, run_after=None
[2026-09-09T09:02:01.339+0000] {processor.py:183} INFO - Processing /opt/airflow/dags/main.py took 1.783 seconds
[2026-09-09T09:02:31.852+0000] {processor.py:161} INFO - Started process (PID=1358) to work on /opt/airflow/dags/main.py
[2026-09-09T09:02:31.854+0000] {processor.py:830} INFO - Processing file /opt/airflow/dags/main.py for tasks to queue
[2026-09-09T09:02:31.858+0000] {logging_mixin.py:188} INFO - [2026-09-09T09:02:31.858+0000] {dagbag.py:545} INFO - Filling up the DagBag from /opt/airflow/dags/main.py
[2026-09-09T09:02:31.939+0000] {logging_mixin.py:188} INFO - channel id is not executed
[2026-09-09T09:02:32.072+0000] {processor.py:840} INFO - DAG(s) 'update_db', 'produce_json', 'data_quality' retrieved from /opt/airflow/dags/main.py
[2026-09-09T09:02:32.325+0000] {logging_mixin.py:188} INFO - [2026-09-09T09:02:32.324+0000] {dag.py:3096} INFO - Sync 3 DAGs
[2026-09-09T09:02:32.387+0000] {logging_mixin.py:188} INFO - [2026-09-09T09:02:32.387+0000] {dag.py:3954} INFO - Setting next_dagrun for data_quality to None, run_after=None
[2026-09-09T09:02:32.405+0000] {logging_mixin.py:188} INFO - [2026-09-09T09:02:32.404+0000] {dag.py:3954} INFO - Setting next_dagrun for produce_json to 2026-09-09 14:00:00+00:00, run_after=2026-09-10 14:00:00+00:00
[2026-09-09T09:02:32.411+0000] {logging_mixin.py:188} INFO - [2026-09-09T09:02:32.410+0000] {dag.py:3954} INFO - Setting next_dagrun for update_db to None, run_after=None
[2026-09-09T09:02:32.466+0000] {processor.py:183} INFO - Processing /opt/airflow/dags/main.py took 0.628 seconds
[2026-09-09T09:03:02.903+0000] {processor.py:161} INFO - Started process (PID=1365) to work on /opt/airflow/dags/main.py
[2026-09-09T09:03:02.905+0000] {processor.py:830} INFO - Processing file /opt/airflow/dags/main.py for tasks to queue
[2026-09-09T09:03:02.908+0000] {logging_mixin.py:188} INFO - [2026-09-09T09:03:02.907+0000] {dagbag.py:545} INFO - Filling up the DagBag from /opt/airflow/dags/main.py
[2026-09-09T09:03:03.041+0000] {logging_mixin.py:188} INFO - channel id is not executed
[2026-09-09T09:03:03.304+0000] {processor.py:840} INFO - DAG(s) 'update_db', 'data_quality', 'produce_json' retrieved from /opt/airflow/dags/main.py
[2026-09-09T09:03:03.536+0000] {logging_mixin.py:188} INFO - [2026-09-09T09:03:03.535+0000] {dag.py:3096} INFO - Sync 3 DAGs
[2026-09-09T09:03:03.570+0000] {logging_mixin.py:188} INFO - [2026-09-09T09:03:03.570+0000] {dag.py:3954} INFO - Setting next_dagrun for data_quality to None, run_after=None
[2026-09-09T09:03:03.581+0000] {logging_mixin.py:188} INFO - [2026-09-09T09:03:03.580+0000] {dag.py:3954} INFO - Setting next_dagrun for produce_json to 2026-09-09 14:00:00+00:00, run_after=2026-09-10 14:00:00+00:00
[2026-09-09T09:03:03.586+0000] {logging_mixin.py:188} INFO - [2026-09-09T09:03:03.586+0000] {dag.py:3954} INFO - Setting next_dagrun for update_db to None, run_after=None
[2026-09-09T09:03:03.670+0000] {processor.py:183} INFO - Processing /opt/airflow/dags/main.py took 0.781 seconds
[2026-09-09T09:03:34.045+0000] {processor.py:161} INFO - Started process (PID=1372) to work on /opt/airflow/dags/main.py
[2026-09-09T09:03:34.048+0000] {processor.py:830} INFO - Processing file /opt/airflow/dags/main.py for tasks to queue
[2026-09-09T09:03:34.050+0000] {logging_mixin.py:188} INFO - [2026-09-09T09:03:34.050+0000] {dagbag.py:545} INFO - Filling up the DagBag from /opt/airflow/dags/main.py
[2026-09-09T09:03:34.124+0000] {logging_mixin.py:188} INFO - channel id is not executed
[2026-09-09T09:03:34.240+0000] {processor.py:840} INFO - DAG(s) 'data_quality', 'produce_json', 'update_db' retrieved from /opt/airflow/dags/main.py
[2026-09-09T09:03:34.468+0000] {logging_mixin.py:188} INFO - [2026-09-09T09:03:34.468+0000] {dag.py:3096} INFO - Sync 3 DAGs
[2026-09-09T09:03:34.501+0000] {logging_mixin.py:188} INFO - [2026-09-09T09:03:34.501+0000] {dag.py:3954} INFO - Setting next_dagrun for data_quality to None, run_after=None
[2026-09-09T09:03:34.510+0000] {logging_mixin.py:188} INFO - [2026-09-09T09:03:34.510+0000] {dag.py:3954} INFO - Setting next_dagrun for produce_json to 2026-09-09 14:00:00+00:00, run_after=2026-09-10 14:00:00+00:00
[2026-09-09T09:03:34.516+0000] {logging_mixin.py:188} INFO - [2026-09-09T09:03:34.516+0000] {dag.py:3954} INFO - Setting next_dagrun for update_db to None, run_after=None
[2026-09-09T09:03:34.551+0000] {processor.py:183} INFO - Processing /opt/airflow/dags/main.py took 0.515 seconds
[2026-09-09T09:04:05.109+0000] {processor.py:161} INFO - Started process (PID=1379) to work on /opt/airflow/dags/main.py
[2026-09-09T09:04:05.113+0000] {processor.py:830} INFO - Processing file /opt/airflow/dags/main.py for tasks to queue
[2026-09-09T09:04:05.132+0000] {logging_mixin.py:188} INFO - [2026-09-09T09:04:05.132+0000] {dagbag.py:545} INFO - Filling up the DagBag from /opt/airflow/dags/main.py
[2026-09-09T09:04:05.206+0000] {logging_mixin.py:188} INFO - channel id is not executed
[2026-09-09T09:04:05.335+0000] {processor.py:840} INFO - DAG(s) 'data_quality', 'produce_json', 'update_db' retrieved from /opt/airflow/dags/main.py
[2026-09-09T09:04:05.684+0000] {logging_mixin.py:188} INFO - [2026-09-09T09:04:05.683+0000] {dag.py:3096} INFO - Sync 3 DAGs
[2026-09-09T09:04:05.726+0000] {logging_mixin.py:188} INFO - [2026-09-09T09:04:05.725+0000] {dag.py:3954} INFO - Setting next_dagrun for data_quality to None, run_after=None
[2026-09-09T09:04:05.735+0000] {logging_mixin.py:188} INFO - [2026-09-09T09:04:05.735+0000] {dag.py:3954} INFO - Setting next_dagrun for produce_json to 2026-09-09 14:00:00+00:00, run_after=2026-09-10 14:00:00+00:00
[2026-09-09T09:04:05.739+0000] {logging_mixin.py:188} INFO - [2026-09-09T09:04:05.738+0000] {dag.py:3954} INFO - Setting next_dagrun for update_db to None, run_after=None
[2026-09-09T09:04:05.828+0000] {processor.py:183} INFO - Processing /opt/airflow/dags/main.py took 0.740 seconds
[2026-09-09T09:04:36.371+0000] {processor.py:161} INFO - Started process (PID=1386) to work on /opt/airflow/dags/main.py
[2026-09-09T09:04:36.374+0000] {processor.py:830} INFO - Processing file /opt/airflow/dags/main.py for tasks to queue
[2026-09-09T09:04:36.381+0000] {logging_mixin.py:188} INFO - [2026-09-09T09:04:36.380+0000] {dagbag.py:545} INFO - Filling up the DagBag from /opt/airflow/dags/main.py
[2026-09-09T09:04:36.459+0000] {logging_mixin.py:188} INFO - channel id is not executed
[2026-09-09T09:04:36.599+0000] {processor.py:840} INFO - DAG(s) 'update_db', 'data_quality', 'produce_json' retrieved from /opt/airflow/dags/main.py
[2026-09-09T09:04:36.899+0000] {logging_mixin.py:188} INFO - [2026-09-09T09:04:36.898+0000] {dag.py:3096} INFO - Sync 3 DAGs
[2026-09-09T09:04:36.933+0000] {logging_mixin.py:188} INFO - [2026-09-09T09:04:36.932+0000] {dag.py:3954} INFO - Setting next_dagrun for data_quality to None, run_after=None
[2026-09-09T09:04:36.942+0000] {logging_mixin.py:188} INFO - [2026-09-09T09:04:36.942+0000] {dag.py:3954} INFO - Setting next_dagrun for produce_json to 2026-09-09 14:00:00+00:00, run_after=2026-09-10 14:00:00+00:00
[2026-09-09T09:04:36.946+0000] {logging_mixin.py:188} INFO - [2026-09-09T09:04:36.945+0000] {dag.py:3954} INFO - Setting next_dagrun for update_db to None, run_after=None
[2026-09-09T09:04:36.987+0000] {processor.py:183} INFO - Processing /opt/airflow/dags/main.py took 0.625 seconds
[2026-09-09T09:05:07.301+0000] {processor.py:161} INFO - Started process (PID=1393) to work on /opt/airflow/dags/main.py
[2026-09-09T09:05:07.304+0000] {processor.py:830} INFO - Processing file /opt/airflow/dags/main.py for tasks to queue
[2026-09-09T09:05:07.307+0000] {logging_mixin.py:188} INFO - [2026-09-09T09:05:07.306+0000] {dagbag.py:545} INFO - Filling up the DagBag from /opt/airflow/dags/main.py
[2026-09-09T09:05:07.393+0000] {logging_mixin.py:188} INFO - channel id is not executed
[2026-09-09T09:05:07.566+0000] {processor.py:840} INFO - DAG(s) 'data_quality', 'produce_json', 'update_db' retrieved from /opt/airflow/dags/main.py
[2026-09-09T09:05:07.781+0000] {logging_mixin.py:188} INFO - [2026-09-09T09:05:07.781+0000] {dag.py:3096} INFO - Sync 3 DAGs
[2026-09-09T09:05:07.815+0000] {logging_mixin.py:188} INFO - [2026-09-09T09:05:07.815+0000] {dag.py:3954} INFO - Setting next_dagrun for data_quality to None, run_after=None
[2026-09-09T09:05:07.824+0000] {logging_mixin.py:188} INFO - [2026-09-09T09:05:07.823+0000] {dag.py:3954} INFO - Setting next_dagrun for produce_json to 2026-09-09 14:00:00+00:00, run_after=2026-09-10 14:00:00+00:00
[2026-09-09T09:05:07.828+0000] {logging_mixin.py:188} INFO - [2026-09-09T09:05:07.827+0000] {dag.py:3954} INFO - Setting next_dagrun for update_db to None, run_after=None
[2026-09-09T09:05:07.866+0000] {processor.py:183} INFO - Processing /opt/airflow/dags/main.py took 0.575 seconds
[2026-09-09T09:05:38.051+0000] {processor.py:161} INFO - Started process (PID=1399) to work on /opt/airflow/dags/main.py
[2026-09-09T09:05:38.054+0000] {processor.py:830} INFO - Processing file /opt/airflow/dags/main.py for tasks to queue
[2026-09-09T09:05:38.061+0000] {logging_mixin.py:188} INFO - [2026-09-09T09:05:38.061+0000] {dagbag.py:545} INFO - Filling up the DagBag from /opt/airflow/dags/main.py
[2026-09-09T09:05:38.159+0000] {logging_mixin.py:188} INFO - channel id is not executed
[2026-09-09T09:05:38.282+0000] {processor.py:840} INFO - DAG(s) 'data_quality', 'update_db', 'produce_json' retrieved from /opt/airflow/dags/main.py
[2026-09-09T09:05:38.492+0000] {logging_mixin.py:188} INFO - [2026-09-09T09:05:38.492+0000] {dag.py:3096} INFO - Sync 3 DAGs
[2026-09-09T09:05:38.524+0000] {logging_mixin.py:188} INFO - [2026-09-09T09:05:38.524+0000] {dag.py:3954} INFO - Setting next_dagrun for data_quality to None, run_after=None
[2026-09-09T09:05:38.534+0000] {logging_mixin.py:188} INFO - [2026-09-09T09:05:38.533+0000] {dag.py:3954} INFO - Setting next_dagrun for produce_json to 2026-09-09 14:00:00+00:00, run_after=2026-09-10 14:00:00+00:00
[2026-09-09T09:05:38.539+0000] {logging_mixin.py:188} INFO - [2026-09-09T09:05:38.538+0000] {dag.py:3954} INFO - Setting next_dagrun for update_db to None, run_after=None
[2026-09-09T09:05:38.588+0000] {processor.py:183} INFO - Processing /opt/airflow/dags/main.py took 0.555 seconds
[2026-09-09T09:06:08.970+0000] {processor.py:161} INFO - Started process (PID=1405) to work on /opt/airflow/dags/main.py
[2026-09-09T09:06:08.973+0000] {processor.py:830} INFO - Processing file /opt/airflow/dags/main.py for tasks to queue
[2026-09-09T09:06:08.977+0000] {logging_mixin.py:188} INFO - [2026-09-09T09:06:08.975+0000] {dagbag.py:545} INFO - Filling up the DagBag from /opt/airflow/dags/main.py
[2026-09-09T09:06:09.073+0000] {logging_mixin.py:188} INFO - channel id is not executed
[2026-09-09T09:06:09.192+0000] {processor.py:840} INFO - DAG(s) 'update_db', 'data_quality', 'produce_json' retrieved from /opt/airflow/dags/main.py
[2026-09-09T09:06:09.482+0000] {logging_mixin.py:188} INFO - [2026-09-09T09:06:09.481+0000] {dag.py:3096} INFO - Sync 3 DAGs
[2026-09-09T09:06:09.518+0000] {logging_mixin.py:188} INFO - [2026-09-09T09:06:09.517+0000] {dag.py:3954} INFO - Setting next_dagrun for data_quality to None, run_after=None
[2026-09-09T09:06:09.528+0000] {logging_mixin.py:188} INFO - [2026-09-09T09:06:09.528+0000] {dag.py:3954} INFO - Setting next_dagrun for produce_json to 2026-09-09 14:00:00+00:00, run_after=2026-09-10 14:00:00+00:00
[2026-09-09T09:06:09.532+0000] {logging_mixin.py:188} INFO - [2026-09-09T09:06:09.531+0000] {dag.py:3954} INFO - Setting next_dagrun for update_db to None, run_after=None
[2026-09-09T09:06:09.570+0000] {processor.py:183} INFO - Processing /opt/airflow/dags/main.py took 0.609 seconds
[2026-09-09T09:06:40.280+0000] {processor.py:161} INFO - Started process (PID=1412) to work on /opt/airflow/dags/main.py
[2026-09-09T09:06:40.282+0000] {processor.py:830} INFO - Processing file /opt/airflow/dags/main.py for tasks to queue
[2026-09-09T09:06:40.285+0000] {logging_mixin.py:188} INFO - [2026-09-09T09:06:40.284+0000] {dagbag.py:545} INFO - Filling up the DagBag from /opt/airflow/dags/main.py
[2026-09-09T09:06:40.356+0000] {logging_mixin.py:188} INFO - channel id is not executed
[2026-09-09T09:06:40.492+0000] {processor.py:840} INFO - DAG(s) 'data_quality', 'produce_json', 'update_db' retrieved from /opt/airflow/dags/main.py
[2026-09-09T09:06:40.759+0000] {logging_mixin.py:188} INFO - [2026-09-09T09:06:40.759+0000] {dag.py:3096} INFO - Sync 3 DAGs
[2026-09-09T09:06:40.795+0000] {logging_mixin.py:188} INFO - [2026-09-09T09:06:40.795+0000] {dag.py:3954} INFO - Setting next_dagrun for data_quality to None, run_after=None
[2026-09-09T09:06:40.806+0000] {logging_mixin.py:188} INFO - [2026-09-09T09:06:40.805+0000] {dag.py:3954} INFO - Setting next_dagrun for produce_json to 2026-09-09 14:00:00+00:00, run_after=2026-09-10 14:00:00+00:00
[2026-09-09T09:06:40.810+0000] {logging_mixin.py:188} INFO - [2026-09-09T09:06:40.809+0000] {dag.py:3954} INFO - Setting next_dagrun for update_db to None, run_after=None
[2026-09-09T09:06:40.844+0000] {processor.py:183} INFO - Processing /opt/airflow/dags/main.py took 0.573 seconds
[2026-09-09T09:07:11.276+0000] {processor.py:161} INFO - Started process (PID=1419) to work on /opt/airflow/dags/main.py
[2026-09-09T09:07:11.279+0000] {processor.py:830} INFO - Processing file /opt/airflow/dags/main.py for tasks to queue
[2026-09-09T09:07:11.285+0000] {logging_mixin.py:188} INFO - [2026-09-09T09:07:11.284+0000] {dagbag.py:545} INFO - Filling up the DagBag from /opt/airflow/dags/main.py
[2026-09-09T09:07:11.363+0000] {logging_mixin.py:188} INFO - channel id is not executed
[2026-09-09T09:07:11.578+0000] {processor.py:840} INFO - DAG(s) 'data_quality', 'produce_json', 'update_db' retrieved from /opt/airflow/dags/main.py
[2026-09-09T09:07:11.820+0000] {logging_mixin.py:188} INFO - [2026-09-09T09:07:11.820+0000] {dag.py:3096} INFO - Sync 3 DAGs
[2026-09-09T09:07:11.855+0000] {logging_mixin.py:188} INFO - [2026-09-09T09:07:11.854+0000] {dag.py:3954} INFO - Setting next_dagrun for data_quality to None, run_after=None
[2026-09-09T09:07:11.863+0000] {logging_mixin.py:188} INFO - [2026-09-09T09:07:11.863+0000] {dag.py:3954} INFO - Setting next_dagrun for produce_json to 2026-09-09 14:00:00+00:00, run_after=2026-09-10 14:00:00+00:00
[2026-09-09T09:07:11.868+0000] {logging_mixin.py:188} INFO - [2026-09-09T09:07:11.868+0000] {dag.py:3954} INFO - Setting next_dagrun for update_db to None, run_after=None
[2026-09-09T09:07:11.916+0000] {processor.py:183} INFO - Processing /opt/airflow/dags/main.py took 0.650 seconds
[2026-09-09T09:07:42.020+0000] {processor.py:161} INFO - Started process (PID=1426) to work on /opt/airflow/dags/main.py
[2026-09-09T09:07:42.022+0000] {processor.py:830} INFO - Processing file /opt/airflow/dags/main.py for tasks to queue
[2026-09-09T09:07:42.025+0000] {logging_mixin.py:188} INFO - [2026-09-09T09:07:42.025+0000] {dagbag.py:545} INFO - Filling up the DagBag from /opt/airflow/dags/main.py
[2026-09-09T09:07:42.097+0000] {logging_mixin.py:188} INFO - channel id is not executed
[2026-09-09T09:07:42.307+0000] {processor.py:840} INFO - DAG(s) 'data_quality', 'produce_json', 'update_db' retrieved from /opt/airflow/dags/main.py
[2026-09-09T09:07:42.568+0000] {logging_mixin.py:188} INFO - [2026-09-09T09:07:42.567+0000] {dag.py:3096} INFO - Sync 3 DAGs
[2026-09-09T09:07:42.604+0000] {logging_mixin.py:188} INFO - [2026-09-09T09:07:42.604+0000] {dag.py:3954} INFO - Setting next_dagrun for data_quality to None, run_after=None
[2026-09-09T09:07:42.613+0000] {logging_mixin.py:188} INFO - [2026-09-09T09:07:42.613+0000] {dag.py:3954} INFO - Setting next_dagrun for produce_json to 2026-09-09 14:00:00+00:00, run_after=2026-09-10 14:00:00+00:00
[2026-09-09T09:07:42.617+0000] {logging_mixin.py:188} INFO - [2026-09-09T09:07:42.617+0000] {dag.py:3954} INFO - Setting next_dagrun for update_db to None, run_after=None
[2026-09-09T09:07:42.670+0000] {processor.py:183} INFO - Processing /opt/airflow/dags/main.py took 0.660 seconds
[2026-09-09T09:08:13.058+0000] {processor.py:161} INFO - Started process (PID=1434) to work on /opt/airflow/dags/main.py
[2026-09-09T09:08:13.061+0000] {processor.py:830} INFO - Processing file /opt/airflow/dags/main.py for tasks to queue
[2026-09-09T09:08:13.073+0000] {logging_mixin.py:188} INFO - [2026-09-09T09:08:13.073+0000] {dagbag.py:545} INFO - Filling up the DagBag from /opt/airflow/dags/main.py
[2026-09-09T09:08:13.200+0000] {logging_mixin.py:188} INFO - channel id is not executed
[2026-09-09T09:08:13.356+0000] {processor.py:840} INFO - DAG(s) 'data_quality', 'produce_json', 'update_db' retrieved from /opt/airflow/dags/main.py
[2026-09-09T09:08:13.572+0000] {logging_mixin.py:188} INFO - [2026-09-09T09:08:13.572+0000] {dag.py:3096} INFO - Sync 3 DAGs
[2026-09-09T09:08:13.606+0000] {logging_mixin.py:188} INFO - [2026-09-09T09:08:13.606+0000] {dag.py:3954} INFO - Setting next_dagrun for data_quality to None, run_after=None
[2026-09-09T09:08:13.615+0000] {logging_mixin.py:188} INFO - [2026-09-09T09:08:13.615+0000] {dag.py:3954} INFO - Setting next_dagrun for produce_json to 2026-09-09 14:00:00+00:00, run_after=2026-09-10 14:00:00+00:00
[2026-09-09T09:08:13.619+0000] {logging_mixin.py:188} INFO - [2026-09-09T09:08:13.619+0000] {dag.py:3954} INFO - Setting next_dagrun for update_db to None, run_after=None
[2026-09-09T09:08:13.669+0000] {processor.py:183} INFO - Processing /opt/airflow/dags/main.py took 0.621 seconds
[2026-09-09T09:08:43.993+0000] {processor.py:161} INFO - Started process (PID=1440) to work on /opt/airflow/dags/main.py
[2026-09-09T09:08:44.012+0000] {processor.py:830} INFO - Processing file /opt/airflow/dags/main.py for tasks to queue
[2026-09-09T09:08:44.016+0000] {logging_mixin.py:188} INFO - [2026-09-09T09:08:44.015+0000] {dagbag.py:545} INFO - Filling up the DagBag from /opt/airflow/dags/main.py
[2026-09-09T09:08:44.083+0000] {logging_mixin.py:188} INFO - channel id is not executed
[2026-09-09T09:08:44.215+0000] {processor.py:840} INFO - DAG(s) 'produce_json', 'update_db', 'data_quality' retrieved from /opt/airflow/dags/main.py
[2026-09-09T09:08:44.425+0000] {logging_mixin.py:188} INFO - [2026-09-09T09:08:44.425+0000] {dag.py:3096} INFO - Sync 3 DAGs
[2026-09-09T09:08:44.462+0000] {logging_mixin.py:188} INFO - [2026-09-09T09:08:44.461+0000] {dag.py:3954} INFO - Setting next_dagrun for data_quality to None, run_after=None
[2026-09-09T09:08:44.472+0000] {logging_mixin.py:188} INFO - [2026-09-09T09:08:44.472+0000] {dag.py:3954} INFO - Setting next_dagrun for produce_json to 2026-09-09 14:00:00+00:00, run_after=2026-09-10 14:00:00+00:00
[2026-09-09T09:08:44.476+0000] {logging_mixin.py:188} INFO - [2026-09-09T09:08:44.476+0000] {dag.py:3954} INFO - Setting next_dagrun for update_db to None, run_after=None
[2026-09-09T09:08:44.514+0000] {processor.py:183} INFO - Processing /opt/airflow/dags/main.py took 0.536 seconds
[2026-09-09T09:09:14.830+0000] {processor.py:161} INFO - Started process (PID=1448) to work on /opt/airflow/dags/main.py
[2026-09-09T09:09:14.833+0000] {processor.py:830} INFO - Processing file /opt/airflow/dags/main.py for tasks to queue
[2026-09-09T09:09:14.836+0000] {logging_mixin.py:188} INFO - [2026-09-09T09:09:14.835+0000] {dagbag.py:545} INFO - Filling up the DagBag from /opt/airflow/dags/main.py
[2026-09-09T09:09:14.917+0000] {logging_mixin.py:188} INFO - channel id is not executed
[2026-09-09T09:09:15.039+0000] {processor.py:840} INFO - DAG(s) 'produce_json', 'update_db', 'data_quality' retrieved from /opt/airflow/dags/main.py
[2026-09-09T09:09:15.382+0000] {logging_mixin.py:188} INFO - [2026-09-09T09:09:15.381+0000] {dag.py:3096} INFO - Sync 3 DAGs
[2026-09-09T09:09:15.431+0000] {logging_mixin.py:188} INFO - [2026-09-09T09:09:15.431+0000] {dag.py:3954} INFO - Setting next_dagrun for data_quality to None, run_after=None
[2026-09-09T09:09:15.441+0000] {logging_mixin.py:188} INFO - [2026-09-09T09:09:15.440+0000] {dag.py:3954} INFO - Setting next_dagrun for produce_json to 2026-09-09 14:00:00+00:00, run_after=2026-09-10 14:00:00+00:00
[2026-09-09T09:09:15.446+0000] {logging_mixin.py:188} INFO - [2026-09-09T09:09:15.445+0000] {dag.py:3954} INFO - Setting next_dagrun for update_db to None, run_after=None
[2026-09-09T09:09:15.500+0000] {processor.py:183} INFO - Processing /opt/airflow/dags/main.py took 0.684 seconds
[2026-09-09T09:09:45.673+0000] {processor.py:161} INFO - Started process (PID=1455) to work on /opt/airflow/dags/main.py
[2026-09-09T09:09:45.675+0000] {processor.py:830} INFO - Processing file /opt/airflow/dags/main.py for tasks to queue
[2026-09-09T09:09:45.679+0000] {logging_mixin.py:188} INFO - [2026-09-09T09:09:45.678+0000] {dagbag.py:545} INFO - Filling up the DagBag from /opt/airflow/dags/main.py
[2026-09-09T09:09:45.759+0000] {logging_mixin.py:188} INFO - channel id is not executed
[2026-09-09T09:09:46.167+0000] {processor.py:840} INFO - DAG(s) 'update_db', 'data_quality', 'produce_json' retrieved from /opt/airflow/dags/main.py
[2026-09-09T09:09:46.466+0000] {logging_mixin.py:188} INFO - [2026-09-09T09:09:46.465+0000] {dag.py:3096} INFO - Sync 3 DAGs
[2026-09-09T09:09:46.503+0000] {logging_mixin.py:188} INFO - [2026-09-09T09:09:46.502+0000] {dag.py:3954} INFO - Setting next_dagrun for data_quality to None, run_after=None
[2026-09-09T09:09:46.513+0000] {logging_mixin.py:188} INFO - [2026-09-09T09:09:46.513+0000] {dag.py:3954} INFO - Setting next_dagrun for produce_json to 2026-09-09 14:00:00+00:00, run_after=2026-09-10 14:00:00+00:00
[2026-09-09T09:09:46.518+0000] {logging_mixin.py:188} INFO - [2026-09-09T09:09:46.517+0000] {dag.py:3954} INFO - Setting next_dagrun for update_db to None, run_after=None
[2026-09-09T09:09:46.560+0000] {processor.py:183} INFO - Processing /opt/airflow/dags/main.py took 0.897 seconds
[2026-09-09T09:10:17.011+0000] {processor.py:161} INFO - Started process (PID=1462) to work on /opt/airflow/dags/main.py
[2026-09-09T09:10:17.014+0000] {processor.py:830} INFO - Processing file /opt/airflow/dags/main.py for tasks to queue
[2026-09-09T09:10:17.022+0000] {logging_mixin.py:188} INFO - [2026-09-09T09:10:17.022+0000] {dagbag.py:545} INFO - Filling up the DagBag from /opt/airflow/dags/main.py
[2026-09-09T09:10:17.165+0000] {logging_mixin.py:188} INFO - channel id is not executed
[2026-09-09T09:10:17.299+0000] {processor.py:840} INFO - DAG(s) 'produce_json', 'update_db', 'data_quality' retrieved from /opt/airflow/dags/main.py
[2026-09-09T09:10:17.581+0000] {logging_mixin.py:188} INFO - [2026-09-09T09:10:17.580+0000] {dag.py:3096} INFO - Sync 3 DAGs
[2026-09-09T09:10:17.616+0000] {logging_mixin.py:188} INFO - [2026-09-09T09:10:17.615+0000] {dag.py:3954} INFO - Setting next_dagrun for data_quality to None, run_after=None
[2026-09-09T09:10:17.624+0000] {logging_mixin.py:188} INFO - [2026-09-09T09:10:17.624+0000] {dag.py:3954} INFO - Setting next_dagrun for produce_json to 2026-09-09 14:00:00+00:00, run_after=2026-09-10 14:00:00+00:00
[2026-09-09T09:10:17.628+0000] {logging_mixin.py:188} INFO - [2026-09-09T09:10:17.627+0000] {dag.py:3954} INFO - Setting next_dagrun for update_db to None, run_after=None
[2026-09-09T09:10:17.665+0000] {processor.py:183} INFO - Processing /opt/airflow/dags/main.py took 0.668 seconds
[2026-09-09T09:10:48.033+0000] {processor.py:161} INFO - Started process (PID=1470) to work on /opt/airflow/dags/main.py
[2026-09-09T09:10:48.035+0000] {processor.py:830} INFO - Processing file /opt/airflow/dags/main.py for tasks to queue
[2026-09-09T09:10:48.039+0000] {logging_mixin.py:188} INFO - [2026-09-09T09:10:48.039+0000] {dagbag.py:545} INFO - Filling up the DagBag from /opt/airflow/dags/main.py
[2026-09-09T09:10:48.150+0000] {logging_mixin.py:188} INFO - channel id is not executed
[2026-09-09T09:10:48.419+0000] {processor.py:840} INFO - DAG(s) 'data_quality', 'produce_json', 'update_db' retrieved from /opt/airflow/dags/main.py
[2026-09-09T09:10:48.868+0000] {logging_mixin.py:188} INFO - [2026-09-09T09:10:48.867+0000] {dag.py:3096} INFO - Sync 3 DAGs
[2026-09-09T09:10:48.940+0000] {logging_mixin.py:188} INFO - [2026-09-09T09:10:48.940+0000] {dag.py:3954} INFO - Setting next_dagrun for data_quality to None, run_after=None
[2026-09-09T09:10:48.960+0000] {logging_mixin.py:188} INFO - [2026-09-09T09:10:48.960+0000] {dag.py:3954} INFO - Setting next_dagrun for produce_json to 2026-09-09 14:00:00+00:00, run_after=2026-09-10 14:00:00+00:00
[2026-09-09T09:10:48.983+0000] {logging_mixin.py:188} INFO - [2026-09-09T09:10:48.983+0000] {dag.py:3954} INFO - Setting next_dagrun for update_db to None, run_after=None
[2026-09-09T09:10:49.063+0000] {processor.py:183} INFO - Processing /opt/airflow/dags/main.py took 1.045 seconds
[2026-09-09T09:11:19.362+0000] {processor.py:161} INFO - Started process (PID=1477) to work on /opt/airflow/dags/main.py
[2026-09-09T09:11:19.365+0000] {processor.py:830} INFO - Processing file /opt/airflow/dags/main.py for tasks to queue
[2026-09-09T09:11:19.368+0000] {logging_mixin.py:188} INFO - [2026-09-09T09:11:19.367+0000] {dagbag.py:545} INFO - Filling up the DagBag from /opt/airflow/dags/main.py
[2026-09-09T09:11:19.436+0000] {logging_mixin.py:188} INFO - channel id is not executed
[2026-09-09T09:11:19.561+0000] {processor.py:840} INFO - DAG(s) 'update_db', 'data_quality', 'produce_json' retrieved from /opt/airflow/dags/main.py
[2026-09-09T09:11:19.885+0000] {logging_mixin.py:188} INFO - [2026-09-09T09:11:19.884+0000] {dag.py:3096} INFO - Sync 3 DAGs
[2026-09-09T09:11:19.921+0000] {logging_mixin.py:188} INFO - [2026-09-09T09:11:19.920+0000] {dag.py:3954} INFO - Setting next_dagrun for data_quality to None, run_after=None
[2026-09-09T09:11:19.930+0000] {logging_mixin.py:188} INFO - [2026-09-09T09:11:19.930+0000] {dag.py:3954} INFO - Setting next_dagrun for produce_json to 2026-09-09 14:00:00+00:00, run_after=2026-09-10 14:00:00+00:00
[2026-09-09T09:11:19.934+0000] {logging_mixin.py:188} INFO - [2026-09-09T09:11:19.934+0000] {dag.py:3954} INFO - Setting next_dagrun for update_db to None, run_after=None
[2026-09-09T09:11:19.983+0000] {processor.py:183} INFO - Processing /opt/airflow/dags/main.py took 0.641 seconds
[2026-09-09T09:11:50.788+0000] {processor.py:161} INFO - Started process (PID=1484) to work on /opt/airflow/dags/main.py
[2026-09-09T09:11:50.791+0000] {processor.py:830} INFO - Processing file /opt/airflow/dags/main.py for tasks to queue
[2026-09-09T09:11:50.794+0000] {logging_mixin.py:188} INFO - [2026-09-09T09:11:50.794+0000] {dagbag.py:545} INFO - Filling up the DagBag from /opt/airflow/dags/main.py
[2026-09-09T09:11:50.888+0000] {logging_mixin.py:188} INFO - channel id is not executed
[2026-09-09T09:11:51.224+0000] {processor.py:840} INFO - DAG(s) 'data_quality', 'update_db', 'produce_json' retrieved from /opt/airflow/dags/main.py
[2026-09-09T09:11:51.566+0000] {logging_mixin.py:188} INFO - [2026-09-09T09:11:51.566+0000] {dag.py:3096} INFO - Sync 3 DAGs
[2026-09-09T09:11:51.604+0000] {logging_mixin.py:188} INFO - [2026-09-09T09:11:51.604+0000] {dag.py:3954} INFO - Setting next_dagrun for data_quality to None, run_after=None
[2026-09-09T09:11:51.614+0000] {logging_mixin.py:188} INFO - [2026-09-09T09:11:51.614+0000] {dag.py:3954} INFO - Setting next_dagrun for produce_json to 2026-09-09 14:00:00+00:00, run_after=2026-09-10 14:00:00+00:00
[2026-09-09T09:11:51.618+0000] {logging_mixin.py:188} INFO - [2026-09-09T09:11:51.617+0000] {dag.py:3954} INFO - Setting next_dagrun for update_db to None, run_after=None
[2026-09-09T09:11:51.654+0000] {processor.py:183} INFO - Processing /opt/airflow/dags/main.py took 0.874 seconds
[2026-09-09T09:12:22.149+0000] {processor.py:161} INFO - Started process (PID=1492) to work on /opt/airflow/dags/main.py
[2026-09-09T09:12:22.216+0000] {processor.py:830} INFO - Processing file /opt/airflow/dags/main.py for tasks to queue
[2026-09-09T09:12:22.315+0000] {logging_mixin.py:188} INFO - [2026-09-09T09:12:22.294+0000] {dagbag.py:545} INFO - Filling up the DagBag from /opt/airflow/dags/main.py
[2026-09-09T09:12:22.696+0000] {logging_mixin.py:188} INFO - channel id is not executed
[2026-09-09T09:12:23.192+0000] {processor.py:840} INFO - DAG(s) 'update_db', 'data_quality', 'produce_json' retrieved from /opt/airflow/dags/main.py
[2026-09-09T09:12:24.578+0000] {logging_mixin.py:188} INFO - [2026-09-09T09:12:24.578+0000] {dag.py:3096} INFO - Sync 3 DAGs
[2026-09-09T09:12:24.632+0000] {logging_mixin.py:188} INFO - [2026-09-09T09:12:24.632+0000] {dag.py:3954} INFO - Setting next_dagrun for data_quality to None, run_after=None
[2026-09-09T09:12:24.643+0000] {logging_mixin.py:188} INFO - [2026-09-09T09:12:24.643+0000] {dag.py:3954} INFO - Setting next_dagrun for produce_json to 2026-09-09 14:00:00+00:00, run_after=2026-09-10 14:00:00+00:00
[2026-09-09T09:12:24.654+0000] {logging_mixin.py:188} INFO - [2026-09-09T09:12:24.654+0000] {dag.py:3954} INFO - Setting next_dagrun for update_db to None, run_after=None
[2026-09-09T09:12:24.835+0000] {processor.py:183} INFO - Processing /opt/airflow/dags/main.py took 2.704 seconds
[2026-09-09T09:12:55.307+0000] {processor.py:161} INFO - Started process (PID=1499) to work on /opt/airflow/dags/main.py
[2026-09-09T09:12:55.309+0000] {processor.py:830} INFO - Processing file /opt/airflow/dags/main.py for tasks to queue
[2026-09-09T09:12:55.316+0000] {logging_mixin.py:188} INFO - [2026-09-09T09:12:55.315+0000] {dagbag.py:545} INFO - Filling up the DagBag from /opt/airflow/dags/main.py
[2026-09-09T09:12:55.382+0000] {logging_mixin.py:188} INFO - channel id is not executed
[2026-09-09T09:12:55.490+0000] {processor.py:840} INFO - DAG(s) 'update_db', 'data_quality', 'produce_json' retrieved from /opt/airflow/dags/main.py
[2026-09-09T09:12:55.724+0000] {logging_mixin.py:188} INFO - [2026-09-09T09:12:55.724+0000] {dag.py:3096} INFO - Sync 3 DAGs
[2026-09-09T09:12:55.771+0000] {logging_mixin.py:188} INFO - [2026-09-09T09:12:55.771+0000] {dag.py:3954} INFO - Setting next_dagrun for data_quality to None, run_after=None
[2026-09-09T09:12:55.780+0000] {logging_mixin.py:188} INFO - [2026-09-09T09:12:55.780+0000] {dag.py:3954} INFO - Setting next_dagrun for produce_json to 2026-09-09 14:00:00+00:00, run_after=2026-09-10 14:00:00+00:00
[2026-09-09T09:12:55.784+0000] {logging_mixin.py:188} INFO - [2026-09-09T09:12:55.784+0000] {dag.py:3954} INFO - Setting next_dagrun for update_db to None, run_after=None
[2026-09-09T09:12:55.825+0000] {processor.py:183} INFO - Processing /opt/airflow/dags/main.py took 0.528 seconds
[2026-09-09T09:13:26.222+0000] {processor.py:161} INFO - Started process (PID=1506) to work on /opt/airflow/dags/main.py
[2026-09-09T09:13:26.224+0000] {processor.py:830} INFO - Processing file /opt/airflow/dags/main.py for tasks to queue
[2026-09-09T09:13:26.227+0000] {logging_mixin.py:188} INFO - [2026-09-09T09:13:26.226+0000] {dagbag.py:545} INFO - Filling up the DagBag from /opt/airflow/dags/main.py
[2026-09-09T09:13:26.311+0000] {logging_mixin.py:188} INFO - channel id is not executed
[2026-09-09T09:13:26.533+0000] {processor.py:840} INFO - DAG(s) 'update_db', 'data_quality', 'produce_json' retrieved from /opt/airflow/dags/main.py
[2026-09-09T09:13:26.753+0000] {logging_mixin.py:188} INFO - [2026-09-09T09:13:26.753+0000] {dag.py:3096} INFO - Sync 3 DAGs
[2026-09-09T09:13:26.786+0000] {logging_mixin.py:188} INFO - [2026-09-09T09:13:26.786+0000] {dag.py:3954} INFO - Setting next_dagrun for data_quality to None, run_after=None
[2026-09-09T09:13:26.797+0000] {logging_mixin.py:188} INFO - [2026-09-09T09:13:26.797+0000] {dag.py:3954} INFO - Setting next_dagrun for produce_json to 2026-09-09 14:00:00+00:00, run_after=2026-09-10 14:00:00+00:00
[2026-09-09T09:13:26.802+0000] {logging_mixin.py:188} INFO - [2026-09-09T09:13:26.802+0000] {dag.py:3954} INFO - Setting next_dagrun for update_db to None, run_after=None
[2026-09-09T09:13:26.854+0000] {processor.py:183} INFO - Processing /opt/airflow/dags/main.py took 0.642 seconds
[2026-09-09T09:13:57.084+0000] {processor.py:161} INFO - Started process (PID=1513) to work on /opt/airflow/dags/main.py
[2026-09-09T09:13:57.087+0000] {processor.py:830} INFO - Processing file /opt/airflow/dags/main.py for tasks to queue
[2026-09-09T09:13:57.090+0000] {logging_mixin.py:188} INFO - [2026-09-09T09:13:57.089+0000] {dagbag.py:545} INFO - Filling up the DagBag from /opt/airflow/dags/main.py
[2026-09-09T09:13:57.166+0000] {logging_mixin.py:188} INFO - channel id is not executed
[2026-09-09T09:13:57.320+0000] {processor.py:840} INFO - DAG(s) 'update_db', 'produce_json', 'data_quality' retrieved from /opt/airflow/dags/main.py
[2026-09-09T09:13:57.604+0000] {logging_mixin.py:188} INFO - [2026-09-09T09:13:57.604+0000] {dag.py:3096} INFO - Sync 3 DAGs
[2026-09-09T09:13:57.640+0000] {logging_mixin.py:188} INFO - [2026-09-09T09:13:57.639+0000] {dag.py:3954} INFO - Setting next_dagrun for data_quality to None, run_after=None
[2026-09-09T09:13:57.649+0000] {logging_mixin.py:188} INFO - [2026-09-09T09:13:57.649+0000] {dag.py:3954} INFO - Setting next_dagrun for produce_json to 2026-09-09 14:00:00+00:00, run_after=2026-09-10 14:00:00+00:00
[2026-09-09T09:13:57.653+0000] {logging_mixin.py:188} INFO - [2026-09-09T09:13:57.653+0000] {dag.py:3954} INFO - Setting next_dagrun for update_db to None, run_after=None
[2026-09-09T09:13:57.708+0000] {processor.py:183} INFO - Processing /opt/airflow/dags/main.py took 0.633 seconds
[2026-09-09T09:14:28.206+0000] {processor.py:161} INFO - Started process (PID=1520) to work on /opt/airflow/dags/main.py
[2026-09-09T09:14:28.208+0000] {processor.py:830} INFO - Processing file /opt/airflow/dags/main.py for tasks to queue
[2026-09-09T09:14:28.211+0000] {logging_mixin.py:188} INFO - [2026-09-09T09:14:28.211+0000] {dagbag.py:545} INFO - Filling up the DagBag from /opt/airflow/dags/main.py
[2026-09-09T09:14:28.280+0000] {logging_mixin.py:188} INFO - channel id is not executed
[2026-09-09T09:14:28.389+0000] {processor.py:840} INFO - DAG(s) 'produce_json', 'data_quality', 'update_db' retrieved from /opt/airflow/dags/main.py
[2026-09-09T09:14:28.680+0000] {logging_mixin.py:188} INFO - [2026-09-09T09:14:28.680+0000] {dag.py:3096} INFO - Sync 3 DAGs
[2026-09-09T09:14:28.717+0000] {logging_mixin.py:188} INFO - [2026-09-09T09:14:28.717+0000] {dag.py:3954} INFO - Setting next_dagrun for data_quality to None, run_after=None
[2026-09-09T09:14:28.729+0000] {logging_mixin.py:188} INFO - [2026-09-09T09:14:28.729+0000] {dag.py:3954} INFO - Setting next_dagrun for produce_json to 2026-09-09 14:00:00+00:00, run_after=2026-09-10 14:00:00+00:00
[2026-09-09T09:14:28.733+0000] {logging_mixin.py:188} INFO - [2026-09-09T09:14:28.732+0000] {dag.py:3954} INFO - Setting next_dagrun for update_db to None, run_after=None
[2026-09-09T09:14:28.772+0000] {processor.py:183} INFO - Processing /opt/airflow/dags/main.py took 0.575 seconds
[2026-09-09T09:14:58.893+0000] {processor.py:161} INFO - Started process (PID=1527) to work on /opt/airflow/dags/main.py
[2026-09-09T09:14:58.896+0000] {processor.py:830} INFO - Processing file /opt/airflow/dags/main.py for tasks to queue
[2026-09-09T09:14:58.898+0000] {logging_mixin.py:188} INFO - [2026-09-09T09:14:58.898+0000] {dagbag.py:545} INFO - Filling up the DagBag from /opt/airflow/dags/main.py
[2026-09-09T09:14:58.984+0000] {logging_mixin.py:188} INFO - channel id is not executed
[2026-09-09T09:14:59.107+0000] {processor.py:840} INFO - DAG(s) 'data_quality', 'produce_json', 'update_db' retrieved from /opt/airflow/dags/main.py
[2026-09-09T09:14:59.332+0000] {logging_mixin.py:188} INFO - [2026-09-09T09:14:59.332+0000] {dag.py:3096} INFO - Sync 3 DAGs
[2026-09-09T09:14:59.411+0000] {logging_mixin.py:188} INFO - [2026-09-09T09:14:59.411+0000] {dag.py:3954} INFO - Setting next_dagrun for data_quality to None, run_after=None
[2026-09-09T09:14:59.428+0000] {logging_mixin.py:188} INFO - [2026-09-09T09:14:59.428+0000] {dag.py:3954} INFO - Setting next_dagrun for produce_json to 2026-09-09 14:00:00+00:00, run_after=2026-09-10 14:00:00+00:00
[2026-09-09T09:14:59.432+0000] {logging_mixin.py:188} INFO - [2026-09-09T09:14:59.432+0000] {dag.py:3954} INFO - Setting next_dagrun for update_db to None, run_after=None
[2026-09-09T09:14:59.508+0000] {processor.py:183} INFO - Processing /opt/airflow/dags/main.py took 0.624 seconds
[2026-09-09T09:15:30.357+0000] {processor.py:161} INFO - Started process (PID=1534) to work on /opt/airflow/dags/main.py
[2026-09-09T09:15:30.359+0000] {processor.py:830} INFO - Processing file /opt/airflow/dags/main.py for tasks to queue
[2026-09-09T09:15:30.362+0000] {logging_mixin.py:188} INFO - [2026-09-09T09:15:30.361+0000] {dagbag.py:545} INFO - Filling up the DagBag from /opt/airflow/dags/main.py
[2026-09-09T09:15:30.469+0000] {logging_mixin.py:188} INFO - channel id is not executed
[2026-09-09T09:15:30.577+0000] {processor.py:840} INFO - DAG(s) 'produce_json', 'data_quality', 'update_db' retrieved from /opt/airflow/dags/main.py
[2026-09-09T09:15:30.806+0000] {logging_mixin.py:188} INFO - [2026-09-09T09:15:30.805+0000] {dag.py:3096} INFO - Sync 3 DAGs
[2026-09-09T09:15:30.843+0000] {logging_mixin.py:188} INFO - [2026-09-09T09:15:30.842+0000] {dag.py:3954} INFO - Setting next_dagrun for data_quality to None, run_after=None
[2026-09-09T09:15:30.851+0000] {logging_mixin.py:188} INFO - [2026-09-09T09:15:30.851+0000] {dag.py:3954} INFO - Setting next_dagrun for produce_json to 2026-09-09 14:00:00+00:00, run_after=2026-09-10 14:00:00+00:00
[2026-09-09T09:15:30.855+0000] {logging_mixin.py:188} INFO - [2026-09-09T09:15:30.855+0000] {dag.py:3954} INFO - Setting next_dagrun for update_db to None, run_after=None
[2026-09-09T09:15:30.921+0000] {processor.py:183} INFO - Processing /opt/airflow/dags/main.py took 0.574 seconds
[2026-09-09T09:16:01.283+0000] {processor.py:161} INFO - Started process (PID=1541) to work on /opt/airflow/dags/main.py
[2026-09-09T09:16:01.286+0000] {processor.py:830} INFO - Processing file /opt/airflow/dags/main.py for tasks to queue
[2026-09-09T09:16:01.289+0000] {logging_mixin.py:188} INFO - [2026-09-09T09:16:01.288+0000] {dagbag.py:545} INFO - Filling up the DagBag from /opt/airflow/dags/main.py
[2026-09-09T09:16:01.360+0000] {logging_mixin.py:188} INFO - channel id is not executed
[2026-09-09T09:16:01.512+0000] {processor.py:840} INFO - DAG(s) 'data_quality', 'produce_json', 'update_db' retrieved from /opt/airflow/dags/main.py
[2026-09-09T09:16:01.747+0000] {logging_mixin.py:188} INFO - [2026-09-09T09:16:01.747+0000] {dag.py:3096} INFO - Sync 3 DAGs
[2026-09-09T09:16:01.779+0000] {logging_mixin.py:188} INFO - [2026-09-09T09:16:01.778+0000] {dag.py:3954} INFO - Setting next_dagrun for data_quality to None, run_after=None
[2026-09-09T09:16:01.789+0000] {logging_mixin.py:188} INFO - [2026-09-09T09:16:01.788+0000] {dag.py:3954} INFO - Setting next_dagrun for produce_json to 2026-09-09 14:00:00+00:00, run_after=2026-09-10 14:00:00+00:00
[2026-09-09T09:16:01.793+0000] {logging_mixin.py:188} INFO - [2026-09-09T09:16:01.792+0000] {dag.py:3954} INFO - Setting next_dagrun for update_db to None, run_after=None
[2026-09-09T09:16:01.854+0000] {processor.py:183} INFO - Processing /opt/airflow/dags/main.py took 0.582 seconds
[2026-09-09T09:16:32.077+0000] {processor.py:161} INFO - Started process (PID=1548) to work on /opt/airflow/dags/main.py
[2026-09-09T09:16:32.080+0000] {processor.py:830} INFO - Processing file /opt/airflow/dags/main.py for tasks to queue
[2026-09-09T09:16:32.085+0000] {logging_mixin.py:188} INFO - [2026-09-09T09:16:32.084+0000] {dagbag.py:545} INFO - Filling up the DagBag from /opt/airflow/dags/main.py
[2026-09-09T09:16:32.219+0000] {logging_mixin.py:188} INFO - channel id is not executed
[2026-09-09T09:16:32.603+0000] {processor.py:840} INFO - DAG(s) 'data_quality', 'produce_json', 'update_db' retrieved from /opt/airflow/dags/main.py
[2026-09-09T09:16:33.699+0000] {logging_mixin.py:188} INFO - [2026-09-09T09:16:33.698+0000] {dag.py:3096} INFO - Sync 3 DAGs
[2026-09-09T09:16:33.783+0000] {logging_mixin.py:188} INFO - [2026-09-09T09:16:33.783+0000] {dag.py:3954} INFO - Setting next_dagrun for data_quality to None, run_after=None
[2026-09-09T09:16:33.798+0000] {logging_mixin.py:188} INFO - [2026-09-09T09:16:33.797+0000] {dag.py:3954} INFO - Setting next_dagrun for produce_json to 2026-09-09 14:00:00+00:00, run_after=2026-09-10 14:00:00+00:00
[2026-09-09T09:16:33.804+0000] {logging_mixin.py:188} INFO - [2026-09-09T09:16:33.803+0000] {dag.py:3954} INFO - Setting next_dagrun for update_db to None, run_after=None
[2026-09-09T09:16:33.907+0000] {processor.py:183} INFO - Processing /opt/airflow/dags/main.py took 1.851 seconds
[2026-09-09T09:17:05.202+0000] {processor.py:161} INFO - Started process (PID=1561) to work on /opt/airflow/dags/main.py
[2026-09-09T09:17:05.226+0000] {processor.py:830} INFO - Processing file /opt/airflow/dags/main.py for tasks to queue
[2026-09-09T09:17:05.240+0000] {logging_mixin.py:188} INFO - [2026-09-09T09:17:05.234+0000] {dagbag.py:545} INFO - Filling up the DagBag from /opt/airflow/dags/main.py
[2026-09-09T09:17:06.755+0000] {logging_mixin.py:188} INFO - channel id is not executed
[2026-09-09T09:17:07.338+0000] {processor.py:840} INFO - DAG(s) 'data_quality', 'update_db', 'produce_json' retrieved from /opt/airflow/dags/main.py
[2026-09-09T09:17:09.432+0000] {logging_mixin.py:188} INFO - [2026-09-09T09:17:09.432+0000] {dag.py:3096} INFO - Sync 3 DAGs
[2026-09-09T09:17:09.688+0000] {logging_mixin.py:188} INFO - [2026-09-09T09:17:09.687+0000] {dag.py:3954} INFO - Setting next_dagrun for data_quality to None, run_after=None
[2026-09-09T09:17:09.753+0000] {logging_mixin.py:188} INFO - [2026-09-09T09:17:09.752+0000] {dag.py:3954} INFO - Setting next_dagrun for produce_json to 2026-09-09 14:00:00+00:00, run_after=2026-09-10 14:00:00+00:00
[2026-09-09T09:17:09.768+0000] {logging_mixin.py:188} INFO - [2026-09-09T09:17:09.767+0000] {dag.py:3954} INFO - Setting next_dagrun for update_db to None, run_after=None
[2026-09-09T09:17:10.114+0000] {processor.py:183} INFO - Processing /opt/airflow/dags/main.py took 4.966 seconds
[2026-09-09T09:17:40.520+0000] {processor.py:161} INFO - Started process (PID=1568) to work on /opt/airflow/dags/main.py
[2026-09-09T09:17:40.526+0000] {processor.py:830} INFO - Processing file /opt/airflow/dags/main.py for tasks to queue
[2026-09-09T09:17:40.530+0000] {logging_mixin.py:188} INFO - [2026-09-09T09:17:40.529+0000] {dagbag.py:545} INFO - Filling up the DagBag from /opt/airflow/dags/main.py
[2026-09-09T09:17:40.632+0000] {logging_mixin.py:188} INFO - channel id is not executed
[2026-09-09T09:17:40.873+0000] {processor.py:840} INFO - DAG(s) 'produce_json', 'data_quality', 'update_db' retrieved from /opt/airflow/dags/main.py
[2026-09-09T09:17:42.407+0000] {logging_mixin.py:188} INFO - [2026-09-09T09:17:42.407+0000] {dag.py:3096} INFO - Sync 3 DAGs
[2026-09-09T09:17:42.657+0000] {logging_mixin.py:188} INFO - [2026-09-09T09:17:42.657+0000] {dag.py:3954} INFO - Setting next_dagrun for data_quality to None, run_after=None
[2026-09-09T09:17:42.737+0000] {logging_mixin.py:188} INFO - [2026-09-09T09:17:42.737+0000] {dag.py:3954} INFO - Setting next_dagrun for produce_json to 2026-09-09 14:00:00+00:00, run_after=2026-09-10 14:00:00+00:00
[2026-09-09T09:17:42.761+0000] {logging_mixin.py:188} INFO - [2026-09-09T09:17:42.760+0000] {dag.py:3954} INFO - Setting next_dagrun for update_db to None, run_after=None
[2026-09-09T09:17:42.933+0000] {processor.py:183} INFO - Processing /opt/airflow/dags/main.py took 2.431 seconds
[2026-09-09T09:18:18.421+0000] {processor.py:161} INFO - Started process (PID=1574) to work on /opt/airflow/dags/main.py
[2026-09-09T09:18:18.447+0000] {processor.py:830} INFO - Processing file /opt/airflow/dags/main.py for tasks to queue
[2026-09-09T09:18:18.487+0000] {logging_mixin.py:188} INFO - [2026-09-09T09:18:18.486+0000] {dagbag.py:545} INFO - Filling up the DagBag from /opt/airflow/dags/main.py
[2026-09-09T09:18:19.876+0000] {logging_mixin.py:188} INFO - channel id is not executed
[2026-09-09T09:18:21.231+0000] {processor.py:840} INFO - DAG(s) 'update_db', 'produce_json', 'data_quality' retrieved from /opt/airflow/dags/main.py
[2026-09-09T09:18:22.188+0000] {logging_mixin.py:188} INFO - [2026-09-09T09:18:22.188+0000] {dag.py:3096} INFO - Sync 3 DAGs
[2026-09-09T09:18:22.373+0000] {logging_mixin.py:188} INFO - [2026-09-09T09:18:22.372+0000] {dag.py:3954} INFO - Setting next_dagrun for data_quality to None, run_after=None
[2026-09-09T09:18:22.405+0000] {logging_mixin.py:188} INFO - [2026-09-09T09:18:22.404+0000] {dag.py:3954} INFO - Setting next_dagrun for produce_json to 2026-09-09 14:00:00+00:00, run_after=2026-09-10 14:00:00+00:00
[2026-09-09T09:18:22.421+0000] {logging_mixin.py:188} INFO - [2026-09-09T09:18:22.420+0000] {dag.py:3954} INFO - Setting next_dagrun for update_db to None, run_after=None
[2026-09-09T09:18:22.569+0000] {processor.py:183} INFO - Processing /opt/airflow/dags/main.py took 4.185 seconds
[2026-09-09T09:18:54.218+0000] {processor.py:161} INFO - Started process (PID=1581) to work on /opt/airflow/dags/main.py
[2026-09-09T09:18:54.239+0000] {processor.py:830} INFO - Processing file /opt/airflow/dags/main.py for tasks to queue
[2026-09-09T09:18:54.356+0000] {logging_mixin.py:188} INFO - [2026-09-09T09:18:54.355+0000] {dagbag.py:545} INFO - Filling up the DagBag from /opt/airflow/dags/main.py
[2026-09-09T09:18:54.568+0000] {logging_mixin.py:188} INFO - channel id is not executed
[2026-09-09T09:18:55.042+0000] {processor.py:840} INFO - DAG(s) 'produce_json', 'data_quality', 'update_db' retrieved from /opt/airflow/dags/main.py
[2026-09-09T09:18:55.901+0000] {logging_mixin.py:188} INFO - [2026-09-09T09:18:55.900+0000] {dag.py:3096} INFO - Sync 3 DAGs
[2026-09-09T09:18:56.022+0000] {logging_mixin.py:188} INFO - [2026-09-09T09:18:56.022+0000] {dag.py:3954} INFO - Setting next_dagrun for data_quality to None, run_after=None
[2026-09-09T09:18:56.313+0000] {logging_mixin.py:188} INFO - [2026-09-09T09:18:56.313+0000] {dag.py:3954} INFO - Setting next_dagrun for produce_json to 2026-09-09 14:00:00+00:00, run_after=2026-09-10 14:00:00+00:00
[2026-09-09T09:18:56.325+0000] {logging_mixin.py:188} INFO - [2026-09-09T09:18:56.325+0000] {dag.py:3954} INFO - Setting next_dagrun for update_db to None, run_after=None
[2026-09-09T09:18:56.571+0000] {processor.py:183} INFO - Processing /opt/airflow/dags/main.py took 2.391 seconds
[2026-09-09T09:19:27.107+0000] {processor.py:161} INFO - Started process (PID=1588) to work on /opt/airflow/dags/main.py
[2026-09-09T09:19:27.111+0000] {processor.py:830} INFO - Processing file /opt/airflow/dags/main.py for tasks to queue
[2026-09-09T09:19:27.115+0000] {logging_mixin.py:188} INFO - [2026-09-09T09:19:27.114+0000] {dagbag.py:545} INFO - Filling up the DagBag from /opt/airflow/dags/main.py
[2026-09-09T09:19:27.240+0000] {logging_mixin.py:188} INFO - channel id is not executed
[2026-09-09T09:19:27.477+0000] {processor.py:840} INFO - DAG(s) 'update_db', 'data_quality', 'produce_json' retrieved from /opt/airflow/dags/main.py
[2026-09-09T09:19:27.897+0000] {logging_mixin.py:188} INFO - [2026-09-09T09:19:27.897+0000] {dag.py:3096} INFO - Sync 3 DAGs
[2026-09-09T09:19:28.015+0000] {logging_mixin.py:188} INFO - [2026-09-09T09:19:28.014+0000] {dag.py:3954} INFO - Setting next_dagrun for data_quality to None, run_after=None
[2026-09-09T09:19:28.049+0000] {logging_mixin.py:188} INFO - [2026-09-09T09:19:28.048+0000] {dag.py:3954} INFO - Setting next_dagrun for produce_json to 2026-09-09 14:00:00+00:00, run_after=2026-09-10 14:00:00+00:00
[2026-09-09T09:19:28.087+0000] {logging_mixin.py:188} INFO - [2026-09-09T09:19:28.086+0000] {dag.py:3954} INFO - Setting next_dagrun for update_db to None, run_after=None
[2026-09-09T09:19:28.343+0000] {processor.py:183} INFO - Processing /opt/airflow/dags/main.py took 1.251 seconds
[2026-09-09T09:20:02.019+0000] {processor.py:161} INFO - Started process (PID=1595) to work on /opt/airflow/dags/main.py
[2026-09-09T09:20:02.157+0000] {processor.py:830} INFO - Processing file /opt/airflow/dags/main.py for tasks to queue
[2026-09-09T09:20:02.398+0000] {logging_mixin.py:188} INFO - [2026-09-09T09:20:02.308+0000] {dagbag.py:545} INFO - Filling up the DagBag from /opt/airflow/dags/main.py
[2026-09-09T09:20:04.884+0000] {logging_mixin.py:188} INFO - channel id is not executed
[2026-09-09T09:20:07.916+0000] {processor.py:840} INFO - DAG(s) 'produce_json', 'update_db', 'data_quality' retrieved from /opt/airflow/dags/main.py
[2026-09-09T09:20:09.449+0000] {logging_mixin.py:188} INFO - [2026-09-09T09:20:09.448+0000] {dag.py:3096} INFO - Sync 3 DAGs
[2026-09-09T09:20:10.165+0000] {logging_mixin.py:188} INFO - [2026-09-09T09:20:10.146+0000] {dag.py:3954} INFO - Setting next_dagrun for data_quality to None, run_after=None
[2026-09-09T09:20:10.350+0000] {logging_mixin.py:188} INFO - [2026-09-09T09:20:10.349+0000] {dag.py:3954} INFO - Setting next_dagrun for produce_json to 2026-09-09 14:00:00+00:00, run_after=2026-09-10 14:00:00+00:00
[2026-09-09T09:20:10.396+0000] {logging_mixin.py:188} INFO - [2026-09-09T09:20:10.395+0000] {dag.py:3954} INFO - Setting next_dagrun for update_db to None, run_after=None
[2026-09-09T09:20:10.733+0000] {processor.py:183} INFO - Processing /opt/airflow/dags/main.py took 9.394 seconds
[2026-09-09T09:20:42.137+0000] {processor.py:161} INFO - Started process (PID=1610) to work on /opt/airflow/dags/main.py
[2026-09-09T09:20:42.147+0000] {processor.py:830} INFO - Processing file /opt/airflow/dags/main.py for tasks to queue
[2026-09-09T09:20:42.162+0000] {logging_mixin.py:188} INFO - [2026-09-09T09:20:42.161+0000] {dagbag.py:545} INFO - Filling up the DagBag from /opt/airflow/dags/main.py
[2026-09-09T09:20:43.787+0000] {logging_mixin.py:188} INFO - channel id is not executed
[2026-09-09T09:20:45.916+0000] {processor.py:840} INFO - DAG(s) 'data_quality', 'update_db', 'produce_json' retrieved from /opt/airflow/dags/main.py
[2026-09-09T09:20:52.294+0000] {logging_mixin.py:188} INFO - [2026-09-09T09:20:52.293+0000] {dag.py:3096} INFO - Sync 3 DAGs
[2026-09-09T09:20:52.688+0000] {logging_mixin.py:188} INFO - [2026-09-09T09:20:52.687+0000] {dag.py:3954} INFO - Setting next_dagrun for data_quality to None, run_after=None
[2026-09-09T09:20:52.760+0000] {logging_mixin.py:188} INFO - [2026-09-09T09:20:52.759+0000] {dag.py:3954} INFO - Setting next_dagrun for produce_json to 2026-09-09 14:00:00+00:00, run_after=2026-09-10 14:00:00+00:00
[2026-09-09T09:20:52.770+0000] {logging_mixin.py:188} INFO - [2026-09-09T09:20:52.769+0000] {dag.py:3954} INFO - Setting next_dagrun for update_db to None, run_after=None
[2026-09-09T09:20:53.053+0000] {processor.py:183} INFO - Processing /opt/airflow/dags/main.py took 11.024 seconds
[2026-09-09T09:21:25.668+0000] {processor.py:161} INFO - Started process (PID=1617) to work on /opt/airflow/dags/main.py
[2026-09-09T09:21:25.916+0000] {processor.py:830} INFO - Processing file /opt/airflow/dags/main.py for tasks to queue
[2026-09-09T09:21:26.142+0000] {logging_mixin.py:188} INFO - [2026-09-09T09:21:26.093+0000] {dagbag.py:545} INFO - Filling up the DagBag from /opt/airflow/dags/main.py
[2026-09-09T09:21:29.778+0000] {logging_mixin.py:188} INFO - channel id is not executed
[2026-09-09T09:21:35.480+0000] {processor.py:840} INFO - DAG(s) 'produce_json', 'update_db', 'data_quality' retrieved from /opt/airflow/dags/main.py
[2026-09-09T09:21:43.676+0000] {logging_mixin.py:188} INFO - [2026-09-09T09:21:43.670+0000] {dag.py:3096} INFO - Sync 3 DAGs
[2026-09-09T09:21:43.907+0000] {logging_mixin.py:188} INFO - [2026-09-09T09:21:43.907+0000] {dag.py:3954} INFO - Setting next_dagrun for data_quality to None, run_after=None
[2026-09-09T09:21:43.938+0000] {logging_mixin.py:188} INFO - [2026-09-09T09:21:43.937+0000] {dag.py:3954} INFO - Setting next_dagrun for produce_json to 2026-09-09 14:00:00+00:00, run_after=2026-09-10 14:00:00+00:00
[2026-09-09T09:21:43.946+0000] {logging_mixin.py:188} INFO - [2026-09-09T09:21:43.946+0000] {dag.py:3954} INFO - Setting next_dagrun for update_db to None, run_after=None
[2026-09-09T09:21:44.174+0000] {processor.py:183} INFO - Processing /opt/airflow/dags/main.py took 19.790 seconds
[2026-09-09T09:22:20.503+0000] {processor.py:161} INFO - Started process (PID=1629) to work on /opt/airflow/dags/main.py
[2026-09-09T09:22:20.541+0000] {processor.py:830} INFO - Processing file /opt/airflow/dags/main.py for tasks to queue
[2026-09-09T09:22:20.594+0000] {logging_mixin.py:188} INFO - [2026-09-09T09:22:20.576+0000] {dagbag.py:545} INFO - Filling up the DagBag from /opt/airflow/dags/main.py
[2026-09-09T09:22:22.665+0000] {logging_mixin.py:188} INFO - channel id is not executed
[2026-09-09T09:22:25.636+0000] {processor.py:840} INFO - DAG(s) 'produce_json', 'data_quality', 'update_db' retrieved from /opt/airflow/dags/main.py
[2026-09-09T09:22:31.324+0000] {logging_mixin.py:188} INFO - [2026-09-09T09:22:31.323+0000] {dag.py:3096} INFO - Sync 3 DAGs
[2026-09-09T09:22:31.775+0000] {logging_mixin.py:188} INFO - [2026-09-09T09:22:31.775+0000] {dag.py:3954} INFO - Setting next_dagrun for data_quality to None, run_after=None
[2026-09-09T09:22:31.808+0000] {logging_mixin.py:188} INFO - [2026-09-09T09:22:31.807+0000] {dag.py:3954} INFO - Setting next_dagrun for produce_json to 2026-09-09 14:00:00+00:00, run_after=2026-09-10 14:00:00+00:00
[2026-09-09T09:22:31.824+0000] {logging_mixin.py:188} INFO - [2026-09-09T09:22:31.823+0000] {dag.py:3954} INFO - Setting next_dagrun for update_db to None, run_after=None
[2026-09-09T09:22:32.746+0000] {processor.py:183} INFO - Processing /opt/airflow/dags/main.py took 12.741 seconds
[2026-09-09T09:23:09.261+0000] {processor.py:161} INFO - Started process (PID=1636) to work on /opt/airflow/dags/main.py
[2026-09-09T09:23:09.377+0000] {processor.py:830} INFO - Processing file /opt/airflow/dags/main.py for tasks to queue
[2026-09-09T09:23:09.423+0000] {logging_mixin.py:188} INFO - [2026-09-09T09:23:09.416+0000] {dagbag.py:545} INFO - Filling up the DagBag from /opt/airflow/dags/main.py
[2026-09-09T09:23:12.878+0000] {logging_mixin.py:188} INFO - channel id is not executed
[2026-09-09T09:23:15.275+0000] {processor.py:840} INFO - DAG(s) 'update_db', 'produce_json', 'data_quality' retrieved from /opt/airflow/dags/main.py
[2026-09-09T09:23:19.444+0000] {logging_mixin.py:188} INFO - [2026-09-09T09:23:19.443+0000] {dag.py:3096} INFO - Sync 3 DAGs
[2026-09-09T09:23:20.410+0000] {logging_mixin.py:188} INFO - [2026-09-09T09:23:20.409+0000] {dag.py:3954} INFO - Setting next_dagrun for data_quality to None, run_after=None
[2026-09-09T09:23:20.508+0000] {logging_mixin.py:188} INFO - [2026-09-09T09:23:20.507+0000] {dag.py:3954} INFO - Setting next_dagrun for produce_json to 2026-09-09 14:00:00+00:00, run_after=2026-09-10 14:00:00+00:00
[2026-09-09T09:23:20.589+0000] {logging_mixin.py:188} INFO - [2026-09-09T09:23:20.588+0000] {dag.py:3954} INFO - Setting next_dagrun for update_db to None, run_after=None
[2026-09-09T09:23:21.367+0000] {processor.py:183} INFO - Processing /opt/airflow/dags/main.py took 12.862 seconds
[2026-09-09T09:23:53.416+0000] {processor.py:161} INFO - Started process (PID=1643) to work on /opt/airflow/dags/main.py
[2026-09-09T09:23:53.430+0000] {processor.py:830} INFO - Processing file /opt/airflow/dags/main.py for tasks to queue
[2026-09-09T09:23:53.435+0000] {logging_mixin.py:188} INFO - [2026-09-09T09:23:53.434+0000] {dagbag.py:545} INFO - Filling up the DagBag from /opt/airflow/dags/main.py
[2026-09-09T09:23:55.296+0000] {logging_mixin.py:188} INFO - channel id is not executed
[2026-09-09T09:23:55.776+0000] {processor.py:840} INFO - DAG(s) 'data_quality', 'produce_json', 'update_db' retrieved from /opt/airflow/dags/main.py
[2026-09-09T09:23:56.564+0000] {logging_mixin.py:188} INFO - [2026-09-09T09:23:56.563+0000] {dag.py:3096} INFO - Sync 3 DAGs
[2026-09-09T09:23:56.747+0000] {logging_mixin.py:188} INFO - [2026-09-09T09:23:56.747+0000] {dag.py:3954} INFO - Setting next_dagrun for data_quality to None, run_after=None
[2026-09-09T09:23:56.796+0000] {logging_mixin.py:188} INFO - [2026-09-09T09:23:56.792+0000] {dag.py:3954} INFO - Setting next_dagrun for produce_json to 2026-09-09 14:00:00+00:00, run_after=2026-09-10 14:00:00+00:00
[2026-09-09T09:23:56.815+0000] {logging_mixin.py:188} INFO - [2026-09-09T09:23:56.814+0000] {dag.py:3954} INFO - Setting next_dagrun for update_db to None, run_after=None
[2026-09-09T09:23:56.911+0000] {processor.py:183} INFO - Processing /opt/airflow/dags/main.py took 3.692 seconds
[2026-09-09T09:24:29.170+0000] {processor.py:161} INFO - Started process (PID=1657) to work on /opt/airflow/dags/main.py
[2026-09-09T09:24:29.186+0000] {processor.py:830} INFO - Processing file /opt/airflow/dags/main.py for tasks to queue
[2026-09-09T09:24:29.219+0000] {logging_mixin.py:188} INFO - [2026-09-09T09:24:29.217+0000] {dagbag.py:545} INFO - Filling up the DagBag from /opt/airflow/dags/main.py
[2026-09-09T09:24:31.068+0000] {logging_mixin.py:188} INFO - channel id is not executed
[2026-09-09T09:24:31.747+0000] {processor.py:840} INFO - DAG(s) 'produce_json', 'update_db', 'data_quality' retrieved from /opt/airflow/dags/main.py
[2026-09-09T09:24:32.905+0000] {logging_mixin.py:188} INFO - [2026-09-09T09:24:32.904+0000] {dag.py:3096} INFO - Sync 3 DAGs
[2026-09-09T09:24:33.141+0000] {logging_mixin.py:188} INFO - [2026-09-09T09:24:33.140+0000] {dag.py:3954} INFO - Setting next_dagrun for data_quality to None, run_after=None
[2026-09-09T09:24:33.210+0000] {logging_mixin.py:188} INFO - [2026-09-09T09:24:33.210+0000] {dag.py:3954} INFO - Setting next_dagrun for produce_json to 2026-09-09 14:00:00+00:00, run_after=2026-09-10 14:00:00+00:00
[2026-09-09T09:24:33.273+0000] {logging_mixin.py:188} INFO - [2026-09-09T09:24:33.273+0000] {dag.py:3954} INFO - Setting next_dagrun for update_db to None, run_after=None
[2026-09-09T09:24:33.417+0000] {processor.py:183} INFO - Processing /opt/airflow/dags/main.py took 4.328 seconds
[2026-09-09T09:25:04.010+0000] {processor.py:161} INFO - Started process (PID=1664) to work on /opt/airflow/dags/main.py
[2026-09-09T09:25:04.020+0000] {processor.py:830} INFO - Processing file /opt/airflow/dags/main.py for tasks to queue
[2026-09-09T09:25:04.037+0000] {logging_mixin.py:188} INFO - [2026-09-09T09:25:04.036+0000] {dagbag.py:545} INFO - Filling up the DagBag from /opt/airflow/dags/main.py
[2026-09-09T09:25:04.514+0000] {logging_mixin.py:188} INFO - channel id is not executed
[2026-09-09T09:25:05.624+0000] {processor.py:840} INFO - DAG(s) 'update_db', 'data_quality', 'produce_json' retrieved from /opt/airflow/dags/main.py
[2026-09-09T09:25:07.255+0000] {logging_mixin.py:188} INFO - [2026-09-09T09:25:07.254+0000] {dag.py:3096} INFO - Sync 3 DAGs
[2026-09-09T09:25:07.374+0000] {logging_mixin.py:188} INFO - [2026-09-09T09:25:07.369+0000] {dag.py:3954} INFO - Setting next_dagrun for data_quality to None, run_after=None
[2026-09-09T09:25:07.410+0000] {logging_mixin.py:188} INFO - [2026-09-09T09:25:07.406+0000] {dag.py:3954} INFO - Setting next_dagrun for produce_json to 2026-09-09 14:00:00+00:00, run_after=2026-09-10 14:00:00+00:00
[2026-09-09T09:25:07.446+0000] {logging_mixin.py:188} INFO - [2026-09-09T09:25:07.445+0000] {dag.py:3954} INFO - Setting next_dagrun for update_db to None, run_after=None
[2026-09-09T09:25:07.615+0000] {processor.py:183} INFO - Processing /opt/airflow/dags/main.py took 3.663 seconds
[2026-09-09T09:25:40.847+0000] {processor.py:161} INFO - Started process (PID=1672) to work on /opt/airflow/dags/main.py
[2026-09-09T09:25:40.930+0000] {processor.py:830} INFO - Processing file /opt/airflow/dags/main.py for tasks to queue
[2026-09-09T09:25:41.089+0000] {logging_mixin.py:188} INFO - [2026-09-09T09:25:41.088+0000] {dagbag.py:545} INFO - Filling up the DagBag from /opt/airflow/dags/main.py
[2026-09-09T09:25:44.329+0000] {logging_mixin.py:188} INFO - channel id is not executed
[2026-09-09T09:25:48.172+0000] {processor.py:840} INFO - DAG(s) 'update_db', 'data_quality', 'produce_json' retrieved from /opt/airflow/dags/main.py
[2026-09-09T09:25:52.919+0000] {logging_mixin.py:188} INFO - [2026-09-09T09:25:52.918+0000] {dag.py:3096} INFO - Sync 3 DAGs
[2026-09-09T09:25:54.154+0000] {logging_mixin.py:188} INFO - [2026-09-09T09:25:54.153+0000] {dag.py:3954} INFO - Setting next_dagrun for data_quality to None, run_after=None
[2026-09-09T09:25:54.316+0000] {logging_mixin.py:188} INFO - [2026-09-09T09:25:54.314+0000] {dag.py:3954} INFO - Setting next_dagrun for produce_json to 2026-09-09 14:00:00+00:00, run_after=2026-09-10 14:00:00+00:00
[2026-09-09T09:25:54.339+0000] {logging_mixin.py:188} INFO - [2026-09-09T09:25:54.338+0000] {dag.py:3954} INFO - Setting next_dagrun for update_db to None, run_after=None
[2026-09-09T09:25:55.354+0000] {processor.py:183} INFO - Processing /opt/airflow/dags/main.py took 14.838 seconds
[2026-09-09T09:26:30.622+0000] {processor.py:161} INFO - Started process (PID=1679) to work on /opt/airflow/dags/main.py
[2026-09-09T09:26:31.129+0000] {processor.py:830} INFO - Processing file /opt/airflow/dags/main.py for tasks to queue
[2026-09-09T09:26:31.662+0000] {logging_mixin.py:188} INFO - [2026-09-09T09:26:31.645+0000] {dagbag.py:545} INFO - Filling up the DagBag from /opt/airflow/dags/main.py
[2026-09-09T09:26:33.186+0000] {logging_mixin.py:188} INFO - channel id is not executed
[2026-09-09T09:26:37.481+0000] {processor.py:840} INFO - DAG(s) 'update_db', 'data_quality', 'produce_json' retrieved from /opt/airflow/dags/main.py
[2026-09-09T09:27:02.529+0000] {logging_mixin.py:188} INFO - [2026-09-09T09:27:02.528+0000] {dag.py:3096} INFO - Sync 3 DAGs
[2026-09-09T09:27:03.778+0000] {logging_mixin.py:188} INFO - [2026-09-09T09:27:03.777+0000] {dag.py:3954} INFO - Setting next_dagrun for data_quality to None, run_after=None
[2026-09-09T09:27:03.913+0000] {logging_mixin.py:188} INFO - [2026-09-09T09:27:03.905+0000] {dag.py:3954} INFO - Setting next_dagrun for produce_json to 2026-09-09 14:00:00+00:00, run_after=2026-09-10 14:00:00+00:00
[2026-09-09T09:27:03.955+0000] {logging_mixin.py:188} INFO - [2026-09-09T09:27:03.933+0000] {dag.py:3954} INFO - Setting next_dagrun for update_db to None, run_after=None
[2026-09-09T09:27:04.334+0000] {processor.py:183} INFO - Processing /opt/airflow/dags/main.py took 36.116 seconds
[2026-09-09T09:27:48.466+0000] {processor.py:161} INFO - Started process (PID=1697) to work on /opt/airflow/dags/main.py
[2026-09-09T09:27:48.668+0000] {processor.py:830} INFO - Processing file /opt/airflow/dags/main.py for tasks to queue
[2026-09-09T09:27:50.271+0000] {logging_mixin.py:188} INFO - [2026-09-09T09:27:50.217+0000] {dagbag.py:545} INFO - Filling up the DagBag from /opt/airflow/dags/main.py
[2026-09-09T09:28:35.612+0000] {processor.py:161} INFO - Started process (PID=1704) to work on /opt/airflow/dags/main.py
[2026-09-09T09:28:35.685+0000] {processor.py:830} INFO - Processing file /opt/airflow/dags/main.py for tasks to queue
[2026-09-09T09:28:35.817+0000] {logging_mixin.py:188} INFO - [2026-09-09T09:28:35.737+0000] {dagbag.py:545} INFO - Filling up the DagBag from /opt/airflow/dags/main.py
[2026-09-09T09:28:45.403+0000] {logging_mixin.py:188} INFO - channel id is not executed
[2026-09-09T09:28:59.048+0000] {processor.py:840} INFO - DAG(s) 'data_quality', 'produce_json', 'update_db' retrieved from /opt/airflow/dags/main.py
[2026-09-09T09:29:04.575+0000] {logging_mixin.py:188} INFO - [2026-09-09T09:29:04.573+0000] {taskinstance.py:2907} ERROR - {'DAG Id': 'produce_json', 'Task Id': 'get_video_id', 'Run Id': 'manual__2026-09-09T09:20:22.512330+00:00', 'Hostname': '539c327528e4', 'External Executor Id': 'b9f4644a-6481-49ab-b248-1b045b5c9e7a'}
[2026-09-09T09:29:05.802+0000] {logging_mixin.py:188} INFO - [2026-09-09T09:29:05.802+0000] {taskinstance.py:1206} INFO - Marking task as FAILED. dag_id=produce_json, task_id=get_video_id, run_id=manual__2026-09-09T09:20:22.512330+00:00, execution_date=20260909T092022, start_date=20260909T092153, end_date=20260909T092904
[2026-09-09T09:29:06.276+0000] {processor.py:791} INFO - Executed failure callback for <TaskInstance: produce_json.get_video_id manual__2026-09-09T09:20:22.512330+00:00 [failed]> in state failed
[2026-09-09T09:29:11.142+0000] {logging_mixin.py:188} INFO - [2026-09-09T09:29:11.142+0000] {dag.py:3096} INFO - Sync 3 DAGs
[2026-09-09T09:29:11.497+0000] {logging_mixin.py:188} INFO - [2026-09-09T09:29:11.497+0000] {dag.py:3954} INFO - Setting next_dagrun for data_quality to None, run_after=None
[2026-09-09T09:29:11.551+0000] {logging_mixin.py:188} INFO - [2026-09-09T09:29:11.550+0000] {dag.py:3954} INFO - Setting next_dagrun for produce_json to 2026-09-09 14:00:00+00:00, run_after=2026-09-10 14:00:00+00:00
[2026-09-09T09:29:11.566+0000] {logging_mixin.py:188} INFO - [2026-09-09T09:29:11.565+0000] {dag.py:3954} INFO - Setting next_dagrun for update_db to None, run_after=None
[2026-09-09T09:29:11.852+0000] {processor.py:183} INFO - Processing /opt/airflow/dags/main.py took 37.188 seconds
[2026-09-09T09:29:44.021+0000] {processor.py:161} INFO - Started process (PID=1717) to work on /opt/airflow/dags/main.py
[2026-09-09T09:29:44.110+0000] {processor.py:830} INFO - Processing file /opt/airflow/dags/main.py for tasks to queue
[2026-09-09T09:29:44.309+0000] {logging_mixin.py:188} INFO - [2026-09-09T09:29:44.297+0000] {dagbag.py:545} INFO - Filling up the DagBag from /opt/airflow/dags/main.py
[2026-09-09T09:29:45.582+0000] {logging_mixin.py:188} INFO - channel id is not executed
[2026-09-09T09:29:48.802+0000] {processor.py:840} INFO - DAG(s) 'produce_json', 'update_db', 'data_quality' retrieved from /opt/airflow/dags/main.py
[2026-09-09T09:29:49.617+0000] {logging_mixin.py:188} INFO - [2026-09-09T09:29:49.615+0000] {taskinstance.py:2907} ERROR - {'DAG Id': 'produce_json', 'Task Id': 'get_video_id', 'Run Id': 'manual__2026-09-09T09:20:22.512330+00:00', 'Hostname': '539c327528e4', 'External Executor Id': 'b9f4644a-6481-49ab-b248-1b045b5c9e7a'}
[2026-09-09T09:29:49.945+0000] {logging_mixin.py:188} INFO - [2026-09-09T09:29:49.944+0000] {taskinstance.py:1206} INFO - Marking task as FAILED. dag_id=produce_json, task_id=get_video_id, run_id=manual__2026-09-09T09:20:22.512330+00:00, execution_date=20260909T092022, start_date=20260909T092153, end_date=20260909T092949
[2026-09-09T09:29:50.109+0000] {processor.py:791} INFO - Executed failure callback for <TaskInstance: produce_json.get_video_id manual__2026-09-09T09:20:22.512330+00:00 [failed]> in state failed
[2026-09-09T09:29:50.129+0000] {logging_mixin.py:188} INFO - [2026-09-09T09:29:50.129+0000] {taskinstance.py:2907} ERROR - {'DAG Id': 'produce_json', 'Task Id': 'get_video_id', 'Run Id': 'manual__2026-09-09T09:20:22.512330+00:00', 'Hostname': '539c327528e4', 'External Executor Id': 'b9f4644a-6481-49ab-b248-1b045b5c9e7a'}
[2026-09-09T09:29:50.167+0000] {logging_mixin.py:188} INFO - [2026-09-09T09:29:50.166+0000] {taskinstance.py:1206} INFO - Marking task as FAILED. dag_id=produce_json, task_id=get_video_id, run_id=manual__2026-09-09T09:20:22.512330+00:00, execution_date=20260909T092022, start_date=20260909T092153, end_date=20260909T092950
[2026-09-09T09:29:50.181+0000] {processor.py:791} INFO - Executed failure callback for <TaskInstance: produce_json.get_video_id manual__2026-09-09T09:20:22.512330+00:00 [failed]> in state failed
[2026-09-09T09:29:51.090+0000] {logging_mixin.py:188} INFO - [2026-09-09T09:29:51.089+0000] {dag.py:3096} INFO - Sync 3 DAGs
[2026-09-09T09:29:51.254+0000] {logging_mixin.py:188} INFO - [2026-09-09T09:29:51.254+0000] {dag.py:3954} INFO - Setting next_dagrun for data_quality to None, run_after=None
[2026-09-09T09:29:51.267+0000] {logging_mixin.py:188} INFO - [2026-09-09T09:29:51.266+0000] {dag.py:3954} INFO - Setting next_dagrun for produce_json to 2026-09-09 14:00:00+00:00, run_after=2026-09-10 14:00:00+00:00
[2026-09-09T09:29:51.273+0000] {logging_mixin.py:188} INFO - [2026-09-09T09:29:51.273+0000] {dag.py:3954} INFO - Setting next_dagrun for update_db to None, run_after=None
[2026-09-09T09:29:51.363+0000] {processor.py:183} INFO - Processing /opt/airflow/dags/main.py took 8.620 seconds
[2026-09-09T09:30:22.849+0000] {processor.py:161} INFO - Started process (PID=1723) to work on /opt/airflow/dags/main.py
[2026-09-09T09:30:22.853+0000] {processor.py:830} INFO - Processing file /opt/airflow/dags/main.py for tasks to queue
[2026-09-09T09:30:22.869+0000] {logging_mixin.py:188} INFO - [2026-09-09T09:30:22.868+0000] {dagbag.py:545} INFO - Filling up the DagBag from /opt/airflow/dags/main.py
[2026-09-09T09:30:23.168+0000] {logging_mixin.py:188} INFO - channel id is not executed
[2026-09-09T09:30:24.467+0000] {processor.py:840} INFO - DAG(s) 'produce_json', 'update_db', 'data_quality' retrieved from /opt/airflow/dags/main.py
[2026-09-09T09:30:26.527+0000] {logging_mixin.py:188} INFO - [2026-09-09T09:30:26.526+0000] {dag.py:3096} INFO - Sync 3 DAGs
[2026-09-09T09:30:26.702+0000] {logging_mixin.py:188} INFO - [2026-09-09T09:30:26.701+0000] {dag.py:3954} INFO - Setting next_dagrun for data_quality to None, run_after=None
[2026-09-09T09:30:26.752+0000] {logging_mixin.py:188} INFO - [2026-09-09T09:30:26.737+0000] {dag.py:3954} INFO - Setting next_dagrun for produce_json to 2026-09-09 14:00:00+00:00, run_after=2026-09-10 14:00:00+00:00
[2026-09-09T09:30:26.784+0000] {logging_mixin.py:188} INFO - [2026-09-09T09:30:26.783+0000] {dag.py:3954} INFO - Setting next_dagrun for update_db to None, run_after=None
[2026-09-09T09:30:26.945+0000] {processor.py:183} INFO - Processing /opt/airflow/dags/main.py took 4.135 seconds
[2026-09-09T09:31:01.513+0000] {processor.py:161} INFO - Started process (PID=1730) to work on /opt/airflow/dags/main.py
[2026-09-09T09:31:01.852+0000] {processor.py:830} INFO - Processing file /opt/airflow/dags/main.py for tasks to queue
[2026-09-09T09:31:01.886+0000] {logging_mixin.py:188} INFO - [2026-09-09T09:31:01.881+0000] {dagbag.py:545} INFO - Filling up the DagBag from /opt/airflow/dags/main.py
[2026-09-09T09:31:03.099+0000] {logging_mixin.py:188} INFO - channel id is not executed
[2026-09-09T09:31:04.998+0000] {processor.py:840} INFO - DAG(s) 'update_db', 'produce_json', 'data_quality' retrieved from /opt/airflow/dags/main.py
[2026-09-09T09:31:08.129+0000] {logging_mixin.py:188} INFO - [2026-09-09T09:31:08.117+0000] {dag.py:3096} INFO - Sync 3 DAGs
[2026-09-09T09:31:08.367+0000] {logging_mixin.py:188} INFO - [2026-09-09T09:31:08.366+0000] {dag.py:3954} INFO - Setting next_dagrun for data_quality to None, run_after=None
[2026-09-09T09:31:08.446+0000] {logging_mixin.py:188} INFO - [2026-09-09T09:31:08.435+0000] {dag.py:3954} INFO - Setting next_dagrun for produce_json to 2026-09-09 14:00:00+00:00, run_after=2026-09-10 14:00:00+00:00
[2026-09-09T09:31:08.466+0000] {logging_mixin.py:188} INFO - [2026-09-09T09:31:08.466+0000] {dag.py:3954} INFO - Setting next_dagrun for update_db to None, run_after=None
[2026-09-09T09:31:09.031+0000] {processor.py:183} INFO - Processing /opt/airflow/dags/main.py took 8.394 seconds
[2026-09-09T09:31:46.299+0000] {processor.py:161} INFO - Started process (PID=1743) to work on /opt/airflow/dags/main.py
[2026-09-09T09:31:46.330+0000] {processor.py:830} INFO - Processing file /opt/airflow/dags/main.py for tasks to queue
[2026-09-09T09:31:46.393+0000] {logging_mixin.py:188} INFO - [2026-09-09T09:31:46.369+0000] {dagbag.py:545} INFO - Filling up the DagBag from /opt/airflow/dags/main.py
[2026-09-09T09:31:47.642+0000] {logging_mixin.py:188} INFO - channel id is not executed
[2026-09-09T09:31:50.154+0000] {processor.py:840} INFO - DAG(s) 'update_db', 'produce_json', 'data_quality' retrieved from /opt/airflow/dags/main.py
[2026-09-09T09:31:54.539+0000] {logging_mixin.py:188} INFO - [2026-09-09T09:31:54.538+0000] {dag.py:3096} INFO - Sync 3 DAGs
[2026-09-09T09:31:55.632+0000] {logging_mixin.py:188} INFO - [2026-09-09T09:31:55.624+0000] {dag.py:3954} INFO - Setting next_dagrun for data_quality to None, run_after=None
[2026-09-09T09:31:55.693+0000] {logging_mixin.py:188} INFO - [2026-09-09T09:31:55.682+0000] {dag.py:3954} INFO - Setting next_dagrun for produce_json to 2026-09-09 14:00:00+00:00, run_after=2026-09-10 14:00:00+00:00
[2026-09-09T09:31:55.717+0000] {logging_mixin.py:188} INFO - [2026-09-09T09:31:55.716+0000] {dag.py:3954} INFO - Setting next_dagrun for update_db to None, run_after=None
[2026-09-09T09:31:56.104+0000] {processor.py:183} INFO - Processing /opt/airflow/dags/main.py took 10.017 seconds
[2026-09-09T09:32:31.102+0000] {processor.py:161} INFO - Started process (PID=1751) to work on /opt/airflow/dags/main.py
[2026-09-09T09:32:31.440+0000] {processor.py:830} INFO - Processing file /opt/airflow/dags/main.py for tasks to queue
[2026-09-09T09:32:31.530+0000] {logging_mixin.py:188} INFO - [2026-09-09T09:32:31.529+0000] {dagbag.py:545} INFO - Filling up the DagBag from /opt/airflow/dags/main.py
[2026-09-09T09:32:34.810+0000] {logging_mixin.py:188} INFO - channel id is not executed
[2026-09-09T09:32:43.793+0000] {processor.py:840} INFO - DAG(s) 'data_quality', 'update_db', 'produce_json' retrieved from /opt/airflow/dags/main.py
[2026-09-09T09:33:00.504+0000] {logging_mixin.py:188} INFO - [2026-09-09T09:33:00.492+0000] {dag.py:3096} INFO - Sync 3 DAGs
[2026-09-09T09:33:01.100+0000] {logging_mixin.py:188} INFO - [2026-09-09T09:33:01.099+0000] {dag.py:3954} INFO - Setting next_dagrun for data_quality to None, run_after=None
[2026-09-09T09:33:01.231+0000] {logging_mixin.py:188} INFO - [2026-09-09T09:33:01.228+0000] {dag.py:3954} INFO - Setting next_dagrun for produce_json to 2026-09-09 14:00:00+00:00, run_after=2026-09-10 14:00:00+00:00
[2026-09-09T09:33:01.264+0000] {logging_mixin.py:188} INFO - [2026-09-09T09:33:01.264+0000] {dag.py:3954} INFO - Setting next_dagrun for update_db to None, run_after=None
[2026-09-09T09:33:01.823+0000] {processor.py:183} INFO - Processing /opt/airflow/dags/main.py took 31.456 seconds
[2026-09-09T09:33:33.066+0000] {processor.py:161} INFO - Started process (PID=1765) to work on /opt/airflow/dags/main.py
[2026-09-09T09:33:33.075+0000] {processor.py:830} INFO - Processing file /opt/airflow/dags/main.py for tasks to queue
[2026-09-09T09:33:33.082+0000] {logging_mixin.py:188} INFO - [2026-09-09T09:33:33.079+0000] {dagbag.py:545} INFO - Filling up the DagBag from /opt/airflow/dags/main.py
[2026-09-09T09:33:33.566+0000] {logging_mixin.py:188} INFO - channel id is not executed
[2026-09-09T09:33:34.003+0000] {processor.py:840} INFO - DAG(s) 'produce_json', 'update_db', 'data_quality' retrieved from /opt/airflow/dags/main.py
[2026-09-09T09:33:34.627+0000] {logging_mixin.py:188} INFO - [2026-09-09T09:33:34.626+0000] {dag.py:3096} INFO - Sync 3 DAGs
[2026-09-09T09:33:34.768+0000] {logging_mixin.py:188} INFO - [2026-09-09T09:33:34.768+0000] {dag.py:3954} INFO - Setting next_dagrun for data_quality to None, run_after=None
[2026-09-09T09:33:34.833+0000] {logging_mixin.py:188} INFO - [2026-09-09T09:33:34.822+0000] {dag.py:3954} INFO - Setting next_dagrun for produce_json to 2026-09-09 14:00:00+00:00, run_after=2026-09-10 14:00:00+00:00
[2026-09-09T09:33:34.872+0000] {logging_mixin.py:188} INFO - [2026-09-09T09:33:34.872+0000] {dag.py:3954} INFO - Setting next_dagrun for update_db to None, run_after=None
[2026-09-09T09:33:35.018+0000] {processor.py:183} INFO - Processing /opt/airflow/dags/main.py took 1.991 seconds
[2026-09-09T09:34:05.511+0000] {processor.py:161} INFO - Started process (PID=1771) to work on /opt/airflow/dags/main.py
[2026-09-09T09:34:05.514+0000] {processor.py:830} INFO - Processing file /opt/airflow/dags/main.py for tasks to queue
[2026-09-09T09:34:05.518+0000] {logging_mixin.py:188} INFO - [2026-09-09T09:34:05.517+0000] {dagbag.py:545} INFO - Filling up the DagBag from /opt/airflow/dags/main.py
[2026-09-09T09:34:05.625+0000] {logging_mixin.py:188} INFO - channel id is not executed
[2026-09-09T09:34:05.812+0000] {processor.py:840} INFO - DAG(s) 'update_db', 'produce_json', 'data_quality' retrieved from /opt/airflow/dags/main.py
[2026-09-09T09:34:06.115+0000] {logging_mixin.py:188} INFO - [2026-09-09T09:34:06.114+0000] {dag.py:3096} INFO - Sync 3 DAGs
[2026-09-09T09:34:06.164+0000] {logging_mixin.py:188} INFO - [2026-09-09T09:34:06.163+0000] {dag.py:3954} INFO - Setting next_dagrun for data_quality to None, run_after=None
[2026-09-09T09:34:06.176+0000] {logging_mixin.py:188} INFO - [2026-09-09T09:34:06.175+0000] {dag.py:3954} INFO - Setting next_dagrun for produce_json to 2026-09-09 14:00:00+00:00, run_after=2026-09-10 14:00:00+00:00
[2026-09-09T09:34:06.182+0000] {logging_mixin.py:188} INFO - [2026-09-09T09:34:06.181+0000] {dag.py:3954} INFO - Setting next_dagrun for update_db to None, run_after=None
[2026-09-09T09:34:06.255+0000] {processor.py:183} INFO - Processing /opt/airflow/dags/main.py took 0.759 seconds
[2026-09-09T09:34:36.587+0000] {processor.py:161} INFO - Started process (PID=1778) to work on /opt/airflow/dags/main.py
[2026-09-09T09:34:36.591+0000] {processor.py:830} INFO - Processing file /opt/airflow/dags/main.py for tasks to queue
[2026-09-09T09:34:36.596+0000] {logging_mixin.py:188} INFO - [2026-09-09T09:34:36.595+0000] {dagbag.py:545} INFO - Filling up the DagBag from /opt/airflow/dags/main.py
[2026-09-09T09:34:36.716+0000] {logging_mixin.py:188} INFO - channel id is not executed
[2026-09-09T09:34:36.947+0000] {processor.py:840} INFO - DAG(s) 'produce_json', 'data_quality', 'update_db' retrieved from /opt/airflow/dags/main.py
[2026-09-09T09:34:37.312+0000] {logging_mixin.py:188} INFO - [2026-09-09T09:34:37.311+0000] {dag.py:3096} INFO - Sync 3 DAGs
[2026-09-09T09:34:37.367+0000] {logging_mixin.py:188} INFO - [2026-09-09T09:34:37.366+0000] {dag.py:3954} INFO - Setting next_dagrun for data_quality to None, run_after=None
[2026-09-09T09:34:37.379+0000] {logging_mixin.py:188} INFO - [2026-09-09T09:34:37.378+0000] {dag.py:3954} INFO - Setting next_dagrun for produce_json to 2026-09-09 14:00:00+00:00, run_after=2026-09-10 14:00:00+00:00
[2026-09-09T09:34:37.385+0000] {logging_mixin.py:188} INFO - [2026-09-09T09:34:37.384+0000] {dag.py:3954} INFO - Setting next_dagrun for update_db to None, run_after=None
[2026-09-09T09:34:37.445+0000] {processor.py:183} INFO - Processing /opt/airflow/dags/main.py took 0.894 seconds
[2026-09-09T09:35:08.182+0000] {processor.py:161} INFO - Started process (PID=1785) to work on /opt/airflow/dags/main.py
[2026-09-09T09:35:08.189+0000] {processor.py:830} INFO - Processing file /opt/airflow/dags/main.py for tasks to queue
[2026-09-09T09:35:08.196+0000] {logging_mixin.py:188} INFO - [2026-09-09T09:35:08.195+0000] {dagbag.py:545} INFO - Filling up the DagBag from /opt/airflow/dags/main.py
[2026-09-09T09:35:08.582+0000] {logging_mixin.py:188} INFO - channel id is not executed
[2026-09-09T09:35:09.378+0000] {processor.py:840} INFO - DAG(s) 'update_db', 'produce_json', 'data_quality' retrieved from /opt/airflow/dags/main.py
[2026-09-09T09:35:10.247+0000] {logging_mixin.py:188} INFO - [2026-09-09T09:35:10.246+0000] {dag.py:3096} INFO - Sync 3 DAGs
[2026-09-09T09:35:10.373+0000] {logging_mixin.py:188} INFO - [2026-09-09T09:35:10.372+0000] {dag.py:3954} INFO - Setting next_dagrun for data_quality to None, run_after=None
[2026-09-09T09:35:10.406+0000] {logging_mixin.py:188} INFO - [2026-09-09T09:35:10.405+0000] {dag.py:3954} INFO - Setting next_dagrun for produce_json to 2026-09-09 14:00:00+00:00, run_after=2026-09-10 14:00:00+00:00
[2026-09-09T09:35:10.423+0000] {logging_mixin.py:188} INFO - [2026-09-09T09:35:10.422+0000] {dag.py:3954} INFO - Setting next_dagrun for update_db to None, run_after=None
[2026-09-09T09:35:10.578+0000] {processor.py:183} INFO - Processing /opt/airflow/dags/main.py took 2.438 seconds
[2026-09-09T09:35:40.875+0000] {processor.py:161} INFO - Started process (PID=1792) to work on /opt/airflow/dags/main.py
[2026-09-09T09:35:40.878+0000] {processor.py:830} INFO - Processing file /opt/airflow/dags/main.py for tasks to queue
[2026-09-09T09:35:40.884+0000] {logging_mixin.py:188} INFO - [2026-09-09T09:35:40.883+0000] {dagbag.py:545} INFO - Filling up the DagBag from /opt/airflow/dags/main.py
[2026-09-09T09:35:41.049+0000] {logging_mixin.py:188} INFO - channel id is not executed
[2026-09-09T09:35:41.343+0000] {processor.py:840} INFO - DAG(s) 'update_db', 'produce_json', 'data_quality' retrieved from /opt/airflow/dags/main.py
[2026-09-09T09:35:41.735+0000] {logging_mixin.py:188} INFO - [2026-09-09T09:35:41.734+0000] {dag.py:3096} INFO - Sync 3 DAGs
[2026-09-09T09:35:41.789+0000] {logging_mixin.py:188} INFO - [2026-09-09T09:35:41.788+0000] {dag.py:3954} INFO - Setting next_dagrun for data_quality to None, run_after=None
[2026-09-09T09:35:41.802+0000] {logging_mixin.py:188} INFO - [2026-09-09T09:35:41.801+0000] {dag.py:3954} INFO - Setting next_dagrun for produce_json to 2026-09-09 14:00:00+00:00, run_after=2026-09-10 14:00:00+00:00
[2026-09-09T09:35:41.826+0000] {logging_mixin.py:188} INFO - [2026-09-09T09:35:41.825+0000] {dag.py:3954} INFO - Setting next_dagrun for update_db to None, run_after=None
[2026-09-09T09:35:41.901+0000] {processor.py:183} INFO - Processing /opt/airflow/dags/main.py took 1.041 seconds
[2026-09-09T09:36:12.656+0000] {processor.py:161} INFO - Started process (PID=1799) to work on /opt/airflow/dags/main.py
[2026-09-09T09:36:12.680+0000] {processor.py:830} INFO - Processing file /opt/airflow/dags/main.py for tasks to queue
[2026-09-09T09:36:12.700+0000] {logging_mixin.py:188} INFO - [2026-09-09T09:36:12.700+0000] {dagbag.py:545} INFO - Filling up the DagBag from /opt/airflow/dags/main.py
[2026-09-09T09:36:12.943+0000] {logging_mixin.py:188} INFO - channel id is not executed
[2026-09-09T09:36:13.526+0000] {processor.py:840} INFO - DAG(s) 'data_quality', 'update_db', 'produce_json' retrieved from /opt/airflow/dags/main.py
[2026-09-09T09:36:14.067+0000] {logging_mixin.py:188} INFO - [2026-09-09T09:36:14.067+0000] {dag.py:3096} INFO - Sync 3 DAGs
[2026-09-09T09:36:14.140+0000] {logging_mixin.py:188} INFO - [2026-09-09T09:36:14.139+0000] {dag.py:3954} INFO - Setting next_dagrun for data_quality to None, run_after=None
[2026-09-09T09:36:14.154+0000] {logging_mixin.py:188} INFO - [2026-09-09T09:36:14.154+0000] {dag.py:3954} INFO - Setting next_dagrun for produce_json to 2026-09-09 14:00:00+00:00, run_after=2026-09-10 14:00:00+00:00
[2026-09-09T09:36:14.160+0000] {logging_mixin.py:188} INFO - [2026-09-09T09:36:14.160+0000] {dag.py:3954} INFO - Setting next_dagrun for update_db to None, run_after=None
[2026-09-09T09:36:14.270+0000] {processor.py:183} INFO - Processing /opt/airflow/dags/main.py took 1.637 seconds
[2026-09-09T09:36:44.745+0000] {processor.py:161} INFO - Started process (PID=1805) to work on /opt/airflow/dags/main.py
[2026-09-09T09:36:44.748+0000] {processor.py:830} INFO - Processing file /opt/airflow/dags/main.py for tasks to queue
[2026-09-09T09:36:44.752+0000] {logging_mixin.py:188} INFO - [2026-09-09T09:36:44.751+0000] {dagbag.py:545} INFO - Filling up the DagBag from /opt/airflow/dags/main.py
[2026-09-09T09:36:44.854+0000] {logging_mixin.py:188} INFO - channel id is not executed
[2026-09-09T09:36:45.072+0000] {processor.py:840} INFO - DAG(s) 'update_db', 'data_quality', 'produce_json' retrieved from /opt/airflow/dags/main.py
[2026-09-09T09:36:45.416+0000] {logging_mixin.py:188} INFO - [2026-09-09T09:36:45.415+0000] {dag.py:3096} INFO - Sync 3 DAGs
[2026-09-09T09:36:45.494+0000] {logging_mixin.py:188} INFO - [2026-09-09T09:36:45.493+0000] {dag.py:3954} INFO - Setting next_dagrun for data_quality to None, run_after=None
[2026-09-09T09:36:45.509+0000] {logging_mixin.py:188} INFO - [2026-09-09T09:36:45.508+0000] {dag.py:3954} INFO - Setting next_dagrun for produce_json to 2026-09-09 14:00:00+00:00, run_after=2026-09-10 14:00:00+00:00
[2026-09-09T09:36:45.515+0000] {logging_mixin.py:188} INFO - [2026-09-09T09:36:45.515+0000] {dag.py:3954} INFO - Setting next_dagrun for update_db to None, run_after=None
[2026-09-09T09:36:45.593+0000] {processor.py:183} INFO - Processing /opt/airflow/dags/main.py took 0.862 seconds
[2026-09-09T09:37:16.636+0000] {processor.py:161} INFO - Started process (PID=1813) to work on /opt/airflow/dags/main.py
[2026-09-09T09:37:16.640+0000] {processor.py:830} INFO - Processing file /opt/airflow/dags/main.py for tasks to queue
[2026-09-09T09:37:16.645+0000] {logging_mixin.py:188} INFO - [2026-09-09T09:37:16.644+0000] {dagbag.py:545} INFO - Filling up the DagBag from /opt/airflow/dags/main.py
[2026-09-09T09:37:16.818+0000] {logging_mixin.py:188} INFO - channel id is not executed
[2026-09-09T09:37:16.989+0000] {processor.py:840} INFO - DAG(s) 'produce_json', 'update_db', 'data_quality' retrieved from /opt/airflow/dags/main.py
[2026-09-09T09:37:17.312+0000] {logging_mixin.py:188} INFO - [2026-09-09T09:37:17.311+0000] {dag.py:3096} INFO - Sync 3 DAGs
[2026-09-09T09:37:17.413+0000] {logging_mixin.py:188} INFO - [2026-09-09T09:37:17.412+0000] {dag.py:3954} INFO - Setting next_dagrun for data_quality to None, run_after=None
[2026-09-09T09:37:17.441+0000] {logging_mixin.py:188} INFO - [2026-09-09T09:37:17.440+0000] {dag.py:3954} INFO - Setting next_dagrun for produce_json to 2026-09-09 14:00:00+00:00, run_after=2026-09-10 14:00:00+00:00
[2026-09-09T09:37:17.460+0000] {logging_mixin.py:188} INFO - [2026-09-09T09:37:17.459+0000] {dag.py:3954} INFO - Setting next_dagrun for update_db to None, run_after=None
[2026-09-09T09:37:17.519+0000] {processor.py:183} INFO - Processing /opt/airflow/dags/main.py took 0.894 seconds
[2026-09-09T09:37:48.532+0000] {processor.py:161} INFO - Started process (PID=1820) to work on /opt/airflow/dags/main.py
[2026-09-09T09:37:48.537+0000] {processor.py:830} INFO - Processing file /opt/airflow/dags/main.py for tasks to queue
[2026-09-09T09:37:48.542+0000] {logging_mixin.py:188} INFO - [2026-09-09T09:37:48.540+0000] {dagbag.py:545} INFO - Filling up the DagBag from /opt/airflow/dags/main.py
[2026-09-09T09:37:48.680+0000] {logging_mixin.py:188} INFO - channel id is not executed
[2026-09-09T09:37:48.981+0000] {processor.py:840} INFO - DAG(s) 'update_db', 'produce_json', 'data_quality' retrieved from /opt/airflow/dags/main.py
[2026-09-09T09:37:49.402+0000] {logging_mixin.py:188} INFO - [2026-09-09T09:37:49.402+0000] {dag.py:3096} INFO - Sync 3 DAGs
[2026-09-09T09:37:49.456+0000] {logging_mixin.py:188} INFO - [2026-09-09T09:37:49.456+0000] {dag.py:3954} INFO - Setting next_dagrun for data_quality to None, run_after=None
[2026-09-09T09:37:49.471+0000] {logging_mixin.py:188} INFO - [2026-09-09T09:37:49.470+0000] {dag.py:3954} INFO - Setting next_dagrun for produce_json to 2026-09-09 14:00:00+00:00, run_after=2026-09-10 14:00:00+00:00
[2026-09-09T09:37:49.477+0000] {logging_mixin.py:188} INFO - [2026-09-09T09:37:49.476+0000] {dag.py:3954} INFO - Setting next_dagrun for update_db to None, run_after=None
[2026-09-09T09:37:49.544+0000] {processor.py:183} INFO - Processing /opt/airflow/dags/main.py took 1.033 seconds
[2026-09-09T09:38:20.342+0000] {processor.py:161} INFO - Started process (PID=1826) to work on /opt/airflow/dags/main.py
[2026-09-09T09:38:20.347+0000] {processor.py:830} INFO - Processing file /opt/airflow/dags/main.py for tasks to queue
[2026-09-09T09:38:20.364+0000] {logging_mixin.py:188} INFO - [2026-09-09T09:38:20.363+0000] {dagbag.py:545} INFO - Filling up the DagBag from /opt/airflow/dags/main.py
[2026-09-09T09:38:20.563+0000] {logging_mixin.py:188} INFO - channel id is not executed
[2026-09-09T09:38:20.744+0000] {processor.py:840} INFO - DAG(s) 'data_quality', 'produce_json', 'update_db' retrieved from /opt/airflow/dags/main.py
[2026-09-09T09:38:21.099+0000] {logging_mixin.py:188} INFO - [2026-09-09T09:38:21.098+0000] {dag.py:3096} INFO - Sync 3 DAGs
[2026-09-09T09:38:21.181+0000] {logging_mixin.py:188} INFO - [2026-09-09T09:38:21.181+0000] {dag.py:3954} INFO - Setting next_dagrun for data_quality to None, run_after=None
[2026-09-09T09:38:21.197+0000] {logging_mixin.py:188} INFO - [2026-09-09T09:38:21.197+0000] {dag.py:3954} INFO - Setting next_dagrun for produce_json to 2026-09-09 14:00:00+00:00, run_after=2026-09-10 14:00:00+00:00
[2026-09-09T09:38:21.217+0000] {logging_mixin.py:188} INFO - [2026-09-09T09:38:21.216+0000] {dag.py:3954} INFO - Setting next_dagrun for update_db to None, run_after=None
[2026-09-09T09:38:21.400+0000] {processor.py:183} INFO - Processing /opt/airflow/dags/main.py took 1.076 seconds
[2026-09-09T09:38:52.375+0000] {processor.py:161} INFO - Started process (PID=1832) to work on /opt/airflow/dags/main.py
[2026-09-09T09:38:52.380+0000] {processor.py:830} INFO - Processing file /opt/airflow/dags/main.py for tasks to queue
[2026-09-09T09:38:52.398+0000] {logging_mixin.py:188} INFO - [2026-09-09T09:38:52.393+0000] {dagbag.py:545} INFO - Filling up the DagBag from /opt/airflow/dags/main.py
[2026-09-09T09:38:52.565+0000] {logging_mixin.py:188} INFO - channel id is not executed
[2026-09-09T09:38:52.715+0000] {processor.py:840} INFO - DAG(s) 'data_quality', 'update_db', 'produce_json' retrieved from /opt/airflow/dags/main.py
[2026-09-09T09:38:53.018+0000] {logging_mixin.py:188} INFO - [2026-09-09T09:38:53.018+0000] {dag.py:3096} INFO - Sync 3 DAGs
[2026-09-09T09:38:53.067+0000] {logging_mixin.py:188} INFO - [2026-09-09T09:38:53.066+0000] {dag.py:3954} INFO - Setting next_dagrun for data_quality to None, run_after=None
[2026-09-09T09:38:53.080+0000] {logging_mixin.py:188} INFO - [2026-09-09T09:38:53.080+0000] {dag.py:3954} INFO - Setting next_dagrun for produce_json to 2026-09-09 14:00:00+00:00, run_after=2026-09-10 14:00:00+00:00
[2026-09-09T09:38:53.086+0000] {logging_mixin.py:188} INFO - [2026-09-09T09:38:53.085+0000] {dag.py:3954} INFO - Setting next_dagrun for update_db to None, run_after=None
[2026-09-09T09:38:53.194+0000] {processor.py:183} INFO - Processing /opt/airflow/dags/main.py took 0.989 seconds
[2026-09-09T09:39:24.110+0000] {processor.py:161} INFO - Started process (PID=1839) to work on /opt/airflow/dags/main.py
[2026-09-09T09:39:24.119+0000] {processor.py:830} INFO - Processing file /opt/airflow/dags/main.py for tasks to queue
[2026-09-09T09:39:24.127+0000] {logging_mixin.py:188} INFO - [2026-09-09T09:39:24.126+0000] {dagbag.py:545} INFO - Filling up the DagBag from /opt/airflow/dags/main.py
[2026-09-09T09:39:24.722+0000] {logging_mixin.py:188} INFO - channel id is not executed
[2026-09-09T09:39:25.064+0000] {processor.py:840} INFO - DAG(s) 'update_db', 'data_quality', 'produce_json' retrieved from /opt/airflow/dags/main.py
[2026-09-09T09:39:25.443+0000] {logging_mixin.py:188} INFO - [2026-09-09T09:39:25.443+0000] {dag.py:3096} INFO - Sync 3 DAGs
[2026-09-09T09:39:25.526+0000] {logging_mixin.py:188} INFO - [2026-09-09T09:39:25.525+0000] {dag.py:3954} INFO - Setting next_dagrun for data_quality to None, run_after=None
[2026-09-09T09:39:25.574+0000] {logging_mixin.py:188} INFO - [2026-09-09T09:39:25.573+0000] {dag.py:3954} INFO - Setting next_dagrun for produce_json to 2026-09-09 14:00:00+00:00, run_after=2026-09-10 14:00:00+00:00
[2026-09-09T09:39:25.589+0000] {logging_mixin.py:188} INFO - [2026-09-09T09:39:25.589+0000] {dag.py:3954} INFO - Setting next_dagrun for update_db to None, run_after=None
[2026-09-09T09:39:25.704+0000] {processor.py:183} INFO - Processing /opt/airflow/dags/main.py took 1.657 seconds
[2026-09-09T09:39:56.443+0000] {processor.py:161} INFO - Started process (PID=1846) to work on /opt/airflow/dags/main.py
[2026-09-09T09:39:56.447+0000] {processor.py:830} INFO - Processing file /opt/airflow/dags/main.py for tasks to queue
[2026-09-09T09:39:56.452+0000] {logging_mixin.py:188} INFO - [2026-09-09T09:39:56.451+0000] {dagbag.py:545} INFO - Filling up the DagBag from /opt/airflow/dags/main.py
[2026-09-09T09:39:56.654+0000] {logging_mixin.py:188} INFO - channel id is not executed
[2026-09-09T09:39:56.940+0000] {processor.py:840} INFO - DAG(s) 'produce_json', 'update_db', 'data_quality' retrieved from /opt/airflow/dags/main.py
[2026-09-09T09:39:57.338+0000] {logging_mixin.py:188} INFO - [2026-09-09T09:39:57.334+0000] {dag.py:3096} INFO - Sync 3 DAGs
[2026-09-09T09:39:57.400+0000] {logging_mixin.py:188} INFO - [2026-09-09T09:39:57.399+0000] {dag.py:3954} INFO - Setting next_dagrun for data_quality to None, run_after=None
[2026-09-09T09:39:57.413+0000] {logging_mixin.py:188} INFO - [2026-09-09T09:39:57.413+0000] {dag.py:3954} INFO - Setting next_dagrun for produce_json to 2026-09-09 14:00:00+00:00, run_after=2026-09-10 14:00:00+00:00
[2026-09-09T09:39:57.422+0000] {logging_mixin.py:188} INFO - [2026-09-09T09:39:57.421+0000] {dag.py:3954} INFO - Setting next_dagrun for update_db to None, run_after=None
[2026-09-09T09:39:57.516+0000] {processor.py:183} INFO - Processing /opt/airflow/dags/main.py took 1.089 seconds
[2026-09-09T09:40:28.349+0000] {processor.py:161} INFO - Started process (PID=1860) to work on /opt/airflow/dags/main.py
[2026-09-09T09:40:28.353+0000] {processor.py:830} INFO - Processing file /opt/airflow/dags/main.py for tasks to queue
[2026-09-09T09:40:28.359+0000] {logging_mixin.py:188} INFO - [2026-09-09T09:40:28.357+0000] {dagbag.py:545} INFO - Filling up the DagBag from /opt/airflow/dags/main.py
[2026-09-09T09:40:28.478+0000] {logging_mixin.py:188} INFO - channel id is not executed
[2026-09-09T09:40:28.669+0000] {processor.py:840} INFO - DAG(s) 'update_db', 'data_quality', 'produce_json' retrieved from /opt/airflow/dags/main.py
[2026-09-09T09:40:29.033+0000] {logging_mixin.py:188} INFO - [2026-09-09T09:40:29.033+0000] {dag.py:3096} INFO - Sync 3 DAGs
[2026-09-09T09:40:29.136+0000] {logging_mixin.py:188} INFO - [2026-09-09T09:40:29.135+0000] {dag.py:3954} INFO - Setting next_dagrun for data_quality to None, run_after=None
[2026-09-09T09:40:29.153+0000] {logging_mixin.py:188} INFO - [2026-09-09T09:40:29.153+0000] {dag.py:3954} INFO - Setting next_dagrun for produce_json to 2026-09-09 14:00:00+00:00, run_after=2026-09-10 14:00:00+00:00
[2026-09-09T09:40:29.161+0000] {logging_mixin.py:188} INFO - [2026-09-09T09:40:29.160+0000] {dag.py:3954} INFO - Setting next_dagrun for update_db to None, run_after=None
[2026-09-09T09:40:29.280+0000] {processor.py:183} INFO - Processing /opt/airflow/dags/main.py took 0.948 seconds
[2026-09-09T09:40:59.844+0000] {processor.py:161} INFO - Started process (PID=1867) to work on /opt/airflow/dags/main.py
[2026-09-09T09:40:59.858+0000] {processor.py:830} INFO - Processing file /opt/airflow/dags/main.py for tasks to queue
[2026-09-09T09:40:59.862+0000] {logging_mixin.py:188} INFO - [2026-09-09T09:40:59.861+0000] {dagbag.py:545} INFO - Filling up the DagBag from /opt/airflow/dags/main.py
[2026-09-09T09:41:00.414+0000] {logging_mixin.py:188} INFO - channel id is not executed
[2026-09-09T09:41:01.015+0000] {processor.py:840} INFO - DAG(s) 'update_db', 'data_quality', 'produce_json' retrieved from /opt/airflow/dags/main.py
[2026-09-09T09:41:02.167+0000] {logging_mixin.py:188} INFO - [2026-09-09T09:41:02.166+0000] {dag.py:3096} INFO - Sync 3 DAGs
[2026-09-09T09:41:02.231+0000] {logging_mixin.py:188} INFO - [2026-09-09T09:41:02.230+0000] {dag.py:3954} INFO - Setting next_dagrun for data_quality to None, run_after=None
[2026-09-09T09:41:02.260+0000] {logging_mixin.py:188} INFO - [2026-09-09T09:41:02.260+0000] {dag.py:3954} INFO - Setting next_dagrun for produce_json to 2026-09-09 14:00:00+00:00, run_after=2026-09-10 14:00:00+00:00
[2026-09-09T09:41:02.268+0000] {logging_mixin.py:188} INFO - [2026-09-09T09:41:02.267+0000] {dag.py:3954} INFO - Setting next_dagrun for update_db to None, run_after=None
[2026-09-09T09:41:02.328+0000] {processor.py:183} INFO - Processing /opt/airflow/dags/main.py took 2.522 seconds
[2026-09-09T09:41:32.528+0000] {processor.py:161} INFO - Started process (PID=1874) to work on /opt/airflow/dags/main.py
[2026-09-09T09:41:32.533+0000] {processor.py:830} INFO - Processing file /opt/airflow/dags/main.py for tasks to queue
[2026-09-09T09:41:32.538+0000] {logging_mixin.py:188} INFO - [2026-09-09T09:41:32.537+0000] {dagbag.py:545} INFO - Filling up the DagBag from /opt/airflow/dags/main.py
[2026-09-09T09:41:32.670+0000] {logging_mixin.py:188} INFO - channel id is not executed
[2026-09-09T09:41:32.896+0000] {processor.py:840} INFO - DAG(s) 'data_quality', 'produce_json', 'update_db' retrieved from /opt/airflow/dags/main.py
[2026-09-09T09:41:33.394+0000] {logging_mixin.py:188} INFO - [2026-09-09T09:41:33.393+0000] {dag.py:3096} INFO - Sync 3 DAGs
[2026-09-09T09:41:33.460+0000] {logging_mixin.py:188} INFO - [2026-09-09T09:41:33.459+0000] {dag.py:3954} INFO - Setting next_dagrun for data_quality to None, run_after=None
[2026-09-09T09:41:33.476+0000] {logging_mixin.py:188} INFO - [2026-09-09T09:41:33.475+0000] {dag.py:3954} INFO - Setting next_dagrun for produce_json to 2026-09-09 14:00:00+00:00, run_after=2026-09-10 14:00:00+00:00
[2026-09-09T09:41:33.482+0000] {logging_mixin.py:188} INFO - [2026-09-09T09:41:33.481+0000] {dag.py:3954} INFO - Setting next_dagrun for update_db to None, run_after=None
[2026-09-09T09:41:33.563+0000] {processor.py:183} INFO - Processing /opt/airflow/dags/main.py took 1.065 seconds
[2026-09-09T09:42:03.996+0000] {processor.py:161} INFO - Started process (PID=1881) to work on /opt/airflow/dags/main.py
[2026-09-09T09:42:04.000+0000] {processor.py:830} INFO - Processing file /opt/airflow/dags/main.py for tasks to queue
[2026-09-09T09:42:04.008+0000] {logging_mixin.py:188} INFO - [2026-09-09T09:42:04.007+0000] {dagbag.py:545} INFO - Filling up the DagBag from /opt/airflow/dags/main.py
[2026-09-09T09:42:04.360+0000] {logging_mixin.py:188} INFO - channel id is not executed
[2026-09-09T09:42:06.646+0000] {processor.py:840} INFO - DAG(s) 'produce_json', 'update_db', 'data_quality' retrieved from /opt/airflow/dags/main.py
[2026-09-09T09:42:12.957+0000] {logging_mixin.py:188} INFO - [2026-09-09T09:42:12.956+0000] {dag.py:3096} INFO - Sync 3 DAGs
[2026-09-09T09:42:13.186+0000] {logging_mixin.py:188} INFO - [2026-09-09T09:42:13.186+0000] {dag.py:3954} INFO - Setting next_dagrun for data_quality to None, run_after=None
[2026-09-09T09:42:13.251+0000] {logging_mixin.py:188} INFO - [2026-09-09T09:42:13.242+0000] {dag.py:3954} INFO - Setting next_dagrun for produce_json to 2026-09-09 14:00:00+00:00, run_after=2026-09-10 14:00:00+00:00
[2026-09-09T09:42:13.339+0000] {logging_mixin.py:188} INFO - [2026-09-09T09:42:13.338+0000] {dag.py:3954} INFO - Setting next_dagrun for update_db to None, run_after=None
[2026-09-09T09:42:13.512+0000] {processor.py:183} INFO - Processing /opt/airflow/dags/main.py took 9.550 seconds
[2026-09-09T09:42:44.287+0000] {processor.py:161} INFO - Started process (PID=1888) to work on /opt/airflow/dags/main.py
[2026-09-09T09:42:44.307+0000] {processor.py:830} INFO - Processing file /opt/airflow/dags/main.py for tasks to queue
[2026-09-09T09:42:44.321+0000] {logging_mixin.py:188} INFO - [2026-09-09T09:42:44.320+0000] {dagbag.py:545} INFO - Filling up the DagBag from /opt/airflow/dags/main.py
[2026-09-09T09:42:44.710+0000] {logging_mixin.py:188} INFO - channel id is not executed
[2026-09-09T09:42:45.204+0000] {processor.py:840} INFO - DAG(s) 'data_quality', 'update_db', 'produce_json' retrieved from /opt/airflow/dags/main.py
[2026-09-09T09:42:46.051+0000] {logging_mixin.py:188} INFO - [2026-09-09T09:42:46.050+0000] {dag.py:3096} INFO - Sync 3 DAGs
[2026-09-09T09:42:46.176+0000] {logging_mixin.py:188} INFO - [2026-09-09T09:42:46.175+0000] {dag.py:3954} INFO - Setting next_dagrun for data_quality to None, run_after=None
[2026-09-09T09:42:46.200+0000] {logging_mixin.py:188} INFO - [2026-09-09T09:42:46.199+0000] {dag.py:3954} INFO - Setting next_dagrun for produce_json to 2026-09-09 14:00:00+00:00, run_after=2026-09-10 14:00:00+00:00
[2026-09-09T09:42:46.211+0000] {logging_mixin.py:188} INFO - [2026-09-09T09:42:46.210+0000] {dag.py:3954} INFO - Setting next_dagrun for update_db to None, run_after=None
[2026-09-09T09:42:46.348+0000] {processor.py:183} INFO - Processing /opt/airflow/dags/main.py took 2.326 seconds
[2026-09-09T09:43:16.634+0000] {processor.py:161} INFO - Started process (PID=1894) to work on /opt/airflow/dags/main.py
[2026-09-09T09:43:16.643+0000] {processor.py:830} INFO - Processing file /opt/airflow/dags/main.py for tasks to queue
[2026-09-09T09:43:16.649+0000] {logging_mixin.py:188} INFO - [2026-09-09T09:43:16.648+0000] {dagbag.py:545} INFO - Filling up the DagBag from /opt/airflow/dags/main.py
[2026-09-09T09:43:16.853+0000] {logging_mixin.py:188} INFO - channel id is not executed
[2026-09-09T09:43:17.153+0000] {processor.py:840} INFO - DAG(s) 'update_db', 'produce_json', 'data_quality' retrieved from /opt/airflow/dags/main.py
[2026-09-09T09:43:17.581+0000] {logging_mixin.py:188} INFO - [2026-09-09T09:43:17.580+0000] {dag.py:3096} INFO - Sync 3 DAGs
[2026-09-09T09:43:17.706+0000] {logging_mixin.py:188} INFO - [2026-09-09T09:43:17.696+0000] {dag.py:3954} INFO - Setting next_dagrun for data_quality to None, run_after=None
[2026-09-09T09:43:17.795+0000] {logging_mixin.py:188} INFO - [2026-09-09T09:43:17.794+0000] {dag.py:3954} INFO - Setting next_dagrun for produce_json to 2026-09-09 14:00:00+00:00, run_after=2026-09-10 14:00:00+00:00
[2026-09-09T09:43:17.884+0000] {logging_mixin.py:188} INFO - [2026-09-09T09:43:17.884+0000] {dag.py:3954} INFO - Setting next_dagrun for update_db to None, run_after=None
[2026-09-09T09:43:18.032+0000] {processor.py:183} INFO - Processing /opt/airflow/dags/main.py took 1.412 seconds
[2026-09-09T09:43:48.466+0000] {processor.py:161} INFO - Started process (PID=1901) to work on /opt/airflow/dags/main.py
[2026-09-09T09:43:48.472+0000] {processor.py:830} INFO - Processing file /opt/airflow/dags/main.py for tasks to queue
[2026-09-09T09:43:48.478+0000] {logging_mixin.py:188} INFO - [2026-09-09T09:43:48.476+0000] {dagbag.py:545} INFO - Filling up the DagBag from /opt/airflow/dags/main.py
[2026-09-09T09:43:48.667+0000] {logging_mixin.py:188} INFO - channel id is not executed
[2026-09-09T09:43:49.129+0000] {processor.py:840} INFO - DAG(s) 'produce_json', 'update_db', 'data_quality' retrieved from /opt/airflow/dags/main.py
[2026-09-09T09:43:49.549+0000] {logging_mixin.py:188} INFO - [2026-09-09T09:43:49.548+0000] {dag.py:3096} INFO - Sync 3 DAGs
[2026-09-09T09:43:49.611+0000] {logging_mixin.py:188} INFO - [2026-09-09T09:43:49.610+0000] {dag.py:3954} INFO - Setting next_dagrun for data_quality to None, run_after=None
[2026-09-09T09:43:49.627+0000] {logging_mixin.py:188} INFO - [2026-09-09T09:43:49.623+0000] {dag.py:3954} INFO - Setting next_dagrun for produce_json to 2026-09-09 14:00:00+00:00, run_after=2026-09-10 14:00:00+00:00
[2026-09-09T09:43:49.644+0000] {logging_mixin.py:188} INFO - [2026-09-09T09:43:49.644+0000] {dag.py:3954} INFO - Setting next_dagrun for update_db to None, run_after=None
[2026-09-09T09:43:49.748+0000] {processor.py:183} INFO - Processing /opt/airflow/dags/main.py took 1.299 seconds
[2026-09-09T09:44:20.721+0000] {processor.py:161} INFO - Started process (PID=1908) to work on /opt/airflow/dags/main.py
[2026-09-09T09:44:20.739+0000] {processor.py:830} INFO - Processing file /opt/airflow/dags/main.py for tasks to queue
[2026-09-09T09:44:20.751+0000] {logging_mixin.py:188} INFO - [2026-09-09T09:44:20.751+0000] {dagbag.py:545} INFO - Filling up the DagBag from /opt/airflow/dags/main.py
[2026-09-09T09:44:20.943+0000] {logging_mixin.py:188} INFO - channel id is not executed
[2026-09-09T09:44:21.128+0000] {processor.py:840} INFO - DAG(s) 'produce_json', 'data_quality', 'update_db' retrieved from /opt/airflow/dags/main.py
[2026-09-09T09:44:21.570+0000] {logging_mixin.py:188} INFO - [2026-09-09T09:44:21.569+0000] {dag.py:3096} INFO - Sync 3 DAGs
[2026-09-09T09:44:21.630+0000] {logging_mixin.py:188} INFO - [2026-09-09T09:44:21.629+0000] {dag.py:3954} INFO - Setting next_dagrun for data_quality to None, run_after=None
[2026-09-09T09:44:21.643+0000] {logging_mixin.py:188} INFO - [2026-09-09T09:44:21.643+0000] {dag.py:3954} INFO - Setting next_dagrun for produce_json to 2026-09-09 14:00:00+00:00, run_after=2026-09-10 14:00:00+00:00
[2026-09-09T09:44:21.649+0000] {logging_mixin.py:188} INFO - [2026-09-09T09:44:21.648+0000] {dag.py:3954} INFO - Setting next_dagrun for update_db to None, run_after=None
[2026-09-09T09:44:21.735+0000] {processor.py:183} INFO - Processing /opt/airflow/dags/main.py took 1.046 seconds
[2026-09-09T09:44:52.597+0000] {processor.py:161} INFO - Started process (PID=1915) to work on /opt/airflow/dags/main.py
[2026-09-09T09:44:52.601+0000] {processor.py:830} INFO - Processing file /opt/airflow/dags/main.py for tasks to queue
[2026-09-09T09:44:52.606+0000] {logging_mixin.py:188} INFO - [2026-09-09T09:44:52.605+0000] {dagbag.py:545} INFO - Filling up the DagBag from /opt/airflow/dags/main.py
[2026-09-09T09:44:52.737+0000] {logging_mixin.py:188} INFO - channel id is not executed
[2026-09-09T09:44:52.927+0000] {processor.py:840} INFO - DAG(s) 'update_db', 'produce_json', 'data_quality' retrieved from /opt/airflow/dags/main.py
[2026-09-09T09:44:53.400+0000] {logging_mixin.py:188} INFO - [2026-09-09T09:44:53.399+0000] {dag.py:3096} INFO - Sync 3 DAGs
[2026-09-09T09:44:53.450+0000] {logging_mixin.py:188} INFO - [2026-09-09T09:44:53.449+0000] {dag.py:3954} INFO - Setting next_dagrun for data_quality to None, run_after=None
[2026-09-09T09:44:53.466+0000] {logging_mixin.py:188} INFO - [2026-09-09T09:44:53.466+0000] {dag.py:3954} INFO - Setting next_dagrun for produce_json to 2026-09-09 14:00:00+00:00, run_after=2026-09-10 14:00:00+00:00
[2026-09-09T09:44:53.473+0000] {logging_mixin.py:188} INFO - [2026-09-09T09:44:53.472+0000] {dag.py:3954} INFO - Setting next_dagrun for update_db to None, run_after=None
[2026-09-09T09:44:53.566+0000] {processor.py:183} INFO - Processing /opt/airflow/dags/main.py took 0.984 seconds
[2026-09-09T09:45:24.213+0000] {processor.py:161} INFO - Started process (PID=1922) to work on /opt/airflow/dags/main.py
[2026-09-09T09:45:24.224+0000] {processor.py:830} INFO - Processing file /opt/airflow/dags/main.py for tasks to queue
[2026-09-09T09:45:24.232+0000] {logging_mixin.py:188} INFO - [2026-09-09T09:45:24.229+0000] {dagbag.py:545} INFO - Filling up the DagBag from /opt/airflow/dags/main.py
[2026-09-09T09:45:24.415+0000] {logging_mixin.py:188} INFO - channel id is not executed
[2026-09-09T09:45:24.598+0000] {processor.py:840} INFO - DAG(s) 'data_quality', 'update_db', 'produce_json' retrieved from /opt/airflow/dags/main.py
[2026-09-09T09:45:24.936+0000] {logging_mixin.py:188} INFO - [2026-09-09T09:45:24.935+0000] {dag.py:3096} INFO - Sync 3 DAGs
[2026-09-09T09:45:24.998+0000] {logging_mixin.py:188} INFO - [2026-09-09T09:45:24.993+0000] {dag.py:3954} INFO - Setting next_dagrun for data_quality to None, run_after=None
[2026-09-09T09:45:25.019+0000] {logging_mixin.py:188} INFO - [2026-09-09T09:45:25.018+0000] {dag.py:3954} INFO - Setting next_dagrun for produce_json to 2026-09-09 14:00:00+00:00, run_after=2026-09-10 14:00:00+00:00
[2026-09-09T09:45:25.026+0000] {logging_mixin.py:188} INFO - [2026-09-09T09:45:25.025+0000] {dag.py:3954} INFO - Setting next_dagrun for update_db to None, run_after=None
[2026-09-09T09:45:25.099+0000] {processor.py:183} INFO - Processing /opt/airflow/dags/main.py took 0.904 seconds
[2026-09-09T09:45:55.229+0000] {processor.py:161} INFO - Started process (PID=1929) to work on /opt/airflow/dags/main.py
[2026-09-09T09:45:55.239+0000] {processor.py:830} INFO - Processing file /opt/airflow/dags/main.py for tasks to queue
[2026-09-09T09:45:55.245+0000] {logging_mixin.py:188} INFO - [2026-09-09T09:45:55.244+0000] {dagbag.py:545} INFO - Filling up the DagBag from /opt/airflow/dags/main.py
[2026-09-09T09:45:55.462+0000] {logging_mixin.py:188} INFO - channel id is not executed
[2026-09-09T09:45:55.894+0000] {processor.py:840} INFO - DAG(s) 'data_quality', 'update_db', 'produce_json' retrieved from /opt/airflow/dags/main.py
[2026-09-09T09:45:59.779+0000] {logging_mixin.py:188} INFO - [2026-09-09T09:45:59.778+0000] {dag.py:3096} INFO - Sync 3 DAGs
[2026-09-09T09:45:59.890+0000] {logging_mixin.py:188} INFO - [2026-09-09T09:45:59.888+0000] {dag.py:3954} INFO - Setting next_dagrun for data_quality to None, run_after=None
[2026-09-09T09:45:59.955+0000] {logging_mixin.py:188} INFO - [2026-09-09T09:45:59.955+0000] {dag.py:3954} INFO - Setting next_dagrun for produce_json to 2026-09-09 14:00:00+00:00, run_after=2026-09-10 14:00:00+00:00
[2026-09-09T09:45:59.964+0000] {logging_mixin.py:188} INFO - [2026-09-09T09:45:59.964+0000] {dag.py:3954} INFO - Setting next_dagrun for update_db to None, run_after=None
[2026-09-09T09:46:00.133+0000] {processor.py:183} INFO - Processing /opt/airflow/dags/main.py took 4.927 seconds
[2026-09-09T09:46:30.477+0000] {processor.py:161} INFO - Started process (PID=1941) to work on /opt/airflow/dags/main.py
[2026-09-09T09:46:30.509+0000] {processor.py:830} INFO - Processing file /opt/airflow/dags/main.py for tasks to queue
[2026-09-09T09:46:30.541+0000] {logging_mixin.py:188} INFO - [2026-09-09T09:46:30.535+0000] {dagbag.py:545} INFO - Filling up the DagBag from /opt/airflow/dags/main.py
[2026-09-09T09:46:30.780+0000] {logging_mixin.py:188} INFO - channel id is not executed
[2026-09-09T09:46:31.023+0000] {processor.py:840} INFO - DAG(s) 'produce_json', 'data_quality', 'update_db' retrieved from /opt/airflow/dags/main.py
[2026-09-09T09:46:31.794+0000] {logging_mixin.py:188} INFO - [2026-09-09T09:46:31.794+0000] {dag.py:3096} INFO - Sync 3 DAGs
[2026-09-09T09:46:32.188+0000] {logging_mixin.py:188} INFO - [2026-09-09T09:46:32.187+0000] {dag.py:3954} INFO - Setting next_dagrun for data_quality to None, run_after=None
[2026-09-09T09:46:32.257+0000] {logging_mixin.py:188} INFO - [2026-09-09T09:46:32.256+0000] {dag.py:3954} INFO - Setting next_dagrun for produce_json to 2026-09-09 14:00:00+00:00, run_after=2026-09-10 14:00:00+00:00
[2026-09-09T09:46:32.284+0000] {logging_mixin.py:188} INFO - [2026-09-09T09:46:32.283+0000] {dag.py:3954} INFO - Setting next_dagrun for update_db to None, run_after=None
[2026-09-09T09:46:32.382+0000] {processor.py:183} INFO - Processing /opt/airflow/dags/main.py took 2.023 seconds
[2026-09-09T09:47:03.447+0000] {processor.py:161} INFO - Started process (PID=1948) to work on /opt/airflow/dags/main.py
[2026-09-09T09:47:03.470+0000] {processor.py:830} INFO - Processing file /opt/airflow/dags/main.py for tasks to queue
[2026-09-09T09:47:03.476+0000] {logging_mixin.py:188} INFO - [2026-09-09T09:47:03.475+0000] {dagbag.py:545} INFO - Filling up the DagBag from /opt/airflow/dags/main.py
[2026-09-09T09:47:03.640+0000] {logging_mixin.py:188} INFO - channel id is not executed
[2026-09-09T09:47:03.830+0000] {processor.py:840} INFO - DAG(s) 'produce_json', 'update_db', 'data_quality' retrieved from /opt/airflow/dags/main.py
[2026-09-09T09:47:04.188+0000] {logging_mixin.py:188} INFO - [2026-09-09T09:47:04.187+0000] {dag.py:3096} INFO - Sync 3 DAGs
[2026-09-09T09:47:04.251+0000] {logging_mixin.py:188} INFO - [2026-09-09T09:47:04.248+0000] {dag.py:3954} INFO - Setting next_dagrun for data_quality to None, run_after=None
[2026-09-09T09:47:04.263+0000] {logging_mixin.py:188} INFO - [2026-09-09T09:47:04.262+0000] {dag.py:3954} INFO - Setting next_dagrun for produce_json to 2026-09-09 14:00:00+00:00, run_after=2026-09-10 14:00:00+00:00
[2026-09-09T09:47:04.269+0000] {logging_mixin.py:188} INFO - [2026-09-09T09:47:04.268+0000] {dag.py:3954} INFO - Setting next_dagrun for update_db to None, run_after=None
[2026-09-09T09:47:04.331+0000] {processor.py:183} INFO - Processing /opt/airflow/dags/main.py took 0.900 seconds
[2026-09-09T09:47:35.175+0000] {processor.py:161} INFO - Started process (PID=1955) to work on /opt/airflow/dags/main.py
[2026-09-09T09:47:35.179+0000] {processor.py:830} INFO - Processing file /opt/airflow/dags/main.py for tasks to queue
[2026-09-09T09:47:35.183+0000] {logging_mixin.py:188} INFO - [2026-09-09T09:47:35.182+0000] {dagbag.py:545} INFO - Filling up the DagBag from /opt/airflow/dags/main.py
[2026-09-09T09:47:35.326+0000] {logging_mixin.py:188} INFO - channel id is not executed
[2026-09-09T09:47:35.545+0000] {processor.py:840} INFO - DAG(s) 'data_quality', 'produce_json', 'update_db' retrieved from /opt/airflow/dags/main.py
[2026-09-09T09:47:35.917+0000] {logging_mixin.py:188} INFO - [2026-09-09T09:47:35.916+0000] {dag.py:3096} INFO - Sync 3 DAGs
[2026-09-09T09:47:35.981+0000] {logging_mixin.py:188} INFO - [2026-09-09T09:47:35.980+0000] {dag.py:3954} INFO - Setting next_dagrun for data_quality to None, run_after=None
[2026-09-09T09:47:35.993+0000] {logging_mixin.py:188} INFO - [2026-09-09T09:47:35.993+0000] {dag.py:3954} INFO - Setting next_dagrun for produce_json to 2026-09-09 14:00:00+00:00, run_after=2026-09-10 14:00:00+00:00
[2026-09-09T09:47:35.999+0000] {logging_mixin.py:188} INFO - [2026-09-09T09:47:35.999+0000] {dag.py:3954} INFO - Setting next_dagrun for update_db to None, run_after=None
[2026-09-09T09:47:36.075+0000] {processor.py:183} INFO - Processing /opt/airflow/dags/main.py took 0.920 seconds
[2026-09-09T09:48:07.014+0000] {processor.py:161} INFO - Started process (PID=1962) to work on /opt/airflow/dags/main.py
[2026-09-09T09:48:07.017+0000] {processor.py:830} INFO - Processing file /opt/airflow/dags/main.py for tasks to queue
[2026-09-09T09:48:07.021+0000] {logging_mixin.py:188} INFO - [2026-09-09T09:48:07.021+0000] {dagbag.py:545} INFO - Filling up the DagBag from /opt/airflow/dags/main.py
[2026-09-09T09:48:07.135+0000] {logging_mixin.py:188} INFO - channel id is not executed
[2026-09-09T09:48:07.351+0000] {processor.py:840} INFO - DAG(s) 'update_db', 'data_quality', 'produce_json' retrieved from /opt/airflow/dags/main.py
[2026-09-09T09:48:07.782+0000] {logging_mixin.py:188} INFO - [2026-09-09T09:48:07.781+0000] {dag.py:3096} INFO - Sync 3 DAGs
[2026-09-09T09:48:07.834+0000] {logging_mixin.py:188} INFO - [2026-09-09T09:48:07.833+0000] {dag.py:3954} INFO - Setting next_dagrun for data_quality to None, run_after=None
[2026-09-09T09:48:07.850+0000] {logging_mixin.py:188} INFO - [2026-09-09T09:48:07.849+0000] {dag.py:3954} INFO - Setting next_dagrun for produce_json to 2026-09-09 14:00:00+00:00, run_after=2026-09-10 14:00:00+00:00
[2026-09-09T09:48:07.859+0000] {logging_mixin.py:188} INFO - [2026-09-09T09:48:07.856+0000] {dag.py:3954} INFO - Setting next_dagrun for update_db to None, run_after=None
[2026-09-09T09:48:07.928+0000] {processor.py:183} INFO - Processing /opt/airflow/dags/main.py took 0.933 seconds
[2026-09-09T09:48:38.635+0000] {processor.py:161} INFO - Started process (PID=1969) to work on /opt/airflow/dags/main.py
[2026-09-09T09:48:38.639+0000] {processor.py:830} INFO - Processing file /opt/airflow/dags/main.py for tasks to queue
[2026-09-09T09:48:38.643+0000] {logging_mixin.py:188} INFO - [2026-09-09T09:48:38.642+0000] {dagbag.py:545} INFO - Filling up the DagBag from /opt/airflow/dags/main.py
[2026-09-09T09:48:38.773+0000] {logging_mixin.py:188} INFO - channel id is not executed
[2026-09-09T09:48:39.437+0000] {processor.py:840} INFO - DAG(s) 'update_db', 'produce_json', 'data_quality' retrieved from /opt/airflow/dags/main.py
[2026-09-09T09:48:39.802+0000] {logging_mixin.py:188} INFO - [2026-09-09T09:48:39.801+0000] {dag.py:3096} INFO - Sync 3 DAGs
[2026-09-09T09:48:39.856+0000] {logging_mixin.py:188} INFO - [2026-09-09T09:48:39.855+0000] {dag.py:3954} INFO - Setting next_dagrun for data_quality to None, run_after=None
[2026-09-09T09:48:39.869+0000] {logging_mixin.py:188} INFO - [2026-09-09T09:48:39.868+0000] {dag.py:3954} INFO - Setting next_dagrun for produce_json to 2026-09-09 14:00:00+00:00, run_after=2026-09-10 14:00:00+00:00
[2026-09-09T09:48:39.883+0000] {logging_mixin.py:188} INFO - [2026-09-09T09:48:39.882+0000] {dag.py:3954} INFO - Setting next_dagrun for update_db to None, run_after=None
[2026-09-09T09:48:39.955+0000] {processor.py:183} INFO - Processing /opt/airflow/dags/main.py took 1.336 seconds
[2026-09-09T09:49:10.399+0000] {processor.py:161} INFO - Started process (PID=1976) to work on /opt/airflow/dags/main.py
[2026-09-09T09:49:10.402+0000] {processor.py:830} INFO - Processing file /opt/airflow/dags/main.py for tasks to queue
[2026-09-09T09:49:10.406+0000] {logging_mixin.py:188} INFO - [2026-09-09T09:49:10.405+0000] {dagbag.py:545} INFO - Filling up the DagBag from /opt/airflow/dags/main.py
[2026-09-09T09:49:10.520+0000] {logging_mixin.py:188} INFO - channel id is not executed
[2026-09-09T09:49:10.708+0000] {processor.py:840} INFO - DAG(s) 'update_db', 'data_quality', 'produce_json' retrieved from /opt/airflow/dags/main.py
[2026-09-09T09:49:11.005+0000] {logging_mixin.py:188} INFO - [2026-09-09T09:49:11.004+0000] {dag.py:3096} INFO - Sync 3 DAGs
[2026-09-09T09:49:11.072+0000] {logging_mixin.py:188} INFO - [2026-09-09T09:49:11.071+0000] {dag.py:3954} INFO - Setting next_dagrun for data_quality to None, run_after=None
[2026-09-09T09:49:11.085+0000] {logging_mixin.py:188} INFO - [2026-09-09T09:49:11.085+0000] {dag.py:3954} INFO - Setting next_dagrun for produce_json to 2026-09-09 14:00:00+00:00, run_after=2026-09-10 14:00:00+00:00
[2026-09-09T09:49:11.092+0000] {logging_mixin.py:188} INFO - [2026-09-09T09:49:11.091+0000] {dag.py:3954} INFO - Setting next_dagrun for update_db to None, run_after=None
[2026-09-09T09:49:11.166+0000] {processor.py:183} INFO - Processing /opt/airflow/dags/main.py took 0.780 seconds
[2026-09-09T09:49:41.649+0000] {processor.py:161} INFO - Started process (PID=1982) to work on /opt/airflow/dags/main.py
[2026-09-09T09:49:41.654+0000] {processor.py:830} INFO - Processing file /opt/airflow/dags/main.py for tasks to queue
[2026-09-09T09:49:41.677+0000] {logging_mixin.py:188} INFO - [2026-09-09T09:49:41.676+0000] {dagbag.py:545} INFO - Filling up the DagBag from /opt/airflow/dags/main.py
[2026-09-09T09:49:43.210+0000] {logging_mixin.py:188} INFO - channel id is not executed
[2026-09-09T09:49:44.384+0000] {processor.py:840} INFO - DAG(s) 'update_db', 'data_quality', 'produce_json' retrieved from /opt/airflow/dags/main.py
[2026-09-09T09:49:46.528+0000] {logging_mixin.py:188} INFO - [2026-09-09T09:49:46.527+0000] {dag.py:3096} INFO - Sync 3 DAGs
[2026-09-09T09:49:47.014+0000] {logging_mixin.py:188} INFO - [2026-09-09T09:49:47.014+0000] {dag.py:3954} INFO - Setting next_dagrun for data_quality to None, run_after=None
[2026-09-09T09:49:47.045+0000] {logging_mixin.py:188} INFO - [2026-09-09T09:49:47.039+0000] {dag.py:3954} INFO - Setting next_dagrun for produce_json to 2026-09-09 14:00:00+00:00, run_after=2026-09-10 14:00:00+00:00
[2026-09-09T09:49:47.064+0000] {logging_mixin.py:188} INFO - [2026-09-09T09:49:47.063+0000] {dag.py:3954} INFO - Setting next_dagrun for update_db to None, run_after=None
[2026-09-09T09:49:47.387+0000] {processor.py:183} INFO - Processing /opt/airflow/dags/main.py took 5.785 seconds
[2026-09-09T09:50:19.357+0000] {processor.py:161} INFO - Started process (PID=1989) to work on /opt/airflow/dags/main.py
[2026-09-09T09:50:19.501+0000] {processor.py:830} INFO - Processing file /opt/airflow/dags/main.py for tasks to queue
[2026-09-09T09:50:19.565+0000] {logging_mixin.py:188} INFO - [2026-09-09T09:50:19.546+0000] {dagbag.py:545} INFO - Filling up the DagBag from /opt/airflow/dags/main.py
[2026-09-09T09:50:22.412+0000] {logging_mixin.py:188} INFO - channel id is not executed
[2026-09-09T09:50:24.049+0000] {processor.py:840} INFO - DAG(s) 'data_quality', 'produce_json', 'update_db' retrieved from /opt/airflow/dags/main.py
[2026-09-09T09:50:31.265+0000] {logging_mixin.py:188} INFO - [2026-09-09T09:50:31.264+0000] {dag.py:3096} INFO - Sync 3 DAGs
[2026-09-09T09:50:31.857+0000] {logging_mixin.py:188} INFO - [2026-09-09T09:50:31.856+0000] {dag.py:3954} INFO - Setting next_dagrun for data_quality to None, run_after=None
[2026-09-09T09:50:32.162+0000] {logging_mixin.py:188} INFO - [2026-09-09T09:50:32.160+0000] {dag.py:3954} INFO - Setting next_dagrun for produce_json to 2026-09-09 14:00:00+00:00, run_after=2026-09-10 14:00:00+00:00
[2026-09-09T09:50:32.264+0000] {logging_mixin.py:188} INFO - [2026-09-09T09:50:32.259+0000] {dag.py:3954} INFO - Setting next_dagrun for update_db to None, run_after=None
[2026-09-09T09:50:37.449+0000] {processor.py:183} INFO - Processing /opt/airflow/dags/main.py took 18.399 seconds
[2026-09-09T09:51:26.439+0000] {processor.py:161} INFO - Started process (PID=1996) to work on /opt/airflow/dags/main.py
[2026-09-09T09:51:26.608+0000] {processor.py:830} INFO - Processing file /opt/airflow/dags/main.py for tasks to queue
[2026-09-09T09:51:26.711+0000] {logging_mixin.py:188} INFO - [2026-09-09T09:51:26.681+0000] {dagbag.py:545} INFO - Filling up the DagBag from /opt/airflow/dags/main.py
[2026-09-09T09:51:32.864+0000] {logging_mixin.py:188} INFO - channel id is not executed
[2026-09-09T09:51:36.054+0000] {processor.py:840} INFO - DAG(s) 'update_db', 'data_quality', 'produce_json' retrieved from /opt/airflow/dags/main.py
[2026-09-09T09:51:50.681+0000] {logging_mixin.py:188} INFO - [2026-09-09T09:51:50.680+0000] {dag.py:3096} INFO - Sync 3 DAGs
[2026-09-09T09:51:53.003+0000] {logging_mixin.py:188} INFO - [2026-09-09T09:51:53.002+0000] {dag.py:3954} INFO - Setting next_dagrun for data_quality to None, run_after=None
[2026-09-09T09:51:53.225+0000] {logging_mixin.py:188} INFO - [2026-09-09T09:51:53.193+0000] {dag.py:3954} INFO - Setting next_dagrun for produce_json to 2026-09-09 14:00:00+00:00, run_after=2026-09-10 14:00:00+00:00
[2026-09-09T09:51:53.421+0000] {logging_mixin.py:188} INFO - [2026-09-09T09:51:53.421+0000] {dag.py:3954} INFO - Setting next_dagrun for update_db to None, run_after=None
[2026-09-09T09:51:55.029+0000] {processor.py:183} INFO - Processing /opt/airflow/dags/main.py took 32.593 seconds
[2026-09-09T09:55:04.128+0000] {processor.py:161} INFO - Started process (PID=2035) to work on /opt/airflow/dags/main.py
[2026-09-09T09:55:04.251+0000] {processor.py:830} INFO - Processing file /opt/airflow/dags/main.py for tasks to queue
[2026-09-09T09:55:04.471+0000] {logging_mixin.py:188} INFO - [2026-09-09T09:55:04.320+0000] {dagbag.py:545} INFO - Filling up the DagBag from /opt/airflow/dags/main.py
[2026-09-09T09:55:10.816+0000] {logging_mixin.py:188} INFO - channel id is not executed
[2026-09-09T09:55:17.508+0000] {processor.py:840} INFO - DAG(s) 'produce_json', 'update_db', 'data_quality' retrieved from /opt/airflow/dags/main.py
[2026-09-09T09:55:30.668+0000] {logging_mixin.py:188} INFO - [2026-09-09T09:55:30.667+0000] {dag.py:3096} INFO - Sync 3 DAGs
[2026-09-09T09:55:31.735+0000] {logging_mixin.py:188} INFO - [2026-09-09T09:55:31.734+0000] {dag.py:3954} INFO - Setting next_dagrun for data_quality to None, run_after=None
[2026-09-09T09:55:32.281+0000] {logging_mixin.py:188} INFO - [2026-09-09T09:55:32.279+0000] {dag.py:3954} INFO - Setting next_dagrun for produce_json to 2026-09-09 14:00:00+00:00, run_after=2026-09-10 14:00:00+00:00
[2026-09-09T09:55:32.296+0000] {logging_mixin.py:188} INFO - [2026-09-09T09:55:32.296+0000] {dag.py:3954} INFO - Setting next_dagrun for update_db to None, run_after=None
[2026-09-09T09:55:34.905+0000] {processor.py:183} INFO - Processing /opt/airflow/dags/main.py took 32.806 seconds
[2026-09-09T09:56:10.738+0000] {processor.py:161} INFO - Started process (PID=2048) to work on /opt/airflow/dags/main.py
[2026-09-09T09:56:11.005+0000] {processor.py:830} INFO - Processing file /opt/airflow/dags/main.py for tasks to queue
[2026-09-09T09:56:11.178+0000] {logging_mixin.py:188} INFO - [2026-09-09T09:56:11.143+0000] {dagbag.py:545} INFO - Filling up the DagBag from /opt/airflow/dags/main.py
[2026-09-09T09:56:14.802+0000] {logging_mixin.py:188} INFO - channel id is not executed
[2026-09-09T09:56:18.366+0000] {processor.py:840} INFO - DAG(s) 'update_db', 'produce_json', 'data_quality' retrieved from /opt/airflow/dags/main.py
[2026-09-09T09:56:24.853+0000] {logging_mixin.py:188} INFO - [2026-09-09T09:56:24.852+0000] {dag.py:3096} INFO - Sync 3 DAGs
[2026-09-09T09:56:25.779+0000] {logging_mixin.py:188} INFO - [2026-09-09T09:56:25.778+0000] {dag.py:3954} INFO - Setting next_dagrun for data_quality to None, run_after=None
[2026-09-09T09:56:25.981+0000] {logging_mixin.py:188} INFO - [2026-09-09T09:56:25.967+0000] {dag.py:3954} INFO - Setting next_dagrun for produce_json to 2026-09-09 14:00:00+00:00, run_after=2026-09-10 14:00:00+00:00
[2026-09-09T09:56:26.006+0000] {logging_mixin.py:188} INFO - [2026-09-09T09:56:26.004+0000] {dag.py:3954} INFO - Setting next_dagrun for update_db to None, run_after=None
[2026-09-09T09:56:26.503+0000] {processor.py:183} INFO - Processing /opt/airflow/dags/main.py took 17.845 seconds
[2026-09-09T09:57:00.075+0000] {processor.py:161} INFO - Started process (PID=2061) to work on /opt/airflow/dags/main.py
[2026-09-09T09:57:00.506+0000] {processor.py:830} INFO - Processing file /opt/airflow/dags/main.py for tasks to queue
[2026-09-09T09:57:00.547+0000] {logging_mixin.py:188} INFO - [2026-09-09T09:57:00.532+0000] {dagbag.py:545} INFO - Filling up the DagBag from /opt/airflow/dags/main.py
[2026-09-09T09:57:01.593+0000] {logging_mixin.py:188} INFO - [2026-09-09T09:57:01.350+0000] {dagbag.py:355} ERROR - Failed to import: /opt/airflow/dags/main.py
Traceback (most recent call last):
  File "/home/airflow/.local/lib/python3.10/site-packages/airflow/models/dagbag.py", line 351, in parse
    loader.exec_module(new_module)
  File "<frozen importlib._bootstrap_external>", line 883, in exec_module
  File "<frozen importlib._bootstrap>", line 241, in _call_with_frames_removed
  File "/opt/airflow/dags/main.py", line 6, in <module>
    from api.video import channel_playlist_id,get_video_id,extract_video_data,save_to_json
  File "<frozen importlib._bootstrap>", line 1027, in _find_and_load
  File "<frozen importlib._bootstrap>", line 1002, in _find_and_load_unlocked
  File "<frozen importlib._bootstrap>", line 945, in _find_spec
  File "<frozen importlib._bootstrap_external>", line 1439, in find_spec
  File "<frozen importlib._bootstrap_external>", line 1411, in _get_spec
  File "<frozen importlib._bootstrap_external>", line 1548, in find_spec
  File "<frozen importlib._bootstrap_external>", line 1591, in _fill_cache
OSError: [Errno 12] Cannot allocate memory: '/opt/airflow/dags/api'
[2026-09-09T09:57:01.608+0000] {processor.py:842} WARNING - No viable dags retrieved from /opt/airflow/dags/main.py
[2026-09-09T09:57:02.391+0000] {processor.py:183} INFO - Processing /opt/airflow/dags/main.py took 2.781 seconds
[2026-09-09T09:57:33.469+0000] {processor.py:161} INFO - Started process (PID=2069) to work on /opt/airflow/dags/main.py
[2026-09-09T09:57:33.522+0000] {processor.py:830} INFO - Processing file /opt/airflow/dags/main.py for tasks to queue
[2026-09-09T09:57:33.533+0000] {logging_mixin.py:188} INFO - [2026-09-09T09:57:33.531+0000] {dagbag.py:545} INFO - Filling up the DagBag from /opt/airflow/dags/main.py
[2026-09-09T09:57:34.874+0000] {logging_mixin.py:188} INFO - [2026-09-09T09:57:34.689+0000] {dagbag.py:355} ERROR - Failed to import: /opt/airflow/dags/main.py
Traceback (most recent call last):
  File "/home/airflow/.local/lib/python3.10/site-packages/airflow/models/dagbag.py", line 351, in parse
    loader.exec_module(new_module)
  File "<frozen importlib._bootstrap_external>", line 883, in exec_module
  File "<frozen importlib._bootstrap>", line 241, in _call_with_frames_removed
  File "/opt/airflow/dags/main.py", line 6, in <module>
    from api.video import channel_playlist_id,get_video_id,extract_video_data,save_to_json
  File "<frozen importlib._bootstrap>", line 1027, in _find_and_load
  File "<frozen importlib._bootstrap>", line 1002, in _find_and_load_unlocked
  File "<frozen importlib._bootstrap>", line 945, in _find_spec
  File "<frozen importlib._bootstrap_external>", line 1439, in find_spec
  File "<frozen importlib._bootstrap_external>", line 1411, in _get_spec
  File "<frozen importlib._bootstrap_external>", line 1548, in find_spec
  File "<frozen importlib._bootstrap_external>", line 1591, in _fill_cache
OSError: [Errno 12] Cannot allocate memory: '/opt/airflow/dags/api'
[2026-09-09T09:57:34.883+0000] {processor.py:842} WARNING - No viable dags retrieved from /opt/airflow/dags/main.py
[2026-09-09T09:57:35.647+0000] {processor.py:183} INFO - Processing /opt/airflow/dags/main.py took 2.313 seconds
[2026-09-09T09:58:06.808+0000] {processor.py:161} INFO - Started process (PID=2077) to work on /opt/airflow/dags/main.py
[2026-09-09T09:58:06.827+0000] {processor.py:830} INFO - Processing file /opt/airflow/dags/main.py for tasks to queue
[2026-09-09T09:58:06.848+0000] {logging_mixin.py:188} INFO - [2026-09-09T09:58:06.847+0000] {dagbag.py:545} INFO - Filling up the DagBag from /opt/airflow/dags/main.py
[2026-09-09T09:58:07.221+0000] {logging_mixin.py:188} INFO - channel id is not executed
[2026-09-09T09:58:08.157+0000] {processor.py:840} INFO - DAG(s) 'data_quality', 'produce_json', 'update_db' retrieved from /opt/airflow/dags/main.py
[2026-09-09T09:58:09.436+0000] {logging_mixin.py:188} INFO - [2026-09-09T09:58:09.435+0000] {dag.py:3096} INFO - Sync 3 DAGs
[2026-09-09T09:58:09.568+0000] {logging_mixin.py:188} INFO - [2026-09-09T09:58:09.557+0000] {dag.py:3954} INFO - Setting next_dagrun for data_quality to None, run_after=None
[2026-09-09T09:58:09.628+0000] {logging_mixin.py:188} INFO - [2026-09-09T09:58:09.627+0000] {dag.py:3954} INFO - Setting next_dagrun for produce_json to 2026-09-09 14:00:00+00:00, run_after=2026-09-10 14:00:00+00:00
[2026-09-09T09:58:09.646+0000] {logging_mixin.py:188} INFO - [2026-09-09T09:58:09.646+0000] {dag.py:3954} INFO - Setting next_dagrun for update_db to None, run_after=None
[2026-09-09T09:58:09.784+0000] {processor.py:183} INFO - Processing /opt/airflow/dags/main.py took 3.029 seconds
[2026-09-09T09:58:40.840+0000] {processor.py:161} INFO - Started process (PID=2085) to work on /opt/airflow/dags/main.py
[2026-09-09T09:58:40.845+0000] {processor.py:830} INFO - Processing file /opt/airflow/dags/main.py for tasks to queue
[2026-09-09T09:58:40.852+0000] {logging_mixin.py:188} INFO - [2026-09-09T09:58:40.852+0000] {dagbag.py:545} INFO - Filling up the DagBag from /opt/airflow/dags/main.py
[2026-09-09T09:58:41.236+0000] {logging_mixin.py:188} INFO - channel id is not executed
[2026-09-09T09:58:41.639+0000] {processor.py:840} INFO - DAG(s) 'produce_json', 'data_quality', 'update_db' retrieved from /opt/airflow/dags/main.py
[2026-09-09T09:58:42.247+0000] {logging_mixin.py:188} INFO - [2026-09-09T09:58:42.246+0000] {dag.py:3096} INFO - Sync 3 DAGs
[2026-09-09T09:58:42.433+0000] {logging_mixin.py:188} INFO - [2026-09-09T09:58:42.433+0000] {dag.py:3954} INFO - Setting next_dagrun for data_quality to None, run_after=None
[2026-09-09T09:58:42.487+0000] {logging_mixin.py:188} INFO - [2026-09-09T09:58:42.486+0000] {dag.py:3954} INFO - Setting next_dagrun for produce_json to 2026-09-09 14:00:00+00:00, run_after=2026-09-10 14:00:00+00:00
[2026-09-09T09:58:42.494+0000] {logging_mixin.py:188} INFO - [2026-09-09T09:58:42.493+0000] {dag.py:3954} INFO - Setting next_dagrun for update_db to None, run_after=None
[2026-09-09T09:58:42.596+0000] {processor.py:183} INFO - Processing /opt/airflow/dags/main.py took 1.771 seconds
[2026-09-09T09:59:13.529+0000] {processor.py:161} INFO - Started process (PID=2092) to work on /opt/airflow/dags/main.py
[2026-09-09T09:59:13.535+0000] {processor.py:830} INFO - Processing file /opt/airflow/dags/main.py for tasks to queue
[2026-09-09T09:59:13.540+0000] {logging_mixin.py:188} INFO - [2026-09-09T09:59:13.539+0000] {dagbag.py:545} INFO - Filling up the DagBag from /opt/airflow/dags/main.py
[2026-09-09T09:59:13.723+0000] {logging_mixin.py:188} INFO - [2026-09-09T09:59:13.689+0000] {dagbag.py:355} ERROR - Failed to import: /opt/airflow/dags/main.py
Traceback (most recent call last):
  File "/home/airflow/.local/lib/python3.10/site-packages/airflow/models/dagbag.py", line 351, in parse
    loader.exec_module(new_module)
  File "<frozen importlib._bootstrap_external>", line 883, in exec_module
  File "<frozen importlib._bootstrap>", line 241, in _call_with_frames_removed
  File "/opt/airflow/dags/main.py", line 6, in <module>
    from api.video import channel_playlist_id,get_video_id,extract_video_data,save_to_json
  File "<frozen importlib._bootstrap>", line 1027, in _find_and_load
  File "<frozen importlib._bootstrap>", line 1002, in _find_and_load_unlocked
  File "<frozen importlib._bootstrap>", line 945, in _find_spec
  File "<frozen importlib._bootstrap_external>", line 1439, in find_spec
  File "<frozen importlib._bootstrap_external>", line 1411, in _get_spec
  File "<frozen importlib._bootstrap_external>", line 1548, in find_spec
  File "<frozen importlib._bootstrap_external>", line 1591, in _fill_cache
OSError: [Errno 12] Cannot allocate memory: '/opt/airflow/dags/api'
[2026-09-09T09:59:13.740+0000] {processor.py:842} WARNING - No viable dags retrieved from /opt/airflow/dags/main.py
[2026-09-09T09:59:13.878+0000] {processor.py:183} INFO - Processing /opt/airflow/dags/main.py took 0.368 seconds
[2026-09-09T09:59:44.734+0000] {processor.py:161} INFO - Started process (PID=2098) to work on /opt/airflow/dags/main.py
[2026-09-09T09:59:44.793+0000] {processor.py:830} INFO - Processing file /opt/airflow/dags/main.py for tasks to queue
[2026-09-09T09:59:44.858+0000] {logging_mixin.py:188} INFO - [2026-09-09T09:59:44.857+0000] {dagbag.py:545} INFO - Filling up the DagBag from /opt/airflow/dags/main.py
[2026-09-09T09:59:46.035+0000] {logging_mixin.py:188} INFO - [2026-09-09T09:59:45.997+0000] {dagbag.py:355} ERROR - Failed to import: /opt/airflow/dags/main.py
Traceback (most recent call last):
  File "/home/airflow/.local/lib/python3.10/site-packages/airflow/models/dagbag.py", line 351, in parse
    loader.exec_module(new_module)
  File "<frozen importlib._bootstrap_external>", line 883, in exec_module
  File "<frozen importlib._bootstrap>", line 241, in _call_with_frames_removed
  File "/opt/airflow/dags/main.py", line 6, in <module>
    from api.video import channel_playlist_id,get_video_id,extract_video_data,save_to_json
  File "<frozen importlib._bootstrap>", line 1027, in _find_and_load
  File "<frozen importlib._bootstrap>", line 1002, in _find_and_load_unlocked
  File "<frozen importlib._bootstrap>", line 945, in _find_spec
  File "<frozen importlib._bootstrap_external>", line 1439, in find_spec
  File "<frozen importlib._bootstrap_external>", line 1411, in _get_spec
  File "<frozen importlib._bootstrap_external>", line 1548, in find_spec
  File "<frozen importlib._bootstrap_external>", line 1591, in _fill_cache
OSError: [Errno 12] Cannot allocate memory: '/opt/airflow/dags/api'
[2026-09-09T09:59:46.045+0000] {processor.py:842} WARNING - No viable dags retrieved from /opt/airflow/dags/main.py
[2026-09-09T09:59:46.286+0000] {processor.py:183} INFO - Processing /opt/airflow/dags/main.py took 1.577 seconds
[2026-09-09T10:04:53.006+0000] {processor.py:161} INFO - Started process (PID=2159) to work on /opt/airflow/dags/main.py
[2026-09-09T10:04:53.023+0000] {processor.py:830} INFO - Processing file /opt/airflow/dags/main.py for tasks to queue
[2026-09-09T10:04:53.070+0000] {logging_mixin.py:188} INFO - [2026-09-09T10:04:53.057+0000] {dagbag.py:545} INFO - Filling up the DagBag from /opt/airflow/dags/main.py
[2026-09-09T10:04:53.951+0000] {logging_mixin.py:188} INFO - channel id is not executed
[2026-09-09T10:04:54.842+0000] {processor.py:840} INFO - DAG(s) 'produce_json', 'data_quality', 'update_db' retrieved from /opt/airflow/dags/main.py
[2026-09-09T10:04:57.049+0000] {logging_mixin.py:188} INFO - [2026-09-09T10:04:57.048+0000] {dag.py:3096} INFO - Sync 3 DAGs
[2026-09-09T10:04:57.442+0000] {logging_mixin.py:188} INFO - [2026-09-09T10:04:57.441+0000] {dag.py:3954} INFO - Setting next_dagrun for data_quality to None, run_after=None
[2026-09-09T10:04:57.497+0000] {logging_mixin.py:188} INFO - [2026-09-09T10:04:57.496+0000] {dag.py:3954} INFO - Setting next_dagrun for produce_json to 2026-09-09 14:00:00+00:00, run_after=2026-09-10 14:00:00+00:00
[2026-09-09T10:04:57.512+0000] {logging_mixin.py:188} INFO - [2026-09-09T10:04:57.503+0000] {dag.py:3954} INFO - Setting next_dagrun for update_db to None, run_after=None
[2026-09-09T10:04:57.801+0000] {processor.py:183} INFO - Processing /opt/airflow/dags/main.py took 5.041 seconds
[2026-09-09T10:05:28.755+0000] {processor.py:161} INFO - Started process (PID=2166) to work on /opt/airflow/dags/main.py
[2026-09-09T10:05:28.758+0000] {processor.py:830} INFO - Processing file /opt/airflow/dags/main.py for tasks to queue
[2026-09-09T10:05:28.764+0000] {logging_mixin.py:188} INFO - [2026-09-09T10:05:28.763+0000] {dagbag.py:545} INFO - Filling up the DagBag from /opt/airflow/dags/main.py
[2026-09-09T10:05:29.064+0000] {logging_mixin.py:188} INFO - channel id is not executed
[2026-09-09T10:05:29.563+0000] {processor.py:840} INFO - DAG(s) 'produce_json', 'update_db', 'data_quality' retrieved from /opt/airflow/dags/main.py
[2026-09-09T10:05:30.081+0000] {logging_mixin.py:188} INFO - [2026-09-09T10:05:30.080+0000] {dag.py:3096} INFO - Sync 3 DAGs
[2026-09-09T10:05:30.136+0000] {logging_mixin.py:188} INFO - [2026-09-09T10:05:30.136+0000] {dag.py:3954} INFO - Setting next_dagrun for data_quality to None, run_after=None
[2026-09-09T10:05:30.149+0000] {logging_mixin.py:188} INFO - [2026-09-09T10:05:30.148+0000] {dag.py:3954} INFO - Setting next_dagrun for produce_json to 2026-09-09 14:00:00+00:00, run_after=2026-09-10 14:00:00+00:00
[2026-09-09T10:05:30.156+0000] {logging_mixin.py:188} INFO - [2026-09-09T10:05:30.155+0000] {dag.py:3954} INFO - Setting next_dagrun for update_db to None, run_after=None
[2026-09-09T10:05:30.241+0000] {processor.py:183} INFO - Processing /opt/airflow/dags/main.py took 1.501 seconds
[2026-09-09T10:06:00.720+0000] {processor.py:161} INFO - Started process (PID=2173) to work on /opt/airflow/dags/main.py
[2026-09-09T10:06:00.725+0000] {processor.py:830} INFO - Processing file /opt/airflow/dags/main.py for tasks to queue
[2026-09-09T10:06:00.730+0000] {logging_mixin.py:188} INFO - [2026-09-09T10:06:00.729+0000] {dagbag.py:545} INFO - Filling up the DagBag from /opt/airflow/dags/main.py
[2026-09-09T10:06:00.925+0000] {logging_mixin.py:188} INFO - channel id is not executed
[2026-09-09T10:06:01.207+0000] {processor.py:840} INFO - DAG(s) 'update_db', 'produce_json', 'data_quality' retrieved from /opt/airflow/dags/main.py
[2026-09-09T10:06:02.048+0000] {logging_mixin.py:188} INFO - [2026-09-09T10:06:02.047+0000] {dag.py:3096} INFO - Sync 3 DAGs
[2026-09-09T10:06:02.096+0000] {logging_mixin.py:188} INFO - [2026-09-09T10:06:02.095+0000] {dag.py:3954} INFO - Setting next_dagrun for data_quality to None, run_after=None
[2026-09-09T10:06:02.113+0000] {logging_mixin.py:188} INFO - [2026-09-09T10:06:02.112+0000] {dag.py:3954} INFO - Setting next_dagrun for produce_json to 2026-09-09 14:00:00+00:00, run_after=2026-09-10 14:00:00+00:00
[2026-09-09T10:06:02.119+0000] {logging_mixin.py:188} INFO - [2026-09-09T10:06:02.118+0000] {dag.py:3954} INFO - Setting next_dagrun for update_db to None, run_after=None
[2026-09-09T10:06:02.184+0000] {processor.py:183} INFO - Processing /opt/airflow/dags/main.py took 1.486 seconds
[2026-09-09T10:06:32.628+0000] {processor.py:161} INFO - Started process (PID=2181) to work on /opt/airflow/dags/main.py
[2026-09-09T10:06:32.631+0000] {processor.py:830} INFO - Processing file /opt/airflow/dags/main.py for tasks to queue
[2026-09-09T10:06:32.636+0000] {logging_mixin.py:188} INFO - [2026-09-09T10:06:32.635+0000] {dagbag.py:545} INFO - Filling up the DagBag from /opt/airflow/dags/main.py
[2026-09-09T10:06:32.746+0000] {logging_mixin.py:188} INFO - channel id is not executed
[2026-09-09T10:06:33.033+0000] {processor.py:840} INFO - DAG(s) 'produce_json', 'update_db', 'data_quality' retrieved from /opt/airflow/dags/main.py
[2026-09-09T10:06:33.732+0000] {logging_mixin.py:188} INFO - [2026-09-09T10:06:33.732+0000] {dag.py:3096} INFO - Sync 3 DAGs
[2026-09-09T10:06:33.789+0000] {logging_mixin.py:188} INFO - [2026-09-09T10:06:33.788+0000] {dag.py:3954} INFO - Setting next_dagrun for data_quality to None, run_after=None
[2026-09-09T10:06:33.804+0000] {logging_mixin.py:188} INFO - [2026-09-09T10:06:33.803+0000] {dag.py:3954} INFO - Setting next_dagrun for produce_json to 2026-09-09 14:00:00+00:00, run_after=2026-09-10 14:00:00+00:00
[2026-09-09T10:06:33.811+0000] {logging_mixin.py:188} INFO - [2026-09-09T10:06:33.810+0000] {dag.py:3954} INFO - Setting next_dagrun for update_db to None, run_after=None
[2026-09-09T10:06:33.908+0000] {processor.py:183} INFO - Processing /opt/airflow/dags/main.py took 1.294 seconds
[2026-09-09T10:07:04.779+0000] {processor.py:161} INFO - Started process (PID=2187) to work on /opt/airflow/dags/main.py
[2026-09-09T10:07:04.787+0000] {processor.py:830} INFO - Processing file /opt/airflow/dags/main.py for tasks to queue
[2026-09-09T10:07:04.796+0000] {logging_mixin.py:188} INFO - [2026-09-09T10:07:04.795+0000] {dagbag.py:545} INFO - Filling up the DagBag from /opt/airflow/dags/main.py
[2026-09-09T10:07:05.072+0000] {logging_mixin.py:188} INFO - channel id is not executed
[2026-09-09T10:07:05.487+0000] {processor.py:840} INFO - DAG(s) 'update_db', 'produce_json', 'data_quality' retrieved from /opt/airflow/dags/main.py
[2026-09-09T10:07:06.483+0000] {logging_mixin.py:188} INFO - [2026-09-09T10:07:06.482+0000] {dag.py:3096} INFO - Sync 3 DAGs
[2026-09-09T10:07:06.798+0000] {logging_mixin.py:188} INFO - [2026-09-09T10:07:06.797+0000] {dag.py:3954} INFO - Setting next_dagrun for data_quality to None, run_after=None
[2026-09-09T10:07:06.840+0000] {logging_mixin.py:188} INFO - [2026-09-09T10:07:06.839+0000] {dag.py:3954} INFO - Setting next_dagrun for produce_json to 2026-09-09 14:00:00+00:00, run_after=2026-09-10 14:00:00+00:00
[2026-09-09T10:07:06.856+0000] {logging_mixin.py:188} INFO - [2026-09-09T10:07:06.853+0000] {dag.py:3954} INFO - Setting next_dagrun for update_db to None, run_after=None
[2026-09-09T10:07:07.027+0000] {processor.py:183} INFO - Processing /opt/airflow/dags/main.py took 2.270 seconds
[2026-09-09T10:07:38.278+0000] {processor.py:161} INFO - Started process (PID=2194) to work on /opt/airflow/dags/main.py
[2026-09-09T10:07:38.328+0000] {processor.py:830} INFO - Processing file /opt/airflow/dags/main.py for tasks to queue
[2026-09-09T10:07:38.362+0000] {logging_mixin.py:188} INFO - [2026-09-09T10:07:38.360+0000] {dagbag.py:545} INFO - Filling up the DagBag from /opt/airflow/dags/main.py
[2026-09-09T10:07:38.752+0000] {logging_mixin.py:188} INFO - channel id is not executed
[2026-09-09T10:07:39.213+0000] {processor.py:840} INFO - DAG(s) 'update_db', 'produce_json', 'data_quality' retrieved from /opt/airflow/dags/main.py
[2026-09-09T10:07:44.456+0000] {logging_mixin.py:188} INFO - [2026-09-09T10:07:44.455+0000] {dag.py:3096} INFO - Sync 3 DAGs
[2026-09-09T10:07:46.608+0000] {logging_mixin.py:188} INFO - [2026-09-09T10:07:46.461+0000] {dag.py:3954} INFO - Setting next_dagrun for data_quality to None, run_after=None
[2026-09-09T10:07:47.186+0000] {logging_mixin.py:188} INFO - [2026-09-09T10:07:47.181+0000] {dag.py:3954} INFO - Setting next_dagrun for produce_json to 2026-09-09 14:00:00+00:00, run_after=2026-09-10 14:00:00+00:00
[2026-09-09T10:07:47.266+0000] {logging_mixin.py:188} INFO - [2026-09-09T10:07:47.265+0000] {dag.py:3954} INFO - Setting next_dagrun for update_db to None, run_after=None
[2026-09-09T10:07:48.742+0000] {processor.py:183} INFO - Processing /opt/airflow/dags/main.py took 10.540 seconds
[2026-09-09T14:53:42.948+0000] {processor.py:161} INFO - Started process (PID=66) to work on /opt/airflow/dags/main.py
[2026-09-09T14:53:42.959+0000] {processor.py:830} INFO - Processing file /opt/airflow/dags/main.py for tasks to queue
[2026-09-09T14:53:42.990+0000] {logging_mixin.py:188} INFO - [2026-09-09T14:53:42.988+0000] {dagbag.py:545} INFO - Filling up the DagBag from /opt/airflow/dags/main.py
[2026-09-09T14:53:43.975+0000] {logging_mixin.py:188} INFO - channel id is not executed
[2026-09-09T14:53:45.360+0000] {processor.py:840} INFO - DAG(s) 'update_db', 'produce_json', 'data_quality' retrieved from /opt/airflow/dags/main.py
[2026-09-09T14:53:48.331+0000] {logging_mixin.py:188} INFO - [2026-09-09T14:53:48.316+0000] {dag.py:3096} INFO - Sync 3 DAGs
[2026-09-09T14:53:48.642+0000] {logging_mixin.py:188} INFO - [2026-09-09T14:53:48.642+0000] {dag.py:3954} INFO - Setting next_dagrun for data_quality to None, run_after=None
[2026-09-09T14:53:48.668+0000] {logging_mixin.py:188} INFO - [2026-09-09T14:53:48.668+0000] {dag.py:3954} INFO - Setting next_dagrun for produce_json to 2026-09-10 14:00:00+00:00, run_after=2026-09-11 14:00:00+00:00
[2026-09-09T14:53:48.681+0000] {logging_mixin.py:188} INFO - [2026-09-09T14:53:48.681+0000] {dag.py:3954} INFO - Setting next_dagrun for update_db to None, run_after=None
[2026-09-09T14:53:48.837+0000] {processor.py:183} INFO - Processing /opt/airflow/dags/main.py took 5.987 seconds
[2026-09-09T14:54:19.703+0000] {processor.py:161} INFO - Started process (PID=73) to work on /opt/airflow/dags/main.py
[2026-09-09T14:54:19.713+0000] {processor.py:830} INFO - Processing file /opt/airflow/dags/main.py for tasks to queue
[2026-09-09T14:54:19.726+0000] {logging_mixin.py:188} INFO - [2026-09-09T14:54:19.724+0000] {dagbag.py:545} INFO - Filling up the DagBag from /opt/airflow/dags/main.py
[2026-09-09T14:54:20.222+0000] {logging_mixin.py:188} INFO - channel id is not executed
[2026-09-09T14:54:21.233+0000] {processor.py:840} INFO - DAG(s) 'update_db', 'data_quality', 'produce_json' retrieved from /opt/airflow/dags/main.py
[2026-09-09T14:54:28.579+0000] {logging_mixin.py:188} INFO - [2026-09-09T14:54:28.579+0000] {dag.py:3096} INFO - Sync 3 DAGs
[2026-09-09T14:54:28.726+0000] {logging_mixin.py:188} INFO - [2026-09-09T14:54:28.724+0000] {dag.py:3954} INFO - Setting next_dagrun for data_quality to None, run_after=None
[2026-09-09T14:54:28.773+0000] {logging_mixin.py:188} INFO - [2026-09-09T14:54:28.773+0000] {dag.py:3954} INFO - Setting next_dagrun for produce_json to 2026-09-10 14:00:00+00:00, run_after=2026-09-11 14:00:00+00:00
[2026-09-09T14:54:28.894+0000] {logging_mixin.py:188} INFO - [2026-09-09T14:54:28.872+0000] {dag.py:3954} INFO - Setting next_dagrun for update_db to None, run_after=None
[2026-09-09T14:54:29.103+0000] {processor.py:183} INFO - Processing /opt/airflow/dags/main.py took 9.636 seconds
[2026-09-09T14:55:00.448+0000] {processor.py:161} INFO - Started process (PID=80) to work on /opt/airflow/dags/main.py
[2026-09-09T14:55:00.484+0000] {processor.py:830} INFO - Processing file /opt/airflow/dags/main.py for tasks to queue
[2026-09-09T14:55:00.581+0000] {logging_mixin.py:188} INFO - [2026-09-09T14:55:00.562+0000] {dagbag.py:545} INFO - Filling up the DagBag from /opt/airflow/dags/main.py
[2026-09-09T14:55:01.629+0000] {logging_mixin.py:188} INFO - channel id is not executed
[2026-09-09T14:55:02.994+0000] {processor.py:840} INFO - DAG(s) 'data_quality', 'produce_json', 'update_db' retrieved from /opt/airflow/dags/main.py
[2026-09-09T14:55:12.663+0000] {logging_mixin.py:188} INFO - [2026-09-09T14:55:12.662+0000] {dag.py:3096} INFO - Sync 3 DAGs
[2026-09-09T14:55:12.861+0000] {logging_mixin.py:188} INFO - [2026-09-09T14:55:12.861+0000] {dag.py:3954} INFO - Setting next_dagrun for data_quality to None, run_after=None
[2026-09-09T14:55:12.877+0000] {logging_mixin.py:188} INFO - [2026-09-09T14:55:12.876+0000] {dag.py:3954} INFO - Setting next_dagrun for produce_json to 2026-09-10 14:00:00+00:00, run_after=2026-09-11 14:00:00+00:00
[2026-09-09T14:55:12.883+0000] {logging_mixin.py:188} INFO - [2026-09-09T14:55:12.882+0000] {dag.py:3954} INFO - Setting next_dagrun for update_db to None, run_after=None
[2026-09-09T14:55:13.008+0000] {processor.py:183} INFO - Processing /opt/airflow/dags/main.py took 12.583 seconds
[2026-09-09T14:55:44.557+0000] {processor.py:161} INFO - Started process (PID=93) to work on /opt/airflow/dags/main.py
[2026-09-09T14:55:44.572+0000] {processor.py:830} INFO - Processing file /opt/airflow/dags/main.py for tasks to queue
[2026-09-09T14:55:44.586+0000] {logging_mixin.py:188} INFO - [2026-09-09T14:55:44.581+0000] {dagbag.py:545} INFO - Filling up the DagBag from /opt/airflow/dags/main.py
[2026-09-09T14:55:44.853+0000] {logging_mixin.py:188} INFO - channel id is not executed
[2026-09-09T14:55:45.163+0000] {processor.py:840} INFO - DAG(s) 'update_db', 'data_quality', 'produce_json' retrieved from /opt/airflow/dags/main.py
[2026-09-09T14:55:46.766+0000] {logging_mixin.py:188} INFO - [2026-09-09T14:55:46.765+0000] {dag.py:3096} INFO - Sync 3 DAGs
[2026-09-09T14:55:46.958+0000] {logging_mixin.py:188} INFO - [2026-09-09T14:55:46.958+0000] {dag.py:3954} INFO - Setting next_dagrun for data_quality to None, run_after=None
[2026-09-09T14:55:47.032+0000] {logging_mixin.py:188} INFO - [2026-09-09T14:55:47.031+0000] {dag.py:3954} INFO - Setting next_dagrun for produce_json to 2026-09-10 14:00:00+00:00, run_after=2026-09-11 14:00:00+00:00
[2026-09-09T14:55:47.064+0000] {logging_mixin.py:188} INFO - [2026-09-09T14:55:47.064+0000] {dag.py:3954} INFO - Setting next_dagrun for update_db to None, run_after=None
[2026-09-09T14:55:47.288+0000] {processor.py:183} INFO - Processing /opt/airflow/dags/main.py took 2.774 seconds
[2026-09-09T14:56:17.944+0000] {processor.py:161} INFO - Started process (PID=100) to work on /opt/airflow/dags/main.py
[2026-09-09T14:56:17.955+0000] {processor.py:830} INFO - Processing file /opt/airflow/dags/main.py for tasks to queue
[2026-09-09T14:56:17.986+0000] {logging_mixin.py:188} INFO - [2026-09-09T14:56:17.985+0000] {dagbag.py:545} INFO - Filling up the DagBag from /opt/airflow/dags/main.py
[2026-09-09T14:56:18.257+0000] {logging_mixin.py:188} INFO - channel id is not executed
[2026-09-09T14:56:18.843+0000] {processor.py:840} INFO - DAG(s) 'produce_json', 'update_db', 'data_quality' retrieved from /opt/airflow/dags/main.py
[2026-09-09T14:56:19.396+0000] {logging_mixin.py:188} INFO - [2026-09-09T14:56:19.388+0000] {dag.py:3096} INFO - Sync 3 DAGs
[2026-09-09T14:56:19.452+0000] {logging_mixin.py:188} INFO - [2026-09-09T14:56:19.452+0000] {dag.py:3954} INFO - Setting next_dagrun for data_quality to None, run_after=None
[2026-09-09T14:56:19.463+0000] {logging_mixin.py:188} INFO - [2026-09-09T14:56:19.463+0000] {dag.py:3954} INFO - Setting next_dagrun for produce_json to 2026-09-10 14:00:00+00:00, run_after=2026-09-11 14:00:00+00:00
[2026-09-09T14:56:19.467+0000] {logging_mixin.py:188} INFO - [2026-09-09T14:56:19.466+0000] {dag.py:3954} INFO - Setting next_dagrun for update_db to None, run_after=None
[2026-09-09T14:56:19.577+0000] {processor.py:183} INFO - Processing /opt/airflow/dags/main.py took 1.696 seconds
[2026-09-09T14:56:51.591+0000] {processor.py:161} INFO - Started process (PID=107) to work on /opt/airflow/dags/main.py
[2026-09-09T14:56:51.628+0000] {processor.py:830} INFO - Processing file /opt/airflow/dags/main.py for tasks to queue
[2026-09-09T14:56:51.712+0000] {logging_mixin.py:188} INFO - [2026-09-09T14:56:51.695+0000] {dagbag.py:545} INFO - Filling up the DagBag from /opt/airflow/dags/main.py
[2026-09-09T14:56:52.418+0000] {logging_mixin.py:188} INFO - channel id is not executed
[2026-09-09T14:56:53.354+0000] {processor.py:840} INFO - DAG(s) 'update_db', 'produce_json', 'data_quality' retrieved from /opt/airflow/dags/main.py
[2026-09-09T14:56:55.070+0000] {logging_mixin.py:188} INFO - [2026-09-09T14:56:55.070+0000] {dag.py:3096} INFO - Sync 3 DAGs
[2026-09-09T14:56:55.268+0000] {logging_mixin.py:188} INFO - [2026-09-09T14:56:55.267+0000] {dag.py:3954} INFO - Setting next_dagrun for data_quality to None, run_after=None
[2026-09-09T14:56:55.309+0000] {logging_mixin.py:188} INFO - [2026-09-09T14:56:55.309+0000] {dag.py:3954} INFO - Setting next_dagrun for produce_json to 2026-09-10 14:00:00+00:00, run_after=2026-09-11 14:00:00+00:00
[2026-09-09T14:56:55.319+0000] {logging_mixin.py:188} INFO - [2026-09-09T14:56:55.318+0000] {dag.py:3954} INFO - Setting next_dagrun for update_db to None, run_after=None
[2026-09-09T14:56:55.423+0000] {processor.py:183} INFO - Processing /opt/airflow/dags/main.py took 4.455 seconds
[2026-09-09T14:57:25.702+0000] {processor.py:161} INFO - Started process (PID=113) to work on /opt/airflow/dags/main.py
[2026-09-09T14:57:25.704+0000] {processor.py:830} INFO - Processing file /opt/airflow/dags/main.py for tasks to queue
[2026-09-09T14:57:25.709+0000] {logging_mixin.py:188} INFO - [2026-09-09T14:57:25.708+0000] {dagbag.py:545} INFO - Filling up the DagBag from /opt/airflow/dags/main.py
[2026-09-09T14:57:25.973+0000] {logging_mixin.py:188} INFO - channel id is not executed
[2026-09-09T14:57:26.690+0000] {processor.py:840} INFO - DAG(s) 'update_db', 'produce_json', 'data_quality' retrieved from /opt/airflow/dags/main.py
[2026-09-09T14:57:29.371+0000] {logging_mixin.py:188} INFO - [2026-09-09T14:57:29.371+0000] {dag.py:3096} INFO - Sync 3 DAGs
[2026-09-09T14:57:29.539+0000] {logging_mixin.py:188} INFO - [2026-09-09T14:57:29.539+0000] {dag.py:3954} INFO - Setting next_dagrun for data_quality to None, run_after=None
[2026-09-09T14:57:29.592+0000] {logging_mixin.py:188} INFO - [2026-09-09T14:57:29.589+0000] {dag.py:3954} INFO - Setting next_dagrun for produce_json to 2026-09-10 14:00:00+00:00, run_after=2026-09-11 14:00:00+00:00
[2026-09-09T14:57:29.625+0000] {logging_mixin.py:188} INFO - [2026-09-09T14:57:29.624+0000] {dag.py:3954} INFO - Setting next_dagrun for update_db to None, run_after=None
[2026-09-09T14:57:29.986+0000] {processor.py:183} INFO - Processing /opt/airflow/dags/main.py took 4.288 seconds
[2026-09-09T14:58:00.431+0000] {processor.py:161} INFO - Started process (PID=119) to work on /opt/airflow/dags/main.py
[2026-09-09T14:58:00.435+0000] {processor.py:830} INFO - Processing file /opt/airflow/dags/main.py for tasks to queue
[2026-09-09T14:58:00.444+0000] {logging_mixin.py:188} INFO - [2026-09-09T14:58:00.443+0000] {dagbag.py:545} INFO - Filling up the DagBag from /opt/airflow/dags/main.py
[2026-09-09T14:58:00.803+0000] {logging_mixin.py:188} INFO - channel id is not executed
[2026-09-09T14:58:01.098+0000] {processor.py:840} INFO - DAG(s) 'produce_json', 'update_db', 'data_quality' retrieved from /opt/airflow/dags/main.py
[2026-09-09T14:58:01.607+0000] {logging_mixin.py:188} INFO - [2026-09-09T14:58:01.607+0000] {dag.py:3096} INFO - Sync 3 DAGs
[2026-09-09T14:58:01.664+0000] {logging_mixin.py:188} INFO - [2026-09-09T14:58:01.664+0000] {dag.py:3954} INFO - Setting next_dagrun for data_quality to None, run_after=None
[2026-09-09T14:58:01.683+0000] {logging_mixin.py:188} INFO - [2026-09-09T14:58:01.682+0000] {dag.py:3954} INFO - Setting next_dagrun for produce_json to 2026-09-10 14:00:00+00:00, run_after=2026-09-11 14:00:00+00:00
[2026-09-09T14:58:01.687+0000] {logging_mixin.py:188} INFO - [2026-09-09T14:58:01.687+0000] {dag.py:3954} INFO - Setting next_dagrun for update_db to None, run_after=None
[2026-09-09T14:58:01.791+0000] {processor.py:183} INFO - Processing /opt/airflow/dags/main.py took 1.375 seconds
[2026-09-09T14:58:32.168+0000] {processor.py:161} INFO - Started process (PID=126) to work on /opt/airflow/dags/main.py
[2026-09-09T14:58:32.179+0000] {processor.py:830} INFO - Processing file /opt/airflow/dags/main.py for tasks to queue
[2026-09-09T14:58:32.336+0000] {logging_mixin.py:188} INFO - [2026-09-09T14:58:32.332+0000] {dagbag.py:545} INFO - Filling up the DagBag from /opt/airflow/dags/main.py
[2026-09-09T14:58:32.730+0000] {logging_mixin.py:188} INFO - channel id is not executed
[2026-09-09T14:58:33.334+0000] {processor.py:840} INFO - DAG(s) 'produce_json', 'data_quality', 'update_db' retrieved from /opt/airflow/dags/main.py
[2026-09-09T14:58:34.251+0000] {logging_mixin.py:188} INFO - [2026-09-09T14:58:34.251+0000] {dag.py:3096} INFO - Sync 3 DAGs
[2026-09-09T14:58:34.473+0000] {logging_mixin.py:188} INFO - [2026-09-09T14:58:34.473+0000] {dag.py:3954} INFO - Setting next_dagrun for data_quality to None, run_after=None
[2026-09-09T14:58:34.497+0000] {logging_mixin.py:188} INFO - [2026-09-09T14:58:34.496+0000] {dag.py:3954} INFO - Setting next_dagrun for produce_json to 2026-09-10 14:00:00+00:00, run_after=2026-09-11 14:00:00+00:00
[2026-09-09T14:58:34.522+0000] {logging_mixin.py:188} INFO - [2026-09-09T14:58:34.522+0000] {dag.py:3954} INFO - Setting next_dagrun for update_db to None, run_after=None
[2026-09-09T14:58:34.634+0000] {processor.py:183} INFO - Processing /opt/airflow/dags/main.py took 2.557 seconds
[2026-09-09T14:59:05.633+0000] {processor.py:161} INFO - Started process (PID=133) to work on /opt/airflow/dags/main.py
[2026-09-09T14:59:05.636+0000] {processor.py:830} INFO - Processing file /opt/airflow/dags/main.py for tasks to queue
[2026-09-09T14:59:05.643+0000] {logging_mixin.py:188} INFO - [2026-09-09T14:59:05.643+0000] {dagbag.py:545} INFO - Filling up the DagBag from /opt/airflow/dags/main.py
[2026-09-09T14:59:05.855+0000] {logging_mixin.py:188} INFO - channel id is not executed
[2026-09-09T14:59:06.617+0000] {processor.py:840} INFO - DAG(s) 'data_quality', 'produce_json', 'update_db' retrieved from /opt/airflow/dags/main.py
[2026-09-09T14:59:07.032+0000] {logging_mixin.py:188} INFO - [2026-09-09T14:59:07.032+0000] {dag.py:3096} INFO - Sync 3 DAGs
[2026-09-09T14:59:07.116+0000] {logging_mixin.py:188} INFO - [2026-09-09T14:59:07.116+0000] {dag.py:3954} INFO - Setting next_dagrun for data_quality to None, run_after=None
[2026-09-09T14:59:07.163+0000] {logging_mixin.py:188} INFO - [2026-09-09T14:59:07.162+0000] {dag.py:3954} INFO - Setting next_dagrun for produce_json to 2026-09-10 14:00:00+00:00, run_after=2026-09-11 14:00:00+00:00
[2026-09-09T14:59:07.174+0000] {logging_mixin.py:188} INFO - [2026-09-09T14:59:07.174+0000] {dag.py:3954} INFO - Setting next_dagrun for update_db to None, run_after=None
[2026-09-09T14:59:07.249+0000] {processor.py:183} INFO - Processing /opt/airflow/dags/main.py took 1.640 seconds
[2026-09-09T14:59:38.833+0000] {processor.py:161} INFO - Started process (PID=140) to work on /opt/airflow/dags/main.py
[2026-09-09T14:59:38.873+0000] {processor.py:830} INFO - Processing file /opt/airflow/dags/main.py for tasks to queue
[2026-09-09T14:59:38.939+0000] {logging_mixin.py:188} INFO - [2026-09-09T14:59:38.937+0000] {dagbag.py:545} INFO - Filling up the DagBag from /opt/airflow/dags/main.py
[2026-09-09T14:59:39.422+0000] {logging_mixin.py:188} INFO - channel id is not executed
[2026-09-09T14:59:40.403+0000] {processor.py:840} INFO - DAG(s) 'data_quality', 'produce_json', 'update_db' retrieved from /opt/airflow/dags/main.py
[2026-09-09T14:59:42.506+0000] {logging_mixin.py:188} INFO - [2026-09-09T14:59:42.505+0000] {dag.py:3096} INFO - Sync 3 DAGs
[2026-09-09T14:59:43.439+0000] {logging_mixin.py:188} INFO - [2026-09-09T14:59:43.439+0000] {dag.py:3954} INFO - Setting next_dagrun for data_quality to None, run_after=None
[2026-09-09T14:59:45.867+0000] {logging_mixin.py:188} INFO - [2026-09-09T14:59:45.862+0000] {dag.py:3954} INFO - Setting next_dagrun for produce_json to 2026-09-10 14:00:00+00:00, run_after=2026-09-11 14:00:00+00:00
[2026-09-09T14:59:45.948+0000] {logging_mixin.py:188} INFO - [2026-09-09T14:59:45.948+0000] {dag.py:3954} INFO - Setting next_dagrun for update_db to None, run_after=None
[2026-09-09T14:59:49.420+0000] {processor.py:183} INFO - Processing /opt/airflow/dags/main.py took 10.945 seconds
[2026-09-09T15:00:20.159+0000] {processor.py:161} INFO - Started process (PID=155) to work on /opt/airflow/dags/main.py
[2026-09-09T15:00:20.166+0000] {processor.py:830} INFO - Processing file /opt/airflow/dags/main.py for tasks to queue
[2026-09-09T15:00:20.183+0000] {logging_mixin.py:188} INFO - [2026-09-09T15:00:20.181+0000] {dagbag.py:545} INFO - Filling up the DagBag from /opt/airflow/dags/main.py
[2026-09-09T15:00:20.295+0000] {logging_mixin.py:188} INFO - channel id is not executed
[2026-09-09T15:00:20.508+0000] {processor.py:840} INFO - DAG(s) 'data_quality', 'update_db', 'produce_json' retrieved from /opt/airflow/dags/main.py
[2026-09-09T15:00:21.033+0000] {logging_mixin.py:188} INFO - [2026-09-09T15:00:21.032+0000] {dag.py:3096} INFO - Sync 3 DAGs
[2026-09-09T15:00:21.160+0000] {logging_mixin.py:188} INFO - [2026-09-09T15:00:21.159+0000] {dag.py:3954} INFO - Setting next_dagrun for data_quality to None, run_after=None
[2026-09-09T15:00:21.188+0000] {logging_mixin.py:188} INFO - [2026-09-09T15:00:21.188+0000] {dag.py:3954} INFO - Setting next_dagrun for produce_json to 2026-09-10 14:00:00+00:00, run_after=2026-09-11 14:00:00+00:00
[2026-09-09T15:00:21.217+0000] {logging_mixin.py:188} INFO - [2026-09-09T15:00:21.217+0000] {dag.py:3954} INFO - Setting next_dagrun for update_db to None, run_after=None
[2026-09-09T15:00:21.531+0000] {processor.py:183} INFO - Processing /opt/airflow/dags/main.py took 1.408 seconds
[2026-09-09T15:00:52.164+0000] {processor.py:161} INFO - Started process (PID=162) to work on /opt/airflow/dags/main.py
[2026-09-09T15:00:52.180+0000] {processor.py:830} INFO - Processing file /opt/airflow/dags/main.py for tasks to queue
[2026-09-09T15:00:52.196+0000] {logging_mixin.py:188} INFO - [2026-09-09T15:00:52.195+0000] {dagbag.py:545} INFO - Filling up the DagBag from /opt/airflow/dags/main.py
[2026-09-09T15:00:52.393+0000] {logging_mixin.py:188} INFO - channel id is not executed
[2026-09-09T15:00:52.778+0000] {processor.py:840} INFO - DAG(s) 'update_db', 'produce_json', 'data_quality' retrieved from /opt/airflow/dags/main.py
[2026-09-09T15:00:53.384+0000] {logging_mixin.py:188} INFO - [2026-09-09T15:00:53.383+0000] {dag.py:3096} INFO - Sync 3 DAGs
[2026-09-09T15:00:53.541+0000] {logging_mixin.py:188} INFO - [2026-09-09T15:00:53.541+0000] {dag.py:3954} INFO - Setting next_dagrun for data_quality to None, run_after=None
[2026-09-09T15:00:53.565+0000] {logging_mixin.py:188} INFO - [2026-09-09T15:00:53.564+0000] {dag.py:3954} INFO - Setting next_dagrun for produce_json to 2026-09-10 14:00:00+00:00, run_after=2026-09-11 14:00:00+00:00
[2026-09-09T15:00:53.572+0000] {logging_mixin.py:188} INFO - [2026-09-09T15:00:53.572+0000] {dag.py:3954} INFO - Setting next_dagrun for update_db to None, run_after=None
[2026-09-09T15:00:53.690+0000] {processor.py:183} INFO - Processing /opt/airflow/dags/main.py took 1.545 seconds
[2026-09-09T16:50:24.481+0000] {processor.py:161} INFO - Started process (PID=68) to work on /opt/airflow/dags/main.py
[2026-09-09T16:50:24.492+0000] {processor.py:830} INFO - Processing file /opt/airflow/dags/main.py for tasks to queue
[2026-09-09T16:50:24.507+0000] {logging_mixin.py:188} INFO - [2026-09-09T16:50:24.506+0000] {dagbag.py:545} INFO - Filling up the DagBag from /opt/airflow/dags/main.py
[2026-09-09T16:50:25.434+0000] {logging_mixin.py:188} INFO - channel id is not executed
[2026-09-09T16:50:27.008+0000] {processor.py:840} INFO - DAG(s) 'produce_json', 'update_db', 'data_quality' retrieved from /opt/airflow/dags/main.py
[2026-09-09T16:50:28.935+0000] {logging_mixin.py:188} INFO - [2026-09-09T16:50:28.934+0000] {dag.py:3096} INFO - Sync 3 DAGs
[2026-09-09T16:50:29.020+0000] {logging_mixin.py:188} INFO - [2026-09-09T16:50:29.020+0000] {dag.py:3954} INFO - Setting next_dagrun for data_quality to None, run_after=None
[2026-09-09T16:50:29.039+0000] {logging_mixin.py:188} INFO - [2026-09-09T16:50:29.038+0000] {dag.py:3954} INFO - Setting next_dagrun for produce_json to 2026-09-10 14:00:00+00:00, run_after=2026-09-11 14:00:00+00:00
[2026-09-09T16:50:29.052+0000] {logging_mixin.py:188} INFO - [2026-09-09T16:50:29.052+0000] {dag.py:3954} INFO - Setting next_dagrun for update_db to None, run_after=None
[2026-09-09T16:50:29.155+0000] {processor.py:183} INFO - Processing /opt/airflow/dags/main.py took 4.695 seconds
[2026-09-09T16:51:01.644+0000] {processor.py:161} INFO - Started process (PID=76) to work on /opt/airflow/dags/main.py
[2026-09-09T16:51:01.679+0000] {processor.py:830} INFO - Processing file /opt/airflow/dags/main.py for tasks to queue
[2026-09-09T16:51:01.694+0000] {logging_mixin.py:188} INFO - [2026-09-09T16:51:01.693+0000] {dagbag.py:545} INFO - Filling up the DagBag from /opt/airflow/dags/main.py
[2026-09-09T16:51:02.367+0000] {logging_mixin.py:188} INFO - channel id is not executed
[2026-09-09T16:51:05.960+0000] {processor.py:840} INFO - DAG(s) 'data_quality', 'update_db', 'produce_json' retrieved from /opt/airflow/dags/main.py
[2026-09-09T16:51:09.301+0000] {logging_mixin.py:188} INFO - [2026-09-09T16:51:09.301+0000] {dag.py:3096} INFO - Sync 3 DAGs
[2026-09-09T16:51:11.654+0000] {logging_mixin.py:188} INFO - [2026-09-09T16:51:11.654+0000] {dag.py:3954} INFO - Setting next_dagrun for data_quality to None, run_after=None
[2026-09-09T16:51:11.727+0000] {logging_mixin.py:188} INFO - [2026-09-09T16:51:11.723+0000] {dag.py:3954} INFO - Setting next_dagrun for produce_json to 2026-09-10 14:00:00+00:00, run_after=2026-09-11 14:00:00+00:00
[2026-09-09T16:51:11.741+0000] {logging_mixin.py:188} INFO - [2026-09-09T16:51:11.741+0000] {dag.py:3954} INFO - Setting next_dagrun for update_db to None, run_after=None
[2026-09-09T16:51:12.067+0000] {processor.py:183} INFO - Processing /opt/airflow/dags/main.py took 10.560 seconds
[2026-09-09T16:51:45.378+0000] {processor.py:161} INFO - Started process (PID=84) to work on /opt/airflow/dags/main.py
[2026-09-09T16:51:45.521+0000] {processor.py:830} INFO - Processing file /opt/airflow/dags/main.py for tasks to queue
[2026-09-09T16:51:46.023+0000] {logging_mixin.py:188} INFO - [2026-09-09T16:51:46.022+0000] {dagbag.py:545} INFO - Filling up the DagBag from /opt/airflow/dags/main.py
[2026-09-09T16:51:50.322+0000] {logging_mixin.py:188} INFO - channel id is not executed
[2026-09-09T16:51:58.177+0000] {processor.py:840} INFO - DAG(s) 'data_quality', 'update_db', 'produce_json' retrieved from /opt/airflow/dags/main.py
[2026-09-09T16:52:00.802+0000] {logging_mixin.py:188} INFO - [2026-09-09T16:52:00.785+0000] {dag.py:3096} INFO - Sync 3 DAGs
[2026-09-09T16:52:00.958+0000] {logging_mixin.py:188} INFO - [2026-09-09T16:52:00.957+0000] {dag.py:3954} INFO - Setting next_dagrun for data_quality to None, run_after=None
[2026-09-09T16:52:01.061+0000] {logging_mixin.py:188} INFO - [2026-09-09T16:52:01.061+0000] {dag.py:3954} INFO - Setting next_dagrun for produce_json to 2026-09-10 14:00:00+00:00, run_after=2026-09-11 14:00:00+00:00
[2026-09-09T16:52:01.101+0000] {logging_mixin.py:188} INFO - [2026-09-09T16:52:01.101+0000] {dag.py:3954} INFO - Setting next_dagrun for update_db to None, run_after=None
[2026-09-09T16:52:01.477+0000] {processor.py:183} INFO - Processing /opt/airflow/dags/main.py took 16.982 seconds
[2026-09-09T16:52:38.963+0000] {processor.py:161} INFO - Started process (PID=100) to work on /opt/airflow/dags/main.py
[2026-09-09T16:52:39.175+0000] {processor.py:830} INFO - Processing file /opt/airflow/dags/main.py for tasks to queue
[2026-09-09T16:52:39.708+0000] {logging_mixin.py:188} INFO - [2026-09-09T16:52:39.404+0000] {dagbag.py:545} INFO - Filling up the DagBag from /opt/airflow/dags/main.py
[2026-09-09T16:52:43.220+0000] {logging_mixin.py:188} INFO - channel id is not executed
[2026-09-09T16:52:45.880+0000] {processor.py:840} INFO - DAG(s) 'produce_json', 'data_quality', 'update_db' retrieved from /opt/airflow/dags/main.py
[2026-09-09T16:52:50.076+0000] {logging_mixin.py:188} INFO - [2026-09-09T16:52:50.075+0000] {dag.py:3096} INFO - Sync 3 DAGs
[2026-09-09T16:52:50.407+0000] {logging_mixin.py:188} INFO - [2026-09-09T16:52:50.406+0000] {dag.py:3954} INFO - Setting next_dagrun for data_quality to None, run_after=None
[2026-09-09T16:52:50.449+0000] {logging_mixin.py:188} INFO - [2026-09-09T16:52:50.449+0000] {dag.py:3954} INFO - Setting next_dagrun for produce_json to 2026-09-10 14:00:00+00:00, run_after=2026-09-11 14:00:00+00:00
[2026-09-09T16:52:50.468+0000] {logging_mixin.py:188} INFO - [2026-09-09T16:52:50.468+0000] {dag.py:3954} INFO - Setting next_dagrun for update_db to None, run_after=None
[2026-09-09T16:52:50.621+0000] {processor.py:183} INFO - Processing /opt/airflow/dags/main.py took 13.832 seconds
[2026-09-09T16:53:21.155+0000] {processor.py:161} INFO - Started process (PID=108) to work on /opt/airflow/dags/main.py
[2026-09-09T16:53:21.162+0000] {processor.py:830} INFO - Processing file /opt/airflow/dags/main.py for tasks to queue
[2026-09-09T16:53:21.180+0000] {logging_mixin.py:188} INFO - [2026-09-09T16:53:21.180+0000] {dagbag.py:545} INFO - Filling up the DagBag from /opt/airflow/dags/main.py
[2026-09-09T16:53:21.470+0000] {logging_mixin.py:188} INFO - channel id is not executed
[2026-09-09T16:53:21.924+0000] {processor.py:840} INFO - DAG(s) 'update_db', 'data_quality', 'produce_json' retrieved from /opt/airflow/dags/main.py
[2026-09-09T16:53:22.553+0000] {logging_mixin.py:188} INFO - [2026-09-09T16:53:22.552+0000] {dag.py:3096} INFO - Sync 3 DAGs
[2026-09-09T16:53:22.674+0000] {logging_mixin.py:188} INFO - [2026-09-09T16:53:22.673+0000] {dag.py:3954} INFO - Setting next_dagrun for data_quality to None, run_after=None
[2026-09-09T16:53:22.692+0000] {logging_mixin.py:188} INFO - [2026-09-09T16:53:22.689+0000] {dag.py:3954} INFO - Setting next_dagrun for produce_json to 2026-09-10 14:00:00+00:00, run_after=2026-09-11 14:00:00+00:00
[2026-09-09T16:53:22.714+0000] {logging_mixin.py:188} INFO - [2026-09-09T16:53:22.713+0000] {dag.py:3954} INFO - Setting next_dagrun for update_db to None, run_after=None
[2026-09-09T16:53:22.897+0000] {processor.py:183} INFO - Processing /opt/airflow/dags/main.py took 1.765 seconds
[2026-09-09T16:53:53.484+0000] {processor.py:161} INFO - Started process (PID=115) to work on /opt/airflow/dags/main.py
[2026-09-09T16:53:53.503+0000] {processor.py:830} INFO - Processing file /opt/airflow/dags/main.py for tasks to queue
[2026-09-09T16:53:53.538+0000] {logging_mixin.py:188} INFO - [2026-09-09T16:53:53.531+0000] {dagbag.py:545} INFO - Filling up the DagBag from /opt/airflow/dags/main.py
[2026-09-09T16:53:55.099+0000] {logging_mixin.py:188} INFO - channel id is not executed
[2026-09-09T16:53:56.436+0000] {processor.py:840} INFO - DAG(s) 'produce_json', 'update_db', 'data_quality' retrieved from /opt/airflow/dags/main.py
[2026-09-09T16:53:57.958+0000] {logging_mixin.py:188} INFO - [2026-09-09T16:53:57.954+0000] {dag.py:3096} INFO - Sync 3 DAGs
[2026-09-09T16:54:00.425+0000] {logging_mixin.py:188} INFO - [2026-09-09T16:54:00.425+0000] {dag.py:3954} INFO - Setting next_dagrun for data_quality to None, run_after=None
[2026-09-09T16:54:00.509+0000] {logging_mixin.py:188} INFO - [2026-09-09T16:54:00.508+0000] {dag.py:3954} INFO - Setting next_dagrun for produce_json to 2026-09-10 14:00:00+00:00, run_after=2026-09-11 14:00:00+00:00
[2026-09-09T16:54:00.539+0000] {logging_mixin.py:188} INFO - [2026-09-09T16:54:00.536+0000] {dag.py:3954} INFO - Setting next_dagrun for update_db to None, run_after=None
[2026-09-09T16:54:01.550+0000] {processor.py:183} INFO - Processing /opt/airflow/dags/main.py took 8.192 seconds
[2026-09-09T16:54:32.300+0000] {processor.py:161} INFO - Started process (PID=128) to work on /opt/airflow/dags/main.py
[2026-09-09T16:54:32.415+0000] {processor.py:830} INFO - Processing file /opt/airflow/dags/main.py for tasks to queue
[2026-09-09T16:54:32.599+0000] {logging_mixin.py:188} INFO - [2026-09-09T16:54:32.581+0000] {dagbag.py:545} INFO - Filling up the DagBag from /opt/airflow/dags/main.py
[2026-09-09T16:54:33.467+0000] {logging_mixin.py:188} INFO - channel id is not executed
[2026-09-09T16:54:37.664+0000] {processor.py:840} INFO - DAG(s) 'data_quality', 'produce_json', 'update_db' retrieved from /opt/airflow/dags/main.py
[2026-09-09T16:54:39.598+0000] {logging_mixin.py:188} INFO - [2026-09-09T16:54:39.598+0000] {dag.py:3096} INFO - Sync 3 DAGs
[2026-09-09T16:54:40.000+0000] {logging_mixin.py:188} INFO - [2026-09-09T16:54:40.000+0000] {dag.py:3954} INFO - Setting next_dagrun for data_quality to None, run_after=None
[2026-09-09T16:54:40.108+0000] {logging_mixin.py:188} INFO - [2026-09-09T16:54:40.107+0000] {dag.py:3954} INFO - Setting next_dagrun for produce_json to 2026-09-10 14:00:00+00:00, run_after=2026-09-11 14:00:00+00:00
[2026-09-09T16:54:40.145+0000] {logging_mixin.py:188} INFO - [2026-09-09T16:54:40.145+0000] {dag.py:3954} INFO - Setting next_dagrun for update_db to None, run_after=None
[2026-09-09T16:54:40.349+0000] {processor.py:183} INFO - Processing /opt/airflow/dags/main.py took 8.338 seconds
[2026-09-09T16:55:12.182+0000] {processor.py:161} INFO - Started process (PID=135) to work on /opt/airflow/dags/main.py
[2026-09-09T16:55:12.317+0000] {processor.py:830} INFO - Processing file /opt/airflow/dags/main.py for tasks to queue
[2026-09-09T16:55:12.903+0000] {logging_mixin.py:188} INFO - [2026-09-09T16:55:12.476+0000] {dagbag.py:545} INFO - Filling up the DagBag from /opt/airflow/dags/main.py
[2026-09-09T16:55:14.166+0000] {logging_mixin.py:188} INFO - [2026-09-09T16:55:14.142+0000] {dagbag.py:355} ERROR - Failed to import: /opt/airflow/dags/main.py
Traceback (most recent call last):
  File "/home/airflow/.local/lib/python3.10/site-packages/airflow/models/dagbag.py", line 351, in parse
    loader.exec_module(new_module)
  File "<frozen importlib._bootstrap_external>", line 883, in exec_module
  File "<frozen importlib._bootstrap>", line 241, in _call_with_frames_removed
  File "/opt/airflow/dags/main.py", line 6, in <module>
    from api.video import channel_playlist_id,get_video_id,extract_video_data,save_to_json
  File "<frozen importlib._bootstrap>", line 1027, in _find_and_load
  File "<frozen importlib._bootstrap>", line 1002, in _find_and_load_unlocked
  File "<frozen importlib._bootstrap>", line 945, in _find_spec
  File "<frozen importlib._bootstrap_external>", line 1439, in find_spec
  File "<frozen importlib._bootstrap_external>", line 1411, in _get_spec
  File "<frozen importlib._bootstrap_external>", line 1548, in find_spec
  File "<frozen importlib._bootstrap_external>", line 1591, in _fill_cache
OSError: [Errno 12] Cannot allocate memory: '/opt/airflow/dags/api'
[2026-09-09T16:55:14.168+0000] {processor.py:842} WARNING - No viable dags retrieved from /opt/airflow/dags/main.py
[2026-09-09T16:55:14.274+0000] {processor.py:183} INFO - Processing /opt/airflow/dags/main.py took 2.110 seconds
[2026-09-09T16:55:46.864+0000] {processor.py:161} INFO - Started process (PID=142) to work on /opt/airflow/dags/main.py
[2026-09-09T16:55:46.880+0000] {processor.py:830} INFO - Processing file /opt/airflow/dags/main.py for tasks to queue
[2026-09-09T16:55:46.884+0000] {logging_mixin.py:188} INFO - [2026-09-09T16:55:46.883+0000] {dagbag.py:545} INFO - Filling up the DagBag from /opt/airflow/dags/main.py
[2026-09-09T16:55:47.761+0000] {logging_mixin.py:188} INFO - channel id is not executed
[2026-09-09T16:55:49.543+0000] {processor.py:840} INFO - DAG(s) 'data_quality', 'update_db', 'produce_json' retrieved from /opt/airflow/dags/main.py
[2026-09-09T16:55:51.021+0000] {logging_mixin.py:188} INFO - [2026-09-09T16:55:51.021+0000] {dag.py:3096} INFO - Sync 3 DAGs
[2026-09-09T16:55:51.296+0000] {logging_mixin.py:188} INFO - [2026-09-09T16:55:51.296+0000] {dag.py:3954} INFO - Setting next_dagrun for data_quality to None, run_after=None
[2026-09-09T16:55:51.731+0000] {logging_mixin.py:188} INFO - [2026-09-09T16:55:51.730+0000] {dag.py:3954} INFO - Setting next_dagrun for produce_json to 2026-09-10 14:00:00+00:00, run_after=2026-09-11 14:00:00+00:00
[2026-09-09T16:55:51.762+0000] {logging_mixin.py:188} INFO - [2026-09-09T16:55:51.748+0000] {dag.py:3954} INFO - Setting next_dagrun for update_db to None, run_after=None
[2026-09-09T16:55:52.042+0000] {processor.py:183} INFO - Processing /opt/airflow/dags/main.py took 6.223 seconds
[2026-09-09T16:56:23.270+0000] {processor.py:161} INFO - Started process (PID=149) to work on /opt/airflow/dags/main.py
[2026-09-09T16:56:23.289+0000] {processor.py:830} INFO - Processing file /opt/airflow/dags/main.py for tasks to queue
[2026-09-09T16:56:23.326+0000] {logging_mixin.py:188} INFO - [2026-09-09T16:56:23.324+0000] {dagbag.py:545} INFO - Filling up the DagBag from /opt/airflow/dags/main.py
[2026-09-09T16:56:23.770+0000] {logging_mixin.py:188} INFO - channel id is not executed
[2026-09-09T16:56:24.397+0000] {processor.py:840} INFO - DAG(s) 'produce_json', 'update_db', 'data_quality' retrieved from /opt/airflow/dags/main.py
[2026-09-09T16:56:25.174+0000] {logging_mixin.py:188} INFO - [2026-09-09T16:56:25.174+0000] {dag.py:3096} INFO - Sync 3 DAGs
[2026-09-09T16:56:25.293+0000] {logging_mixin.py:188} INFO - [2026-09-09T16:56:25.293+0000] {dag.py:3954} INFO - Setting next_dagrun for data_quality to None, run_after=None
[2026-09-09T16:56:25.314+0000] {logging_mixin.py:188} INFO - [2026-09-09T16:56:25.313+0000] {dag.py:3954} INFO - Setting next_dagrun for produce_json to 2026-09-10 14:00:00+00:00, run_after=2026-09-11 14:00:00+00:00
[2026-09-09T16:56:25.318+0000] {logging_mixin.py:188} INFO - [2026-09-09T16:56:25.317+0000] {dag.py:3954} INFO - Setting next_dagrun for update_db to None, run_after=None
[2026-09-09T16:56:25.397+0000] {processor.py:183} INFO - Processing /opt/airflow/dags/main.py took 2.273 seconds
[2026-09-09T16:56:56.237+0000] {processor.py:161} INFO - Started process (PID=156) to work on /opt/airflow/dags/main.py
[2026-09-09T16:56:56.240+0000] {processor.py:830} INFO - Processing file /opt/airflow/dags/main.py for tasks to queue
[2026-09-09T16:56:56.246+0000] {logging_mixin.py:188} INFO - [2026-09-09T16:56:56.244+0000] {dagbag.py:545} INFO - Filling up the DagBag from /opt/airflow/dags/main.py
[2026-09-09T16:56:56.591+0000] {logging_mixin.py:188} INFO - channel id is not executed
[2026-09-09T16:56:57.166+0000] {processor.py:840} INFO - DAG(s) 'update_db', 'produce_json', 'data_quality' retrieved from /opt/airflow/dags/main.py
[2026-09-09T16:56:57.947+0000] {logging_mixin.py:188} INFO - [2026-09-09T16:56:57.938+0000] {dag.py:3096} INFO - Sync 3 DAGs
[2026-09-09T16:56:58.084+0000] {logging_mixin.py:188} INFO - [2026-09-09T16:56:58.083+0000] {dag.py:3954} INFO - Setting next_dagrun for data_quality to None, run_after=None
[2026-09-09T16:56:58.171+0000] {logging_mixin.py:188} INFO - [2026-09-09T16:56:58.169+0000] {dag.py:3954} INFO - Setting next_dagrun for produce_json to 2026-09-10 14:00:00+00:00, run_after=2026-09-11 14:00:00+00:00
[2026-09-09T16:56:58.196+0000] {logging_mixin.py:188} INFO - [2026-09-09T16:56:58.195+0000] {dag.py:3954} INFO - Setting next_dagrun for update_db to None, run_after=None
[2026-09-09T16:56:58.578+0000] {processor.py:183} INFO - Processing /opt/airflow/dags/main.py took 2.365 seconds
[2026-09-09T16:57:29.467+0000] {processor.py:161} INFO - Started process (PID=164) to work on /opt/airflow/dags/main.py
[2026-09-09T16:57:29.470+0000] {processor.py:830} INFO - Processing file /opt/airflow/dags/main.py for tasks to queue
[2026-09-09T16:57:29.487+0000] {logging_mixin.py:188} INFO - [2026-09-09T16:57:29.486+0000] {dagbag.py:545} INFO - Filling up the DagBag from /opt/airflow/dags/main.py
[2026-09-09T16:57:29.653+0000] {logging_mixin.py:188} INFO - channel id is not executed
[2026-09-09T16:57:29.814+0000] {processor.py:840} INFO - DAG(s) 'produce_json', 'update_db', 'data_quality' retrieved from /opt/airflow/dags/main.py
[2026-09-09T16:57:30.234+0000] {logging_mixin.py:188} INFO - [2026-09-09T16:57:30.226+0000] {dag.py:3096} INFO - Sync 3 DAGs
[2026-09-09T16:57:30.288+0000] {logging_mixin.py:188} INFO - [2026-09-09T16:57:30.288+0000] {dag.py:3954} INFO - Setting next_dagrun for data_quality to None, run_after=None
[2026-09-09T16:57:30.307+0000] {logging_mixin.py:188} INFO - [2026-09-09T16:57:30.306+0000] {dag.py:3954} INFO - Setting next_dagrun for produce_json to 2026-09-10 14:00:00+00:00, run_after=2026-09-11 14:00:00+00:00
[2026-09-09T16:57:30.316+0000] {logging_mixin.py:188} INFO - [2026-09-09T16:57:30.315+0000] {dag.py:3954} INFO - Setting next_dagrun for update_db to None, run_after=None
[2026-09-09T16:57:30.407+0000] {processor.py:183} INFO - Processing /opt/airflow/dags/main.py took 0.955 seconds
[2026-09-09T16:58:01.104+0000] {processor.py:161} INFO - Started process (PID=172) to work on /opt/airflow/dags/main.py
[2026-09-09T16:58:01.107+0000] {processor.py:830} INFO - Processing file /opt/airflow/dags/main.py for tasks to queue
[2026-09-09T16:58:01.111+0000] {logging_mixin.py:188} INFO - [2026-09-09T16:58:01.110+0000] {dagbag.py:545} INFO - Filling up the DagBag from /opt/airflow/dags/main.py
[2026-09-09T16:58:01.267+0000] {logging_mixin.py:188} INFO - [2026-09-09T16:58:01.242+0000] {dagbag.py:355} ERROR - Failed to import: /opt/airflow/dags/main.py
Traceback (most recent call last):
  File "/home/airflow/.local/lib/python3.10/site-packages/airflow/models/dagbag.py", line 351, in parse
    loader.exec_module(new_module)
  File "<frozen importlib._bootstrap_external>", line 883, in exec_module
  File "<frozen importlib._bootstrap>", line 241, in _call_with_frames_removed
  File "/opt/airflow/dags/main.py", line 6, in <module>
    from api.video import channel_playlist_id,get_video_id,extract_video_data,save_to_json
  File "<frozen importlib._bootstrap>", line 1027, in _find_and_load
  File "<frozen importlib._bootstrap>", line 1002, in _find_and_load_unlocked
  File "<frozen importlib._bootstrap>", line 945, in _find_spec
  File "<frozen importlib._bootstrap_external>", line 1439, in find_spec
  File "<frozen importlib._bootstrap_external>", line 1411, in _get_spec
  File "<frozen importlib._bootstrap_external>", line 1548, in find_spec
  File "<frozen importlib._bootstrap_external>", line 1591, in _fill_cache
OSError: [Errno 12] Cannot allocate memory: '/opt/airflow/dags/api'
[2026-09-09T16:58:01.268+0000] {processor.py:842} WARNING - No viable dags retrieved from /opt/airflow/dags/main.py
[2026-09-09T16:58:01.331+0000] {processor.py:183} INFO - Processing /opt/airflow/dags/main.py took 0.241 seconds
[2026-09-09T16:58:32.409+0000] {processor.py:161} INFO - Started process (PID=179) to work on /opt/airflow/dags/main.py
[2026-09-09T16:58:32.423+0000] {processor.py:830} INFO - Processing file /opt/airflow/dags/main.py for tasks to queue
[2026-09-09T16:58:32.448+0000] {logging_mixin.py:188} INFO - [2026-09-09T16:58:32.445+0000] {dagbag.py:545} INFO - Filling up the DagBag from /opt/airflow/dags/main.py
[2026-09-09T16:58:32.729+0000] {logging_mixin.py:188} INFO - channel id is not executed
[2026-09-09T16:58:33.166+0000] {processor.py:840} INFO - DAG(s) 'produce_json', 'data_quality', 'update_db' retrieved from /opt/airflow/dags/main.py
[2026-09-09T16:58:34.669+0000] {logging_mixin.py:188} INFO - [2026-09-09T16:58:34.665+0000] {dag.py:3096} INFO - Sync 3 DAGs
[2026-09-09T16:58:34.812+0000] {logging_mixin.py:188} INFO - [2026-09-09T16:58:34.800+0000] {dag.py:3954} INFO - Setting next_dagrun for data_quality to None, run_after=None
[2026-09-09T16:58:34.846+0000] {logging_mixin.py:188} INFO - [2026-09-09T16:58:34.846+0000] {dag.py:3954} INFO - Setting next_dagrun for produce_json to 2026-09-10 14:00:00+00:00, run_after=2026-09-11 14:00:00+00:00
[2026-09-09T16:58:34.863+0000] {logging_mixin.py:188} INFO - [2026-09-09T16:58:34.863+0000] {dag.py:3954} INFO - Setting next_dagrun for update_db to None, run_after=None
[2026-09-09T16:58:35.066+0000] {processor.py:183} INFO - Processing /opt/airflow/dags/main.py took 3.059 seconds
[2026-09-09T16:59:09.227+0000] {processor.py:161} INFO - Started process (PID=192) to work on /opt/airflow/dags/main.py
[2026-09-09T16:59:09.332+0000] {processor.py:830} INFO - Processing file /opt/airflow/dags/main.py for tasks to queue
[2026-09-09T16:59:09.381+0000] {logging_mixin.py:188} INFO - [2026-09-09T16:59:09.380+0000] {dagbag.py:545} INFO - Filling up the DagBag from /opt/airflow/dags/main.py
[2026-09-09T16:59:14.018+0000] {logging_mixin.py:188} INFO - [2026-09-09T16:59:13.995+0000] {dagbag.py:355} ERROR - Failed to import: /opt/airflow/dags/main.py
Traceback (most recent call last):
  File "/home/airflow/.local/lib/python3.10/site-packages/airflow/models/dagbag.py", line 351, in parse
    loader.exec_module(new_module)
  File "<frozen importlib._bootstrap_external>", line 883, in exec_module
  File "<frozen importlib._bootstrap>", line 241, in _call_with_frames_removed
  File "/opt/airflow/dags/main.py", line 6, in <module>
    from api.video import channel_playlist_id,get_video_id,extract_video_data,save_to_json
  File "<frozen importlib._bootstrap>", line 1027, in _find_and_load
  File "<frozen importlib._bootstrap>", line 1002, in _find_and_load_unlocked
  File "<frozen importlib._bootstrap>", line 945, in _find_spec
  File "<frozen importlib._bootstrap_external>", line 1439, in find_spec
  File "<frozen importlib._bootstrap_external>", line 1411, in _get_spec
  File "<frozen importlib._bootstrap_external>", line 1548, in find_spec
  File "<frozen importlib._bootstrap_external>", line 1591, in _fill_cache
OSError: [Errno 12] Cannot allocate memory: '/opt/airflow/dags/api'
[2026-09-09T16:59:14.026+0000] {processor.py:842} WARNING - No viable dags retrieved from /opt/airflow/dags/main.py
[2026-09-09T16:59:14.278+0000] {processor.py:183} INFO - Processing /opt/airflow/dags/main.py took 5.054 seconds
[2026-09-09T16:59:45.423+0000] {processor.py:161} INFO - Started process (PID=199) to work on /opt/airflow/dags/main.py
[2026-09-09T16:59:45.435+0000] {processor.py:830} INFO - Processing file /opt/airflow/dags/main.py for tasks to queue
[2026-09-09T16:59:45.447+0000] {logging_mixin.py:188} INFO - [2026-09-09T16:59:45.446+0000] {dagbag.py:545} INFO - Filling up the DagBag from /opt/airflow/dags/main.py
[2026-09-09T16:59:46.952+0000] {logging_mixin.py:188} INFO - channel id is not executed
[2026-09-09T16:59:47.551+0000] {processor.py:840} INFO - DAG(s) 'produce_json', 'update_db', 'data_quality' retrieved from /opt/airflow/dags/main.py
[2026-09-09T16:59:48.594+0000] {logging_mixin.py:188} INFO - [2026-09-09T16:59:48.593+0000] {dag.py:3096} INFO - Sync 3 DAGs
[2026-09-09T16:59:49.416+0000] {logging_mixin.py:188} INFO - [2026-09-09T16:59:49.411+0000] {dag.py:3954} INFO - Setting next_dagrun for data_quality to None, run_after=None
[2026-09-09T16:59:49.468+0000] {logging_mixin.py:188} INFO - [2026-09-09T16:59:49.468+0000] {dag.py:3954} INFO - Setting next_dagrun for produce_json to 2026-09-10 14:00:00+00:00, run_after=2026-09-11 14:00:00+00:00
[2026-09-09T16:59:49.489+0000] {logging_mixin.py:188} INFO - [2026-09-09T16:59:49.489+0000] {dag.py:3954} INFO - Setting next_dagrun for update_db to None, run_after=None
[2026-09-09T16:59:49.632+0000] {processor.py:183} INFO - Processing /opt/airflow/dags/main.py took 4.233 seconds
[2026-09-09T17:00:21.731+0000] {processor.py:161} INFO - Started process (PID=206) to work on /opt/airflow/dags/main.py
[2026-09-09T17:00:21.733+0000] {processor.py:830} INFO - Processing file /opt/airflow/dags/main.py for tasks to queue
[2026-09-09T17:00:21.743+0000] {logging_mixin.py:188} INFO - [2026-09-09T17:00:21.741+0000] {dagbag.py:545} INFO - Filling up the DagBag from /opt/airflow/dags/main.py
[2026-09-09T17:00:21.902+0000] {logging_mixin.py:188} INFO - channel id is not executed
[2026-09-09T17:00:23.545+0000] {processor.py:840} INFO - DAG(s) 'update_db', 'data_quality', 'produce_json' retrieved from /opt/airflow/dags/main.py
[2026-09-09T17:00:25.312+0000] {logging_mixin.py:188} INFO - [2026-09-09T17:00:25.302+0000] {dag.py:3096} INFO - Sync 3 DAGs
[2026-09-09T17:00:25.662+0000] {logging_mixin.py:188} INFO - [2026-09-09T17:00:25.662+0000] {dag.py:3954} INFO - Setting next_dagrun for data_quality to None, run_after=None
[2026-09-09T17:00:25.685+0000] {logging_mixin.py:188} INFO - [2026-09-09T17:00:25.684+0000] {dag.py:3954} INFO - Setting next_dagrun for produce_json to 2026-09-10 14:00:00+00:00, run_after=2026-09-11 14:00:00+00:00
[2026-09-09T17:00:25.697+0000] {logging_mixin.py:188} INFO - [2026-09-09T17:00:25.697+0000] {dag.py:3954} INFO - Setting next_dagrun for update_db to None, run_after=None
[2026-09-09T17:00:25.857+0000] {processor.py:183} INFO - Processing /opt/airflow/dags/main.py took 4.146 seconds
[2026-09-09T17:00:56.382+0000] {processor.py:161} INFO - Started process (PID=213) to work on /opt/airflow/dags/main.py
[2026-09-09T17:00:56.385+0000] {processor.py:830} INFO - Processing file /opt/airflow/dags/main.py for tasks to queue
[2026-09-09T17:00:56.399+0000] {logging_mixin.py:188} INFO - [2026-09-09T17:00:56.398+0000] {dagbag.py:545} INFO - Filling up the DagBag from /opt/airflow/dags/main.py
[2026-09-09T17:00:56.598+0000] {logging_mixin.py:188} INFO - channel id is not executed
[2026-09-09T17:00:56.877+0000] {processor.py:840} INFO - DAG(s) 'update_db', 'produce_json', 'data_quality' retrieved from /opt/airflow/dags/main.py
[2026-09-09T17:00:57.631+0000] {logging_mixin.py:188} INFO - [2026-09-09T17:00:57.630+0000] {dag.py:3096} INFO - Sync 3 DAGs
[2026-09-09T17:00:57.724+0000] {logging_mixin.py:188} INFO - [2026-09-09T17:00:57.724+0000] {dag.py:3954} INFO - Setting next_dagrun for data_quality to None, run_after=None
[2026-09-09T17:00:57.743+0000] {logging_mixin.py:188} INFO - [2026-09-09T17:00:57.743+0000] {dag.py:3954} INFO - Setting next_dagrun for produce_json to 2026-09-10 14:00:00+00:00, run_after=2026-09-11 14:00:00+00:00
[2026-09-09T17:00:57.752+0000] {logging_mixin.py:188} INFO - [2026-09-09T17:00:57.751+0000] {dag.py:3954} INFO - Setting next_dagrun for update_db to None, run_after=None
[2026-09-09T17:00:57.825+0000] {processor.py:183} INFO - Processing /opt/airflow/dags/main.py took 1.468 seconds
[2026-09-09T17:01:28.638+0000] {processor.py:161} INFO - Started process (PID=221) to work on /opt/airflow/dags/main.py
[2026-09-09T17:01:28.641+0000] {processor.py:830} INFO - Processing file /opt/airflow/dags/main.py for tasks to queue
[2026-09-09T17:01:28.654+0000] {logging_mixin.py:188} INFO - [2026-09-09T17:01:28.653+0000] {dagbag.py:545} INFO - Filling up the DagBag from /opt/airflow/dags/main.py
[2026-09-09T17:01:28.987+0000] {logging_mixin.py:188} INFO - channel id is not executed
[2026-09-09T17:01:29.463+0000] {processor.py:840} INFO - DAG(s) 'data_quality', 'produce_json', 'update_db' retrieved from /opt/airflow/dags/main.py
[2026-09-09T17:01:30.139+0000] {logging_mixin.py:188} INFO - [2026-09-09T17:01:30.139+0000] {dag.py:3096} INFO - Sync 3 DAGs
[2026-09-09T17:01:30.223+0000] {logging_mixin.py:188} INFO - [2026-09-09T17:01:30.222+0000] {dag.py:3954} INFO - Setting next_dagrun for data_quality to None, run_after=None
[2026-09-09T17:01:30.376+0000] {logging_mixin.py:188} INFO - [2026-09-09T17:01:30.375+0000] {dag.py:3954} INFO - Setting next_dagrun for produce_json to 2026-09-10 14:00:00+00:00, run_after=2026-09-11 14:00:00+00:00
[2026-09-09T17:01:30.399+0000] {logging_mixin.py:188} INFO - [2026-09-09T17:01:30.399+0000] {dag.py:3954} INFO - Setting next_dagrun for update_db to None, run_after=None
[2026-09-09T17:01:30.618+0000] {processor.py:183} INFO - Processing /opt/airflow/dags/main.py took 2.006 seconds
[2026-09-09T17:02:01.714+0000] {processor.py:161} INFO - Started process (PID=228) to work on /opt/airflow/dags/main.py
[2026-09-09T17:02:01.729+0000] {processor.py:830} INFO - Processing file /opt/airflow/dags/main.py for tasks to queue
[2026-09-09T17:02:01.738+0000] {logging_mixin.py:188} INFO - [2026-09-09T17:02:01.737+0000] {dagbag.py:545} INFO - Filling up the DagBag from /opt/airflow/dags/main.py
[2026-09-09T17:02:01.923+0000] {logging_mixin.py:188} INFO - channel id is not executed
[2026-09-09T17:02:02.204+0000] {processor.py:840} INFO - DAG(s) 'produce_json', 'data_quality', 'update_db' retrieved from /opt/airflow/dags/main.py
[2026-09-09T17:02:03.116+0000] {logging_mixin.py:188} INFO - [2026-09-09T17:02:03.116+0000] {dag.py:3096} INFO - Sync 3 DAGs
[2026-09-09T17:02:03.225+0000] {logging_mixin.py:188} INFO - [2026-09-09T17:02:03.224+0000] {dag.py:3954} INFO - Setting next_dagrun for data_quality to None, run_after=None
[2026-09-09T17:02:03.264+0000] {logging_mixin.py:188} INFO - [2026-09-09T17:02:03.264+0000] {dag.py:3954} INFO - Setting next_dagrun for produce_json to 2026-09-10 14:00:00+00:00, run_after=2026-09-11 14:00:00+00:00
[2026-09-09T17:02:03.285+0000] {logging_mixin.py:188} INFO - [2026-09-09T17:02:03.285+0000] {dag.py:3954} INFO - Setting next_dagrun for update_db to None, run_after=None
[2026-09-09T17:02:03.379+0000] {processor.py:183} INFO - Processing /opt/airflow/dags/main.py took 1.675 seconds
[2026-09-09T17:02:34.610+0000] {processor.py:161} INFO - Started process (PID=234) to work on /opt/airflow/dags/main.py
[2026-09-09T17:02:34.623+0000] {processor.py:830} INFO - Processing file /opt/airflow/dags/main.py for tasks to queue
[2026-09-09T17:02:34.676+0000] {logging_mixin.py:188} INFO - [2026-09-09T17:02:34.675+0000] {dagbag.py:545} INFO - Filling up the DagBag from /opt/airflow/dags/main.py
[2026-09-09T17:02:34.803+0000] {logging_mixin.py:188} INFO - channel id is not executed
[2026-09-09T17:02:36.783+0000] {processor.py:840} INFO - DAG(s) 'update_db', 'produce_json', 'data_quality' retrieved from /opt/airflow/dags/main.py
[2026-09-09T17:02:38.077+0000] {logging_mixin.py:188} INFO - [2026-09-09T17:02:38.077+0000] {dag.py:3096} INFO - Sync 3 DAGs
[2026-09-09T17:02:38.174+0000] {logging_mixin.py:188} INFO - [2026-09-09T17:02:38.174+0000] {dag.py:3954} INFO - Setting next_dagrun for data_quality to None, run_after=None
[2026-09-09T17:02:38.202+0000] {logging_mixin.py:188} INFO - [2026-09-09T17:02:38.202+0000] {dag.py:3954} INFO - Setting next_dagrun for produce_json to 2026-09-10 14:00:00+00:00, run_after=2026-09-11 14:00:00+00:00
[2026-09-09T17:02:38.207+0000] {logging_mixin.py:188} INFO - [2026-09-09T17:02:38.207+0000] {dag.py:3954} INFO - Setting next_dagrun for update_db to None, run_after=None
[2026-09-09T17:02:38.285+0000] {processor.py:183} INFO - Processing /opt/airflow/dags/main.py took 3.934 seconds
[2026-09-09T17:03:10.931+0000] {processor.py:161} INFO - Started process (PID=241) to work on /opt/airflow/dags/main.py
[2026-09-09T17:03:10.977+0000] {processor.py:830} INFO - Processing file /opt/airflow/dags/main.py for tasks to queue
[2026-09-09T17:03:11.010+0000] {logging_mixin.py:188} INFO - [2026-09-09T17:03:11.009+0000] {dagbag.py:545} INFO - Filling up the DagBag from /opt/airflow/dags/main.py
[2026-09-09T17:03:11.726+0000] {logging_mixin.py:188} INFO - channel id is not executed
[2026-09-09T17:03:12.118+0000] {processor.py:840} INFO - DAG(s) 'produce_json', 'update_db', 'data_quality' retrieved from /opt/airflow/dags/main.py
[2026-09-09T17:03:13.229+0000] {logging_mixin.py:188} INFO - [2026-09-09T17:03:13.229+0000] {dag.py:3096} INFO - Sync 3 DAGs
[2026-09-09T17:03:13.357+0000] {logging_mixin.py:188} INFO - [2026-09-09T17:03:13.356+0000] {dag.py:3954} INFO - Setting next_dagrun for data_quality to None, run_after=None
[2026-09-09T17:03:13.387+0000] {logging_mixin.py:188} INFO - [2026-09-09T17:03:13.387+0000] {dag.py:3954} INFO - Setting next_dagrun for produce_json to 2026-09-10 14:00:00+00:00, run_after=2026-09-11 14:00:00+00:00
[2026-09-09T17:03:13.391+0000] {logging_mixin.py:188} INFO - [2026-09-09T17:03:13.390+0000] {dag.py:3954} INFO - Setting next_dagrun for update_db to None, run_after=None
[2026-09-09T17:03:13.513+0000] {processor.py:183} INFO - Processing /opt/airflow/dags/main.py took 2.660 seconds
[2026-09-09T17:03:44.396+0000] {processor.py:161} INFO - Started process (PID=253) to work on /opt/airflow/dags/main.py
[2026-09-09T17:03:44.399+0000] {processor.py:830} INFO - Processing file /opt/airflow/dags/main.py for tasks to queue
[2026-09-09T17:03:44.412+0000] {logging_mixin.py:188} INFO - [2026-09-09T17:03:44.412+0000] {dagbag.py:545} INFO - Filling up the DagBag from /opt/airflow/dags/main.py
[2026-09-09T17:03:44.521+0000] {logging_mixin.py:188} INFO - channel id is not executed
[2026-09-09T17:03:44.685+0000] {processor.py:840} INFO - DAG(s) 'data_quality', 'update_db', 'produce_json' retrieved from /opt/airflow/dags/main.py
[2026-09-09T17:03:44.925+0000] {logging_mixin.py:188} INFO - [2026-09-09T17:03:44.924+0000] {dag.py:3096} INFO - Sync 3 DAGs
[2026-09-09T17:03:44.964+0000] {logging_mixin.py:188} INFO - [2026-09-09T17:03:44.963+0000] {dag.py:3954} INFO - Setting next_dagrun for data_quality to None, run_after=None
[2026-09-09T17:03:44.980+0000] {logging_mixin.py:188} INFO - [2026-09-09T17:03:44.979+0000] {dag.py:3954} INFO - Setting next_dagrun for produce_json to 2026-09-10 14:00:00+00:00, run_after=2026-09-11 14:00:00+00:00
[2026-09-09T17:03:44.995+0000] {logging_mixin.py:188} INFO - [2026-09-09T17:03:44.995+0000] {dag.py:3954} INFO - Setting next_dagrun for update_db to None, run_after=None
[2026-09-09T17:03:45.077+0000] {processor.py:183} INFO - Processing /opt/airflow/dags/main.py took 0.693 seconds
[2026-09-09T17:04:15.366+0000] {processor.py:161} INFO - Started process (PID=262) to work on /opt/airflow/dags/main.py
[2026-09-09T17:04:15.373+0000] {processor.py:830} INFO - Processing file /opt/airflow/dags/main.py for tasks to queue
[2026-09-09T17:04:15.388+0000] {logging_mixin.py:188} INFO - [2026-09-09T17:04:15.387+0000] {dagbag.py:545} INFO - Filling up the DagBag from /opt/airflow/dags/main.py
[2026-09-09T17:04:15.617+0000] {logging_mixin.py:188} INFO - channel id is not executed
[2026-09-09T17:04:16.115+0000] {processor.py:840} INFO - DAG(s) 'produce_json', 'data_quality', 'update_db' retrieved from /opt/airflow/dags/main.py
[2026-09-09T17:04:16.392+0000] {logging_mixin.py:188} INFO - [2026-09-09T17:04:16.392+0000] {dag.py:3096} INFO - Sync 3 DAGs
[2026-09-09T17:04:16.429+0000] {logging_mixin.py:188} INFO - [2026-09-09T17:04:16.429+0000] {dag.py:3954} INFO - Setting next_dagrun for data_quality to None, run_after=None
[2026-09-09T17:04:16.440+0000] {logging_mixin.py:188} INFO - [2026-09-09T17:04:16.440+0000] {dag.py:3954} INFO - Setting next_dagrun for produce_json to 2026-09-10 14:00:00+00:00, run_after=2026-09-11 14:00:00+00:00
[2026-09-09T17:04:16.444+0000] {logging_mixin.py:188} INFO - [2026-09-09T17:04:16.444+0000] {dag.py:3954} INFO - Setting next_dagrun for update_db to None, run_after=None
[2026-09-09T17:04:16.485+0000] {processor.py:183} INFO - Processing /opt/airflow/dags/main.py took 1.137 seconds
[2026-09-09T17:04:47.355+0000] {processor.py:161} INFO - Started process (PID=269) to work on /opt/airflow/dags/main.py
[2026-09-09T17:04:47.358+0000] {processor.py:830} INFO - Processing file /opt/airflow/dags/main.py for tasks to queue
[2026-09-09T17:04:47.362+0000] {logging_mixin.py:188} INFO - [2026-09-09T17:04:47.361+0000] {dagbag.py:545} INFO - Filling up the DagBag from /opt/airflow/dags/main.py
[2026-09-09T17:04:47.433+0000] {logging_mixin.py:188} INFO - channel id is not executed
[2026-09-09T17:04:47.650+0000] {processor.py:840} INFO - DAG(s) 'data_quality', 'update_db', 'produce_json' retrieved from /opt/airflow/dags/main.py
[2026-09-09T17:04:48.096+0000] {logging_mixin.py:188} INFO - [2026-09-09T17:04:48.095+0000] {dag.py:3096} INFO - Sync 3 DAGs
[2026-09-09T17:04:48.167+0000] {logging_mixin.py:188} INFO - [2026-09-09T17:04:48.166+0000] {dag.py:3954} INFO - Setting next_dagrun for data_quality to None, run_after=None
[2026-09-09T17:04:48.203+0000] {logging_mixin.py:188} INFO - [2026-09-09T17:04:48.203+0000] {dag.py:3954} INFO - Setting next_dagrun for produce_json to 2026-09-10 14:00:00+00:00, run_after=2026-09-11 14:00:00+00:00
[2026-09-09T17:04:48.207+0000] {logging_mixin.py:188} INFO - [2026-09-09T17:04:48.207+0000] {dag.py:3954} INFO - Setting next_dagrun for update_db to None, run_after=None
[2026-09-09T17:04:48.258+0000] {processor.py:183} INFO - Processing /opt/airflow/dags/main.py took 0.921 seconds
