[2026-09-01T18:14:11.596+0000] {processor.py:161} INFO - Started process (PID=246) to work on /opt/airflow/dags/main.py
[2026-09-01T18:14:11.609+0000] {processor.py:830} INFO - Processing file /opt/airflow/dags/main.py for tasks to queue
[2026-09-01T18:14:11.928+0000] {logging_mixin.py:188} INFO - [2026-09-01T18:14:11.906+0000] {dagbag.py:545} INFO - Filling up the DagBag from /opt/airflow/dags/main.py
[2026-09-01T18:14:12.191+0000] {logging_mixin.py:188} INFO - [2026-09-01T18:14:12.172+0000] {dagbag.py:355} ERROR - Failed to import: /opt/airflow/dags/main.py
Traceback (most recent call last):
  File "/home/airflow/.local/lib/python3.10/site-packages/airflow/models/dagbag.py", line 351, in parse
    loader.exec_module(new_module)
  File "<frozen importlib._bootstrap_external>", line 879, in exec_module
  File "<frozen importlib._bootstrap_external>", line 1017, in get_code
  File "<frozen importlib._bootstrap_external>", line 947, in source_to_code
  File "<frozen importlib._bootstrap>", line 241, in _call_with_frames_removed
  File "/opt/airflow/dags/main.py", line 5
    from api.video_stats import 
                                ^
SyntaxError: invalid syntax
[2026-09-01T18:14:12.221+0000] {processor.py:842} WARNING - No viable dags retrieved from /opt/airflow/dags/main.py
[2026-09-01T18:14:12.910+0000] {processor.py:183} INFO - Processing /opt/airflow/dags/main.py took 2.529 seconds
[2026-09-01T18:14:28.126+0000] {processor.py:161} INFO - Started process (PID=247) to work on /opt/airflow/dags/main.py
[2026-09-01T18:14:28.130+0000] {processor.py:830} INFO - Processing file /opt/airflow/dags/main.py for tasks to queue
[2026-09-01T18:14:28.206+0000] {logging_mixin.py:188} INFO - [2026-09-01T18:14:28.206+0000] {dagbag.py:545} INFO - Filling up the DagBag from /opt/airflow/dags/main.py
[2026-09-01T18:14:30.922+0000] {logging_mixin.py:188} INFO - [2026-09-01T18:14:30.017+0000] {dagbag.py:355} ERROR - Failed to import: /opt/airflow/dags/main.py
Traceback (most recent call last):
  File "/home/airflow/.local/lib/python3.10/site-packages/airflow/models/dagbag.py", line 351, in parse
    loader.exec_module(new_module)
  File "<frozen importlib._bootstrap_external>", line 883, in exec_module
  File "<frozen importlib._bootstrap>", line 241, in _call_with_frames_removed
  File "/opt/airflow/dags/main.py", line 5, in <module>
    from api.video_stats import channel
ModuleNotFoundError: No module named 'api.video_stats'
[2026-09-01T18:14:31.070+0000] {processor.py:842} WARNING - No viable dags retrieved from /opt/airflow/dags/main.py
[2026-09-01T18:14:31.699+0000] {processor.py:183} INFO - Processing /opt/airflow/dags/main.py took 3.591 seconds
[2026-09-01T18:14:35.869+0000] {processor.py:161} INFO - Started process (PID=248) to work on /opt/airflow/dags/main.py
[2026-09-01T18:14:35.996+0000] {processor.py:830} INFO - Processing file /opt/airflow/dags/main.py for tasks to queue
[2026-09-01T18:14:36.229+0000] {logging_mixin.py:188} INFO - [2026-09-01T18:14:36.226+0000] {dagbag.py:545} INFO - Filling up the DagBag from /opt/airflow/dags/main.py
[2026-09-01T18:14:40.695+0000] {logging_mixin.py:188} INFO - [2026-09-01T18:14:40.442+0000] {dagbag.py:355} ERROR - Failed to import: /opt/airflow/dags/main.py
Traceback (most recent call last):
  File "/home/airflow/.local/lib/python3.10/site-packages/airflow/models/dagbag.py", line 351, in parse
    loader.exec_module(new_module)
  File "<frozen importlib._bootstrap_external>", line 883, in exec_module
  File "<frozen importlib._bootstrap>", line 241, in _call_with_frames_removed
  File "/opt/airflow/dags/main.py", line 5, in <module>
    from api.video_stats import channel_playlist_id,
ModuleNotFoundError: No module named 'api.video_stats'
[2026-09-01T18:14:40.777+0000] {processor.py:842} WARNING - No viable dags retrieved from /opt/airflow/dags/main.py
[2026-09-01T18:14:44.426+0000] {processor.py:183} INFO - Processing /opt/airflow/dags/main.py took 8.875 seconds
[2026-09-01T18:14:54.440+0000] {processor.py:161} INFO - Started process (PID=255) to work on /opt/airflow/dags/main.py
[2026-09-01T18:14:54.633+0000] {processor.py:830} INFO - Processing file /opt/airflow/dags/main.py for tasks to queue
[2026-09-01T18:14:55.792+0000] {logging_mixin.py:188} INFO - [2026-09-01T18:14:55.781+0000] {dagbag.py:545} INFO - Filling up the DagBag from /opt/airflow/dags/main.py
[2026-09-01T18:15:00.069+0000] {logging_mixin.py:188} INFO - [2026-09-01T18:14:59.646+0000] {dagbag.py:355} ERROR - Failed to import: /opt/airflow/dags/main.py
Traceback (most recent call last):
  File "/home/airflow/.local/lib/python3.10/site-packages/airflow/models/dagbag.py", line 351, in parse
    loader.exec_module(new_module)
  File "<frozen importlib._bootstrap_external>", line 883, in exec_module
  File "<frozen importlib._bootstrap>", line 241, in _call_with_frames_removed
  File "/opt/airflow/dags/main.py", line 5, in <module>
    from api.video_stats import channel_playlist_id,get_video_id,
ModuleNotFoundError: No module named 'api.video_stats'
[2026-09-01T18:15:00.462+0000] {processor.py:842} WARNING - No viable dags retrieved from /opt/airflow/dags/main.py
[2026-09-01T18:15:01.223+0000] {processor.py:183} INFO - Processing /opt/airflow/dags/main.py took 8.082 seconds
[2026-09-01T18:15:09.209+0000] {processor.py:161} INFO - Started process (PID=256) to work on /opt/airflow/dags/main.py
[2026-09-01T18:15:09.224+0000] {processor.py:830} INFO - Processing file /opt/airflow/dags/main.py for tasks to queue
[2026-09-01T18:15:09.228+0000] {logging_mixin.py:188} INFO - [2026-09-01T18:15:09.228+0000] {dagbag.py:545} INFO - Filling up the DagBag from /opt/airflow/dags/main.py
[2026-09-01T18:15:09.342+0000] {logging_mixin.py:188} INFO - [2026-09-01T18:15:09.337+0000] {dagbag.py:355} ERROR - Failed to import: /opt/airflow/dags/main.py
Traceback (most recent call last):
  File "/home/airflow/.local/lib/python3.10/site-packages/airflow/models/dagbag.py", line 351, in parse
    loader.exec_module(new_module)
  File "<frozen importlib._bootstrap_external>", line 883, in exec_module
  File "<frozen importlib._bootstrap>", line 241, in _call_with_frames_removed
  File "/opt/airflow/dags/main.py", line 5, in <module>
    from api.video_stats import channel_playlist_id,get_video_id,ext
ModuleNotFoundError: No module named 'api.video_stats'
[2026-09-01T18:15:09.345+0000] {processor.py:842} WARNING - No viable dags retrieved from /opt/airflow/dags/main.py
[2026-09-01T18:15:09.386+0000] {processor.py:183} INFO - Processing /opt/airflow/dags/main.py took 0.185 seconds
[2026-09-01T18:15:11.628+0000] {processor.py:161} INFO - Started process (PID=257) to work on /opt/airflow/dags/main.py
[2026-09-01T18:15:11.632+0000] {processor.py:830} INFO - Processing file /opt/airflow/dags/main.py for tasks to queue
[2026-09-01T18:15:11.636+0000] {logging_mixin.py:188} INFO - [2026-09-01T18:15:11.636+0000] {dagbag.py:545} INFO - Filling up the DagBag from /opt/airflow/dags/main.py
[2026-09-01T18:15:11.712+0000] {logging_mixin.py:188} INFO - [2026-09-01T18:15:11.694+0000] {dagbag.py:355} ERROR - Failed to import: /opt/airflow/dags/main.py
Traceback (most recent call last):
  File "/home/airflow/.local/lib/python3.10/site-packages/airflow/models/dagbag.py", line 351, in parse
    loader.exec_module(new_module)
  File "<frozen importlib._bootstrap_external>", line 883, in exec_module
  File "<frozen importlib._bootstrap>", line 241, in _call_with_frames_removed
  File "/opt/airflow/dags/main.py", line 5, in <module>
    from api.video_stats import channel_playlist_id,get_video_id,extract
ModuleNotFoundError: No module named 'api.video_stats'
[2026-09-01T18:15:11.717+0000] {processor.py:842} WARNING - No viable dags retrieved from /opt/airflow/dags/main.py
[2026-09-01T18:15:11.802+0000] {processor.py:183} INFO - Processing /opt/airflow/dags/main.py took 0.186 seconds
[2026-09-01T18:15:17.049+0000] {processor.py:161} INFO - Started process (PID=264) to work on /opt/airflow/dags/main.py
[2026-09-01T18:15:17.067+0000] {processor.py:830} INFO - Processing file /opt/airflow/dags/main.py for tasks to queue
[2026-09-01T18:15:17.086+0000] {logging_mixin.py:188} INFO - [2026-09-01T18:15:17.085+0000] {dagbag.py:545} INFO - Filling up the DagBag from /opt/airflow/dags/main.py
[2026-09-01T18:15:17.928+0000] {logging_mixin.py:188} INFO - [2026-09-01T18:15:17.924+0000] {dagbag.py:355} ERROR - Failed to import: /opt/airflow/dags/main.py
Traceback (most recent call last):
  File "/home/airflow/.local/lib/python3.10/site-packages/airflow/models/dagbag.py", line 351, in parse
    loader.exec_module(new_module)
  File "<frozen importlib._bootstrap_external>", line 879, in exec_module
  File "<frozen importlib._bootstrap_external>", line 1017, in get_code
  File "<frozen importlib._bootstrap_external>", line 947, in source_to_code
  File "<frozen importlib._bootstrap>", line 241, in _call_with_frames_removed
  File "/opt/airflow/dags/main.py", line 5
    from api.video_stats import channel_playlist_id,get_video_id,extract_video)
                                                                              ^
SyntaxError: unmatched ')'
[2026-09-01T18:15:17.968+0000] {processor.py:842} WARNING - No viable dags retrieved from /opt/airflow/dags/main.py
[2026-09-01T18:15:18.142+0000] {processor.py:183} INFO - Processing /opt/airflow/dags/main.py took 1.129 seconds
[2026-09-01T18:15:19.452+0000] {processor.py:161} INFO - Started process (PID=265) to work on /opt/airflow/dags/main.py
[2026-09-01T18:15:19.464+0000] {processor.py:830} INFO - Processing file /opt/airflow/dags/main.py for tasks to queue
[2026-09-01T18:15:19.516+0000] {logging_mixin.py:188} INFO - [2026-09-01T18:15:19.515+0000] {dagbag.py:545} INFO - Filling up the DagBag from /opt/airflow/dags/main.py
[2026-09-01T18:15:20.404+0000] {logging_mixin.py:188} INFO - [2026-09-01T18:15:20.295+0000] {dagbag.py:355} ERROR - Failed to import: /opt/airflow/dags/main.py
Traceback (most recent call last):
  File "/home/airflow/.local/lib/python3.10/site-packages/airflow/models/dagbag.py", line 351, in parse
    loader.exec_module(new_module)
  File "<frozen importlib._bootstrap_external>", line 883, in exec_module
  File "<frozen importlib._bootstrap>", line 241, in _call_with_frames_removed
  File "/opt/airflow/dags/main.py", line 5, in <module>
    from api.video_stats import channel_playlist_id,get_video_id,extract_video_dt
ModuleNotFoundError: No module named 'api.video_stats'
[2026-09-01T18:15:20.717+0000] {processor.py:842} WARNING - No viable dags retrieved from /opt/airflow/dags/main.py
[2026-09-01T18:15:20.995+0000] {processor.py:183} INFO - Processing /opt/airflow/dags/main.py took 1.563 seconds
[2026-09-01T18:15:22.627+0000] {processor.py:161} INFO - Started process (PID=266) to work on /opt/airflow/dags/main.py
[2026-09-01T18:15:22.632+0000] {processor.py:830} INFO - Processing file /opt/airflow/dags/main.py for tasks to queue
[2026-09-01T18:15:22.880+0000] {logging_mixin.py:188} INFO - [2026-09-01T18:15:22.879+0000] {dagbag.py:545} INFO - Filling up the DagBag from /opt/airflow/dags/main.py
[2026-09-01T18:15:26.006+0000] {logging_mixin.py:188} INFO - [2026-09-01T18:15:26.005+0000] {dagbag.py:355} ERROR - Failed to import: /opt/airflow/dags/main.py
Traceback (most recent call last):
  File "/home/airflow/.local/lib/python3.10/site-packages/airflow/models/dagbag.py", line 351, in parse
    loader.exec_module(new_module)
  File "<frozen importlib._bootstrap_external>", line 879, in exec_module
  File "<frozen importlib._bootstrap_external>", line 1017, in get_code
  File "<frozen importlib._bootstrap_external>", line 947, in source_to_code
  File "<frozen importlib._bootstrap>", line 241, in _call_with_frames_removed
  File "/opt/airflow/dags/main.py", line 5
    from api.video_stats import channel_playlist_id,get_video_id,extract_video_data,
                                                                                    ^
SyntaxError: trailing comma not allowed without surrounding parentheses
[2026-09-01T18:15:26.142+0000] {processor.py:842} WARNING - No viable dags retrieved from /opt/airflow/dags/main.py
[2026-09-01T18:15:26.276+0000] {processor.py:183} INFO - Processing /opt/airflow/dags/main.py took 3.774 seconds
[2026-09-01T18:15:29.217+0000] {processor.py:161} INFO - Started process (PID=267) to work on /opt/airflow/dags/main.py
[2026-09-01T18:15:29.230+0000] {processor.py:830} INFO - Processing file /opt/airflow/dags/main.py for tasks to queue
[2026-09-01T18:15:29.247+0000] {logging_mixin.py:188} INFO - [2026-09-01T18:15:29.245+0000] {dagbag.py:545} INFO - Filling up the DagBag from /opt/airflow/dags/main.py
[2026-09-01T18:15:31.182+0000] {logging_mixin.py:188} INFO - [2026-09-01T18:15:31.139+0000] {dagbag.py:355} ERROR - Failed to import: /opt/airflow/dags/main.py
Traceback (most recent call last):
  File "/home/airflow/.local/lib/python3.10/site-packages/airflow/models/dagbag.py", line 351, in parse
    loader.exec_module(new_module)
  File "<frozen importlib._bootstrap_external>", line 883, in exec_module
  File "<frozen importlib._bootstrap>", line 241, in _call_with_frames_removed
  File "/opt/airflow/dags/main.py", line 5, in <module>
    from api.video_stats import channel_playlist_id,get_video_id,extract_video_data,save_
ModuleNotFoundError: No module named 'api.video_stats'
[2026-09-01T18:15:31.254+0000] {processor.py:842} WARNING - No viable dags retrieved from /opt/airflow/dags/main.py
[2026-09-01T18:15:31.468+0000] {processor.py:183} INFO - Processing /opt/airflow/dags/main.py took 2.285 seconds
[2026-09-01T18:15:34.167+0000] {processor.py:161} INFO - Started process (PID=268) to work on /opt/airflow/dags/main.py
[2026-09-01T18:15:34.183+0000] {processor.py:830} INFO - Processing file /opt/airflow/dags/main.py for tasks to queue
[2026-09-01T18:15:34.204+0000] {logging_mixin.py:188} INFO - [2026-09-01T18:15:34.203+0000] {dagbag.py:545} INFO - Filling up the DagBag from /opt/airflow/dags/main.py
[2026-09-01T18:15:35.495+0000] {logging_mixin.py:188} INFO - [2026-09-01T18:15:35.487+0000] {dagbag.py:355} ERROR - Failed to import: /opt/airflow/dags/main.py
Traceback (most recent call last):
  File "/home/airflow/.local/lib/python3.10/site-packages/airflow/models/dagbag.py", line 351, in parse
    loader.exec_module(new_module)
  File "<frozen importlib._bootstrap_external>", line 883, in exec_module
  File "<frozen importlib._bootstrap>", line 241, in _call_with_frames_removed
  File "/opt/airflow/dags/main.py", line 5, in <module>
    from api.video_stats import channel_playlist_id,get_video_id,extract_video_data,save_to_json
ModuleNotFoundError: No module named 'api.video_stats'
[2026-09-01T18:15:35.500+0000] {processor.py:842} WARNING - No viable dags retrieved from /opt/airflow/dags/main.py
[2026-09-01T18:15:35.559+0000] {processor.py:183} INFO - Processing /opt/airflow/dags/main.py took 1.413 seconds
[2026-09-01T18:16:06.077+0000] {processor.py:161} INFO - Started process (PID=276) to work on /opt/airflow/dags/main.py
[2026-09-01T18:16:06.089+0000] {processor.py:830} INFO - Processing file /opt/airflow/dags/main.py for tasks to queue
[2026-09-01T18:16:06.095+0000] {logging_mixin.py:188} INFO - [2026-09-01T18:16:06.095+0000] {dagbag.py:545} INFO - Filling up the DagBag from /opt/airflow/dags/main.py
[2026-09-01T18:16:06.781+0000] {logging_mixin.py:188} INFO - [2026-09-01T18:16:06.768+0000] {dagbag.py:355} ERROR - Failed to import: /opt/airflow/dags/main.py
Traceback (most recent call last):
  File "/home/airflow/.local/lib/python3.10/site-packages/airflow/models/dagbag.py", line 351, in parse
    loader.exec_module(new_module)
  File "<frozen importlib._bootstrap_external>", line 883, in exec_module
  File "<frozen importlib._bootstrap>", line 241, in _call_with_frames_removed
  File "/opt/airflow/dags/main.py", line 5, in <module>
    from api.video_stats import channel_playlist_id,get_video_id,extract_video_data,save_to_json
ModuleNotFoundError: No module named 'api.video_stats'
[2026-09-01T18:16:06.785+0000] {processor.py:842} WARNING - No viable dags retrieved from /opt/airflow/dags/main.py
[2026-09-01T18:16:06.869+0000] {processor.py:183} INFO - Processing /opt/airflow/dags/main.py took 0.807 seconds
[2026-09-01T18:16:40.029+0000] {processor.py:161} INFO - Started process (PID=283) to work on /opt/airflow/dags/main.py
[2026-09-01T18:16:40.076+0000] {processor.py:830} INFO - Processing file /opt/airflow/dags/main.py for tasks to queue
[2026-09-01T18:16:40.110+0000] {logging_mixin.py:188} INFO - [2026-09-01T18:16:40.109+0000] {dagbag.py:545} INFO - Filling up the DagBag from /opt/airflow/dags/main.py
[2026-09-01T18:16:46.511+0000] {logging_mixin.py:188} INFO - [2026-09-01T18:16:46.464+0000] {dagbag.py:355} ERROR - Failed to import: /opt/airflow/dags/main.py
Traceback (most recent call last):
  File "/home/airflow/.local/lib/python3.10/site-packages/airflow/models/dagbag.py", line 351, in parse
    loader.exec_module(new_module)
  File "<frozen importlib._bootstrap_external>", line 883, in exec_module
  File "<frozen importlib._bootstrap>", line 241, in _call_with_frames_removed
  File "/opt/airflow/dags/main.py", line 5, in <module>
    from api.video import channel_playlist_id,get_video_id,extract_video_data,save_to_json
  File "/opt/airflow/dags/api/video.py", line 13, in <module>
    CHANNEL_HANDLE=Variable.get('WildlensbyAbrar')
  File "/home/airflow/.local/lib/python3.10/site-packages/airflow/models/variable.py", line 143, in get
    raise KeyError(f"Variable {key} does not exist")
KeyError: 'Variable WildlensbyAbrar does not exist'
[2026-09-01T18:16:46.519+0000] {processor.py:842} WARNING - No viable dags retrieved from /opt/airflow/dags/main.py
[2026-09-01T18:16:46.598+0000] {processor.py:183} INFO - Processing /opt/airflow/dags/main.py took 6.632 seconds
[2026-09-01T18:17:03.637+0000] {processor.py:161} INFO - Started process (PID=289) to work on /opt/airflow/dags/main.py
[2026-09-01T18:17:03.649+0000] {processor.py:830} INFO - Processing file /opt/airflow/dags/main.py for tasks to queue
[2026-09-01T18:17:03.657+0000] {logging_mixin.py:188} INFO - [2026-09-01T18:17:03.657+0000] {dagbag.py:545} INFO - Filling up the DagBag from /opt/airflow/dags/main.py
[2026-09-01T18:17:03.722+0000] {logging_mixin.py:188} INFO - [2026-09-01T18:17:03.717+0000] {dagbag.py:355} ERROR - Failed to import: /opt/airflow/dags/main.py
Traceback (most recent call last):
  File "/home/airflow/.local/lib/python3.10/site-packages/airflow/models/dagbag.py", line 351, in parse
    loader.exec_module(new_module)
  File "<frozen importlib._bootstrap_external>", line 883, in exec_module
  File "<frozen importlib._bootstrap>", line 241, in _call_with_frames_removed
  File "/opt/airflow/dags/main.py", line 5, in <module>
    from api.video_stats import channel_playlist_id,get_video_id,extract_video_data,save_to_json
ModuleNotFoundError: No module named 'api.video_stats'
[2026-09-01T18:17:03.725+0000] {processor.py:842} WARNING - No viable dags retrieved from /opt/airflow/dags/main.py
[2026-09-01T18:17:03.776+0000] {processor.py:183} INFO - Processing /opt/airflow/dags/main.py took 0.154 seconds
[2026-09-01T18:17:05.597+0000] {processor.py:161} INFO - Started process (PID=290) to work on /opt/airflow/dags/main.py
[2026-09-01T18:17:05.607+0000] {processor.py:830} INFO - Processing file /opt/airflow/dags/main.py for tasks to queue
[2026-09-01T18:17:05.615+0000] {logging_mixin.py:188} INFO - [2026-09-01T18:17:05.615+0000] {dagbag.py:545} INFO - Filling up the DagBag from /opt/airflow/dags/main.py
[2026-09-01T18:17:05.881+0000] {logging_mixin.py:188} INFO - [2026-09-01T18:17:05.869+0000] {dagbag.py:355} ERROR - Failed to import: /opt/airflow/dags/main.py
Traceback (most recent call last):
  File "/home/airflow/.local/lib/python3.10/site-packages/airflow/models/dagbag.py", line 351, in parse
    loader.exec_module(new_module)
  File "<frozen importlib._bootstrap_external>", line 883, in exec_module
  File "<frozen importlib._bootstrap>", line 241, in _call_with_frames_removed
  File "/opt/airflow/dags/main.py", line 5, in <module>
    from api.video_stats import channel_playlist_id,get_video_id,extract_video_data,save_
ModuleNotFoundError: No module named 'api.video_stats'
[2026-09-01T18:17:05.887+0000] {processor.py:842} WARNING - No viable dags retrieved from /opt/airflow/dags/main.py
[2026-09-01T18:17:05.954+0000] {processor.py:183} INFO - Processing /opt/airflow/dags/main.py took 0.378 seconds
[2026-09-01T18:17:06.703+0000] {processor.py:161} INFO - Started process (PID=291) to work on /opt/airflow/dags/main.py
[2026-09-01T18:17:06.816+0000] {processor.py:830} INFO - Processing file /opt/airflow/dags/main.py for tasks to queue
[2026-09-01T18:17:06.890+0000] {logging_mixin.py:188} INFO - [2026-09-01T18:17:06.889+0000] {dagbag.py:545} INFO - Filling up the DagBag from /opt/airflow/dags/main.py
[2026-09-01T18:17:07.202+0000] {logging_mixin.py:188} INFO - [2026-09-01T18:17:07.201+0000] {dagbag.py:355} ERROR - Failed to import: /opt/airflow/dags/main.py
Traceback (most recent call last):
  File "/home/airflow/.local/lib/python3.10/site-packages/airflow/models/dagbag.py", line 351, in parse
    loader.exec_module(new_module)
  File "<frozen importlib._bootstrap_external>", line 879, in exec_module
  File "<frozen importlib._bootstrap_external>", line 1017, in get_code
  File "<frozen importlib._bootstrap_external>", line 947, in source_to_code
  File "<frozen importlib._bootstrap>", line 241, in _call_with_frames_removed
  File "/opt/airflow/dags/main.py", line 5
    from api.video_stats import channel_playlist_id,get_video_id,extract_video_data,
                                                                                    ^
SyntaxError: trailing comma not allowed without surrounding parentheses
[2026-09-01T18:17:07.209+0000] {processor.py:842} WARNING - No viable dags retrieved from /opt/airflow/dags/main.py
[2026-09-01T18:17:07.271+0000] {processor.py:183} INFO - Processing /opt/airflow/dags/main.py took 0.589 seconds
[2026-09-01T18:17:16.966+0000] {processor.py:161} INFO - Started process (PID=298) to work on /opt/airflow/dags/main.py
[2026-09-01T18:17:17.008+0000] {processor.py:830} INFO - Processing file /opt/airflow/dags/main.py for tasks to queue
[2026-09-01T18:17:17.043+0000] {logging_mixin.py:188} INFO - [2026-09-01T18:17:17.042+0000] {dagbag.py:545} INFO - Filling up the DagBag from /opt/airflow/dags/main.py
[2026-09-01T18:17:17.264+0000] {logging_mixin.py:188} INFO - [2026-09-01T18:17:17.253+0000] {dagbag.py:355} ERROR - Failed to import: /opt/airflow/dags/main.py
Traceback (most recent call last):
  File "/home/airflow/.local/lib/python3.10/site-packages/airflow/models/dagbag.py", line 351, in parse
    loader.exec_module(new_module)
  File "<frozen importlib._bootstrap_external>", line 883, in exec_module
  File "<frozen importlib._bootstrap>", line 241, in _call_with_frames_removed
  File "/opt/airflow/dags/main.py", line 5, in <module>
    from api.video_stats import channel_playlist_id,get_video_id,extract_video_data,save
ModuleNotFoundError: No module named 'api.video_stats'
[2026-09-01T18:17:17.358+0000] {processor.py:842} WARNING - No viable dags retrieved from /opt/airflow/dags/main.py
[2026-09-01T18:17:17.558+0000] {processor.py:183} INFO - Processing /opt/airflow/dags/main.py took 0.608 seconds
[2026-09-01T18:17:18.226+0000] {processor.py:161} INFO - Started process (PID=299) to work on /opt/airflow/dags/main.py
[2026-09-01T18:17:18.229+0000] {processor.py:830} INFO - Processing file /opt/airflow/dags/main.py for tasks to queue
[2026-09-01T18:17:18.241+0000] {logging_mixin.py:188} INFO - [2026-09-01T18:17:18.240+0000] {dagbag.py:545} INFO - Filling up the DagBag from /opt/airflow/dags/main.py
[2026-09-01T18:17:18.676+0000] {logging_mixin.py:188} INFO - [2026-09-01T18:17:18.352+0000] {dagbag.py:355} ERROR - Failed to import: /opt/airflow/dags/main.py
Traceback (most recent call last):
  File "/home/airflow/.local/lib/python3.10/site-packages/airflow/models/dagbag.py", line 351, in parse
    loader.exec_module(new_module)
  File "<frozen importlib._bootstrap_external>", line 883, in exec_module
  File "<frozen importlib._bootstrap>", line 241, in _call_with_frames_removed
  File "/opt/airflow/dags/main.py", line 5, in <module>
    from api.video_stats import channel_playlist_id,get_video_id,extract_video_data,save_
ModuleNotFoundError: No module named 'api.video_stats'
[2026-09-01T18:17:18.803+0000] {processor.py:842} WARNING - No viable dags retrieved from /opt/airflow/dags/main.py
[2026-09-01T18:17:18.944+0000] {processor.py:183} INFO - Processing /opt/airflow/dags/main.py took 0.735 seconds
[2026-09-01T18:17:23.014+0000] {processor.py:161} INFO - Started process (PID=300) to work on /opt/airflow/dags/main.py
[2026-09-01T18:17:23.073+0000] {processor.py:830} INFO - Processing file /opt/airflow/dags/main.py for tasks to queue
[2026-09-01T18:17:23.210+0000] {logging_mixin.py:188} INFO - [2026-09-01T18:17:23.208+0000] {dagbag.py:545} INFO - Filling up the DagBag from /opt/airflow/dags/main.py
[2026-09-01T18:17:26.497+0000] {logging_mixin.py:188} INFO - [2026-09-01T18:17:26.490+0000] {dagbag.py:355} ERROR - Failed to import: /opt/airflow/dags/main.py
Traceback (most recent call last):
  File "/home/airflow/.local/lib/python3.10/site-packages/airflow/models/dagbag.py", line 351, in parse
    loader.exec_module(new_module)
  File "<frozen importlib._bootstrap_external>", line 883, in exec_module
  File "<frozen importlib._bootstrap>", line 241, in _call_with_frames_removed
  File "/opt/airflow/dags/main.py", line 5, in <module>
    from api.video import channel_playlist_id,get_video_id,extract_video_data,save_to_json
ModuleNotFoundError: No module named 'api.video_stats'
[2026-09-01T18:17:26.500+0000] {processor.py:842} WARNING - No viable dags retrieved from /opt/airflow/dags/main.py
[2026-09-01T18:17:26.581+0000] {processor.py:183} INFO - Processing /opt/airflow/dags/main.py took 3.616 seconds
[2026-09-01T18:17:57.423+0000] {processor.py:161} INFO - Started process (PID=308) to work on /opt/airflow/dags/main.py
[2026-09-01T18:17:57.428+0000] {processor.py:830} INFO - Processing file /opt/airflow/dags/main.py for tasks to queue
[2026-09-01T18:17:57.442+0000] {logging_mixin.py:188} INFO - [2026-09-01T18:17:57.442+0000] {dagbag.py:545} INFO - Filling up the DagBag from /opt/airflow/dags/main.py
[2026-09-01T18:17:58.329+0000] {logging_mixin.py:188} INFO - [2026-09-01T18:17:58.135+0000] {dagbag.py:355} ERROR - Failed to import: /opt/airflow/dags/main.py
Traceback (most recent call last):
  File "/home/airflow/.local/lib/python3.10/site-packages/airflow/models/dagbag.py", line 351, in parse
    loader.exec_module(new_module)
  File "<frozen importlib._bootstrap_external>", line 883, in exec_module
  File "<frozen importlib._bootstrap>", line 241, in _call_with_frames_removed
  File "/opt/airflow/dags/main.py", line 5, in <module>
    from api.video import channel_playlist_id,get_video_id,extract_video_data,save_to_json
  File "/opt/airflow/dags/api/video.py", line 13, in <module>
    CHANNEL_HANDLE=Variable.get('WildlensbyAbrar')
  File "/home/airflow/.local/lib/python3.10/site-packages/airflow/models/variable.py", line 143, in get
    raise KeyError(f"Variable {key} does not exist")
KeyError: 'Variable WildlensbyAbrar does not exist'
[2026-09-01T18:17:58.334+0000] {processor.py:842} WARNING - No viable dags retrieved from /opt/airflow/dags/main.py
[2026-09-01T18:17:58.378+0000] {processor.py:183} INFO - Processing /opt/airflow/dags/main.py took 0.974 seconds
[2026-09-01T18:18:28.822+0000] {processor.py:161} INFO - Started process (PID=314) to work on /opt/airflow/dags/main.py
[2026-09-01T18:18:28.826+0000] {processor.py:830} INFO - Processing file /opt/airflow/dags/main.py for tasks to queue
[2026-09-01T18:18:28.836+0000] {logging_mixin.py:188} INFO - [2026-09-01T18:18:28.836+0000] {dagbag.py:545} INFO - Filling up the DagBag from /opt/airflow/dags/main.py
[2026-09-01T18:18:30.741+0000] {logging_mixin.py:188} INFO - [2026-09-01T18:18:30.618+0000] {dagbag.py:355} ERROR - Failed to import: /opt/airflow/dags/main.py
Traceback (most recent call last):
  File "/home/airflow/.local/lib/python3.10/site-packages/airflow/models/dagbag.py", line 351, in parse
    loader.exec_module(new_module)
  File "<frozen importlib._bootstrap_external>", line 883, in exec_module
  File "<frozen importlib._bootstrap>", line 241, in _call_with_frames_removed
  File "/opt/airflow/dags/main.py", line 5, in <module>
    from api.video import channel_playlist_id,get_video_id,extract_video_data,save_to_json
  File "/opt/airflow/dags/api/video.py", line 13, in <module>
    CHANNEL_HANDLE=Variable.get('WildlensbyAbrar')
  File "/home/airflow/.local/lib/python3.10/site-packages/airflow/models/variable.py", line 143, in get
    raise KeyError(f"Variable {key} does not exist")
KeyError: 'Variable WildlensbyAbrar does not exist'
[2026-09-01T18:18:30.756+0000] {processor.py:842} WARNING - No viable dags retrieved from /opt/airflow/dags/main.py
[2026-09-01T18:18:30.799+0000] {processor.py:183} INFO - Processing /opt/airflow/dags/main.py took 1.994 seconds
[2026-09-01T18:19:01.713+0000] {processor.py:161} INFO - Started process (PID=320) to work on /opt/airflow/dags/main.py
[2026-09-01T18:19:01.722+0000] {processor.py:830} INFO - Processing file /opt/airflow/dags/main.py for tasks to queue
[2026-09-01T18:19:01.743+0000] {logging_mixin.py:188} INFO - [2026-09-01T18:19:01.742+0000] {dagbag.py:545} INFO - Filling up the DagBag from /opt/airflow/dags/main.py
[2026-09-01T18:19:02.055+0000] {logging_mixin.py:188} INFO - [2026-09-01T18:19:01.992+0000] {dagbag.py:355} ERROR - Failed to import: /opt/airflow/dags/main.py
Traceback (most recent call last):
  File "/home/airflow/.local/lib/python3.10/site-packages/airflow/models/dagbag.py", line 351, in parse
    loader.exec_module(new_module)
  File "<frozen importlib._bootstrap_external>", line 883, in exec_module
  File "<frozen importlib._bootstrap>", line 241, in _call_with_frames_removed
  File "/opt/airflow/dags/main.py", line 5, in <module>
    from api.video import channel_playlist_id,get_video_id,extract_video_data,save_to_json
  File "/opt/airflow/dags/api/video.py", line 13, in <module>
    CHANNEL_HANDLE=Variable.get('WildlensbyAbrar')
  File "/home/airflow/.local/lib/python3.10/site-packages/airflow/models/variable.py", line 143, in get
    raise KeyError(f"Variable {key} does not exist")
KeyError: 'Variable WildlensbyAbrar does not exist'
[2026-09-01T18:19:02.060+0000] {processor.py:842} WARNING - No viable dags retrieved from /opt/airflow/dags/main.py
[2026-09-01T18:19:02.118+0000] {processor.py:183} INFO - Processing /opt/airflow/dags/main.py took 0.435 seconds
[2026-09-01T18:19:32.463+0000] {processor.py:161} INFO - Started process (PID=328) to work on /opt/airflow/dags/main.py
[2026-09-01T18:19:32.478+0000] {processor.py:830} INFO - Processing file /opt/airflow/dags/main.py for tasks to queue
[2026-09-01T18:19:32.485+0000] {logging_mixin.py:188} INFO - [2026-09-01T18:19:32.485+0000] {dagbag.py:545} INFO - Filling up the DagBag from /opt/airflow/dags/main.py
[2026-09-01T18:19:33.015+0000] {logging_mixin.py:188} INFO - [2026-09-01T18:19:32.739+0000] {dagbag.py:355} ERROR - Failed to import: /opt/airflow/dags/main.py
Traceback (most recent call last):
  File "/home/airflow/.local/lib/python3.10/site-packages/airflow/models/dagbag.py", line 351, in parse
    loader.exec_module(new_module)
  File "<frozen importlib._bootstrap_external>", line 883, in exec_module
  File "<frozen importlib._bootstrap>", line 241, in _call_with_frames_removed
  File "/opt/airflow/dags/main.py", line 5, in <module>
    from api.video import channel_playlist_id,get_video_id,extract_video_data,save_to_json
  File "/opt/airflow/dags/api/video.py", line 13, in <module>
    CHANNEL_HANDLE=Variable.get('WildlensbyAbrar')
  File "/home/airflow/.local/lib/python3.10/site-packages/airflow/models/variable.py", line 143, in get
    raise KeyError(f"Variable {key} does not exist")
KeyError: 'Variable WildlensbyAbrar does not exist'
[2026-09-01T18:19:33.058+0000] {processor.py:842} WARNING - No viable dags retrieved from /opt/airflow/dags/main.py
[2026-09-01T18:19:33.294+0000] {processor.py:183} INFO - Processing /opt/airflow/dags/main.py took 0.872 seconds
[2026-09-01T18:20:04.590+0000] {processor.py:161} INFO - Started process (PID=336) to work on /opt/airflow/dags/main.py
[2026-09-01T18:20:04.592+0000] {processor.py:830} INFO - Processing file /opt/airflow/dags/main.py for tasks to queue
[2026-09-01T18:20:04.596+0000] {logging_mixin.py:188} INFO - [2026-09-01T18:20:04.595+0000] {dagbag.py:545} INFO - Filling up the DagBag from /opt/airflow/dags/main.py
[2026-09-01T18:20:05.290+0000] {logging_mixin.py:188} INFO - [2026-09-01T18:20:05.030+0000] {dagbag.py:355} ERROR - Failed to import: /opt/airflow/dags/main.py
Traceback (most recent call last):
  File "/home/airflow/.local/lib/python3.10/site-packages/airflow/models/dagbag.py", line 351, in parse
    loader.exec_module(new_module)
  File "<frozen importlib._bootstrap_external>", line 883, in exec_module
  File "<frozen importlib._bootstrap>", line 241, in _call_with_frames_removed
  File "/opt/airflow/dags/main.py", line 5, in <module>
    from api.video import channel_playlist_id,get_video_id,extract_video_data,save_to_json
  File "/opt/airflow/dags/api/video.py", line 13, in <module>
    CHANNEL_HANDLE=Variable.get('WildlensbyAbrar')
  File "/home/airflow/.local/lib/python3.10/site-packages/airflow/models/variable.py", line 143, in get
    raise KeyError(f"Variable {key} does not exist")
KeyError: 'Variable WildlensbyAbrar does not exist'
[2026-09-01T18:20:05.297+0000] {processor.py:842} WARNING - No viable dags retrieved from /opt/airflow/dags/main.py
[2026-09-01T18:20:06.347+0000] {processor.py:183} INFO - Processing /opt/airflow/dags/main.py took 1.784 seconds
[2026-09-01T18:20:37.860+0000] {processor.py:161} INFO - Started process (PID=342) to work on /opt/airflow/dags/main.py
[2026-09-01T18:20:37.931+0000] {processor.py:830} INFO - Processing file /opt/airflow/dags/main.py for tasks to queue
[2026-09-01T18:20:37.962+0000] {logging_mixin.py:188} INFO - [2026-09-01T18:20:37.961+0000] {dagbag.py:545} INFO - Filling up the DagBag from /opt/airflow/dags/main.py
[2026-09-01T18:20:40.286+0000] {logging_mixin.py:188} INFO - [2026-09-01T18:20:39.961+0000] {dagbag.py:355} ERROR - Failed to import: /opt/airflow/dags/main.py
Traceback (most recent call last):
  File "/home/airflow/.local/lib/python3.10/site-packages/airflow/models/dagbag.py", line 351, in parse
    loader.exec_module(new_module)
  File "<frozen importlib._bootstrap_external>", line 883, in exec_module
  File "<frozen importlib._bootstrap>", line 241, in _call_with_frames_removed
  File "/opt/airflow/dags/main.py", line 5, in <module>
    from api.video import channel_playlist_id,get_video_id,extract_video_data,save_to_json
  File "/opt/airflow/dags/api/video.py", line 13, in <module>
    CHANNEL_HANDLE=Variable.get('WildlensbyAbrar')
  File "/home/airflow/.local/lib/python3.10/site-packages/airflow/models/variable.py", line 143, in get
    raise KeyError(f"Variable {key} does not exist")
KeyError: 'Variable WildlensbyAbrar does not exist'
[2026-09-01T18:20:40.336+0000] {processor.py:842} WARNING - No viable dags retrieved from /opt/airflow/dags/main.py
[2026-09-01T18:20:40.393+0000] {processor.py:183} INFO - Processing /opt/airflow/dags/main.py took 2.555 seconds
[2026-09-01T18:21:10.606+0000] {processor.py:161} INFO - Started process (PID=348) to work on /opt/airflow/dags/main.py
[2026-09-01T18:21:10.609+0000] {processor.py:830} INFO - Processing file /opt/airflow/dags/main.py for tasks to queue
[2026-09-01T18:21:10.613+0000] {logging_mixin.py:188} INFO - [2026-09-01T18:21:10.613+0000] {dagbag.py:545} INFO - Filling up the DagBag from /opt/airflow/dags/main.py
[2026-09-01T18:21:10.733+0000] {logging_mixin.py:188} INFO - [2026-09-01T18:21:10.720+0000] {dagbag.py:355} ERROR - Failed to import: /opt/airflow/dags/main.py
Traceback (most recent call last):
  File "/home/airflow/.local/lib/python3.10/site-packages/airflow/models/dagbag.py", line 351, in parse
    loader.exec_module(new_module)
  File "<frozen importlib._bootstrap_external>", line 883, in exec_module
  File "<frozen importlib._bootstrap>", line 241, in _call_with_frames_removed
  File "/opt/airflow/dags/main.py", line 5, in <module>
    from api.video import channel_playlist_id,get_video_id,extract_video_data,save_to_json
  File "/opt/airflow/dags/api/video.py", line 13, in <module>
    CHANNEL_HANDLE=Variable.get('WildlensbyAbrar')
  File "/home/airflow/.local/lib/python3.10/site-packages/airflow/models/variable.py", line 143, in get
    raise KeyError(f"Variable {key} does not exist")
KeyError: 'Variable WildlensbyAbrar does not exist'
[2026-09-01T18:21:10.738+0000] {processor.py:842} WARNING - No viable dags retrieved from /opt/airflow/dags/main.py
[2026-09-01T18:21:10.766+0000] {processor.py:183} INFO - Processing /opt/airflow/dags/main.py took 0.171 seconds
[2026-09-01T18:21:41.492+0000] {processor.py:161} INFO - Started process (PID=355) to work on /opt/airflow/dags/main.py
[2026-09-01T18:21:41.494+0000] {processor.py:830} INFO - Processing file /opt/airflow/dags/main.py for tasks to queue
[2026-09-01T18:21:41.499+0000] {logging_mixin.py:188} INFO - [2026-09-01T18:21:41.498+0000] {dagbag.py:545} INFO - Filling up the DagBag from /opt/airflow/dags/main.py
[2026-09-01T18:21:41.607+0000] {logging_mixin.py:188} INFO - [2026-09-01T18:21:41.596+0000] {dagbag.py:355} ERROR - Failed to import: /opt/airflow/dags/main.py
Traceback (most recent call last):
  File "/home/airflow/.local/lib/python3.10/site-packages/airflow/models/dagbag.py", line 351, in parse
    loader.exec_module(new_module)
  File "<frozen importlib._bootstrap_external>", line 883, in exec_module
  File "<frozen importlib._bootstrap>", line 241, in _call_with_frames_removed
  File "/opt/airflow/dags/main.py", line 5, in <module>
    from api.video import channel_playlist_id,get_video_id,extract_video_data,save_to_json
  File "/opt/airflow/dags/api/video.py", line 13, in <module>
    CHANNEL_HANDLE=Variable.get('WildlensbyAbrar')
  File "/home/airflow/.local/lib/python3.10/site-packages/airflow/models/variable.py", line 143, in get
    raise KeyError(f"Variable {key} does not exist")
KeyError: 'Variable WildlensbyAbrar does not exist'
[2026-09-01T18:21:41.610+0000] {processor.py:842} WARNING - No viable dags retrieved from /opt/airflow/dags/main.py
[2026-09-01T18:21:41.641+0000] {processor.py:183} INFO - Processing /opt/airflow/dags/main.py took 0.163 seconds
[2026-09-01T18:22:11.869+0000] {processor.py:161} INFO - Started process (PID=362) to work on /opt/airflow/dags/main.py
[2026-09-01T18:22:11.871+0000] {processor.py:830} INFO - Processing file /opt/airflow/dags/main.py for tasks to queue
[2026-09-01T18:22:11.876+0000] {logging_mixin.py:188} INFO - [2026-09-01T18:22:11.875+0000] {dagbag.py:545} INFO - Filling up the DagBag from /opt/airflow/dags/main.py
[2026-09-01T18:22:12.008+0000] {logging_mixin.py:188} INFO - [2026-09-01T18:22:11.995+0000] {dagbag.py:355} ERROR - Failed to import: /opt/airflow/dags/main.py
Traceback (most recent call last):
  File "/home/airflow/.local/lib/python3.10/site-packages/airflow/models/dagbag.py", line 351, in parse
    loader.exec_module(new_module)
  File "<frozen importlib._bootstrap_external>", line 883, in exec_module
  File "<frozen importlib._bootstrap>", line 241, in _call_with_frames_removed
  File "/opt/airflow/dags/main.py", line 5, in <module>
    from api.video import channel_playlist_id,get_video_id,extract_video_data,save_to_json
  File "/opt/airflow/dags/api/video.py", line 13, in <module>
    CHANNEL_HANDLE=Variable.get('WildlensbyAbrar')
  File "/home/airflow/.local/lib/python3.10/site-packages/airflow/models/variable.py", line 143, in get
    raise KeyError(f"Variable {key} does not exist")
KeyError: 'Variable WildlensbyAbrar does not exist'
[2026-09-01T18:22:12.012+0000] {processor.py:842} WARNING - No viable dags retrieved from /opt/airflow/dags/main.py
[2026-09-01T18:22:12.038+0000] {processor.py:183} INFO - Processing /opt/airflow/dags/main.py took 0.184 seconds
[2026-09-01T18:22:43.222+0000] {processor.py:161} INFO - Started process (PID=368) to work on /opt/airflow/dags/main.py
[2026-09-01T18:22:43.354+0000] {processor.py:830} INFO - Processing file /opt/airflow/dags/main.py for tasks to queue
[2026-09-01T18:22:43.405+0000] {logging_mixin.py:188} INFO - [2026-09-01T18:22:43.405+0000] {dagbag.py:545} INFO - Filling up the DagBag from /opt/airflow/dags/main.py
[2026-09-01T18:22:43.808+0000] {logging_mixin.py:188} INFO - [2026-09-01T18:22:43.794+0000] {dagbag.py:355} ERROR - Failed to import: /opt/airflow/dags/main.py
Traceback (most recent call last):
  File "/home/airflow/.local/lib/python3.10/site-packages/airflow/models/dagbag.py", line 351, in parse
    loader.exec_module(new_module)
  File "<frozen importlib._bootstrap_external>", line 883, in exec_module
  File "<frozen importlib._bootstrap>", line 241, in _call_with_frames_removed
  File "/opt/airflow/dags/main.py", line 5, in <module>
    from api.video import channel_playlist_id,get_video_id,extract_video_data,save_to_json
  File "/opt/airflow/dags/api/video.py", line 13, in <module>
    CHANNEL_HANDLE=Variable.get('WildlensbyAbrar')
  File "/home/airflow/.local/lib/python3.10/site-packages/airflow/models/variable.py", line 143, in get
    raise KeyError(f"Variable {key} does not exist")
KeyError: 'Variable WildlensbyAbrar does not exist'
[2026-09-01T18:22:43.814+0000] {processor.py:842} WARNING - No viable dags retrieved from /opt/airflow/dags/main.py
[2026-09-01T18:22:43.836+0000] {processor.py:183} INFO - Processing /opt/airflow/dags/main.py took 0.637 seconds
[2026-09-01T18:23:14.875+0000] {processor.py:161} INFO - Started process (PID=375) to work on /opt/airflow/dags/main.py
[2026-09-01T18:23:14.892+0000] {processor.py:830} INFO - Processing file /opt/airflow/dags/main.py for tasks to queue
[2026-09-01T18:23:14.897+0000] {logging_mixin.py:188} INFO - [2026-09-01T18:23:14.896+0000] {dagbag.py:545} INFO - Filling up the DagBag from /opt/airflow/dags/main.py
[2026-09-01T18:23:15.495+0000] {logging_mixin.py:188} INFO - [2026-09-01T18:23:15.481+0000] {dagbag.py:355} ERROR - Failed to import: /opt/airflow/dags/main.py
Traceback (most recent call last):
  File "/home/airflow/.local/lib/python3.10/site-packages/airflow/models/dagbag.py", line 351, in parse
    loader.exec_module(new_module)
  File "<frozen importlib._bootstrap_external>", line 883, in exec_module
  File "<frozen importlib._bootstrap>", line 241, in _call_with_frames_removed
  File "/opt/airflow/dags/main.py", line 5, in <module>
    from api.video import channel_playlist_id,get_video_id,extract_video_data,save_to_json
  File "/opt/airflow/dags/api/video.py", line 13, in <module>
    CHANNEL_HANDLE=Variable.get('WildlensbyAbrar')
  File "/home/airflow/.local/lib/python3.10/site-packages/airflow/models/variable.py", line 143, in get
    raise KeyError(f"Variable {key} does not exist")
KeyError: 'Variable WildlensbyAbrar does not exist'
[2026-09-01T18:23:15.498+0000] {processor.py:842} WARNING - No viable dags retrieved from /opt/airflow/dags/main.py
[2026-09-01T18:23:15.713+0000] {processor.py:183} INFO - Processing /opt/airflow/dags/main.py took 0.849 seconds
[2026-09-01T18:23:39.002+0000] {processor.py:161} INFO - Started process (PID=381) to work on /opt/airflow/dags/main.py
[2026-09-01T18:23:39.005+0000] {processor.py:830} INFO - Processing file /opt/airflow/dags/main.py for tasks to queue
[2026-09-01T18:23:39.010+0000] {logging_mixin.py:188} INFO - [2026-09-01T18:23:39.009+0000] {dagbag.py:545} INFO - Filling up the DagBag from /opt/airflow/dags/main.py
[2026-09-01T18:23:39.459+0000] {logging_mixin.py:188} INFO - [2026-09-01T18:23:39.254+0000] {dagbag.py:355} ERROR - Failed to import: /opt/airflow/dags/main.py
Traceback (most recent call last):
  File "/home/airflow/.local/lib/python3.10/site-packages/airflow/models/dagbag.py", line 351, in parse
    loader.exec_module(new_module)
  File "<frozen importlib._bootstrap_external>", line 883, in exec_module
  File "<frozen importlib._bootstrap>", line 241, in _call_with_frames_removed
  File "/opt/airflow/dags/main.py", line 5, in <module>
    from api.video import channel_playlist_id,get_video_id,extract_video_data,save_to_json
  File "/opt/airflow/dags/api/video.py", line 13, in <module>
    CHANNEL_HANDLE=Variable.get('WildlensbyAbrar')
  File "/home/airflow/.local/lib/python3.10/site-packages/airflow/models/variable.py", line 143, in get
    raise KeyError(f"Variable {key} does not exist")
KeyError: 'Variable WildlensbyAbrar does not exist'
[2026-09-01T18:23:39.469+0000] {processor.py:842} WARNING - No viable dags retrieved from /opt/airflow/dags/main.py
[2026-09-01T18:23:39.513+0000] {processor.py:183} INFO - Processing /opt/airflow/dags/main.py took 0.527 seconds
[2026-09-01T18:24:09.613+0000] {processor.py:161} INFO - Started process (PID=388) to work on /opt/airflow/dags/main.py
[2026-09-01T18:24:09.615+0000] {processor.py:830} INFO - Processing file /opt/airflow/dags/main.py for tasks to queue
[2026-09-01T18:24:09.620+0000] {logging_mixin.py:188} INFO - [2026-09-01T18:24:09.618+0000] {dagbag.py:545} INFO - Filling up the DagBag from /opt/airflow/dags/main.py
[2026-09-01T18:24:09.740+0000] {logging_mixin.py:188} INFO - [2026-09-01T18:24:09.729+0000] {dagbag.py:355} ERROR - Failed to import: /opt/airflow/dags/main.py
Traceback (most recent call last):
  File "/home/airflow/.local/lib/python3.10/site-packages/airflow/models/dagbag.py", line 351, in parse
    loader.exec_module(new_module)
  File "<frozen importlib._bootstrap_external>", line 883, in exec_module
  File "<frozen importlib._bootstrap>", line 241, in _call_with_frames_removed
  File "/opt/airflow/dags/main.py", line 5, in <module>
    from api.video import channel_playlist_id,get_video_id,extract_video_data,save_to_json
  File "/opt/airflow/dags/api/video.py", line 13, in <module>
    CHANNEL_HANDLE=Variable.get('WildlensbyAbrar')
  File "/home/airflow/.local/lib/python3.10/site-packages/airflow/models/variable.py", line 143, in get
    raise KeyError(f"Variable {key} does not exist")
KeyError: 'Variable WildlensbyAbrar does not exist'
[2026-09-01T18:24:09.748+0000] {processor.py:842} WARNING - No viable dags retrieved from /opt/airflow/dags/main.py
[2026-09-01T18:24:09.782+0000] {processor.py:183} INFO - Processing /opt/airflow/dags/main.py took 0.179 seconds
[2026-09-01T18:24:14.379+0000] {processor.py:161} INFO - Started process (PID=389) to work on /opt/airflow/dags/main.py
[2026-09-01T18:24:14.430+0000] {processor.py:830} INFO - Processing file /opt/airflow/dags/main.py for tasks to queue
[2026-09-01T18:24:14.446+0000] {logging_mixin.py:188} INFO - [2026-09-01T18:24:14.445+0000] {dagbag.py:545} INFO - Filling up the DagBag from /opt/airflow/dags/main.py
[2026-09-01T18:24:18.997+0000] {logging_mixin.py:188} INFO - [2026-09-01T18:24:18.742+0000] {dagbag.py:355} ERROR - Failed to import: /opt/airflow/dags/main.py
Traceback (most recent call last):
  File "/home/airflow/.local/lib/python3.10/site-packages/airflow/models/dagbag.py", line 351, in parse
    loader.exec_module(new_module)
  File "<frozen importlib._bootstrap_external>", line 883, in exec_module
  File "<frozen importlib._bootstrap>", line 241, in _call_with_frames_removed
  File "/opt/airflow/dags/main.py", line 5, in <module>
    from api.video import channel_playlist_id,get_video_id,extract_video_data,save_to_json
  File "/opt/airflow/dags/api/video.py", line 13, in <module>
    CHANNEL_HANDLE=Variable.get('WildlensbyAbrar')
  File "/home/airflow/.local/lib/python3.10/site-packages/airflow/models/variable.py", line 143, in get
    raise KeyError(f"Variable {key} does not exist")
KeyError: 'Variable WildlensbyAbrar does not exist'
[2026-09-01T18:24:19.069+0000] {processor.py:842} WARNING - No viable dags retrieved from /opt/airflow/dags/main.py
[2026-09-01T18:24:19.112+0000] {processor.py:183} INFO - Processing /opt/airflow/dags/main.py took 4.797 seconds
[2026-09-01T18:24:49.994+0000] {processor.py:161} INFO - Started process (PID=395) to work on /opt/airflow/dags/main.py
[2026-09-01T18:24:50.007+0000] {processor.py:830} INFO - Processing file /opt/airflow/dags/main.py for tasks to queue
[2026-09-01T18:24:50.011+0000] {logging_mixin.py:188} INFO - [2026-09-01T18:24:50.010+0000] {dagbag.py:545} INFO - Filling up the DagBag from /opt/airflow/dags/main.py
[2026-09-01T18:24:50.124+0000] {logging_mixin.py:188} INFO - [2026-09-01T18:24:50.114+0000] {dagbag.py:355} ERROR - Failed to import: /opt/airflow/dags/main.py
Traceback (most recent call last):
  File "/home/airflow/.local/lib/python3.10/site-packages/airflow/models/dagbag.py", line 351, in parse
    loader.exec_module(new_module)
  File "<frozen importlib._bootstrap_external>", line 883, in exec_module
  File "<frozen importlib._bootstrap>", line 241, in _call_with_frames_removed
  File "/opt/airflow/dags/main.py", line 5, in <module>
    from api.video import channel_playlist_id,get_video_id,extract_video_data,save_to_json
  File "/opt/airflow/dags/api/video.py", line 13, in <module>
    CHANNEL_HANDLE=Variable.get('WildlensbyAbrar')
  File "/home/airflow/.local/lib/python3.10/site-packages/airflow/models/variable.py", line 143, in get
    raise KeyError(f"Variable {key} does not exist")
KeyError: 'Variable WildlensbyAbrar does not exist'
[2026-09-01T18:24:50.127+0000] {processor.py:842} WARNING - No viable dags retrieved from /opt/airflow/dags/main.py
[2026-09-01T18:24:50.148+0000] {processor.py:183} INFO - Processing /opt/airflow/dags/main.py took 0.175 seconds
[2026-09-01T18:25:21.850+0000] {processor.py:161} INFO - Started process (PID=402) to work on /opt/airflow/dags/main.py
[2026-09-01T18:25:21.854+0000] {processor.py:830} INFO - Processing file /opt/airflow/dags/main.py for tasks to queue
[2026-09-01T18:25:21.861+0000] {logging_mixin.py:188} INFO - [2026-09-01T18:25:21.861+0000] {dagbag.py:545} INFO - Filling up the DagBag from /opt/airflow/dags/main.py
[2026-09-01T18:25:23.051+0000] {logging_mixin.py:188} INFO - [2026-09-01T18:25:22.243+0000] {dagbag.py:355} ERROR - Failed to import: /opt/airflow/dags/main.py
Traceback (most recent call last):
  File "/home/airflow/.local/lib/python3.10/site-packages/airflow/models/dagbag.py", line 351, in parse
    loader.exec_module(new_module)
  File "<frozen importlib._bootstrap_external>", line 883, in exec_module
  File "<frozen importlib._bootstrap>", line 241, in _call_with_frames_removed
  File "/opt/airflow/dags/main.py", line 5, in <module>
    from api.video import channel_playlist_id,get_video_id,extract_video_data,save_to_json
  File "/opt/airflow/dags/api/video.py", line 13, in <module>
    CHANNEL_HANDLE=Variable.get('WildlensbyAbrar')
  File "/home/airflow/.local/lib/python3.10/site-packages/airflow/models/variable.py", line 143, in get
    raise KeyError(f"Variable {key} does not exist")
KeyError: 'Variable WildlensbyAbrar does not exist'
[2026-09-01T18:25:23.130+0000] {processor.py:842} WARNING - No viable dags retrieved from /opt/airflow/dags/main.py
[2026-09-01T18:25:23.462+0000] {processor.py:183} INFO - Processing /opt/airflow/dags/main.py took 1.622 seconds
[2026-09-01T18:25:54.622+0000] {processor.py:161} INFO - Started process (PID=410) to work on /opt/airflow/dags/main.py
[2026-09-01T18:25:54.631+0000] {processor.py:830} INFO - Processing file /opt/airflow/dags/main.py for tasks to queue
[2026-09-01T18:25:54.678+0000] {logging_mixin.py:188} INFO - [2026-09-01T18:25:54.676+0000] {dagbag.py:545} INFO - Filling up the DagBag from /opt/airflow/dags/main.py
[2026-09-01T18:25:57.101+0000] {logging_mixin.py:188} INFO - [2026-09-01T18:25:56.443+0000] {dagbag.py:355} ERROR - Failed to import: /opt/airflow/dags/main.py
Traceback (most recent call last):
  File "/home/airflow/.local/lib/python3.10/site-packages/airflow/models/dagbag.py", line 351, in parse
    loader.exec_module(new_module)
  File "<frozen importlib._bootstrap_external>", line 883, in exec_module
  File "<frozen importlib._bootstrap>", line 241, in _call_with_frames_removed
  File "/opt/airflow/dags/main.py", line 5, in <module>
    from api.video import channel_playlist_id,get_video_id,extract_video_data,save_to_json
  File "/opt/airflow/dags/api/video.py", line 13, in <module>
    CHANNEL_HANDLE=Variable.get('WildlensbyAbrar')
  File "/home/airflow/.local/lib/python3.10/site-packages/airflow/models/variable.py", line 143, in get
    raise KeyError(f"Variable {key} does not exist")
KeyError: 'Variable WildlensbyAbrar does not exist'
[2026-09-01T18:25:57.132+0000] {processor.py:842} WARNING - No viable dags retrieved from /opt/airflow/dags/main.py
[2026-09-01T18:25:57.250+0000] {processor.py:183} INFO - Processing /opt/airflow/dags/main.py took 2.650 seconds
[2026-09-01T18:26:27.844+0000] {processor.py:161} INFO - Started process (PID=424) to work on /opt/airflow/dags/main.py
[2026-09-01T18:26:27.930+0000] {processor.py:830} INFO - Processing file /opt/airflow/dags/main.py for tasks to queue
[2026-09-01T18:26:27.978+0000] {logging_mixin.py:188} INFO - [2026-09-01T18:26:27.977+0000] {dagbag.py:545} INFO - Filling up the DagBag from /opt/airflow/dags/main.py
[2026-09-01T18:26:28.332+0000] {logging_mixin.py:188} INFO - [2026-09-01T18:26:28.319+0000] {dagbag.py:355} ERROR - Failed to import: /opt/airflow/dags/main.py
Traceback (most recent call last):
  File "/home/airflow/.local/lib/python3.10/site-packages/airflow/models/dagbag.py", line 351, in parse
    loader.exec_module(new_module)
  File "<frozen importlib._bootstrap_external>", line 883, in exec_module
  File "<frozen importlib._bootstrap>", line 241, in _call_with_frames_removed
  File "/opt/airflow/dags/main.py", line 5, in <module>
    from api.video import channel_playlist_id,get_video_id,extract_video_data,save_to_json
  File "/opt/airflow/dags/api/video.py", line 13, in <module>
    CHANNEL_HANDLE=Variable.get('WildlensbyAbrar')
  File "/home/airflow/.local/lib/python3.10/site-packages/airflow/models/variable.py", line 143, in get
    raise KeyError(f"Variable {key} does not exist")
KeyError: 'Variable WildlensbyAbrar does not exist'
[2026-09-01T18:26:28.335+0000] {processor.py:842} WARNING - No viable dags retrieved from /opt/airflow/dags/main.py
[2026-09-01T18:26:28.582+0000] {processor.py:183} INFO - Processing /opt/airflow/dags/main.py took 0.784 seconds
[2026-09-01T18:26:59.268+0000] {processor.py:161} INFO - Started process (PID=431) to work on /opt/airflow/dags/main.py
[2026-09-01T18:26:59.397+0000] {processor.py:830} INFO - Processing file /opt/airflow/dags/main.py for tasks to queue
[2026-09-01T18:26:59.425+0000] {logging_mixin.py:188} INFO - [2026-09-01T18:26:59.424+0000] {dagbag.py:545} INFO - Filling up the DagBag from /opt/airflow/dags/main.py
[2026-09-01T18:26:59.920+0000] {logging_mixin.py:188} INFO - [2026-09-01T18:26:59.818+0000] {dagbag.py:355} ERROR - Failed to import: /opt/airflow/dags/main.py
Traceback (most recent call last):
  File "/home/airflow/.local/lib/python3.10/site-packages/airflow/models/dagbag.py", line 351, in parse
    loader.exec_module(new_module)
  File "<frozen importlib._bootstrap_external>", line 883, in exec_module
  File "<frozen importlib._bootstrap>", line 241, in _call_with_frames_removed
  File "/opt/airflow/dags/main.py", line 5, in <module>
    from api.video import channel_playlist_id,get_video_id,extract_video_data,save_to_json
  File "/opt/airflow/dags/api/video.py", line 13, in <module>
    CHANNEL_HANDLE=Variable.get('WildlensbyAbrar')
  File "/home/airflow/.local/lib/python3.10/site-packages/airflow/models/variable.py", line 143, in get
    raise KeyError(f"Variable {key} does not exist")
KeyError: 'Variable WildlensbyAbrar does not exist'
[2026-09-01T18:26:59.927+0000] {processor.py:842} WARNING - No viable dags retrieved from /opt/airflow/dags/main.py
[2026-09-01T18:26:59.959+0000] {processor.py:183} INFO - Processing /opt/airflow/dags/main.py took 0.717 seconds
[2026-09-01T18:27:31.904+0000] {processor.py:161} INFO - Started process (PID=438) to work on /opt/airflow/dags/main.py
[2026-09-01T18:27:31.913+0000] {processor.py:830} INFO - Processing file /opt/airflow/dags/main.py for tasks to queue
[2026-09-01T18:27:31.925+0000] {logging_mixin.py:188} INFO - [2026-09-01T18:27:31.925+0000] {dagbag.py:545} INFO - Filling up the DagBag from /opt/airflow/dags/main.py
[2026-09-01T18:27:35.669+0000] {logging_mixin.py:188} INFO - [2026-09-01T18:27:32.240+0000] {dagbag.py:355} ERROR - Failed to import: /opt/airflow/dags/main.py
Traceback (most recent call last):
  File "/home/airflow/.local/lib/python3.10/site-packages/airflow/models/dagbag.py", line 351, in parse
    loader.exec_module(new_module)
  File "<frozen importlib._bootstrap_external>", line 883, in exec_module
  File "<frozen importlib._bootstrap>", line 241, in _call_with_frames_removed
  File "/opt/airflow/dags/main.py", line 5, in <module>
    from api.video import channel_playlist_id,get_video_id,extract_video_data,save_to_json
  File "/opt/airflow/dags/api/video.py", line 13, in <module>
    CHANNEL_HANDLE=Variable.get('WildlensbyAbrar')
  File "/home/airflow/.local/lib/python3.10/site-packages/airflow/models/variable.py", line 143, in get
    raise KeyError(f"Variable {key} does not exist")
KeyError: 'Variable WildlensbyAbrar does not exist'
[2026-09-01T18:27:35.861+0000] {processor.py:842} WARNING - No viable dags retrieved from /opt/airflow/dags/main.py
[2026-09-01T18:27:36.031+0000] {processor.py:183} INFO - Processing /opt/airflow/dags/main.py took 4.150 seconds
[2026-09-01T18:28:06.432+0000] {processor.py:161} INFO - Started process (PID=445) to work on /opt/airflow/dags/main.py
[2026-09-01T18:28:06.439+0000] {processor.py:830} INFO - Processing file /opt/airflow/dags/main.py for tasks to queue
[2026-09-01T18:28:06.449+0000] {logging_mixin.py:188} INFO - [2026-09-01T18:28:06.449+0000] {dagbag.py:545} INFO - Filling up the DagBag from /opt/airflow/dags/main.py
[2026-09-01T18:28:07.474+0000] {logging_mixin.py:188} INFO - [2026-09-01T18:28:07.341+0000] {dagbag.py:355} ERROR - Failed to import: /opt/airflow/dags/main.py
Traceback (most recent call last):
  File "/home/airflow/.local/lib/python3.10/site-packages/airflow/models/dagbag.py", line 351, in parse
    loader.exec_module(new_module)
  File "<frozen importlib._bootstrap_external>", line 883, in exec_module
  File "<frozen importlib._bootstrap>", line 241, in _call_with_frames_removed
  File "/opt/airflow/dags/main.py", line 5, in <module>
    from api.video import channel_playlist_id,get_video_id,extract_video_data,save_to_json
  File "/opt/airflow/dags/api/video.py", line 13, in <module>
    CHANNEL_HANDLE=Variable.get('WildlensbyAbrar')
  File "/home/airflow/.local/lib/python3.10/site-packages/airflow/models/variable.py", line 143, in get
    raise KeyError(f"Variable {key} does not exist")
KeyError: 'Variable WildlensbyAbrar does not exist'
[2026-09-01T18:28:07.484+0000] {processor.py:842} WARNING - No viable dags retrieved from /opt/airflow/dags/main.py
[2026-09-01T18:28:07.532+0000] {processor.py:183} INFO - Processing /opt/airflow/dags/main.py took 1.129 seconds
[2026-09-01T18:28:38.555+0000] {processor.py:161} INFO - Started process (PID=451) to work on /opt/airflow/dags/main.py
[2026-09-01T18:28:38.590+0000] {processor.py:830} INFO - Processing file /opt/airflow/dags/main.py for tasks to queue
[2026-09-01T18:28:38.606+0000] {logging_mixin.py:188} INFO - [2026-09-01T18:28:38.605+0000] {dagbag.py:545} INFO - Filling up the DagBag from /opt/airflow/dags/main.py
[2026-09-01T18:28:41.154+0000] {logging_mixin.py:188} INFO - [2026-09-01T18:28:39.900+0000] {dagbag.py:355} ERROR - Failed to import: /opt/airflow/dags/main.py
Traceback (most recent call last):
  File "/home/airflow/.local/lib/python3.10/site-packages/airflow/models/dagbag.py", line 351, in parse
    loader.exec_module(new_module)
  File "<frozen importlib._bootstrap_external>", line 883, in exec_module
  File "<frozen importlib._bootstrap>", line 241, in _call_with_frames_removed
  File "/opt/airflow/dags/main.py", line 5, in <module>
    from api.video import channel_playlist_id,get_video_id,extract_video_data,save_to_json
  File "/opt/airflow/dags/api/video.py", line 13, in <module>
    CHANNEL_HANDLE=Variable.get('WildlensbyAbrar')
  File "/home/airflow/.local/lib/python3.10/site-packages/airflow/models/variable.py", line 143, in get
    raise KeyError(f"Variable {key} does not exist")
KeyError: 'Variable WildlensbyAbrar does not exist'
[2026-09-01T18:28:41.351+0000] {processor.py:842} WARNING - No viable dags retrieved from /opt/airflow/dags/main.py
[2026-09-01T18:28:41.488+0000] {processor.py:183} INFO - Processing /opt/airflow/dags/main.py took 2.964 seconds
[2026-09-01T18:29:13.291+0000] {processor.py:161} INFO - Started process (PID=457) to work on /opt/airflow/dags/main.py
[2026-09-01T18:29:13.295+0000] {processor.py:830} INFO - Processing file /opt/airflow/dags/main.py for tasks to queue
[2026-09-01T18:29:13.300+0000] {logging_mixin.py:188} INFO - [2026-09-01T18:29:13.300+0000] {dagbag.py:545} INFO - Filling up the DagBag from /opt/airflow/dags/main.py
[2026-09-01T18:29:18.898+0000] {logging_mixin.py:188} INFO - [2026-09-01T18:29:17.900+0000] {dagbag.py:355} ERROR - Failed to import: /opt/airflow/dags/main.py
Traceback (most recent call last):
  File "/home/airflow/.local/lib/python3.10/site-packages/airflow/models/dagbag.py", line 351, in parse
    loader.exec_module(new_module)
  File "<frozen importlib._bootstrap_external>", line 883, in exec_module
  File "<frozen importlib._bootstrap>", line 241, in _call_with_frames_removed
  File "/opt/airflow/dags/main.py", line 5, in <module>
    from api.video import channel_playlist_id,get_video_id,extract_video_data,save_to_json
  File "/opt/airflow/dags/api/video.py", line 13, in <module>
    CHANNEL_HANDLE=Variable.get('WildlensbyAbrar')
  File "/home/airflow/.local/lib/python3.10/site-packages/airflow/models/variable.py", line 143, in get
    raise KeyError(f"Variable {key} does not exist")
KeyError: 'Variable WildlensbyAbrar does not exist'
[2026-09-01T18:29:18.936+0000] {processor.py:842} WARNING - No viable dags retrieved from /opt/airflow/dags/main.py
[2026-09-01T18:29:19.147+0000] {processor.py:183} INFO - Processing /opt/airflow/dags/main.py took 5.899 seconds
[2026-09-01T18:29:49.719+0000] {processor.py:161} INFO - Started process (PID=464) to work on /opt/airflow/dags/main.py
[2026-09-01T18:29:49.786+0000] {processor.py:830} INFO - Processing file /opt/airflow/dags/main.py for tasks to queue
[2026-09-01T18:29:49.817+0000] {logging_mixin.py:188} INFO - [2026-09-01T18:29:49.816+0000] {dagbag.py:545} INFO - Filling up the DagBag from /opt/airflow/dags/main.py
[2026-09-01T18:29:50.077+0000] {logging_mixin.py:188} INFO - [2026-09-01T18:29:50.056+0000] {dagbag.py:355} ERROR - Failed to import: /opt/airflow/dags/main.py
Traceback (most recent call last):
  File "/home/airflow/.local/lib/python3.10/site-packages/airflow/models/dagbag.py", line 351, in parse
    loader.exec_module(new_module)
  File "<frozen importlib._bootstrap_external>", line 883, in exec_module
  File "<frozen importlib._bootstrap>", line 241, in _call_with_frames_removed
  File "/opt/airflow/dags/main.py", line 5, in <module>
    from api.video import channel_playlist_id,get_video_id,extract_video_data,save_to_json
  File "/opt/airflow/dags/api/video.py", line 13, in <module>
    CHANNEL_HANDLE=Variable.get('WildlensbyAbrar')
  File "/home/airflow/.local/lib/python3.10/site-packages/airflow/models/variable.py", line 143, in get
    raise KeyError(f"Variable {key} does not exist")
KeyError: 'Variable WildlensbyAbrar does not exist'
[2026-09-01T18:29:50.082+0000] {processor.py:842} WARNING - No viable dags retrieved from /opt/airflow/dags/main.py
[2026-09-01T18:29:50.115+0000] {processor.py:183} INFO - Processing /opt/airflow/dags/main.py took 0.416 seconds
[2026-09-01T18:30:21.134+0000] {processor.py:161} INFO - Started process (PID=472) to work on /opt/airflow/dags/main.py
[2026-09-01T18:30:21.141+0000] {processor.py:830} INFO - Processing file /opt/airflow/dags/main.py for tasks to queue
[2026-09-01T18:30:21.156+0000] {logging_mixin.py:188} INFO - [2026-09-01T18:30:21.156+0000] {dagbag.py:545} INFO - Filling up the DagBag from /opt/airflow/dags/main.py
[2026-09-01T18:30:21.574+0000] {logging_mixin.py:188} INFO - [2026-09-01T18:30:21.411+0000] {dagbag.py:355} ERROR - Failed to import: /opt/airflow/dags/main.py
Traceback (most recent call last):
  File "/home/airflow/.local/lib/python3.10/site-packages/airflow/models/dagbag.py", line 351, in parse
    loader.exec_module(new_module)
  File "<frozen importlib._bootstrap_external>", line 883, in exec_module
  File "<frozen importlib._bootstrap>", line 241, in _call_with_frames_removed
  File "/opt/airflow/dags/main.py", line 5, in <module>
    from api.video import channel_playlist_id,get_video_id,extract_video_data,save_to_json
  File "/opt/airflow/dags/api/video.py", line 13, in <module>
    CHANNEL_HANDLE=Variable.get('WildlensbyAbrar')
  File "/home/airflow/.local/lib/python3.10/site-packages/airflow/models/variable.py", line 143, in get
    raise KeyError(f"Variable {key} does not exist")
KeyError: 'Variable WildlensbyAbrar does not exist'
[2026-09-01T18:30:21.580+0000] {processor.py:842} WARNING - No viable dags retrieved from /opt/airflow/dags/main.py
[2026-09-01T18:30:21.628+0000] {processor.py:183} INFO - Processing /opt/airflow/dags/main.py took 0.506 seconds
[2026-09-01T18:30:52.550+0000] {processor.py:161} INFO - Started process (PID=478) to work on /opt/airflow/dags/main.py
[2026-09-01T18:30:52.562+0000] {processor.py:830} INFO - Processing file /opt/airflow/dags/main.py for tasks to queue
[2026-09-01T18:30:52.647+0000] {logging_mixin.py:188} INFO - [2026-09-01T18:30:52.646+0000] {dagbag.py:545} INFO - Filling up the DagBag from /opt/airflow/dags/main.py
[2026-09-01T18:30:55.294+0000] {logging_mixin.py:188} INFO - [2026-09-01T18:30:54.208+0000] {dagbag.py:355} ERROR - Failed to import: /opt/airflow/dags/main.py
Traceback (most recent call last):
  File "/home/airflow/.local/lib/python3.10/site-packages/airflow/models/dagbag.py", line 351, in parse
    loader.exec_module(new_module)
  File "<frozen importlib._bootstrap_external>", line 883, in exec_module
  File "<frozen importlib._bootstrap>", line 241, in _call_with_frames_removed
  File "/opt/airflow/dags/main.py", line 5, in <module>
    from api.video import channel_playlist_id,get_video_id,extract_video_data,save_to_json
  File "/opt/airflow/dags/api/video.py", line 13, in <module>
    CHANNEL_HANDLE=Variable.get('WildlensbyAbrar')
  File "/home/airflow/.local/lib/python3.10/site-packages/airflow/models/variable.py", line 143, in get
    raise KeyError(f"Variable {key} does not exist")
KeyError: 'Variable WildlensbyAbrar does not exist'
[2026-09-01T18:30:55.310+0000] {processor.py:842} WARNING - No viable dags retrieved from /opt/airflow/dags/main.py
[2026-09-01T18:30:55.476+0000] {processor.py:183} INFO - Processing /opt/airflow/dags/main.py took 2.945 seconds
[2026-09-01T18:30:57.159+0000] {processor.py:161} INFO - Started process (PID=479) to work on /opt/airflow/dags/main.py
[2026-09-01T18:30:57.171+0000] {processor.py:830} INFO - Processing file /opt/airflow/dags/main.py for tasks to queue
[2026-09-01T18:30:57.176+0000] {logging_mixin.py:188} INFO - [2026-09-01T18:30:57.175+0000] {dagbag.py:545} INFO - Filling up the DagBag from /opt/airflow/dags/main.py
[2026-09-01T18:30:57.220+0000] {logging_mixin.py:188} INFO - [2026-09-01T18:30:57.218+0000] {dagbag.py:355} ERROR - Failed to import: /opt/airflow/dags/main.py
Traceback (most recent call last):
  File "/home/airflow/.local/lib/python3.10/site-packages/airflow/models/dagbag.py", line 351, in parse
    loader.exec_module(new_module)
  File "<frozen importlib._bootstrap_external>", line 879, in exec_module
  File "<frozen importlib._bootstrap_external>", line 1017, in get_code
  File "<frozen importlib._bootstrap_external>", line 947, in source_to_code
  File "<frozen importlib._bootstrap>", line 241, in _call_with_frames_removed
  File "/opt/airflow/dags/main.py", line 9
    )
     ^
SyntaxError: expected ':'
[2026-09-01T18:30:57.222+0000] {processor.py:842} WARNING - No viable dags retrieved from /opt/airflow/dags/main.py
[2026-09-01T18:30:57.294+0000] {processor.py:183} INFO - Processing /opt/airflow/dags/main.py took 0.155 seconds
[2026-09-01T18:31:05.491+0000] {processor.py:161} INFO - Started process (PID=487) to work on /opt/airflow/dags/main.py
[2026-09-01T18:31:05.798+0000] {processor.py:830} INFO - Processing file /opt/airflow/dags/main.py for tasks to queue
[2026-09-01T18:31:05.805+0000] {logging_mixin.py:188} INFO - [2026-09-01T18:31:05.804+0000] {dagbag.py:545} INFO - Filling up the DagBag from /opt/airflow/dags/main.py
[2026-09-01T18:31:06.980+0000] {logging_mixin.py:188} INFO - [2026-09-01T18:31:06.979+0000] {dagbag.py:355} ERROR - Failed to import: /opt/airflow/dags/main.py
Traceback (most recent call last):
  File "/home/airflow/.local/lib/python3.10/site-packages/airflow/models/dagbag.py", line 351, in parse
    loader.exec_module(new_module)
  File "<frozen importlib._bootstrap_external>", line 879, in exec_module
  File "<frozen importlib._bootstrap_external>", line 1017, in get_code
  File "<frozen importlib._bootstrap_external>", line 947, in source_to_code
  File "<frozen importlib._bootstrap>", line 241, in _call_with_frames_removed
  File "/opt/airflow/dags/main.py", line 9
    )
     ^
SyntaxError: expected ':'
[2026-09-01T18:31:06.993+0000] {processor.py:842} WARNING - No viable dags retrieved from /opt/airflow/dags/main.py
[2026-09-01T18:31:07.128+0000] {processor.py:183} INFO - Processing /opt/airflow/dags/main.py took 1.695 seconds
[2026-09-01T18:31:08.915+0000] {processor.py:161} INFO - Started process (PID=488) to work on /opt/airflow/dags/main.py
[2026-09-01T18:31:08.918+0000] {processor.py:830} INFO - Processing file /opt/airflow/dags/main.py for tasks to queue
[2026-09-01T18:31:08.946+0000] {logging_mixin.py:188} INFO - [2026-09-01T18:31:08.945+0000] {dagbag.py:545} INFO - Filling up the DagBag from /opt/airflow/dags/main.py
[2026-09-01T18:31:08.977+0000] {logging_mixin.py:188} INFO - [2026-09-01T18:31:08.976+0000] {dagbag.py:355} ERROR - Failed to import: /opt/airflow/dags/main.py
Traceback (most recent call last):
  File "/home/airflow/.local/lib/python3.10/site-packages/airflow/models/dagbag.py", line 351, in parse
    loader.exec_module(new_module)
  File "<frozen importlib._bootstrap_external>", line 879, in exec_module
  File "<frozen importlib._bootstrap_external>", line 1017, in get_code
  File "<frozen importlib._bootstrap_external>", line 947, in source_to_code
  File "<frozen importlib._bootstrap>", line 241, in _call_with_frames_removed
  File "/opt/airflow/dags/main.py", line 9
    )
     ^
SyntaxError: expected ':'
[2026-09-01T18:31:08.979+0000] {processor.py:842} WARNING - No viable dags retrieved from /opt/airflow/dags/main.py
[2026-09-01T18:31:09.112+0000] {processor.py:183} INFO - Processing /opt/airflow/dags/main.py took 0.217 seconds
[2026-09-01T18:31:16.830+0000] {processor.py:161} INFO - Started process (PID=489) to work on /opt/airflow/dags/main.py
[2026-09-01T18:31:16.901+0000] {processor.py:830} INFO - Processing file /opt/airflow/dags/main.py for tasks to queue
[2026-09-01T18:31:16.920+0000] {logging_mixin.py:188} INFO - [2026-09-01T18:31:16.919+0000] {dagbag.py:545} INFO - Filling up the DagBag from /opt/airflow/dags/main.py
[2026-09-01T18:31:17.287+0000] {logging_mixin.py:188} INFO - [2026-09-01T18:31:17.285+0000] {dagbag.py:355} ERROR - Failed to import: /opt/airflow/dags/main.py
Traceback (most recent call last):
  File "/home/airflow/.local/lib/python3.10/site-packages/airflow/models/dagbag.py", line 351, in parse
    loader.exec_module(new_module)
  File "<frozen importlib._bootstrap_external>", line 879, in exec_module
  File "<frozen importlib._bootstrap_external>", line 1017, in get_code
  File "<frozen importlib._bootstrap_external>", line 947, in source_to_code
  File "<frozen importlib._bootstrap>", line 241, in _call_with_frames_removed
  File "/opt/airflow/dags/main.py", line 9
    )
     ^
SyntaxError: expected ':'
[2026-09-01T18:31:17.327+0000] {processor.py:842} WARNING - No viable dags retrieved from /opt/airflow/dags/main.py
[2026-09-01T18:31:17.429+0000] {processor.py:183} INFO - Processing /opt/airflow/dags/main.py took 0.915 seconds
[2026-09-01T18:31:19.653+0000] {processor.py:161} INFO - Started process (PID=490) to work on /opt/airflow/dags/main.py
[2026-09-01T18:31:19.666+0000] {processor.py:830} INFO - Processing file /opt/airflow/dags/main.py for tasks to queue
[2026-09-01T18:31:19.670+0000] {logging_mixin.py:188} INFO - [2026-09-01T18:31:19.669+0000] {dagbag.py:545} INFO - Filling up the DagBag from /opt/airflow/dags/main.py
[2026-09-01T18:31:19.765+0000] {logging_mixin.py:188} INFO - [2026-09-01T18:31:19.764+0000] {dagbag.py:355} ERROR - Failed to import: /opt/airflow/dags/main.py
Traceback (most recent call last):
  File "/home/airflow/.local/lib/python3.10/site-packages/airflow/models/dagbag.py", line 351, in parse
    loader.exec_module(new_module)
  File "<frozen importlib._bootstrap_external>", line 879, in exec_module
  File "<frozen importlib._bootstrap_external>", line 1017, in get_code
  File "<frozen importlib._bootstrap_external>", line 947, in source_to_code
  File "<frozen importlib._bootstrap>", line 241, in _call_with_frames_removed
  File "/opt/airflow/dags/main.py", line 9
    )
     ^
SyntaxError: expected ':'
[2026-09-01T18:31:19.777+0000] {processor.py:842} WARNING - No viable dags retrieved from /opt/airflow/dags/main.py
[2026-09-01T18:31:19.867+0000] {processor.py:183} INFO - Processing /opt/airflow/dags/main.py took 0.234 seconds
[2026-09-01T18:31:25.765+0000] {processor.py:161} INFO - Started process (PID=491) to work on /opt/airflow/dags/main.py
[2026-09-01T18:31:25.821+0000] {processor.py:830} INFO - Processing file /opt/airflow/dags/main.py for tasks to queue
[2026-09-01T18:31:25.848+0000] {logging_mixin.py:188} INFO - [2026-09-01T18:31:25.847+0000] {dagbag.py:545} INFO - Filling up the DagBag from /opt/airflow/dags/main.py
[2026-09-01T18:31:28.800+0000] {logging_mixin.py:188} INFO - [2026-09-01T18:31:28.798+0000] {dagbag.py:355} ERROR - Failed to import: /opt/airflow/dags/main.py
Traceback (most recent call last):
  File "/home/airflow/.local/lib/python3.10/site-packages/airflow/models/dagbag.py", line 351, in parse
    loader.exec_module(new_module)
  File "<frozen importlib._bootstrap_external>", line 879, in exec_module
  File "<frozen importlib._bootstrap_external>", line 1017, in get_code
  File "<frozen importlib._bootstrap_external>", line 947, in source_to_code
  File "<frozen importlib._bootstrap>", line 241, in _call_with_frames_removed
  File "/opt/airflow/dags/main.py", line 10
    )
    ^
SyntaxError: positional argument follows keyword argument
[2026-09-01T18:31:29.013+0000] {processor.py:842} WARNING - No viable dags retrieved from /opt/airflow/dags/main.py
[2026-09-01T18:31:29.812+0000] {processor.py:183} INFO - Processing /opt/airflow/dags/main.py took 4.197 seconds
[2026-09-01T18:31:34.953+0000] {processor.py:161} INFO - Started process (PID=497) to work on /opt/airflow/dags/main.py
[2026-09-01T18:31:34.958+0000] {processor.py:830} INFO - Processing file /opt/airflow/dags/main.py for tasks to queue
[2026-09-01T18:31:34.974+0000] {logging_mixin.py:188} INFO - [2026-09-01T18:31:34.974+0000] {dagbag.py:545} INFO - Filling up the DagBag from /opt/airflow/dags/main.py
[2026-09-01T18:31:35.215+0000] {logging_mixin.py:188} INFO - [2026-09-01T18:31:35.214+0000] {dagbag.py:355} ERROR - Failed to import: /opt/airflow/dags/main.py
Traceback (most recent call last):
  File "/home/airflow/.local/lib/python3.10/site-packages/airflow/models/dagbag.py", line 351, in parse
    loader.exec_module(new_module)
  File "<frozen importlib._bootstrap_external>", line 879, in exec_module
  File "<frozen importlib._bootstrap_external>", line 1017, in get_code
  File "<frozen importlib._bootstrap_external>", line 947, in source_to_code
  File "<frozen importlib._bootstrap>", line 241, in _call_with_frames_removed
  File "/opt/airflow/dags/main.py", line 10
    )
    ^
SyntaxError: unmatched ')'
[2026-09-01T18:31:35.217+0000] {processor.py:842} WARNING - No viable dags retrieved from /opt/airflow/dags/main.py
[2026-09-01T18:31:35.281+0000] {processor.py:183} INFO - Processing /opt/airflow/dags/main.py took 0.347 seconds
[2026-09-01T18:31:37.267+0000] {processor.py:161} INFO - Started process (PID=498) to work on /opt/airflow/dags/main.py
[2026-09-01T18:31:37.340+0000] {processor.py:830} INFO - Processing file /opt/airflow/dags/main.py for tasks to queue
[2026-09-01T18:31:37.348+0000] {logging_mixin.py:188} INFO - [2026-09-01T18:31:37.348+0000] {dagbag.py:545} INFO - Filling up the DagBag from /opt/airflow/dags/main.py
[2026-09-01T18:31:37.403+0000] {logging_mixin.py:188} INFO - [2026-09-01T18:31:37.400+0000] {dagbag.py:355} ERROR - Failed to import: /opt/airflow/dags/main.py
Traceback (most recent call last):
  File "/home/airflow/.local/lib/python3.10/site-packages/airflow/models/dagbag.py", line 351, in parse
    loader.exec_module(new_module)
  File "<frozen importlib._bootstrap_external>", line 879, in exec_module
  File "<frozen importlib._bootstrap_external>", line 1017, in get_code
  File "<frozen importlib._bootstrap_external>", line 947, in source_to_code
  File "<frozen importlib._bootstrap>", line 241, in _call_with_frames_removed
  File "/opt/airflow/dags/main.py", line 10
    )
    ^
SyntaxError: positional argument follows keyword argument
[2026-09-01T18:31:37.405+0000] {processor.py:842} WARNING - No viable dags retrieved from /opt/airflow/dags/main.py
[2026-09-01T18:31:37.645+0000] {processor.py:183} INFO - Processing /opt/airflow/dags/main.py took 0.401 seconds
[2026-09-01T18:31:38.559+0000] {processor.py:161} INFO - Started process (PID=499) to work on /opt/airflow/dags/main.py
[2026-09-01T18:31:38.564+0000] {processor.py:830} INFO - Processing file /opt/airflow/dags/main.py for tasks to queue
[2026-09-01T18:31:38.576+0000] {logging_mixin.py:188} INFO - [2026-09-01T18:31:38.575+0000] {dagbag.py:545} INFO - Filling up the DagBag from /opt/airflow/dags/main.py
[2026-09-01T18:31:38.604+0000] {logging_mixin.py:188} INFO - [2026-09-01T18:31:38.603+0000] {dagbag.py:355} ERROR - Failed to import: /opt/airflow/dags/main.py
Traceback (most recent call last):
  File "/home/airflow/.local/lib/python3.10/site-packages/airflow/models/dagbag.py", line 351, in parse
    loader.exec_module(new_module)
  File "<frozen importlib._bootstrap_external>", line 879, in exec_module
  File "<frozen importlib._bootstrap_external>", line 1017, in get_code
  File "<frozen importlib._bootstrap_external>", line 947, in source_to_code
  File "<frozen importlib._bootstrap>", line 241, in _call_with_frames_removed
  File "/opt/airflow/dags/main.py", line 10
    )
    ^
SyntaxError: invalid syntax
[2026-09-01T18:31:38.606+0000] {processor.py:842} WARNING - No viable dags retrieved from /opt/airflow/dags/main.py
[2026-09-01T18:31:38.677+0000] {processor.py:183} INFO - Processing /opt/airflow/dags/main.py took 0.138 seconds
[2026-09-01T18:31:52.307+0000] {processor.py:161} INFO - Started process (PID=500) to work on /opt/airflow/dags/main.py
[2026-09-01T18:31:52.563+0000] {processor.py:830} INFO - Processing file /opt/airflow/dags/main.py for tasks to queue
[2026-09-01T18:31:52.643+0000] {logging_mixin.py:188} INFO - [2026-09-01T18:31:52.643+0000] {dagbag.py:545} INFO - Filling up the DagBag from /opt/airflow/dags/main.py
[2026-09-01T18:31:53.087+0000] {logging_mixin.py:188} INFO - [2026-09-01T18:31:53.086+0000] {dagbag.py:355} ERROR - Failed to import: /opt/airflow/dags/main.py
Traceback (most recent call last):
  File "/home/airflow/.local/lib/python3.10/site-packages/airflow/models/dagbag.py", line 351, in parse
    loader.exec_module(new_module)
  File "<frozen importlib._bootstrap_external>", line 879, in exec_module
  File "<frozen importlib._bootstrap_external>", line 1017, in get_code
  File "<frozen importlib._bootstrap_external>", line 947, in source_to_code
  File "<frozen importlib._bootstrap>", line 241, in _call_with_frames_removed
  File "/opt/airflow/dags/main.py", line 10
    )
     ^
SyntaxError: expected ':'
[2026-09-01T18:31:53.089+0000] {processor.py:842} WARNING - No viable dags retrieved from /opt/airflow/dags/main.py
[2026-09-01T18:31:53.334+0000] {processor.py:183} INFO - Processing /opt/airflow/dags/main.py took 1.067 seconds
[2026-09-01T18:31:55.395+0000] {processor.py:161} INFO - Started process (PID=501) to work on /opt/airflow/dags/main.py
[2026-09-01T18:31:55.398+0000] {processor.py:830} INFO - Processing file /opt/airflow/dags/main.py for tasks to queue
[2026-09-01T18:31:55.413+0000] {logging_mixin.py:188} INFO - [2026-09-01T18:31:55.412+0000] {dagbag.py:545} INFO - Filling up the DagBag from /opt/airflow/dags/main.py
[2026-09-01T18:31:55.483+0000] {logging_mixin.py:188} INFO - [2026-09-01T18:31:55.482+0000] {dagbag.py:355} ERROR - Failed to import: /opt/airflow/dags/main.py
Traceback (most recent call last):
  File "/home/airflow/.local/lib/python3.10/site-packages/airflow/models/dagbag.py", line 351, in parse
    loader.exec_module(new_module)
  File "<frozen importlib._bootstrap_external>", line 879, in exec_module
  File "<frozen importlib._bootstrap_external>", line 1017, in get_code
  File "<frozen importlib._bootstrap_external>", line 947, in source_to_code
  File "<frozen importlib._bootstrap>", line 241, in _call_with_frames_removed
  File "/opt/airflow/dags/main.py", line 10
    )
     ^
SyntaxError: expected ':'
[2026-09-01T18:31:55.493+0000] {processor.py:842} WARNING - No viable dags retrieved from /opt/airflow/dags/main.py
[2026-09-01T18:31:55.534+0000] {processor.py:183} INFO - Processing /opt/airflow/dags/main.py took 0.174 seconds
[2026-09-01T18:31:58.346+0000] {processor.py:161} INFO - Started process (PID=502) to work on /opt/airflow/dags/main.py
[2026-09-01T18:31:58.348+0000] {processor.py:830} INFO - Processing file /opt/airflow/dags/main.py for tasks to queue
[2026-09-01T18:31:58.352+0000] {logging_mixin.py:188} INFO - [2026-09-01T18:31:58.352+0000] {dagbag.py:545} INFO - Filling up the DagBag from /opt/airflow/dags/main.py
[2026-09-01T18:31:58.383+0000] {logging_mixin.py:188} INFO - [2026-09-01T18:31:58.382+0000] {dagbag.py:355} ERROR - Failed to import: /opt/airflow/dags/main.py
Traceback (most recent call last):
  File "/home/airflow/.local/lib/python3.10/site-packages/airflow/models/dagbag.py", line 351, in parse
    loader.exec_module(new_module)
  File "<frozen importlib._bootstrap_external>", line 879, in exec_module
  File "<frozen importlib._bootstrap_external>", line 1017, in get_code
  File "<frozen importlib._bootstrap_external>", line 947, in source_to_code
  File "<frozen importlib._bootstrap>", line 241, in _call_with_frames_removed
  File "/opt/airflow/dags/main.py", line 10
    )
     ^
SyntaxError: expected ':'
[2026-09-01T18:31:58.445+0000] {processor.py:842} WARNING - No viable dags retrieved from /opt/airflow/dags/main.py
[2026-09-01T18:31:58.790+0000] {processor.py:183} INFO - Processing /opt/airflow/dags/main.py took 0.459 seconds
[2026-09-01T18:32:04.402+0000] {processor.py:161} INFO - Started process (PID=508) to work on /opt/airflow/dags/main.py
[2026-09-01T18:32:04.947+0000] {processor.py:830} INFO - Processing file /opt/airflow/dags/main.py for tasks to queue
[2026-09-01T18:32:04.969+0000] {logging_mixin.py:188} INFO - [2026-09-01T18:32:04.969+0000] {dagbag.py:545} INFO - Filling up the DagBag from /opt/airflow/dags/main.py
[2026-09-01T18:32:05.272+0000] {logging_mixin.py:188} INFO - [2026-09-01T18:32:05.271+0000] {dagbag.py:355} ERROR - Failed to import: /opt/airflow/dags/main.py
Traceback (most recent call last):
  File "/home/airflow/.local/lib/python3.10/site-packages/airflow/models/dagbag.py", line 351, in parse
    loader.exec_module(new_module)
  File "<frozen importlib._bootstrap_external>", line 879, in exec_module
  File "<frozen importlib._bootstrap_external>", line 1017, in get_code
  File "<frozen importlib._bootstrap_external>", line 947, in source_to_code
  File "<frozen importlib._bootstrap>", line 241, in _call_with_frames_removed
  File "/opt/airflow/dags/main.py", line 11
    )
     ^
SyntaxError: expected ':'
[2026-09-01T18:32:05.274+0000] {processor.py:842} WARNING - No viable dags retrieved from /opt/airflow/dags/main.py
[2026-09-01T18:32:05.350+0000] {processor.py:183} INFO - Processing /opt/airflow/dags/main.py took 0.983 seconds
[2026-09-01T18:32:08.840+0000] {processor.py:161} INFO - Started process (PID=509) to work on /opt/airflow/dags/main.py
[2026-09-01T18:32:08.872+0000] {processor.py:830} INFO - Processing file /opt/airflow/dags/main.py for tasks to queue
[2026-09-01T18:32:09.098+0000] {logging_mixin.py:188} INFO - [2026-09-01T18:32:09.097+0000] {dagbag.py:545} INFO - Filling up the DagBag from /opt/airflow/dags/main.py
[2026-09-01T18:32:10.277+0000] {logging_mixin.py:188} INFO - [2026-09-01T18:32:10.275+0000] {dagbag.py:355} ERROR - Failed to import: /opt/airflow/dags/main.py
Traceback (most recent call last):
  File "/home/airflow/.local/lib/python3.10/site-packages/airflow/models/dagbag.py", line 351, in parse
    loader.exec_module(new_module)
  File "<frozen importlib._bootstrap_external>", line 879, in exec_module
  File "<frozen importlib._bootstrap_external>", line 1017, in get_code
  File "<frozen importlib._bootstrap_external>", line 947, in source_to_code
  File "<frozen importlib._bootstrap>", line 241, in _call_with_frames_removed
  File "/opt/airflow/dags/main.py", line 9
    description
    ^^^^^^^^^^
SyntaxError: invalid syntax. Perhaps you forgot a comma?
[2026-09-01T18:32:10.294+0000] {processor.py:842} WARNING - No viable dags retrieved from /opt/airflow/dags/main.py
[2026-09-01T18:32:10.463+0000] {processor.py:183} INFO - Processing /opt/airflow/dags/main.py took 1.644 seconds
[2026-09-01T18:32:41.572+0000] {processor.py:161} INFO - Started process (PID=516) to work on /opt/airflow/dags/main.py
[2026-09-01T18:32:41.623+0000] {processor.py:830} INFO - Processing file /opt/airflow/dags/main.py for tasks to queue
[2026-09-01T18:32:41.672+0000] {logging_mixin.py:188} INFO - [2026-09-01T18:32:41.671+0000] {dagbag.py:545} INFO - Filling up the DagBag from /opt/airflow/dags/main.py
[2026-09-01T18:32:43.046+0000] {logging_mixin.py:188} INFO - [2026-09-01T18:32:43.043+0000] {dagbag.py:355} ERROR - Failed to import: /opt/airflow/dags/main.py
Traceback (most recent call last):
  File "/home/airflow/.local/lib/python3.10/site-packages/airflow/models/dagbag.py", line 351, in parse
    loader.exec_module(new_module)
  File "<frozen importlib._bootstrap_external>", line 879, in exec_module
  File "<frozen importlib._bootstrap_external>", line 1017, in get_code
  File "<frozen importlib._bootstrap_external>", line 947, in source_to_code
  File "<frozen importlib._bootstrap>", line 241, in _call_with_frames_removed
  File "/opt/airflow/dags/main.py", line 9
    description
    ^^^^^^^^^^
SyntaxError: invalid syntax. Perhaps you forgot a comma?
[2026-09-01T18:32:43.082+0000] {processor.py:842} WARNING - No viable dags retrieved from /opt/airflow/dags/main.py
[2026-09-01T18:32:44.025+0000] {processor.py:183} INFO - Processing /opt/airflow/dags/main.py took 2.578 seconds
[2026-09-01T18:32:50.171+0000] {processor.py:161} INFO - Started process (PID=517) to work on /opt/airflow/dags/main.py
[2026-09-01T18:32:50.175+0000] {processor.py:830} INFO - Processing file /opt/airflow/dags/main.py for tasks to queue
[2026-09-01T18:32:50.188+0000] {logging_mixin.py:188} INFO - [2026-09-01T18:32:50.182+0000] {dagbag.py:545} INFO - Filling up the DagBag from /opt/airflow/dags/main.py
[2026-09-01T18:32:50.981+0000] {logging_mixin.py:188} INFO - [2026-09-01T18:32:50.980+0000] {dagbag.py:355} ERROR - Failed to import: /opt/airflow/dags/main.py
Traceback (most recent call last):
  File "/home/airflow/.local/lib/python3.10/site-packages/airflow/models/dagbag.py", line 351, in parse
    loader.exec_module(new_module)
  File "<frozen importlib._bootstrap_external>", line 879, in exec_module
  File "<frozen importlib._bootstrap_external>", line 1017, in get_code
  File "<frozen importlib._bootstrap_external>", line 947, in source_to_code
  File "<frozen importlib._bootstrap>", line 241, in _call_with_frames_removed
  File "/opt/airflow/dags/main.py", line 10
    )
     ^
SyntaxError: expected ':'
[2026-09-01T18:32:50.987+0000] {processor.py:842} WARNING - No viable dags retrieved from /opt/airflow/dags/main.py
[2026-09-01T18:32:51.096+0000] {processor.py:183} INFO - Processing /opt/airflow/dags/main.py took 0.948 seconds
[2026-09-01T18:32:53.725+0000] {processor.py:161} INFO - Started process (PID=518) to work on /opt/airflow/dags/main.py
[2026-09-01T18:32:53.741+0000] {processor.py:830} INFO - Processing file /opt/airflow/dags/main.py for tasks to queue
[2026-09-01T18:32:53.746+0000] {logging_mixin.py:188} INFO - [2026-09-01T18:32:53.745+0000] {dagbag.py:545} INFO - Filling up the DagBag from /opt/airflow/dags/main.py
[2026-09-01T18:32:53.805+0000] {logging_mixin.py:188} INFO - [2026-09-01T18:32:53.804+0000] {dagbag.py:355} ERROR - Failed to import: /opt/airflow/dags/main.py
Traceback (most recent call last):
  File "/home/airflow/.local/lib/python3.10/site-packages/airflow/models/dagbag.py", line 351, in parse
    loader.exec_module(new_module)
  File "<frozen importlib._bootstrap_external>", line 879, in exec_module
  File "<frozen importlib._bootstrap_external>", line 1017, in get_code
  File "<frozen importlib._bootstrap_external>", line 947, in source_to_code
  File "<frozen importlib._bootstrap>", line 241, in _call_with_frames_removed
  File "/opt/airflow/dags/main.py", line 12
    )
    ^
SyntaxError: positional argument follows keyword argument
[2026-09-01T18:32:53.807+0000] {processor.py:842} WARNING - No viable dags retrieved from /opt/airflow/dags/main.py
[2026-09-01T18:32:53.955+0000] {processor.py:183} INFO - Processing /opt/airflow/dags/main.py took 0.249 seconds
[2026-09-01T18:32:59.013+0000] {processor.py:161} INFO - Started process (PID=519) to work on /opt/airflow/dags/main.py
[2026-09-01T18:32:59.016+0000] {processor.py:830} INFO - Processing file /opt/airflow/dags/main.py for tasks to queue
[2026-09-01T18:32:59.027+0000] {logging_mixin.py:188} INFO - [2026-09-01T18:32:59.026+0000] {dagbag.py:545} INFO - Filling up the DagBag from /opt/airflow/dags/main.py
[2026-09-01T18:32:59.142+0000] {logging_mixin.py:188} INFO - [2026-09-01T18:32:59.141+0000] {dagbag.py:355} ERROR - Failed to import: /opt/airflow/dags/main.py
Traceback (most recent call last):
  File "/home/airflow/.local/lib/python3.10/site-packages/airflow/models/dagbag.py", line 351, in parse
    loader.exec_module(new_module)
  File "<frozen importlib._bootstrap_external>", line 879, in exec_module
  File "<frozen importlib._bootstrap_external>", line 1017, in get_code
  File "<frozen importlib._bootstrap_external>", line 947, in source_to_code
  File "<frozen importlib._bootstrap>", line 241, in _call_with_frames_removed
  File "/opt/airflow/dags/main.py", line 12
    )
    ^
SyntaxError: positional argument follows keyword argument
[2026-09-01T18:32:59.145+0000] {processor.py:842} WARNING - No viable dags retrieved from /opt/airflow/dags/main.py
[2026-09-01T18:32:59.225+0000] {processor.py:183} INFO - Processing /opt/airflow/dags/main.py took 0.238 seconds
[2026-09-01T18:33:05.031+0000] {processor.py:161} INFO - Started process (PID=520) to work on /opt/airflow/dags/main.py
[2026-09-01T18:33:05.110+0000] {processor.py:830} INFO - Processing file /opt/airflow/dags/main.py for tasks to queue
[2026-09-01T18:33:05.441+0000] {logging_mixin.py:188} INFO - [2026-09-01T18:33:05.440+0000] {dagbag.py:545} INFO - Filling up the DagBag from /opt/airflow/dags/main.py
[2026-09-01T18:33:06.529+0000] {logging_mixin.py:188} INFO - [2026-09-01T18:33:06.528+0000] {dagbag.py:355} ERROR - Failed to import: /opt/airflow/dags/main.py
Traceback (most recent call last):
  File "/home/airflow/.local/lib/python3.10/site-packages/airflow/models/dagbag.py", line 351, in parse
    loader.exec_module(new_module)
  File "<frozen importlib._bootstrap_external>", line 879, in exec_module
  File "<frozen importlib._bootstrap_external>", line 1017, in get_code
  File "<frozen importlib._bootstrap_external>", line 947, in source_to_code
  File "<frozen importlib._bootstrap>", line 241, in _call_with_frames_removed
  File "/opt/airflow/dags/main.py", line 12
    )
    ^
SyntaxError: positional argument follows keyword argument
[2026-09-01T18:33:06.543+0000] {processor.py:842} WARNING - No viable dags retrieved from /opt/airflow/dags/main.py
[2026-09-01T18:33:07.069+0000] {processor.py:183} INFO - Processing /opt/airflow/dags/main.py took 2.079 seconds
[2026-09-01T18:33:08.425+0000] {processor.py:161} INFO - Started process (PID=526) to work on /opt/airflow/dags/main.py
[2026-09-01T18:33:08.430+0000] {processor.py:830} INFO - Processing file /opt/airflow/dags/main.py for tasks to queue
[2026-09-01T18:33:08.439+0000] {logging_mixin.py:188} INFO - [2026-09-01T18:33:08.438+0000] {dagbag.py:545} INFO - Filling up the DagBag from /opt/airflow/dags/main.py
[2026-09-01T18:33:08.474+0000] {logging_mixin.py:188} INFO - [2026-09-01T18:33:08.473+0000] {dagbag.py:355} ERROR - Failed to import: /opt/airflow/dags/main.py
Traceback (most recent call last):
  File "/home/airflow/.local/lib/python3.10/site-packages/airflow/models/dagbag.py", line 351, in parse
    loader.exec_module(new_module)
  File "<frozen importlib._bootstrap_external>", line 879, in exec_module
  File "<frozen importlib._bootstrap_external>", line 1017, in get_code
  File "<frozen importlib._bootstrap_external>", line 947, in source_to_code
  File "<frozen importlib._bootstrap>", line 241, in _call_with_frames_removed
  File "/opt/airflow/dags/main.py", line 12
    )
     ^
SyntaxError: expected ':'
[2026-09-01T18:33:08.476+0000] {processor.py:842} WARNING - No viable dags retrieved from /opt/airflow/dags/main.py
[2026-09-01T18:33:08.564+0000] {processor.py:183} INFO - Processing /opt/airflow/dags/main.py took 0.167 seconds
[2026-09-01T18:33:21.352+0000] {processor.py:161} INFO - Started process (PID=527) to work on /opt/airflow/dags/main.py
[2026-09-01T18:33:21.363+0000] {processor.py:830} INFO - Processing file /opt/airflow/dags/main.py for tasks to queue
[2026-09-01T18:33:21.371+0000] {logging_mixin.py:188} INFO - [2026-09-01T18:33:21.370+0000] {dagbag.py:545} INFO - Filling up the DagBag from /opt/airflow/dags/main.py
[2026-09-01T18:33:21.590+0000] {logging_mixin.py:188} INFO - [2026-09-01T18:33:21.587+0000] {dagbag.py:355} ERROR - Failed to import: /opt/airflow/dags/main.py
Traceback (most recent call last):
  File "/home/airflow/.local/lib/python3.10/site-packages/airflow/models/dagbag.py", line 351, in parse
    loader.exec_module(new_module)
  File "<frozen importlib._bootstrap_external>", line 879, in exec_module
  File "<frozen importlib._bootstrap_external>", line 1017, in get_code
  File "<frozen importlib._bootstrap_external>", line 947, in source_to_code
  File "<frozen importlib._bootstrap>", line 241, in _call_with_frames_removed
  File "/opt/airflow/dags/main.py", line 12
    )
     ^
SyntaxError: expected ':'
[2026-09-01T18:33:21.595+0000] {processor.py:842} WARNING - No viable dags retrieved from /opt/airflow/dags/main.py
[2026-09-01T18:33:21.672+0000] {processor.py:183} INFO - Processing /opt/airflow/dags/main.py took 0.333 seconds
[2026-09-01T18:33:27.411+0000] {processor.py:161} INFO - Started process (PID=528) to work on /opt/airflow/dags/main.py
[2026-09-01T18:33:27.473+0000] {processor.py:830} INFO - Processing file /opt/airflow/dags/main.py for tasks to queue
[2026-09-01T18:33:27.523+0000] {logging_mixin.py:188} INFO - [2026-09-01T18:33:27.522+0000] {dagbag.py:545} INFO - Filling up the DagBag from /opt/airflow/dags/main.py
[2026-09-01T18:33:27.833+0000] {logging_mixin.py:188} INFO - [2026-09-01T18:33:27.832+0000] {dagbag.py:355} ERROR - Failed to import: /opt/airflow/dags/main.py
Traceback (most recent call last):
  File "/home/airflow/.local/lib/python3.10/site-packages/airflow/models/dagbag.py", line 351, in parse
    loader.exec_module(new_module)
  File "<frozen importlib._bootstrap_external>", line 879, in exec_module
  File "<frozen importlib._bootstrap_external>", line 1017, in get_code
  File "<frozen importlib._bootstrap_external>", line 947, in source_to_code
  File "<frozen importlib._bootstrap>", line 241, in _call_with_frames_removed
  File "/opt/airflow/dags/main.py", line 12
    )
     ^
SyntaxError: expected ':'
[2026-09-01T18:33:27.836+0000] {processor.py:842} WARNING - No viable dags retrieved from /opt/airflow/dags/main.py
[2026-09-01T18:33:28.142+0000] {processor.py:183} INFO - Processing /opt/airflow/dags/main.py took 0.752 seconds
[2026-09-01T18:33:30.310+0000] {processor.py:161} INFO - Started process (PID=529) to work on /opt/airflow/dags/main.py
[2026-09-01T18:33:30.313+0000] {processor.py:830} INFO - Processing file /opt/airflow/dags/main.py for tasks to queue
[2026-09-01T18:33:30.318+0000] {logging_mixin.py:188} INFO - [2026-09-01T18:33:30.317+0000] {dagbag.py:545} INFO - Filling up the DagBag from /opt/airflow/dags/main.py
[2026-09-01T18:33:30.362+0000] {logging_mixin.py:188} INFO - [2026-09-01T18:33:30.361+0000] {dagbag.py:355} ERROR - Failed to import: /opt/airflow/dags/main.py
Traceback (most recent call last):
  File "/home/airflow/.local/lib/python3.10/site-packages/airflow/models/dagbag.py", line 351, in parse
    loader.exec_module(new_module)
  File "<frozen importlib._bootstrap_external>", line 879, in exec_module
  File "<frozen importlib._bootstrap_external>", line 1017, in get_code
  File "<frozen importlib._bootstrap_external>", line 947, in source_to_code
  File "<frozen importlib._bootstrap>", line 241, in _call_with_frames_removed
  File "/opt/airflow/dags/main.py", line 12
    )
     ^
SyntaxError: expected ':'
[2026-09-01T18:33:30.365+0000] {processor.py:842} WARNING - No viable dags retrieved from /opt/airflow/dags/main.py
[2026-09-01T18:33:30.423+0000] {processor.py:183} INFO - Processing /opt/airflow/dags/main.py took 0.129 seconds
[2026-09-01T18:33:35.004+0000] {processor.py:161} INFO - Started process (PID=530) to work on /opt/airflow/dags/main.py
[2026-09-01T18:33:35.008+0000] {processor.py:830} INFO - Processing file /opt/airflow/dags/main.py for tasks to queue
[2026-09-01T18:33:35.027+0000] {logging_mixin.py:188} INFO - [2026-09-01T18:33:35.026+0000] {dagbag.py:545} INFO - Filling up the DagBag from /opt/airflow/dags/main.py
[2026-09-01T18:33:35.299+0000] {logging_mixin.py:188} INFO - [2026-09-01T18:33:35.297+0000] {dagbag.py:355} ERROR - Failed to import: /opt/airflow/dags/main.py
Traceback (most recent call last):
  File "/home/airflow/.local/lib/python3.10/site-packages/airflow/models/dagbag.py", line 351, in parse
    loader.exec_module(new_module)
  File "<frozen importlib._bootstrap_external>", line 879, in exec_module
  File "<frozen importlib._bootstrap_external>", line 1017, in get_code
  File "<frozen importlib._bootstrap_external>", line 947, in source_to_code
  File "<frozen importlib._bootstrap>", line 241, in _call_with_frames_removed
  File "/opt/airflow/dags/main.py", line 12
    )
     ^
SyntaxError: expected ':'
[2026-09-01T18:33:35.301+0000] {processor.py:842} WARNING - No viable dags retrieved from /opt/airflow/dags/main.py
[2026-09-01T18:33:35.450+0000] {processor.py:183} INFO - Processing /opt/airflow/dags/main.py took 0.475 seconds
[2026-09-01T18:34:09.496+0000] {processor.py:161} INFO - Started process (PID=536) to work on /opt/airflow/dags/main.py
[2026-09-01T18:34:09.779+0000] {processor.py:830} INFO - Processing file /opt/airflow/dags/main.py for tasks to queue
[2026-09-01T18:34:10.061+0000] {logging_mixin.py:188} INFO - [2026-09-01T18:34:09.989+0000] {dagbag.py:545} INFO - Filling up the DagBag from /opt/airflow/dags/main.py
[2026-09-01T18:34:11.064+0000] {logging_mixin.py:188} INFO - [2026-09-01T18:34:11.035+0000] {dagbag.py:355} ERROR - Failed to import: /opt/airflow/dags/main.py
Traceback (most recent call last):
  File "/home/airflow/.local/lib/python3.10/site-packages/airflow/models/dagbag.py", line 351, in parse
    loader.exec_module(new_module)
  File "<frozen importlib._bootstrap_external>", line 879, in exec_module
  File "<frozen importlib._bootstrap_external>", line 1017, in get_code
  File "<frozen importlib._bootstrap_external>", line 947, in source_to_code
  File "<frozen importlib._bootstrap>", line 241, in _call_with_frames_removed
  File "/opt/airflow/dags/main.py", line 12
    )
     ^
SyntaxError: expected ':'
[2026-09-01T18:34:11.067+0000] {processor.py:842} WARNING - No viable dags retrieved from /opt/airflow/dags/main.py
[2026-09-01T18:34:11.305+0000] {processor.py:183} INFO - Processing /opt/airflow/dags/main.py took 3.078 seconds
[2026-09-01T18:34:43.230+0000] {processor.py:161} INFO - Started process (PID=551) to work on /opt/airflow/dags/main.py
[2026-09-01T18:34:43.268+0000] {processor.py:830} INFO - Processing file /opt/airflow/dags/main.py for tasks to queue
[2026-09-01T18:34:43.295+0000] {logging_mixin.py:188} INFO - [2026-09-01T18:34:43.294+0000] {dagbag.py:545} INFO - Filling up the DagBag from /opt/airflow/dags/main.py
[2026-09-01T18:34:43.439+0000] {logging_mixin.py:188} INFO - [2026-09-01T18:34:43.438+0000] {dagbag.py:355} ERROR - Failed to import: /opt/airflow/dags/main.py
Traceback (most recent call last):
  File "/home/airflow/.local/lib/python3.10/site-packages/airflow/models/dagbag.py", line 351, in parse
    loader.exec_module(new_module)
  File "<frozen importlib._bootstrap_external>", line 879, in exec_module
  File "<frozen importlib._bootstrap_external>", line 1017, in get_code
  File "<frozen importlib._bootstrap_external>", line 947, in source_to_code
  File "<frozen importlib._bootstrap>", line 241, in _call_with_frames_removed
  File "/opt/airflow/dags/main.py", line 12
    )
     ^
SyntaxError: expected ':'
[2026-09-01T18:34:43.441+0000] {processor.py:842} WARNING - No viable dags retrieved from /opt/airflow/dags/main.py
[2026-09-01T18:34:43.525+0000] {processor.py:183} INFO - Processing /opt/airflow/dags/main.py took 0.311 seconds
[2026-09-01T18:34:58.155+0000] {processor.py:161} INFO - Started process (PID=552) to work on /opt/airflow/dags/main.py
[2026-09-01T18:34:58.221+0000] {processor.py:830} INFO - Processing file /opt/airflow/dags/main.py for tasks to queue
[2026-09-01T18:34:58.252+0000] {logging_mixin.py:188} INFO - [2026-09-01T18:34:58.252+0000] {dagbag.py:545} INFO - Filling up the DagBag from /opt/airflow/dags/main.py
[2026-09-01T18:34:58.792+0000] {logging_mixin.py:188} INFO - [2026-09-01T18:34:58.790+0000] {dagbag.py:355} ERROR - Failed to import: /opt/airflow/dags/main.py
Traceback (most recent call last):
  File "/home/airflow/.local/lib/python3.10/site-packages/airflow/models/dagbag.py", line 351, in parse
    loader.exec_module(new_module)
  File "<frozen importlib._bootstrap_external>", line 879, in exec_module
  File "<frozen importlib._bootstrap_external>", line 1017, in get_code
  File "<frozen importlib._bootstrap_external>", line 947, in source_to_code
  File "<frozen importlib._bootstrap>", line 241, in _call_with_frames_removed
  File "/opt/airflow/dags/main.py", line 12
    )
    ^
SyntaxError: invalid syntax
[2026-09-01T18:34:58.798+0000] {processor.py:842} WARNING - No viable dags retrieved from /opt/airflow/dags/main.py
[2026-09-01T18:34:58.931+0000] {processor.py:183} INFO - Processing /opt/airflow/dags/main.py took 0.795 seconds
[2026-09-01T18:35:05.398+0000] {processor.py:161} INFO - Started process (PID=553) to work on /opt/airflow/dags/main.py
[2026-09-01T18:35:05.409+0000] {processor.py:830} INFO - Processing file /opt/airflow/dags/main.py for tasks to queue
[2026-09-01T18:35:05.415+0000] {logging_mixin.py:188} INFO - [2026-09-01T18:35:05.414+0000] {dagbag.py:545} INFO - Filling up the DagBag from /opt/airflow/dags/main.py
[2026-09-01T18:35:05.608+0000] {logging_mixin.py:188} INFO - [2026-09-01T18:35:05.602+0000] {dagbag.py:355} ERROR - Failed to import: /opt/airflow/dags/main.py
Traceback (most recent call last):
  File "/home/airflow/.local/lib/python3.10/site-packages/airflow/models/dagbag.py", line 351, in parse
    loader.exec_module(new_module)
  File "<frozen importlib._bootstrap_external>", line 879, in exec_module
  File "<frozen importlib._bootstrap_external>", line 1017, in get_code
  File "<frozen importlib._bootstrap_external>", line 947, in source_to_code
  File "<frozen importlib._bootstrap>", line 241, in _call_with_frames_removed
  File "/opt/airflow/dags/main.py", line 13
    )
    ^
SyntaxError: positional argument follows keyword argument
[2026-09-01T18:35:05.611+0000] {processor.py:842} WARNING - No viable dags retrieved from /opt/airflow/dags/main.py
[2026-09-01T18:35:05.738+0000] {processor.py:183} INFO - Processing /opt/airflow/dags/main.py took 0.363 seconds
[2026-09-01T18:35:09.204+0000] {processor.py:161} INFO - Started process (PID=554) to work on /opt/airflow/dags/main.py
[2026-09-01T18:35:09.206+0000] {processor.py:830} INFO - Processing file /opt/airflow/dags/main.py for tasks to queue
[2026-09-01T18:35:09.210+0000] {logging_mixin.py:188} INFO - [2026-09-01T18:35:09.209+0000] {dagbag.py:545} INFO - Filling up the DagBag from /opt/airflow/dags/main.py
[2026-09-01T18:35:09.236+0000] {logging_mixin.py:188} INFO - [2026-09-01T18:35:09.235+0000] {dagbag.py:355} ERROR - Failed to import: /opt/airflow/dags/main.py
Traceback (most recent call last):
  File "/home/airflow/.local/lib/python3.10/site-packages/airflow/models/dagbag.py", line 351, in parse
    loader.exec_module(new_module)
  File "<frozen importlib._bootstrap_external>", line 879, in exec_module
  File "<frozen importlib._bootstrap_external>", line 1017, in get_code
  File "<frozen importlib._bootstrap_external>", line 947, in source_to_code
  File "<frozen importlib._bootstrap>", line 241, in _call_with_frames_removed
  File "/opt/airflow/dags/main.py", line 13
    )
    ^
SyntaxError: positional argument follows keyword argument
[2026-09-01T18:35:09.238+0000] {processor.py:842} WARNING - No viable dags retrieved from /opt/airflow/dags/main.py
[2026-09-01T18:35:09.280+0000] {processor.py:183} INFO - Processing /opt/airflow/dags/main.py took 0.090 seconds
[2026-09-01T18:35:11.956+0000] {processor.py:161} INFO - Started process (PID=561) to work on /opt/airflow/dags/main.py
[2026-09-01T18:35:11.959+0000] {processor.py:830} INFO - Processing file /opt/airflow/dags/main.py for tasks to queue
[2026-09-01T18:35:11.964+0000] {logging_mixin.py:188} INFO - [2026-09-01T18:35:11.963+0000] {dagbag.py:545} INFO - Filling up the DagBag from /opt/airflow/dags/main.py
[2026-09-01T18:35:12.341+0000] {logging_mixin.py:188} INFO - [2026-09-01T18:35:12.340+0000] {dagbag.py:355} ERROR - Failed to import: /opt/airflow/dags/main.py
Traceback (most recent call last):
  File "/home/airflow/.local/lib/python3.10/site-packages/airflow/models/dagbag.py", line 351, in parse
    loader.exec_module(new_module)
  File "<frozen importlib._bootstrap_external>", line 879, in exec_module
  File "<frozen importlib._bootstrap_external>", line 1017, in get_code
  File "<frozen importlib._bootstrap_external>", line 947, in source_to_code
  File "<frozen importlib._bootstrap>", line 241, in _call_with_frames_removed
  File "/opt/airflow/dags/main.py", line 13
    )
    ^
SyntaxError: invalid syntax
[2026-09-01T18:35:12.343+0000] {processor.py:842} WARNING - No viable dags retrieved from /opt/airflow/dags/main.py
[2026-09-01T18:35:12.436+0000] {processor.py:183} INFO - Processing /opt/airflow/dags/main.py took 0.498 seconds
[2026-09-01T18:35:13.276+0000] {processor.py:161} INFO - Started process (PID=562) to work on /opt/airflow/dags/main.py
[2026-09-01T18:35:13.385+0000] {processor.py:830} INFO - Processing file /opt/airflow/dags/main.py for tasks to queue
[2026-09-01T18:35:13.482+0000] {logging_mixin.py:188} INFO - [2026-09-01T18:35:13.481+0000] {dagbag.py:545} INFO - Filling up the DagBag from /opt/airflow/dags/main.py
[2026-09-01T18:35:15.150+0000] {logging_mixin.py:188} INFO - [2026-09-01T18:35:15.149+0000] {dagbag.py:355} ERROR - Failed to import: /opt/airflow/dags/main.py
Traceback (most recent call last):
  File "/home/airflow/.local/lib/python3.10/site-packages/airflow/models/dagbag.py", line 351, in parse
    loader.exec_module(new_module)
  File "<frozen importlib._bootstrap_external>", line 879, in exec_module
  File "<frozen importlib._bootstrap_external>", line 1017, in get_code
  File "<frozen importlib._bootstrap_external>", line 947, in source_to_code
  File "<frozen importlib._bootstrap>", line 241, in _call_with_frames_removed
  File "/opt/airflow/dags/main.py", line 13
    )
     ^
SyntaxError: expected ':'
[2026-09-01T18:35:15.198+0000] {processor.py:842} WARNING - No viable dags retrieved from /opt/airflow/dags/main.py
[2026-09-01T18:35:16.001+0000] {processor.py:183} INFO - Processing /opt/airflow/dags/main.py took 2.787 seconds
[2026-09-01T18:35:17.552+0000] {processor.py:161} INFO - Started process (PID=563) to work on /opt/airflow/dags/main.py
[2026-09-01T18:35:17.555+0000] {processor.py:830} INFO - Processing file /opt/airflow/dags/main.py for tasks to queue
[2026-09-01T18:35:17.560+0000] {logging_mixin.py:188} INFO - [2026-09-01T18:35:17.559+0000] {dagbag.py:545} INFO - Filling up the DagBag from /opt/airflow/dags/main.py
[2026-09-01T18:35:17.604+0000] {logging_mixin.py:188} INFO - [2026-09-01T18:35:17.603+0000] {dagbag.py:355} ERROR - Failed to import: /opt/airflow/dags/main.py
Traceback (most recent call last):
  File "/home/airflow/.local/lib/python3.10/site-packages/airflow/models/dagbag.py", line 351, in parse
    loader.exec_module(new_module)
  File "<frozen importlib._bootstrap_external>", line 879, in exec_module
  File "<frozen importlib._bootstrap_external>", line 1017, in get_code
  File "<frozen importlib._bootstrap_external>", line 947, in source_to_code
  File "<frozen importlib._bootstrap>", line 241, in _call_with_frames_removed
  File "/opt/airflow/dags/main.py", line 13
    )
     ^
SyntaxError: expected ':'
[2026-09-01T18:35:17.607+0000] {processor.py:842} WARNING - No viable dags retrieved from /opt/airflow/dags/main.py
[2026-09-01T18:35:17.640+0000] {processor.py:183} INFO - Processing /opt/airflow/dags/main.py took 0.097 seconds
[2026-09-01T18:35:23.008+0000] {processor.py:161} INFO - Started process (PID=564) to work on /opt/airflow/dags/main.py
[2026-09-01T18:35:23.012+0000] {processor.py:830} INFO - Processing file /opt/airflow/dags/main.py for tasks to queue
[2026-09-01T18:35:23.021+0000] {logging_mixin.py:188} INFO - [2026-09-01T18:35:23.021+0000] {dagbag.py:545} INFO - Filling up the DagBag from /opt/airflow/dags/main.py
[2026-09-01T18:35:23.070+0000] {logging_mixin.py:188} INFO - [2026-09-01T18:35:23.069+0000] {dagbag.py:355} ERROR - Failed to import: /opt/airflow/dags/main.py
Traceback (most recent call last):
  File "/home/airflow/.local/lib/python3.10/site-packages/airflow/models/dagbag.py", line 351, in parse
    loader.exec_module(new_module)
  File "<frozen importlib._bootstrap_external>", line 879, in exec_module
  File "<frozen importlib._bootstrap_external>", line 1017, in get_code
  File "<frozen importlib._bootstrap_external>", line 947, in source_to_code
  File "<frozen importlib._bootstrap>", line 241, in _call_with_frames_removed
  File "/opt/airflow/dags/main.py", line 13
    )
     ^
SyntaxError: expected ':'
[2026-09-01T18:35:23.073+0000] {processor.py:842} WARNING - No viable dags retrieved from /opt/airflow/dags/main.py
[2026-09-01T18:35:24.285+0000] {processor.py:183} INFO - Processing /opt/airflow/dags/main.py took 1.297 seconds
[2026-09-01T18:35:28.098+0000] {processor.py:161} INFO - Started process (PID=565) to work on /opt/airflow/dags/main.py
[2026-09-01T18:35:28.107+0000] {processor.py:830} INFO - Processing file /opt/airflow/dags/main.py for tasks to queue
[2026-09-01T18:35:28.115+0000] {logging_mixin.py:188} INFO - [2026-09-01T18:35:28.115+0000] {dagbag.py:545} INFO - Filling up the DagBag from /opt/airflow/dags/main.py
[2026-09-01T18:35:29.759+0000] {logging_mixin.py:188} INFO - [2026-09-01T18:35:29.758+0000] {dagbag.py:355} ERROR - Failed to import: /opt/airflow/dags/main.py
Traceback (most recent call last):
  File "/home/airflow/.local/lib/python3.10/site-packages/airflow/models/dagbag.py", line 351, in parse
    loader.exec_module(new_module)
  File "<frozen importlib._bootstrap_external>", line 879, in exec_module
  File "<frozen importlib._bootstrap_external>", line 1017, in get_code
  File "<frozen importlib._bootstrap_external>", line 947, in source_to_code
  File "<frozen importlib._bootstrap>", line 241, in _call_with_frames_removed
  File "/opt/airflow/dags/main.py", line 14
    )
    ^
SyntaxError: positional argument follows keyword argument
[2026-09-01T18:35:29.775+0000] {processor.py:842} WARNING - No viable dags retrieved from /opt/airflow/dags/main.py
[2026-09-01T18:35:29.853+0000] {processor.py:183} INFO - Processing /opt/airflow/dags/main.py took 1.774 seconds
[2026-09-01T18:35:31.590+0000] {processor.py:161} INFO - Started process (PID=566) to work on /opt/airflow/dags/main.py
[2026-09-01T18:35:31.600+0000] {processor.py:830} INFO - Processing file /opt/airflow/dags/main.py for tasks to queue
[2026-09-01T18:35:31.640+0000] {logging_mixin.py:188} INFO - [2026-09-01T18:35:31.639+0000] {dagbag.py:545} INFO - Filling up the DagBag from /opt/airflow/dags/main.py
[2026-09-01T18:35:32.232+0000] {logging_mixin.py:188} INFO - [2026-09-01T18:35:32.231+0000] {dagbag.py:355} ERROR - Failed to import: /opt/airflow/dags/main.py
Traceback (most recent call last):
  File "/home/airflow/.local/lib/python3.10/site-packages/airflow/models/dagbag.py", line 351, in parse
    loader.exec_module(new_module)
  File "<frozen importlib._bootstrap_external>", line 879, in exec_module
  File "<frozen importlib._bootstrap_external>", line 1017, in get_code
  File "<frozen importlib._bootstrap_external>", line 947, in source_to_code
  File "<frozen importlib._bootstrap>", line 241, in _call_with_frames_removed
  File "/opt/airflow/dags/main.py", line 14
    )
    ^
SyntaxError: positional argument follows keyword argument
[2026-09-01T18:35:32.234+0000] {processor.py:842} WARNING - No viable dags retrieved from /opt/airflow/dags/main.py
[2026-09-01T18:35:32.303+0000] {processor.py:183} INFO - Processing /opt/airflow/dags/main.py took 0.746 seconds
[2026-09-01T18:35:35.845+0000] {processor.py:161} INFO - Started process (PID=567) to work on /opt/airflow/dags/main.py
[2026-09-01T18:35:35.861+0000] {processor.py:830} INFO - Processing file /opt/airflow/dags/main.py for tasks to queue
[2026-09-01T18:35:35.867+0000] {logging_mixin.py:188} INFO - [2026-09-01T18:35:35.866+0000] {dagbag.py:545} INFO - Filling up the DagBag from /opt/airflow/dags/main.py
[2026-09-01T18:35:36.105+0000] {logging_mixin.py:188} INFO - [2026-09-01T18:35:36.104+0000] {dagbag.py:355} ERROR - Failed to import: /opt/airflow/dags/main.py
Traceback (most recent call last):
  File "/home/airflow/.local/lib/python3.10/site-packages/airflow/models/dagbag.py", line 351, in parse
    loader.exec_module(new_module)
  File "<frozen importlib._bootstrap_external>", line 879, in exec_module
  File "<frozen importlib._bootstrap_external>", line 1017, in get_code
  File "<frozen importlib._bootstrap_external>", line 947, in source_to_code
  File "<frozen importlib._bootstrap>", line 241, in _call_with_frames_removed
  File "/opt/airflow/dags/main.py", line 14
    )
     ^
SyntaxError: expected ':'
[2026-09-01T18:35:36.110+0000] {processor.py:842} WARNING - No viable dags retrieved from /opt/airflow/dags/main.py
[2026-09-01T18:35:36.198+0000] {processor.py:183} INFO - Processing /opt/airflow/dags/main.py took 0.362 seconds
[2026-09-01T18:35:45.813+0000] {processor.py:161} INFO - Started process (PID=573) to work on /opt/airflow/dags/main.py
[2026-09-01T18:35:45.817+0000] {processor.py:830} INFO - Processing file /opt/airflow/dags/main.py for tasks to queue
[2026-09-01T18:35:45.829+0000] {logging_mixin.py:188} INFO - [2026-09-01T18:35:45.828+0000] {dagbag.py:545} INFO - Filling up the DagBag from /opt/airflow/dags/main.py
[2026-09-01T18:35:45.865+0000] {logging_mixin.py:188} INFO - [2026-09-01T18:35:45.860+0000] {dagbag.py:355} ERROR - Failed to import: /opt/airflow/dags/main.py
Traceback (most recent call last):
  File "/home/airflow/.local/lib/python3.10/site-packages/airflow/models/dagbag.py", line 351, in parse
    loader.exec_module(new_module)
  File "<frozen importlib._bootstrap_external>", line 879, in exec_module
  File "<frozen importlib._bootstrap_external>", line 1017, in get_code
  File "<frozen importlib._bootstrap_external>", line 947, in source_to_code
  File "<frozen importlib._bootstrap>", line 241, in _call_with_frames_removed
  File "/opt/airflow/dags/main.py", line 14
    ) as 
         ^
SyntaxError: invalid syntax
[2026-09-01T18:35:45.868+0000] {processor.py:842} WARNING - No viable dags retrieved from /opt/airflow/dags/main.py
[2026-09-01T18:35:45.926+0000] {processor.py:183} INFO - Processing /opt/airflow/dags/main.py took 0.129 seconds
[2026-09-01T18:35:46.843+0000] {processor.py:161} INFO - Started process (PID=574) to work on /opt/airflow/dags/main.py
[2026-09-01T18:35:46.851+0000] {processor.py:830} INFO - Processing file /opt/airflow/dags/main.py for tasks to queue
[2026-09-01T18:35:46.861+0000] {logging_mixin.py:188} INFO - [2026-09-01T18:35:46.861+0000] {dagbag.py:545} INFO - Filling up the DagBag from /opt/airflow/dags/main.py
[2026-09-01T18:35:46.955+0000] {logging_mixin.py:188} INFO - [2026-09-01T18:35:46.953+0000] {dagbag.py:355} ERROR - Failed to import: /opt/airflow/dags/main.py
Traceback (most recent call last):
  File "/home/airflow/.local/lib/python3.10/site-packages/airflow/models/dagbag.py", line 351, in parse
    loader.exec_module(new_module)
  File "<frozen importlib._bootstrap_external>", line 879, in exec_module
  File "<frozen importlib._bootstrap_external>", line 1017, in get_code
  File "<frozen importlib._bootstrap_external>", line 947, in source_to_code
  File "<frozen importlib._bootstrap>", line 241, in _call_with_frames_removed
  File "/opt/airflow/dags/main.py", line 14
    ) as dag
            ^
SyntaxError: expected ':'
[2026-09-01T18:35:46.957+0000] {processor.py:842} WARNING - No viable dags retrieved from /opt/airflow/dags/main.py
[2026-09-01T18:35:47.035+0000] {processor.py:183} INFO - Processing /opt/airflow/dags/main.py took 0.206 seconds
[2026-09-01T18:35:48.793+0000] {processor.py:161} INFO - Started process (PID=575) to work on /opt/airflow/dags/main.py
[2026-09-01T18:35:48.795+0000] {processor.py:830} INFO - Processing file /opt/airflow/dags/main.py for tasks to queue
[2026-09-01T18:35:48.808+0000] {logging_mixin.py:188} INFO - [2026-09-01T18:35:48.807+0000] {dagbag.py:545} INFO - Filling up the DagBag from /opt/airflow/dags/main.py
[2026-09-01T18:35:48.930+0000] {logging_mixin.py:188} INFO - [2026-09-01T18:35:48.929+0000] {dagbag.py:355} ERROR - Failed to import: /opt/airflow/dags/main.py
Traceback (most recent call last):
  File "/home/airflow/.local/lib/python3.10/site-packages/airflow/models/dagbag.py", line 351, in parse
    loader.exec_module(new_module)
  File "<frozen importlib._bootstrap_external>", line 879, in exec_module
  File "<frozen importlib._bootstrap_external>", line 1017, in get_code
  File "<frozen importlib._bootstrap_external>", line 947, in source_to_code
  File "<frozen importlib._bootstrap>", line 241, in _call_with_frames_removed
  File "/opt/airflow/dags/main.py", line 15
    
    ^
IndentationError: expected an indented block after 'with' statement on line 7
[2026-09-01T18:35:48.933+0000] {processor.py:842} WARNING - No viable dags retrieved from /opt/airflow/dags/main.py
[2026-09-01T18:35:49.050+0000] {processor.py:183} INFO - Processing /opt/airflow/dags/main.py took 0.266 seconds
[2026-09-01T18:36:20.639+0000] {processor.py:161} INFO - Started process (PID=582) to work on /opt/airflow/dags/main.py
[2026-09-01T18:36:20.661+0000] {processor.py:830} INFO - Processing file /opt/airflow/dags/main.py for tasks to queue
[2026-09-01T18:36:20.689+0000] {logging_mixin.py:188} INFO - [2026-09-01T18:36:20.688+0000] {dagbag.py:545} INFO - Filling up the DagBag from /opt/airflow/dags/main.py
[2026-09-01T18:36:21.083+0000] {logging_mixin.py:188} INFO - [2026-09-01T18:36:21.082+0000] {dagbag.py:355} ERROR - Failed to import: /opt/airflow/dags/main.py
Traceback (most recent call last):
  File "/home/airflow/.local/lib/python3.10/site-packages/airflow/models/dagbag.py", line 351, in parse
    loader.exec_module(new_module)
  File "<frozen importlib._bootstrap_external>", line 879, in exec_module
  File "<frozen importlib._bootstrap_external>", line 1017, in get_code
  File "<frozen importlib._bootstrap_external>", line 947, in source_to_code
  File "<frozen importlib._bootstrap>", line 241, in _call_with_frames_removed
  File "/opt/airflow/dags/main.py", line 15
    
    ^
IndentationError: expected an indented block after 'with' statement on line 7
[2026-09-01T18:36:21.086+0000] {processor.py:842} WARNING - No viable dags retrieved from /opt/airflow/dags/main.py
[2026-09-01T18:36:21.185+0000] {processor.py:183} INFO - Processing /opt/airflow/dags/main.py took 0.564 seconds
[2026-09-01T18:36:47.681+0000] {processor.py:161} INFO - Started process (PID=589) to work on /opt/airflow/dags/main.py
[2026-09-01T18:36:47.684+0000] {processor.py:830} INFO - Processing file /opt/airflow/dags/main.py for tasks to queue
[2026-09-01T18:36:47.689+0000] {logging_mixin.py:188} INFO - [2026-09-01T18:36:47.688+0000] {dagbag.py:545} INFO - Filling up the DagBag from /opt/airflow/dags/main.py
[2026-09-01T18:36:47.725+0000] {logging_mixin.py:188} INFO - [2026-09-01T18:36:47.724+0000] {dagbag.py:355} ERROR - Failed to import: /opt/airflow/dags/main.py
Traceback (most recent call last):
  File "/home/airflow/.local/lib/python3.10/site-packages/airflow/models/dagbag.py", line 351, in parse
    loader.exec_module(new_module)
  File "<frozen importlib._bootstrap_external>", line 879, in exec_module
  File "<frozen importlib._bootstrap_external>", line 1017, in get_code
  File "<frozen importlib._bootstrap_external>", line 947, in source_to_code
  File "<frozen importlib._bootstrap>", line 241, in _call_with_frames_removed
  File "/opt/airflow/dags/main.py", line 16
    
    ^
IndentationError: expected an indented block after 'with' statement on line 7
[2026-09-01T18:36:47.727+0000] {processor.py:842} WARNING - No viable dags retrieved from /opt/airflow/dags/main.py
[2026-09-01T18:36:47.776+0000] {processor.py:183} INFO - Processing /opt/airflow/dags/main.py took 0.119 seconds
[2026-09-01T18:37:01.004+0000] {processor.py:161} INFO - Started process (PID=590) to work on /opt/airflow/dags/main.py
[2026-09-01T18:37:01.012+0000] {processor.py:830} INFO - Processing file /opt/airflow/dags/main.py for tasks to queue
[2026-09-01T18:37:01.025+0000] {logging_mixin.py:188} INFO - [2026-09-01T18:37:01.023+0000] {dagbag.py:545} INFO - Filling up the DagBag from /opt/airflow/dags/main.py
[2026-09-01T18:37:01.226+0000] {logging_mixin.py:188} INFO - [2026-09-01T18:37:01.225+0000] {dagbag.py:355} ERROR - Failed to import: /opt/airflow/dags/main.py
Traceback (most recent call last):
  File "/home/airflow/.local/lib/python3.10/site-packages/airflow/models/dagbag.py", line 351, in parse
    loader.exec_module(new_module)
  File "<frozen importlib._bootstrap_external>", line 879, in exec_module
  File "<frozen importlib._bootstrap_external>", line 1017, in get_code
  File "<frozen importlib._bootstrap_external>", line 947, in source_to_code
  File "<frozen importlib._bootstrap>", line 241, in _call_with_frames_removed
  File "/opt/airflow/dags/main.py", line 16
    define task?
           ^^^^
SyntaxError: invalid syntax
[2026-09-01T18:37:01.228+0000] {processor.py:842} WARNING - No viable dags retrieved from /opt/airflow/dags/main.py
[2026-09-01T18:37:01.267+0000] {processor.py:183} INFO - Processing /opt/airflow/dags/main.py took 0.287 seconds
[2026-09-01T18:37:02.357+0000] {processor.py:161} INFO - Started process (PID=591) to work on /opt/airflow/dags/main.py
[2026-09-01T18:37:02.361+0000] {processor.py:830} INFO - Processing file /opt/airflow/dags/main.py for tasks to queue
[2026-09-01T18:37:02.377+0000] {logging_mixin.py:188} INFO - [2026-09-01T18:37:02.376+0000] {dagbag.py:545} INFO - Filling up the DagBag from /opt/airflow/dags/main.py
[2026-09-01T18:37:02.412+0000] {logging_mixin.py:188} INFO - [2026-09-01T18:37:02.411+0000] {dagbag.py:355} ERROR - Failed to import: /opt/airflow/dags/main.py
Traceback (most recent call last):
  File "/home/airflow/.local/lib/python3.10/site-packages/airflow/models/dagbag.py", line 351, in parse
    loader.exec_module(new_module)
  File "<frozen importlib._bootstrap_external>", line 879, in exec_module
  File "<frozen importlib._bootstrap_external>", line 1017, in get_code
  File "<frozen importlib._bootstrap_external>", line 947, in source_to_code
  File "<frozen importlib._bootstrap>", line 241, in _call_with_frames_removed
  File "/opt/airflow/dags/main.py", line 16
    define task
           ^^^^
SyntaxError: invalid syntax
[2026-09-01T18:37:02.418+0000] {processor.py:842} WARNING - No viable dags retrieved from /opt/airflow/dags/main.py
[2026-09-01T18:37:02.478+0000] {processor.py:183} INFO - Processing /opt/airflow/dags/main.py took 0.138 seconds
[2026-09-01T18:37:03.738+0000] {processor.py:161} INFO - Started process (PID=592) to work on /opt/airflow/dags/main.py
[2026-09-01T18:37:03.740+0000] {processor.py:830} INFO - Processing file /opt/airflow/dags/main.py for tasks to queue
[2026-09-01T18:37:03.745+0000] {logging_mixin.py:188} INFO - [2026-09-01T18:37:03.744+0000] {dagbag.py:545} INFO - Filling up the DagBag from /opt/airflow/dags/main.py
[2026-09-01T18:37:03.776+0000] {logging_mixin.py:188} INFO - [2026-09-01T18:37:03.775+0000] {dagbag.py:355} ERROR - Failed to import: /opt/airflow/dags/main.py
Traceback (most recent call last):
  File "/home/airflow/.local/lib/python3.10/site-packages/airflow/models/dagbag.py", line 351, in parse
    loader.exec_module(new_module)
  File "<frozen importlib._bootstrap_external>", line 879, in exec_module
  File "<frozen importlib._bootstrap_external>", line 1017, in get_code
  File "<frozen importlib._bootstrap_external>", line 947, in source_to_code
  File "<frozen importlib._bootstrap>", line 241, in _call_with_frames_removed
  File "/opt/airflow/dags/main.py", line 16
    define task?
           ^^^^
SyntaxError: invalid syntax
[2026-09-01T18:37:03.777+0000] {processor.py:842} WARNING - No viable dags retrieved from /opt/airflow/dags/main.py
[2026-09-01T18:37:03.813+0000] {processor.py:183} INFO - Processing /opt/airflow/dags/main.py took 0.086 seconds
[2026-09-01T18:37:06.490+0000] {processor.py:161} INFO - Started process (PID=593) to work on /opt/airflow/dags/main.py
[2026-09-01T18:37:06.492+0000] {processor.py:830} INFO - Processing file /opt/airflow/dags/main.py for tasks to queue
[2026-09-01T18:37:06.510+0000] {logging_mixin.py:188} INFO - [2026-09-01T18:37:06.509+0000] {dagbag.py:545} INFO - Filling up the DagBag from /opt/airflow/dags/main.py
[2026-09-01T18:37:06.987+0000] {logging_mixin.py:188} INFO - [2026-09-01T18:37:06.985+0000] {dagbag.py:355} ERROR - Failed to import: /opt/airflow/dags/main.py
Traceback (most recent call last):
  File "/home/airflow/.local/lib/python3.10/site-packages/airflow/models/dagbag.py", line 351, in parse
    loader.exec_module(new_module)
  File "<frozen importlib._bootstrap_external>", line 879, in exec_module
  File "<frozen importlib._bootstrap_external>", line 1017, in get_code
  File "<frozen importlib._bootstrap_external>", line 947, in source_to_code
  File "<frozen importlib._bootstrap>", line 241, in _call_with_frames_removed
  File "/opt/airflow/dags/main.py", line 16
    define task
           ^^^^
SyntaxError: invalid syntax
[2026-09-01T18:37:06.989+0000] {processor.py:842} WARNING - No viable dags retrieved from /opt/airflow/dags/main.py
[2026-09-01T18:37:07.092+0000] {processor.py:183} INFO - Processing /opt/airflow/dags/main.py took 0.631 seconds
[2026-09-01T18:37:10.792+0000] {processor.py:161} INFO - Started process (PID=594) to work on /opt/airflow/dags/main.py
[2026-09-01T18:37:10.817+0000] {processor.py:830} INFO - Processing file /opt/airflow/dags/main.py for tasks to queue
[2026-09-01T18:37:10.821+0000] {logging_mixin.py:188} INFO - [2026-09-01T18:37:10.821+0000] {dagbag.py:545} INFO - Filling up the DagBag from /opt/airflow/dags/main.py
[2026-09-01T18:37:11.244+0000] {logging_mixin.py:188} INFO - [2026-09-01T18:37:11.242+0000] {dagbag.py:355} ERROR - Failed to import: /opt/airflow/dags/main.py
Traceback (most recent call last):
  File "/home/airflow/.local/lib/python3.10/site-packages/airflow/models/dagbag.py", line 351, in parse
    loader.exec_module(new_module)
  File "<frozen importlib._bootstrap_external>", line 879, in exec_module
  File "<frozen importlib._bootstrap_external>", line 1017, in get_code
  File "<frozen importlib._bootstrap_external>", line 947, in source_to_code
  File "<frozen importlib._bootstrap>", line 241, in _call_with_frames_removed
  File "/opt/airflow/dags/main.py", line 16
    # define task
                 ^
IndentationError: expected an indented block after 'with' statement on line 7
[2026-09-01T18:37:11.294+0000] {processor.py:842} WARNING - No viable dags retrieved from /opt/airflow/dags/main.py
[2026-09-01T18:37:11.412+0000] {processor.py:183} INFO - Processing /opt/airflow/dags/main.py took 0.644 seconds
[2026-09-01T18:37:12.678+0000] {processor.py:161} INFO - Started process (PID=602) to work on /opt/airflow/dags/main.py
[2026-09-01T18:37:12.681+0000] {processor.py:830} INFO - Processing file /opt/airflow/dags/main.py for tasks to queue
[2026-09-01T18:37:12.685+0000] {logging_mixin.py:188} INFO - [2026-09-01T18:37:12.684+0000] {dagbag.py:545} INFO - Filling up the DagBag from /opt/airflow/dags/main.py
[2026-09-01T18:37:12.725+0000] {logging_mixin.py:188} INFO - [2026-09-01T18:37:12.720+0000] {dagbag.py:355} ERROR - Failed to import: /opt/airflow/dags/main.py
Traceback (most recent call last):
  File "/home/airflow/.local/lib/python3.10/site-packages/airflow/models/dagbag.py", line 351, in parse
    loader.exec_module(new_module)
  File "<frozen importlib._bootstrap_external>", line 879, in exec_module
  File "<frozen importlib._bootstrap_external>", line 1017, in get_code
  File "<frozen importlib._bootstrap_external>", line 947, in source_to_code
  File "<frozen importlib._bootstrap>", line 241, in _call_with_frames_removed
  File "/opt/airflow/dags/main.py", line 17
    
    ^
IndentationError: expected an indented block after 'with' statement on line 7
[2026-09-01T18:37:12.727+0000] {processor.py:842} WARNING - No viable dags retrieved from /opt/airflow/dags/main.py
[2026-09-01T18:37:12.837+0000] {processor.py:183} INFO - Processing /opt/airflow/dags/main.py took 0.181 seconds
[2026-09-01T18:37:25.430+0000] {processor.py:161} INFO - Started process (PID=603) to work on /opt/airflow/dags/main.py
[2026-09-01T18:37:25.434+0000] {processor.py:830} INFO - Processing file /opt/airflow/dags/main.py for tasks to queue
[2026-09-01T18:37:25.439+0000] {logging_mixin.py:188} INFO - [2026-09-01T18:37:25.438+0000] {dagbag.py:545} INFO - Filling up the DagBag from /opt/airflow/dags/main.py
[2026-09-01T18:37:34.198+0000] {logging_mixin.py:188} INFO - [2026-09-01T18:37:33.958+0000] {dagbag.py:355} ERROR - Failed to import: /opt/airflow/dags/main.py
Traceback (most recent call last):
  File "/home/airflow/.local/lib/python3.10/site-packages/airflow/models/dagbag.py", line 351, in parse
    loader.exec_module(new_module)
  File "<frozen importlib._bootstrap_external>", line 883, in exec_module
  File "<frozen importlib._bootstrap>", line 241, in _call_with_frames_removed
  File "/opt/airflow/dags/main.py", line 5, in <module>
    from api.video import channel_playlist_id,get_video_id,extract_video_data,save_to_json
  File "/opt/airflow/dags/api/video.py", line 13, in <module>
    CHANNEL_HANDLE=Variable.get('WildlensbyAbrar')
  File "/home/airflow/.local/lib/python3.10/site-packages/airflow/models/variable.py", line 143, in get
    raise KeyError(f"Variable {key} does not exist")
KeyError: 'Variable WildlensbyAbrar does not exist'
[2026-09-01T18:37:34.212+0000] {processor.py:842} WARNING - No viable dags retrieved from /opt/airflow/dags/main.py
[2026-09-01T18:37:34.262+0000] {processor.py:183} INFO - Processing /opt/airflow/dags/main.py took 8.883 seconds
[2026-09-01T18:37:38.222+0000] {processor.py:161} INFO - Started process (PID=604) to work on /opt/airflow/dags/main.py
[2026-09-01T18:37:38.256+0000] {processor.py:830} INFO - Processing file /opt/airflow/dags/main.py for tasks to queue
[2026-09-01T18:37:38.480+0000] {logging_mixin.py:188} INFO - [2026-09-01T18:37:38.479+0000] {dagbag.py:545} INFO - Filling up the DagBag from /opt/airflow/dags/main.py
[2026-09-01T18:37:39.182+0000] {logging_mixin.py:188} INFO - [2026-09-01T18:37:39.066+0000] {dagbag.py:355} ERROR - Failed to import: /opt/airflow/dags/main.py
Traceback (most recent call last):
  File "/home/airflow/.local/lib/python3.10/site-packages/airflow/models/dagbag.py", line 351, in parse
    loader.exec_module(new_module)
  File "<frozen importlib._bootstrap_external>", line 883, in exec_module
  File "<frozen importlib._bootstrap>", line 241, in _call_with_frames_removed
  File "/opt/airflow/dags/main.py", line 5, in <module>
    from api.video import channel_playlist_id,get_video_id,extract_video_data,save_to_json
  File "/opt/airflow/dags/api/video.py", line 13, in <module>
    CHANNEL_HANDLE=Variable.get('WildlensbyAbrar')
  File "/home/airflow/.local/lib/python3.10/site-packages/airflow/models/variable.py", line 143, in get
    raise KeyError(f"Variable {key} does not exist")
KeyError: 'Variable WildlensbyAbrar does not exist'
[2026-09-01T18:37:39.205+0000] {processor.py:842} WARNING - No viable dags retrieved from /opt/airflow/dags/main.py
[2026-09-01T18:37:39.245+0000] {processor.py:183} INFO - Processing /opt/airflow/dags/main.py took 1.032 seconds
[2026-09-01T18:37:40.390+0000] {processor.py:161} INFO - Started process (PID=605) to work on /opt/airflow/dags/main.py
[2026-09-01T18:37:40.393+0000] {processor.py:830} INFO - Processing file /opt/airflow/dags/main.py for tasks to queue
[2026-09-01T18:37:40.414+0000] {logging_mixin.py:188} INFO - [2026-09-01T18:37:40.413+0000] {dagbag.py:545} INFO - Filling up the DagBag from /opt/airflow/dags/main.py
[2026-09-01T18:37:41.035+0000] {logging_mixin.py:188} INFO - [2026-09-01T18:37:40.881+0000] {dagbag.py:355} ERROR - Failed to import: /opt/airflow/dags/main.py
Traceback (most recent call last):
  File "/home/airflow/.local/lib/python3.10/site-packages/airflow/models/dagbag.py", line 351, in parse
    loader.exec_module(new_module)
  File "<frozen importlib._bootstrap_external>", line 883, in exec_module
  File "<frozen importlib._bootstrap>", line 241, in _call_with_frames_removed
  File "/opt/airflow/dags/main.py", line 5, in <module>
    from api.video import channel_playlist_id,get_video_id,extract_video_data,save_to_json
  File "/opt/airflow/dags/api/video.py", line 13, in <module>
    CHANNEL_HANDLE=Variable.get('WildlensbyAbrar')
  File "/home/airflow/.local/lib/python3.10/site-packages/airflow/models/variable.py", line 143, in get
    raise KeyError(f"Variable {key} does not exist")
KeyError: 'Variable WildlensbyAbrar does not exist'
[2026-09-01T18:37:41.038+0000] {processor.py:842} WARNING - No viable dags retrieved from /opt/airflow/dags/main.py
[2026-09-01T18:37:41.083+0000] {processor.py:183} INFO - Processing /opt/airflow/dags/main.py took 0.715 seconds
[2026-09-01T18:37:44.058+0000] {processor.py:161} INFO - Started process (PID=612) to work on /opt/airflow/dags/main.py
[2026-09-01T18:37:44.071+0000] {processor.py:830} INFO - Processing file /opt/airflow/dags/main.py for tasks to queue
[2026-09-01T18:37:44.076+0000] {logging_mixin.py:188} INFO - [2026-09-01T18:37:44.075+0000] {dagbag.py:545} INFO - Filling up the DagBag from /opt/airflow/dags/main.py
[2026-09-01T18:37:46.957+0000] {logging_mixin.py:188} INFO - [2026-09-01T18:37:46.122+0000] {dagbag.py:355} ERROR - Failed to import: /opt/airflow/dags/main.py
Traceback (most recent call last):
  File "/home/airflow/.local/lib/python3.10/site-packages/airflow/models/dagbag.py", line 351, in parse
    loader.exec_module(new_module)
  File "<frozen importlib._bootstrap_external>", line 883, in exec_module
  File "<frozen importlib._bootstrap>", line 241, in _call_with_frames_removed
  File "/opt/airflow/dags/main.py", line 5, in <module>
    from api.video import channel_playlist_id,get_video_id,extract_video_data,save_to_json
  File "/opt/airflow/dags/api/video.py", line 13, in <module>
    CHANNEL_HANDLE=Variable.get('WildlensbyAbrar')
  File "/home/airflow/.local/lib/python3.10/site-packages/airflow/models/variable.py", line 143, in get
    raise KeyError(f"Variable {key} does not exist")
KeyError: 'Variable WildlensbyAbrar does not exist'
[2026-09-01T18:37:47.389+0000] {processor.py:842} WARNING - No viable dags retrieved from /opt/airflow/dags/main.py
[2026-09-01T18:37:47.486+0000] {processor.py:183} INFO - Processing /opt/airflow/dags/main.py took 3.482 seconds
[2026-09-01T18:37:52.514+0000] {processor.py:161} INFO - Started process (PID=613) to work on /opt/airflow/dags/main.py
[2026-09-01T18:37:52.533+0000] {processor.py:830} INFO - Processing file /opt/airflow/dags/main.py for tasks to queue
[2026-09-01T18:37:52.566+0000] {logging_mixin.py:188} INFO - [2026-09-01T18:37:52.565+0000] {dagbag.py:545} INFO - Filling up the DagBag from /opt/airflow/dags/main.py
[2026-09-01T18:37:52.904+0000] {logging_mixin.py:188} INFO - [2026-09-01T18:37:52.882+0000] {dagbag.py:355} ERROR - Failed to import: /opt/airflow/dags/main.py
Traceback (most recent call last):
  File "/home/airflow/.local/lib/python3.10/site-packages/airflow/models/dagbag.py", line 351, in parse
    loader.exec_module(new_module)
  File "<frozen importlib._bootstrap_external>", line 883, in exec_module
  File "<frozen importlib._bootstrap>", line 241, in _call_with_frames_removed
  File "/opt/airflow/dags/main.py", line 5, in <module>
    from api.video import channel_playlist_id,get_video_id,extract_video_data,save_to_json
  File "/opt/airflow/dags/api/video.py", line 13, in <module>
    CHANNEL_HANDLE=Variable.get('WildlensbyAbrar')
  File "/home/airflow/.local/lib/python3.10/site-packages/airflow/models/variable.py", line 143, in get
    raise KeyError(f"Variable {key} does not exist")
KeyError: 'Variable WildlensbyAbrar does not exist'
[2026-09-01T18:37:52.907+0000] {processor.py:842} WARNING - No viable dags retrieved from /opt/airflow/dags/main.py
[2026-09-01T18:37:52.974+0000] {processor.py:183} INFO - Processing /opt/airflow/dags/main.py took 0.471 seconds
[2026-09-01T18:37:54.303+0000] {processor.py:161} INFO - Started process (PID=614) to work on /opt/airflow/dags/main.py
[2026-09-01T18:37:54.318+0000] {processor.py:830} INFO - Processing file /opt/airflow/dags/main.py for tasks to queue
[2026-09-01T18:37:54.350+0000] {logging_mixin.py:188} INFO - [2026-09-01T18:37:54.349+0000] {dagbag.py:545} INFO - Filling up the DagBag from /opt/airflow/dags/main.py
[2026-09-01T18:37:58.911+0000] {logging_mixin.py:188} INFO - [2026-09-01T18:37:58.886+0000] {dagbag.py:355} ERROR - Failed to import: /opt/airflow/dags/main.py
Traceback (most recent call last):
  File "/home/airflow/.local/lib/python3.10/site-packages/airflow/models/dagbag.py", line 351, in parse
    loader.exec_module(new_module)
  File "<frozen importlib._bootstrap_external>", line 883, in exec_module
  File "<frozen importlib._bootstrap>", line 241, in _call_with_frames_removed
  File "/opt/airflow/dags/main.py", line 5, in <module>
    from api.video import channel_playlist_id,get_video_id,extract_video_data,save_to_json
  File "/opt/airflow/dags/api/video.py", line 13, in <module>
    CHANNEL_HANDLE=Variable.get('WildlensbyAbrar')
  File "/home/airflow/.local/lib/python3.10/site-packages/airflow/models/variable.py", line 143, in get
    raise KeyError(f"Variable {key} does not exist")
KeyError: 'Variable WildlensbyAbrar does not exist'
[2026-09-01T18:37:58.915+0000] {processor.py:842} WARNING - No viable dags retrieved from /opt/airflow/dags/main.py
[2026-09-01T18:37:58.948+0000] {processor.py:183} INFO - Processing /opt/airflow/dags/main.py took 4.689 seconds
[2026-09-01T18:38:04.359+0000] {processor.py:161} INFO - Started process (PID=615) to work on /opt/airflow/dags/main.py
[2026-09-01T18:38:04.504+0000] {processor.py:830} INFO - Processing file /opt/airflow/dags/main.py for tasks to queue
[2026-09-01T18:38:04.536+0000] {logging_mixin.py:188} INFO - [2026-09-01T18:38:04.535+0000] {dagbag.py:545} INFO - Filling up the DagBag from /opt/airflow/dags/main.py
[2026-09-01T18:38:06.582+0000] {logging_mixin.py:188} INFO - [2026-09-01T18:38:05.366+0000] {dagbag.py:355} ERROR - Failed to import: /opt/airflow/dags/main.py
Traceback (most recent call last):
  File "/home/airflow/.local/lib/python3.10/site-packages/airflow/models/dagbag.py", line 351, in parse
    loader.exec_module(new_module)
  File "<frozen importlib._bootstrap_external>", line 883, in exec_module
  File "<frozen importlib._bootstrap>", line 241, in _call_with_frames_removed
  File "/opt/airflow/dags/main.py", line 5, in <module>
    from api.video import channel_playlist_id,get_video_id,extract_video_data,save_to_json
  File "/opt/airflow/dags/api/video.py", line 13, in <module>
    CHANNEL_HANDLE=Variable.get('WildlensbyAbrar')
  File "/home/airflow/.local/lib/python3.10/site-packages/airflow/models/variable.py", line 143, in get
    raise KeyError(f"Variable {key} does not exist")
KeyError: 'Variable WildlensbyAbrar does not exist'
[2026-09-01T18:38:06.648+0000] {processor.py:842} WARNING - No viable dags retrieved from /opt/airflow/dags/main.py
[2026-09-01T18:38:06.757+0000] {processor.py:183} INFO - Processing /opt/airflow/dags/main.py took 2.459 seconds
[2026-09-01T18:38:10.830+0000] {processor.py:161} INFO - Started process (PID=616) to work on /opt/airflow/dags/main.py
[2026-09-01T18:38:10.856+0000] {processor.py:830} INFO - Processing file /opt/airflow/dags/main.py for tasks to queue
[2026-09-01T18:38:10.891+0000] {logging_mixin.py:188} INFO - [2026-09-01T18:38:10.891+0000] {dagbag.py:545} INFO - Filling up the DagBag from /opt/airflow/dags/main.py
[2026-09-01T18:38:11.619+0000] {logging_mixin.py:188} INFO - [2026-09-01T18:38:11.251+0000] {dagbag.py:355} ERROR - Failed to import: /opt/airflow/dags/main.py
Traceback (most recent call last):
  File "/home/airflow/.local/lib/python3.10/site-packages/airflow/models/dagbag.py", line 351, in parse
    loader.exec_module(new_module)
  File "<frozen importlib._bootstrap_external>", line 883, in exec_module
  File "<frozen importlib._bootstrap>", line 241, in _call_with_frames_removed
  File "/opt/airflow/dags/main.py", line 5, in <module>
    from api.video import channel_playlist_id,get_video_id,extract_video_data,save_to_json
  File "/opt/airflow/dags/api/video.py", line 13, in <module>
    CHANNEL_HANDLE=Variable.get('WildlensbyAbrar')
  File "/home/airflow/.local/lib/python3.10/site-packages/airflow/models/variable.py", line 143, in get
    raise KeyError(f"Variable {key} does not exist")
KeyError: 'Variable WildlensbyAbrar does not exist'
[2026-09-01T18:38:11.729+0000] {processor.py:842} WARNING - No viable dags retrieved from /opt/airflow/dags/main.py
[2026-09-01T18:38:11.781+0000] {processor.py:183} INFO - Processing /opt/airflow/dags/main.py took 0.965 seconds
[2026-09-01T18:38:13.098+0000] {processor.py:161} INFO - Started process (PID=623) to work on /opt/airflow/dags/main.py
[2026-09-01T18:38:13.109+0000] {processor.py:830} INFO - Processing file /opt/airflow/dags/main.py for tasks to queue
[2026-09-01T18:38:13.113+0000] {logging_mixin.py:188} INFO - [2026-09-01T18:38:13.113+0000] {dagbag.py:545} INFO - Filling up the DagBag from /opt/airflow/dags/main.py
[2026-09-01T18:38:13.282+0000] {logging_mixin.py:188} INFO - [2026-09-01T18:38:13.271+0000] {dagbag.py:355} ERROR - Failed to import: /opt/airflow/dags/main.py
Traceback (most recent call last):
  File "/home/airflow/.local/lib/python3.10/site-packages/airflow/models/dagbag.py", line 351, in parse
    loader.exec_module(new_module)
  File "<frozen importlib._bootstrap_external>", line 883, in exec_module
  File "<frozen importlib._bootstrap>", line 241, in _call_with_frames_removed
  File "/opt/airflow/dags/main.py", line 5, in <module>
    from api.video import channel_playlist_id,get_video_id,extract_video_data,save_to_json
  File "/opt/airflow/dags/api/video.py", line 13, in <module>
    CHANNEL_HANDLE=Variable.get('WildlensbyAbrar')
  File "/home/airflow/.local/lib/python3.10/site-packages/airflow/models/variable.py", line 143, in get
    raise KeyError(f"Variable {key} does not exist")
KeyError: 'Variable WildlensbyAbrar does not exist'
[2026-09-01T18:38:13.285+0000] {processor.py:842} WARNING - No viable dags retrieved from /opt/airflow/dags/main.py
[2026-09-01T18:38:13.311+0000] {processor.py:183} INFO - Processing /opt/airflow/dags/main.py took 0.223 seconds
[2026-09-01T18:38:14.150+0000] {processor.py:161} INFO - Started process (PID=624) to work on /opt/airflow/dags/main.py
[2026-09-01T18:38:14.163+0000] {processor.py:830} INFO - Processing file /opt/airflow/dags/main.py for tasks to queue
[2026-09-01T18:38:14.175+0000] {logging_mixin.py:188} INFO - [2026-09-01T18:38:14.174+0000] {dagbag.py:545} INFO - Filling up the DagBag from /opt/airflow/dags/main.py
[2026-09-01T18:38:14.439+0000] {logging_mixin.py:188} INFO - [2026-09-01T18:38:14.426+0000] {dagbag.py:355} ERROR - Failed to import: /opt/airflow/dags/main.py
Traceback (most recent call last):
  File "/home/airflow/.local/lib/python3.10/site-packages/airflow/models/dagbag.py", line 351, in parse
    loader.exec_module(new_module)
  File "<frozen importlib._bootstrap_external>", line 883, in exec_module
  File "<frozen importlib._bootstrap>", line 241, in _call_with_frames_removed
  File "/opt/airflow/dags/main.py", line 5, in <module>
    from api.video import channel_playlist_id,get_video_id,extract_video_data,save_to_json
  File "/opt/airflow/dags/api/video.py", line 13, in <module>
    CHANNEL_HANDLE=Variable.get('WildlensbyAbrar')
  File "/home/airflow/.local/lib/python3.10/site-packages/airflow/models/variable.py", line 143, in get
    raise KeyError(f"Variable {key} does not exist")
KeyError: 'Variable WildlensbyAbrar does not exist'
[2026-09-01T18:38:14.443+0000] {processor.py:842} WARNING - No viable dags retrieved from /opt/airflow/dags/main.py
[2026-09-01T18:38:14.463+0000] {processor.py:183} INFO - Processing /opt/airflow/dags/main.py took 0.335 seconds
[2026-09-01T18:38:21.881+0000] {processor.py:161} INFO - Started process (PID=625) to work on /opt/airflow/dags/main.py
[2026-09-01T18:38:21.886+0000] {processor.py:830} INFO - Processing file /opt/airflow/dags/main.py for tasks to queue
[2026-09-01T18:38:21.897+0000] {logging_mixin.py:188} INFO - [2026-09-01T18:38:21.896+0000] {dagbag.py:545} INFO - Filling up the DagBag from /opt/airflow/dags/main.py
[2026-09-01T18:38:22.164+0000] {logging_mixin.py:188} INFO - [2026-09-01T18:38:22.124+0000] {dagbag.py:355} ERROR - Failed to import: /opt/airflow/dags/main.py
Traceback (most recent call last):
  File "/home/airflow/.local/lib/python3.10/site-packages/airflow/models/dagbag.py", line 351, in parse
    loader.exec_module(new_module)
  File "<frozen importlib._bootstrap_external>", line 883, in exec_module
  File "<frozen importlib._bootstrap>", line 241, in _call_with_frames_removed
  File "/opt/airflow/dags/main.py", line 5, in <module>
    from api.video import channel_playlist_id,get_video_id,extract_video_data,save_to_json
  File "/opt/airflow/dags/api/video.py", line 13, in <module>
    CHANNEL_HANDLE=Variable.get('WildlensbyAbrar')
  File "/home/airflow/.local/lib/python3.10/site-packages/airflow/models/variable.py", line 143, in get
    raise KeyError(f"Variable {key} does not exist")
KeyError: 'Variable WildlensbyAbrar does not exist'
[2026-09-01T18:38:22.168+0000] {processor.py:842} WARNING - No viable dags retrieved from /opt/airflow/dags/main.py
[2026-09-01T18:38:22.193+0000] {processor.py:183} INFO - Processing /opt/airflow/dags/main.py took 0.333 seconds
[2026-09-01T18:38:25.128+0000] {processor.py:161} INFO - Started process (PID=626) to work on /opt/airflow/dags/main.py
[2026-09-01T18:38:25.131+0000] {processor.py:830} INFO - Processing file /opt/airflow/dags/main.py for tasks to queue
[2026-09-01T18:38:25.138+0000] {logging_mixin.py:188} INFO - [2026-09-01T18:38:25.137+0000] {dagbag.py:545} INFO - Filling up the DagBag from /opt/airflow/dags/main.py
[2026-09-01T18:38:25.569+0000] {logging_mixin.py:188} INFO - [2026-09-01T18:38:25.361+0000] {dagbag.py:355} ERROR - Failed to import: /opt/airflow/dags/main.py
Traceback (most recent call last):
  File "/home/airflow/.local/lib/python3.10/site-packages/airflow/models/dagbag.py", line 351, in parse
    loader.exec_module(new_module)
  File "<frozen importlib._bootstrap_external>", line 883, in exec_module
  File "<frozen importlib._bootstrap>", line 241, in _call_with_frames_removed
  File "/opt/airflow/dags/main.py", line 5, in <module>
    from api.video import channel_playlist_id,get_video_id,extract_video_data,save_to_json
  File "/opt/airflow/dags/api/video.py", line 13, in <module>
    CHANNEL_HANDLE=Variable.get('WildlensbyAbrar')
  File "/home/airflow/.local/lib/python3.10/site-packages/airflow/models/variable.py", line 143, in get
    raise KeyError(f"Variable {key} does not exist")
KeyError: 'Variable WildlensbyAbrar does not exist'
[2026-09-01T18:38:25.575+0000] {processor.py:842} WARNING - No viable dags retrieved from /opt/airflow/dags/main.py
[2026-09-01T18:38:25.663+0000] {processor.py:183} INFO - Processing /opt/airflow/dags/main.py took 0.551 seconds
[2026-09-01T18:38:27.477+0000] {processor.py:161} INFO - Started process (PID=627) to work on /opt/airflow/dags/main.py
[2026-09-01T18:38:27.480+0000] {processor.py:830} INFO - Processing file /opt/airflow/dags/main.py for tasks to queue
[2026-09-01T18:38:27.483+0000] {logging_mixin.py:188} INFO - [2026-09-01T18:38:27.483+0000] {dagbag.py:545} INFO - Filling up the DagBag from /opt/airflow/dags/main.py
[2026-09-01T18:38:27.513+0000] {logging_mixin.py:188} INFO - [2026-09-01T18:38:27.512+0000] {dagbag.py:355} ERROR - Failed to import: /opt/airflow/dags/main.py
Traceback (most recent call last):
  File "/home/airflow/.local/lib/python3.10/site-packages/airflow/models/dagbag.py", line 351, in parse
    loader.exec_module(new_module)
  File "<frozen importlib._bootstrap_external>", line 879, in exec_module
  File "<frozen importlib._bootstrap_external>", line 1017, in get_code
  File "<frozen importlib._bootstrap_external>", line 947, in source_to_code
  File "<frozen importlib._bootstrap>", line 241, in _call_with_frames_removed
  File "/opt/airflow/dags/main.py", line 19
    extract_data=
                 ^
SyntaxError: invalid syntax
[2026-09-01T18:38:27.515+0000] {processor.py:842} WARNING - No viable dags retrieved from /opt/airflow/dags/main.py
[2026-09-01T18:38:27.548+0000] {processor.py:183} INFO - Processing /opt/airflow/dags/main.py took 0.080 seconds
[2026-09-01T18:38:32.238+0000] {processor.py:161} INFO - Started process (PID=628) to work on /opt/airflow/dags/main.py
[2026-09-01T18:38:32.243+0000] {processor.py:830} INFO - Processing file /opt/airflow/dags/main.py for tasks to queue
[2026-09-01T18:38:32.250+0000] {logging_mixin.py:188} INFO - [2026-09-01T18:38:32.249+0000] {dagbag.py:545} INFO - Filling up the DagBag from /opt/airflow/dags/main.py
[2026-09-01T18:38:32.504+0000] {logging_mixin.py:188} INFO - [2026-09-01T18:38:32.464+0000] {dagbag.py:355} ERROR - Failed to import: /opt/airflow/dags/main.py
Traceback (most recent call last):
  File "/home/airflow/.local/lib/python3.10/site-packages/airflow/models/dagbag.py", line 351, in parse
    loader.exec_module(new_module)
  File "<frozen importlib._bootstrap_external>", line 883, in exec_module
  File "<frozen importlib._bootstrap>", line 241, in _call_with_frames_removed
  File "/opt/airflow/dags/main.py", line 5, in <module>
    from api.video import channel_playlist_id,get_video_id,extract_video_data,save_to_json
  File "/opt/airflow/dags/api/video.py", line 13, in <module>
    CHANNEL_HANDLE=Variable.get('WildlensbyAbrar')
  File "/home/airflow/.local/lib/python3.10/site-packages/airflow/models/variable.py", line 143, in get
    raise KeyError(f"Variable {key} does not exist")
KeyError: 'Variable WildlensbyAbrar does not exist'
[2026-09-01T18:38:32.509+0000] {processor.py:842} WARNING - No viable dags retrieved from /opt/airflow/dags/main.py
[2026-09-01T18:38:32.527+0000] {processor.py:183} INFO - Processing /opt/airflow/dags/main.py took 0.309 seconds
[2026-09-01T18:38:35.526+0000] {processor.py:161} INFO - Started process (PID=629) to work on /opt/airflow/dags/main.py
[2026-09-01T18:38:35.535+0000] {processor.py:830} INFO - Processing file /opt/airflow/dags/main.py for tasks to queue
[2026-09-01T18:38:35.610+0000] {logging_mixin.py:188} INFO - [2026-09-01T18:38:35.609+0000] {dagbag.py:545} INFO - Filling up the DagBag from /opt/airflow/dags/main.py
[2026-09-01T18:38:39.873+0000] {logging_mixin.py:188} INFO - [2026-09-01T18:38:39.320+0000] {dagbag.py:355} ERROR - Failed to import: /opt/airflow/dags/main.py
Traceback (most recent call last):
  File "/home/airflow/.local/lib/python3.10/site-packages/airflow/models/dagbag.py", line 351, in parse
    loader.exec_module(new_module)
  File "<frozen importlib._bootstrap_external>", line 883, in exec_module
  File "<frozen importlib._bootstrap>", line 241, in _call_with_frames_removed
  File "/opt/airflow/dags/main.py", line 5, in <module>
    from api.video import channel_playlist_id,get_video_id,extract_video_data,save_to_json
  File "/opt/airflow/dags/api/video.py", line 13, in <module>
    CHANNEL_HANDLE=Variable.get('WildlensbyAbrar')
  File "/home/airflow/.local/lib/python3.10/site-packages/airflow/models/variable.py", line 143, in get
    raise KeyError(f"Variable {key} does not exist")
KeyError: 'Variable WildlensbyAbrar does not exist'
[2026-09-01T18:38:39.921+0000] {processor.py:842} WARNING - No viable dags retrieved from /opt/airflow/dags/main.py
[2026-09-01T18:38:39.961+0000] {processor.py:183} INFO - Processing /opt/airflow/dags/main.py took 4.494 seconds
[2026-09-01T18:38:42.419+0000] {processor.py:161} INFO - Started process (PID=630) to work on /opt/airflow/dags/main.py
[2026-09-01T18:38:42.427+0000] {processor.py:830} INFO - Processing file /opt/airflow/dags/main.py for tasks to queue
[2026-09-01T18:38:42.439+0000] {logging_mixin.py:188} INFO - [2026-09-01T18:38:42.439+0000] {dagbag.py:545} INFO - Filling up the DagBag from /opt/airflow/dags/main.py
[2026-09-01T18:38:42.835+0000] {logging_mixin.py:188} INFO - [2026-09-01T18:38:42.808+0000] {dagbag.py:355} ERROR - Failed to import: /opt/airflow/dags/main.py
Traceback (most recent call last):
  File "/home/airflow/.local/lib/python3.10/site-packages/airflow/models/dagbag.py", line 351, in parse
    loader.exec_module(new_module)
  File "<frozen importlib._bootstrap_external>", line 883, in exec_module
  File "<frozen importlib._bootstrap>", line 241, in _call_with_frames_removed
  File "/opt/airflow/dags/main.py", line 5, in <module>
    from api.video import channel_playlist_id,get_video_id,extract_video_data,save_to_json
  File "/opt/airflow/dags/api/video.py", line 13, in <module>
    CHANNEL_HANDLE=Variable.get('WildlensbyAbrar')
  File "/home/airflow/.local/lib/python3.10/site-packages/airflow/models/variable.py", line 143, in get
    raise KeyError(f"Variable {key} does not exist")
KeyError: 'Variable WildlensbyAbrar does not exist'
[2026-09-01T18:38:42.903+0000] {processor.py:842} WARNING - No viable dags retrieved from /opt/airflow/dags/main.py
[2026-09-01T18:38:43.349+0000] {processor.py:183} INFO - Processing /opt/airflow/dags/main.py took 0.942 seconds
[2026-09-01T18:38:47.040+0000] {processor.py:161} INFO - Started process (PID=637) to work on /opt/airflow/dags/main.py
[2026-09-01T18:38:47.046+0000] {processor.py:830} INFO - Processing file /opt/airflow/dags/main.py for tasks to queue
[2026-09-01T18:38:47.056+0000] {logging_mixin.py:188} INFO - [2026-09-01T18:38:47.056+0000] {dagbag.py:545} INFO - Filling up the DagBag from /opt/airflow/dags/main.py
[2026-09-01T18:38:51.496+0000] {logging_mixin.py:188} INFO - [2026-09-01T18:38:50.627+0000] {dagbag.py:355} ERROR - Failed to import: /opt/airflow/dags/main.py
Traceback (most recent call last):
  File "/home/airflow/.local/lib/python3.10/site-packages/airflow/models/dagbag.py", line 351, in parse
    loader.exec_module(new_module)
  File "<frozen importlib._bootstrap_external>", line 883, in exec_module
  File "<frozen importlib._bootstrap>", line 241, in _call_with_frames_removed
  File "/opt/airflow/dags/main.py", line 5, in <module>
    from api.video import channel_playlist_id,get_video_id,extract_video_data,save_to_json
  File "/opt/airflow/dags/api/video.py", line 13, in <module>
    CHANNEL_HANDLE=Variable.get('WildlensbyAbrar')
  File "/home/airflow/.local/lib/python3.10/site-packages/airflow/models/variable.py", line 143, in get
    raise KeyError(f"Variable {key} does not exist")
KeyError: 'Variable WildlensbyAbrar does not exist'
[2026-09-01T18:38:51.667+0000] {processor.py:842} WARNING - No viable dags retrieved from /opt/airflow/dags/main.py
[2026-09-01T18:38:51.766+0000] {processor.py:183} INFO - Processing /opt/airflow/dags/main.py took 4.745 seconds
[2026-09-01T18:38:58.652+0000] {processor.py:161} INFO - Started process (PID=638) to work on /opt/airflow/dags/main.py
[2026-09-01T18:38:58.656+0000] {processor.py:830} INFO - Processing file /opt/airflow/dags/main.py for tasks to queue
[2026-09-01T18:38:58.669+0000] {logging_mixin.py:188} INFO - [2026-09-01T18:38:58.669+0000] {dagbag.py:545} INFO - Filling up the DagBag from /opt/airflow/dags/main.py
[2026-09-01T18:38:59.030+0000] {logging_mixin.py:188} INFO - [2026-09-01T18:38:58.987+0000] {dagbag.py:355} ERROR - Failed to import: /opt/airflow/dags/main.py
Traceback (most recent call last):
  File "/home/airflow/.local/lib/python3.10/site-packages/airflow/models/dagbag.py", line 351, in parse
    loader.exec_module(new_module)
  File "<frozen importlib._bootstrap_external>", line 883, in exec_module
  File "<frozen importlib._bootstrap>", line 241, in _call_with_frames_removed
  File "/opt/airflow/dags/main.py", line 5, in <module>
    from api.video import channel_playlist_id,get_video_id,extract_video_data,save_to_json
  File "/opt/airflow/dags/api/video.py", line 13, in <module>
    CHANNEL_HANDLE=Variable.get('WildlensbyAbrar')
  File "/home/airflow/.local/lib/python3.10/site-packages/airflow/models/variable.py", line 143, in get
    raise KeyError(f"Variable {key} does not exist")
KeyError: 'Variable WildlensbyAbrar does not exist'
[2026-09-01T18:38:59.033+0000] {processor.py:842} WARNING - No viable dags retrieved from /opt/airflow/dags/main.py
[2026-09-01T18:38:59.073+0000] {processor.py:183} INFO - Processing /opt/airflow/dags/main.py took 0.431 seconds
[2026-09-01T18:39:03.921+0000] {processor.py:161} INFO - Started process (PID=639) to work on /opt/airflow/dags/main.py
[2026-09-01T18:39:03.924+0000] {processor.py:830} INFO - Processing file /opt/airflow/dags/main.py for tasks to queue
[2026-09-01T18:39:03.928+0000] {logging_mixin.py:188} INFO - [2026-09-01T18:39:03.927+0000] {dagbag.py:545} INFO - Filling up the DagBag from /opt/airflow/dags/main.py
[2026-09-01T18:39:04.177+0000] {logging_mixin.py:188} INFO - [2026-09-01T18:39:04.161+0000] {dagbag.py:355} ERROR - Failed to import: /opt/airflow/dags/main.py
Traceback (most recent call last):
  File "/home/airflow/.local/lib/python3.10/site-packages/airflow/models/dagbag.py", line 351, in parse
    loader.exec_module(new_module)
  File "<frozen importlib._bootstrap_external>", line 883, in exec_module
  File "<frozen importlib._bootstrap>", line 241, in _call_with_frames_removed
  File "/opt/airflow/dags/main.py", line 5, in <module>
    from api.video import channel_playlist_id,get_video_id,extract_video_data,save_to_json
  File "/opt/airflow/dags/api/video.py", line 13, in <module>
    CHANNEL_HANDLE=Variable.get('WildlensbyAbrar')
  File "/home/airflow/.local/lib/python3.10/site-packages/airflow/models/variable.py", line 143, in get
    raise KeyError(f"Variable {key} does not exist")
KeyError: 'Variable WildlensbyAbrar does not exist'
[2026-09-01T18:39:04.183+0000] {processor.py:842} WARNING - No viable dags retrieved from /opt/airflow/dags/main.py
[2026-09-01T18:39:04.215+0000] {processor.py:183} INFO - Processing /opt/airflow/dags/main.py took 0.313 seconds
[2026-09-01T18:39:05.329+0000] {processor.py:161} INFO - Started process (PID=640) to work on /opt/airflow/dags/main.py
[2026-09-01T18:39:05.331+0000] {processor.py:830} INFO - Processing file /opt/airflow/dags/main.py for tasks to queue
[2026-09-01T18:39:05.337+0000] {logging_mixin.py:188} INFO - [2026-09-01T18:39:05.336+0000] {dagbag.py:545} INFO - Filling up the DagBag from /opt/airflow/dags/main.py
[2026-09-01T18:39:05.838+0000] {logging_mixin.py:188} INFO - [2026-09-01T18:39:05.521+0000] {dagbag.py:355} ERROR - Failed to import: /opt/airflow/dags/main.py
Traceback (most recent call last):
  File "/home/airflow/.local/lib/python3.10/site-packages/airflow/models/dagbag.py", line 351, in parse
    loader.exec_module(new_module)
  File "<frozen importlib._bootstrap_external>", line 883, in exec_module
  File "<frozen importlib._bootstrap>", line 241, in _call_with_frames_removed
  File "/opt/airflow/dags/main.py", line 5, in <module>
    from api.video import channel_playlist_id,get_video_id,extract_video_data,save_to_json
  File "/opt/airflow/dags/api/video.py", line 13, in <module>
    CHANNEL_HANDLE=Variable.get('WildlensbyAbrar')
  File "/home/airflow/.local/lib/python3.10/site-packages/airflow/models/variable.py", line 143, in get
    raise KeyError(f"Variable {key} does not exist")
KeyError: 'Variable WildlensbyAbrar does not exist'
[2026-09-01T18:39:05.855+0000] {processor.py:842} WARNING - No viable dags retrieved from /opt/airflow/dags/main.py
[2026-09-01T18:39:05.912+0000] {processor.py:183} INFO - Processing /opt/airflow/dags/main.py took 0.594 seconds
[2026-09-01T18:39:20.285+0000] {processor.py:161} INFO - Started process (PID=646) to work on /opt/airflow/dags/main.py
[2026-09-01T18:39:20.287+0000] {processor.py:830} INFO - Processing file /opt/airflow/dags/main.py for tasks to queue
[2026-09-01T18:39:20.317+0000] {logging_mixin.py:188} INFO - [2026-09-01T18:39:20.316+0000] {dagbag.py:545} INFO - Filling up the DagBag from /opt/airflow/dags/main.py
[2026-09-01T18:39:22.334+0000] {logging_mixin.py:188} INFO - [2026-09-01T18:39:22.239+0000] {dagbag.py:355} ERROR - Failed to import: /opt/airflow/dags/main.py
Traceback (most recent call last):
  File "/home/airflow/.local/lib/python3.10/site-packages/airflow/models/dagbag.py", line 351, in parse
    loader.exec_module(new_module)
  File "<frozen importlib._bootstrap_external>", line 883, in exec_module
  File "<frozen importlib._bootstrap>", line 241, in _call_with_frames_removed
  File "/opt/airflow/dags/main.py", line 5, in <module>
    from api.video import channel_playlist_id,get_video_id,extract_video_data,save_to_json
  File "/opt/airflow/dags/api/video.py", line 13, in <module>
    CHANNEL_HANDLE=Variable.get('WildlensbyAbrar')
  File "/home/airflow/.local/lib/python3.10/site-packages/airflow/models/variable.py", line 143, in get
    raise KeyError(f"Variable {key} does not exist")
KeyError: 'Variable WildlensbyAbrar does not exist'
[2026-09-01T18:39:22.556+0000] {processor.py:842} WARNING - No viable dags retrieved from /opt/airflow/dags/main.py
[2026-09-01T18:39:22.796+0000] {processor.py:183} INFO - Processing /opt/airflow/dags/main.py took 2.541 seconds
[2026-09-01T18:39:25.605+0000] {processor.py:161} INFO - Started process (PID=647) to work on /opt/airflow/dags/main.py
[2026-09-01T18:39:25.619+0000] {processor.py:830} INFO - Processing file /opt/airflow/dags/main.py for tasks to queue
[2026-09-01T18:39:25.622+0000] {logging_mixin.py:188} INFO - [2026-09-01T18:39:25.622+0000] {dagbag.py:545} INFO - Filling up the DagBag from /opt/airflow/dags/main.py
[2026-09-01T18:39:26.367+0000] {logging_mixin.py:188} INFO - [2026-09-01T18:39:26.156+0000] {dagbag.py:355} ERROR - Failed to import: /opt/airflow/dags/main.py
Traceback (most recent call last):
  File "/home/airflow/.local/lib/python3.10/site-packages/airflow/models/dagbag.py", line 351, in parse
    loader.exec_module(new_module)
  File "<frozen importlib._bootstrap_external>", line 883, in exec_module
  File "<frozen importlib._bootstrap>", line 241, in _call_with_frames_removed
  File "/opt/airflow/dags/main.py", line 5, in <module>
    from api.video import channel_playlist_id,get_video_id,extract_video_data,save_to_json
  File "/opt/airflow/dags/api/video.py", line 13, in <module>
    CHANNEL_HANDLE=Variable.get('WildlensbyAbrar')
  File "/home/airflow/.local/lib/python3.10/site-packages/airflow/models/variable.py", line 143, in get
    raise KeyError(f"Variable {key} does not exist")
KeyError: 'Variable WildlensbyAbrar does not exist'
[2026-09-01T18:39:26.445+0000] {processor.py:842} WARNING - No viable dags retrieved from /opt/airflow/dags/main.py
[2026-09-01T18:39:27.032+0000] {processor.py:183} INFO - Processing /opt/airflow/dags/main.py took 1.430 seconds
[2026-09-01T18:39:37.081+0000] {processor.py:161} INFO - Started process (PID=648) to work on /opt/airflow/dags/main.py
[2026-09-01T18:39:37.090+0000] {processor.py:830} INFO - Processing file /opt/airflow/dags/main.py for tasks to queue
[2026-09-01T18:39:37.122+0000] {logging_mixin.py:188} INFO - [2026-09-01T18:39:37.121+0000] {dagbag.py:545} INFO - Filling up the DagBag from /opt/airflow/dags/main.py
[2026-09-01T18:39:40.450+0000] {logging_mixin.py:188} INFO - [2026-09-01T18:39:40.409+0000] {dagbag.py:355} ERROR - Failed to import: /opt/airflow/dags/main.py
Traceback (most recent call last):
  File "/home/airflow/.local/lib/python3.10/site-packages/airflow/models/dagbag.py", line 351, in parse
    loader.exec_module(new_module)
  File "<frozen importlib._bootstrap_external>", line 883, in exec_module
  File "<frozen importlib._bootstrap>", line 241, in _call_with_frames_removed
  File "/opt/airflow/dags/main.py", line 5, in <module>
    from api.video import channel_playlist_id,get_video_id,extract_video_data,save_to_json
  File "/opt/airflow/dags/api/video.py", line 13, in <module>
    CHANNEL_HANDLE=Variable.get('WildlensbyAbrar')
  File "/home/airflow/.local/lib/python3.10/site-packages/airflow/models/variable.py", line 143, in get
    raise KeyError(f"Variable {key} does not exist")
KeyError: 'Variable WildlensbyAbrar does not exist'
[2026-09-01T18:39:40.460+0000] {processor.py:842} WARNING - No viable dags retrieved from /opt/airflow/dags/main.py
[2026-09-01T18:39:40.503+0000] {processor.py:183} INFO - Processing /opt/airflow/dags/main.py took 3.445 seconds
[2026-09-01T18:40:11.886+0000] {processor.py:161} INFO - Started process (PID=655) to work on /opt/airflow/dags/main.py
[2026-09-01T18:40:11.898+0000] {processor.py:830} INFO - Processing file /opt/airflow/dags/main.py for tasks to queue
[2026-09-01T18:40:11.919+0000] {logging_mixin.py:188} INFO - [2026-09-01T18:40:11.917+0000] {dagbag.py:545} INFO - Filling up the DagBag from /opt/airflow/dags/main.py
[2026-09-01T18:40:13.239+0000] {logging_mixin.py:188} INFO - [2026-09-01T18:40:13.193+0000] {dagbag.py:355} ERROR - Failed to import: /opt/airflow/dags/main.py
Traceback (most recent call last):
  File "/home/airflow/.local/lib/python3.10/site-packages/airflow/models/dagbag.py", line 351, in parse
    loader.exec_module(new_module)
  File "<frozen importlib._bootstrap_external>", line 883, in exec_module
  File "<frozen importlib._bootstrap>", line 241, in _call_with_frames_removed
  File "/opt/airflow/dags/main.py", line 5, in <module>
    from api.video import channel_playlist_id,get_video_id,extract_video_data,save_to_json
  File "/opt/airflow/dags/api/video.py", line 13, in <module>
    CHANNEL_HANDLE=Variable.get('WildlensbyAbrar')
  File "/home/airflow/.local/lib/python3.10/site-packages/airflow/models/variable.py", line 143, in get
    raise KeyError(f"Variable {key} does not exist")
KeyError: 'Variable WildlensbyAbrar does not exist'
[2026-09-01T18:40:13.243+0000] {processor.py:842} WARNING - No viable dags retrieved from /opt/airflow/dags/main.py
[2026-09-01T18:40:13.286+0000] {processor.py:183} INFO - Processing /opt/airflow/dags/main.py took 1.432 seconds
[2026-09-01T18:40:44.305+0000] {processor.py:161} INFO - Started process (PID=662) to work on /opt/airflow/dags/main.py
[2026-09-01T18:40:44.381+0000] {processor.py:830} INFO - Processing file /opt/airflow/dags/main.py for tasks to queue
[2026-09-01T18:40:44.418+0000] {logging_mixin.py:188} INFO - [2026-09-01T18:40:44.415+0000] {dagbag.py:545} INFO - Filling up the DagBag from /opt/airflow/dags/main.py
[2026-09-01T18:40:49.988+0000] {logging_mixin.py:188} INFO - [2026-09-01T18:40:49.681+0000] {dagbag.py:355} ERROR - Failed to import: /opt/airflow/dags/main.py
Traceback (most recent call last):
  File "/home/airflow/.local/lib/python3.10/site-packages/airflow/models/dagbag.py", line 351, in parse
    loader.exec_module(new_module)
  File "<frozen importlib._bootstrap_external>", line 883, in exec_module
  File "<frozen importlib._bootstrap>", line 241, in _call_with_frames_removed
  File "/opt/airflow/dags/main.py", line 5, in <module>
    from api.video import channel_playlist_id,get_video_id,extract_video_data,save_to_json
  File "/opt/airflow/dags/api/video.py", line 13, in <module>
    CHANNEL_HANDLE=Variable.get('WildlensbyAbrar')
  File "/home/airflow/.local/lib/python3.10/site-packages/airflow/models/variable.py", line 143, in get
    raise KeyError(f"Variable {key} does not exist")
KeyError: 'Variable WildlensbyAbrar does not exist'
[2026-09-01T18:40:50.063+0000] {processor.py:842} WARNING - No viable dags retrieved from /opt/airflow/dags/main.py
[2026-09-01T18:40:50.135+0000] {processor.py:183} INFO - Processing /opt/airflow/dags/main.py took 5.878 seconds
[2026-09-01T18:41:11.357+0000] {processor.py:161} INFO - Started process (PID=669) to work on /opt/airflow/dags/main.py
[2026-09-01T18:41:11.361+0000] {processor.py:830} INFO - Processing file /opt/airflow/dags/main.py for tasks to queue
[2026-09-01T18:41:11.369+0000] {logging_mixin.py:188} INFO - [2026-09-01T18:41:11.368+0000] {dagbag.py:545} INFO - Filling up the DagBag from /opt/airflow/dags/main.py
[2026-09-01T18:41:13.359+0000] {logging_mixin.py:188} INFO - [2026-09-01T18:41:12.918+0000] {dagbag.py:355} ERROR - Failed to import: /opt/airflow/dags/main.py
Traceback (most recent call last):
  File "/home/airflow/.local/lib/python3.10/site-packages/airflow/models/dagbag.py", line 351, in parse
    loader.exec_module(new_module)
  File "<frozen importlib._bootstrap_external>", line 883, in exec_module
  File "<frozen importlib._bootstrap>", line 241, in _call_with_frames_removed
  File "/opt/airflow/dags/main.py", line 5, in <module>
    from api.video import channel_playlist_id,get_video_id,extract_video_data,save_to_json
  File "/opt/airflow/dags/api/video.py", line 13, in <module>
    CHANNEL_HANDLE=Variable.get('WildlensbyAbrar')
  File "/home/airflow/.local/lib/python3.10/site-packages/airflow/models/variable.py", line 143, in get
    raise KeyError(f"Variable {key} does not exist")
KeyError: 'Variable WildlensbyAbrar does not exist'
[2026-09-01T18:41:13.387+0000] {processor.py:842} WARNING - No viable dags retrieved from /opt/airflow/dags/main.py
[2026-09-01T18:41:13.423+0000] {processor.py:183} INFO - Processing /opt/airflow/dags/main.py took 2.082 seconds
[2026-09-01T18:41:14.198+0000] {processor.py:161} INFO - Started process (PID=670) to work on /opt/airflow/dags/main.py
[2026-09-01T18:41:14.341+0000] {processor.py:830} INFO - Processing file /opt/airflow/dags/main.py for tasks to queue
[2026-09-01T18:41:14.644+0000] {logging_mixin.py:188} INFO - [2026-09-01T18:41:14.644+0000] {dagbag.py:545} INFO - Filling up the DagBag from /opt/airflow/dags/main.py
[2026-09-01T18:41:17.024+0000] {logging_mixin.py:188} INFO - [2026-09-01T18:41:16.912+0000] {dagbag.py:355} ERROR - Failed to import: /opt/airflow/dags/main.py
Traceback (most recent call last):
  File "/home/airflow/.local/lib/python3.10/site-packages/airflow/models/dagbag.py", line 351, in parse
    loader.exec_module(new_module)
  File "<frozen importlib._bootstrap_external>", line 883, in exec_module
  File "<frozen importlib._bootstrap>", line 241, in _call_with_frames_removed
  File "/opt/airflow/dags/main.py", line 5, in <module>
    from api.video import channel_playlist_id,get_video_id,extract_video_data,save_to_json
  File "/opt/airflow/dags/api/video.py", line 13, in <module>
    CHANNEL_HANDLE=Variable.get('WildlensbyAbrar')
  File "/home/airflow/.local/lib/python3.10/site-packages/airflow/models/variable.py", line 143, in get
    raise KeyError(f"Variable {key} does not exist")
KeyError: 'Variable WildlensbyAbrar does not exist'
[2026-09-01T18:41:17.028+0000] {processor.py:842} WARNING - No viable dags retrieved from /opt/airflow/dags/main.py
[2026-09-01T18:41:17.068+0000] {processor.py:183} INFO - Processing /opt/airflow/dags/main.py took 2.923 seconds
[2026-09-01T18:41:19.675+0000] {processor.py:161} INFO - Started process (PID=676) to work on /opt/airflow/dags/main.py
[2026-09-01T18:41:19.801+0000] {processor.py:830} INFO - Processing file /opt/airflow/dags/main.py for tasks to queue
[2026-09-01T18:41:19.897+0000] {logging_mixin.py:188} INFO - [2026-09-01T18:41:19.897+0000] {dagbag.py:545} INFO - Filling up the DagBag from /opt/airflow/dags/main.py
[2026-09-01T18:41:22.521+0000] {logging_mixin.py:188} INFO - [2026-09-01T18:41:21.544+0000] {dagbag.py:355} ERROR - Failed to import: /opt/airflow/dags/main.py
Traceback (most recent call last):
  File "/home/airflow/.local/lib/python3.10/site-packages/airflow/models/dagbag.py", line 351, in parse
    loader.exec_module(new_module)
  File "<frozen importlib._bootstrap_external>", line 883, in exec_module
  File "<frozen importlib._bootstrap>", line 241, in _call_with_frames_removed
  File "/opt/airflow/dags/main.py", line 5, in <module>
    from api.video import channel_playlist_id,get_video_id,extract_video_data,save_to_json
  File "/opt/airflow/dags/api/video.py", line 13, in <module>
    CHANNEL_HANDLE=Variable.get('WildlensbyAbrar')
  File "/home/airflow/.local/lib/python3.10/site-packages/airflow/models/variable.py", line 143, in get
    raise KeyError(f"Variable {key} does not exist")
KeyError: 'Variable WildlensbyAbrar does not exist'
[2026-09-01T18:41:22.712+0000] {processor.py:842} WARNING - No viable dags retrieved from /opt/airflow/dags/main.py
[2026-09-01T18:41:22.935+0000] {processor.py:183} INFO - Processing /opt/airflow/dags/main.py took 3.281 seconds
[2026-09-01T18:41:28.364+0000] {processor.py:161} INFO - Started process (PID=677) to work on /opt/airflow/dags/main.py
[2026-09-01T18:41:28.374+0000] {processor.py:830} INFO - Processing file /opt/airflow/dags/main.py for tasks to queue
[2026-09-01T18:41:28.392+0000] {logging_mixin.py:188} INFO - [2026-09-01T18:41:28.392+0000] {dagbag.py:545} INFO - Filling up the DagBag from /opt/airflow/dags/main.py
[2026-09-01T18:41:29.777+0000] {logging_mixin.py:188} INFO - [2026-09-01T18:41:29.749+0000] {dagbag.py:355} ERROR - Failed to import: /opt/airflow/dags/main.py
Traceback (most recent call last):
  File "/home/airflow/.local/lib/python3.10/site-packages/airflow/models/dagbag.py", line 351, in parse
    loader.exec_module(new_module)
  File "<frozen importlib._bootstrap_external>", line 883, in exec_module
  File "<frozen importlib._bootstrap>", line 241, in _call_with_frames_removed
  File "/opt/airflow/dags/main.py", line 5, in <module>
    from api.video import channel_playlist_id,get_video_id,extract_video_data,save_to_json
  File "/opt/airflow/dags/api/video.py", line 13, in <module>
    CHANNEL_HANDLE=Variable.get('WildlensbyAbrar')
  File "/home/airflow/.local/lib/python3.10/site-packages/airflow/models/variable.py", line 143, in get
    raise KeyError(f"Variable {key} does not exist")
KeyError: 'Variable WildlensbyAbrar does not exist'
[2026-09-01T18:41:29.780+0000] {processor.py:842} WARNING - No viable dags retrieved from /opt/airflow/dags/main.py
[2026-09-01T18:41:29.873+0000] {processor.py:183} INFO - Processing /opt/airflow/dags/main.py took 1.530 seconds
[2026-09-01T18:41:34.671+0000] {processor.py:161} INFO - Started process (PID=678) to work on /opt/airflow/dags/main.py
[2026-09-01T18:41:34.698+0000] {processor.py:830} INFO - Processing file /opt/airflow/dags/main.py for tasks to queue
[2026-09-01T18:41:34.702+0000] {logging_mixin.py:188} INFO - [2026-09-01T18:41:34.701+0000] {dagbag.py:545} INFO - Filling up the DagBag from /opt/airflow/dags/main.py
[2026-09-01T18:41:35.288+0000] {logging_mixin.py:188} INFO - [2026-09-01T18:41:34.988+0000] {dagbag.py:355} ERROR - Failed to import: /opt/airflow/dags/main.py
Traceback (most recent call last):
  File "/home/airflow/.local/lib/python3.10/site-packages/airflow/models/dagbag.py", line 351, in parse
    loader.exec_module(new_module)
  File "<frozen importlib._bootstrap_external>", line 883, in exec_module
  File "<frozen importlib._bootstrap>", line 241, in _call_with_frames_removed
  File "/opt/airflow/dags/main.py", line 5, in <module>
    from api.video import channel_playlist_id,get_video_id,extract_video_data,save_to_json
  File "/opt/airflow/dags/api/video.py", line 13, in <module>
    CHANNEL_HANDLE=Variable.get('WildlensbyAbrar')
  File "/home/airflow/.local/lib/python3.10/site-packages/airflow/models/variable.py", line 143, in get
    raise KeyError(f"Variable {key} does not exist")
KeyError: 'Variable WildlensbyAbrar does not exist'
[2026-09-01T18:41:35.307+0000] {processor.py:842} WARNING - No viable dags retrieved from /opt/airflow/dags/main.py
[2026-09-01T18:41:35.356+0000] {processor.py:183} INFO - Processing /opt/airflow/dags/main.py took 0.707 seconds
[2026-09-01T18:41:39.380+0000] {processor.py:161} INFO - Started process (PID=679) to work on /opt/airflow/dags/main.py
[2026-09-01T18:41:39.417+0000] {processor.py:830} INFO - Processing file /opt/airflow/dags/main.py for tasks to queue
[2026-09-01T18:41:39.428+0000] {logging_mixin.py:188} INFO - [2026-09-01T18:41:39.427+0000] {dagbag.py:545} INFO - Filling up the DagBag from /opt/airflow/dags/main.py
[2026-09-01T18:41:39.949+0000] {logging_mixin.py:188} INFO - [2026-09-01T18:41:39.948+0000] {dagbag.py:355} ERROR - Failed to import: /opt/airflow/dags/main.py
Traceback (most recent call last):
  File "/home/airflow/.local/lib/python3.10/site-packages/airflow/models/dagbag.py", line 351, in parse
    loader.exec_module(new_module)
  File "<frozen importlib._bootstrap_external>", line 879, in exec_module
  File "<frozen importlib._bootstrap_external>", line 1017, in get_code
  File "<frozen importlib._bootstrap_external>", line 947, in source_to_code
  File "<frozen importlib._bootstrap>", line 241, in _call_with_frames_removed
  File "/opt/airflow/dags/main.py", line 23
    playlist_id>>
                 ^
SyntaxError: invalid syntax
[2026-09-01T18:41:39.951+0000] {processor.py:842} WARNING - No viable dags retrieved from /opt/airflow/dags/main.py
[2026-09-01T18:41:40.075+0000] {processor.py:183} INFO - Processing /opt/airflow/dags/main.py took 0.731 seconds
[2026-09-01T18:41:42.339+0000] {processor.py:161} INFO - Started process (PID=680) to work on /opt/airflow/dags/main.py
[2026-09-01T18:41:42.342+0000] {processor.py:830} INFO - Processing file /opt/airflow/dags/main.py for tasks to queue
[2026-09-01T18:41:42.346+0000] {logging_mixin.py:188} INFO - [2026-09-01T18:41:42.346+0000] {dagbag.py:545} INFO - Filling up the DagBag from /opt/airflow/dags/main.py
[2026-09-01T18:41:42.632+0000] {logging_mixin.py:188} INFO - [2026-09-01T18:41:42.551+0000] {dagbag.py:355} ERROR - Failed to import: /opt/airflow/dags/main.py
Traceback (most recent call last):
  File "/home/airflow/.local/lib/python3.10/site-packages/airflow/models/dagbag.py", line 351, in parse
    loader.exec_module(new_module)
  File "<frozen importlib._bootstrap_external>", line 883, in exec_module
  File "<frozen importlib._bootstrap>", line 241, in _call_with_frames_removed
  File "/opt/airflow/dags/main.py", line 5, in <module>
    from api.video import channel_playlist_id,get_video_id,extract_video_data,save_to_json
  File "/opt/airflow/dags/api/video.py", line 13, in <module>
    CHANNEL_HANDLE=Variable.get('WildlensbyAbrar')
  File "/home/airflow/.local/lib/python3.10/site-packages/airflow/models/variable.py", line 143, in get
    raise KeyError(f"Variable {key} does not exist")
KeyError: 'Variable WildlensbyAbrar does not exist'
[2026-09-01T18:41:42.685+0000] {processor.py:842} WARNING - No viable dags retrieved from /opt/airflow/dags/main.py
[2026-09-01T18:41:42.740+0000] {processor.py:183} INFO - Processing /opt/airflow/dags/main.py took 0.420 seconds
[2026-09-01T18:41:46.427+0000] {processor.py:161} INFO - Started process (PID=688) to work on /opt/airflow/dags/main.py
[2026-09-01T18:41:46.429+0000] {processor.py:830} INFO - Processing file /opt/airflow/dags/main.py for tasks to queue
[2026-09-01T18:41:46.461+0000] {logging_mixin.py:188} INFO - [2026-09-01T18:41:46.460+0000] {dagbag.py:545} INFO - Filling up the DagBag from /opt/airflow/dags/main.py
[2026-09-01T18:41:47.187+0000] {logging_mixin.py:188} INFO - [2026-09-01T18:41:47.162+0000] {dagbag.py:355} ERROR - Failed to import: /opt/airflow/dags/main.py
Traceback (most recent call last):
  File "/home/airflow/.local/lib/python3.10/site-packages/airflow/models/dagbag.py", line 351, in parse
    loader.exec_module(new_module)
  File "<frozen importlib._bootstrap_external>", line 883, in exec_module
  File "<frozen importlib._bootstrap>", line 241, in _call_with_frames_removed
  File "/opt/airflow/dags/main.py", line 5, in <module>
    from api.video import channel_playlist_id,get_video_id,extract_video_data,save_to_json
  File "/opt/airflow/dags/api/video.py", line 13, in <module>
    CHANNEL_HANDLE=Variable.get('WildlensbyAbrar')
  File "/home/airflow/.local/lib/python3.10/site-packages/airflow/models/variable.py", line 143, in get
    raise KeyError(f"Variable {key} does not exist")
KeyError: 'Variable WildlensbyAbrar does not exist'
[2026-09-01T18:41:47.193+0000] {processor.py:842} WARNING - No viable dags retrieved from /opt/airflow/dags/main.py
[2026-09-01T18:41:47.240+0000] {processor.py:183} INFO - Processing /opt/airflow/dags/main.py took 0.837 seconds
[2026-09-01T18:41:48.825+0000] {processor.py:161} INFO - Started process (PID=689) to work on /opt/airflow/dags/main.py
[2026-09-01T18:41:48.842+0000] {processor.py:830} INFO - Processing file /opt/airflow/dags/main.py for tasks to queue
[2026-09-01T18:41:48.883+0000] {logging_mixin.py:188} INFO - [2026-09-01T18:41:48.883+0000] {dagbag.py:545} INFO - Filling up the DagBag from /opt/airflow/dags/main.py
[2026-09-01T18:41:49.059+0000] {logging_mixin.py:188} INFO - [2026-09-01T18:41:49.058+0000] {dagbag.py:355} ERROR - Failed to import: /opt/airflow/dags/main.py
Traceback (most recent call last):
  File "/home/airflow/.local/lib/python3.10/site-packages/airflow/models/dagbag.py", line 351, in parse
    loader.exec_module(new_module)
  File "<frozen importlib._bootstrap_external>", line 879, in exec_module
  File "<frozen importlib._bootstrap_external>", line 1017, in get_code
  File "<frozen importlib._bootstrap_external>", line 947, in source_to_code
  File "<frozen importlib._bootstrap>", line 241, in _call_with_frames_removed
  File "/opt/airflow/dags/main.py", line 23
    playlist_id  >> 
                    ^
SyntaxError: invalid syntax
[2026-09-01T18:41:49.061+0000] {processor.py:842} WARNING - No viable dags retrieved from /opt/airflow/dags/main.py
[2026-09-01T18:41:49.107+0000] {processor.py:183} INFO - Processing /opt/airflow/dags/main.py took 0.296 seconds
[2026-09-01T18:41:51.051+0000] {processor.py:161} INFO - Started process (PID=690) to work on /opt/airflow/dags/main.py
[2026-09-01T18:41:51.071+0000] {processor.py:830} INFO - Processing file /opt/airflow/dags/main.py for tasks to queue
[2026-09-01T18:41:51.078+0000] {logging_mixin.py:188} INFO - [2026-09-01T18:41:51.076+0000] {dagbag.py:545} INFO - Filling up the DagBag from /opt/airflow/dags/main.py
[2026-09-01T18:41:51.148+0000] {logging_mixin.py:188} INFO - [2026-09-01T18:41:51.137+0000] {dagbag.py:355} ERROR - Failed to import: /opt/airflow/dags/main.py
Traceback (most recent call last):
  File "/home/airflow/.local/lib/python3.10/site-packages/airflow/models/dagbag.py", line 351, in parse
    loader.exec_module(new_module)
  File "<frozen importlib._bootstrap_external>", line 879, in exec_module
  File "<frozen importlib._bootstrap_external>", line 1017, in get_code
  File "<frozen importlib._bootstrap_external>", line 947, in source_to_code
  File "<frozen importlib._bootstrap>", line 241, in _call_with_frames_removed
  File "/opt/airflow/dags/main.py", line 23
    playlist_id  >> 
                    ^
IndentationError: unindent does not match any outer indentation level
[2026-09-01T18:41:51.188+0000] {processor.py:842} WARNING - No viable dags retrieved from /opt/airflow/dags/main.py
[2026-09-01T18:41:51.393+0000] {processor.py:183} INFO - Processing /opt/airflow/dags/main.py took 0.365 seconds
[2026-09-01T18:41:54.475+0000] {processor.py:161} INFO - Started process (PID=691) to work on /opt/airflow/dags/main.py
[2026-09-01T18:41:54.501+0000] {processor.py:830} INFO - Processing file /opt/airflow/dags/main.py for tasks to queue
[2026-09-01T18:41:54.532+0000] {logging_mixin.py:188} INFO - [2026-09-01T18:41:54.531+0000] {dagbag.py:545} INFO - Filling up the DagBag from /opt/airflow/dags/main.py
[2026-09-01T18:41:55.066+0000] {logging_mixin.py:188} INFO - [2026-09-01T18:41:55.064+0000] {dagbag.py:355} ERROR - Failed to import: /opt/airflow/dags/main.py
Traceback (most recent call last):
  File "/home/airflow/.local/lib/python3.10/site-packages/airflow/models/dagbag.py", line 351, in parse
    loader.exec_module(new_module)
  File "<frozen importlib._bootstrap_external>", line 879, in exec_module
  File "<frozen importlib._bootstrap_external>", line 1017, in get_code
  File "<frozen importlib._bootstrap_external>", line 947, in source_to_code
  File "<frozen importlib._bootstrap>", line 241, in _call_with_frames_removed
  File "/opt/airflow/dags/main.py", line 23
    playlist_id  >> 
                    ^
SyntaxError: invalid syntax
[2026-09-01T18:41:55.107+0000] {processor.py:842} WARNING - No viable dags retrieved from /opt/airflow/dags/main.py
[2026-09-01T18:41:55.368+0000] {processor.py:183} INFO - Processing /opt/airflow/dags/main.py took 0.951 seconds
[2026-09-01T18:41:56.751+0000] {processor.py:161} INFO - Started process (PID=692) to work on /opt/airflow/dags/main.py
[2026-09-01T18:41:56.753+0000] {processor.py:830} INFO - Processing file /opt/airflow/dags/main.py for tasks to queue
[2026-09-01T18:41:56.766+0000] {logging_mixin.py:188} INFO - [2026-09-01T18:41:56.765+0000] {dagbag.py:545} INFO - Filling up the DagBag from /opt/airflow/dags/main.py
[2026-09-01T18:41:56.987+0000] {logging_mixin.py:188} INFO - [2026-09-01T18:41:56.985+0000] {dagbag.py:355} ERROR - Failed to import: /opt/airflow/dags/main.py
Traceback (most recent call last):
  File "/home/airflow/.local/lib/python3.10/site-packages/airflow/models/dagbag.py", line 351, in parse
    loader.exec_module(new_module)
  File "<frozen importlib._bootstrap_external>", line 879, in exec_module
  File "<frozen importlib._bootstrap_external>", line 1017, in get_code
  File "<frozen importlib._bootstrap_external>", line 947, in source_to_code
  File "<frozen importlib._bootstrap>", line 241, in _call_with_frames_removed
  File "/opt/airflow/dags/main.py", line 23
    playlist_id  >> 
                    ^
SyntaxError: invalid syntax
[2026-09-01T18:41:56.989+0000] {processor.py:842} WARNING - No viable dags retrieved from /opt/airflow/dags/main.py
[2026-09-01T18:41:57.052+0000] {processor.py:183} INFO - Processing /opt/airflow/dags/main.py took 0.317 seconds
[2026-09-01T18:42:04.670+0000] {processor.py:161} INFO - Started process (PID=693) to work on /opt/airflow/dags/main.py
[2026-09-01T18:42:04.698+0000] {processor.py:830} INFO - Processing file /opt/airflow/dags/main.py for tasks to queue
[2026-09-01T18:42:04.731+0000] {logging_mixin.py:188} INFO - [2026-09-01T18:42:04.731+0000] {dagbag.py:545} INFO - Filling up the DagBag from /opt/airflow/dags/main.py
[2026-09-01T18:42:06.565+0000] {logging_mixin.py:188} INFO - [2026-09-01T18:42:06.451+0000] {dagbag.py:355} ERROR - Failed to import: /opt/airflow/dags/main.py
Traceback (most recent call last):
  File "/home/airflow/.local/lib/python3.10/site-packages/airflow/models/dagbag.py", line 351, in parse
    loader.exec_module(new_module)
  File "<frozen importlib._bootstrap_external>", line 883, in exec_module
  File "<frozen importlib._bootstrap>", line 241, in _call_with_frames_removed
  File "/opt/airflow/dags/main.py", line 5, in <module>
    from api.video import channel_playlist_id,get_video_id,extract_video_data,save_to_json
  File "/opt/airflow/dags/api/video.py", line 13, in <module>
    CHANNEL_HANDLE=Variable.get('WildlensbyAbrar')
  File "/home/airflow/.local/lib/python3.10/site-packages/airflow/models/variable.py", line 143, in get
    raise KeyError(f"Variable {key} does not exist")
KeyError: 'Variable WildlensbyAbrar does not exist'
[2026-09-01T18:42:06.640+0000] {processor.py:842} WARNING - No viable dags retrieved from /opt/airflow/dags/main.py
[2026-09-01T18:42:06.782+0000] {processor.py:183} INFO - Processing /opt/airflow/dags/main.py took 2.134 seconds
[2026-09-01T18:42:08.137+0000] {processor.py:161} INFO - Started process (PID=694) to work on /opt/airflow/dags/main.py
[2026-09-01T18:42:08.146+0000] {processor.py:830} INFO - Processing file /opt/airflow/dags/main.py for tasks to queue
[2026-09-01T18:42:08.154+0000] {logging_mixin.py:188} INFO - [2026-09-01T18:42:08.154+0000] {dagbag.py:545} INFO - Filling up the DagBag from /opt/airflow/dags/main.py
[2026-09-01T18:42:08.616+0000] {logging_mixin.py:188} INFO - [2026-09-01T18:42:08.608+0000] {dagbag.py:355} ERROR - Failed to import: /opt/airflow/dags/main.py
Traceback (most recent call last):
  File "/home/airflow/.local/lib/python3.10/site-packages/airflow/models/dagbag.py", line 351, in parse
    loader.exec_module(new_module)
  File "<frozen importlib._bootstrap_external>", line 879, in exec_module
  File "<frozen importlib._bootstrap_external>", line 1017, in get_code
  File "<frozen importlib._bootstrap_external>", line 947, in source_to_code
  File "<frozen importlib._bootstrap>", line 241, in _call_with_frames_removed
  File "/opt/airflow/dags/main.py", line 23
    playlist_id  >> video_ids >> 
                                 ^
SyntaxError: invalid syntax
[2026-09-01T18:42:08.683+0000] {processor.py:842} WARNING - No viable dags retrieved from /opt/airflow/dags/main.py
[2026-09-01T18:42:08.797+0000] {processor.py:183} INFO - Processing /opt/airflow/dags/main.py took 0.679 seconds
[2026-09-01T18:42:11.062+0000] {processor.py:161} INFO - Started process (PID=695) to work on /opt/airflow/dags/main.py
[2026-09-01T18:42:11.121+0000] {processor.py:830} INFO - Processing file /opt/airflow/dags/main.py for tasks to queue
[2026-09-01T18:42:11.142+0000] {logging_mixin.py:188} INFO - [2026-09-01T18:42:11.141+0000] {dagbag.py:545} INFO - Filling up the DagBag from /opt/airflow/dags/main.py
[2026-09-01T18:42:14.710+0000] {logging_mixin.py:188} INFO - [2026-09-01T18:42:14.142+0000] {dagbag.py:355} ERROR - Failed to import: /opt/airflow/dags/main.py
Traceback (most recent call last):
  File "/home/airflow/.local/lib/python3.10/site-packages/airflow/models/dagbag.py", line 351, in parse
    loader.exec_module(new_module)
  File "<frozen importlib._bootstrap_external>", line 883, in exec_module
  File "<frozen importlib._bootstrap>", line 241, in _call_with_frames_removed
  File "/opt/airflow/dags/main.py", line 5, in <module>
    from api.video import channel_playlist_id,get_video_id,extract_video_data,save_to_json
  File "/opt/airflow/dags/api/video.py", line 13, in <module>
    CHANNEL_HANDLE=Variable.get('WildlensbyAbrar')
  File "/home/airflow/.local/lib/python3.10/site-packages/airflow/models/variable.py", line 143, in get
    raise KeyError(f"Variable {key} does not exist")
KeyError: 'Variable WildlensbyAbrar does not exist'
[2026-09-01T18:42:14.716+0000] {processor.py:842} WARNING - No viable dags retrieved from /opt/airflow/dags/main.py
[2026-09-01T18:42:15.328+0000] {processor.py:183} INFO - Processing /opt/airflow/dags/main.py took 4.237 seconds
[2026-09-01T18:42:19.669+0000] {processor.py:161} INFO - Started process (PID=703) to work on /opt/airflow/dags/main.py
[2026-09-01T18:42:19.755+0000] {processor.py:830} INFO - Processing file /opt/airflow/dags/main.py for tasks to queue
[2026-09-01T18:42:19.804+0000] {logging_mixin.py:188} INFO - [2026-09-01T18:42:19.804+0000] {dagbag.py:545} INFO - Filling up the DagBag from /opt/airflow/dags/main.py
[2026-09-01T18:42:22.760+0000] {logging_mixin.py:188} INFO - [2026-09-01T18:42:22.659+0000] {dagbag.py:355} ERROR - Failed to import: /opt/airflow/dags/main.py
Traceback (most recent call last):
  File "/home/airflow/.local/lib/python3.10/site-packages/airflow/models/dagbag.py", line 351, in parse
    loader.exec_module(new_module)
  File "<frozen importlib._bootstrap_external>", line 883, in exec_module
  File "<frozen importlib._bootstrap>", line 241, in _call_with_frames_removed
  File "/opt/airflow/dags/main.py", line 5, in <module>
    from api.video import channel_playlist_id,get_video_id,extract_video_data,save_to_json
  File "/opt/airflow/dags/api/video.py", line 13, in <module>
    CHANNEL_HANDLE=Variable.get('WildlensbyAbrar')
  File "/home/airflow/.local/lib/python3.10/site-packages/airflow/models/variable.py", line 143, in get
    raise KeyError(f"Variable {key} does not exist")
KeyError: 'Variable WildlensbyAbrar does not exist'
[2026-09-01T18:42:22.769+0000] {processor.py:842} WARNING - No viable dags retrieved from /opt/airflow/dags/main.py
[2026-09-01T18:42:22.842+0000] {processor.py:183} INFO - Processing /opt/airflow/dags/main.py took 3.736 seconds
[2026-09-01T18:42:36.716+0000] {processor.py:161} INFO - Started process (PID=704) to work on /opt/airflow/dags/main.py
[2026-09-01T18:42:36.728+0000] {processor.py:830} INFO - Processing file /opt/airflow/dags/main.py for tasks to queue
[2026-09-01T18:42:36.741+0000] {logging_mixin.py:188} INFO - [2026-09-01T18:42:36.740+0000] {dagbag.py:545} INFO - Filling up the DagBag from /opt/airflow/dags/main.py
[2026-09-01T18:42:36.778+0000] {logging_mixin.py:188} INFO - [2026-09-01T18:42:36.776+0000] {dagbag.py:355} ERROR - Failed to import: /opt/airflow/dags/main.py
Traceback (most recent call last):
  File "/home/airflow/.local/lib/python3.10/site-packages/airflow/models/dagbag.py", line 351, in parse
    loader.exec_module(new_module)
  File "<frozen importlib._bootstrap_external>", line 879, in exec_module
  File "<frozen importlib._bootstrap_external>", line 1017, in get_code
  File "<frozen importlib._bootstrap_external>", line 947, in source_to_code
  File "<frozen importlib._bootstrap>", line 241, in _call_with_frames_removed
  File "/opt/airflow/dags/main.py", line 14
    ) as dag
            ^
SyntaxError: expected ':'
[2026-09-01T18:42:36.781+0000] {processor.py:842} WARNING - No viable dags retrieved from /opt/airflow/dags/main.py
[2026-09-01T18:42:36.857+0000] {processor.py:183} INFO - Processing /opt/airflow/dags/main.py took 0.170 seconds
[2026-09-01T18:42:40.217+0000] {processor.py:161} INFO - Started process (PID=705) to work on /opt/airflow/dags/main.py
[2026-09-01T18:42:40.221+0000] {processor.py:830} INFO - Processing file /opt/airflow/dags/main.py for tasks to queue
[2026-09-01T18:42:40.232+0000] {logging_mixin.py:188} INFO - [2026-09-01T18:42:40.225+0000] {dagbag.py:545} INFO - Filling up the DagBag from /opt/airflow/dags/main.py
[2026-09-01T18:42:41.277+0000] {logging_mixin.py:188} INFO - [2026-09-01T18:42:40.763+0000] {dagbag.py:355} ERROR - Failed to import: /opt/airflow/dags/main.py
Traceback (most recent call last):
  File "/home/airflow/.local/lib/python3.10/site-packages/airflow/models/dagbag.py", line 351, in parse
    loader.exec_module(new_module)
  File "<frozen importlib._bootstrap_external>", line 883, in exec_module
  File "<frozen importlib._bootstrap>", line 241, in _call_with_frames_removed
  File "/opt/airflow/dags/main.py", line 5, in <module>
    from api.video import channel_playlist_id,get_video_id,extract_video_data,save_to_json
  File "/opt/airflow/dags/api/video.py", line 13, in <module>
    CHANNEL_HANDLE=Variable.get('WildlensbyAbrar')
  File "/home/airflow/.local/lib/python3.10/site-packages/airflow/models/variable.py", line 143, in get
    raise KeyError(f"Variable {key} does not exist")
KeyError: 'Variable WildlensbyAbrar does not exist'
[2026-09-01T18:42:41.295+0000] {processor.py:842} WARNING - No viable dags retrieved from /opt/airflow/dags/main.py
[2026-09-01T18:42:41.378+0000] {processor.py:183} INFO - Processing /opt/airflow/dags/main.py took 1.180 seconds
[2026-09-01T18:43:11.607+0000] {processor.py:161} INFO - Started process (PID=712) to work on /opt/airflow/dags/main.py
[2026-09-01T18:43:11.610+0000] {processor.py:830} INFO - Processing file /opt/airflow/dags/main.py for tasks to queue
[2026-09-01T18:43:11.614+0000] {logging_mixin.py:188} INFO - [2026-09-01T18:43:11.614+0000] {dagbag.py:545} INFO - Filling up the DagBag from /opt/airflow/dags/main.py
[2026-09-01T18:43:11.930+0000] {logging_mixin.py:188} INFO - [2026-09-01T18:43:11.867+0000] {dagbag.py:355} ERROR - Failed to import: /opt/airflow/dags/main.py
Traceback (most recent call last):
  File "/home/airflow/.local/lib/python3.10/site-packages/airflow/models/dagbag.py", line 351, in parse
    loader.exec_module(new_module)
  File "<frozen importlib._bootstrap_external>", line 883, in exec_module
  File "<frozen importlib._bootstrap>", line 241, in _call_with_frames_removed
  File "/opt/airflow/dags/main.py", line 5, in <module>
    from api.video import channel_playlist_id,get_video_id,extract_video_data,save_to_json
  File "/opt/airflow/dags/api/video.py", line 13, in <module>
    CHANNEL_HANDLE=Variable.get('WildlensbyAbrar')
  File "/home/airflow/.local/lib/python3.10/site-packages/airflow/models/variable.py", line 143, in get
    raise KeyError(f"Variable {key} does not exist")
KeyError: 'Variable WildlensbyAbrar does not exist'
[2026-09-01T18:43:11.934+0000] {processor.py:842} WARNING - No viable dags retrieved from /opt/airflow/dags/main.py
[2026-09-01T18:43:11.958+0000] {processor.py:183} INFO - Processing /opt/airflow/dags/main.py took 0.366 seconds
[2026-09-01T18:43:42.384+0000] {processor.py:161} INFO - Started process (PID=719) to work on /opt/airflow/dags/main.py
[2026-09-01T18:43:42.387+0000] {processor.py:830} INFO - Processing file /opt/airflow/dags/main.py for tasks to queue
[2026-09-01T18:43:42.400+0000] {logging_mixin.py:188} INFO - [2026-09-01T18:43:42.400+0000] {dagbag.py:545} INFO - Filling up the DagBag from /opt/airflow/dags/main.py
[2026-09-01T18:43:43.964+0000] {logging_mixin.py:188} INFO - [2026-09-01T18:43:43.899+0000] {dagbag.py:355} ERROR - Failed to import: /opt/airflow/dags/main.py
Traceback (most recent call last):
  File "/home/airflow/.local/lib/python3.10/site-packages/airflow/models/dagbag.py", line 351, in parse
    loader.exec_module(new_module)
  File "<frozen importlib._bootstrap_external>", line 883, in exec_module
  File "<frozen importlib._bootstrap>", line 241, in _call_with_frames_removed
  File "/opt/airflow/dags/main.py", line 5, in <module>
    from api.video import channel_playlist_id,get_video_id,extract_video_data,save_to_json
  File "/opt/airflow/dags/api/video.py", line 13, in <module>
    CHANNEL_HANDLE=Variable.get('WildlensbyAbrar')
  File "/home/airflow/.local/lib/python3.10/site-packages/airflow/models/variable.py", line 143, in get
    raise KeyError(f"Variable {key} does not exist")
KeyError: 'Variable WildlensbyAbrar does not exist'
[2026-09-01T18:43:44.027+0000] {processor.py:842} WARNING - No viable dags retrieved from /opt/airflow/dags/main.py
[2026-09-01T18:43:44.123+0000] {processor.py:183} INFO - Processing /opt/airflow/dags/main.py took 1.759 seconds
[2026-09-01T18:44:18.762+0000] {processor.py:161} INFO - Started process (PID=726) to work on /opt/airflow/dags/main.py
[2026-09-01T18:44:19.049+0000] {processor.py:830} INFO - Processing file /opt/airflow/dags/main.py for tasks to queue
[2026-09-01T18:44:19.262+0000] {logging_mixin.py:188} INFO - [2026-09-01T18:44:19.253+0000] {dagbag.py:545} INFO - Filling up the DagBag from /opt/airflow/dags/main.py
[2026-09-01T18:44:24.980+0000] {logging_mixin.py:188} INFO - [2026-09-01T18:44:24.771+0000] {dagbag.py:355} ERROR - Failed to import: /opt/airflow/dags/main.py
Traceback (most recent call last):
  File "/home/airflow/.local/lib/python3.10/site-packages/airflow/models/dagbag.py", line 351, in parse
    loader.exec_module(new_module)
  File "<frozen importlib._bootstrap_external>", line 883, in exec_module
  File "<frozen importlib._bootstrap>", line 241, in _call_with_frames_removed
  File "/opt/airflow/dags/main.py", line 5, in <module>
    from api.video import channel_playlist_id,get_video_id,extract_video_data,save_to_json
  File "/opt/airflow/dags/api/video.py", line 13, in <module>
    CHANNEL_HANDLE=Variable.get('WildlensbyAbrar')
  File "/home/airflow/.local/lib/python3.10/site-packages/airflow/models/variable.py", line 143, in get
    raise KeyError(f"Variable {key} does not exist")
KeyError: 'Variable WildlensbyAbrar does not exist'
[2026-09-01T18:44:25.004+0000] {processor.py:842} WARNING - No viable dags retrieved from /opt/airflow/dags/main.py
[2026-09-01T18:44:25.353+0000] {processor.py:183} INFO - Processing /opt/airflow/dags/main.py took 7.994 seconds
[2026-09-01T18:44:56.373+0000] {processor.py:161} INFO - Started process (PID=737) to work on /opt/airflow/dags/main.py
[2026-09-01T18:44:56.385+0000] {processor.py:830} INFO - Processing file /opt/airflow/dags/main.py for tasks to queue
[2026-09-01T18:44:56.446+0000] {logging_mixin.py:188} INFO - [2026-09-01T18:44:56.433+0000] {dagbag.py:545} INFO - Filling up the DagBag from /opt/airflow/dags/main.py
[2026-09-01T18:44:57.009+0000] {logging_mixin.py:188} INFO - [2026-09-01T18:44:56.990+0000] {dagbag.py:355} ERROR - Failed to import: /opt/airflow/dags/main.py
Traceback (most recent call last):
  File "/home/airflow/.local/lib/python3.10/site-packages/airflow/models/dagbag.py", line 351, in parse
    loader.exec_module(new_module)
  File "<frozen importlib._bootstrap_external>", line 883, in exec_module
  File "<frozen importlib._bootstrap>", line 241, in _call_with_frames_removed
  File "/opt/airflow/dags/main.py", line 5, in <module>
    from api.video import channel_playlist_id,get_video_id,extract_video_data,save_to_json
  File "/opt/airflow/dags/api/video.py", line 13, in <module>
    CHANNEL_HANDLE=Variable.get('WildlensbyAbrar')
  File "/home/airflow/.local/lib/python3.10/site-packages/airflow/models/variable.py", line 143, in get
    raise KeyError(f"Variable {key} does not exist")
KeyError: 'Variable WildlensbyAbrar does not exist'
[2026-09-01T18:44:57.019+0000] {processor.py:842} WARNING - No viable dags retrieved from /opt/airflow/dags/main.py
[2026-09-01T18:44:57.059+0000] {processor.py:183} INFO - Processing /opt/airflow/dags/main.py took 0.753 seconds
[2026-09-01T18:45:27.366+0000] {processor.py:161} INFO - Started process (PID=744) to work on /opt/airflow/dags/main.py
[2026-09-01T18:45:27.370+0000] {processor.py:830} INFO - Processing file /opt/airflow/dags/main.py for tasks to queue
[2026-09-01T18:45:27.383+0000] {logging_mixin.py:188} INFO - [2026-09-01T18:45:27.382+0000] {dagbag.py:545} INFO - Filling up the DagBag from /opt/airflow/dags/main.py
[2026-09-01T18:45:28.052+0000] {logging_mixin.py:188} INFO - channel id is not executed
[2026-09-01T18:45:28.552+0000] {logging_mixin.py:188} INFO - [2026-09-01T18:45:28.540+0000] {dagbag.py:355} ERROR - Failed to import: /opt/airflow/dags/main.py
Traceback (most recent call last):
  File "/home/airflow/.local/lib/python3.10/site-packages/airflow/models/dagbag.py", line 351, in parse
    loader.exec_module(new_module)
  File "<frozen importlib._bootstrap_external>", line 883, in exec_module
  File "<frozen importlib._bootstrap>", line 241, in _call_with_frames_removed
  File "/opt/airflow/dags/main.py", line 23, in <module>
    playlist_id  >> video_ids >> video_data >> save_to_json_task
  File "/home/airflow/.local/lib/python3.10/site-packages/airflow/models/taskmixin.py", line 109, in __rrshift__
    self.__lshift__(other)
  File "/home/airflow/.local/lib/python3.10/site-packages/airflow/models/taskmixin.py", line 99, in __lshift__
    self.set_upstream(other)
  File "/home/airflow/.local/lib/python3.10/site-packages/airflow/models/xcom_arg.py", line 148, in set_upstream
    operator.set_upstream(task_or_task_list, edge_modifier)
  File "/home/airflow/.local/lib/python3.10/site-packages/airflow/models/taskmixin.py", line 270, in set_upstream
    self._set_relatives(task_or_task_list, upstream=True, edge_modifier=edge_modifier)
  File "/home/airflow/.local/lib/python3.10/site-packages/airflow/models/taskmixin.py", line 214, in _set_relatives
    task_object.update_relative(self, not upstream, edge_modifier=edge_modifier)
AttributeError: '_TaskDecorator' object has no attribute 'update_relative'
[2026-09-01T18:45:28.556+0000] {processor.py:842} WARNING - No viable dags retrieved from /opt/airflow/dags/main.py
[2026-09-01T18:45:28.838+0000] {processor.py:183} INFO - Processing /opt/airflow/dags/main.py took 1.483 seconds
[2026-09-01T18:45:59.414+0000] {processor.py:161} INFO - Started process (PID=750) to work on /opt/airflow/dags/main.py
[2026-09-01T18:45:59.417+0000] {processor.py:830} INFO - Processing file /opt/airflow/dags/main.py for tasks to queue
[2026-09-01T18:45:59.436+0000] {logging_mixin.py:188} INFO - [2026-09-01T18:45:59.435+0000] {dagbag.py:545} INFO - Filling up the DagBag from /opt/airflow/dags/main.py
[2026-09-01T18:45:59.886+0000] {logging_mixin.py:188} INFO - channel id is not executed
[2026-09-01T18:46:00.183+0000] {logging_mixin.py:188} INFO - [2026-09-01T18:45:59.921+0000] {dagbag.py:355} ERROR - Failed to import: /opt/airflow/dags/main.py
Traceback (most recent call last):
  File "/home/airflow/.local/lib/python3.10/site-packages/airflow/models/dagbag.py", line 351, in parse
    loader.exec_module(new_module)
  File "<frozen importlib._bootstrap_external>", line 883, in exec_module
  File "<frozen importlib._bootstrap>", line 241, in _call_with_frames_removed
  File "/opt/airflow/dags/main.py", line 23, in <module>
    playlist_id  >> video_ids >> video_data >> save_to_json_task
  File "/home/airflow/.local/lib/python3.10/site-packages/airflow/models/taskmixin.py", line 109, in __rrshift__
    self.__lshift__(other)
  File "/home/airflow/.local/lib/python3.10/site-packages/airflow/models/taskmixin.py", line 99, in __lshift__
    self.set_upstream(other)
  File "/home/airflow/.local/lib/python3.10/site-packages/airflow/models/xcom_arg.py", line 148, in set_upstream
    operator.set_upstream(task_or_task_list, edge_modifier)
  File "/home/airflow/.local/lib/python3.10/site-packages/airflow/models/taskmixin.py", line 270, in set_upstream
    self._set_relatives(task_or_task_list, upstream=True, edge_modifier=edge_modifier)
  File "/home/airflow/.local/lib/python3.10/site-packages/airflow/models/taskmixin.py", line 214, in _set_relatives
    task_object.update_relative(self, not upstream, edge_modifier=edge_modifier)
AttributeError: '_TaskDecorator' object has no attribute 'update_relative'
[2026-09-01T18:46:00.186+0000] {processor.py:842} WARNING - No viable dags retrieved from /opt/airflow/dags/main.py
[2026-09-01T18:46:00.246+0000] {processor.py:183} INFO - Processing /opt/airflow/dags/main.py took 0.864 seconds
[2026-09-01T18:46:30.606+0000] {processor.py:161} INFO - Started process (PID=757) to work on /opt/airflow/dags/main.py
[2026-09-01T18:46:30.642+0000] {processor.py:830} INFO - Processing file /opt/airflow/dags/main.py for tasks to queue
[2026-09-01T18:46:30.670+0000] {logging_mixin.py:188} INFO - [2026-09-01T18:46:30.669+0000] {dagbag.py:545} INFO - Filling up the DagBag from /opt/airflow/dags/main.py
[2026-09-01T18:46:30.839+0000] {logging_mixin.py:188} INFO - channel id is not executed
[2026-09-01T18:46:30.857+0000] {logging_mixin.py:188} INFO - [2026-09-01T18:46:30.851+0000] {dagbag.py:355} ERROR - Failed to import: /opt/airflow/dags/main.py
Traceback (most recent call last):
  File "/home/airflow/.local/lib/python3.10/site-packages/airflow/models/dagbag.py", line 351, in parse
    loader.exec_module(new_module)
  File "<frozen importlib._bootstrap_external>", line 883, in exec_module
  File "<frozen importlib._bootstrap>", line 241, in _call_with_frames_removed
  File "/opt/airflow/dags/main.py", line 23, in <module>
    playlist_id  >> video_ids >> video_data >> save_to_json_task
  File "/home/airflow/.local/lib/python3.10/site-packages/airflow/models/taskmixin.py", line 109, in __rrshift__
    self.__lshift__(other)
  File "/home/airflow/.local/lib/python3.10/site-packages/airflow/models/taskmixin.py", line 99, in __lshift__
    self.set_upstream(other)
  File "/home/airflow/.local/lib/python3.10/site-packages/airflow/models/xcom_arg.py", line 148, in set_upstream
    operator.set_upstream(task_or_task_list, edge_modifier)
  File "/home/airflow/.local/lib/python3.10/site-packages/airflow/models/taskmixin.py", line 270, in set_upstream
    self._set_relatives(task_or_task_list, upstream=True, edge_modifier=edge_modifier)
  File "/home/airflow/.local/lib/python3.10/site-packages/airflow/models/taskmixin.py", line 214, in _set_relatives
    task_object.update_relative(self, not upstream, edge_modifier=edge_modifier)
AttributeError: '_TaskDecorator' object has no attribute 'update_relative'
[2026-09-01T18:46:30.859+0000] {processor.py:842} WARNING - No viable dags retrieved from /opt/airflow/dags/main.py
[2026-09-01T18:46:30.979+0000] {processor.py:183} INFO - Processing /opt/airflow/dags/main.py took 0.396 seconds
[2026-09-01T18:47:01.640+0000] {processor.py:161} INFO - Started process (PID=764) to work on /opt/airflow/dags/main.py
[2026-09-01T18:47:01.643+0000] {processor.py:830} INFO - Processing file /opt/airflow/dags/main.py for tasks to queue
[2026-09-01T18:47:01.655+0000] {logging_mixin.py:188} INFO - [2026-09-01T18:47:01.654+0000] {dagbag.py:545} INFO - Filling up the DagBag from /opt/airflow/dags/main.py
[2026-09-01T18:47:02.594+0000] {logging_mixin.py:188} INFO - channel id is not executed
[2026-09-01T18:47:02.687+0000] {logging_mixin.py:188} INFO - [2026-09-01T18:47:02.658+0000] {dagbag.py:355} ERROR - Failed to import: /opt/airflow/dags/main.py
Traceback (most recent call last):
  File "/home/airflow/.local/lib/python3.10/site-packages/airflow/models/dagbag.py", line 351, in parse
    loader.exec_module(new_module)
  File "<frozen importlib._bootstrap_external>", line 883, in exec_module
  File "<frozen importlib._bootstrap>", line 241, in _call_with_frames_removed
  File "/opt/airflow/dags/main.py", line 23, in <module>
    playlist_id  >> video_ids >> video_data >> save_to_json_task
  File "/home/airflow/.local/lib/python3.10/site-packages/airflow/models/taskmixin.py", line 109, in __rrshift__
    self.__lshift__(other)
  File "/home/airflow/.local/lib/python3.10/site-packages/airflow/models/taskmixin.py", line 99, in __lshift__
    self.set_upstream(other)
  File "/home/airflow/.local/lib/python3.10/site-packages/airflow/models/xcom_arg.py", line 148, in set_upstream
    operator.set_upstream(task_or_task_list, edge_modifier)
  File "/home/airflow/.local/lib/python3.10/site-packages/airflow/models/taskmixin.py", line 270, in set_upstream
    self._set_relatives(task_or_task_list, upstream=True, edge_modifier=edge_modifier)
  File "/home/airflow/.local/lib/python3.10/site-packages/airflow/models/taskmixin.py", line 214, in _set_relatives
    task_object.update_relative(self, not upstream, edge_modifier=edge_modifier)
AttributeError: '_TaskDecorator' object has no attribute 'update_relative'
[2026-09-01T18:47:02.689+0000] {processor.py:842} WARNING - No viable dags retrieved from /opt/airflow/dags/main.py
[2026-09-01T18:47:02.784+0000] {processor.py:183} INFO - Processing /opt/airflow/dags/main.py took 1.164 seconds
[2026-09-01T18:47:34.479+0000] {processor.py:161} INFO - Started process (PID=771) to work on /opt/airflow/dags/main.py
[2026-09-01T18:47:34.526+0000] {processor.py:830} INFO - Processing file /opt/airflow/dags/main.py for tasks to queue
[2026-09-01T18:47:34.624+0000] {logging_mixin.py:188} INFO - [2026-09-01T18:47:34.570+0000] {dagbag.py:545} INFO - Filling up the DagBag from /opt/airflow/dags/main.py
[2026-09-01T18:47:42.009+0000] {logging_mixin.py:188} INFO - channel id is not executed
[2026-09-01T18:47:42.495+0000] {logging_mixin.py:188} INFO - [2026-09-01T18:47:42.435+0000] {dagbag.py:355} ERROR - Failed to import: /opt/airflow/dags/main.py
Traceback (most recent call last):
  File "/home/airflow/.local/lib/python3.10/site-packages/airflow/models/dagbag.py", line 351, in parse
    loader.exec_module(new_module)
  File "<frozen importlib._bootstrap_external>", line 883, in exec_module
  File "<frozen importlib._bootstrap>", line 241, in _call_with_frames_removed
  File "/opt/airflow/dags/main.py", line 23, in <module>
    playlist_id  >> video_ids >> video_data >> save_to_json_task
  File "/home/airflow/.local/lib/python3.10/site-packages/airflow/models/taskmixin.py", line 109, in __rrshift__
    self.__lshift__(other)
  File "/home/airflow/.local/lib/python3.10/site-packages/airflow/models/taskmixin.py", line 99, in __lshift__
    self.set_upstream(other)
  File "/home/airflow/.local/lib/python3.10/site-packages/airflow/models/xcom_arg.py", line 148, in set_upstream
    operator.set_upstream(task_or_task_list, edge_modifier)
  File "/home/airflow/.local/lib/python3.10/site-packages/airflow/models/taskmixin.py", line 270, in set_upstream
    self._set_relatives(task_or_task_list, upstream=True, edge_modifier=edge_modifier)
  File "/home/airflow/.local/lib/python3.10/site-packages/airflow/models/taskmixin.py", line 214, in _set_relatives
    task_object.update_relative(self, not upstream, edge_modifier=edge_modifier)
AttributeError: '_TaskDecorator' object has no attribute 'update_relative'
[2026-09-01T18:47:42.513+0000] {processor.py:842} WARNING - No viable dags retrieved from /opt/airflow/dags/main.py
[2026-09-01T18:47:42.979+0000] {processor.py:183} INFO - Processing /opt/airflow/dags/main.py took 8.558 seconds
[2026-09-01T18:48:16.435+0000] {processor.py:161} INFO - Started process (PID=778) to work on /opt/airflow/dags/main.py
[2026-09-01T18:48:16.490+0000] {processor.py:830} INFO - Processing file /opt/airflow/dags/main.py for tasks to queue
[2026-09-01T18:48:16.627+0000] {logging_mixin.py:188} INFO - [2026-09-01T18:48:16.625+0000] {dagbag.py:545} INFO - Filling up the DagBag from /opt/airflow/dags/main.py
[2026-09-01T18:48:17.764+0000] {logging_mixin.py:188} INFO - channel id is not executed
[2026-09-01T18:48:18.020+0000] {logging_mixin.py:188} INFO - [2026-09-01T18:48:17.803+0000] {dagbag.py:355} ERROR - Failed to import: /opt/airflow/dags/main.py
Traceback (most recent call last):
  File "/home/airflow/.local/lib/python3.10/site-packages/airflow/models/dagbag.py", line 351, in parse
    loader.exec_module(new_module)
  File "<frozen importlib._bootstrap_external>", line 883, in exec_module
  File "<frozen importlib._bootstrap>", line 241, in _call_with_frames_removed
  File "/opt/airflow/dags/main.py", line 23, in <module>
    playlist_id  >> video_ids >> video_data >> save_to_json_task
  File "/home/airflow/.local/lib/python3.10/site-packages/airflow/models/taskmixin.py", line 109, in __rrshift__
    self.__lshift__(other)
  File "/home/airflow/.local/lib/python3.10/site-packages/airflow/models/taskmixin.py", line 99, in __lshift__
    self.set_upstream(other)
  File "/home/airflow/.local/lib/python3.10/site-packages/airflow/models/xcom_arg.py", line 148, in set_upstream
    operator.set_upstream(task_or_task_list, edge_modifier)
  File "/home/airflow/.local/lib/python3.10/site-packages/airflow/models/taskmixin.py", line 270, in set_upstream
    self._set_relatives(task_or_task_list, upstream=True, edge_modifier=edge_modifier)
  File "/home/airflow/.local/lib/python3.10/site-packages/airflow/models/taskmixin.py", line 214, in _set_relatives
    task_object.update_relative(self, not upstream, edge_modifier=edge_modifier)
AttributeError: '_TaskDecorator' object has no attribute 'update_relative'
[2026-09-01T18:48:18.045+0000] {processor.py:842} WARNING - No viable dags retrieved from /opt/airflow/dags/main.py
[2026-09-01T18:48:18.198+0000] {processor.py:183} INFO - Processing /opt/airflow/dags/main.py took 1.819 seconds
[2026-09-01T18:48:54.978+0000] {processor.py:161} INFO - Started process (PID=785) to work on /opt/airflow/dags/main.py
[2026-09-01T18:48:55.007+0000] {processor.py:830} INFO - Processing file /opt/airflow/dags/main.py for tasks to queue
[2026-09-01T18:48:55.086+0000] {logging_mixin.py:188} INFO - [2026-09-01T18:48:55.083+0000] {dagbag.py:545} INFO - Filling up the DagBag from /opt/airflow/dags/main.py
[2026-09-01T18:49:01.432+0000] {logging_mixin.py:188} INFO - channel id is not executed
[2026-09-01T18:49:01.659+0000] {logging_mixin.py:188} INFO - [2026-09-01T18:49:01.514+0000] {dagbag.py:355} ERROR - Failed to import: /opt/airflow/dags/main.py
Traceback (most recent call last):
  File "/home/airflow/.local/lib/python3.10/site-packages/airflow/models/dagbag.py", line 351, in parse
    loader.exec_module(new_module)
  File "<frozen importlib._bootstrap_external>", line 883, in exec_module
  File "<frozen importlib._bootstrap>", line 241, in _call_with_frames_removed
  File "/opt/airflow/dags/main.py", line 23, in <module>
    playlist_id  >> video_ids >> video_data >> save_to_json_task
  File "/home/airflow/.local/lib/python3.10/site-packages/airflow/models/taskmixin.py", line 109, in __rrshift__
    self.__lshift__(other)
  File "/home/airflow/.local/lib/python3.10/site-packages/airflow/models/taskmixin.py", line 99, in __lshift__
    self.set_upstream(other)
  File "/home/airflow/.local/lib/python3.10/site-packages/airflow/models/xcom_arg.py", line 148, in set_upstream
    operator.set_upstream(task_or_task_list, edge_modifier)
  File "/home/airflow/.local/lib/python3.10/site-packages/airflow/models/taskmixin.py", line 270, in set_upstream
    self._set_relatives(task_or_task_list, upstream=True, edge_modifier=edge_modifier)
  File "/home/airflow/.local/lib/python3.10/site-packages/airflow/models/taskmixin.py", line 214, in _set_relatives
    task_object.update_relative(self, not upstream, edge_modifier=edge_modifier)
AttributeError: '_TaskDecorator' object has no attribute 'update_relative'
[2026-09-01T18:49:01.697+0000] {processor.py:842} WARNING - No viable dags retrieved from /opt/airflow/dags/main.py
[2026-09-01T18:49:03.256+0000] {processor.py:183} INFO - Processing /opt/airflow/dags/main.py took 8.346 seconds
[2026-09-01T18:49:33.967+0000] {processor.py:161} INFO - Started process (PID=792) to work on /opt/airflow/dags/main.py
[2026-09-01T18:49:33.995+0000] {processor.py:830} INFO - Processing file /opt/airflow/dags/main.py for tasks to queue
[2026-09-01T18:49:34.024+0000] {logging_mixin.py:188} INFO - [2026-09-01T18:49:34.013+0000] {dagbag.py:545} INFO - Filling up the DagBag from /opt/airflow/dags/main.py
[2026-09-01T18:49:34.378+0000] {logging_mixin.py:188} INFO - channel id is not executed
[2026-09-01T18:49:34.421+0000] {logging_mixin.py:188} INFO - [2026-09-01T18:49:34.408+0000] {dagbag.py:355} ERROR - Failed to import: /opt/airflow/dags/main.py
Traceback (most recent call last):
  File "/home/airflow/.local/lib/python3.10/site-packages/airflow/models/dagbag.py", line 351, in parse
    loader.exec_module(new_module)
  File "<frozen importlib._bootstrap_external>", line 883, in exec_module
  File "<frozen importlib._bootstrap>", line 241, in _call_with_frames_removed
  File "/opt/airflow/dags/main.py", line 23, in <module>
    playlist_id  >> video_ids >> video_data >> save_to_json_task
  File "/home/airflow/.local/lib/python3.10/site-packages/airflow/models/taskmixin.py", line 109, in __rrshift__
    self.__lshift__(other)
  File "/home/airflow/.local/lib/python3.10/site-packages/airflow/models/taskmixin.py", line 99, in __lshift__
    self.set_upstream(other)
  File "/home/airflow/.local/lib/python3.10/site-packages/airflow/models/xcom_arg.py", line 148, in set_upstream
    operator.set_upstream(task_or_task_list, edge_modifier)
  File "/home/airflow/.local/lib/python3.10/site-packages/airflow/models/taskmixin.py", line 270, in set_upstream
    self._set_relatives(task_or_task_list, upstream=True, edge_modifier=edge_modifier)
  File "/home/airflow/.local/lib/python3.10/site-packages/airflow/models/taskmixin.py", line 214, in _set_relatives
    task_object.update_relative(self, not upstream, edge_modifier=edge_modifier)
AttributeError: '_TaskDecorator' object has no attribute 'update_relative'
[2026-09-01T18:49:34.423+0000] {processor.py:842} WARNING - No viable dags retrieved from /opt/airflow/dags/main.py
[2026-09-01T18:49:34.492+0000] {processor.py:183} INFO - Processing /opt/airflow/dags/main.py took 0.595 seconds
[2026-09-01T18:50:05.186+0000] {processor.py:161} INFO - Started process (PID=805) to work on /opt/airflow/dags/main.py
[2026-09-01T18:50:05.202+0000] {processor.py:830} INFO - Processing file /opt/airflow/dags/main.py for tasks to queue
[2026-09-01T18:50:05.211+0000] {logging_mixin.py:188} INFO - [2026-09-01T18:50:05.210+0000] {dagbag.py:545} INFO - Filling up the DagBag from /opt/airflow/dags/main.py
[2026-09-01T18:50:05.370+0000] {logging_mixin.py:188} INFO - channel id is not executed
[2026-09-01T18:50:05.407+0000] {logging_mixin.py:188} INFO - [2026-09-01T18:50:05.398+0000] {dagbag.py:355} ERROR - Failed to import: /opt/airflow/dags/main.py
Traceback (most recent call last):
  File "/home/airflow/.local/lib/python3.10/site-packages/airflow/models/dagbag.py", line 351, in parse
    loader.exec_module(new_module)
  File "<frozen importlib._bootstrap_external>", line 883, in exec_module
  File "<frozen importlib._bootstrap>", line 241, in _call_with_frames_removed
  File "/opt/airflow/dags/main.py", line 23, in <module>
    playlist_id  >> video_ids >> video_data >> save_to_json_task
  File "/home/airflow/.local/lib/python3.10/site-packages/airflow/models/taskmixin.py", line 109, in __rrshift__
    self.__lshift__(other)
  File "/home/airflow/.local/lib/python3.10/site-packages/airflow/models/taskmixin.py", line 99, in __lshift__
    self.set_upstream(other)
  File "/home/airflow/.local/lib/python3.10/site-packages/airflow/models/xcom_arg.py", line 148, in set_upstream
    operator.set_upstream(task_or_task_list, edge_modifier)
  File "/home/airflow/.local/lib/python3.10/site-packages/airflow/models/taskmixin.py", line 270, in set_upstream
    self._set_relatives(task_or_task_list, upstream=True, edge_modifier=edge_modifier)
  File "/home/airflow/.local/lib/python3.10/site-packages/airflow/models/taskmixin.py", line 214, in _set_relatives
    task_object.update_relative(self, not upstream, edge_modifier=edge_modifier)
AttributeError: '_TaskDecorator' object has no attribute 'update_relative'
[2026-09-01T18:50:05.409+0000] {processor.py:842} WARNING - No viable dags retrieved from /opt/airflow/dags/main.py
[2026-09-01T18:50:05.485+0000] {processor.py:183} INFO - Processing /opt/airflow/dags/main.py took 0.309 seconds
[2026-09-01T18:50:35.845+0000] {processor.py:161} INFO - Started process (PID=812) to work on /opt/airflow/dags/main.py
[2026-09-01T18:50:35.852+0000] {processor.py:830} INFO - Processing file /opt/airflow/dags/main.py for tasks to queue
[2026-09-01T18:50:35.861+0000] {logging_mixin.py:188} INFO - [2026-09-01T18:50:35.861+0000] {dagbag.py:545} INFO - Filling up the DagBag from /opt/airflow/dags/main.py
[2026-09-01T18:50:35.993+0000] {logging_mixin.py:188} INFO - channel id is not executed
[2026-09-01T18:50:36.012+0000] {logging_mixin.py:188} INFO - [2026-09-01T18:50:36.005+0000] {dagbag.py:355} ERROR - Failed to import: /opt/airflow/dags/main.py
Traceback (most recent call last):
  File "/home/airflow/.local/lib/python3.10/site-packages/airflow/models/dagbag.py", line 351, in parse
    loader.exec_module(new_module)
  File "<frozen importlib._bootstrap_external>", line 883, in exec_module
  File "<frozen importlib._bootstrap>", line 241, in _call_with_frames_removed
  File "/opt/airflow/dags/main.py", line 23, in <module>
    playlist_id  >> video_ids >> video_data >> save_to_json_task
  File "/home/airflow/.local/lib/python3.10/site-packages/airflow/models/taskmixin.py", line 109, in __rrshift__
    self.__lshift__(other)
  File "/home/airflow/.local/lib/python3.10/site-packages/airflow/models/taskmixin.py", line 99, in __lshift__
    self.set_upstream(other)
  File "/home/airflow/.local/lib/python3.10/site-packages/airflow/models/xcom_arg.py", line 148, in set_upstream
    operator.set_upstream(task_or_task_list, edge_modifier)
  File "/home/airflow/.local/lib/python3.10/site-packages/airflow/models/taskmixin.py", line 270, in set_upstream
    self._set_relatives(task_or_task_list, upstream=True, edge_modifier=edge_modifier)
  File "/home/airflow/.local/lib/python3.10/site-packages/airflow/models/taskmixin.py", line 214, in _set_relatives
    task_object.update_relative(self, not upstream, edge_modifier=edge_modifier)
AttributeError: '_TaskDecorator' object has no attribute 'update_relative'
[2026-09-01T18:50:36.013+0000] {processor.py:842} WARNING - No viable dags retrieved from /opt/airflow/dags/main.py
[2026-09-01T18:50:36.096+0000] {processor.py:183} INFO - Processing /opt/airflow/dags/main.py took 0.282 seconds
[2026-09-01T18:51:06.856+0000] {processor.py:161} INFO - Started process (PID=819) to work on /opt/airflow/dags/main.py
[2026-09-01T18:51:06.879+0000] {processor.py:830} INFO - Processing file /opt/airflow/dags/main.py for tasks to queue
[2026-09-01T18:51:06.913+0000] {logging_mixin.py:188} INFO - [2026-09-01T18:51:06.912+0000] {dagbag.py:545} INFO - Filling up the DagBag from /opt/airflow/dags/main.py
[2026-09-01T18:51:07.303+0000] {logging_mixin.py:188} INFO - channel id is not executed
[2026-09-01T18:51:07.447+0000] {logging_mixin.py:188} INFO - [2026-09-01T18:51:07.372+0000] {dagbag.py:355} ERROR - Failed to import: /opt/airflow/dags/main.py
Traceback (most recent call last):
  File "/home/airflow/.local/lib/python3.10/site-packages/airflow/models/dagbag.py", line 351, in parse
    loader.exec_module(new_module)
  File "<frozen importlib._bootstrap_external>", line 883, in exec_module
  File "<frozen importlib._bootstrap>", line 241, in _call_with_frames_removed
  File "/opt/airflow/dags/main.py", line 23, in <module>
    playlist_id  >> video_ids >> video_data >> save_to_json_task
  File "/home/airflow/.local/lib/python3.10/site-packages/airflow/models/taskmixin.py", line 109, in __rrshift__
    self.__lshift__(other)
  File "/home/airflow/.local/lib/python3.10/site-packages/airflow/models/taskmixin.py", line 99, in __lshift__
    self.set_upstream(other)
  File "/home/airflow/.local/lib/python3.10/site-packages/airflow/models/xcom_arg.py", line 148, in set_upstream
    operator.set_upstream(task_or_task_list, edge_modifier)
  File "/home/airflow/.local/lib/python3.10/site-packages/airflow/models/taskmixin.py", line 270, in set_upstream
    self._set_relatives(task_or_task_list, upstream=True, edge_modifier=edge_modifier)
  File "/home/airflow/.local/lib/python3.10/site-packages/airflow/models/taskmixin.py", line 214, in _set_relatives
    task_object.update_relative(self, not upstream, edge_modifier=edge_modifier)
AttributeError: '_TaskDecorator' object has no attribute 'update_relative'
[2026-09-01T18:51:07.465+0000] {processor.py:842} WARNING - No viable dags retrieved from /opt/airflow/dags/main.py
[2026-09-01T18:51:08.598+0000] {processor.py:183} INFO - Processing /opt/airflow/dags/main.py took 1.758 seconds
[2026-09-01T18:51:41.309+0000] {processor.py:161} INFO - Started process (PID=825) to work on /opt/airflow/dags/main.py
[2026-09-01T18:51:41.320+0000] {processor.py:830} INFO - Processing file /opt/airflow/dags/main.py for tasks to queue
[2026-09-01T18:51:41.337+0000] {logging_mixin.py:188} INFO - [2026-09-01T18:51:41.336+0000] {dagbag.py:545} INFO - Filling up the DagBag from /opt/airflow/dags/main.py
[2026-09-01T18:51:47.111+0000] {logging_mixin.py:188} INFO - channel id is not executed
[2026-09-01T18:51:47.298+0000] {logging_mixin.py:188} INFO - [2026-09-01T18:51:47.179+0000] {dagbag.py:355} ERROR - Failed to import: /opt/airflow/dags/main.py
Traceback (most recent call last):
  File "/home/airflow/.local/lib/python3.10/site-packages/airflow/models/dagbag.py", line 351, in parse
    loader.exec_module(new_module)
  File "<frozen importlib._bootstrap_external>", line 883, in exec_module
  File "<frozen importlib._bootstrap>", line 241, in _call_with_frames_removed
  File "/opt/airflow/dags/main.py", line 23, in <module>
    playlist_id  >> video_ids >> video_data >> save_to_json_task
  File "/home/airflow/.local/lib/python3.10/site-packages/airflow/models/taskmixin.py", line 109, in __rrshift__
    self.__lshift__(other)
  File "/home/airflow/.local/lib/python3.10/site-packages/airflow/models/taskmixin.py", line 99, in __lshift__
    self.set_upstream(other)
  File "/home/airflow/.local/lib/python3.10/site-packages/airflow/models/xcom_arg.py", line 148, in set_upstream
    operator.set_upstream(task_or_task_list, edge_modifier)
  File "/home/airflow/.local/lib/python3.10/site-packages/airflow/models/taskmixin.py", line 270, in set_upstream
    self._set_relatives(task_or_task_list, upstream=True, edge_modifier=edge_modifier)
  File "/home/airflow/.local/lib/python3.10/site-packages/airflow/models/taskmixin.py", line 214, in _set_relatives
    task_object.update_relative(self, not upstream, edge_modifier=edge_modifier)
AttributeError: '_TaskDecorator' object has no attribute 'update_relative'
[2026-09-01T18:51:47.327+0000] {processor.py:842} WARNING - No viable dags retrieved from /opt/airflow/dags/main.py
[2026-09-01T18:51:47.465+0000] {processor.py:183} INFO - Processing /opt/airflow/dags/main.py took 6.189 seconds
[2026-09-01T18:52:18.639+0000] {processor.py:161} INFO - Started process (PID=833) to work on /opt/airflow/dags/main.py
[2026-09-01T18:52:18.671+0000] {processor.py:830} INFO - Processing file /opt/airflow/dags/main.py for tasks to queue
[2026-09-01T18:52:18.679+0000] {logging_mixin.py:188} INFO - [2026-09-01T18:52:18.679+0000] {dagbag.py:545} INFO - Filling up the DagBag from /opt/airflow/dags/main.py
[2026-09-01T18:52:19.378+0000] {logging_mixin.py:188} INFO - channel id is not executed
[2026-09-01T18:52:19.534+0000] {logging_mixin.py:188} INFO - [2026-09-01T18:52:19.429+0000] {dagbag.py:355} ERROR - Failed to import: /opt/airflow/dags/main.py
Traceback (most recent call last):
  File "/home/airflow/.local/lib/python3.10/site-packages/airflow/models/dagbag.py", line 351, in parse
    loader.exec_module(new_module)
  File "<frozen importlib._bootstrap_external>", line 883, in exec_module
  File "<frozen importlib._bootstrap>", line 241, in _call_with_frames_removed
  File "/opt/airflow/dags/main.py", line 23, in <module>
    playlist_id  >> video_ids >> video_data >> save_to_json_task
  File "/home/airflow/.local/lib/python3.10/site-packages/airflow/models/taskmixin.py", line 109, in __rrshift__
    self.__lshift__(other)
  File "/home/airflow/.local/lib/python3.10/site-packages/airflow/models/taskmixin.py", line 99, in __lshift__
    self.set_upstream(other)
  File "/home/airflow/.local/lib/python3.10/site-packages/airflow/models/xcom_arg.py", line 148, in set_upstream
    operator.set_upstream(task_or_task_list, edge_modifier)
  File "/home/airflow/.local/lib/python3.10/site-packages/airflow/models/taskmixin.py", line 270, in set_upstream
    self._set_relatives(task_or_task_list, upstream=True, edge_modifier=edge_modifier)
  File "/home/airflow/.local/lib/python3.10/site-packages/airflow/models/taskmixin.py", line 214, in _set_relatives
    task_object.update_relative(self, not upstream, edge_modifier=edge_modifier)
AttributeError: '_TaskDecorator' object has no attribute 'update_relative'
[2026-09-01T18:52:19.536+0000] {processor.py:842} WARNING - No viable dags retrieved from /opt/airflow/dags/main.py
[2026-09-01T18:52:19.630+0000] {processor.py:183} INFO - Processing /opt/airflow/dags/main.py took 1.054 seconds
[2026-09-01T18:52:50.684+0000] {processor.py:161} INFO - Started process (PID=840) to work on /opt/airflow/dags/main.py
[2026-09-01T18:52:50.742+0000] {processor.py:830} INFO - Processing file /opt/airflow/dags/main.py for tasks to queue
[2026-09-01T18:52:50.868+0000] {logging_mixin.py:188} INFO - [2026-09-01T18:52:50.868+0000] {dagbag.py:545} INFO - Filling up the DagBag from /opt/airflow/dags/main.py
[2026-09-01T18:52:51.228+0000] {logging_mixin.py:188} INFO - channel id is not executed
[2026-09-01T18:52:51.253+0000] {logging_mixin.py:188} INFO - [2026-09-01T18:52:51.239+0000] {dagbag.py:355} ERROR - Failed to import: /opt/airflow/dags/main.py
Traceback (most recent call last):
  File "/home/airflow/.local/lib/python3.10/site-packages/airflow/models/dagbag.py", line 351, in parse
    loader.exec_module(new_module)
  File "<frozen importlib._bootstrap_external>", line 883, in exec_module
  File "<frozen importlib._bootstrap>", line 241, in _call_with_frames_removed
  File "/opt/airflow/dags/main.py", line 23, in <module>
    playlist_id  >> video_ids >> video_data >> save_to_json_task
  File "/home/airflow/.local/lib/python3.10/site-packages/airflow/models/taskmixin.py", line 109, in __rrshift__
    self.__lshift__(other)
  File "/home/airflow/.local/lib/python3.10/site-packages/airflow/models/taskmixin.py", line 99, in __lshift__
    self.set_upstream(other)
  File "/home/airflow/.local/lib/python3.10/site-packages/airflow/models/xcom_arg.py", line 148, in set_upstream
    operator.set_upstream(task_or_task_list, edge_modifier)
  File "/home/airflow/.local/lib/python3.10/site-packages/airflow/models/taskmixin.py", line 270, in set_upstream
    self._set_relatives(task_or_task_list, upstream=True, edge_modifier=edge_modifier)
  File "/home/airflow/.local/lib/python3.10/site-packages/airflow/models/taskmixin.py", line 214, in _set_relatives
    task_object.update_relative(self, not upstream, edge_modifier=edge_modifier)
AttributeError: '_TaskDecorator' object has no attribute 'update_relative'
[2026-09-01T18:52:51.255+0000] {processor.py:842} WARNING - No viable dags retrieved from /opt/airflow/dags/main.py
[2026-09-01T18:52:51.289+0000] {processor.py:183} INFO - Processing /opt/airflow/dags/main.py took 0.621 seconds
[2026-09-01T18:53:22.429+0000] {processor.py:161} INFO - Started process (PID=848) to work on /opt/airflow/dags/main.py
[2026-09-01T18:53:22.432+0000] {processor.py:830} INFO - Processing file /opt/airflow/dags/main.py for tasks to queue
[2026-09-01T18:53:22.436+0000] {logging_mixin.py:188} INFO - [2026-09-01T18:53:22.435+0000] {dagbag.py:545} INFO - Filling up the DagBag from /opt/airflow/dags/main.py
[2026-09-01T18:53:22.519+0000] {logging_mixin.py:188} INFO - channel id is not executed
[2026-09-01T18:53:22.538+0000] {logging_mixin.py:188} INFO - [2026-09-01T18:53:22.531+0000] {dagbag.py:355} ERROR - Failed to import: /opt/airflow/dags/main.py
Traceback (most recent call last):
  File "/home/airflow/.local/lib/python3.10/site-packages/airflow/models/dagbag.py", line 351, in parse
    loader.exec_module(new_module)
  File "<frozen importlib._bootstrap_external>", line 883, in exec_module
  File "<frozen importlib._bootstrap>", line 241, in _call_with_frames_removed
  File "/opt/airflow/dags/main.py", line 23, in <module>
    playlist_id  >> video_ids >> video_data >> save_to_json_task
  File "/home/airflow/.local/lib/python3.10/site-packages/airflow/models/taskmixin.py", line 109, in __rrshift__
    self.__lshift__(other)
  File "/home/airflow/.local/lib/python3.10/site-packages/airflow/models/taskmixin.py", line 99, in __lshift__
    self.set_upstream(other)
  File "/home/airflow/.local/lib/python3.10/site-packages/airflow/models/xcom_arg.py", line 148, in set_upstream
    operator.set_upstream(task_or_task_list, edge_modifier)
  File "/home/airflow/.local/lib/python3.10/site-packages/airflow/models/taskmixin.py", line 270, in set_upstream
    self._set_relatives(task_or_task_list, upstream=True, edge_modifier=edge_modifier)
  File "/home/airflow/.local/lib/python3.10/site-packages/airflow/models/taskmixin.py", line 214, in _set_relatives
    task_object.update_relative(self, not upstream, edge_modifier=edge_modifier)
AttributeError: '_TaskDecorator' object has no attribute 'update_relative'
[2026-09-01T18:53:22.542+0000] {processor.py:842} WARNING - No viable dags retrieved from /opt/airflow/dags/main.py
[2026-09-01T18:53:22.597+0000] {processor.py:183} INFO - Processing /opt/airflow/dags/main.py took 0.179 seconds
[2026-09-01T18:53:52.892+0000] {processor.py:161} INFO - Started process (PID=855) to work on /opt/airflow/dags/main.py
[2026-09-01T18:53:52.955+0000] {processor.py:830} INFO - Processing file /opt/airflow/dags/main.py for tasks to queue
[2026-09-01T18:53:53.076+0000] {logging_mixin.py:188} INFO - [2026-09-01T18:53:53.075+0000] {dagbag.py:545} INFO - Filling up the DagBag from /opt/airflow/dags/main.py
[2026-09-01T18:53:59.423+0000] {logging_mixin.py:188} INFO - channel id is not executed
[2026-09-01T18:54:01.380+0000] {processor.py:840} INFO - DAG(s) 'produce_json' retrieved from /opt/airflow/dags/main.py
[2026-09-01T18:54:11.816+0000] {logging_mixin.py:188} INFO - [2026-09-01T18:54:11.814+0000] {override.py:1829} INFO - Created Permission View: can read on DAG:produce_json
[2026-09-01T18:54:11.898+0000] {logging_mixin.py:188} INFO - [2026-09-01T18:54:11.897+0000] {override.py:1829} INFO - Created Permission View: can edit on DAG:produce_json
[2026-09-01T18:54:11.929+0000] {logging_mixin.py:188} INFO - [2026-09-01T18:54:11.928+0000] {override.py:1829} INFO - Created Permission View: can delete on DAG:produce_json
[2026-09-01T18:54:11.937+0000] {logging_mixin.py:188} INFO - [2026-09-01T18:54:11.936+0000] {dag.py:3096} INFO - Sync 1 DAGs
[2026-09-01T18:54:12.124+0000] {logging_mixin.py:188} INFO - [2026-09-01T18:54:12.123+0000] {dag.py:3118} INFO - Creating ORM DAG for produce_json
[2026-09-01T18:54:12.420+0000] {logging_mixin.py:188} INFO - [2026-09-01T18:54:12.416+0000] {dag.py:3954} INFO - Setting next_dagrun for produce_json to 2026-09-02 14:00:00+00:00, run_after=2026-09-03 14:00:00+00:00
[2026-09-01T18:54:12.877+0000] {processor.py:183} INFO - Processing /opt/airflow/dags/main.py took 20.016 seconds
[2026-09-01T18:54:43.836+0000] {processor.py:161} INFO - Started process (PID=867) to work on /opt/airflow/dags/main.py
[2026-09-01T18:54:43.839+0000] {processor.py:830} INFO - Processing file /opt/airflow/dags/main.py for tasks to queue
[2026-09-01T18:54:43.854+0000] {logging_mixin.py:188} INFO - [2026-09-01T18:54:43.852+0000] {dagbag.py:545} INFO - Filling up the DagBag from /opt/airflow/dags/main.py
[2026-09-01T18:54:44.006+0000] {logging_mixin.py:188} INFO - channel id is not executed
[2026-09-01T18:54:44.059+0000] {processor.py:840} INFO - DAG(s) 'produce_json' retrieved from /opt/airflow/dags/main.py
[2026-09-01T18:54:44.391+0000] {logging_mixin.py:188} INFO - [2026-09-01T18:54:44.391+0000] {dag.py:3096} INFO - Sync 1 DAGs
[2026-09-01T18:54:44.448+0000] {logging_mixin.py:188} INFO - [2026-09-01T18:54:44.448+0000] {dag.py:3954} INFO - Setting next_dagrun for produce_json to 2026-09-02 14:00:00+00:00, run_after=2026-09-03 14:00:00+00:00
[2026-09-01T18:54:44.536+0000] {processor.py:183} INFO - Processing /opt/airflow/dags/main.py took 0.747 seconds
[2026-09-01T18:55:14.711+0000] {processor.py:161} INFO - Started process (PID=874) to work on /opt/airflow/dags/main.py
[2026-09-01T18:55:14.714+0000] {processor.py:830} INFO - Processing file /opt/airflow/dags/main.py for tasks to queue
[2026-09-01T18:55:14.718+0000] {logging_mixin.py:188} INFO - [2026-09-01T18:55:14.718+0000] {dagbag.py:545} INFO - Filling up the DagBag from /opt/airflow/dags/main.py
[2026-09-01T18:55:14.806+0000] {logging_mixin.py:188} INFO - channel id is not executed
[2026-09-01T18:55:14.832+0000] {processor.py:840} INFO - DAG(s) 'produce_json' retrieved from /opt/airflow/dags/main.py
[2026-09-01T18:55:15.047+0000] {logging_mixin.py:188} INFO - [2026-09-01T18:55:15.047+0000] {dag.py:3096} INFO - Sync 1 DAGs
[2026-09-01T18:55:15.084+0000] {logging_mixin.py:188} INFO - [2026-09-01T18:55:15.083+0000] {dag.py:3954} INFO - Setting next_dagrun for produce_json to 2026-09-02 14:00:00+00:00, run_after=2026-09-03 14:00:00+00:00
[2026-09-01T18:55:15.126+0000] {processor.py:183} INFO - Processing /opt/airflow/dags/main.py took 0.428 seconds
[2026-09-01T18:55:45.267+0000] {processor.py:161} INFO - Started process (PID=882) to work on /opt/airflow/dags/main.py
[2026-09-01T18:55:45.273+0000] {processor.py:830} INFO - Processing file /opt/airflow/dags/main.py for tasks to queue
[2026-09-01T18:55:45.279+0000] {logging_mixin.py:188} INFO - [2026-09-01T18:55:45.279+0000] {dagbag.py:545} INFO - Filling up the DagBag from /opt/airflow/dags/main.py
[2026-09-01T18:55:45.453+0000] {logging_mixin.py:188} INFO - channel id is not executed
[2026-09-01T18:55:45.480+0000] {processor.py:840} INFO - DAG(s) 'produce_json' retrieved from /opt/airflow/dags/main.py
[2026-09-01T18:55:45.864+0000] {logging_mixin.py:188} INFO - [2026-09-01T18:55:45.864+0000] {dag.py:3096} INFO - Sync 1 DAGs
[2026-09-01T18:55:45.950+0000] {logging_mixin.py:188} INFO - [2026-09-01T18:55:45.949+0000] {dag.py:3954} INFO - Setting next_dagrun for produce_json to 2026-09-02 14:00:00+00:00, run_after=2026-09-03 14:00:00+00:00
[2026-09-01T18:55:45.994+0000] {processor.py:183} INFO - Processing /opt/airflow/dags/main.py took 0.746 seconds
[2026-09-01T18:56:22.743+0000] {processor.py:161} INFO - Started process (PID=890) to work on /opt/airflow/dags/main.py
[2026-09-01T18:56:22.769+0000] {processor.py:830} INFO - Processing file /opt/airflow/dags/main.py for tasks to queue
[2026-09-01T18:56:23.114+0000] {logging_mixin.py:188} INFO - [2026-09-01T18:56:23.080+0000] {dagbag.py:545} INFO - Filling up the DagBag from /opt/airflow/dags/main.py
[2026-09-01T18:56:29.541+0000] {logging_mixin.py:188} INFO - channel id is not executed
[2026-09-01T18:56:29.765+0000] {processor.py:840} INFO - DAG(s) 'produce_json' retrieved from /opt/airflow/dags/main.py
[2026-09-01T18:56:33.637+0000] {logging_mixin.py:188} INFO - [2026-09-01T18:56:33.636+0000] {dag.py:3096} INFO - Sync 1 DAGs
[2026-09-01T18:56:34.439+0000] {logging_mixin.py:188} INFO - [2026-09-01T18:56:34.439+0000] {dag.py:3954} INFO - Setting next_dagrun for produce_json to 2026-09-02 14:00:00+00:00, run_after=2026-09-03 14:00:00+00:00
[2026-09-01T18:56:36.359+0000] {processor.py:183} INFO - Processing /opt/airflow/dags/main.py took 14.169 seconds
[2026-09-01T18:57:13.480+0000] {processor.py:161} INFO - Started process (PID=898) to work on /opt/airflow/dags/main.py
[2026-09-01T18:57:13.731+0000] {processor.py:830} INFO - Processing file /opt/airflow/dags/main.py for tasks to queue
[2026-09-01T18:57:13.885+0000] {logging_mixin.py:188} INFO - [2026-09-01T18:57:13.881+0000] {dagbag.py:545} INFO - Filling up the DagBag from /opt/airflow/dags/main.py
[2026-09-01T18:57:15.424+0000] {logging_mixin.py:188} INFO - channel id is not executed
[2026-09-01T18:57:15.577+0000] {processor.py:840} INFO - DAG(s) 'produce_json' retrieved from /opt/airflow/dags/main.py
[2026-09-01T18:57:29.672+0000] {logging_mixin.py:188} INFO - [2026-09-01T18:57:29.672+0000] {dag.py:3096} INFO - Sync 1 DAGs
[2026-09-01T18:57:29.961+0000] {logging_mixin.py:188} INFO - [2026-09-01T18:57:29.960+0000] {dag.py:3954} INFO - Setting next_dagrun for produce_json to 2026-09-02 14:00:00+00:00, run_after=2026-09-03 14:00:00+00:00
[2026-09-01T18:57:30.447+0000] {processor.py:183} INFO - Processing /opt/airflow/dags/main.py took 18.913 seconds
[2026-09-01T18:58:02.681+0000] {processor.py:161} INFO - Started process (PID=911) to work on /opt/airflow/dags/main.py
[2026-09-01T18:58:02.705+0000] {processor.py:830} INFO - Processing file /opt/airflow/dags/main.py for tasks to queue
[2026-09-01T18:58:02.729+0000] {logging_mixin.py:188} INFO - [2026-09-01T18:58:02.728+0000] {dagbag.py:545} INFO - Filling up the DagBag from /opt/airflow/dags/main.py
[2026-09-01T18:58:03.311+0000] {logging_mixin.py:188} INFO - channel id is not executed
[2026-09-01T18:58:03.490+0000] {processor.py:840} INFO - DAG(s) 'produce_json' retrieved from /opt/airflow/dags/main.py
[2026-09-01T18:58:04.283+0000] {logging_mixin.py:188} INFO - [2026-09-01T18:58:04.268+0000] {dag.py:3096} INFO - Sync 1 DAGs
[2026-09-01T18:58:04.414+0000] {logging_mixin.py:188} INFO - [2026-09-01T18:58:04.414+0000] {dag.py:3954} INFO - Setting next_dagrun for produce_json to 2026-09-02 14:00:00+00:00, run_after=2026-09-03 14:00:00+00:00
[2026-09-01T18:58:04.951+0000] {processor.py:183} INFO - Processing /opt/airflow/dags/main.py took 2.606 seconds
[2026-09-01T18:58:43.523+0000] {processor.py:161} INFO - Started process (PID=915) to work on /opt/airflow/dags/main.py
[2026-09-01T18:58:43.880+0000] {processor.py:830} INFO - Processing file /opt/airflow/dags/main.py for tasks to queue
[2026-09-01T18:58:44.174+0000] {logging_mixin.py:188} INFO - [2026-09-01T18:58:44.131+0000] {dagbag.py:545} INFO - Filling up the DagBag from /opt/airflow/dags/main.py
[2026-09-01T18:58:50.571+0000] {logging_mixin.py:188} INFO - channel id is not executed
[2026-09-01T18:58:51.092+0000] {processor.py:840} INFO - DAG(s) 'produce_json' retrieved from /opt/airflow/dags/main.py
[2026-09-01T18:59:00.603+0000] {logging_mixin.py:188} INFO - [2026-09-01T18:59:00.497+0000] {dag.py:3096} INFO - Sync 1 DAGs
[2026-09-01T18:59:01.903+0000] {logging_mixin.py:188} INFO - [2026-09-01T18:59:01.903+0000] {dag.py:3954} INFO - Setting next_dagrun for produce_json to 2026-09-02 14:00:00+00:00, run_after=2026-09-03 14:00:00+00:00
[2026-09-01T18:59:02.340+0000] {processor.py:183} INFO - Processing /opt/airflow/dags/main.py took 21.677 seconds
[2026-09-01T18:59:33.220+0000] {processor.py:161} INFO - Started process (PID=926) to work on /opt/airflow/dags/main.py
[2026-09-01T18:59:33.223+0000] {processor.py:830} INFO - Processing file /opt/airflow/dags/main.py for tasks to queue
[2026-09-01T18:59:33.230+0000] {logging_mixin.py:188} INFO - [2026-09-01T18:59:33.229+0000] {dagbag.py:545} INFO - Filling up the DagBag from /opt/airflow/dags/main.py
[2026-09-01T18:59:33.861+0000] {logging_mixin.py:188} INFO - channel id is not executed
[2026-09-01T18:59:33.944+0000] {processor.py:840} INFO - DAG(s) 'produce_json' retrieved from /opt/airflow/dags/main.py
[2026-09-01T18:59:35.553+0000] {logging_mixin.py:188} INFO - [2026-09-01T18:59:35.552+0000] {dag.py:3096} INFO - Sync 1 DAGs
[2026-09-01T18:59:35.672+0000] {logging_mixin.py:188} INFO - [2026-09-01T18:59:35.671+0000] {dag.py:3954} INFO - Setting next_dagrun for produce_json to 2026-09-02 14:00:00+00:00, run_after=2026-09-03 14:00:00+00:00
[2026-09-01T18:59:35.820+0000] {processor.py:183} INFO - Processing /opt/airflow/dags/main.py took 2.635 seconds
[2026-09-01T19:00:09.922+0000] {processor.py:161} INFO - Started process (PID=933) to work on /opt/airflow/dags/main.py
[2026-09-01T19:00:09.958+0000] {processor.py:830} INFO - Processing file /opt/airflow/dags/main.py for tasks to queue
[2026-09-01T19:00:10.011+0000] {logging_mixin.py:188} INFO - [2026-09-01T19:00:10.011+0000] {dagbag.py:545} INFO - Filling up the DagBag from /opt/airflow/dags/main.py
[2026-09-01T19:00:11.414+0000] {logging_mixin.py:188} INFO - channel id is not executed
[2026-09-01T19:00:11.623+0000] {processor.py:840} INFO - DAG(s) 'produce_json' retrieved from /opt/airflow/dags/main.py
[2026-09-01T19:00:13.501+0000] {logging_mixin.py:188} INFO - [2026-09-01T19:00:13.501+0000] {dag.py:3096} INFO - Sync 1 DAGs
[2026-09-01T19:00:13.648+0000] {logging_mixin.py:188} INFO - [2026-09-01T19:00:13.648+0000] {dag.py:3954} INFO - Setting next_dagrun for produce_json to 2026-09-02 14:00:00+00:00, run_after=2026-09-03 14:00:00+00:00
[2026-09-01T19:00:13.914+0000] {processor.py:183} INFO - Processing /opt/airflow/dags/main.py took 4.033 seconds
[2026-09-01T19:00:45.161+0000] {processor.py:161} INFO - Started process (PID=939) to work on /opt/airflow/dags/main.py
[2026-09-01T19:00:45.171+0000] {processor.py:830} INFO - Processing file /opt/airflow/dags/main.py for tasks to queue
[2026-09-01T19:00:45.175+0000] {logging_mixin.py:188} INFO - [2026-09-01T19:00:45.174+0000] {dagbag.py:545} INFO - Filling up the DagBag from /opt/airflow/dags/main.py
[2026-09-01T19:00:45.278+0000] {logging_mixin.py:188} INFO - [2026-09-01T19:00:45.248+0000] {dagbag.py:355} ERROR - Failed to import: /opt/airflow/dags/main.py
Traceback (most recent call last):
  File "/home/airflow/.local/lib/python3.10/site-packages/airflow/models/dagbag.py", line 351, in parse
    loader.exec_module(new_module)
  File "<frozen importlib._bootstrap_external>", line 883, in exec_module
  File "<frozen importlib._bootstrap>", line 241, in _call_with_frames_removed
  File "/opt/airflow/dags/main.py", line 5, in <module>
    from api.video import channel_playlist_id,get_video_id,extract_video_data,save_to_json
  File "<frozen importlib._bootstrap>", line 1027, in _find_and_load
  File "<frozen importlib._bootstrap>", line 1002, in _find_and_load_unlocked
  File "<frozen importlib._bootstrap>", line 945, in _find_spec
  File "<frozen importlib._bootstrap_external>", line 1439, in find_spec
  File "<frozen importlib._bootstrap_external>", line 1411, in _get_spec
  File "<frozen importlib._bootstrap_external>", line 1548, in find_spec
  File "<frozen importlib._bootstrap_external>", line 1591, in _fill_cache
OSError: [Errno 12] Cannot allocate memory: '/opt/airflow/dags'
[2026-09-01T19:00:45.280+0000] {processor.py:842} WARNING - No viable dags retrieved from /opt/airflow/dags/main.py
[2026-09-01T19:00:45.369+0000] {processor.py:183} INFO - Processing /opt/airflow/dags/main.py took 0.219 seconds
[2026-09-01T19:01:17.407+0000] {processor.py:161} INFO - Started process (PID=946) to work on /opt/airflow/dags/main.py
[2026-09-01T19:01:17.422+0000] {processor.py:830} INFO - Processing file /opt/airflow/dags/main.py for tasks to queue
[2026-09-01T19:01:17.476+0000] {logging_mixin.py:188} INFO - [2026-09-01T19:01:17.475+0000] {dagbag.py:545} INFO - Filling up the DagBag from /opt/airflow/dags/main.py
[2026-09-01T19:01:19.121+0000] {logging_mixin.py:188} INFO - channel id is not executed
[2026-09-01T19:01:19.183+0000] {processor.py:840} INFO - DAG(s) 'produce_json' retrieved from /opt/airflow/dags/main.py
[2026-09-01T19:01:19.904+0000] {logging_mixin.py:188} INFO - [2026-09-01T19:01:19.904+0000] {dag.py:3096} INFO - Sync 1 DAGs
[2026-09-01T19:01:20.006+0000] {logging_mixin.py:188} INFO - [2026-09-01T19:01:20.005+0000] {dag.py:3954} INFO - Setting next_dagrun for produce_json to 2026-09-02 14:00:00+00:00, run_after=2026-09-03 14:00:00+00:00
[2026-09-01T19:01:20.092+0000] {processor.py:183} INFO - Processing /opt/airflow/dags/main.py took 2.707 seconds
[2026-09-01T19:01:50.479+0000] {processor.py:161} INFO - Started process (PID=953) to work on /opt/airflow/dags/main.py
[2026-09-01T19:01:50.482+0000] {processor.py:830} INFO - Processing file /opt/airflow/dags/main.py for tasks to queue
[2026-09-01T19:01:50.487+0000] {logging_mixin.py:188} INFO - [2026-09-01T19:01:50.487+0000] {dagbag.py:545} INFO - Filling up the DagBag from /opt/airflow/dags/main.py
[2026-09-01T19:01:50.607+0000] {logging_mixin.py:188} INFO - channel id is not executed
[2026-09-01T19:01:50.624+0000] {processor.py:840} INFO - DAG(s) 'produce_json' retrieved from /opt/airflow/dags/main.py
[2026-09-01T19:01:51.246+0000] {logging_mixin.py:188} INFO - [2026-09-01T19:01:51.245+0000] {dag.py:3096} INFO - Sync 1 DAGs
[2026-09-01T19:01:51.343+0000] {logging_mixin.py:188} INFO - [2026-09-01T19:01:51.343+0000] {dag.py:3954} INFO - Setting next_dagrun for produce_json to 2026-09-02 14:00:00+00:00, run_after=2026-09-03 14:00:00+00:00
[2026-09-01T19:01:51.483+0000] {processor.py:183} INFO - Processing /opt/airflow/dags/main.py took 1.018 seconds
[2026-09-01T19:02:22.784+0000] {processor.py:161} INFO - Started process (PID=959) to work on /opt/airflow/dags/main.py
[2026-09-01T19:02:22.800+0000] {processor.py:830} INFO - Processing file /opt/airflow/dags/main.py for tasks to queue
[2026-09-01T19:02:22.826+0000] {logging_mixin.py:188} INFO - [2026-09-01T19:02:22.825+0000] {dagbag.py:545} INFO - Filling up the DagBag from /opt/airflow/dags/main.py
[2026-09-01T19:02:23.095+0000] {logging_mixin.py:188} INFO - channel id is not executed
[2026-09-01T19:02:23.153+0000] {processor.py:840} INFO - DAG(s) 'produce_json' retrieved from /opt/airflow/dags/main.py
[2026-09-01T19:02:24.443+0000] {logging_mixin.py:188} INFO - [2026-09-01T19:02:24.432+0000] {dag.py:3096} INFO - Sync 1 DAGs
[2026-09-01T19:02:24.637+0000] {logging_mixin.py:188} INFO - [2026-09-01T19:02:24.637+0000] {dag.py:3954} INFO - Setting next_dagrun for produce_json to 2026-09-02 14:00:00+00:00, run_after=2026-09-03 14:00:00+00:00
[2026-09-01T19:02:24.809+0000] {processor.py:183} INFO - Processing /opt/airflow/dags/main.py took 2.151 seconds
[2026-09-01T19:02:55.676+0000] {processor.py:161} INFO - Started process (PID=966) to work on /opt/airflow/dags/main.py
[2026-09-01T19:02:55.682+0000] {processor.py:830} INFO - Processing file /opt/airflow/dags/main.py for tasks to queue
[2026-09-01T19:02:55.695+0000] {logging_mixin.py:188} INFO - [2026-09-01T19:02:55.694+0000] {dagbag.py:545} INFO - Filling up the DagBag from /opt/airflow/dags/main.py
[2026-09-01T19:02:55.905+0000] {logging_mixin.py:188} INFO - channel id is not executed
[2026-09-01T19:02:55.940+0000] {processor.py:840} INFO - DAG(s) 'produce_json' retrieved from /opt/airflow/dags/main.py
[2026-09-01T19:02:56.705+0000] {logging_mixin.py:188} INFO - [2026-09-01T19:02:56.705+0000] {dag.py:3096} INFO - Sync 1 DAGs
[2026-09-01T19:02:56.761+0000] {logging_mixin.py:188} INFO - [2026-09-01T19:02:56.760+0000] {dag.py:3954} INFO - Setting next_dagrun for produce_json to 2026-09-02 14:00:00+00:00, run_after=2026-09-03 14:00:00+00:00
[2026-09-01T19:02:56.826+0000] {processor.py:183} INFO - Processing /opt/airflow/dags/main.py took 1.173 seconds
[2026-09-01T19:03:27.272+0000] {processor.py:161} INFO - Started process (PID=974) to work on /opt/airflow/dags/main.py
[2026-09-01T19:03:27.302+0000] {processor.py:830} INFO - Processing file /opt/airflow/dags/main.py for tasks to queue
[2026-09-01T19:03:27.309+0000] {logging_mixin.py:188} INFO - [2026-09-01T19:03:27.308+0000] {dagbag.py:545} INFO - Filling up the DagBag from /opt/airflow/dags/main.py
[2026-09-01T19:03:27.451+0000] {logging_mixin.py:188} INFO - channel id is not executed
[2026-09-01T19:03:27.470+0000] {processor.py:840} INFO - DAG(s) 'produce_json' retrieved from /opt/airflow/dags/main.py
[2026-09-01T19:03:27.905+0000] {logging_mixin.py:188} INFO - [2026-09-01T19:03:27.896+0000] {dag.py:3096} INFO - Sync 1 DAGs
[2026-09-01T19:03:28.003+0000] {logging_mixin.py:188} INFO - [2026-09-01T19:03:28.003+0000] {dag.py:3954} INFO - Setting next_dagrun for produce_json to 2026-09-02 14:00:00+00:00, run_after=2026-09-03 14:00:00+00:00
[2026-09-01T19:03:28.092+0000] {processor.py:183} INFO - Processing /opt/airflow/dags/main.py took 0.830 seconds
[2026-09-01T19:03:58.805+0000] {processor.py:161} INFO - Started process (PID=980) to work on /opt/airflow/dags/main.py
[2026-09-01T19:03:59.200+0000] {processor.py:830} INFO - Processing file /opt/airflow/dags/main.py for tasks to queue
[2026-09-01T19:03:59.299+0000] {logging_mixin.py:188} INFO - [2026-09-01T19:03:59.298+0000] {dagbag.py:545} INFO - Filling up the DagBag from /opt/airflow/dags/main.py
[2026-09-01T19:03:59.565+0000] {logging_mixin.py:188} INFO - channel id is not executed
[2026-09-01T19:03:59.597+0000] {processor.py:840} INFO - DAG(s) 'produce_json' retrieved from /opt/airflow/dags/main.py
[2026-09-01T19:04:00.034+0000] {logging_mixin.py:188} INFO - [2026-09-01T19:04:00.034+0000] {dag.py:3096} INFO - Sync 1 DAGs
[2026-09-01T19:04:00.150+0000] {logging_mixin.py:188} INFO - [2026-09-01T19:04:00.150+0000] {dag.py:3954} INFO - Setting next_dagrun for produce_json to 2026-09-02 14:00:00+00:00, run_after=2026-09-03 14:00:00+00:00
[2026-09-01T19:04:00.377+0000] {processor.py:183} INFO - Processing /opt/airflow/dags/main.py took 1.600 seconds
[2026-09-01T19:04:32.257+0000] {processor.py:161} INFO - Started process (PID=987) to work on /opt/airflow/dags/main.py
[2026-09-01T19:04:32.266+0000] {processor.py:830} INFO - Processing file /opt/airflow/dags/main.py for tasks to queue
[2026-09-01T19:04:32.295+0000] {logging_mixin.py:188} INFO - [2026-09-01T19:04:32.294+0000] {dagbag.py:545} INFO - Filling up the DagBag from /opt/airflow/dags/main.py
[2026-09-01T19:04:33.173+0000] {logging_mixin.py:188} INFO - channel id is not executed
[2026-09-01T19:04:33.982+0000] {processor.py:840} INFO - DAG(s) 'produce_json' retrieved from /opt/airflow/dags/main.py
[2026-09-01T19:04:35.774+0000] {logging_mixin.py:188} INFO - [2026-09-01T19:04:35.772+0000] {dag.py:3096} INFO - Sync 1 DAGs
[2026-09-01T19:04:36.017+0000] {logging_mixin.py:188} INFO - [2026-09-01T19:04:36.016+0000] {dag.py:3954} INFO - Setting next_dagrun for produce_json to 2026-09-02 14:00:00+00:00, run_after=2026-09-03 14:00:00+00:00
[2026-09-01T19:04:36.121+0000] {processor.py:183} INFO - Processing /opt/airflow/dags/main.py took 4.386 seconds
[2026-09-01T19:05:07.015+0000] {processor.py:161} INFO - Started process (PID=994) to work on /opt/airflow/dags/main.py
[2026-09-01T19:05:07.026+0000] {processor.py:830} INFO - Processing file /opt/airflow/dags/main.py for tasks to queue
[2026-09-01T19:05:07.049+0000] {logging_mixin.py:188} INFO - [2026-09-01T19:05:07.049+0000] {dagbag.py:545} INFO - Filling up the DagBag from /opt/airflow/dags/main.py
[2026-09-01T19:05:13.437+0000] {logging_mixin.py:188} INFO - channel id is not executed
[2026-09-01T19:05:14.079+0000] {processor.py:840} INFO - DAG(s) 'produce_json' retrieved from /opt/airflow/dags/main.py
[2026-09-01T19:05:16.147+0000] {logging_mixin.py:188} INFO - [2026-09-01T19:05:16.146+0000] {dag.py:3096} INFO - Sync 1 DAGs
[2026-09-01T19:05:16.408+0000] {logging_mixin.py:188} INFO - [2026-09-01T19:05:16.407+0000] {dag.py:3954} INFO - Setting next_dagrun for produce_json to 2026-09-02 14:00:00+00:00, run_after=2026-09-03 14:00:00+00:00
[2026-09-01T19:05:16.644+0000] {processor.py:183} INFO - Processing /opt/airflow/dags/main.py took 9.688 seconds
[2026-09-01T19:05:48.674+0000] {processor.py:161} INFO - Started process (PID=1007) to work on /opt/airflow/dags/main.py
[2026-09-01T19:05:48.723+0000] {processor.py:830} INFO - Processing file /opt/airflow/dags/main.py for tasks to queue
[2026-09-01T19:05:48.755+0000] {logging_mixin.py:188} INFO - [2026-09-01T19:05:48.754+0000] {dagbag.py:545} INFO - Filling up the DagBag from /opt/airflow/dags/main.py
[2026-09-01T19:05:49.341+0000] {logging_mixin.py:188} INFO - channel id is not executed
[2026-09-01T19:05:49.540+0000] {processor.py:840} INFO - DAG(s) 'produce_json' retrieved from /opt/airflow/dags/main.py
[2026-09-01T19:05:50.320+0000] {logging_mixin.py:188} INFO - [2026-09-01T19:05:50.320+0000] {dag.py:3096} INFO - Sync 1 DAGs
[2026-09-01T19:05:50.406+0000] {logging_mixin.py:188} INFO - [2026-09-01T19:05:50.406+0000] {dag.py:3954} INFO - Setting next_dagrun for produce_json to 2026-09-02 14:00:00+00:00, run_after=2026-09-03 14:00:00+00:00
[2026-09-01T19:05:50.520+0000] {processor.py:183} INFO - Processing /opt/airflow/dags/main.py took 1.921 seconds
[2026-09-01T19:06:22.322+0000] {processor.py:161} INFO - Started process (PID=1014) to work on /opt/airflow/dags/main.py
[2026-09-01T19:06:22.331+0000] {processor.py:830} INFO - Processing file /opt/airflow/dags/main.py for tasks to queue
[2026-09-01T19:06:22.344+0000] {logging_mixin.py:188} INFO - [2026-09-01T19:06:22.343+0000] {dagbag.py:545} INFO - Filling up the DagBag from /opt/airflow/dags/main.py
[2026-09-01T19:06:23.147+0000] {logging_mixin.py:188} INFO - channel id is not executed
[2026-09-01T19:06:23.209+0000] {processor.py:840} INFO - DAG(s) 'produce_json' retrieved from /opt/airflow/dags/main.py
[2026-09-01T19:06:24.365+0000] {logging_mixin.py:188} INFO - [2026-09-01T19:06:24.364+0000] {dag.py:3096} INFO - Sync 1 DAGs
[2026-09-01T19:06:24.531+0000] {logging_mixin.py:188} INFO - [2026-09-01T19:06:24.531+0000] {dag.py:3954} INFO - Setting next_dagrun for produce_json to 2026-09-02 14:00:00+00:00, run_after=2026-09-03 14:00:00+00:00
[2026-09-01T19:06:24.689+0000] {processor.py:183} INFO - Processing /opt/airflow/dags/main.py took 2.424 seconds
[2026-09-01T19:07:13.672+0000] {processor.py:161} INFO - Started process (PID=1021) to work on /opt/airflow/dags/main.py
[2026-09-01T19:07:13.793+0000] {processor.py:830} INFO - Processing file /opt/airflow/dags/main.py for tasks to queue
[2026-09-01T19:07:14.192+0000] {logging_mixin.py:188} INFO - [2026-09-01T19:07:14.157+0000] {dagbag.py:545} INFO - Filling up the DagBag from /opt/airflow/dags/main.py
[2026-09-01T19:07:25.160+0000] {logging_mixin.py:188} INFO - channel id is not executed
[2026-09-01T19:07:26.366+0000] {processor.py:840} INFO - DAG(s) 'produce_json' retrieved from /opt/airflow/dags/main.py
[2026-09-01T19:08:29.609+0000] {processor.py:161} INFO - Started process (PID=1034) to work on /opt/airflow/dags/main.py
[2026-09-01T19:08:30.343+0000] {processor.py:830} INFO - Processing file /opt/airflow/dags/main.py for tasks to queue
[2026-09-01T19:08:31.064+0000] {logging_mixin.py:188} INFO - [2026-09-01T19:08:31.061+0000] {dagbag.py:545} INFO - Filling up the DagBag from /opt/airflow/dags/main.py
[2026-09-01T19:08:34.626+0000] {logging_mixin.py:188} INFO - channel id is not executed
[2026-09-01T19:08:34.852+0000] {processor.py:840} INFO - DAG(s) 'produce_json' retrieved from /opt/airflow/dags/main.py
[2026-09-01T19:08:38.486+0000] {logging_mixin.py:188} INFO - [2026-09-01T19:08:38.485+0000] {dag.py:3096} INFO - Sync 1 DAGs
[2026-09-01T19:08:39.743+0000] {logging_mixin.py:188} INFO - [2026-09-01T19:08:39.741+0000] {dag.py:3954} INFO - Setting next_dagrun for produce_json to 2026-09-02 14:00:00+00:00, run_after=2026-09-03 14:00:00+00:00
[2026-09-01T19:08:42.851+0000] {processor.py:183} INFO - Processing /opt/airflow/dags/main.py took 15.421 seconds
[2026-09-01T19:09:14.356+0000] {processor.py:161} INFO - Started process (PID=1045) to work on /opt/airflow/dags/main.py
[2026-09-01T19:09:14.371+0000] {processor.py:830} INFO - Processing file /opt/airflow/dags/main.py for tasks to queue
[2026-09-01T19:09:14.392+0000] {logging_mixin.py:188} INFO - [2026-09-01T19:09:14.388+0000] {dagbag.py:545} INFO - Filling up the DagBag from /opt/airflow/dags/main.py
[2026-09-01T19:09:16.578+0000] {logging_mixin.py:188} INFO - channel id is not executed
[2026-09-01T19:09:16.955+0000] {processor.py:840} INFO - DAG(s) 'produce_json' retrieved from /opt/airflow/dags/main.py
[2026-09-01T19:09:24.767+0000] {logging_mixin.py:188} INFO - [2026-09-01T19:09:24.767+0000] {dag.py:3096} INFO - Sync 1 DAGs
[2026-09-01T19:09:26.204+0000] {logging_mixin.py:188} INFO - [2026-09-01T19:09:26.203+0000] {dag.py:3954} INFO - Setting next_dagrun for produce_json to 2026-09-02 14:00:00+00:00, run_after=2026-09-03 14:00:00+00:00
[2026-09-01T19:09:26.870+0000] {processor.py:183} INFO - Processing /opt/airflow/dags/main.py took 12.668 seconds
[2026-09-01T19:09:57.942+0000] {processor.py:161} INFO - Started process (PID=1052) to work on /opt/airflow/dags/main.py
[2026-09-01T19:09:57.972+0000] {processor.py:830} INFO - Processing file /opt/airflow/dags/main.py for tasks to queue
[2026-09-01T19:09:58.008+0000] {logging_mixin.py:188} INFO - [2026-09-01T19:09:57.998+0000] {dagbag.py:545} INFO - Filling up the DagBag from /opt/airflow/dags/main.py
[2026-09-01T19:09:59.201+0000] {logging_mixin.py:188} INFO - channel id is not executed
[2026-09-01T19:09:59.345+0000] {processor.py:840} INFO - DAG(s) 'produce_json' retrieved from /opt/airflow/dags/main.py
[2026-09-01T19:10:02.075+0000] {logging_mixin.py:188} INFO - [2026-09-01T19:10:02.064+0000] {dag.py:3096} INFO - Sync 1 DAGs
[2026-09-01T19:10:02.641+0000] {logging_mixin.py:188} INFO - [2026-09-01T19:10:02.640+0000] {dag.py:3954} INFO - Setting next_dagrun for produce_json to 2026-09-02 14:00:00+00:00, run_after=2026-09-03 14:00:00+00:00
[2026-09-01T19:10:04.095+0000] {processor.py:183} INFO - Processing /opt/airflow/dags/main.py took 6.292 seconds
[2026-09-01T19:10:36.384+0000] {processor.py:161} INFO - Started process (PID=1062) to work on /opt/airflow/dags/main.py
[2026-09-01T19:10:36.398+0000] {processor.py:830} INFO - Processing file /opt/airflow/dags/main.py for tasks to queue
[2026-09-01T19:10:36.423+0000] {logging_mixin.py:188} INFO - [2026-09-01T19:10:36.422+0000] {dagbag.py:545} INFO - Filling up the DagBag from /opt/airflow/dags/main.py
[2026-09-01T19:10:38.157+0000] {logging_mixin.py:188} INFO - channel id is not executed
[2026-09-01T19:10:38.202+0000] {processor.py:840} INFO - DAG(s) 'produce_json' retrieved from /opt/airflow/dags/main.py
[2026-09-01T19:10:38.857+0000] {logging_mixin.py:188} INFO - [2026-09-01T19:10:38.857+0000] {dag.py:3096} INFO - Sync 1 DAGs
[2026-09-01T19:10:39.091+0000] {logging_mixin.py:188} INFO - [2026-09-01T19:10:39.090+0000] {dag.py:3954} INFO - Setting next_dagrun for produce_json to 2026-09-02 14:00:00+00:00, run_after=2026-09-03 14:00:00+00:00
[2026-09-01T19:10:39.332+0000] {processor.py:183} INFO - Processing /opt/airflow/dags/main.py took 3.241 seconds
[2026-09-01T19:11:12.006+0000] {processor.py:161} INFO - Started process (PID=1075) to work on /opt/airflow/dags/main.py
[2026-09-01T19:11:12.021+0000] {processor.py:830} INFO - Processing file /opt/airflow/dags/main.py for tasks to queue
[2026-09-01T19:11:12.025+0000] {logging_mixin.py:188} INFO - [2026-09-01T19:11:12.024+0000] {dagbag.py:545} INFO - Filling up the DagBag from /opt/airflow/dags/main.py
[2026-09-01T19:11:12.153+0000] {logging_mixin.py:188} INFO - channel id is not executed
[2026-09-01T19:11:12.173+0000] {processor.py:840} INFO - DAG(s) 'produce_json' retrieved from /opt/airflow/dags/main.py
[2026-09-01T19:11:12.609+0000] {logging_mixin.py:188} INFO - [2026-09-01T19:11:12.609+0000] {dag.py:3096} INFO - Sync 1 DAGs
[2026-09-01T19:11:12.704+0000] {logging_mixin.py:188} INFO - [2026-09-01T19:11:12.703+0000] {dag.py:3954} INFO - Setting next_dagrun for produce_json to 2026-09-02 14:00:00+00:00, run_after=2026-09-03 14:00:00+00:00
[2026-09-01T19:11:12.782+0000] {processor.py:183} INFO - Processing /opt/airflow/dags/main.py took 0.792 seconds
[2026-09-01T19:11:43.311+0000] {processor.py:161} INFO - Started process (PID=1082) to work on /opt/airflow/dags/main.py
[2026-09-01T19:11:43.330+0000] {processor.py:830} INFO - Processing file /opt/airflow/dags/main.py for tasks to queue
[2026-09-01T19:11:43.368+0000] {logging_mixin.py:188} INFO - [2026-09-01T19:11:43.367+0000] {dagbag.py:545} INFO - Filling up the DagBag from /opt/airflow/dags/main.py
[2026-09-01T19:11:44.267+0000] {logging_mixin.py:188} INFO - channel id is not executed
[2026-09-01T19:11:44.310+0000] {processor.py:840} INFO - DAG(s) 'produce_json' retrieved from /opt/airflow/dags/main.py
[2026-09-01T19:11:44.967+0000] {logging_mixin.py:188} INFO - [2026-09-01T19:11:44.966+0000] {dag.py:3096} INFO - Sync 1 DAGs
[2026-09-01T19:11:45.069+0000] {logging_mixin.py:188} INFO - [2026-09-01T19:11:45.068+0000] {dag.py:3954} INFO - Setting next_dagrun for produce_json to 2026-09-02 14:00:00+00:00, run_after=2026-09-03 14:00:00+00:00
[2026-09-01T19:11:45.316+0000] {processor.py:183} INFO - Processing /opt/airflow/dags/main.py took 2.034 seconds
[2026-09-01T19:12:19.728+0000] {processor.py:161} INFO - Started process (PID=1089) to work on /opt/airflow/dags/main.py
[2026-09-01T19:12:19.739+0000] {processor.py:830} INFO - Processing file /opt/airflow/dags/main.py for tasks to queue
[2026-09-01T19:12:19.782+0000] {logging_mixin.py:188} INFO - [2026-09-01T19:12:19.775+0000] {dagbag.py:545} INFO - Filling up the DagBag from /opt/airflow/dags/main.py
[2026-09-01T19:12:21.554+0000] {logging_mixin.py:188} INFO - channel id is not executed
[2026-09-01T19:12:22.000+0000] {processor.py:840} INFO - DAG(s) 'produce_json' retrieved from /opt/airflow/dags/main.py
[2026-09-01T19:12:23.717+0000] {logging_mixin.py:188} INFO - [2026-09-01T19:12:23.712+0000] {dag.py:3096} INFO - Sync 1 DAGs
[2026-09-01T19:12:24.256+0000] {logging_mixin.py:188} INFO - [2026-09-01T19:12:24.255+0000] {dag.py:3954} INFO - Setting next_dagrun for produce_json to 2026-09-02 14:00:00+00:00, run_after=2026-09-03 14:00:00+00:00
[2026-09-01T19:12:24.513+0000] {processor.py:183} INFO - Processing /opt/airflow/dags/main.py took 4.886 seconds
[2026-09-01T19:12:55.485+0000] {processor.py:161} INFO - Started process (PID=1096) to work on /opt/airflow/dags/main.py
[2026-09-01T19:12:55.489+0000] {processor.py:830} INFO - Processing file /opt/airflow/dags/main.py for tasks to queue
[2026-09-01T19:12:55.505+0000] {logging_mixin.py:188} INFO - [2026-09-01T19:12:55.504+0000] {dagbag.py:545} INFO - Filling up the DagBag from /opt/airflow/dags/main.py
[2026-09-01T19:12:55.671+0000] {logging_mixin.py:188} INFO - channel id is not executed
[2026-09-01T19:12:55.793+0000] {processor.py:840} INFO - DAG(s) 'produce_json' retrieved from /opt/airflow/dags/main.py
[2026-09-01T19:12:56.613+0000] {logging_mixin.py:188} INFO - [2026-09-01T19:12:56.612+0000] {dag.py:3096} INFO - Sync 1 DAGs
[2026-09-01T19:12:56.698+0000] {logging_mixin.py:188} INFO - [2026-09-01T19:12:56.698+0000] {dag.py:3954} INFO - Setting next_dagrun for produce_json to 2026-09-02 14:00:00+00:00, run_after=2026-09-03 14:00:00+00:00
[2026-09-01T19:12:56.808+0000] {processor.py:183} INFO - Processing /opt/airflow/dags/main.py took 1.396 seconds
[2026-09-01T19:13:30.015+0000] {processor.py:161} INFO - Started process (PID=1104) to work on /opt/airflow/dags/main.py
[2026-09-01T19:13:30.065+0000] {processor.py:830} INFO - Processing file /opt/airflow/dags/main.py for tasks to queue
[2026-09-01T19:13:30.305+0000] {logging_mixin.py:188} INFO - [2026-09-01T19:13:30.245+0000] {dagbag.py:545} INFO - Filling up the DagBag from /opt/airflow/dags/main.py
[2026-09-01T19:13:33.578+0000] {logging_mixin.py:188} INFO - channel id is not executed
[2026-09-01T19:13:33.693+0000] {processor.py:840} INFO - DAG(s) 'produce_json' retrieved from /opt/airflow/dags/main.py
[2026-09-01T19:13:35.054+0000] {logging_mixin.py:188} INFO - [2026-09-01T19:13:35.053+0000] {dag.py:3096} INFO - Sync 1 DAGs
[2026-09-01T19:13:35.213+0000] {logging_mixin.py:188} INFO - [2026-09-01T19:13:35.212+0000] {dag.py:3954} INFO - Setting next_dagrun for produce_json to 2026-09-02 14:00:00+00:00, run_after=2026-09-03 14:00:00+00:00
[2026-09-01T19:13:35.393+0000] {processor.py:183} INFO - Processing /opt/airflow/dags/main.py took 5.402 seconds
[2026-09-01T19:14:06.634+0000] {processor.py:161} INFO - Started process (PID=1112) to work on /opt/airflow/dags/main.py
[2026-09-01T19:14:06.767+0000] {processor.py:830} INFO - Processing file /opt/airflow/dags/main.py for tasks to queue
[2026-09-01T19:14:07.444+0000] {logging_mixin.py:188} INFO - [2026-09-01T19:14:07.443+0000] {dagbag.py:545} INFO - Filling up the DagBag from /opt/airflow/dags/main.py
[2026-09-01T19:14:10.591+0000] {logging_mixin.py:188} INFO - channel id is not executed
[2026-09-01T19:14:11.134+0000] {processor.py:840} INFO - DAG(s) 'produce_json' retrieved from /opt/airflow/dags/main.py
[2026-09-01T19:14:13.367+0000] {logging_mixin.py:188} INFO - [2026-09-01T19:14:13.366+0000] {dag.py:3096} INFO - Sync 1 DAGs
[2026-09-01T19:14:13.762+0000] {logging_mixin.py:188} INFO - [2026-09-01T19:14:13.753+0000] {dag.py:3954} INFO - Setting next_dagrun for produce_json to 2026-09-02 14:00:00+00:00, run_after=2026-09-03 14:00:00+00:00
[2026-09-01T19:14:14.023+0000] {processor.py:183} INFO - Processing /opt/airflow/dags/main.py took 7.484 seconds
[2026-09-01T19:15:05.367+0000] {processor.py:161} INFO - Started process (PID=1119) to work on /opt/airflow/dags/main.py
[2026-09-01T19:15:09.394+0000] {processor.py:830} INFO - Processing file /opt/airflow/dags/main.py for tasks to queue
[2026-09-01T19:15:10.324+0000] {logging_mixin.py:188} INFO - [2026-09-01T19:15:10.306+0000] {dagbag.py:545} INFO - Filling up the DagBag from /opt/airflow/dags/main.py
[2026-09-01T19:15:22.392+0000] {logging_mixin.py:188} INFO - channel id is not executed
[2026-09-01T19:15:23.134+0000] {processor.py:840} INFO - DAG(s) 'produce_json' retrieved from /opt/airflow/dags/main.py
[2026-09-01T19:16:14.608+0000] {processor.py:161} INFO - Started process (PID=1131) to work on /opt/airflow/dags/main.py
[2026-09-01T19:16:15.570+0000] {processor.py:830} INFO - Processing file /opt/airflow/dags/main.py for tasks to queue
[2026-09-01T19:16:15.761+0000] {logging_mixin.py:188} INFO - [2026-09-01T19:16:15.626+0000] {dagbag.py:545} INFO - Filling up the DagBag from /opt/airflow/dags/main.py
[2026-09-01T19:16:47.356+0000] {logging_mixin.py:188} INFO - [2026-09-01T19:16:47.199+0000] {timeout.py:68} ERROR - Process timed out, PID: 1131
[2026-09-01T19:17:24.538+0000] {processor.py:161} INFO - Started process (PID=1139) to work on /opt/airflow/dags/main.py
[2026-09-01T19:17:24.592+0000] {processor.py:830} INFO - Processing file /opt/airflow/dags/main.py for tasks to queue
[2026-09-01T19:17:24.635+0000] {logging_mixin.py:188} INFO - [2026-09-01T19:17:24.622+0000] {dagbag.py:545} INFO - Filling up the DagBag from /opt/airflow/dags/main.py
[2026-09-01T19:17:25.794+0000] {logging_mixin.py:188} INFO - channel id is not executed
[2026-09-01T19:17:26.112+0000] {processor.py:840} INFO - DAG(s) 'produce_json' retrieved from /opt/airflow/dags/main.py
[2026-09-01T19:17:28.217+0000] {logging_mixin.py:188} INFO - [2026-09-01T19:17:28.216+0000] {dag.py:3096} INFO - Sync 1 DAGs
[2026-09-01T19:17:28.439+0000] {logging_mixin.py:188} INFO - [2026-09-01T19:17:28.439+0000] {dag.py:3954} INFO - Setting next_dagrun for produce_json to 2026-09-02 14:00:00+00:00, run_after=2026-09-03 14:00:00+00:00
[2026-09-01T19:17:28.985+0000] {processor.py:183} INFO - Processing /opt/airflow/dags/main.py took 5.954 seconds
[2026-09-01T19:18:02.435+0000] {processor.py:161} INFO - Started process (PID=1153) to work on /opt/airflow/dags/main.py
[2026-09-01T19:18:02.460+0000] {processor.py:830} INFO - Processing file /opt/airflow/dags/main.py for tasks to queue
[2026-09-01T19:18:02.498+0000] {logging_mixin.py:188} INFO - [2026-09-01T19:18:02.487+0000] {dagbag.py:545} INFO - Filling up the DagBag from /opt/airflow/dags/main.py
[2026-09-01T19:18:04.669+0000] {logging_mixin.py:188} INFO - channel id is not executed
[2026-09-01T19:18:04.768+0000] {processor.py:840} INFO - DAG(s) 'produce_json' retrieved from /opt/airflow/dags/main.py
[2026-09-01T19:18:06.844+0000] {logging_mixin.py:188} INFO - [2026-09-01T19:18:06.844+0000] {dag.py:3096} INFO - Sync 1 DAGs
[2026-09-01T19:18:06.999+0000] {logging_mixin.py:188} INFO - [2026-09-01T19:18:06.996+0000] {dag.py:3954} INFO - Setting next_dagrun for produce_json to 2026-09-02 14:00:00+00:00, run_after=2026-09-03 14:00:00+00:00
[2026-09-01T19:18:07.230+0000] {processor.py:183} INFO - Processing /opt/airflow/dags/main.py took 5.723 seconds
[2026-09-01T19:18:39.544+0000] {processor.py:161} INFO - Started process (PID=1160) to work on /opt/airflow/dags/main.py
[2026-09-01T19:18:39.599+0000] {processor.py:830} INFO - Processing file /opt/airflow/dags/main.py for tasks to queue
[2026-09-01T19:18:39.724+0000] {logging_mixin.py:188} INFO - [2026-09-01T19:18:39.686+0000] {dagbag.py:545} INFO - Filling up the DagBag from /opt/airflow/dags/main.py
