[2026-09-10T05:08:18.290+0000] {processor.py:161} INFO - Started process (PID=67) to work on /opt/airflow/dags/main.py
[2026-09-10T05:08:18.297+0000] {processor.py:830} INFO - Processing file /opt/airflow/dags/main.py for tasks to queue
[2026-09-10T05:08:18.333+0000] {logging_mixin.py:188} INFO - [2026-09-10T05:08:18.326+0000] {dagbag.py:545} INFO - Filling up the DagBag from /opt/airflow/dags/main.py
[2026-09-10T05:08:18.952+0000] {logging_mixin.py:188} INFO - channel id is not executed
[2026-09-10T05:08:19.860+0000] {processor.py:840} INFO - DAG(s) 'update_db', 'produce_json', 'data_quality' retrieved from /opt/airflow/dags/main.py
[2026-09-10T05:08:22.083+0000] {logging_mixin.py:188} INFO - [2026-09-10T05:08:22.082+0000] {dag.py:3096} INFO - Sync 3 DAGs
[2026-09-10T05:08:22.232+0000] {logging_mixin.py:188} INFO - [2026-09-10T05:08:22.231+0000] {dag.py:3954} INFO - Setting next_dagrun for data_quality to None, run_after=None
[2026-09-10T05:08:22.253+0000] {logging_mixin.py:188} INFO - [2026-09-10T05:08:22.252+0000] {dag.py:3954} INFO - Setting next_dagrun for produce_json to 2026-09-10 14:00:00+00:00, run_after=2026-09-11 14:00:00+00:00
[2026-09-10T05:08:22.258+0000] {logging_mixin.py:188} INFO - [2026-09-10T05:08:22.257+0000] {dag.py:3954} INFO - Setting next_dagrun for update_db to None, run_after=None
[2026-09-10T05:08:22.361+0000] {processor.py:183} INFO - Processing /opt/airflow/dags/main.py took 4.148 seconds
[2026-09-10T05:08:52.920+0000] {processor.py:161} INFO - Started process (PID=74) to work on /opt/airflow/dags/main.py
[2026-09-10T05:08:52.977+0000] {processor.py:830} INFO - Processing file /opt/airflow/dags/main.py for tasks to queue
[2026-09-10T05:08:53.157+0000] {logging_mixin.py:188} INFO - [2026-09-10T05:08:53.143+0000] {dagbag.py:545} INFO - Filling up the DagBag from /opt/airflow/dags/main.py
[2026-09-10T05:08:53.760+0000] {logging_mixin.py:188} INFO - channel id is not executed
[2026-09-10T05:08:54.415+0000] {processor.py:840} INFO - DAG(s) 'data_quality', 'produce_json', 'update_db' retrieved from /opt/airflow/dags/main.py
[2026-09-10T05:08:57.017+0000] {logging_mixin.py:188} INFO - [2026-09-10T05:08:57.016+0000] {dag.py:3096} INFO - Sync 3 DAGs
[2026-09-10T05:08:57.854+0000] {logging_mixin.py:188} INFO - [2026-09-10T05:08:57.845+0000] {dag.py:3954} INFO - Setting next_dagrun for data_quality to None, run_after=None
[2026-09-10T05:08:57.950+0000] {logging_mixin.py:188} INFO - [2026-09-10T05:08:57.949+0000] {dag.py:3954} INFO - Setting next_dagrun for produce_json to 2026-09-10 14:00:00+00:00, run_after=2026-09-11 14:00:00+00:00
[2026-09-10T05:08:58.013+0000] {logging_mixin.py:188} INFO - [2026-09-10T05:08:58.013+0000] {dag.py:3954} INFO - Setting next_dagrun for update_db to None, run_after=None
[2026-09-10T05:08:58.193+0000] {processor.py:183} INFO - Processing /opt/airflow/dags/main.py took 5.401 seconds
[2026-09-10T05:09:32.007+0000] {processor.py:161} INFO - Started process (PID=80) to work on /opt/airflow/dags/main.py
[2026-09-10T05:09:32.167+0000] {processor.py:830} INFO - Processing file /opt/airflow/dags/main.py for tasks to queue
[2026-09-10T05:09:32.415+0000] {logging_mixin.py:188} INFO - [2026-09-10T05:09:32.387+0000] {dagbag.py:545} INFO - Filling up the DagBag from /opt/airflow/dags/main.py
[2026-09-10T05:09:33.639+0000] {logging_mixin.py:188} INFO - channel id is not executed
[2026-09-10T05:09:35.177+0000] {processor.py:840} INFO - DAG(s) 'update_db', 'data_quality', 'produce_json' retrieved from /opt/airflow/dags/main.py
[2026-09-10T05:09:41.115+0000] {logging_mixin.py:188} INFO - [2026-09-10T05:09:41.114+0000] {dag.py:3096} INFO - Sync 3 DAGs
[2026-09-10T05:09:41.664+0000] {logging_mixin.py:188} INFO - [2026-09-10T05:09:41.664+0000] {dag.py:3954} INFO - Setting next_dagrun for data_quality to None, run_after=None
[2026-09-10T05:09:41.688+0000] {logging_mixin.py:188} INFO - [2026-09-10T05:09:41.687+0000] {dag.py:3954} INFO - Setting next_dagrun for produce_json to 2026-09-10 14:00:00+00:00, run_after=2026-09-11 14:00:00+00:00
[2026-09-10T05:09:41.698+0000] {logging_mixin.py:188} INFO - [2026-09-10T05:09:41.698+0000] {dag.py:3954} INFO - Setting next_dagrun for update_db to None, run_after=None
[2026-09-10T05:09:41.915+0000] {processor.py:183} INFO - Processing /opt/airflow/dags/main.py took 9.976 seconds
[2026-09-10T05:10:14.922+0000] {processor.py:161} INFO - Started process (PID=93) to work on /opt/airflow/dags/main.py
[2026-09-10T05:10:14.956+0000] {processor.py:830} INFO - Processing file /opt/airflow/dags/main.py for tasks to queue
[2026-09-10T05:10:15.030+0000] {logging_mixin.py:188} INFO - [2026-09-10T05:10:15.009+0000] {dagbag.py:545} INFO - Filling up the DagBag from /opt/airflow/dags/main.py
[2026-09-10T05:10:17.225+0000] {logging_mixin.py:188} INFO - channel id is not executed
[2026-09-10T05:10:18.996+0000] {processor.py:840} INFO - DAG(s) 'data_quality', 'update_db', 'produce_json' retrieved from /opt/airflow/dags/main.py
[2026-09-10T05:10:19.614+0000] {logging_mixin.py:188} INFO - [2026-09-10T05:10:19.613+0000] {dag.py:3096} INFO - Sync 3 DAGs
[2026-09-10T05:10:19.685+0000] {logging_mixin.py:188} INFO - [2026-09-10T05:10:19.684+0000] {dag.py:3954} INFO - Setting next_dagrun for data_quality to None, run_after=None
[2026-09-10T05:10:19.753+0000] {logging_mixin.py:188} INFO - [2026-09-10T05:10:19.753+0000] {dag.py:3954} INFO - Setting next_dagrun for produce_json to 2026-09-10 14:00:00+00:00, run_after=2026-09-11 14:00:00+00:00
[2026-09-10T05:10:19.773+0000] {logging_mixin.py:188} INFO - [2026-09-10T05:10:19.772+0000] {dag.py:3954} INFO - Setting next_dagrun for update_db to None, run_after=None
[2026-09-10T05:10:19.878+0000] {processor.py:183} INFO - Processing /opt/airflow/dags/main.py took 5.268 seconds
[2026-09-10T05:10:51.518+0000] {processor.py:161} INFO - Started process (PID=100) to work on /opt/airflow/dags/main.py
[2026-09-10T05:10:51.581+0000] {processor.py:830} INFO - Processing file /opt/airflow/dags/main.py for tasks to queue
[2026-09-10T05:10:51.645+0000] {logging_mixin.py:188} INFO - [2026-09-10T05:10:51.645+0000] {dagbag.py:545} INFO - Filling up the DagBag from /opt/airflow/dags/main.py
[2026-09-10T05:10:53.944+0000] {logging_mixin.py:188} INFO - channel id is not executed
[2026-09-10T05:10:58.937+0000] {processor.py:840} INFO - DAG(s) 'update_db', 'produce_json', 'data_quality' retrieved from /opt/airflow/dags/main.py
[2026-09-10T05:10:59.920+0000] {logging_mixin.py:188} INFO - [2026-09-10T05:10:59.919+0000] {dag.py:3096} INFO - Sync 3 DAGs
[2026-09-10T05:11:00.063+0000] {logging_mixin.py:188} INFO - [2026-09-10T05:11:00.063+0000] {dag.py:3954} INFO - Setting next_dagrun for data_quality to None, run_after=None
[2026-09-10T05:11:00.114+0000] {logging_mixin.py:188} INFO - [2026-09-10T05:11:00.114+0000] {dag.py:3954} INFO - Setting next_dagrun for produce_json to 2026-09-10 14:00:00+00:00, run_after=2026-09-11 14:00:00+00:00
[2026-09-10T05:11:00.142+0000] {logging_mixin.py:188} INFO - [2026-09-10T05:11:00.142+0000] {dag.py:3954} INFO - Setting next_dagrun for update_db to None, run_after=None
[2026-09-10T05:11:00.240+0000] {processor.py:183} INFO - Processing /opt/airflow/dags/main.py took 8.853 seconds
[2026-09-10T05:11:32.020+0000] {processor.py:161} INFO - Started process (PID=107) to work on /opt/airflow/dags/main.py
[2026-09-10T05:11:32.051+0000] {processor.py:830} INFO - Processing file /opt/airflow/dags/main.py for tasks to queue
[2026-09-10T05:11:32.146+0000] {logging_mixin.py:188} INFO - [2026-09-10T05:11:32.131+0000] {dagbag.py:545} INFO - Filling up the DagBag from /opt/airflow/dags/main.py
[2026-09-10T05:11:34.834+0000] {logging_mixin.py:188} INFO - channel id is not executed
[2026-09-10T05:11:35.560+0000] {processor.py:840} INFO - DAG(s) 'update_db', 'produce_json', 'data_quality' retrieved from /opt/airflow/dags/main.py
[2026-09-10T05:11:36.225+0000] {logging_mixin.py:188} INFO - [2026-09-10T05:11:36.225+0000] {dag.py:3096} INFO - Sync 3 DAGs
[2026-09-10T05:11:36.321+0000] {logging_mixin.py:188} INFO - [2026-09-10T05:11:36.321+0000] {dag.py:3954} INFO - Setting next_dagrun for data_quality to None, run_after=None
[2026-09-10T05:11:36.368+0000] {logging_mixin.py:188} INFO - [2026-09-10T05:11:36.368+0000] {dag.py:3954} INFO - Setting next_dagrun for produce_json to 2026-09-10 14:00:00+00:00, run_after=2026-09-11 14:00:00+00:00
[2026-09-10T05:11:36.388+0000] {logging_mixin.py:188} INFO - [2026-09-10T05:11:36.388+0000] {dag.py:3954} INFO - Setting next_dagrun for update_db to None, run_after=None
[2026-09-10T05:11:36.516+0000] {processor.py:183} INFO - Processing /opt/airflow/dags/main.py took 4.619 seconds
[2026-09-10T05:12:07.135+0000] {processor.py:161} INFO - Started process (PID=120) to work on /opt/airflow/dags/main.py
[2026-09-10T05:12:07.138+0000] {processor.py:830} INFO - Processing file /opt/airflow/dags/main.py for tasks to queue
[2026-09-10T05:12:07.142+0000] {logging_mixin.py:188} INFO - [2026-09-10T05:12:07.141+0000] {dagbag.py:545} INFO - Filling up the DagBag from /opt/airflow/dags/main.py
[2026-09-10T05:12:07.385+0000] {logging_mixin.py:188} INFO - channel id is not executed
[2026-09-10T05:12:07.589+0000] {processor.py:840} INFO - DAG(s) 'update_db', 'data_quality', 'produce_json' retrieved from /opt/airflow/dags/main.py
[2026-09-10T05:12:07.965+0000] {logging_mixin.py:188} INFO - [2026-09-10T05:12:07.965+0000] {dag.py:3096} INFO - Sync 3 DAGs
[2026-09-10T05:12:08.113+0000] {logging_mixin.py:188} INFO - [2026-09-10T05:12:08.112+0000] {dag.py:3954} INFO - Setting next_dagrun for data_quality to None, run_after=None
[2026-09-10T05:12:08.146+0000] {logging_mixin.py:188} INFO - [2026-09-10T05:12:08.145+0000] {dag.py:3954} INFO - Setting next_dagrun for produce_json to 2026-09-10 14:00:00+00:00, run_after=2026-09-11 14:00:00+00:00
[2026-09-10T05:12:08.160+0000] {logging_mixin.py:188} INFO - [2026-09-10T05:12:08.159+0000] {dag.py:3954} INFO - Setting next_dagrun for update_db to None, run_after=None
[2026-09-10T05:12:08.194+0000] {processor.py:183} INFO - Processing /opt/airflow/dags/main.py took 1.078 seconds
[2026-09-10T05:12:38.916+0000] {processor.py:161} INFO - Started process (PID=127) to work on /opt/airflow/dags/main.py
[2026-09-10T05:12:38.919+0000] {processor.py:830} INFO - Processing file /opt/airflow/dags/main.py for tasks to queue
[2026-09-10T05:12:38.929+0000] {logging_mixin.py:188} INFO - [2026-09-10T05:12:38.928+0000] {dagbag.py:545} INFO - Filling up the DagBag from /opt/airflow/dags/main.py
[2026-09-10T05:12:39.000+0000] {logging_mixin.py:188} INFO - channel id is not executed
[2026-09-10T05:12:39.133+0000] {processor.py:840} INFO - DAG(s) 'produce_json', 'update_db', 'data_quality' retrieved from /opt/airflow/dags/main.py
[2026-09-10T05:12:39.363+0000] {logging_mixin.py:188} INFO - [2026-09-10T05:12:39.362+0000] {dag.py:3096} INFO - Sync 3 DAGs
[2026-09-10T05:12:39.396+0000] {logging_mixin.py:188} INFO - [2026-09-10T05:12:39.395+0000] {dag.py:3954} INFO - Setting next_dagrun for data_quality to None, run_after=None
[2026-09-10T05:12:39.404+0000] {logging_mixin.py:188} INFO - [2026-09-10T05:12:39.404+0000] {dag.py:3954} INFO - Setting next_dagrun for produce_json to 2026-09-10 14:00:00+00:00, run_after=2026-09-11 14:00:00+00:00
[2026-09-10T05:12:39.408+0000] {logging_mixin.py:188} INFO - [2026-09-10T05:12:39.408+0000] {dag.py:3954} INFO - Setting next_dagrun for update_db to None, run_after=None
[2026-09-10T05:12:39.448+0000] {processor.py:183} INFO - Processing /opt/airflow/dags/main.py took 0.549 seconds
[2026-09-10T05:13:10.119+0000] {processor.py:161} INFO - Started process (PID=134) to work on /opt/airflow/dags/main.py
[2026-09-10T05:13:10.122+0000] {processor.py:830} INFO - Processing file /opt/airflow/dags/main.py for tasks to queue
[2026-09-10T05:13:10.127+0000] {logging_mixin.py:188} INFO - [2026-09-10T05:13:10.126+0000] {dagbag.py:545} INFO - Filling up the DagBag from /opt/airflow/dags/main.py
[2026-09-10T05:13:10.197+0000] {logging_mixin.py:188} INFO - channel id is not executed
[2026-09-10T05:13:10.350+0000] {processor.py:840} INFO - DAG(s) 'update_db', 'data_quality', 'produce_json' retrieved from /opt/airflow/dags/main.py
[2026-09-10T05:13:10.564+0000] {logging_mixin.py:188} INFO - [2026-09-10T05:13:10.563+0000] {dag.py:3096} INFO - Sync 3 DAGs
[2026-09-10T05:13:10.594+0000] {logging_mixin.py:188} INFO - [2026-09-10T05:13:10.594+0000] {dag.py:3954} INFO - Setting next_dagrun for data_quality to None, run_after=None
[2026-09-10T05:13:10.603+0000] {logging_mixin.py:188} INFO - [2026-09-10T05:13:10.602+0000] {dag.py:3954} INFO - Setting next_dagrun for produce_json to 2026-09-10 14:00:00+00:00, run_after=2026-09-11 14:00:00+00:00
[2026-09-10T05:13:10.611+0000] {logging_mixin.py:188} INFO - [2026-09-10T05:13:10.610+0000] {dag.py:3954} INFO - Setting next_dagrun for update_db to None, run_after=None
[2026-09-10T05:13:10.662+0000] {processor.py:183} INFO - Processing /opt/airflow/dags/main.py took 0.551 seconds
[2026-09-10T05:13:41.471+0000] {processor.py:161} INFO - Started process (PID=141) to work on /opt/airflow/dags/main.py
[2026-09-10T05:13:41.474+0000] {processor.py:830} INFO - Processing file /opt/airflow/dags/main.py for tasks to queue
[2026-09-10T05:13:41.478+0000] {logging_mixin.py:188} INFO - [2026-09-10T05:13:41.478+0000] {dagbag.py:545} INFO - Filling up the DagBag from /opt/airflow/dags/main.py
[2026-09-10T05:13:41.604+0000] {logging_mixin.py:188} INFO - channel id is not executed
[2026-09-10T05:13:41.768+0000] {processor.py:840} INFO - DAG(s) 'produce_json', 'update_db', 'data_quality' retrieved from /opt/airflow/dags/main.py
[2026-09-10T05:13:42.026+0000] {logging_mixin.py:188} INFO - [2026-09-10T05:13:42.026+0000] {dag.py:3096} INFO - Sync 3 DAGs
[2026-09-10T05:13:42.060+0000] {logging_mixin.py:188} INFO - [2026-09-10T05:13:42.060+0000] {dag.py:3954} INFO - Setting next_dagrun for data_quality to None, run_after=None
[2026-09-10T05:13:42.079+0000] {logging_mixin.py:188} INFO - [2026-09-10T05:13:42.078+0000] {dag.py:3954} INFO - Setting next_dagrun for produce_json to 2026-09-10 14:00:00+00:00, run_after=2026-09-11 14:00:00+00:00
[2026-09-10T05:13:42.091+0000] {logging_mixin.py:188} INFO - [2026-09-10T05:13:42.090+0000] {dag.py:3954} INFO - Setting next_dagrun for update_db to None, run_after=None
[2026-09-10T05:13:42.142+0000] {processor.py:183} INFO - Processing /opt/airflow/dags/main.py took 0.682 seconds
[2026-09-10T05:14:12.415+0000] {processor.py:161} INFO - Started process (PID=147) to work on /opt/airflow/dags/main.py
[2026-09-10T05:14:12.417+0000] {processor.py:830} INFO - Processing file /opt/airflow/dags/main.py for tasks to queue
[2026-09-10T05:14:12.422+0000] {logging_mixin.py:188} INFO - [2026-09-10T05:14:12.421+0000] {dagbag.py:545} INFO - Filling up the DagBag from /opt/airflow/dags/main.py
[2026-09-10T05:14:12.495+0000] {logging_mixin.py:188} INFO - channel id is not executed
[2026-09-10T05:14:12.628+0000] {processor.py:840} INFO - DAG(s) 'produce_json', 'update_db', 'data_quality' retrieved from /opt/airflow/dags/main.py
[2026-09-10T05:14:12.936+0000] {logging_mixin.py:188} INFO - [2026-09-10T05:14:12.936+0000] {dag.py:3096} INFO - Sync 3 DAGs
[2026-09-10T05:14:12.984+0000] {logging_mixin.py:188} INFO - [2026-09-10T05:14:12.983+0000] {dag.py:3954} INFO - Setting next_dagrun for data_quality to None, run_after=None
[2026-09-10T05:14:12.995+0000] {logging_mixin.py:188} INFO - [2026-09-10T05:14:12.993+0000] {dag.py:3954} INFO - Setting next_dagrun for produce_json to 2026-09-10 14:00:00+00:00, run_after=2026-09-11 14:00:00+00:00
[2026-09-10T05:14:12.999+0000] {logging_mixin.py:188} INFO - [2026-09-10T05:14:12.998+0000] {dag.py:3954} INFO - Setting next_dagrun for update_db to None, run_after=None
[2026-09-10T05:14:13.045+0000] {processor.py:183} INFO - Processing /opt/airflow/dags/main.py took 0.639 seconds
[2026-09-10T05:14:43.914+0000] {processor.py:161} INFO - Started process (PID=154) to work on /opt/airflow/dags/main.py
[2026-09-10T05:14:43.917+0000] {processor.py:830} INFO - Processing file /opt/airflow/dags/main.py for tasks to queue
[2026-09-10T05:14:43.931+0000] {logging_mixin.py:188} INFO - [2026-09-10T05:14:43.926+0000] {dagbag.py:545} INFO - Filling up the DagBag from /opt/airflow/dags/main.py
[2026-09-10T05:14:44.095+0000] {logging_mixin.py:188} INFO - channel id is not executed
[2026-09-10T05:14:44.313+0000] {processor.py:840} INFO - DAG(s) 'update_db', 'produce_json', 'data_quality' retrieved from /opt/airflow/dags/main.py
[2026-09-10T05:14:44.820+0000] {logging_mixin.py:188} INFO - [2026-09-10T05:14:44.820+0000] {dag.py:3096} INFO - Sync 3 DAGs
[2026-09-10T05:14:45.001+0000] {logging_mixin.py:188} INFO - [2026-09-10T05:14:45.001+0000] {dag.py:3954} INFO - Setting next_dagrun for data_quality to None, run_after=None
[2026-09-10T05:14:45.014+0000] {logging_mixin.py:188} INFO - [2026-09-10T05:14:45.013+0000] {dag.py:3954} INFO - Setting next_dagrun for produce_json to 2026-09-10 14:00:00+00:00, run_after=2026-09-11 14:00:00+00:00
[2026-09-10T05:14:45.017+0000] {logging_mixin.py:188} INFO - [2026-09-10T05:14:45.017+0000] {dag.py:3954} INFO - Setting next_dagrun for update_db to None, run_after=None
[2026-09-10T05:14:45.061+0000] {processor.py:183} INFO - Processing /opt/airflow/dags/main.py took 1.166 seconds
[2026-09-10T05:15:15.871+0000] {processor.py:161} INFO - Started process (PID=161) to work on /opt/airflow/dags/main.py
[2026-09-10T05:15:15.874+0000] {processor.py:830} INFO - Processing file /opt/airflow/dags/main.py for tasks to queue
[2026-09-10T05:15:15.886+0000] {logging_mixin.py:188} INFO - [2026-09-10T05:15:15.886+0000] {dagbag.py:545} INFO - Filling up the DagBag from /opt/airflow/dags/main.py
[2026-09-10T05:15:15.984+0000] {logging_mixin.py:188} INFO - channel id is not executed
[2026-09-10T05:15:16.131+0000] {processor.py:840} INFO - DAG(s) 'data_quality', 'update_db', 'produce_json' retrieved from /opt/airflow/dags/main.py
[2026-09-10T05:15:16.477+0000] {logging_mixin.py:188} INFO - [2026-09-10T05:15:16.476+0000] {dag.py:3096} INFO - Sync 3 DAGs
[2026-09-10T05:15:16.512+0000] {logging_mixin.py:188} INFO - [2026-09-10T05:15:16.512+0000] {dag.py:3954} INFO - Setting next_dagrun for data_quality to None, run_after=None
[2026-09-10T05:15:16.522+0000] {logging_mixin.py:188} INFO - [2026-09-10T05:15:16.521+0000] {dag.py:3954} INFO - Setting next_dagrun for produce_json to 2026-09-10 14:00:00+00:00, run_after=2026-09-11 14:00:00+00:00
[2026-09-10T05:15:16.545+0000] {logging_mixin.py:188} INFO - [2026-09-10T05:15:16.545+0000] {dag.py:3954} INFO - Setting next_dagrun for update_db to None, run_after=None
[2026-09-10T05:15:16.614+0000] {processor.py:183} INFO - Processing /opt/airflow/dags/main.py took 0.758 seconds
[2026-09-10T05:15:47.418+0000] {processor.py:161} INFO - Started process (PID=168) to work on /opt/airflow/dags/main.py
[2026-09-10T05:15:47.421+0000] {processor.py:830} INFO - Processing file /opt/airflow/dags/main.py for tasks to queue
[2026-09-10T05:15:47.431+0000] {logging_mixin.py:188} INFO - [2026-09-10T05:15:47.431+0000] {dagbag.py:545} INFO - Filling up the DagBag from /opt/airflow/dags/main.py
[2026-09-10T05:15:47.655+0000] {logging_mixin.py:188} INFO - channel id is not executed
[2026-09-10T05:15:48.006+0000] {processor.py:840} INFO - DAG(s) 'produce_json', 'data_quality', 'update_db' retrieved from /opt/airflow/dags/main.py
[2026-09-10T05:15:48.546+0000] {logging_mixin.py:188} INFO - [2026-09-10T05:15:48.532+0000] {dag.py:3096} INFO - Sync 3 DAGs
[2026-09-10T05:15:48.665+0000] {logging_mixin.py:188} INFO - [2026-09-10T05:15:48.664+0000] {dag.py:3954} INFO - Setting next_dagrun for data_quality to None, run_after=None
[2026-09-10T05:15:48.825+0000] {logging_mixin.py:188} INFO - [2026-09-10T05:15:48.824+0000] {dag.py:3954} INFO - Setting next_dagrun for produce_json to 2026-09-10 14:00:00+00:00, run_after=2026-09-11 14:00:00+00:00
[2026-09-10T05:15:48.839+0000] {logging_mixin.py:188} INFO - [2026-09-10T05:15:48.838+0000] {dag.py:3954} INFO - Setting next_dagrun for update_db to None, run_after=None
[2026-09-10T05:15:49.014+0000] {processor.py:183} INFO - Processing /opt/airflow/dags/main.py took 1.613 seconds
[2026-09-10T05:16:19.452+0000] {processor.py:161} INFO - Started process (PID=174) to work on /opt/airflow/dags/main.py
[2026-09-10T05:16:19.454+0000] {processor.py:830} INFO - Processing file /opt/airflow/dags/main.py for tasks to queue
[2026-09-10T05:16:19.474+0000] {logging_mixin.py:188} INFO - [2026-09-10T05:16:19.460+0000] {dagbag.py:545} INFO - Filling up the DagBag from /opt/airflow/dags/main.py
[2026-09-10T05:16:19.552+0000] {logging_mixin.py:188} INFO - channel id is not executed
[2026-09-10T05:16:19.857+0000] {processor.py:840} INFO - DAG(s) 'data_quality', 'produce_json', 'update_db' retrieved from /opt/airflow/dags/main.py
[2026-09-10T05:16:20.197+0000] {logging_mixin.py:188} INFO - [2026-09-10T05:16:20.196+0000] {dag.py:3096} INFO - Sync 3 DAGs
[2026-09-10T05:16:20.232+0000] {logging_mixin.py:188} INFO - [2026-09-10T05:16:20.232+0000] {dag.py:3954} INFO - Setting next_dagrun for data_quality to None, run_after=None
[2026-09-10T05:16:20.243+0000] {logging_mixin.py:188} INFO - [2026-09-10T05:16:20.243+0000] {dag.py:3954} INFO - Setting next_dagrun for produce_json to 2026-09-10 14:00:00+00:00, run_after=2026-09-11 14:00:00+00:00
[2026-09-10T05:16:20.247+0000] {logging_mixin.py:188} INFO - [2026-09-10T05:16:20.247+0000] {dag.py:3954} INFO - Setting next_dagrun for update_db to None, run_after=None
[2026-09-10T05:16:20.305+0000] {processor.py:183} INFO - Processing /opt/airflow/dags/main.py took 0.868 seconds
[2026-09-10T05:16:51.197+0000] {processor.py:161} INFO - Started process (PID=180) to work on /opt/airflow/dags/main.py
[2026-09-10T05:16:51.200+0000] {processor.py:830} INFO - Processing file /opt/airflow/dags/main.py for tasks to queue
[2026-09-10T05:16:51.207+0000] {logging_mixin.py:188} INFO - [2026-09-10T05:16:51.206+0000] {dagbag.py:545} INFO - Filling up the DagBag from /opt/airflow/dags/main.py
[2026-09-10T05:16:51.285+0000] {logging_mixin.py:188} INFO - channel id is not executed
[2026-09-10T05:16:51.405+0000] {processor.py:840} INFO - DAG(s) 'data_quality', 'produce_json', 'update_db' retrieved from /opt/airflow/dags/main.py
[2026-09-10T05:16:51.684+0000] {logging_mixin.py:188} INFO - [2026-09-10T05:16:51.684+0000] {dag.py:3096} INFO - Sync 3 DAGs
[2026-09-10T05:16:51.795+0000] {logging_mixin.py:188} INFO - [2026-09-10T05:16:51.794+0000] {dag.py:3954} INFO - Setting next_dagrun for data_quality to None, run_after=None
[2026-09-10T05:16:51.845+0000] {logging_mixin.py:188} INFO - [2026-09-10T05:16:51.844+0000] {dag.py:3954} INFO - Setting next_dagrun for produce_json to 2026-09-10 14:00:00+00:00, run_after=2026-09-11 14:00:00+00:00
[2026-09-10T05:16:51.863+0000] {logging_mixin.py:188} INFO - [2026-09-10T05:16:51.863+0000] {dag.py:3954} INFO - Setting next_dagrun for update_db to None, run_after=None
[2026-09-10T05:16:51.908+0000] {processor.py:183} INFO - Processing /opt/airflow/dags/main.py took 0.727 seconds
[2026-09-10T05:17:22.609+0000] {processor.py:161} INFO - Started process (PID=187) to work on /opt/airflow/dags/main.py
[2026-09-10T05:17:22.612+0000] {processor.py:830} INFO - Processing file /opt/airflow/dags/main.py for tasks to queue
[2026-09-10T05:17:22.616+0000] {logging_mixin.py:188} INFO - [2026-09-10T05:17:22.616+0000] {dagbag.py:545} INFO - Filling up the DagBag from /opt/airflow/dags/main.py
[2026-09-10T05:17:22.709+0000] {logging_mixin.py:188} INFO - channel id is not executed
[2026-09-10T05:17:22.908+0000] {processor.py:840} INFO - DAG(s) 'update_db', 'produce_json', 'data_quality' retrieved from /opt/airflow/dags/main.py
[2026-09-10T05:17:23.189+0000] {logging_mixin.py:188} INFO - [2026-09-10T05:17:23.188+0000] {dag.py:3096} INFO - Sync 3 DAGs
[2026-09-10T05:17:23.251+0000] {logging_mixin.py:188} INFO - [2026-09-10T05:17:23.250+0000] {dag.py:3954} INFO - Setting next_dagrun for data_quality to None, run_after=None
[2026-09-10T05:17:23.277+0000] {logging_mixin.py:188} INFO - [2026-09-10T05:17:23.277+0000] {dag.py:3954} INFO - Setting next_dagrun for produce_json to 2026-09-10 14:00:00+00:00, run_after=2026-09-11 14:00:00+00:00
[2026-09-10T05:17:23.281+0000] {logging_mixin.py:188} INFO - [2026-09-10T05:17:23.281+0000] {dag.py:3954} INFO - Setting next_dagrun for update_db to None, run_after=None
[2026-09-10T05:17:23.330+0000] {processor.py:183} INFO - Processing /opt/airflow/dags/main.py took 0.732 seconds
[2026-09-10T05:17:53.823+0000] {processor.py:161} INFO - Started process (PID=194) to work on /opt/airflow/dags/main.py
[2026-09-10T05:17:53.825+0000] {processor.py:830} INFO - Processing file /opt/airflow/dags/main.py for tasks to queue
[2026-09-10T05:17:53.829+0000] {logging_mixin.py:188} INFO - [2026-09-10T05:17:53.828+0000] {dagbag.py:545} INFO - Filling up the DagBag from /opt/airflow/dags/main.py
[2026-09-10T05:17:53.905+0000] {logging_mixin.py:188} INFO - channel id is not executed
[2026-09-10T05:17:54.006+0000] {processor.py:840} INFO - DAG(s) 'update_db', 'data_quality', 'produce_json' retrieved from /opt/airflow/dags/main.py
[2026-09-10T05:17:54.310+0000] {logging_mixin.py:188} INFO - [2026-09-10T05:17:54.310+0000] {dag.py:3096} INFO - Sync 3 DAGs
[2026-09-10T05:17:54.343+0000] {logging_mixin.py:188} INFO - [2026-09-10T05:17:54.343+0000] {dag.py:3954} INFO - Setting next_dagrun for data_quality to None, run_after=None
[2026-09-10T05:17:54.352+0000] {logging_mixin.py:188} INFO - [2026-09-10T05:17:54.351+0000] {dag.py:3954} INFO - Setting next_dagrun for produce_json to 2026-09-10 14:00:00+00:00, run_after=2026-09-11 14:00:00+00:00
[2026-09-10T05:17:54.355+0000] {logging_mixin.py:188} INFO - [2026-09-10T05:17:54.355+0000] {dag.py:3954} INFO - Setting next_dagrun for update_db to None, run_after=None
[2026-09-10T05:17:54.394+0000] {processor.py:183} INFO - Processing /opt/airflow/dags/main.py took 0.581 seconds
[2026-09-10T05:18:25.120+0000] {processor.py:161} INFO - Started process (PID=201) to work on /opt/airflow/dags/main.py
[2026-09-10T05:18:25.126+0000] {processor.py:830} INFO - Processing file /opt/airflow/dags/main.py for tasks to queue
[2026-09-10T05:18:25.131+0000] {logging_mixin.py:188} INFO - [2026-09-10T05:18:25.131+0000] {dagbag.py:545} INFO - Filling up the DagBag from /opt/airflow/dags/main.py
[2026-09-10T05:18:25.248+0000] {logging_mixin.py:188} INFO - channel id is not executed
[2026-09-10T05:18:25.481+0000] {processor.py:840} INFO - DAG(s) 'update_db', 'produce_json', 'data_quality' retrieved from /opt/airflow/dags/main.py
[2026-09-10T05:18:25.814+0000] {logging_mixin.py:188} INFO - [2026-09-10T05:18:25.813+0000] {dag.py:3096} INFO - Sync 3 DAGs
[2026-09-10T05:18:25.870+0000] {logging_mixin.py:188} INFO - [2026-09-10T05:18:25.870+0000] {dag.py:3954} INFO - Setting next_dagrun for data_quality to None, run_after=None
[2026-09-10T05:18:25.884+0000] {logging_mixin.py:188} INFO - [2026-09-10T05:18:25.883+0000] {dag.py:3954} INFO - Setting next_dagrun for produce_json to 2026-09-10 14:00:00+00:00, run_after=2026-09-11 14:00:00+00:00
[2026-09-10T05:18:25.889+0000] {logging_mixin.py:188} INFO - [2026-09-10T05:18:25.887+0000] {dag.py:3954} INFO - Setting next_dagrun for update_db to None, run_after=None
[2026-09-10T05:18:26.020+0000] {processor.py:183} INFO - Processing /opt/airflow/dags/main.py took 0.921 seconds
[2026-09-10T05:18:56.299+0000] {processor.py:161} INFO - Started process (PID=208) to work on /opt/airflow/dags/main.py
[2026-09-10T05:18:56.304+0000] {processor.py:830} INFO - Processing file /opt/airflow/dags/main.py for tasks to queue
[2026-09-10T05:18:56.309+0000] {logging_mixin.py:188} INFO - [2026-09-10T05:18:56.309+0000] {dagbag.py:545} INFO - Filling up the DagBag from /opt/airflow/dags/main.py
[2026-09-10T05:18:56.385+0000] {logging_mixin.py:188} INFO - channel id is not executed
[2026-09-10T05:18:56.561+0000] {processor.py:840} INFO - DAG(s) 'update_db', 'produce_json', 'data_quality' retrieved from /opt/airflow/dags/main.py
[2026-09-10T05:18:56.845+0000] {logging_mixin.py:188} INFO - [2026-09-10T05:18:56.844+0000] {dag.py:3096} INFO - Sync 3 DAGs
[2026-09-10T05:18:56.897+0000] {logging_mixin.py:188} INFO - [2026-09-10T05:18:56.896+0000] {dag.py:3954} INFO - Setting next_dagrun for data_quality to None, run_after=None
[2026-09-10T05:18:56.937+0000] {logging_mixin.py:188} INFO - [2026-09-10T05:18:56.937+0000] {dag.py:3954} INFO - Setting next_dagrun for produce_json to 2026-09-10 14:00:00+00:00, run_after=2026-09-11 14:00:00+00:00
[2026-09-10T05:18:56.967+0000] {logging_mixin.py:188} INFO - [2026-09-10T05:18:56.967+0000] {dag.py:3954} INFO - Setting next_dagrun for update_db to None, run_after=None
[2026-09-10T05:18:57.118+0000] {processor.py:183} INFO - Processing /opt/airflow/dags/main.py took 0.833 seconds
[2026-09-10T05:19:28.873+0000] {processor.py:161} INFO - Started process (PID=215) to work on /opt/airflow/dags/main.py
[2026-09-10T05:19:28.946+0000] {processor.py:830} INFO - Processing file /opt/airflow/dags/main.py for tasks to queue
[2026-09-10T05:19:28.974+0000] {logging_mixin.py:188} INFO - [2026-09-10T05:19:28.972+0000] {dagbag.py:545} INFO - Filling up the DagBag from /opt/airflow/dags/main.py
[2026-09-10T05:19:30.074+0000] {logging_mixin.py:188} INFO - channel id is not executed
[2026-09-10T05:19:31.973+0000] {processor.py:840} INFO - DAG(s) 'update_db', 'produce_json', 'data_quality' retrieved from /opt/airflow/dags/main.py
[2026-09-10T05:19:34.034+0000] {logging_mixin.py:188} INFO - [2026-09-10T05:19:34.033+0000] {dag.py:3096} INFO - Sync 3 DAGs
[2026-09-10T05:19:34.187+0000] {logging_mixin.py:188} INFO - [2026-09-10T05:19:34.186+0000] {dag.py:3954} INFO - Setting next_dagrun for data_quality to None, run_after=None
[2026-09-10T05:19:34.277+0000] {logging_mixin.py:188} INFO - [2026-09-10T05:19:34.269+0000] {dag.py:3954} INFO - Setting next_dagrun for produce_json to 2026-09-10 14:00:00+00:00, run_after=2026-09-11 14:00:00+00:00
[2026-09-10T05:19:34.292+0000] {logging_mixin.py:188} INFO - [2026-09-10T05:19:34.291+0000] {dag.py:3954} INFO - Setting next_dagrun for update_db to None, run_after=None
[2026-09-10T05:19:34.622+0000] {processor.py:183} INFO - Processing /opt/airflow/dags/main.py took 6.356 seconds
[2026-09-10T05:20:05.911+0000] {processor.py:161} INFO - Started process (PID=222) to work on /opt/airflow/dags/main.py
[2026-09-10T05:20:05.913+0000] {processor.py:830} INFO - Processing file /opt/airflow/dags/main.py for tasks to queue
[2026-09-10T05:20:05.917+0000] {logging_mixin.py:188} INFO - [2026-09-10T05:20:05.917+0000] {dagbag.py:545} INFO - Filling up the DagBag from /opt/airflow/dags/main.py
[2026-09-10T05:20:06.188+0000] {logging_mixin.py:188} INFO - channel id is not executed
[2026-09-10T05:20:06.714+0000] {processor.py:840} INFO - DAG(s) 'produce_json', 'data_quality', 'update_db' retrieved from /opt/airflow/dags/main.py
[2026-09-10T05:20:07.310+0000] {logging_mixin.py:188} INFO - [2026-09-10T05:20:07.310+0000] {dag.py:3096} INFO - Sync 3 DAGs
[2026-09-10T05:20:07.424+0000] {logging_mixin.py:188} INFO - [2026-09-10T05:20:07.424+0000] {dag.py:3954} INFO - Setting next_dagrun for data_quality to None, run_after=None
[2026-09-10T05:20:07.477+0000] {logging_mixin.py:188} INFO - [2026-09-10T05:20:07.476+0000] {dag.py:3954} INFO - Setting next_dagrun for produce_json to 2026-09-10 14:00:00+00:00, run_after=2026-09-11 14:00:00+00:00
[2026-09-10T05:20:07.522+0000] {logging_mixin.py:188} INFO - [2026-09-10T05:20:07.521+0000] {dag.py:3954} INFO - Setting next_dagrun for update_db to None, run_after=None
[2026-09-10T05:20:07.820+0000] {processor.py:183} INFO - Processing /opt/airflow/dags/main.py took 1.941 seconds
[2026-09-10T05:20:38.595+0000] {processor.py:161} INFO - Started process (PID=233) to work on /opt/airflow/dags/main.py
[2026-09-10T05:20:38.599+0000] {processor.py:830} INFO - Processing file /opt/airflow/dags/main.py for tasks to queue
[2026-09-10T05:20:38.611+0000] {logging_mixin.py:188} INFO - [2026-09-10T05:20:38.610+0000] {dagbag.py:545} INFO - Filling up the DagBag from /opt/airflow/dags/main.py
[2026-09-10T05:20:38.708+0000] {logging_mixin.py:188} INFO - channel id is not executed
[2026-09-10T05:20:38.856+0000] {processor.py:840} INFO - DAG(s) 'data_quality', 'produce_json', 'update_db' retrieved from /opt/airflow/dags/main.py
[2026-09-10T05:20:39.223+0000] {logging_mixin.py:188} INFO - [2026-09-10T05:20:39.222+0000] {dag.py:3096} INFO - Sync 3 DAGs
[2026-09-10T05:20:39.270+0000] {logging_mixin.py:188} INFO - [2026-09-10T05:20:39.262+0000] {dag.py:3954} INFO - Setting next_dagrun for data_quality to None, run_after=None
[2026-09-10T05:20:39.306+0000] {logging_mixin.py:188} INFO - [2026-09-10T05:20:39.306+0000] {dag.py:3954} INFO - Setting next_dagrun for produce_json to 2026-09-10 14:00:00+00:00, run_after=2026-09-11 14:00:00+00:00
[2026-09-10T05:20:39.323+0000] {logging_mixin.py:188} INFO - [2026-09-10T05:20:39.323+0000] {dag.py:3954} INFO - Setting next_dagrun for update_db to None, run_after=None
[2026-09-10T05:20:39.392+0000] {processor.py:183} INFO - Processing /opt/airflow/dags/main.py took 0.809 seconds
[2026-09-10T05:21:10.313+0000] {processor.py:161} INFO - Started process (PID=241) to work on /opt/airflow/dags/main.py
[2026-09-10T05:21:10.325+0000] {processor.py:830} INFO - Processing file /opt/airflow/dags/main.py for tasks to queue
[2026-09-10T05:21:10.329+0000] {logging_mixin.py:188} INFO - [2026-09-10T05:21:10.329+0000] {dagbag.py:545} INFO - Filling up the DagBag from /opt/airflow/dags/main.py
[2026-09-10T05:21:10.443+0000] {logging_mixin.py:188} INFO - channel id is not executed
[2026-09-10T05:21:10.742+0000] {processor.py:840} INFO - DAG(s) 'update_db', 'produce_json', 'data_quality' retrieved from /opt/airflow/dags/main.py
[2026-09-10T05:21:11.228+0000] {logging_mixin.py:188} INFO - [2026-09-10T05:21:11.228+0000] {dag.py:3096} INFO - Sync 3 DAGs
[2026-09-10T05:21:11.279+0000] {logging_mixin.py:188} INFO - [2026-09-10T05:21:11.278+0000] {dag.py:3954} INFO - Setting next_dagrun for data_quality to None, run_after=None
[2026-09-10T05:21:11.313+0000] {logging_mixin.py:188} INFO - [2026-09-10T05:21:11.303+0000] {dag.py:3954} INFO - Setting next_dagrun for produce_json to 2026-09-10 14:00:00+00:00, run_after=2026-09-11 14:00:00+00:00
[2026-09-10T05:21:11.330+0000] {logging_mixin.py:188} INFO - [2026-09-10T05:21:11.330+0000] {dag.py:3954} INFO - Setting next_dagrun for update_db to None, run_after=None
[2026-09-10T05:21:11.405+0000] {processor.py:183} INFO - Processing /opt/airflow/dags/main.py took 1.102 seconds
[2026-09-10T05:21:42.162+0000] {processor.py:161} INFO - Started process (PID=248) to work on /opt/airflow/dags/main.py
[2026-09-10T05:21:42.165+0000] {processor.py:830} INFO - Processing file /opt/airflow/dags/main.py for tasks to queue
[2026-09-10T05:21:42.172+0000] {logging_mixin.py:188} INFO - [2026-09-10T05:21:42.171+0000] {dagbag.py:545} INFO - Filling up the DagBag from /opt/airflow/dags/main.py
[2026-09-10T05:21:42.266+0000] {logging_mixin.py:188} INFO - channel id is not executed
[2026-09-10T05:21:42.518+0000] {processor.py:840} INFO - DAG(s) 'produce_json', 'update_db', 'data_quality' retrieved from /opt/airflow/dags/main.py
[2026-09-10T05:21:42.938+0000] {logging_mixin.py:188} INFO - [2026-09-10T05:21:42.937+0000] {dag.py:3096} INFO - Sync 3 DAGs
[2026-09-10T05:21:43.047+0000] {logging_mixin.py:188} INFO - [2026-09-10T05:21:43.046+0000] {dag.py:3954} INFO - Setting next_dagrun for data_quality to None, run_after=None
[2026-09-10T05:21:43.062+0000] {logging_mixin.py:188} INFO - [2026-09-10T05:21:43.061+0000] {dag.py:3954} INFO - Setting next_dagrun for produce_json to 2026-09-10 14:00:00+00:00, run_after=2026-09-11 14:00:00+00:00
[2026-09-10T05:21:43.066+0000] {logging_mixin.py:188} INFO - [2026-09-10T05:21:43.065+0000] {dag.py:3954} INFO - Setting next_dagrun for update_db to None, run_after=None
[2026-09-10T05:21:43.125+0000] {processor.py:183} INFO - Processing /opt/airflow/dags/main.py took 0.980 seconds
[2026-09-10T05:22:13.230+0000] {processor.py:161} INFO - Started process (PID=255) to work on /opt/airflow/dags/main.py
[2026-09-10T05:22:13.233+0000] {processor.py:830} INFO - Processing file /opt/airflow/dags/main.py for tasks to queue
[2026-09-10T05:22:13.238+0000] {logging_mixin.py:188} INFO - [2026-09-10T05:22:13.237+0000] {dagbag.py:545} INFO - Filling up the DagBag from /opt/airflow/dags/main.py
[2026-09-10T05:22:13.324+0000] {logging_mixin.py:188} INFO - channel id is not executed
[2026-09-10T05:22:13.441+0000] {processor.py:840} INFO - DAG(s) 'produce_json', 'data_quality', 'update_db' retrieved from /opt/airflow/dags/main.py
[2026-09-10T05:22:13.718+0000] {logging_mixin.py:188} INFO - [2026-09-10T05:22:13.717+0000] {dag.py:3096} INFO - Sync 3 DAGs
[2026-09-10T05:22:13.758+0000] {logging_mixin.py:188} INFO - [2026-09-10T05:22:13.758+0000] {dag.py:3954} INFO - Setting next_dagrun for data_quality to None, run_after=None
[2026-09-10T05:22:13.768+0000] {logging_mixin.py:188} INFO - [2026-09-10T05:22:13.767+0000] {dag.py:3954} INFO - Setting next_dagrun for produce_json to 2026-09-10 14:00:00+00:00, run_after=2026-09-11 14:00:00+00:00
[2026-09-10T05:22:13.776+0000] {logging_mixin.py:188} INFO - [2026-09-10T05:22:13.775+0000] {dag.py:3954} INFO - Setting next_dagrun for update_db to None, run_after=None
[2026-09-10T05:22:13.830+0000] {processor.py:183} INFO - Processing /opt/airflow/dags/main.py took 0.615 seconds
[2026-09-10T05:22:44.682+0000] {processor.py:161} INFO - Started process (PID=262) to work on /opt/airflow/dags/main.py
[2026-09-10T05:22:44.684+0000] {processor.py:830} INFO - Processing file /opt/airflow/dags/main.py for tasks to queue
[2026-09-10T05:22:44.687+0000] {logging_mixin.py:188} INFO - [2026-09-10T05:22:44.687+0000] {dagbag.py:545} INFO - Filling up the DagBag from /opt/airflow/dags/main.py
[2026-09-10T05:22:44.769+0000] {logging_mixin.py:188} INFO - channel id is not executed
[2026-09-10T05:22:44.893+0000] {processor.py:840} INFO - DAG(s) 'update_db', 'data_quality', 'produce_json' retrieved from /opt/airflow/dags/main.py
[2026-09-10T05:22:45.103+0000] {logging_mixin.py:188} INFO - [2026-09-10T05:22:45.103+0000] {dag.py:3096} INFO - Sync 3 DAGs
[2026-09-10T05:22:45.138+0000] {logging_mixin.py:188} INFO - [2026-09-10T05:22:45.137+0000] {dag.py:3954} INFO - Setting next_dagrun for data_quality to None, run_after=None
[2026-09-10T05:22:45.147+0000] {logging_mixin.py:188} INFO - [2026-09-10T05:22:45.147+0000] {dag.py:3954} INFO - Setting next_dagrun for produce_json to 2026-09-10 14:00:00+00:00, run_after=2026-09-11 14:00:00+00:00
[2026-09-10T05:22:45.152+0000] {logging_mixin.py:188} INFO - [2026-09-10T05:22:45.151+0000] {dag.py:3954} INFO - Setting next_dagrun for update_db to None, run_after=None
[2026-09-10T05:22:45.201+0000] {processor.py:183} INFO - Processing /opt/airflow/dags/main.py took 0.528 seconds
[2026-09-10T05:23:15.583+0000] {processor.py:161} INFO - Started process (PID=268) to work on /opt/airflow/dags/main.py
[2026-09-10T05:23:15.586+0000] {processor.py:830} INFO - Processing file /opt/airflow/dags/main.py for tasks to queue
[2026-09-10T05:23:15.590+0000] {logging_mixin.py:188} INFO - [2026-09-10T05:23:15.590+0000] {dagbag.py:545} INFO - Filling up the DagBag from /opt/airflow/dags/main.py
[2026-09-10T05:23:15.673+0000] {logging_mixin.py:188} INFO - channel id is not executed
[2026-09-10T05:23:15.799+0000] {processor.py:840} INFO - DAG(s) 'data_quality', 'produce_json', 'update_db' retrieved from /opt/airflow/dags/main.py
[2026-09-10T05:23:16.615+0000] {logging_mixin.py:188} INFO - [2026-09-10T05:23:16.615+0000] {dag.py:3096} INFO - Sync 3 DAGs
[2026-09-10T05:23:17.159+0000] {logging_mixin.py:188} INFO - [2026-09-10T05:23:17.158+0000] {dag.py:3954} INFO - Setting next_dagrun for data_quality to None, run_after=None
[2026-09-10T05:23:17.233+0000] {logging_mixin.py:188} INFO - [2026-09-10T05:23:17.233+0000] {dag.py:3954} INFO - Setting next_dagrun for produce_json to 2026-09-10 14:00:00+00:00, run_after=2026-09-11 14:00:00+00:00
[2026-09-10T05:23:17.251+0000] {logging_mixin.py:188} INFO - [2026-09-10T05:23:17.250+0000] {dag.py:3954} INFO - Setting next_dagrun for update_db to None, run_after=None
[2026-09-10T05:23:17.481+0000] {processor.py:183} INFO - Processing /opt/airflow/dags/main.py took 1.934 seconds
[2026-09-10T05:23:49.158+0000] {processor.py:161} INFO - Started process (PID=274) to work on /opt/airflow/dags/main.py
[2026-09-10T05:23:49.168+0000] {processor.py:830} INFO - Processing file /opt/airflow/dags/main.py for tasks to queue
[2026-09-10T05:23:49.184+0000] {logging_mixin.py:188} INFO - [2026-09-10T05:23:49.184+0000] {dagbag.py:545} INFO - Filling up the DagBag from /opt/airflow/dags/main.py
[2026-09-10T05:23:50.453+0000] {logging_mixin.py:188} INFO - channel id is not executed
[2026-09-10T05:23:51.757+0000] {processor.py:840} INFO - DAG(s) 'data_quality', 'update_db', 'produce_json' retrieved from /opt/airflow/dags/main.py
[2026-09-10T05:23:52.492+0000] {logging_mixin.py:188} INFO - [2026-09-10T05:23:52.492+0000] {dag.py:3096} INFO - Sync 3 DAGs
[2026-09-10T05:23:52.592+0000] {logging_mixin.py:188} INFO - [2026-09-10T05:23:52.592+0000] {dag.py:3954} INFO - Setting next_dagrun for data_quality to None, run_after=None
[2026-09-10T05:23:52.662+0000] {logging_mixin.py:188} INFO - [2026-09-10T05:23:52.662+0000] {dag.py:3954} INFO - Setting next_dagrun for produce_json to 2026-09-10 14:00:00+00:00, run_after=2026-09-11 14:00:00+00:00
[2026-09-10T05:23:52.670+0000] {logging_mixin.py:188} INFO - [2026-09-10T05:23:52.670+0000] {dag.py:3954} INFO - Setting next_dagrun for update_db to None, run_after=None
[2026-09-10T05:23:52.753+0000] {processor.py:183} INFO - Processing /opt/airflow/dags/main.py took 3.657 seconds
[2026-09-10T05:24:23.557+0000] {processor.py:161} INFO - Started process (PID=281) to work on /opt/airflow/dags/main.py
[2026-09-10T05:24:23.560+0000] {processor.py:830} INFO - Processing file /opt/airflow/dags/main.py for tasks to queue
[2026-09-10T05:24:23.580+0000] {logging_mixin.py:188} INFO - [2026-09-10T05:24:23.580+0000] {dagbag.py:545} INFO - Filling up the DagBag from /opt/airflow/dags/main.py
[2026-09-10T05:24:23.733+0000] {logging_mixin.py:188} INFO - channel id is not executed
[2026-09-10T05:24:23.892+0000] {processor.py:840} INFO - DAG(s) 'update_db', 'produce_json', 'data_quality' retrieved from /opt/airflow/dags/main.py
[2026-09-10T05:24:24.242+0000] {logging_mixin.py:188} INFO - [2026-09-10T05:24:24.242+0000] {dag.py:3096} INFO - Sync 3 DAGs
[2026-09-10T05:24:24.332+0000] {logging_mixin.py:188} INFO - [2026-09-10T05:24:24.321+0000] {dag.py:3954} INFO - Setting next_dagrun for data_quality to None, run_after=None
[2026-09-10T05:24:24.367+0000] {logging_mixin.py:188} INFO - [2026-09-10T05:24:24.366+0000] {dag.py:3954} INFO - Setting next_dagrun for produce_json to 2026-09-10 14:00:00+00:00, run_after=2026-09-11 14:00:00+00:00
[2026-09-10T05:24:24.371+0000] {logging_mixin.py:188} INFO - [2026-09-10T05:24:24.371+0000] {dag.py:3954} INFO - Setting next_dagrun for update_db to None, run_after=None
[2026-09-10T05:24:24.440+0000] {processor.py:183} INFO - Processing /opt/airflow/dags/main.py took 0.919 seconds
[2026-09-10T05:24:54.690+0000] {processor.py:161} INFO - Started process (PID=288) to work on /opt/airflow/dags/main.py
[2026-09-10T05:24:54.692+0000] {processor.py:830} INFO - Processing file /opt/airflow/dags/main.py for tasks to queue
[2026-09-10T05:24:54.697+0000] {logging_mixin.py:188} INFO - [2026-09-10T05:24:54.696+0000] {dagbag.py:545} INFO - Filling up the DagBag from /opt/airflow/dags/main.py
[2026-09-10T05:24:54.800+0000] {logging_mixin.py:188} INFO - channel id is not executed
[2026-09-10T05:24:55.145+0000] {processor.py:840} INFO - DAG(s) 'update_db', 'data_quality', 'produce_json' retrieved from /opt/airflow/dags/main.py
[2026-09-10T05:24:55.371+0000] {logging_mixin.py:188} INFO - [2026-09-10T05:24:55.370+0000] {dag.py:3096} INFO - Sync 3 DAGs
[2026-09-10T05:24:55.404+0000] {logging_mixin.py:188} INFO - [2026-09-10T05:24:55.403+0000] {dag.py:3954} INFO - Setting next_dagrun for data_quality to None, run_after=None
[2026-09-10T05:24:55.413+0000] {logging_mixin.py:188} INFO - [2026-09-10T05:24:55.413+0000] {dag.py:3954} INFO - Setting next_dagrun for produce_json to 2026-09-10 14:00:00+00:00, run_after=2026-09-11 14:00:00+00:00
[2026-09-10T05:24:55.417+0000] {logging_mixin.py:188} INFO - [2026-09-10T05:24:55.417+0000] {dag.py:3954} INFO - Setting next_dagrun for update_db to None, run_after=None
[2026-09-10T05:24:55.457+0000] {processor.py:183} INFO - Processing /opt/airflow/dags/main.py took 0.782 seconds
[2026-09-10T05:25:26.065+0000] {processor.py:161} INFO - Started process (PID=295) to work on /opt/airflow/dags/main.py
[2026-09-10T05:25:26.070+0000] {processor.py:830} INFO - Processing file /opt/airflow/dags/main.py for tasks to queue
[2026-09-10T05:25:26.075+0000] {logging_mixin.py:188} INFO - [2026-09-10T05:25:26.074+0000] {dagbag.py:545} INFO - Filling up the DagBag from /opt/airflow/dags/main.py
[2026-09-10T05:25:26.160+0000] {logging_mixin.py:188} INFO - channel id is not executed
[2026-09-10T05:25:26.256+0000] {processor.py:840} INFO - DAG(s) 'data_quality', 'update_db', 'produce_json' retrieved from /opt/airflow/dags/main.py
[2026-09-10T05:25:26.487+0000] {logging_mixin.py:188} INFO - [2026-09-10T05:25:26.486+0000] {dag.py:3096} INFO - Sync 3 DAGs
[2026-09-10T05:25:26.521+0000] {logging_mixin.py:188} INFO - [2026-09-10T05:25:26.521+0000] {dag.py:3954} INFO - Setting next_dagrun for data_quality to None, run_after=None
[2026-09-10T05:25:26.534+0000] {logging_mixin.py:188} INFO - [2026-09-10T05:25:26.534+0000] {dag.py:3954} INFO - Setting next_dagrun for produce_json to 2026-09-10 14:00:00+00:00, run_after=2026-09-11 14:00:00+00:00
[2026-09-10T05:25:26.538+0000] {logging_mixin.py:188} INFO - [2026-09-10T05:25:26.538+0000] {dag.py:3954} INFO - Setting next_dagrun for update_db to None, run_after=None
[2026-09-10T05:25:26.642+0000] {processor.py:183} INFO - Processing /opt/airflow/dags/main.py took 0.587 seconds
[2026-09-10T05:25:56.803+0000] {processor.py:161} INFO - Started process (PID=302) to work on /opt/airflow/dags/main.py
[2026-09-10T05:25:56.806+0000] {processor.py:830} INFO - Processing file /opt/airflow/dags/main.py for tasks to queue
[2026-09-10T05:25:56.810+0000] {logging_mixin.py:188} INFO - [2026-09-10T05:25:56.810+0000] {dagbag.py:545} INFO - Filling up the DagBag from /opt/airflow/dags/main.py
[2026-09-10T05:25:56.910+0000] {logging_mixin.py:188} INFO - channel id is not executed
[2026-09-10T05:25:57.030+0000] {processor.py:840} INFO - DAG(s) 'produce_json', 'data_quality', 'update_db' retrieved from /opt/airflow/dags/main.py
[2026-09-10T05:25:57.457+0000] {logging_mixin.py:188} INFO - [2026-09-10T05:25:57.456+0000] {dag.py:3096} INFO - Sync 3 DAGs
[2026-09-10T05:25:57.505+0000] {logging_mixin.py:188} INFO - [2026-09-10T05:25:57.505+0000] {dag.py:3954} INFO - Setting next_dagrun for data_quality to None, run_after=None
[2026-09-10T05:25:57.519+0000] {logging_mixin.py:188} INFO - [2026-09-10T05:25:57.518+0000] {dag.py:3954} INFO - Setting next_dagrun for produce_json to 2026-09-10 14:00:00+00:00, run_after=2026-09-11 14:00:00+00:00
[2026-09-10T05:25:57.525+0000] {logging_mixin.py:188} INFO - [2026-09-10T05:25:57.524+0000] {dag.py:3954} INFO - Setting next_dagrun for update_db to None, run_after=None
[2026-09-10T05:25:57.573+0000] {processor.py:183} INFO - Processing /opt/airflow/dags/main.py took 0.782 seconds
[2026-09-10T05:26:28.243+0000] {processor.py:161} INFO - Started process (PID=309) to work on /opt/airflow/dags/main.py
[2026-09-10T05:26:28.245+0000] {processor.py:830} INFO - Processing file /opt/airflow/dags/main.py for tasks to queue
[2026-09-10T05:26:28.258+0000] {logging_mixin.py:188} INFO - [2026-09-10T05:26:28.258+0000] {dagbag.py:545} INFO - Filling up the DagBag from /opt/airflow/dags/main.py
[2026-09-10T05:26:28.338+0000] {logging_mixin.py:188} INFO - channel id is not executed
[2026-09-10T05:26:28.462+0000] {processor.py:840} INFO - DAG(s) 'data_quality', 'produce_json', 'update_db' retrieved from /opt/airflow/dags/main.py
[2026-09-10T05:26:28.755+0000] {logging_mixin.py:188} INFO - [2026-09-10T05:26:28.753+0000] {dag.py:3096} INFO - Sync 3 DAGs
[2026-09-10T05:26:28.800+0000] {logging_mixin.py:188} INFO - [2026-09-10T05:26:28.799+0000] {dag.py:3954} INFO - Setting next_dagrun for data_quality to None, run_after=None
[2026-09-10T05:26:28.808+0000] {logging_mixin.py:188} INFO - [2026-09-10T05:26:28.807+0000] {dag.py:3954} INFO - Setting next_dagrun for produce_json to 2026-09-10 14:00:00+00:00, run_after=2026-09-11 14:00:00+00:00
[2026-09-10T05:26:28.812+0000] {logging_mixin.py:188} INFO - [2026-09-10T05:26:28.811+0000] {dag.py:3954} INFO - Setting next_dagrun for update_db to None, run_after=None
[2026-09-10T05:26:28.873+0000] {processor.py:183} INFO - Processing /opt/airflow/dags/main.py took 0.641 seconds
[2026-09-10T05:26:59.463+0000] {processor.py:161} INFO - Started process (PID=316) to work on /opt/airflow/dags/main.py
[2026-09-10T05:26:59.484+0000] {processor.py:830} INFO - Processing file /opt/airflow/dags/main.py for tasks to queue
[2026-09-10T05:26:59.517+0000] {logging_mixin.py:188} INFO - [2026-09-10T05:26:59.516+0000] {dagbag.py:545} INFO - Filling up the DagBag from /opt/airflow/dags/main.py
[2026-09-10T05:26:59.727+0000] {logging_mixin.py:188} INFO - channel id is not executed
[2026-09-10T05:26:59.860+0000] {processor.py:840} INFO - DAG(s) 'update_db', 'data_quality', 'produce_json' retrieved from /opt/airflow/dags/main.py
[2026-09-10T05:27:00.170+0000] {logging_mixin.py:188} INFO - [2026-09-10T05:27:00.170+0000] {dag.py:3096} INFO - Sync 3 DAGs
[2026-09-10T05:27:00.307+0000] {logging_mixin.py:188} INFO - [2026-09-10T05:27:00.294+0000] {dag.py:3954} INFO - Setting next_dagrun for data_quality to None, run_after=None
[2026-09-10T05:27:00.327+0000] {logging_mixin.py:188} INFO - [2026-09-10T05:27:00.325+0000] {dag.py:3954} INFO - Setting next_dagrun for produce_json to 2026-09-10 14:00:00+00:00, run_after=2026-09-11 14:00:00+00:00
[2026-09-10T05:27:00.330+0000] {logging_mixin.py:188} INFO - [2026-09-10T05:27:00.330+0000] {dag.py:3954} INFO - Setting next_dagrun for update_db to None, run_after=None
[2026-09-10T05:27:00.373+0000] {processor.py:183} INFO - Processing /opt/airflow/dags/main.py took 0.935 seconds
[2026-09-10T05:27:31.095+0000] {processor.py:161} INFO - Started process (PID=323) to work on /opt/airflow/dags/main.py
[2026-09-10T05:27:31.101+0000] {processor.py:830} INFO - Processing file /opt/airflow/dags/main.py for tasks to queue
[2026-09-10T05:27:31.106+0000] {logging_mixin.py:188} INFO - [2026-09-10T05:27:31.105+0000] {dagbag.py:545} INFO - Filling up the DagBag from /opt/airflow/dags/main.py
[2026-09-10T05:27:31.235+0000] {logging_mixin.py:188} INFO - channel id is not executed
[2026-09-10T05:27:31.439+0000] {processor.py:840} INFO - DAG(s) 'data_quality', 'produce_json', 'update_db' retrieved from /opt/airflow/dags/main.py
[2026-09-10T05:27:31.882+0000] {logging_mixin.py:188} INFO - [2026-09-10T05:27:31.882+0000] {dag.py:3096} INFO - Sync 3 DAGs
[2026-09-10T05:27:32.108+0000] {logging_mixin.py:188} INFO - [2026-09-10T05:27:32.108+0000] {dag.py:3954} INFO - Setting next_dagrun for data_quality to None, run_after=None
[2026-09-10T05:27:32.140+0000] {logging_mixin.py:188} INFO - [2026-09-10T05:27:32.139+0000] {dag.py:3954} INFO - Setting next_dagrun for produce_json to 2026-09-10 14:00:00+00:00, run_after=2026-09-11 14:00:00+00:00
[2026-09-10T05:27:32.143+0000] {logging_mixin.py:188} INFO - [2026-09-10T05:27:32.143+0000] {dag.py:3954} INFO - Setting next_dagrun for update_db to None, run_after=None
[2026-09-10T05:27:32.201+0000] {processor.py:183} INFO - Processing /opt/airflow/dags/main.py took 1.127 seconds
[2026-09-10T05:28:02.738+0000] {processor.py:161} INFO - Started process (PID=330) to work on /opt/airflow/dags/main.py
[2026-09-10T05:28:02.756+0000] {processor.py:830} INFO - Processing file /opt/airflow/dags/main.py for tasks to queue
[2026-09-10T05:28:02.763+0000] {logging_mixin.py:188} INFO - [2026-09-10T05:28:02.763+0000] {dagbag.py:545} INFO - Filling up the DagBag from /opt/airflow/dags/main.py
[2026-09-10T05:28:02.865+0000] {logging_mixin.py:188} INFO - channel id is not executed
[2026-09-10T05:28:03.177+0000] {processor.py:840} INFO - DAG(s) 'produce_json', 'update_db', 'data_quality' retrieved from /opt/airflow/dags/main.py
[2026-09-10T05:28:03.581+0000] {logging_mixin.py:188} INFO - [2026-09-10T05:28:03.581+0000] {dag.py:3096} INFO - Sync 3 DAGs
[2026-09-10T05:28:03.632+0000] {logging_mixin.py:188} INFO - [2026-09-10T05:28:03.632+0000] {dag.py:3954} INFO - Setting next_dagrun for data_quality to None, run_after=None
[2026-09-10T05:28:03.662+0000] {logging_mixin.py:188} INFO - [2026-09-10T05:28:03.661+0000] {dag.py:3954} INFO - Setting next_dagrun for produce_json to 2026-09-10 14:00:00+00:00, run_after=2026-09-11 14:00:00+00:00
[2026-09-10T05:28:03.678+0000] {logging_mixin.py:188} INFO - [2026-09-10T05:28:03.678+0000] {dag.py:3954} INFO - Setting next_dagrun for update_db to None, run_after=None
[2026-09-10T05:28:03.776+0000] {processor.py:183} INFO - Processing /opt/airflow/dags/main.py took 1.057 seconds
[2026-09-10T05:28:34.736+0000] {processor.py:161} INFO - Started process (PID=338) to work on /opt/airflow/dags/main.py
[2026-09-10T05:28:34.747+0000] {processor.py:830} INFO - Processing file /opt/airflow/dags/main.py for tasks to queue
[2026-09-10T05:28:34.751+0000] {logging_mixin.py:188} INFO - [2026-09-10T05:28:34.751+0000] {dagbag.py:545} INFO - Filling up the DagBag from /opt/airflow/dags/main.py
[2026-09-10T05:28:34.869+0000] {logging_mixin.py:188} INFO - channel id is not executed
[2026-09-10T05:28:35.069+0000] {processor.py:840} INFO - DAG(s) 'update_db', 'data_quality', 'produce_json' retrieved from /opt/airflow/dags/main.py
[2026-09-10T05:28:35.466+0000] {logging_mixin.py:188} INFO - [2026-09-10T05:28:35.465+0000] {dag.py:3096} INFO - Sync 3 DAGs
[2026-09-10T05:28:35.509+0000] {logging_mixin.py:188} INFO - [2026-09-10T05:28:35.508+0000] {dag.py:3954} INFO - Setting next_dagrun for data_quality to None, run_after=None
[2026-09-10T05:28:35.531+0000] {logging_mixin.py:188} INFO - [2026-09-10T05:28:35.531+0000] {dag.py:3954} INFO - Setting next_dagrun for produce_json to 2026-09-10 14:00:00+00:00, run_after=2026-09-11 14:00:00+00:00
[2026-09-10T05:28:35.545+0000] {logging_mixin.py:188} INFO - [2026-09-10T05:28:35.544+0000] {dag.py:3954} INFO - Setting next_dagrun for update_db to None, run_after=None
[2026-09-10T05:28:35.595+0000] {processor.py:183} INFO - Processing /opt/airflow/dags/main.py took 0.875 seconds
[2026-09-10T05:29:06.242+0000] {processor.py:161} INFO - Started process (PID=345) to work on /opt/airflow/dags/main.py
[2026-09-10T05:29:06.244+0000] {processor.py:830} INFO - Processing file /opt/airflow/dags/main.py for tasks to queue
[2026-09-10T05:29:06.249+0000] {logging_mixin.py:188} INFO - [2026-09-10T05:29:06.248+0000] {dagbag.py:545} INFO - Filling up the DagBag from /opt/airflow/dags/main.py
[2026-09-10T05:29:06.327+0000] {logging_mixin.py:188} INFO - channel id is not executed
[2026-09-10T05:29:06.449+0000] {processor.py:840} INFO - DAG(s) 'data_quality', 'update_db', 'produce_json' retrieved from /opt/airflow/dags/main.py
[2026-09-10T05:29:06.671+0000] {logging_mixin.py:188} INFO - [2026-09-10T05:29:06.671+0000] {dag.py:3096} INFO - Sync 3 DAGs
[2026-09-10T05:29:06.735+0000] {logging_mixin.py:188} INFO - [2026-09-10T05:29:06.734+0000] {dag.py:3954} INFO - Setting next_dagrun for data_quality to None, run_after=None
[2026-09-10T05:29:06.749+0000] {logging_mixin.py:188} INFO - [2026-09-10T05:29:06.748+0000] {dag.py:3954} INFO - Setting next_dagrun for produce_json to 2026-09-10 14:00:00+00:00, run_after=2026-09-11 14:00:00+00:00
[2026-09-10T05:29:06.752+0000] {logging_mixin.py:188} INFO - [2026-09-10T05:29:06.752+0000] {dag.py:3954} INFO - Setting next_dagrun for update_db to None, run_after=None
[2026-09-10T05:29:06.790+0000] {processor.py:183} INFO - Processing /opt/airflow/dags/main.py took 0.556 seconds
[2026-09-10T05:29:38.693+0000] {processor.py:161} INFO - Started process (PID=352) to work on /opt/airflow/dags/main.py
[2026-09-10T05:29:38.726+0000] {processor.py:830} INFO - Processing file /opt/airflow/dags/main.py for tasks to queue
[2026-09-10T05:29:38.757+0000] {logging_mixin.py:188} INFO - [2026-09-10T05:29:38.756+0000] {dagbag.py:545} INFO - Filling up the DagBag from /opt/airflow/dags/main.py
[2026-09-10T05:29:38.957+0000] {logging_mixin.py:188} INFO - channel id is not executed
[2026-09-10T05:29:40.618+0000] {processor.py:840} INFO - DAG(s) 'data_quality', 'produce_json', 'update_db' retrieved from /opt/airflow/dags/main.py
[2026-09-10T05:29:41.761+0000] {logging_mixin.py:188} INFO - [2026-09-10T05:29:41.761+0000] {dag.py:3096} INFO - Sync 3 DAGs
[2026-09-10T05:29:41.871+0000] {logging_mixin.py:188} INFO - [2026-09-10T05:29:41.870+0000] {dag.py:3954} INFO - Setting next_dagrun for data_quality to None, run_after=None
[2026-09-10T05:29:41.945+0000] {logging_mixin.py:188} INFO - [2026-09-10T05:29:41.944+0000] {dag.py:3954} INFO - Setting next_dagrun for produce_json to 2026-09-10 14:00:00+00:00, run_after=2026-09-11 14:00:00+00:00
[2026-09-10T05:29:41.995+0000] {logging_mixin.py:188} INFO - [2026-09-10T05:29:41.981+0000] {dag.py:3954} INFO - Setting next_dagrun for update_db to None, run_after=None
[2026-09-10T05:29:42.242+0000] {processor.py:183} INFO - Processing /opt/airflow/dags/main.py took 3.765 seconds
[2026-09-10T05:30:12.951+0000] {processor.py:161} INFO - Started process (PID=365) to work on /opt/airflow/dags/main.py
[2026-09-10T05:30:12.954+0000] {processor.py:830} INFO - Processing file /opt/airflow/dags/main.py for tasks to queue
[2026-09-10T05:30:12.995+0000] {logging_mixin.py:188} INFO - [2026-09-10T05:30:12.994+0000] {dagbag.py:545} INFO - Filling up the DagBag from /opt/airflow/dags/main.py
[2026-09-10T05:30:13.392+0000] {logging_mixin.py:188} INFO - channel id is not executed
[2026-09-10T05:30:14.030+0000] {processor.py:840} INFO - DAG(s) 'update_db', 'produce_json', 'data_quality' retrieved from /opt/airflow/dags/main.py
[2026-09-10T05:30:14.736+0000] {logging_mixin.py:188} INFO - [2026-09-10T05:30:14.735+0000] {dag.py:3096} INFO - Sync 3 DAGs
[2026-09-10T05:30:14.781+0000] {logging_mixin.py:188} INFO - [2026-09-10T05:30:14.780+0000] {dag.py:3954} INFO - Setting next_dagrun for data_quality to None, run_after=None
[2026-09-10T05:30:14.798+0000] {logging_mixin.py:188} INFO - [2026-09-10T05:30:14.798+0000] {dag.py:3954} INFO - Setting next_dagrun for produce_json to 2026-09-10 14:00:00+00:00, run_after=2026-09-11 14:00:00+00:00
[2026-09-10T05:30:14.811+0000] {logging_mixin.py:188} INFO - [2026-09-10T05:30:14.811+0000] {dag.py:3954} INFO - Setting next_dagrun for update_db to None, run_after=None
[2026-09-10T05:30:14.908+0000] {processor.py:183} INFO - Processing /opt/airflow/dags/main.py took 1.965 seconds
[2026-09-10T05:30:46.182+0000] {processor.py:161} INFO - Started process (PID=372) to work on /opt/airflow/dags/main.py
[2026-09-10T05:30:46.195+0000] {processor.py:830} INFO - Processing file /opt/airflow/dags/main.py for tasks to queue
[2026-09-10T05:30:46.202+0000] {logging_mixin.py:188} INFO - [2026-09-10T05:30:46.201+0000] {dagbag.py:545} INFO - Filling up the DagBag from /opt/airflow/dags/main.py
[2026-09-10T05:30:46.358+0000] {logging_mixin.py:188} INFO - channel id is not executed
[2026-09-10T05:30:46.754+0000] {processor.py:840} INFO - DAG(s) 'data_quality', 'produce_json', 'update_db' retrieved from /opt/airflow/dags/main.py
[2026-09-10T05:30:47.202+0000] {logging_mixin.py:188} INFO - [2026-09-10T05:30:47.201+0000] {dag.py:3096} INFO - Sync 3 DAGs
[2026-09-10T05:30:47.249+0000] {logging_mixin.py:188} INFO - [2026-09-10T05:30:47.248+0000] {dag.py:3954} INFO - Setting next_dagrun for data_quality to None, run_after=None
[2026-09-10T05:30:47.274+0000] {logging_mixin.py:188} INFO - [2026-09-10T05:30:47.274+0000] {dag.py:3954} INFO - Setting next_dagrun for produce_json to 2026-09-10 14:00:00+00:00, run_after=2026-09-11 14:00:00+00:00
[2026-09-10T05:30:47.281+0000] {logging_mixin.py:188} INFO - [2026-09-10T05:30:47.281+0000] {dag.py:3954} INFO - Setting next_dagrun for update_db to None, run_after=None
[2026-09-10T05:30:47.359+0000] {processor.py:183} INFO - Processing /opt/airflow/dags/main.py took 1.191 seconds
[2026-09-10T05:31:17.508+0000] {processor.py:161} INFO - Started process (PID=379) to work on /opt/airflow/dags/main.py
[2026-09-10T05:31:17.510+0000] {processor.py:830} INFO - Processing file /opt/airflow/dags/main.py for tasks to queue
[2026-09-10T05:31:17.526+0000] {logging_mixin.py:188} INFO - [2026-09-10T05:31:17.526+0000] {dagbag.py:545} INFO - Filling up the DagBag from /opt/airflow/dags/main.py
[2026-09-10T05:31:17.616+0000] {logging_mixin.py:188} INFO - channel id is not executed
[2026-09-10T05:31:17.817+0000] {processor.py:840} INFO - DAG(s) 'data_quality', 'update_db', 'produce_json' retrieved from /opt/airflow/dags/main.py
[2026-09-10T05:31:18.190+0000] {logging_mixin.py:188} INFO - [2026-09-10T05:31:18.189+0000] {dag.py:3096} INFO - Sync 3 DAGs
[2026-09-10T05:31:18.261+0000] {logging_mixin.py:188} INFO - [2026-09-10T05:31:18.260+0000] {dag.py:3954} INFO - Setting next_dagrun for data_quality to None, run_after=None
[2026-09-10T05:31:18.282+0000] {logging_mixin.py:188} INFO - [2026-09-10T05:31:18.282+0000] {dag.py:3954} INFO - Setting next_dagrun for produce_json to 2026-09-10 14:00:00+00:00, run_after=2026-09-11 14:00:00+00:00
[2026-09-10T05:31:18.296+0000] {logging_mixin.py:188} INFO - [2026-09-10T05:31:18.296+0000] {dag.py:3954} INFO - Setting next_dagrun for update_db to None, run_after=None
[2026-09-10T05:31:18.355+0000] {processor.py:183} INFO - Processing /opt/airflow/dags/main.py took 0.863 seconds
[2026-09-10T05:31:48.755+0000] {processor.py:161} INFO - Started process (PID=386) to work on /opt/airflow/dags/main.py
[2026-09-10T05:31:48.757+0000] {processor.py:830} INFO - Processing file /opt/airflow/dags/main.py for tasks to queue
[2026-09-10T05:31:48.765+0000] {logging_mixin.py:188} INFO - [2026-09-10T05:31:48.764+0000] {dagbag.py:545} INFO - Filling up the DagBag from /opt/airflow/dags/main.py
[2026-09-10T05:31:48.946+0000] {logging_mixin.py:188} INFO - channel id is not executed
[2026-09-10T05:31:49.054+0000] {processor.py:840} INFO - DAG(s) 'update_db', 'produce_json', 'data_quality' retrieved from /opt/airflow/dags/main.py
[2026-09-10T05:31:49.366+0000] {logging_mixin.py:188} INFO - [2026-09-10T05:31:49.366+0000] {dag.py:3096} INFO - Sync 3 DAGs
[2026-09-10T05:31:49.406+0000] {logging_mixin.py:188} INFO - [2026-09-10T05:31:49.406+0000] {dag.py:3954} INFO - Setting next_dagrun for data_quality to None, run_after=None
[2026-09-10T05:31:49.422+0000] {logging_mixin.py:188} INFO - [2026-09-10T05:31:49.422+0000] {dag.py:3954} INFO - Setting next_dagrun for produce_json to 2026-09-10 14:00:00+00:00, run_after=2026-09-11 14:00:00+00:00
[2026-09-10T05:31:49.426+0000] {logging_mixin.py:188} INFO - [2026-09-10T05:31:49.426+0000] {dag.py:3954} INFO - Setting next_dagrun for update_db to None, run_after=None
[2026-09-10T05:31:49.467+0000] {processor.py:183} INFO - Processing /opt/airflow/dags/main.py took 0.721 seconds
[2026-09-10T05:32:19.918+0000] {processor.py:161} INFO - Started process (PID=394) to work on /opt/airflow/dags/main.py
[2026-09-10T05:32:19.921+0000] {processor.py:830} INFO - Processing file /opt/airflow/dags/main.py for tasks to queue
[2026-09-10T05:32:19.926+0000] {logging_mixin.py:188} INFO - [2026-09-10T05:32:19.925+0000] {dagbag.py:545} INFO - Filling up the DagBag from /opt/airflow/dags/main.py
[2026-09-10T05:32:19.996+0000] {logging_mixin.py:188} INFO - channel id is not executed
[2026-09-10T05:32:20.226+0000] {processor.py:840} INFO - DAG(s) 'update_db', 'data_quality', 'produce_json' retrieved from /opt/airflow/dags/main.py
[2026-09-10T05:32:20.444+0000] {logging_mixin.py:188} INFO - [2026-09-10T05:32:20.443+0000] {dag.py:3096} INFO - Sync 3 DAGs
[2026-09-10T05:32:20.485+0000] {logging_mixin.py:188} INFO - [2026-09-10T05:32:20.484+0000] {dag.py:3954} INFO - Setting next_dagrun for data_quality to None, run_after=None
[2026-09-10T05:32:20.494+0000] {logging_mixin.py:188} INFO - [2026-09-10T05:32:20.494+0000] {dag.py:3954} INFO - Setting next_dagrun for produce_json to 2026-09-10 14:00:00+00:00, run_after=2026-09-11 14:00:00+00:00
[2026-09-10T05:32:20.498+0000] {logging_mixin.py:188} INFO - [2026-09-10T05:32:20.498+0000] {dag.py:3954} INFO - Setting next_dagrun for update_db to None, run_after=None
[2026-09-10T05:32:20.550+0000] {processor.py:183} INFO - Processing /opt/airflow/dags/main.py took 0.644 seconds
[2026-09-10T05:32:50.610+0000] {processor.py:161} INFO - Started process (PID=400) to work on /opt/airflow/dags/main.py
[2026-09-10T05:32:50.612+0000] {processor.py:830} INFO - Processing file /opt/airflow/dags/main.py for tasks to queue
[2026-09-10T05:32:50.616+0000] {logging_mixin.py:188} INFO - [2026-09-10T05:32:50.616+0000] {dagbag.py:545} INFO - Filling up the DagBag from /opt/airflow/dags/main.py
[2026-09-10T05:32:50.691+0000] {logging_mixin.py:188} INFO - channel id is not executed
[2026-09-10T05:32:50.867+0000] {processor.py:840} INFO - DAG(s) 'produce_json', 'update_db', 'data_quality' retrieved from /opt/airflow/dags/main.py
[2026-09-10T05:32:51.178+0000] {logging_mixin.py:188} INFO - [2026-09-10T05:32:51.178+0000] {dag.py:3096} INFO - Sync 3 DAGs
[2026-09-10T05:32:51.214+0000] {logging_mixin.py:188} INFO - [2026-09-10T05:32:51.214+0000] {dag.py:3954} INFO - Setting next_dagrun for data_quality to None, run_after=None
[2026-09-10T05:32:51.225+0000] {logging_mixin.py:188} INFO - [2026-09-10T05:32:51.224+0000] {dag.py:3954} INFO - Setting next_dagrun for produce_json to 2026-09-10 14:00:00+00:00, run_after=2026-09-11 14:00:00+00:00
[2026-09-10T05:32:51.228+0000] {logging_mixin.py:188} INFO - [2026-09-10T05:32:51.228+0000] {dag.py:3954} INFO - Setting next_dagrun for update_db to None, run_after=None
[2026-09-10T05:32:51.264+0000] {processor.py:183} INFO - Processing /opt/airflow/dags/main.py took 0.664 seconds
[2026-09-10T05:33:21.657+0000] {processor.py:161} INFO - Started process (PID=407) to work on /opt/airflow/dags/main.py
[2026-09-10T05:33:21.663+0000] {processor.py:830} INFO - Processing file /opt/airflow/dags/main.py for tasks to queue
[2026-09-10T05:33:21.668+0000] {logging_mixin.py:188} INFO - [2026-09-10T05:33:21.667+0000] {dagbag.py:545} INFO - Filling up the DagBag from /opt/airflow/dags/main.py
[2026-09-10T05:33:21.740+0000] {logging_mixin.py:188} INFO - channel id is not executed
[2026-09-10T05:33:21.856+0000] {processor.py:840} INFO - DAG(s) 'data_quality', 'update_db', 'produce_json' retrieved from /opt/airflow/dags/main.py
[2026-09-10T05:33:22.149+0000] {logging_mixin.py:188} INFO - [2026-09-10T05:33:22.148+0000] {dag.py:3096} INFO - Sync 3 DAGs
[2026-09-10T05:33:22.204+0000] {logging_mixin.py:188} INFO - [2026-09-10T05:33:22.203+0000] {dag.py:3954} INFO - Setting next_dagrun for data_quality to None, run_after=None
[2026-09-10T05:33:22.213+0000] {logging_mixin.py:188} INFO - [2026-09-10T05:33:22.212+0000] {dag.py:3954} INFO - Setting next_dagrun for produce_json to 2026-09-10 14:00:00+00:00, run_after=2026-09-11 14:00:00+00:00
[2026-09-10T05:33:22.216+0000] {logging_mixin.py:188} INFO - [2026-09-10T05:33:22.216+0000] {dag.py:3954} INFO - Setting next_dagrun for update_db to None, run_after=None
[2026-09-10T05:33:22.271+0000] {processor.py:183} INFO - Processing /opt/airflow/dags/main.py took 0.631 seconds
[2026-09-10T05:33:52.789+0000] {processor.py:161} INFO - Started process (PID=414) to work on /opt/airflow/dags/main.py
[2026-09-10T05:33:52.791+0000] {processor.py:830} INFO - Processing file /opt/airflow/dags/main.py for tasks to queue
[2026-09-10T05:33:52.796+0000] {logging_mixin.py:188} INFO - [2026-09-10T05:33:52.796+0000] {dagbag.py:545} INFO - Filling up the DagBag from /opt/airflow/dags/main.py
[2026-09-10T05:33:52.878+0000] {logging_mixin.py:188} INFO - channel id is not executed
[2026-09-10T05:33:53.000+0000] {processor.py:840} INFO - DAG(s) 'update_db', 'data_quality', 'produce_json' retrieved from /opt/airflow/dags/main.py
[2026-09-10T05:33:53.259+0000] {logging_mixin.py:188} INFO - [2026-09-10T05:33:53.258+0000] {dag.py:3096} INFO - Sync 3 DAGs
[2026-09-10T05:33:53.293+0000] {logging_mixin.py:188} INFO - [2026-09-10T05:33:53.293+0000] {dag.py:3954} INFO - Setting next_dagrun for data_quality to None, run_after=None
[2026-09-10T05:33:53.309+0000] {logging_mixin.py:188} INFO - [2026-09-10T05:33:53.309+0000] {dag.py:3954} INFO - Setting next_dagrun for produce_json to 2026-09-10 14:00:00+00:00, run_after=2026-09-11 14:00:00+00:00
[2026-09-10T05:33:53.313+0000] {logging_mixin.py:188} INFO - [2026-09-10T05:33:53.313+0000] {dag.py:3954} INFO - Setting next_dagrun for update_db to None, run_after=None
[2026-09-10T05:33:53.350+0000] {processor.py:183} INFO - Processing /opt/airflow/dags/main.py took 0.570 seconds
[2026-09-10T05:34:23.627+0000] {processor.py:161} INFO - Started process (PID=421) to work on /opt/airflow/dags/main.py
[2026-09-10T05:34:23.630+0000] {processor.py:830} INFO - Processing file /opt/airflow/dags/main.py for tasks to queue
[2026-09-10T05:34:23.635+0000] {logging_mixin.py:188} INFO - [2026-09-10T05:34:23.635+0000] {dagbag.py:545} INFO - Filling up the DagBag from /opt/airflow/dags/main.py
[2026-09-10T05:34:23.694+0000] {logging_mixin.py:188} INFO - channel id is not executed
[2026-09-10T05:34:23.791+0000] {processor.py:840} INFO - DAG(s) 'data_quality', 'update_db', 'produce_json' retrieved from /opt/airflow/dags/main.py
[2026-09-10T05:34:24.194+0000] {logging_mixin.py:188} INFO - [2026-09-10T05:34:24.193+0000] {dag.py:3096} INFO - Sync 3 DAGs
[2026-09-10T05:34:24.229+0000] {logging_mixin.py:188} INFO - [2026-09-10T05:34:24.228+0000] {dag.py:3954} INFO - Setting next_dagrun for data_quality to None, run_after=None
[2026-09-10T05:34:24.239+0000] {logging_mixin.py:188} INFO - [2026-09-10T05:34:24.238+0000] {dag.py:3954} INFO - Setting next_dagrun for produce_json to 2026-09-10 14:00:00+00:00, run_after=2026-09-11 14:00:00+00:00
[2026-09-10T05:34:24.243+0000] {logging_mixin.py:188} INFO - [2026-09-10T05:34:24.242+0000] {dag.py:3954} INFO - Setting next_dagrun for update_db to None, run_after=None
[2026-09-10T05:34:24.278+0000] {processor.py:183} INFO - Processing /opt/airflow/dags/main.py took 0.660 seconds
[2026-09-10T05:34:54.551+0000] {processor.py:161} INFO - Started process (PID=428) to work on /opt/airflow/dags/main.py
[2026-09-10T05:34:54.553+0000] {processor.py:830} INFO - Processing file /opt/airflow/dags/main.py for tasks to queue
[2026-09-10T05:34:54.557+0000] {logging_mixin.py:188} INFO - [2026-09-10T05:34:54.557+0000] {dagbag.py:545} INFO - Filling up the DagBag from /opt/airflow/dags/main.py
[2026-09-10T05:34:54.632+0000] {logging_mixin.py:188} INFO - channel id is not executed
[2026-09-10T05:34:54.756+0000] {processor.py:840} INFO - DAG(s) 'data_quality', 'produce_json', 'update_db' retrieved from /opt/airflow/dags/main.py
[2026-09-10T05:34:54.987+0000] {logging_mixin.py:188} INFO - [2026-09-10T05:34:54.987+0000] {dag.py:3096} INFO - Sync 3 DAGs
[2026-09-10T05:34:55.025+0000] {logging_mixin.py:188} INFO - [2026-09-10T05:34:55.025+0000] {dag.py:3954} INFO - Setting next_dagrun for data_quality to None, run_after=None
[2026-09-10T05:34:55.034+0000] {logging_mixin.py:188} INFO - [2026-09-10T05:34:55.033+0000] {dag.py:3954} INFO - Setting next_dagrun for produce_json to 2026-09-10 14:00:00+00:00, run_after=2026-09-11 14:00:00+00:00
[2026-09-10T05:34:55.038+0000] {logging_mixin.py:188} INFO - [2026-09-10T05:34:55.037+0000] {dag.py:3954} INFO - Setting next_dagrun for update_db to None, run_after=None
[2026-09-10T05:34:55.071+0000] {processor.py:183} INFO - Processing /opt/airflow/dags/main.py took 0.531 seconds
[2026-09-10T05:35:25.601+0000] {processor.py:161} INFO - Started process (PID=435) to work on /opt/airflow/dags/main.py
[2026-09-10T05:35:25.603+0000] {processor.py:830} INFO - Processing file /opt/airflow/dags/main.py for tasks to queue
[2026-09-10T05:35:25.608+0000] {logging_mixin.py:188} INFO - [2026-09-10T05:35:25.607+0000] {dagbag.py:545} INFO - Filling up the DagBag from /opt/airflow/dags/main.py
[2026-09-10T05:35:25.675+0000] {logging_mixin.py:188} INFO - channel id is not executed
[2026-09-10T05:35:25.785+0000] {processor.py:840} INFO - DAG(s) 'data_quality', 'produce_json', 'update_db' retrieved from /opt/airflow/dags/main.py
[2026-09-10T05:35:26.004+0000] {logging_mixin.py:188} INFO - [2026-09-10T05:35:26.003+0000] {dag.py:3096} INFO - Sync 3 DAGs
[2026-09-10T05:35:26.041+0000] {logging_mixin.py:188} INFO - [2026-09-10T05:35:26.041+0000] {dag.py:3954} INFO - Setting next_dagrun for data_quality to None, run_after=None
[2026-09-10T05:35:26.050+0000] {logging_mixin.py:188} INFO - [2026-09-10T05:35:26.050+0000] {dag.py:3954} INFO - Setting next_dagrun for produce_json to 2026-09-10 14:00:00+00:00, run_after=2026-09-11 14:00:00+00:00
[2026-09-10T05:35:26.054+0000] {logging_mixin.py:188} INFO - [2026-09-10T05:35:26.054+0000] {dag.py:3954} INFO - Setting next_dagrun for update_db to None, run_after=None
[2026-09-10T05:35:26.090+0000] {processor.py:183} INFO - Processing /opt/airflow/dags/main.py took 0.498 seconds
[2026-09-10T05:35:56.152+0000] {processor.py:161} INFO - Started process (PID=442) to work on /opt/airflow/dags/main.py
[2026-09-10T05:35:56.154+0000] {processor.py:830} INFO - Processing file /opt/airflow/dags/main.py for tasks to queue
[2026-09-10T05:35:56.158+0000] {logging_mixin.py:188} INFO - [2026-09-10T05:35:56.157+0000] {dagbag.py:545} INFO - Filling up the DagBag from /opt/airflow/dags/main.py
[2026-09-10T05:35:56.231+0000] {logging_mixin.py:188} INFO - channel id is not executed
[2026-09-10T05:35:56.341+0000] {processor.py:840} INFO - DAG(s) 'produce_json', 'update_db', 'data_quality' retrieved from /opt/airflow/dags/main.py
[2026-09-10T05:35:56.635+0000] {logging_mixin.py:188} INFO - [2026-09-10T05:35:56.634+0000] {dag.py:3096} INFO - Sync 3 DAGs
[2026-09-10T05:35:56.719+0000] {logging_mixin.py:188} INFO - [2026-09-10T05:35:56.719+0000] {dag.py:3954} INFO - Setting next_dagrun for data_quality to None, run_after=None
[2026-09-10T05:35:56.728+0000] {logging_mixin.py:188} INFO - [2026-09-10T05:35:56.728+0000] {dag.py:3954} INFO - Setting next_dagrun for produce_json to 2026-09-10 14:00:00+00:00, run_after=2026-09-11 14:00:00+00:00
[2026-09-10T05:35:56.732+0000] {logging_mixin.py:188} INFO - [2026-09-10T05:35:56.732+0000] {dag.py:3954} INFO - Setting next_dagrun for update_db to None, run_after=None
[2026-09-10T05:35:56.775+0000] {processor.py:183} INFO - Processing /opt/airflow/dags/main.py took 0.633 seconds
[2026-09-10T05:36:27.100+0000] {processor.py:161} INFO - Started process (PID=449) to work on /opt/airflow/dags/main.py
[2026-09-10T05:36:27.102+0000] {processor.py:830} INFO - Processing file /opt/airflow/dags/main.py for tasks to queue
[2026-09-10T05:36:27.106+0000] {logging_mixin.py:188} INFO - [2026-09-10T05:36:27.106+0000] {dagbag.py:545} INFO - Filling up the DagBag from /opt/airflow/dags/main.py
[2026-09-10T05:36:27.171+0000] {logging_mixin.py:188} INFO - channel id is not executed
[2026-09-10T05:36:27.283+0000] {processor.py:840} INFO - DAG(s) 'update_db', 'data_quality', 'produce_json' retrieved from /opt/airflow/dags/main.py
[2026-09-10T05:36:27.640+0000] {logging_mixin.py:188} INFO - [2026-09-10T05:36:27.640+0000] {dag.py:3096} INFO - Sync 3 DAGs
[2026-09-10T05:36:27.689+0000] {logging_mixin.py:188} INFO - [2026-09-10T05:36:27.688+0000] {dag.py:3954} INFO - Setting next_dagrun for data_quality to None, run_after=None
[2026-09-10T05:36:27.707+0000] {logging_mixin.py:188} INFO - [2026-09-10T05:36:27.706+0000] {dag.py:3954} INFO - Setting next_dagrun for produce_json to 2026-09-10 14:00:00+00:00, run_after=2026-09-11 14:00:00+00:00
[2026-09-10T05:36:27.711+0000] {logging_mixin.py:188} INFO - [2026-09-10T05:36:27.711+0000] {dag.py:3954} INFO - Setting next_dagrun for update_db to None, run_after=None
[2026-09-10T05:36:27.758+0000] {processor.py:183} INFO - Processing /opt/airflow/dags/main.py took 0.669 seconds
[2026-09-10T05:36:57.914+0000] {processor.py:161} INFO - Started process (PID=456) to work on /opt/airflow/dags/main.py
[2026-09-10T05:36:57.916+0000] {processor.py:830} INFO - Processing file /opt/airflow/dags/main.py for tasks to queue
[2026-09-10T05:36:57.927+0000] {logging_mixin.py:188} INFO - [2026-09-10T05:36:57.920+0000] {dagbag.py:545} INFO - Filling up the DagBag from /opt/airflow/dags/main.py
[2026-09-10T05:36:58.947+0000] {logging_mixin.py:188} INFO - channel id is not executed
[2026-09-10T05:36:59.161+0000] {processor.py:840} INFO - DAG(s) 'update_db', 'produce_json', 'data_quality' retrieved from /opt/airflow/dags/main.py
[2026-09-10T05:36:59.467+0000] {logging_mixin.py:188} INFO - [2026-09-10T05:36:59.466+0000] {dag.py:3096} INFO - Sync 3 DAGs
[2026-09-10T05:36:59.498+0000] {logging_mixin.py:188} INFO - [2026-09-10T05:36:59.498+0000] {dag.py:3954} INFO - Setting next_dagrun for data_quality to None, run_after=None
[2026-09-10T05:36:59.511+0000] {logging_mixin.py:188} INFO - [2026-09-10T05:36:59.511+0000] {dag.py:3954} INFO - Setting next_dagrun for produce_json to 2026-09-10 14:00:00+00:00, run_after=2026-09-11 14:00:00+00:00
[2026-09-10T05:36:59.516+0000] {logging_mixin.py:188} INFO - [2026-09-10T05:36:59.516+0000] {dag.py:3954} INFO - Setting next_dagrun for update_db to None, run_after=None
[2026-09-10T05:36:59.580+0000] {processor.py:183} INFO - Processing /opt/airflow/dags/main.py took 1.675 seconds
[2026-09-10T05:37:29.874+0000] {processor.py:161} INFO - Started process (PID=463) to work on /opt/airflow/dags/main.py
[2026-09-10T05:37:29.897+0000] {processor.py:830} INFO - Processing file /opt/airflow/dags/main.py for tasks to queue
[2026-09-10T05:37:29.914+0000] {logging_mixin.py:188} INFO - [2026-09-10T05:37:29.913+0000] {dagbag.py:545} INFO - Filling up the DagBag from /opt/airflow/dags/main.py
[2026-09-10T05:37:30.461+0000] {logging_mixin.py:188} INFO - channel id is not executed
[2026-09-10T05:37:30.732+0000] {processor.py:840} INFO - DAG(s) 'update_db', 'produce_json', 'data_quality' retrieved from /opt/airflow/dags/main.py
[2026-09-10T05:37:31.288+0000] {logging_mixin.py:188} INFO - [2026-09-10T05:37:31.287+0000] {dag.py:3096} INFO - Sync 3 DAGs
[2026-09-10T05:37:31.430+0000] {logging_mixin.py:188} INFO - [2026-09-10T05:37:31.429+0000] {dag.py:3954} INFO - Setting next_dagrun for data_quality to None, run_after=None
[2026-09-10T05:37:31.495+0000] {logging_mixin.py:188} INFO - [2026-09-10T05:37:31.483+0000] {dag.py:3954} INFO - Setting next_dagrun for produce_json to 2026-09-10 14:00:00+00:00, run_after=2026-09-11 14:00:00+00:00
[2026-09-10T05:37:31.532+0000] {logging_mixin.py:188} INFO - [2026-09-10T05:37:31.531+0000] {dag.py:3954} INFO - Setting next_dagrun for update_db to None, run_after=None
[2026-09-10T05:37:31.633+0000] {processor.py:183} INFO - Processing /opt/airflow/dags/main.py took 1.775 seconds
[2026-09-10T05:38:02.467+0000] {processor.py:161} INFO - Started process (PID=470) to work on /opt/airflow/dags/main.py
[2026-09-10T05:38:02.470+0000] {processor.py:830} INFO - Processing file /opt/airflow/dags/main.py for tasks to queue
[2026-09-10T05:38:02.485+0000] {logging_mixin.py:188} INFO - [2026-09-10T05:38:02.485+0000] {dagbag.py:545} INFO - Filling up the DagBag from /opt/airflow/dags/main.py
[2026-09-10T05:38:02.576+0000] {logging_mixin.py:188} INFO - channel id is not executed
[2026-09-10T05:38:02.717+0000] {processor.py:840} INFO - DAG(s) 'produce_json', 'update_db', 'data_quality' retrieved from /opt/airflow/dags/main.py
[2026-09-10T05:38:03.025+0000] {logging_mixin.py:188} INFO - [2026-09-10T05:38:03.025+0000] {dag.py:3096} INFO - Sync 3 DAGs
[2026-09-10T05:38:03.065+0000] {logging_mixin.py:188} INFO - [2026-09-10T05:38:03.065+0000] {dag.py:3954} INFO - Setting next_dagrun for data_quality to None, run_after=None
[2026-09-10T05:38:03.082+0000] {logging_mixin.py:188} INFO - [2026-09-10T05:38:03.082+0000] {dag.py:3954} INFO - Setting next_dagrun for produce_json to 2026-09-10 14:00:00+00:00, run_after=2026-09-11 14:00:00+00:00
[2026-09-10T05:38:03.088+0000] {logging_mixin.py:188} INFO - [2026-09-10T05:38:03.087+0000] {dag.py:3954} INFO - Setting next_dagrun for update_db to None, run_after=None
[2026-09-10T05:38:03.163+0000] {processor.py:183} INFO - Processing /opt/airflow/dags/main.py took 0.728 seconds
[2026-09-10T05:38:33.620+0000] {processor.py:161} INFO - Started process (PID=477) to work on /opt/airflow/dags/main.py
[2026-09-10T05:38:33.660+0000] {processor.py:830} INFO - Processing file /opt/airflow/dags/main.py for tasks to queue
[2026-09-10T05:38:33.669+0000] {logging_mixin.py:188} INFO - [2026-09-10T05:38:33.669+0000] {dagbag.py:545} INFO - Filling up the DagBag from /opt/airflow/dags/main.py
[2026-09-10T05:38:33.860+0000] {logging_mixin.py:188} INFO - channel id is not executed
[2026-09-10T05:38:34.156+0000] {processor.py:840} INFO - DAG(s) 'produce_json', 'update_db', 'data_quality' retrieved from /opt/airflow/dags/main.py
[2026-09-10T05:38:34.615+0000] {logging_mixin.py:188} INFO - [2026-09-10T05:38:34.615+0000] {dag.py:3096} INFO - Sync 3 DAGs
[2026-09-10T05:38:34.692+0000] {logging_mixin.py:188} INFO - [2026-09-10T05:38:34.692+0000] {dag.py:3954} INFO - Setting next_dagrun for data_quality to None, run_after=None
[2026-09-10T05:38:34.710+0000] {logging_mixin.py:188} INFO - [2026-09-10T05:38:34.709+0000] {dag.py:3954} INFO - Setting next_dagrun for produce_json to 2026-09-10 14:00:00+00:00, run_after=2026-09-11 14:00:00+00:00
[2026-09-10T05:38:34.729+0000] {logging_mixin.py:188} INFO - [2026-09-10T05:38:34.729+0000] {dag.py:3954} INFO - Setting next_dagrun for update_db to None, run_after=None
[2026-09-10T05:38:34.802+0000] {processor.py:183} INFO - Processing /opt/airflow/dags/main.py took 1.201 seconds
[2026-09-10T05:39:05.435+0000] {processor.py:161} INFO - Started process (PID=484) to work on /opt/airflow/dags/main.py
[2026-09-10T05:39:05.438+0000] {processor.py:830} INFO - Processing file /opt/airflow/dags/main.py for tasks to queue
[2026-09-10T05:39:05.442+0000] {logging_mixin.py:188} INFO - [2026-09-10T05:39:05.441+0000] {dagbag.py:545} INFO - Filling up the DagBag from /opt/airflow/dags/main.py
[2026-09-10T05:39:05.575+0000] {logging_mixin.py:188} INFO - channel id is not executed
[2026-09-10T05:39:06.328+0000] {processor.py:840} INFO - DAG(s) 'update_db', 'produce_json', 'data_quality' retrieved from /opt/airflow/dags/main.py
[2026-09-10T05:39:06.832+0000] {logging_mixin.py:188} INFO - [2026-09-10T05:39:06.831+0000] {dag.py:3096} INFO - Sync 3 DAGs
[2026-09-10T05:39:06.975+0000] {logging_mixin.py:188} INFO - [2026-09-10T05:39:06.974+0000] {dag.py:3954} INFO - Setting next_dagrun for data_quality to None, run_after=None
[2026-09-10T05:39:06.999+0000] {logging_mixin.py:188} INFO - [2026-09-10T05:39:06.998+0000] {dag.py:3954} INFO - Setting next_dagrun for produce_json to 2026-09-10 14:00:00+00:00, run_after=2026-09-11 14:00:00+00:00
[2026-09-10T05:39:07.009+0000] {logging_mixin.py:188} INFO - [2026-09-10T05:39:07.008+0000] {dag.py:3954} INFO - Setting next_dagrun for update_db to None, run_after=None
[2026-09-10T05:39:07.106+0000] {processor.py:183} INFO - Processing /opt/airflow/dags/main.py took 1.681 seconds
[2026-09-10T05:39:37.711+0000] {processor.py:161} INFO - Started process (PID=491) to work on /opt/airflow/dags/main.py
[2026-09-10T05:39:37.713+0000] {processor.py:830} INFO - Processing file /opt/airflow/dags/main.py for tasks to queue
[2026-09-10T05:39:37.727+0000] {logging_mixin.py:188} INFO - [2026-09-10T05:39:37.727+0000] {dagbag.py:545} INFO - Filling up the DagBag from /opt/airflow/dags/main.py
[2026-09-10T05:39:37.815+0000] {logging_mixin.py:188} INFO - channel id is not executed
[2026-09-10T05:39:37.962+0000] {processor.py:840} INFO - DAG(s) 'update_db', 'data_quality', 'produce_json' retrieved from /opt/airflow/dags/main.py
[2026-09-10T05:39:38.278+0000] {logging_mixin.py:188} INFO - [2026-09-10T05:39:38.277+0000] {dag.py:3096} INFO - Sync 3 DAGs
[2026-09-10T05:39:38.322+0000] {logging_mixin.py:188} INFO - [2026-09-10T05:39:38.322+0000] {dag.py:3954} INFO - Setting next_dagrun for data_quality to None, run_after=None
[2026-09-10T05:39:38.344+0000] {logging_mixin.py:188} INFO - [2026-09-10T05:39:38.344+0000] {dag.py:3954} INFO - Setting next_dagrun for produce_json to 2026-09-10 14:00:00+00:00, run_after=2026-09-11 14:00:00+00:00
[2026-09-10T05:39:38.358+0000] {logging_mixin.py:188} INFO - [2026-09-10T05:39:38.357+0000] {dag.py:3954} INFO - Setting next_dagrun for update_db to None, run_after=None
[2026-09-10T05:39:38.408+0000] {processor.py:183} INFO - Processing /opt/airflow/dags/main.py took 0.706 seconds
[2026-09-10T05:40:08.800+0000] {processor.py:161} INFO - Started process (PID=498) to work on /opt/airflow/dags/main.py
[2026-09-10T05:40:08.805+0000] {processor.py:830} INFO - Processing file /opt/airflow/dags/main.py for tasks to queue
[2026-09-10T05:40:08.813+0000] {logging_mixin.py:188} INFO - [2026-09-10T05:40:08.812+0000] {dagbag.py:545} INFO - Filling up the DagBag from /opt/airflow/dags/main.py
[2026-09-10T05:40:08.950+0000] {logging_mixin.py:188} INFO - channel id is not executed
[2026-09-10T05:40:09.120+0000] {processor.py:840} INFO - DAG(s) 'produce_json', 'update_db', 'data_quality' retrieved from /opt/airflow/dags/main.py
[2026-09-10T05:40:09.428+0000] {logging_mixin.py:188} INFO - [2026-09-10T05:40:09.428+0000] {dag.py:3096} INFO - Sync 3 DAGs
[2026-09-10T05:40:09.472+0000] {logging_mixin.py:188} INFO - [2026-09-10T05:40:09.472+0000] {dag.py:3954} INFO - Setting next_dagrun for data_quality to None, run_after=None
[2026-09-10T05:40:09.486+0000] {logging_mixin.py:188} INFO - [2026-09-10T05:40:09.485+0000] {dag.py:3954} INFO - Setting next_dagrun for produce_json to 2026-09-10 14:00:00+00:00, run_after=2026-09-11 14:00:00+00:00
[2026-09-10T05:40:09.496+0000] {logging_mixin.py:188} INFO - [2026-09-10T05:40:09.495+0000] {dag.py:3954} INFO - Setting next_dagrun for update_db to None, run_after=None
[2026-09-10T05:40:09.549+0000] {processor.py:183} INFO - Processing /opt/airflow/dags/main.py took 0.770 seconds
[2026-09-10T05:40:40.468+0000] {processor.py:161} INFO - Started process (PID=505) to work on /opt/airflow/dags/main.py
[2026-09-10T05:40:40.470+0000] {processor.py:830} INFO - Processing file /opt/airflow/dags/main.py for tasks to queue
[2026-09-10T05:40:40.483+0000] {logging_mixin.py:188} INFO - [2026-09-10T05:40:40.482+0000] {dagbag.py:545} INFO - Filling up the DagBag from /opt/airflow/dags/main.py
[2026-09-10T05:40:40.576+0000] {logging_mixin.py:188} INFO - channel id is not executed
[2026-09-10T05:40:40.760+0000] {processor.py:840} INFO - DAG(s) 'update_db', 'produce_json', 'data_quality' retrieved from /opt/airflow/dags/main.py
[2026-09-10T05:40:41.084+0000] {logging_mixin.py:188} INFO - [2026-09-10T05:40:41.083+0000] {dag.py:3096} INFO - Sync 3 DAGs
[2026-09-10T05:40:41.131+0000] {logging_mixin.py:188} INFO - [2026-09-10T05:40:41.130+0000] {dag.py:3954} INFO - Setting next_dagrun for data_quality to None, run_after=None
[2026-09-10T05:40:41.143+0000] {logging_mixin.py:188} INFO - [2026-09-10T05:40:41.142+0000] {dag.py:3954} INFO - Setting next_dagrun for produce_json to 2026-09-10 14:00:00+00:00, run_after=2026-09-11 14:00:00+00:00
[2026-09-10T05:40:41.150+0000] {logging_mixin.py:188} INFO - [2026-09-10T05:40:41.150+0000] {dag.py:3954} INFO - Setting next_dagrun for update_db to None, run_after=None
[2026-09-10T05:40:41.196+0000] {processor.py:183} INFO - Processing /opt/airflow/dags/main.py took 0.737 seconds
[2026-09-10T05:41:12.153+0000] {processor.py:161} INFO - Started process (PID=512) to work on /opt/airflow/dags/main.py
[2026-09-10T05:41:12.155+0000] {processor.py:830} INFO - Processing file /opt/airflow/dags/main.py for tasks to queue
[2026-09-10T05:41:12.160+0000] {logging_mixin.py:188} INFO - [2026-09-10T05:41:12.159+0000] {dagbag.py:545} INFO - Filling up the DagBag from /opt/airflow/dags/main.py
[2026-09-10T05:41:12.266+0000] {logging_mixin.py:188} INFO - channel id is not executed
[2026-09-10T05:41:12.436+0000] {processor.py:840} INFO - DAG(s) 'data_quality', 'update_db', 'produce_json' retrieved from /opt/airflow/dags/main.py
[2026-09-10T05:41:12.749+0000] {logging_mixin.py:188} INFO - [2026-09-10T05:41:12.742+0000] {dag.py:3096} INFO - Sync 3 DAGs
[2026-09-10T05:41:12.793+0000] {logging_mixin.py:188} INFO - [2026-09-10T05:41:12.793+0000] {dag.py:3954} INFO - Setting next_dagrun for data_quality to None, run_after=None
[2026-09-10T05:41:12.806+0000] {logging_mixin.py:188} INFO - [2026-09-10T05:41:12.805+0000] {dag.py:3954} INFO - Setting next_dagrun for produce_json to 2026-09-10 14:00:00+00:00, run_after=2026-09-11 14:00:00+00:00
[2026-09-10T05:41:12.816+0000] {logging_mixin.py:188} INFO - [2026-09-10T05:41:12.816+0000] {dag.py:3954} INFO - Setting next_dagrun for update_db to None, run_after=None
[2026-09-10T05:41:12.874+0000] {processor.py:183} INFO - Processing /opt/airflow/dags/main.py took 0.739 seconds
[2026-09-10T05:41:43.824+0000] {processor.py:161} INFO - Started process (PID=519) to work on /opt/airflow/dags/main.py
[2026-09-10T05:41:43.842+0000] {processor.py:830} INFO - Processing file /opt/airflow/dags/main.py for tasks to queue
[2026-09-10T05:41:43.868+0000] {logging_mixin.py:188} INFO - [2026-09-10T05:41:43.867+0000] {dagbag.py:545} INFO - Filling up the DagBag from /opt/airflow/dags/main.py
[2026-09-10T05:41:44.206+0000] {logging_mixin.py:188} INFO - channel id is not executed
[2026-09-10T05:41:44.509+0000] {processor.py:840} INFO - DAG(s) 'update_db', 'data_quality', 'produce_json' retrieved from /opt/airflow/dags/main.py
[2026-09-10T05:41:44.896+0000] {logging_mixin.py:188} INFO - [2026-09-10T05:41:44.896+0000] {dag.py:3096} INFO - Sync 3 DAGs
[2026-09-10T05:41:44.957+0000] {logging_mixin.py:188} INFO - [2026-09-10T05:41:44.956+0000] {dag.py:3954} INFO - Setting next_dagrun for data_quality to None, run_after=None
[2026-09-10T05:41:44.970+0000] {logging_mixin.py:188} INFO - [2026-09-10T05:41:44.969+0000] {dag.py:3954} INFO - Setting next_dagrun for produce_json to 2026-09-10 14:00:00+00:00, run_after=2026-09-11 14:00:00+00:00
[2026-09-10T05:41:44.975+0000] {logging_mixin.py:188} INFO - [2026-09-10T05:41:44.974+0000] {dag.py:3954} INFO - Setting next_dagrun for update_db to None, run_after=None
[2026-09-10T05:41:45.038+0000] {processor.py:183} INFO - Processing /opt/airflow/dags/main.py took 1.260 seconds
[2026-09-10T05:42:16.598+0000] {processor.py:161} INFO - Started process (PID=526) to work on /opt/airflow/dags/main.py
[2026-09-10T05:42:16.629+0000] {processor.py:830} INFO - Processing file /opt/airflow/dags/main.py for tasks to queue
[2026-09-10T05:42:16.690+0000] {logging_mixin.py:188} INFO - [2026-09-10T05:42:16.685+0000] {dagbag.py:545} INFO - Filling up the DagBag from /opt/airflow/dags/main.py
[2026-09-10T05:42:18.042+0000] {logging_mixin.py:188} INFO - channel id is not executed
[2026-09-10T05:42:18.860+0000] {processor.py:840} INFO - DAG(s) 'data_quality', 'produce_json', 'update_db' retrieved from /opt/airflow/dags/main.py
[2026-09-10T05:42:20.964+0000] {logging_mixin.py:188} INFO - [2026-09-10T05:42:20.964+0000] {dag.py:3096} INFO - Sync 3 DAGs
[2026-09-10T05:42:21.188+0000] {logging_mixin.py:188} INFO - [2026-09-10T05:42:21.187+0000] {dag.py:3954} INFO - Setting next_dagrun for data_quality to None, run_after=None
[2026-09-10T05:42:21.227+0000] {logging_mixin.py:188} INFO - [2026-09-10T05:42:21.226+0000] {dag.py:3954} INFO - Setting next_dagrun for produce_json to 2026-09-10 14:00:00+00:00, run_after=2026-09-11 14:00:00+00:00
[2026-09-10T05:42:21.231+0000] {logging_mixin.py:188} INFO - [2026-09-10T05:42:21.230+0000] {dag.py:3954} INFO - Setting next_dagrun for update_db to None, run_after=None
[2026-09-10T05:42:21.491+0000] {processor.py:183} INFO - Processing /opt/airflow/dags/main.py took 5.075 seconds
[2026-09-10T05:42:51.786+0000] {processor.py:161} INFO - Started process (PID=540) to work on /opt/airflow/dags/main.py
[2026-09-10T05:42:51.800+0000] {processor.py:830} INFO - Processing file /opt/airflow/dags/main.py for tasks to queue
[2026-09-10T05:42:51.805+0000] {logging_mixin.py:188} INFO - [2026-09-10T05:42:51.805+0000] {dagbag.py:545} INFO - Filling up the DagBag from /opt/airflow/dags/main.py
[2026-09-10T05:42:51.916+0000] {logging_mixin.py:188} INFO - channel id is not executed
[2026-09-10T05:42:52.027+0000] {processor.py:840} INFO - DAG(s) 'data_quality', 'produce_json', 'update_db' retrieved from /opt/airflow/dags/main.py
[2026-09-10T05:42:52.311+0000] {logging_mixin.py:188} INFO - [2026-09-10T05:42:52.311+0000] {dag.py:3096} INFO - Sync 3 DAGs
[2026-09-10T05:42:52.352+0000] {logging_mixin.py:188} INFO - [2026-09-10T05:42:52.351+0000] {dag.py:3954} INFO - Setting next_dagrun for data_quality to None, run_after=None
[2026-09-10T05:42:52.392+0000] {logging_mixin.py:188} INFO - [2026-09-10T05:42:52.391+0000] {dag.py:3954} INFO - Setting next_dagrun for produce_json to 2026-09-10 14:00:00+00:00, run_after=2026-09-11 14:00:00+00:00
[2026-09-10T05:42:52.398+0000] {logging_mixin.py:188} INFO - [2026-09-10T05:42:52.398+0000] {dag.py:3954} INFO - Setting next_dagrun for update_db to None, run_after=None
[2026-09-10T05:42:52.521+0000] {processor.py:183} INFO - Processing /opt/airflow/dags/main.py took 0.753 seconds
[2026-09-10T05:43:22.814+0000] {processor.py:161} INFO - Started process (PID=547) to work on /opt/airflow/dags/main.py
[2026-09-10T05:43:22.816+0000] {processor.py:830} INFO - Processing file /opt/airflow/dags/main.py for tasks to queue
[2026-09-10T05:43:22.823+0000] {logging_mixin.py:188} INFO - [2026-09-10T05:43:22.820+0000] {dagbag.py:545} INFO - Filling up the DagBag from /opt/airflow/dags/main.py
[2026-09-10T05:43:22.903+0000] {logging_mixin.py:188} INFO - channel id is not executed
[2026-09-10T05:43:23.024+0000] {processor.py:840} INFO - DAG(s) 'data_quality', 'produce_json', 'update_db' retrieved from /opt/airflow/dags/main.py
[2026-09-10T05:43:23.327+0000] {logging_mixin.py:188} INFO - [2026-09-10T05:43:23.326+0000] {dag.py:3096} INFO - Sync 3 DAGs
[2026-09-10T05:43:23.364+0000] {logging_mixin.py:188} INFO - [2026-09-10T05:43:23.363+0000] {dag.py:3954} INFO - Setting next_dagrun for data_quality to None, run_after=None
[2026-09-10T05:43:23.374+0000] {logging_mixin.py:188} INFO - [2026-09-10T05:43:23.373+0000] {dag.py:3954} INFO - Setting next_dagrun for produce_json to 2026-09-10 14:00:00+00:00, run_after=2026-09-11 14:00:00+00:00
[2026-09-10T05:43:23.379+0000] {logging_mixin.py:188} INFO - [2026-09-10T05:43:23.377+0000] {dag.py:3954} INFO - Setting next_dagrun for update_db to None, run_after=None
[2026-09-10T05:43:23.436+0000] {processor.py:183} INFO - Processing /opt/airflow/dags/main.py took 0.633 seconds
[2026-09-10T05:43:54.527+0000] {processor.py:161} INFO - Started process (PID=554) to work on /opt/airflow/dags/main.py
[2026-09-10T05:43:54.529+0000] {processor.py:830} INFO - Processing file /opt/airflow/dags/main.py for tasks to queue
[2026-09-10T05:43:54.533+0000] {logging_mixin.py:188} INFO - [2026-09-10T05:43:54.533+0000] {dagbag.py:545} INFO - Filling up the DagBag from /opt/airflow/dags/main.py
[2026-09-10T05:43:54.613+0000] {logging_mixin.py:188} INFO - channel id is not executed
[2026-09-10T05:43:55.600+0000] {processor.py:840} INFO - DAG(s) 'update_db', 'data_quality', 'produce_json' retrieved from /opt/airflow/dags/main.py
[2026-09-10T05:43:55.893+0000] {logging_mixin.py:188} INFO - [2026-09-10T05:43:55.892+0000] {dag.py:3096} INFO - Sync 3 DAGs
[2026-09-10T05:43:55.939+0000] {logging_mixin.py:188} INFO - [2026-09-10T05:43:55.938+0000] {dag.py:3954} INFO - Setting next_dagrun for data_quality to None, run_after=None
[2026-09-10T05:43:55.960+0000] {logging_mixin.py:188} INFO - [2026-09-10T05:43:55.959+0000] {dag.py:3954} INFO - Setting next_dagrun for produce_json to 2026-09-10 14:00:00+00:00, run_after=2026-09-11 14:00:00+00:00
[2026-09-10T05:43:55.965+0000] {logging_mixin.py:188} INFO - [2026-09-10T05:43:55.965+0000] {dag.py:3954} INFO - Setting next_dagrun for update_db to None, run_after=None
[2026-09-10T05:43:56.007+0000] {processor.py:183} INFO - Processing /opt/airflow/dags/main.py took 1.494 seconds
[2026-09-10T05:44:26.170+0000] {processor.py:161} INFO - Started process (PID=561) to work on /opt/airflow/dags/main.py
[2026-09-10T05:44:26.173+0000] {processor.py:830} INFO - Processing file /opt/airflow/dags/main.py for tasks to queue
[2026-09-10T05:44:26.177+0000] {logging_mixin.py:188} INFO - [2026-09-10T05:44:26.176+0000] {dagbag.py:545} INFO - Filling up the DagBag from /opt/airflow/dags/main.py
[2026-09-10T05:44:26.491+0000] {logging_mixin.py:188} INFO - channel id is not executed
[2026-09-10T05:44:26.602+0000] {processor.py:840} INFO - DAG(s) 'update_db', 'produce_json', 'data_quality' retrieved from /opt/airflow/dags/main.py
[2026-09-10T05:44:26.841+0000] {logging_mixin.py:188} INFO - [2026-09-10T05:44:26.840+0000] {dag.py:3096} INFO - Sync 3 DAGs
[2026-09-10T05:44:26.892+0000] {logging_mixin.py:188} INFO - [2026-09-10T05:44:26.882+0000] {dag.py:3954} INFO - Setting next_dagrun for data_quality to None, run_after=None
[2026-09-10T05:44:26.911+0000] {logging_mixin.py:188} INFO - [2026-09-10T05:44:26.910+0000] {dag.py:3954} INFO - Setting next_dagrun for produce_json to 2026-09-10 14:00:00+00:00, run_after=2026-09-11 14:00:00+00:00
[2026-09-10T05:44:26.916+0000] {logging_mixin.py:188} INFO - [2026-09-10T05:44:26.916+0000] {dag.py:3954} INFO - Setting next_dagrun for update_db to None, run_after=None
[2026-09-10T05:44:26.998+0000] {processor.py:183} INFO - Processing /opt/airflow/dags/main.py took 0.838 seconds
[2026-09-10T05:44:57.588+0000] {processor.py:161} INFO - Started process (PID=568) to work on /opt/airflow/dags/main.py
[2026-09-10T05:44:57.595+0000] {processor.py:830} INFO - Processing file /opt/airflow/dags/main.py for tasks to queue
[2026-09-10T05:44:57.599+0000] {logging_mixin.py:188} INFO - [2026-09-10T05:44:57.598+0000] {dagbag.py:545} INFO - Filling up the DagBag from /opt/airflow/dags/main.py
[2026-09-10T05:44:57.681+0000] {logging_mixin.py:188} INFO - channel id is not executed
[2026-09-10T05:44:57.844+0000] {processor.py:840} INFO - DAG(s) 'update_db', 'produce_json', 'data_quality' retrieved from /opt/airflow/dags/main.py
[2026-09-10T05:44:58.069+0000] {logging_mixin.py:188} INFO - [2026-09-10T05:44:58.069+0000] {dag.py:3096} INFO - Sync 3 DAGs
[2026-09-10T05:44:58.106+0000] {logging_mixin.py:188} INFO - [2026-09-10T05:44:58.105+0000] {dag.py:3954} INFO - Setting next_dagrun for data_quality to None, run_after=None
[2026-09-10T05:44:58.116+0000] {logging_mixin.py:188} INFO - [2026-09-10T05:44:58.115+0000] {dag.py:3954} INFO - Setting next_dagrun for produce_json to 2026-09-10 14:00:00+00:00, run_after=2026-09-11 14:00:00+00:00
[2026-09-10T05:44:58.120+0000] {logging_mixin.py:188} INFO - [2026-09-10T05:44:58.119+0000] {dag.py:3954} INFO - Setting next_dagrun for update_db to None, run_after=None
[2026-09-10T05:44:58.178+0000] {processor.py:183} INFO - Processing /opt/airflow/dags/main.py took 0.609 seconds
[2026-09-10T05:45:28.383+0000] {processor.py:161} INFO - Started process (PID=575) to work on /opt/airflow/dags/main.py
[2026-09-10T05:45:28.386+0000] {processor.py:830} INFO - Processing file /opt/airflow/dags/main.py for tasks to queue
[2026-09-10T05:45:28.392+0000] {logging_mixin.py:188} INFO - [2026-09-10T05:45:28.391+0000] {dagbag.py:545} INFO - Filling up the DagBag from /opt/airflow/dags/main.py
[2026-09-10T05:45:28.482+0000] {logging_mixin.py:188} INFO - channel id is not executed
[2026-09-10T05:45:28.686+0000] {processor.py:840} INFO - DAG(s) 'update_db', 'produce_json', 'data_quality' retrieved from /opt/airflow/dags/main.py
[2026-09-10T05:45:28.985+0000] {logging_mixin.py:188} INFO - [2026-09-10T05:45:28.985+0000] {dag.py:3096} INFO - Sync 3 DAGs
[2026-09-10T05:45:29.033+0000] {logging_mixin.py:188} INFO - [2026-09-10T05:45:29.032+0000] {dag.py:3954} INFO - Setting next_dagrun for data_quality to None, run_after=None
[2026-09-10T05:45:29.058+0000] {logging_mixin.py:188} INFO - [2026-09-10T05:45:29.057+0000] {dag.py:3954} INFO - Setting next_dagrun for produce_json to 2026-09-10 14:00:00+00:00, run_after=2026-09-11 14:00:00+00:00
[2026-09-10T05:45:29.062+0000] {logging_mixin.py:188} INFO - [2026-09-10T05:45:29.061+0000] {dag.py:3954} INFO - Setting next_dagrun for update_db to None, run_after=None
[2026-09-10T05:45:29.125+0000] {processor.py:183} INFO - Processing /opt/airflow/dags/main.py took 0.754 seconds
[2026-09-10T05:45:59.832+0000] {processor.py:161} INFO - Started process (PID=583) to work on /opt/airflow/dags/main.py
[2026-09-10T05:45:59.882+0000] {processor.py:830} INFO - Processing file /opt/airflow/dags/main.py for tasks to queue
[2026-09-10T05:45:59.900+0000] {logging_mixin.py:188} INFO - [2026-09-10T05:45:59.899+0000] {dagbag.py:545} INFO - Filling up the DagBag from /opt/airflow/dags/main.py
[2026-09-10T05:46:00.062+0000] {logging_mixin.py:188} INFO - channel id is not executed
[2026-09-10T05:46:00.378+0000] {processor.py:840} INFO - DAG(s) 'produce_json', 'data_quality', 'update_db' retrieved from /opt/airflow/dags/main.py
[2026-09-10T05:46:01.386+0000] {logging_mixin.py:188} INFO - [2026-09-10T05:46:01.386+0000] {dag.py:3096} INFO - Sync 3 DAGs
[2026-09-10T05:46:01.461+0000] {logging_mixin.py:188} INFO - [2026-09-10T05:46:01.460+0000] {dag.py:3954} INFO - Setting next_dagrun for data_quality to None, run_after=None
[2026-09-10T05:46:01.482+0000] {logging_mixin.py:188} INFO - [2026-09-10T05:46:01.481+0000] {dag.py:3954} INFO - Setting next_dagrun for produce_json to 2026-09-10 14:00:00+00:00, run_after=2026-09-11 14:00:00+00:00
[2026-09-10T05:46:01.496+0000] {logging_mixin.py:188} INFO - [2026-09-10T05:46:01.495+0000] {dag.py:3954} INFO - Setting next_dagrun for update_db to None, run_after=None
[2026-09-10T05:46:01.598+0000] {processor.py:183} INFO - Processing /opt/airflow/dags/main.py took 1.786 seconds
[2026-09-10T05:46:31.950+0000] {processor.py:161} INFO - Started process (PID=590) to work on /opt/airflow/dags/main.py
[2026-09-10T05:46:31.952+0000] {processor.py:830} INFO - Processing file /opt/airflow/dags/main.py for tasks to queue
[2026-09-10T05:46:31.958+0000] {logging_mixin.py:188} INFO - [2026-09-10T05:46:31.957+0000] {dagbag.py:545} INFO - Filling up the DagBag from /opt/airflow/dags/main.py
[2026-09-10T05:46:32.069+0000] {logging_mixin.py:188} INFO - channel id is not executed
[2026-09-10T05:46:32.343+0000] {processor.py:840} INFO - DAG(s) 'data_quality', 'update_db', 'produce_json' retrieved from /opt/airflow/dags/main.py
[2026-09-10T05:46:32.662+0000] {logging_mixin.py:188} INFO - [2026-09-10T05:46:32.662+0000] {dag.py:3096} INFO - Sync 3 DAGs
[2026-09-10T05:46:32.705+0000] {logging_mixin.py:188} INFO - [2026-09-10T05:46:32.705+0000] {dag.py:3954} INFO - Setting next_dagrun for data_quality to None, run_after=None
[2026-09-10T05:46:32.715+0000] {logging_mixin.py:188} INFO - [2026-09-10T05:46:32.714+0000] {dag.py:3954} INFO - Setting next_dagrun for produce_json to 2026-09-10 14:00:00+00:00, run_after=2026-09-11 14:00:00+00:00
[2026-09-10T05:46:32.727+0000] {logging_mixin.py:188} INFO - [2026-09-10T05:46:32.726+0000] {dag.py:3954} INFO - Setting next_dagrun for update_db to None, run_after=None
[2026-09-10T05:46:32.762+0000] {processor.py:183} INFO - Processing /opt/airflow/dags/main.py took 0.829 seconds
[2026-09-10T05:47:03.543+0000] {processor.py:161} INFO - Started process (PID=597) to work on /opt/airflow/dags/main.py
[2026-09-10T05:47:03.545+0000] {processor.py:830} INFO - Processing file /opt/airflow/dags/main.py for tasks to queue
[2026-09-10T05:47:03.549+0000] {logging_mixin.py:188} INFO - [2026-09-10T05:47:03.548+0000] {dagbag.py:545} INFO - Filling up the DagBag from /opt/airflow/dags/main.py
[2026-09-10T05:47:03.616+0000] {logging_mixin.py:188} INFO - channel id is not executed
[2026-09-10T05:47:03.816+0000] {processor.py:840} INFO - DAG(s) 'update_db', 'produce_json', 'data_quality' retrieved from /opt/airflow/dags/main.py
[2026-09-10T05:47:04.053+0000] {logging_mixin.py:188} INFO - [2026-09-10T05:47:04.053+0000] {dag.py:3096} INFO - Sync 3 DAGs
[2026-09-10T05:47:04.088+0000] {logging_mixin.py:188} INFO - [2026-09-10T05:47:04.088+0000] {dag.py:3954} INFO - Setting next_dagrun for data_quality to None, run_after=None
[2026-09-10T05:47:04.098+0000] {logging_mixin.py:188} INFO - [2026-09-10T05:47:04.097+0000] {dag.py:3954} INFO - Setting next_dagrun for produce_json to 2026-09-10 14:00:00+00:00, run_after=2026-09-11 14:00:00+00:00
[2026-09-10T05:47:04.103+0000] {logging_mixin.py:188} INFO - [2026-09-10T05:47:04.102+0000] {dag.py:3954} INFO - Setting next_dagrun for update_db to None, run_after=None
[2026-09-10T05:47:04.169+0000] {processor.py:183} INFO - Processing /opt/airflow/dags/main.py took 0.638 seconds
[2026-09-10T05:47:34.477+0000] {processor.py:161} INFO - Started process (PID=604) to work on /opt/airflow/dags/main.py
[2026-09-10T05:47:34.481+0000] {processor.py:830} INFO - Processing file /opt/airflow/dags/main.py for tasks to queue
[2026-09-10T05:47:34.484+0000] {logging_mixin.py:188} INFO - [2026-09-10T05:47:34.484+0000] {dagbag.py:545} INFO - Filling up the DagBag from /opt/airflow/dags/main.py
[2026-09-10T05:47:34.550+0000] {logging_mixin.py:188} INFO - channel id is not executed
[2026-09-10T05:47:34.697+0000] {processor.py:840} INFO - DAG(s) 'data_quality', 'update_db', 'produce_json' retrieved from /opt/airflow/dags/main.py
[2026-09-10T05:47:35.223+0000] {logging_mixin.py:188} INFO - [2026-09-10T05:47:35.223+0000] {dag.py:3096} INFO - Sync 3 DAGs
[2026-09-10T05:47:35.267+0000] {logging_mixin.py:188} INFO - [2026-09-10T05:47:35.266+0000] {dag.py:3954} INFO - Setting next_dagrun for data_quality to None, run_after=None
[2026-09-10T05:47:35.305+0000] {logging_mixin.py:188} INFO - [2026-09-10T05:47:35.304+0000] {dag.py:3954} INFO - Setting next_dagrun for produce_json to 2026-09-10 14:00:00+00:00, run_after=2026-09-11 14:00:00+00:00
[2026-09-10T05:47:35.329+0000] {logging_mixin.py:188} INFO - [2026-09-10T05:47:35.329+0000] {dag.py:3954} INFO - Setting next_dagrun for update_db to None, run_after=None
[2026-09-10T05:47:35.387+0000] {processor.py:183} INFO - Processing /opt/airflow/dags/main.py took 0.919 seconds
[2026-09-10T05:48:05.845+0000] {processor.py:161} INFO - Started process (PID=611) to work on /opt/airflow/dags/main.py
[2026-09-10T05:48:05.847+0000] {processor.py:830} INFO - Processing file /opt/airflow/dags/main.py for tasks to queue
[2026-09-10T05:48:05.851+0000] {logging_mixin.py:188} INFO - [2026-09-10T05:48:05.851+0000] {dagbag.py:545} INFO - Filling up the DagBag from /opt/airflow/dags/main.py
[2026-09-10T05:48:05.928+0000] {logging_mixin.py:188} INFO - channel id is not executed
[2026-09-10T05:48:06.076+0000] {processor.py:840} INFO - DAG(s) 'update_db', 'data_quality', 'produce_json' retrieved from /opt/airflow/dags/main.py
[2026-09-10T05:48:06.520+0000] {logging_mixin.py:188} INFO - [2026-09-10T05:48:06.520+0000] {dag.py:3096} INFO - Sync 3 DAGs
[2026-09-10T05:48:06.630+0000] {logging_mixin.py:188} INFO - [2026-09-10T05:48:06.629+0000] {dag.py:3954} INFO - Setting next_dagrun for data_quality to None, run_after=None
[2026-09-10T05:48:06.663+0000] {logging_mixin.py:188} INFO - [2026-09-10T05:48:06.651+0000] {dag.py:3954} INFO - Setting next_dagrun for produce_json to 2026-09-10 14:00:00+00:00, run_after=2026-09-11 14:00:00+00:00
[2026-09-10T05:48:06.701+0000] {logging_mixin.py:188} INFO - [2026-09-10T05:48:06.701+0000] {dag.py:3954} INFO - Setting next_dagrun for update_db to None, run_after=None
[2026-09-10T05:48:06.790+0000] {processor.py:183} INFO - Processing /opt/airflow/dags/main.py took 0.959 seconds
[2026-09-10T05:48:37.733+0000] {processor.py:161} INFO - Started process (PID=619) to work on /opt/airflow/dags/main.py
[2026-09-10T05:48:37.735+0000] {processor.py:830} INFO - Processing file /opt/airflow/dags/main.py for tasks to queue
[2026-09-10T05:48:37.741+0000] {logging_mixin.py:188} INFO - [2026-09-10T05:48:37.740+0000] {dagbag.py:545} INFO - Filling up the DagBag from /opt/airflow/dags/main.py
[2026-09-10T05:48:37.817+0000] {logging_mixin.py:188} INFO - channel id is not executed
[2026-09-10T05:48:37.986+0000] {processor.py:840} INFO - DAG(s) 'produce_json', 'data_quality', 'update_db' retrieved from /opt/airflow/dags/main.py
[2026-09-10T05:48:38.217+0000] {logging_mixin.py:188} INFO - [2026-09-10T05:48:38.217+0000] {dag.py:3096} INFO - Sync 3 DAGs
[2026-09-10T05:48:38.250+0000] {logging_mixin.py:188} INFO - [2026-09-10T05:48:38.249+0000] {dag.py:3954} INFO - Setting next_dagrun for data_quality to None, run_after=None
[2026-09-10T05:48:38.260+0000] {logging_mixin.py:188} INFO - [2026-09-10T05:48:38.260+0000] {dag.py:3954} INFO - Setting next_dagrun for produce_json to 2026-09-10 14:00:00+00:00, run_after=2026-09-11 14:00:00+00:00
[2026-09-10T05:48:38.264+0000] {logging_mixin.py:188} INFO - [2026-09-10T05:48:38.264+0000] {dag.py:3954} INFO - Setting next_dagrun for update_db to None, run_after=None
[2026-09-10T05:48:38.307+0000] {processor.py:183} INFO - Processing /opt/airflow/dags/main.py took 0.587 seconds
[2026-09-10T05:49:08.501+0000] {processor.py:161} INFO - Started process (PID=625) to work on /opt/airflow/dags/main.py
[2026-09-10T05:49:08.509+0000] {processor.py:830} INFO - Processing file /opt/airflow/dags/main.py for tasks to queue
[2026-09-10T05:49:08.514+0000] {logging_mixin.py:188} INFO - [2026-09-10T05:49:08.514+0000] {dagbag.py:545} INFO - Filling up the DagBag from /opt/airflow/dags/main.py
[2026-09-10T05:49:08.595+0000] {logging_mixin.py:188} INFO - channel id is not executed
[2026-09-10T05:49:08.726+0000] {processor.py:840} INFO - DAG(s) 'data_quality', 'update_db', 'produce_json' retrieved from /opt/airflow/dags/main.py
[2026-09-10T05:49:09.760+0000] {logging_mixin.py:188} INFO - [2026-09-10T05:49:09.759+0000] {dag.py:3096} INFO - Sync 3 DAGs
[2026-09-10T05:49:09.986+0000] {logging_mixin.py:188} INFO - [2026-09-10T05:49:09.976+0000] {dag.py:3954} INFO - Setting next_dagrun for data_quality to None, run_after=None
[2026-09-10T05:49:10.027+0000] {logging_mixin.py:188} INFO - [2026-09-10T05:49:10.019+0000] {dag.py:3954} INFO - Setting next_dagrun for produce_json to 2026-09-10 14:00:00+00:00, run_after=2026-09-11 14:00:00+00:00
[2026-09-10T05:49:10.036+0000] {logging_mixin.py:188} INFO - [2026-09-10T05:49:10.033+0000] {dag.py:3954} INFO - Setting next_dagrun for update_db to None, run_after=None
[2026-09-10T05:49:10.080+0000] {processor.py:183} INFO - Processing /opt/airflow/dags/main.py took 1.615 seconds
[2026-09-10T05:49:41.340+0000] {processor.py:161} INFO - Started process (PID=632) to work on /opt/airflow/dags/main.py
[2026-09-10T05:49:41.351+0000] {processor.py:830} INFO - Processing file /opt/airflow/dags/main.py for tasks to queue
[2026-09-10T05:49:41.361+0000] {logging_mixin.py:188} INFO - [2026-09-10T05:49:41.360+0000] {dagbag.py:545} INFO - Filling up the DagBag from /opt/airflow/dags/main.py
[2026-09-10T05:49:41.440+0000] {logging_mixin.py:188} INFO - channel id is not executed
[2026-09-10T05:49:41.612+0000] {processor.py:840} INFO - DAG(s) 'data_quality', 'update_db', 'produce_json' retrieved from /opt/airflow/dags/main.py
[2026-09-10T05:49:42.373+0000] {logging_mixin.py:188} INFO - [2026-09-10T05:49:42.373+0000] {dag.py:3096} INFO - Sync 3 DAGs
[2026-09-10T05:49:42.553+0000] {logging_mixin.py:188} INFO - [2026-09-10T05:49:42.552+0000] {dag.py:3954} INFO - Setting next_dagrun for data_quality to None, run_after=None
[2026-09-10T05:49:42.695+0000] {logging_mixin.py:188} INFO - [2026-09-10T05:49:42.695+0000] {dag.py:3954} INFO - Setting next_dagrun for produce_json to 2026-09-10 14:00:00+00:00, run_after=2026-09-11 14:00:00+00:00
[2026-09-10T05:49:42.727+0000] {logging_mixin.py:188} INFO - [2026-09-10T05:49:42.727+0000] {dag.py:3954} INFO - Setting next_dagrun for update_db to None, run_after=None
[2026-09-10T05:49:43.273+0000] {processor.py:183} INFO - Processing /opt/airflow/dags/main.py took 1.952 seconds
[2026-09-10T05:50:13.515+0000] {processor.py:161} INFO - Started process (PID=639) to work on /opt/airflow/dags/main.py
[2026-09-10T05:50:13.517+0000] {processor.py:830} INFO - Processing file /opt/airflow/dags/main.py for tasks to queue
[2026-09-10T05:50:13.529+0000] {logging_mixin.py:188} INFO - [2026-09-10T05:50:13.521+0000] {dagbag.py:545} INFO - Filling up the DagBag from /opt/airflow/dags/main.py
[2026-09-10T05:50:13.643+0000] {logging_mixin.py:188} INFO - channel id is not executed
[2026-09-10T05:50:13.808+0000] {processor.py:840} INFO - DAG(s) 'data_quality', 'update_db', 'produce_json' retrieved from /opt/airflow/dags/main.py
[2026-09-10T05:50:14.217+0000] {logging_mixin.py:188} INFO - [2026-09-10T05:50:14.217+0000] {dag.py:3096} INFO - Sync 3 DAGs
[2026-09-10T05:50:14.272+0000] {logging_mixin.py:188} INFO - [2026-09-10T05:50:14.272+0000] {dag.py:3954} INFO - Setting next_dagrun for data_quality to None, run_after=None
[2026-09-10T05:50:14.281+0000] {logging_mixin.py:188} INFO - [2026-09-10T05:50:14.281+0000] {dag.py:3954} INFO - Setting next_dagrun for produce_json to 2026-09-10 14:00:00+00:00, run_after=2026-09-11 14:00:00+00:00
[2026-09-10T05:50:14.285+0000] {logging_mixin.py:188} INFO - [2026-09-10T05:50:14.285+0000] {dag.py:3954} INFO - Setting next_dagrun for update_db to None, run_after=None
[2026-09-10T05:50:14.322+0000] {processor.py:183} INFO - Processing /opt/airflow/dags/main.py took 0.840 seconds
[2026-09-10T05:50:44.841+0000] {processor.py:161} INFO - Started process (PID=646) to work on /opt/airflow/dags/main.py
[2026-09-10T05:50:44.843+0000] {processor.py:830} INFO - Processing file /opt/airflow/dags/main.py for tasks to queue
[2026-09-10T05:50:44.849+0000] {logging_mixin.py:188} INFO - [2026-09-10T05:50:44.849+0000] {dagbag.py:545} INFO - Filling up the DagBag from /opt/airflow/dags/main.py
[2026-09-10T05:50:44.998+0000] {logging_mixin.py:188} INFO - channel id is not executed
[2026-09-10T05:50:45.184+0000] {processor.py:840} INFO - DAG(s) 'produce_json', 'data_quality', 'update_db' retrieved from /opt/airflow/dags/main.py
[2026-09-10T05:50:45.546+0000] {logging_mixin.py:188} INFO - [2026-09-10T05:50:45.542+0000] {dag.py:3096} INFO - Sync 3 DAGs
[2026-09-10T05:50:45.606+0000] {logging_mixin.py:188} INFO - [2026-09-10T05:50:45.605+0000] {dag.py:3954} INFO - Setting next_dagrun for data_quality to None, run_after=None
[2026-09-10T05:50:45.626+0000] {logging_mixin.py:188} INFO - [2026-09-10T05:50:45.626+0000] {dag.py:3954} INFO - Setting next_dagrun for produce_json to 2026-09-10 14:00:00+00:00, run_after=2026-09-11 14:00:00+00:00
[2026-09-10T05:50:45.632+0000] {logging_mixin.py:188} INFO - [2026-09-10T05:50:45.631+0000] {dag.py:3954} INFO - Setting next_dagrun for update_db to None, run_after=None
[2026-09-10T05:50:45.674+0000] {processor.py:183} INFO - Processing /opt/airflow/dags/main.py took 0.857 seconds
[2026-09-10T05:51:16.536+0000] {processor.py:161} INFO - Started process (PID=653) to work on /opt/airflow/dags/main.py
[2026-09-10T05:51:16.544+0000] {processor.py:830} INFO - Processing file /opt/airflow/dags/main.py for tasks to queue
[2026-09-10T05:51:16.551+0000] {logging_mixin.py:188} INFO - [2026-09-10T05:51:16.551+0000] {dagbag.py:545} INFO - Filling up the DagBag from /opt/airflow/dags/main.py
[2026-09-10T05:51:16.689+0000] {logging_mixin.py:188} INFO - channel id is not executed
[2026-09-10T05:51:16.979+0000] {processor.py:840} INFO - DAG(s) 'data_quality', 'update_db', 'produce_json' retrieved from /opt/airflow/dags/main.py
[2026-09-10T05:51:17.439+0000] {logging_mixin.py:188} INFO - [2026-09-10T05:51:17.438+0000] {dag.py:3096} INFO - Sync 3 DAGs
[2026-09-10T05:51:17.497+0000] {logging_mixin.py:188} INFO - [2026-09-10T05:51:17.496+0000] {dag.py:3954} INFO - Setting next_dagrun for data_quality to None, run_after=None
[2026-09-10T05:51:17.526+0000] {logging_mixin.py:188} INFO - [2026-09-10T05:51:17.526+0000] {dag.py:3954} INFO - Setting next_dagrun for produce_json to 2026-09-10 14:00:00+00:00, run_after=2026-09-11 14:00:00+00:00
[2026-09-10T05:51:17.537+0000] {logging_mixin.py:188} INFO - [2026-09-10T05:51:17.536+0000] {dag.py:3954} INFO - Setting next_dagrun for update_db to None, run_after=None
[2026-09-10T05:51:17.615+0000] {processor.py:183} INFO - Processing /opt/airflow/dags/main.py took 1.089 seconds
[2026-09-10T05:51:48.560+0000] {processor.py:161} INFO - Started process (PID=661) to work on /opt/airflow/dags/main.py
[2026-09-10T05:51:48.563+0000] {processor.py:830} INFO - Processing file /opt/airflow/dags/main.py for tasks to queue
[2026-09-10T05:51:48.587+0000] {logging_mixin.py:188} INFO - [2026-09-10T05:51:48.584+0000] {dagbag.py:545} INFO - Filling up the DagBag from /opt/airflow/dags/main.py
[2026-09-10T05:51:48.738+0000] {logging_mixin.py:188} INFO - channel id is not executed
[2026-09-10T05:51:48.924+0000] {processor.py:840} INFO - DAG(s) 'produce_json', 'data_quality', 'update_db' retrieved from /opt/airflow/dags/main.py
[2026-09-10T05:51:49.227+0000] {logging_mixin.py:188} INFO - [2026-09-10T05:51:49.227+0000] {dag.py:3096} INFO - Sync 3 DAGs
[2026-09-10T05:51:49.274+0000] {logging_mixin.py:188} INFO - [2026-09-10T05:51:49.274+0000] {dag.py:3954} INFO - Setting next_dagrun for data_quality to None, run_after=None
[2026-09-10T05:51:49.303+0000] {logging_mixin.py:188} INFO - [2026-09-10T05:51:49.302+0000] {dag.py:3954} INFO - Setting next_dagrun for produce_json to 2026-09-10 14:00:00+00:00, run_after=2026-09-11 14:00:00+00:00
[2026-09-10T05:51:49.317+0000] {logging_mixin.py:188} INFO - [2026-09-10T05:51:49.309+0000] {dag.py:3954} INFO - Setting next_dagrun for update_db to None, run_after=None
[2026-09-10T05:51:49.617+0000] {processor.py:183} INFO - Processing /opt/airflow/dags/main.py took 1.099 seconds
[2026-09-10T05:52:20.308+0000] {processor.py:161} INFO - Started process (PID=668) to work on /opt/airflow/dags/main.py
[2026-09-10T05:52:20.312+0000] {processor.py:830} INFO - Processing file /opt/airflow/dags/main.py for tasks to queue
[2026-09-10T05:52:20.320+0000] {logging_mixin.py:188} INFO - [2026-09-10T05:52:20.320+0000] {dagbag.py:545} INFO - Filling up the DagBag from /opt/airflow/dags/main.py
[2026-09-10T05:52:20.493+0000] {logging_mixin.py:188} INFO - channel id is not executed
[2026-09-10T05:52:20.846+0000] {processor.py:840} INFO - DAG(s) 'produce_json', 'data_quality', 'update_db' retrieved from /opt/airflow/dags/main.py
[2026-09-10T05:52:21.433+0000] {logging_mixin.py:188} INFO - [2026-09-10T05:52:21.432+0000] {dag.py:3096} INFO - Sync 3 DAGs
[2026-09-10T05:52:21.519+0000] {logging_mixin.py:188} INFO - [2026-09-10T05:52:21.519+0000] {dag.py:3954} INFO - Setting next_dagrun for data_quality to None, run_after=None
[2026-09-10T05:52:21.548+0000] {logging_mixin.py:188} INFO - [2026-09-10T05:52:21.548+0000] {dag.py:3954} INFO - Setting next_dagrun for produce_json to 2026-09-10 14:00:00+00:00, run_after=2026-09-11 14:00:00+00:00
[2026-09-10T05:52:21.555+0000] {logging_mixin.py:188} INFO - [2026-09-10T05:52:21.554+0000] {dag.py:3954} INFO - Setting next_dagrun for update_db to None, run_after=None
[2026-09-10T05:52:21.639+0000] {processor.py:183} INFO - Processing /opt/airflow/dags/main.py took 1.349 seconds
[2026-09-10T05:52:51.948+0000] {processor.py:161} INFO - Started process (PID=681) to work on /opt/airflow/dags/main.py
[2026-09-10T05:52:52.009+0000] {processor.py:830} INFO - Processing file /opt/airflow/dags/main.py for tasks to queue
[2026-09-10T05:52:52.041+0000] {logging_mixin.py:188} INFO - [2026-09-10T05:52:52.040+0000] {dagbag.py:545} INFO - Filling up the DagBag from /opt/airflow/dags/main.py
[2026-09-10T05:52:53.783+0000] {logging_mixin.py:188} INFO - channel id is not executed
[2026-09-10T05:52:54.706+0000] {processor.py:840} INFO - DAG(s) 'produce_json', 'update_db', 'data_quality' retrieved from /opt/airflow/dags/main.py
[2026-09-10T05:52:55.817+0000] {logging_mixin.py:188} INFO - [2026-09-10T05:52:55.817+0000] {dag.py:3096} INFO - Sync 3 DAGs
[2026-09-10T05:52:55.966+0000] {logging_mixin.py:188} INFO - [2026-09-10T05:52:55.966+0000] {dag.py:3954} INFO - Setting next_dagrun for data_quality to None, run_after=None
[2026-09-10T05:52:56.018+0000] {logging_mixin.py:188} INFO - [2026-09-10T05:52:56.017+0000] {dag.py:3954} INFO - Setting next_dagrun for produce_json to 2026-09-10 14:00:00+00:00, run_after=2026-09-11 14:00:00+00:00
[2026-09-10T05:52:56.022+0000] {logging_mixin.py:188} INFO - [2026-09-10T05:52:56.021+0000] {dag.py:3954} INFO - Setting next_dagrun for update_db to None, run_after=None
[2026-09-10T05:52:56.091+0000] {processor.py:183} INFO - Processing /opt/airflow/dags/main.py took 4.154 seconds
[2026-09-10T05:53:26.277+0000] {processor.py:161} INFO - Started process (PID=688) to work on /opt/airflow/dags/main.py
[2026-09-10T05:53:26.293+0000] {processor.py:830} INFO - Processing file /opt/airflow/dags/main.py for tasks to queue
[2026-09-10T05:53:26.311+0000] {logging_mixin.py:188} INFO - [2026-09-10T05:53:26.310+0000] {dagbag.py:545} INFO - Filling up the DagBag from /opt/airflow/dags/main.py
[2026-09-10T05:53:26.403+0000] {logging_mixin.py:188} INFO - channel id is not executed
[2026-09-10T05:53:26.581+0000] {processor.py:840} INFO - DAG(s) 'produce_json', 'data_quality', 'update_db' retrieved from /opt/airflow/dags/main.py
[2026-09-10T05:53:26.892+0000] {logging_mixin.py:188} INFO - [2026-09-10T05:53:26.891+0000] {dag.py:3096} INFO - Sync 3 DAGs
[2026-09-10T05:53:26.960+0000] {logging_mixin.py:188} INFO - [2026-09-10T05:53:26.959+0000] {dag.py:3954} INFO - Setting next_dagrun for data_quality to None, run_after=None
[2026-09-10T05:53:26.979+0000] {logging_mixin.py:188} INFO - [2026-09-10T05:53:26.978+0000] {dag.py:3954} INFO - Setting next_dagrun for produce_json to 2026-09-10 14:00:00+00:00, run_after=2026-09-11 14:00:00+00:00
[2026-09-10T05:53:27.017+0000] {logging_mixin.py:188} INFO - [2026-09-10T05:53:27.016+0000] {dag.py:3954} INFO - Setting next_dagrun for update_db to None, run_after=None
[2026-09-10T05:53:27.099+0000] {processor.py:183} INFO - Processing /opt/airflow/dags/main.py took 0.832 seconds
[2026-09-10T05:53:57.833+0000] {processor.py:161} INFO - Started process (PID=696) to work on /opt/airflow/dags/main.py
[2026-09-10T05:53:57.840+0000] {processor.py:830} INFO - Processing file /opt/airflow/dags/main.py for tasks to queue
[2026-09-10T05:53:57.856+0000] {logging_mixin.py:188} INFO - [2026-09-10T05:53:57.856+0000] {dagbag.py:545} INFO - Filling up the DagBag from /opt/airflow/dags/main.py
[2026-09-10T05:53:57.967+0000] {logging_mixin.py:188} INFO - channel id is not executed
[2026-09-10T05:53:58.148+0000] {processor.py:840} INFO - DAG(s) 'data_quality', 'update_db', 'produce_json' retrieved from /opt/airflow/dags/main.py
[2026-09-10T05:53:58.490+0000] {logging_mixin.py:188} INFO - [2026-09-10T05:53:58.489+0000] {dag.py:3096} INFO - Sync 3 DAGs
[2026-09-10T05:53:58.558+0000] {logging_mixin.py:188} INFO - [2026-09-10T05:53:58.557+0000] {dag.py:3954} INFO - Setting next_dagrun for data_quality to None, run_after=None
[2026-09-10T05:53:58.576+0000] {logging_mixin.py:188} INFO - [2026-09-10T05:53:58.575+0000] {dag.py:3954} INFO - Setting next_dagrun for produce_json to 2026-09-10 14:00:00+00:00, run_after=2026-09-11 14:00:00+00:00
[2026-09-10T05:53:58.582+0000] {logging_mixin.py:188} INFO - [2026-09-10T05:53:58.581+0000] {dag.py:3954} INFO - Setting next_dagrun for update_db to None, run_after=None
[2026-09-10T05:53:58.652+0000] {processor.py:183} INFO - Processing /opt/airflow/dags/main.py took 0.829 seconds
[2026-09-10T05:54:29.173+0000] {processor.py:161} INFO - Started process (PID=703) to work on /opt/airflow/dags/main.py
[2026-09-10T05:54:29.195+0000] {processor.py:830} INFO - Processing file /opt/airflow/dags/main.py for tasks to queue
[2026-09-10T05:54:29.203+0000] {logging_mixin.py:188} INFO - [2026-09-10T05:54:29.202+0000] {dagbag.py:545} INFO - Filling up the DagBag from /opt/airflow/dags/main.py
[2026-09-10T05:54:29.343+0000] {logging_mixin.py:188} INFO - channel id is not executed
[2026-09-10T05:54:29.535+0000] {processor.py:840} INFO - DAG(s) 'data_quality', 'update_db', 'produce_json' retrieved from /opt/airflow/dags/main.py
[2026-09-10T05:54:29.931+0000] {logging_mixin.py:188} INFO - [2026-09-10T05:54:29.931+0000] {dag.py:3096} INFO - Sync 3 DAGs
[2026-09-10T05:54:29.986+0000] {logging_mixin.py:188} INFO - [2026-09-10T05:54:29.986+0000] {dag.py:3954} INFO - Setting next_dagrun for data_quality to None, run_after=None
[2026-09-10T05:54:30.000+0000] {logging_mixin.py:188} INFO - [2026-09-10T05:54:30.000+0000] {dag.py:3954} INFO - Setting next_dagrun for produce_json to 2026-09-10 14:00:00+00:00, run_after=2026-09-11 14:00:00+00:00
[2026-09-10T05:54:30.017+0000] {logging_mixin.py:188} INFO - [2026-09-10T05:54:30.016+0000] {dag.py:3954} INFO - Setting next_dagrun for update_db to None, run_after=None
[2026-09-10T05:54:30.086+0000] {processor.py:183} INFO - Processing /opt/airflow/dags/main.py took 0.928 seconds
[2026-09-10T05:55:00.570+0000] {processor.py:161} INFO - Started process (PID=711) to work on /opt/airflow/dags/main.py
[2026-09-10T05:55:00.572+0000] {processor.py:830} INFO - Processing file /opt/airflow/dags/main.py for tasks to queue
[2026-09-10T05:55:00.576+0000] {logging_mixin.py:188} INFO - [2026-09-10T05:55:00.576+0000] {dagbag.py:545} INFO - Filling up the DagBag from /opt/airflow/dags/main.py
[2026-09-10T05:55:00.679+0000] {logging_mixin.py:188} INFO - channel id is not executed
[2026-09-10T05:55:00.946+0000] {processor.py:840} INFO - DAG(s) 'produce_json', 'update_db', 'data_quality' retrieved from /opt/airflow/dags/main.py
[2026-09-10T05:55:01.340+0000] {logging_mixin.py:188} INFO - [2026-09-10T05:55:01.339+0000] {dag.py:3096} INFO - Sync 3 DAGs
[2026-09-10T05:55:01.393+0000] {logging_mixin.py:188} INFO - [2026-09-10T05:55:01.393+0000] {dag.py:3954} INFO - Setting next_dagrun for data_quality to None, run_after=None
[2026-09-10T05:55:01.410+0000] {logging_mixin.py:188} INFO - [2026-09-10T05:55:01.410+0000] {dag.py:3954} INFO - Setting next_dagrun for produce_json to 2026-09-10 14:00:00+00:00, run_after=2026-09-11 14:00:00+00:00
[2026-09-10T05:55:01.415+0000] {logging_mixin.py:188} INFO - [2026-09-10T05:55:01.414+0000] {dag.py:3954} INFO - Setting next_dagrun for update_db to None, run_after=None
[2026-09-10T05:55:01.470+0000] {processor.py:183} INFO - Processing /opt/airflow/dags/main.py took 0.910 seconds
[2026-09-10T05:55:33.364+0000] {processor.py:161} INFO - Started process (PID=718) to work on /opt/airflow/dags/main.py
[2026-09-10T05:55:33.377+0000] {processor.py:830} INFO - Processing file /opt/airflow/dags/main.py for tasks to queue
[2026-09-10T05:55:33.394+0000] {logging_mixin.py:188} INFO - [2026-09-10T05:55:33.394+0000] {dagbag.py:545} INFO - Filling up the DagBag from /opt/airflow/dags/main.py
[2026-09-10T05:55:33.904+0000] {logging_mixin.py:188} INFO - channel id is not executed
[2026-09-10T05:55:34.348+0000] {processor.py:840} INFO - DAG(s) 'produce_json', 'data_quality', 'update_db' retrieved from /opt/airflow/dags/main.py
[2026-09-10T05:55:35.034+0000] {logging_mixin.py:188} INFO - [2026-09-10T05:55:35.024+0000] {dag.py:3096} INFO - Sync 3 DAGs
[2026-09-10T05:55:35.119+0000] {logging_mixin.py:188} INFO - [2026-09-10T05:55:35.119+0000] {dag.py:3954} INFO - Setting next_dagrun for data_quality to None, run_after=None
[2026-09-10T05:55:35.148+0000] {logging_mixin.py:188} INFO - [2026-09-10T05:55:35.147+0000] {dag.py:3954} INFO - Setting next_dagrun for produce_json to 2026-09-10 14:00:00+00:00, run_after=2026-09-11 14:00:00+00:00
[2026-09-10T05:55:35.189+0000] {logging_mixin.py:188} INFO - [2026-09-10T05:55:35.189+0000] {dag.py:3954} INFO - Setting next_dagrun for update_db to None, run_after=None
[2026-09-10T05:55:35.504+0000] {processor.py:183} INFO - Processing /opt/airflow/dags/main.py took 2.160 seconds
[2026-09-10T05:56:05.706+0000] {processor.py:161} INFO - Started process (PID=725) to work on /opt/airflow/dags/main.py
[2026-09-10T05:56:05.710+0000] {processor.py:830} INFO - Processing file /opt/airflow/dags/main.py for tasks to queue
[2026-09-10T05:56:05.720+0000] {logging_mixin.py:188} INFO - [2026-09-10T05:56:05.719+0000] {dagbag.py:545} INFO - Filling up the DagBag from /opt/airflow/dags/main.py
[2026-09-10T05:56:05.803+0000] {logging_mixin.py:188} INFO - channel id is not executed
[2026-09-10T05:56:05.916+0000] {processor.py:840} INFO - DAG(s) 'produce_json', 'data_quality', 'update_db' retrieved from /opt/airflow/dags/main.py
[2026-09-10T05:56:06.129+0000] {logging_mixin.py:188} INFO - [2026-09-10T05:56:06.129+0000] {dag.py:3096} INFO - Sync 3 DAGs
[2026-09-10T05:56:06.170+0000] {logging_mixin.py:188} INFO - [2026-09-10T05:56:06.169+0000] {dag.py:3954} INFO - Setting next_dagrun for data_quality to None, run_after=None
[2026-09-10T05:56:06.195+0000] {logging_mixin.py:188} INFO - [2026-09-10T05:56:06.193+0000] {dag.py:3954} INFO - Setting next_dagrun for produce_json to 2026-09-10 14:00:00+00:00, run_after=2026-09-11 14:00:00+00:00
[2026-09-10T05:56:06.204+0000] {logging_mixin.py:188} INFO - [2026-09-10T05:56:06.203+0000] {dag.py:3954} INFO - Setting next_dagrun for update_db to None, run_after=None
[2026-09-10T05:56:06.261+0000] {processor.py:183} INFO - Processing /opt/airflow/dags/main.py took 0.564 seconds
[2026-09-10T05:56:36.862+0000] {processor.py:161} INFO - Started process (PID=731) to work on /opt/airflow/dags/main.py
[2026-09-10T05:56:36.897+0000] {processor.py:830} INFO - Processing file /opt/airflow/dags/main.py for tasks to queue
[2026-09-10T05:56:36.920+0000] {logging_mixin.py:188} INFO - [2026-09-10T05:56:36.918+0000] {dagbag.py:545} INFO - Filling up the DagBag from /opt/airflow/dags/main.py
[2026-09-10T05:56:37.067+0000] {logging_mixin.py:188} INFO - channel id is not executed
[2026-09-10T05:56:37.385+0000] {processor.py:840} INFO - DAG(s) 'produce_json', 'update_db', 'data_quality' retrieved from /opt/airflow/dags/main.py
[2026-09-10T05:56:38.087+0000] {logging_mixin.py:188} INFO - [2026-09-10T05:56:38.086+0000] {dag.py:3096} INFO - Sync 3 DAGs
[2026-09-10T05:56:38.267+0000] {logging_mixin.py:188} INFO - [2026-09-10T05:56:38.267+0000] {dag.py:3954} INFO - Setting next_dagrun for data_quality to None, run_after=None
[2026-09-10T05:56:38.299+0000] {logging_mixin.py:188} INFO - [2026-09-10T05:56:38.298+0000] {dag.py:3954} INFO - Setting next_dagrun for produce_json to 2026-09-10 14:00:00+00:00, run_after=2026-09-11 14:00:00+00:00
[2026-09-10T05:56:38.317+0000] {logging_mixin.py:188} INFO - [2026-09-10T05:56:38.316+0000] {dag.py:3954} INFO - Setting next_dagrun for update_db to None, run_after=None
[2026-09-10T05:56:38.713+0000] {processor.py:183} INFO - Processing /opt/airflow/dags/main.py took 1.879 seconds
[2026-09-10T05:57:09.448+0000] {processor.py:161} INFO - Started process (PID=738) to work on /opt/airflow/dags/main.py
[2026-09-10T05:57:09.450+0000] {processor.py:830} INFO - Processing file /opt/airflow/dags/main.py for tasks to queue
[2026-09-10T05:57:09.463+0000] {logging_mixin.py:188} INFO - [2026-09-10T05:57:09.463+0000] {dagbag.py:545} INFO - Filling up the DagBag from /opt/airflow/dags/main.py
[2026-09-10T05:57:09.596+0000] {logging_mixin.py:188} INFO - channel id is not executed
[2026-09-10T05:57:10.119+0000] {processor.py:840} INFO - DAG(s) 'update_db', 'data_quality', 'produce_json' retrieved from /opt/airflow/dags/main.py
[2026-09-10T05:57:10.401+0000] {logging_mixin.py:188} INFO - [2026-09-10T05:57:10.400+0000] {dag.py:3096} INFO - Sync 3 DAGs
[2026-09-10T05:57:10.432+0000] {logging_mixin.py:188} INFO - [2026-09-10T05:57:10.431+0000] {dag.py:3954} INFO - Setting next_dagrun for data_quality to None, run_after=None
[2026-09-10T05:57:10.442+0000] {logging_mixin.py:188} INFO - [2026-09-10T05:57:10.441+0000] {dag.py:3954} INFO - Setting next_dagrun for produce_json to 2026-09-10 14:00:00+00:00, run_after=2026-09-11 14:00:00+00:00
[2026-09-10T05:57:10.446+0000] {logging_mixin.py:188} INFO - [2026-09-10T05:57:10.445+0000] {dag.py:3954} INFO - Setting next_dagrun for update_db to None, run_after=None
[2026-09-10T05:57:10.526+0000] {processor.py:183} INFO - Processing /opt/airflow/dags/main.py took 1.093 seconds
[2026-09-10T05:57:41.048+0000] {processor.py:161} INFO - Started process (PID=745) to work on /opt/airflow/dags/main.py
[2026-09-10T05:57:41.052+0000] {processor.py:830} INFO - Processing file /opt/airflow/dags/main.py for tasks to queue
[2026-09-10T05:57:41.057+0000] {logging_mixin.py:188} INFO - [2026-09-10T05:57:41.056+0000] {dagbag.py:545} INFO - Filling up the DagBag from /opt/airflow/dags/main.py
[2026-09-10T05:57:41.129+0000] {logging_mixin.py:188} INFO - channel id is not executed
[2026-09-10T05:57:41.249+0000] {processor.py:840} INFO - DAG(s) 'data_quality', 'produce_json', 'update_db' retrieved from /opt/airflow/dags/main.py
[2026-09-10T05:57:41.466+0000] {logging_mixin.py:188} INFO - [2026-09-10T05:57:41.466+0000] {dag.py:3096} INFO - Sync 3 DAGs
[2026-09-10T05:57:41.512+0000] {logging_mixin.py:188} INFO - [2026-09-10T05:57:41.512+0000] {dag.py:3954} INFO - Setting next_dagrun for data_quality to None, run_after=None
[2026-09-10T05:57:41.525+0000] {logging_mixin.py:188} INFO - [2026-09-10T05:57:41.521+0000] {dag.py:3954} INFO - Setting next_dagrun for produce_json to 2026-09-10 14:00:00+00:00, run_after=2026-09-11 14:00:00+00:00
[2026-09-10T05:57:41.529+0000] {logging_mixin.py:188} INFO - [2026-09-10T05:57:41.529+0000] {dag.py:3954} INFO - Setting next_dagrun for update_db to None, run_after=None
[2026-09-10T05:57:41.567+0000] {processor.py:183} INFO - Processing /opt/airflow/dags/main.py took 0.532 seconds
[2026-09-10T05:58:12.139+0000] {processor.py:161} INFO - Started process (PID=751) to work on /opt/airflow/dags/main.py
[2026-09-10T05:58:12.154+0000] {processor.py:830} INFO - Processing file /opt/airflow/dags/main.py for tasks to queue
[2026-09-10T05:58:12.173+0000] {logging_mixin.py:188} INFO - [2026-09-10T05:58:12.172+0000] {dagbag.py:545} INFO - Filling up the DagBag from /opt/airflow/dags/main.py
[2026-09-10T05:58:12.265+0000] {logging_mixin.py:188} INFO - channel id is not executed
[2026-09-10T05:58:12.387+0000] {processor.py:840} INFO - DAG(s) 'data_quality', 'update_db', 'produce_json' retrieved from /opt/airflow/dags/main.py
[2026-09-10T05:58:13.001+0000] {logging_mixin.py:188} INFO - [2026-09-10T05:58:13.001+0000] {dag.py:3096} INFO - Sync 3 DAGs
[2026-09-10T05:58:13.118+0000] {logging_mixin.py:188} INFO - [2026-09-10T05:58:13.117+0000] {dag.py:3954} INFO - Setting next_dagrun for data_quality to None, run_after=None
[2026-09-10T05:58:13.127+0000] {logging_mixin.py:188} INFO - [2026-09-10T05:58:13.126+0000] {dag.py:3954} INFO - Setting next_dagrun for produce_json to 2026-09-10 14:00:00+00:00, run_after=2026-09-11 14:00:00+00:00
[2026-09-10T05:58:13.132+0000] {logging_mixin.py:188} INFO - [2026-09-10T05:58:13.132+0000] {dag.py:3954} INFO - Setting next_dagrun for update_db to None, run_after=None
[2026-09-10T05:58:13.171+0000] {processor.py:183} INFO - Processing /opt/airflow/dags/main.py took 1.043 seconds
[2026-09-10T05:58:43.729+0000] {processor.py:161} INFO - Started process (PID=758) to work on /opt/airflow/dags/main.py
[2026-09-10T05:58:43.735+0000] {processor.py:830} INFO - Processing file /opt/airflow/dags/main.py for tasks to queue
[2026-09-10T05:58:43.741+0000] {logging_mixin.py:188} INFO - [2026-09-10T05:58:43.740+0000] {dagbag.py:545} INFO - Filling up the DagBag from /opt/airflow/dags/main.py
[2026-09-10T05:58:43.880+0000] {logging_mixin.py:188} INFO - channel id is not executed
[2026-09-10T05:58:44.135+0000] {processor.py:840} INFO - DAG(s) 'data_quality', 'update_db', 'produce_json' retrieved from /opt/airflow/dags/main.py
[2026-09-10T05:58:44.725+0000] {logging_mixin.py:188} INFO - [2026-09-10T05:58:44.725+0000] {dag.py:3096} INFO - Sync 3 DAGs
[2026-09-10T05:58:44.815+0000] {logging_mixin.py:188} INFO - [2026-09-10T05:58:44.814+0000] {dag.py:3954} INFO - Setting next_dagrun for data_quality to None, run_after=None
[2026-09-10T05:58:44.906+0000] {logging_mixin.py:188} INFO - [2026-09-10T05:58:44.905+0000] {dag.py:3954} INFO - Setting next_dagrun for produce_json to 2026-09-10 14:00:00+00:00, run_after=2026-09-11 14:00:00+00:00
[2026-09-10T05:58:44.922+0000] {logging_mixin.py:188} INFO - [2026-09-10T05:58:44.922+0000] {dag.py:3954} INFO - Setting next_dagrun for update_db to None, run_after=None
[2026-09-10T05:58:45.020+0000] {processor.py:183} INFO - Processing /opt/airflow/dags/main.py took 1.300 seconds
[2026-09-10T05:59:15.623+0000] {processor.py:161} INFO - Started process (PID=766) to work on /opt/airflow/dags/main.py
[2026-09-10T05:59:15.626+0000] {processor.py:830} INFO - Processing file /opt/airflow/dags/main.py for tasks to queue
[2026-09-10T05:59:15.633+0000] {logging_mixin.py:188} INFO - [2026-09-10T05:59:15.631+0000] {dagbag.py:545} INFO - Filling up the DagBag from /opt/airflow/dags/main.py
[2026-09-10T05:59:15.759+0000] {logging_mixin.py:188} INFO - channel id is not executed
[2026-09-10T05:59:16.134+0000] {processor.py:840} INFO - DAG(s) 'data_quality', 'update_db', 'produce_json' retrieved from /opt/airflow/dags/main.py
[2026-09-10T05:59:16.565+0000] {logging_mixin.py:188} INFO - [2026-09-10T05:59:16.565+0000] {dag.py:3096} INFO - Sync 3 DAGs
[2026-09-10T05:59:16.628+0000] {logging_mixin.py:188} INFO - [2026-09-10T05:59:16.627+0000] {dag.py:3954} INFO - Setting next_dagrun for data_quality to None, run_after=None
[2026-09-10T05:59:16.647+0000] {logging_mixin.py:188} INFO - [2026-09-10T05:59:16.646+0000] {dag.py:3954} INFO - Setting next_dagrun for produce_json to 2026-09-10 14:00:00+00:00, run_after=2026-09-11 14:00:00+00:00
[2026-09-10T05:59:16.651+0000] {logging_mixin.py:188} INFO - [2026-09-10T05:59:16.650+0000] {dag.py:3954} INFO - Setting next_dagrun for update_db to None, run_after=None
[2026-09-10T05:59:16.717+0000] {processor.py:183} INFO - Processing /opt/airflow/dags/main.py took 1.105 seconds
[2026-09-10T05:59:47.096+0000] {processor.py:161} INFO - Started process (PID=773) to work on /opt/airflow/dags/main.py
[2026-09-10T05:59:47.098+0000] {processor.py:830} INFO - Processing file /opt/airflow/dags/main.py for tasks to queue
[2026-09-10T05:59:47.103+0000] {logging_mixin.py:188} INFO - [2026-09-10T05:59:47.103+0000] {dagbag.py:545} INFO - Filling up the DagBag from /opt/airflow/dags/main.py
[2026-09-10T05:59:47.189+0000] {logging_mixin.py:188} INFO - channel id is not executed
[2026-09-10T05:59:47.338+0000] {processor.py:840} INFO - DAG(s) 'update_db', 'produce_json', 'data_quality' retrieved from /opt/airflow/dags/main.py
[2026-09-10T05:59:47.576+0000] {logging_mixin.py:188} INFO - [2026-09-10T05:59:47.575+0000] {dag.py:3096} INFO - Sync 3 DAGs
[2026-09-10T05:59:47.610+0000] {logging_mixin.py:188} INFO - [2026-09-10T05:59:47.610+0000] {dag.py:3954} INFO - Setting next_dagrun for data_quality to None, run_after=None
[2026-09-10T05:59:47.620+0000] {logging_mixin.py:188} INFO - [2026-09-10T05:59:47.619+0000] {dag.py:3954} INFO - Setting next_dagrun for produce_json to 2026-09-10 14:00:00+00:00, run_after=2026-09-11 14:00:00+00:00
[2026-09-10T05:59:47.624+0000] {logging_mixin.py:188} INFO - [2026-09-10T05:59:47.623+0000] {dag.py:3954} INFO - Setting next_dagrun for update_db to None, run_after=None
[2026-09-10T05:59:47.663+0000] {processor.py:183} INFO - Processing /opt/airflow/dags/main.py took 0.581 seconds
[2026-09-10T06:00:18.072+0000] {processor.py:161} INFO - Started process (PID=780) to work on /opt/airflow/dags/main.py
[2026-09-10T06:00:18.078+0000] {processor.py:830} INFO - Processing file /opt/airflow/dags/main.py for tasks to queue
[2026-09-10T06:00:18.087+0000] {logging_mixin.py:188} INFO - [2026-09-10T06:00:18.086+0000] {dagbag.py:545} INFO - Filling up the DagBag from /opt/airflow/dags/main.py
[2026-09-10T06:00:18.218+0000] {logging_mixin.py:188} INFO - channel id is not executed
[2026-09-10T06:00:18.581+0000] {processor.py:840} INFO - DAG(s) 'data_quality', 'update_db', 'produce_json' retrieved from /opt/airflow/dags/main.py
[2026-09-10T06:00:19.242+0000] {logging_mixin.py:188} INFO - [2026-09-10T06:00:19.241+0000] {dag.py:3096} INFO - Sync 3 DAGs
[2026-09-10T06:00:19.293+0000] {logging_mixin.py:188} INFO - [2026-09-10T06:00:19.292+0000] {dag.py:3954} INFO - Setting next_dagrun for data_quality to None, run_after=None
[2026-09-10T06:00:19.340+0000] {logging_mixin.py:188} INFO - [2026-09-10T06:00:19.340+0000] {dag.py:3954} INFO - Setting next_dagrun for produce_json to 2026-09-10 14:00:00+00:00, run_after=2026-09-11 14:00:00+00:00
[2026-09-10T06:00:19.350+0000] {logging_mixin.py:188} INFO - [2026-09-10T06:00:19.350+0000] {dag.py:3954} INFO - Setting next_dagrun for update_db to None, run_after=None
[2026-09-10T06:00:19.422+0000] {processor.py:183} INFO - Processing /opt/airflow/dags/main.py took 1.354 seconds
[2026-09-10T06:00:49.588+0000] {processor.py:161} INFO - Started process (PID=787) to work on /opt/airflow/dags/main.py
[2026-09-10T06:00:49.592+0000] {processor.py:830} INFO - Processing file /opt/airflow/dags/main.py for tasks to queue
[2026-09-10T06:00:49.605+0000] {logging_mixin.py:188} INFO - [2026-09-10T06:00:49.605+0000] {dagbag.py:545} INFO - Filling up the DagBag from /opt/airflow/dags/main.py
[2026-09-10T06:00:49.732+0000] {logging_mixin.py:188} INFO - channel id is not executed
[2026-09-10T06:00:49.866+0000] {processor.py:840} INFO - DAG(s) 'update_db', 'data_quality', 'produce_json' retrieved from /opt/airflow/dags/main.py
[2026-09-10T06:00:50.252+0000] {logging_mixin.py:188} INFO - [2026-09-10T06:00:50.251+0000] {dag.py:3096} INFO - Sync 3 DAGs
[2026-09-10T06:00:50.308+0000] {logging_mixin.py:188} INFO - [2026-09-10T06:00:50.307+0000] {dag.py:3954} INFO - Setting next_dagrun for data_quality to None, run_after=None
[2026-09-10T06:00:50.322+0000] {logging_mixin.py:188} INFO - [2026-09-10T06:00:50.322+0000] {dag.py:3954} INFO - Setting next_dagrun for produce_json to 2026-09-10 14:00:00+00:00, run_after=2026-09-11 14:00:00+00:00
[2026-09-10T06:00:50.327+0000] {logging_mixin.py:188} INFO - [2026-09-10T06:00:50.327+0000] {dag.py:3954} INFO - Setting next_dagrun for update_db to None, run_after=None
[2026-09-10T06:00:50.367+0000] {processor.py:183} INFO - Processing /opt/airflow/dags/main.py took 0.798 seconds
[2026-09-10T06:01:20.686+0000] {processor.py:161} INFO - Started process (PID=795) to work on /opt/airflow/dags/main.py
[2026-09-10T06:01:20.688+0000] {processor.py:830} INFO - Processing file /opt/airflow/dags/main.py for tasks to queue
[2026-09-10T06:01:20.692+0000] {logging_mixin.py:188} INFO - [2026-09-10T06:01:20.691+0000] {dagbag.py:545} INFO - Filling up the DagBag from /opt/airflow/dags/main.py
[2026-09-10T06:01:20.854+0000] {logging_mixin.py:188} INFO - channel id is not executed
[2026-09-10T06:01:20.956+0000] {processor.py:840} INFO - DAG(s) 'update_db', 'data_quality', 'produce_json' retrieved from /opt/airflow/dags/main.py
[2026-09-10T06:01:21.235+0000] {logging_mixin.py:188} INFO - [2026-09-10T06:01:21.234+0000] {dag.py:3096} INFO - Sync 3 DAGs
[2026-09-10T06:01:21.296+0000] {logging_mixin.py:188} INFO - [2026-09-10T06:01:21.295+0000] {dag.py:3954} INFO - Setting next_dagrun for data_quality to None, run_after=None
[2026-09-10T06:01:21.312+0000] {logging_mixin.py:188} INFO - [2026-09-10T06:01:21.311+0000] {dag.py:3954} INFO - Setting next_dagrun for produce_json to 2026-09-10 14:00:00+00:00, run_after=2026-09-11 14:00:00+00:00
[2026-09-10T06:01:21.316+0000] {logging_mixin.py:188} INFO - [2026-09-10T06:01:21.315+0000] {dag.py:3954} INFO - Setting next_dagrun for update_db to None, run_after=None
[2026-09-10T06:01:21.377+0000] {processor.py:183} INFO - Processing /opt/airflow/dags/main.py took 0.703 seconds
[2026-09-10T06:01:51.497+0000] {processor.py:161} INFO - Started process (PID=801) to work on /opt/airflow/dags/main.py
[2026-09-10T06:01:51.499+0000] {processor.py:830} INFO - Processing file /opt/airflow/dags/main.py for tasks to queue
[2026-09-10T06:01:51.503+0000] {logging_mixin.py:188} INFO - [2026-09-10T06:01:51.503+0000] {dagbag.py:545} INFO - Filling up the DagBag from /opt/airflow/dags/main.py
[2026-09-10T06:01:51.559+0000] {logging_mixin.py:188} INFO - channel id is not executed
[2026-09-10T06:01:51.678+0000] {processor.py:840} INFO - DAG(s) 'data_quality', 'update_db', 'produce_json' retrieved from /opt/airflow/dags/main.py
[2026-09-10T06:01:51.931+0000] {logging_mixin.py:188} INFO - [2026-09-10T06:01:51.930+0000] {dag.py:3096} INFO - Sync 3 DAGs
[2026-09-10T06:01:51.963+0000] {logging_mixin.py:188} INFO - [2026-09-10T06:01:51.963+0000] {dag.py:3954} INFO - Setting next_dagrun for data_quality to None, run_after=None
[2026-09-10T06:01:51.973+0000] {logging_mixin.py:188} INFO - [2026-09-10T06:01:51.973+0000] {dag.py:3954} INFO - Setting next_dagrun for produce_json to 2026-09-10 14:00:00+00:00, run_after=2026-09-11 14:00:00+00:00
[2026-09-10T06:01:51.978+0000] {logging_mixin.py:188} INFO - [2026-09-10T06:01:51.977+0000] {dag.py:3954} INFO - Setting next_dagrun for update_db to None, run_after=None
[2026-09-10T06:01:52.039+0000] {processor.py:183} INFO - Processing /opt/airflow/dags/main.py took 0.551 seconds
[2026-09-10T06:02:23.024+0000] {processor.py:161} INFO - Started process (PID=807) to work on /opt/airflow/dags/main.py
[2026-09-10T06:02:23.026+0000] {processor.py:830} INFO - Processing file /opt/airflow/dags/main.py for tasks to queue
[2026-09-10T06:02:23.031+0000] {logging_mixin.py:188} INFO - [2026-09-10T06:02:23.030+0000] {dagbag.py:545} INFO - Filling up the DagBag from /opt/airflow/dags/main.py
[2026-09-10T06:02:23.116+0000] {logging_mixin.py:188} INFO - channel id is not executed
[2026-09-10T06:02:23.253+0000] {processor.py:840} INFO - DAG(s) 'data_quality', 'produce_json', 'update_db' retrieved from /opt/airflow/dags/main.py
[2026-09-10T06:02:23.510+0000] {logging_mixin.py:188} INFO - [2026-09-10T06:02:23.510+0000] {dag.py:3096} INFO - Sync 3 DAGs
[2026-09-10T06:02:23.546+0000] {logging_mixin.py:188} INFO - [2026-09-10T06:02:23.545+0000] {dag.py:3954} INFO - Setting next_dagrun for data_quality to None, run_after=None
[2026-09-10T06:02:23.554+0000] {logging_mixin.py:188} INFO - [2026-09-10T06:02:23.554+0000] {dag.py:3954} INFO - Setting next_dagrun for produce_json to 2026-09-10 14:00:00+00:00, run_after=2026-09-11 14:00:00+00:00
[2026-09-10T06:02:23.558+0000] {logging_mixin.py:188} INFO - [2026-09-10T06:02:23.557+0000] {dag.py:3954} INFO - Setting next_dagrun for update_db to None, run_after=None
[2026-09-10T06:02:23.674+0000] {processor.py:183} INFO - Processing /opt/airflow/dags/main.py took 0.664 seconds
[2026-09-10T06:02:54.200+0000] {processor.py:161} INFO - Started process (PID=813) to work on /opt/airflow/dags/main.py
[2026-09-10T06:02:54.203+0000] {processor.py:830} INFO - Processing file /opt/airflow/dags/main.py for tasks to queue
[2026-09-10T06:02:54.207+0000] {logging_mixin.py:188} INFO - [2026-09-10T06:02:54.207+0000] {dagbag.py:545} INFO - Filling up the DagBag from /opt/airflow/dags/main.py
[2026-09-10T06:02:54.273+0000] {logging_mixin.py:188} INFO - channel id is not executed
[2026-09-10T06:02:54.394+0000] {processor.py:840} INFO - DAG(s) 'data_quality', 'produce_json', 'update_db' retrieved from /opt/airflow/dags/main.py
[2026-09-10T06:02:54.690+0000] {logging_mixin.py:188} INFO - [2026-09-10T06:02:54.690+0000] {dag.py:3096} INFO - Sync 3 DAGs
[2026-09-10T06:02:54.729+0000] {logging_mixin.py:188} INFO - [2026-09-10T06:02:54.728+0000] {dag.py:3954} INFO - Setting next_dagrun for data_quality to None, run_after=None
[2026-09-10T06:02:54.746+0000] {logging_mixin.py:188} INFO - [2026-09-10T06:02:54.746+0000] {dag.py:3954} INFO - Setting next_dagrun for produce_json to 2026-09-10 14:00:00+00:00, run_after=2026-09-11 14:00:00+00:00
[2026-09-10T06:02:54.750+0000] {logging_mixin.py:188} INFO - [2026-09-10T06:02:54.750+0000] {dag.py:3954} INFO - Setting next_dagrun for update_db to None, run_after=None
[2026-09-10T06:02:54.814+0000] {processor.py:183} INFO - Processing /opt/airflow/dags/main.py took 0.623 seconds
[2026-09-10T06:03:26.009+0000] {processor.py:161} INFO - Started process (PID=826) to work on /opt/airflow/dags/main.py
[2026-09-10T06:03:26.059+0000] {processor.py:830} INFO - Processing file /opt/airflow/dags/main.py for tasks to queue
[2026-09-10T06:03:26.075+0000] {logging_mixin.py:188} INFO - [2026-09-10T06:03:26.074+0000] {dagbag.py:545} INFO - Filling up the DagBag from /opt/airflow/dags/main.py
[2026-09-10T06:03:26.185+0000] {logging_mixin.py:188} INFO - channel id is not executed
[2026-09-10T06:03:26.360+0000] {processor.py:840} INFO - DAG(s) 'produce_json', 'data_quality', 'update_db' retrieved from /opt/airflow/dags/main.py
[2026-09-10T06:03:26.611+0000] {logging_mixin.py:188} INFO - [2026-09-10T06:03:26.610+0000] {dag.py:3096} INFO - Sync 3 DAGs
[2026-09-10T06:03:26.683+0000] {logging_mixin.py:188} INFO - [2026-09-10T06:03:26.675+0000] {dag.py:3954} INFO - Setting next_dagrun for data_quality to None, run_after=None
[2026-09-10T06:03:26.715+0000] {logging_mixin.py:188} INFO - [2026-09-10T06:03:26.715+0000] {dag.py:3954} INFO - Setting next_dagrun for produce_json to 2026-09-10 14:00:00+00:00, run_after=2026-09-11 14:00:00+00:00
[2026-09-10T06:03:26.719+0000] {logging_mixin.py:188} INFO - [2026-09-10T06:03:26.719+0000] {dag.py:3954} INFO - Setting next_dagrun for update_db to None, run_after=None
[2026-09-10T06:03:26.758+0000] {processor.py:183} INFO - Processing /opt/airflow/dags/main.py took 0.768 seconds
[2026-09-10T06:03:57.772+0000] {processor.py:161} INFO - Started process (PID=833) to work on /opt/airflow/dags/main.py
[2026-09-10T06:03:57.775+0000] {processor.py:830} INFO - Processing file /opt/airflow/dags/main.py for tasks to queue
[2026-09-10T06:03:57.779+0000] {logging_mixin.py:188} INFO - [2026-09-10T06:03:57.779+0000] {dagbag.py:545} INFO - Filling up the DagBag from /opt/airflow/dags/main.py
[2026-09-10T06:03:58.162+0000] {logging_mixin.py:188} INFO - channel id is not executed
[2026-09-10T06:03:58.584+0000] {processor.py:840} INFO - DAG(s) 'produce_json', 'update_db', 'data_quality' retrieved from /opt/airflow/dags/main.py
[2026-09-10T06:03:58.934+0000] {logging_mixin.py:188} INFO - [2026-09-10T06:03:58.934+0000] {dag.py:3096} INFO - Sync 3 DAGs
[2026-09-10T06:03:58.970+0000] {logging_mixin.py:188} INFO - [2026-09-10T06:03:58.970+0000] {dag.py:3954} INFO - Setting next_dagrun for data_quality to None, run_after=None
[2026-09-10T06:03:58.980+0000] {logging_mixin.py:188} INFO - [2026-09-10T06:03:58.979+0000] {dag.py:3954} INFO - Setting next_dagrun for produce_json to 2026-09-10 14:00:00+00:00, run_after=2026-09-11 14:00:00+00:00
[2026-09-10T06:03:58.983+0000] {logging_mixin.py:188} INFO - [2026-09-10T06:03:58.983+0000] {dag.py:3954} INFO - Setting next_dagrun for update_db to None, run_after=None
[2026-09-10T06:03:59.180+0000] {processor.py:183} INFO - Processing /opt/airflow/dags/main.py took 1.431 seconds
[2026-09-10T06:04:29.934+0000] {processor.py:161} INFO - Started process (PID=840) to work on /opt/airflow/dags/main.py
[2026-09-10T06:04:29.939+0000] {processor.py:830} INFO - Processing file /opt/airflow/dags/main.py for tasks to queue
[2026-09-10T06:04:29.949+0000] {logging_mixin.py:188} INFO - [2026-09-10T06:04:29.944+0000] {dagbag.py:545} INFO - Filling up the DagBag from /opt/airflow/dags/main.py
[2026-09-10T06:04:30.040+0000] {logging_mixin.py:188} INFO - channel id is not executed
[2026-09-10T06:04:30.151+0000] {processor.py:840} INFO - DAG(s) 'update_db', 'data_quality', 'produce_json' retrieved from /opt/airflow/dags/main.py
[2026-09-10T06:04:30.632+0000] {logging_mixin.py:188} INFO - [2026-09-10T06:04:30.632+0000] {dag.py:3096} INFO - Sync 3 DAGs
[2026-09-10T06:04:30.821+0000] {logging_mixin.py:188} INFO - [2026-09-10T06:04:30.821+0000] {dag.py:3954} INFO - Setting next_dagrun for data_quality to None, run_after=None
[2026-09-10T06:04:30.840+0000] {logging_mixin.py:188} INFO - [2026-09-10T06:04:30.840+0000] {dag.py:3954} INFO - Setting next_dagrun for produce_json to 2026-09-10 14:00:00+00:00, run_after=2026-09-11 14:00:00+00:00
[2026-09-10T06:04:30.849+0000] {logging_mixin.py:188} INFO - [2026-09-10T06:04:30.849+0000] {dag.py:3954} INFO - Setting next_dagrun for update_db to None, run_after=None
[2026-09-10T06:04:30.895+0000] {processor.py:183} INFO - Processing /opt/airflow/dags/main.py took 0.980 seconds
[2026-09-10T06:05:01.523+0000] {processor.py:161} INFO - Started process (PID=847) to work on /opt/airflow/dags/main.py
[2026-09-10T06:05:01.526+0000] {processor.py:830} INFO - Processing file /opt/airflow/dags/main.py for tasks to queue
[2026-09-10T06:05:01.531+0000] {logging_mixin.py:188} INFO - [2026-09-10T06:05:01.530+0000] {dagbag.py:545} INFO - Filling up the DagBag from /opt/airflow/dags/main.py
[2026-09-10T06:05:01.625+0000] {logging_mixin.py:188} INFO - channel id is not executed
[2026-09-10T06:05:01.860+0000] {processor.py:840} INFO - DAG(s) 'update_db', 'produce_json', 'data_quality' retrieved from /opt/airflow/dags/main.py
[2026-09-10T06:05:02.188+0000] {logging_mixin.py:188} INFO - [2026-09-10T06:05:02.188+0000] {dag.py:3096} INFO - Sync 3 DAGs
[2026-09-10T06:05:02.224+0000] {logging_mixin.py:188} INFO - [2026-09-10T06:05:02.224+0000] {dag.py:3954} INFO - Setting next_dagrun for data_quality to None, run_after=None
[2026-09-10T06:05:02.233+0000] {logging_mixin.py:188} INFO - [2026-09-10T06:05:02.233+0000] {dag.py:3954} INFO - Setting next_dagrun for produce_json to 2026-09-10 14:00:00+00:00, run_after=2026-09-11 14:00:00+00:00
[2026-09-10T06:05:02.237+0000] {logging_mixin.py:188} INFO - [2026-09-10T06:05:02.237+0000] {dag.py:3954} INFO - Setting next_dagrun for update_db to None, run_after=None
[2026-09-10T06:05:02.286+0000] {processor.py:183} INFO - Processing /opt/airflow/dags/main.py took 0.777 seconds
[2026-09-10T06:05:32.611+0000] {processor.py:161} INFO - Started process (PID=854) to work on /opt/airflow/dags/main.py
[2026-09-10T06:05:32.613+0000] {processor.py:830} INFO - Processing file /opt/airflow/dags/main.py for tasks to queue
[2026-09-10T06:05:32.619+0000] {logging_mixin.py:188} INFO - [2026-09-10T06:05:32.619+0000] {dagbag.py:545} INFO - Filling up the DagBag from /opt/airflow/dags/main.py
[2026-09-10T06:05:32.684+0000] {logging_mixin.py:188} INFO - channel id is not executed
[2026-09-10T06:05:32.889+0000] {processor.py:840} INFO - DAG(s) 'update_db', 'data_quality', 'produce_json' retrieved from /opt/airflow/dags/main.py
[2026-09-10T06:05:33.151+0000] {logging_mixin.py:188} INFO - [2026-09-10T06:05:33.150+0000] {dag.py:3096} INFO - Sync 3 DAGs
[2026-09-10T06:05:33.183+0000] {logging_mixin.py:188} INFO - [2026-09-10T06:05:33.183+0000] {dag.py:3954} INFO - Setting next_dagrun for data_quality to None, run_after=None
[2026-09-10T06:05:33.193+0000] {logging_mixin.py:188} INFO - [2026-09-10T06:05:33.193+0000] {dag.py:3954} INFO - Setting next_dagrun for produce_json to 2026-09-10 14:00:00+00:00, run_after=2026-09-11 14:00:00+00:00
[2026-09-10T06:05:33.197+0000] {logging_mixin.py:188} INFO - [2026-09-10T06:05:33.196+0000] {dag.py:3954} INFO - Setting next_dagrun for update_db to None, run_after=None
[2026-09-10T06:05:33.237+0000] {processor.py:183} INFO - Processing /opt/airflow/dags/main.py took 0.636 seconds
[2026-09-10T06:06:03.451+0000] {processor.py:161} INFO - Started process (PID=862) to work on /opt/airflow/dags/main.py
[2026-09-10T06:06:03.468+0000] {processor.py:830} INFO - Processing file /opt/airflow/dags/main.py for tasks to queue
[2026-09-10T06:06:03.486+0000] {logging_mixin.py:188} INFO - [2026-09-10T06:06:03.485+0000] {dagbag.py:545} INFO - Filling up the DagBag from /opt/airflow/dags/main.py
[2026-09-10T06:06:03.655+0000] {logging_mixin.py:188} INFO - channel id is not executed
[2026-09-10T06:06:04.535+0000] {processor.py:840} INFO - DAG(s) 'data_quality', 'produce_json', 'update_db' retrieved from /opt/airflow/dags/main.py
[2026-09-10T06:06:05.110+0000] {logging_mixin.py:188} INFO - [2026-09-10T06:06:05.110+0000] {dag.py:3096} INFO - Sync 3 DAGs
[2026-09-10T06:06:05.195+0000] {logging_mixin.py:188} INFO - [2026-09-10T06:06:05.195+0000] {dag.py:3954} INFO - Setting next_dagrun for data_quality to None, run_after=None
[2026-09-10T06:06:05.223+0000] {logging_mixin.py:188} INFO - [2026-09-10T06:06:05.222+0000] {dag.py:3954} INFO - Setting next_dagrun for produce_json to 2026-09-10 14:00:00+00:00, run_after=2026-09-11 14:00:00+00:00
[2026-09-10T06:06:05.249+0000] {logging_mixin.py:188} INFO - [2026-09-10T06:06:05.249+0000] {dag.py:3954} INFO - Setting next_dagrun for update_db to None, run_after=None
[2026-09-10T06:06:05.337+0000] {processor.py:183} INFO - Processing /opt/airflow/dags/main.py took 1.902 seconds
[2026-09-10T06:06:36.031+0000] {processor.py:161} INFO - Started process (PID=869) to work on /opt/airflow/dags/main.py
[2026-09-10T06:06:36.033+0000] {processor.py:830} INFO - Processing file /opt/airflow/dags/main.py for tasks to queue
[2026-09-10T06:06:36.083+0000] {logging_mixin.py:188} INFO - [2026-09-10T06:06:36.082+0000] {dagbag.py:545} INFO - Filling up the DagBag from /opt/airflow/dags/main.py
[2026-09-10T06:06:36.193+0000] {logging_mixin.py:188} INFO - channel id is not executed
[2026-09-10T06:06:36.340+0000] {processor.py:840} INFO - DAG(s) 'data_quality', 'produce_json', 'update_db' retrieved from /opt/airflow/dags/main.py
[2026-09-10T06:06:36.818+0000] {logging_mixin.py:188} INFO - [2026-09-10T06:06:36.817+0000] {dag.py:3096} INFO - Sync 3 DAGs
[2026-09-10T06:06:36.895+0000] {logging_mixin.py:188} INFO - [2026-09-10T06:06:36.895+0000] {dag.py:3954} INFO - Setting next_dagrun for data_quality to None, run_after=None
[2026-09-10T06:06:36.909+0000] {logging_mixin.py:188} INFO - [2026-09-10T06:06:36.908+0000] {dag.py:3954} INFO - Setting next_dagrun for produce_json to 2026-09-10 14:00:00+00:00, run_after=2026-09-11 14:00:00+00:00
[2026-09-10T06:06:36.913+0000] {logging_mixin.py:188} INFO - [2026-09-10T06:06:36.913+0000] {dag.py:3954} INFO - Setting next_dagrun for update_db to None, run_after=None
[2026-09-10T06:06:36.962+0000] {processor.py:183} INFO - Processing /opt/airflow/dags/main.py took 0.945 seconds
[2026-09-10T06:07:07.133+0000] {processor.py:161} INFO - Started process (PID=876) to work on /opt/airflow/dags/main.py
[2026-09-10T06:07:07.148+0000] {processor.py:830} INFO - Processing file /opt/airflow/dags/main.py for tasks to queue
[2026-09-10T06:07:07.157+0000] {logging_mixin.py:188} INFO - [2026-09-10T06:07:07.156+0000] {dagbag.py:545} INFO - Filling up the DagBag from /opt/airflow/dags/main.py
[2026-09-10T06:07:07.371+0000] {logging_mixin.py:188} INFO - channel id is not executed
[2026-09-10T06:07:07.860+0000] {processor.py:840} INFO - DAG(s) 'data_quality', 'update_db', 'produce_json' retrieved from /opt/airflow/dags/main.py
[2026-09-10T06:07:09.602+0000] {logging_mixin.py:188} INFO - [2026-09-10T06:07:09.601+0000] {dag.py:3096} INFO - Sync 3 DAGs
[2026-09-10T06:07:10.268+0000] {logging_mixin.py:188} INFO - [2026-09-10T06:07:10.268+0000] {dag.py:3954} INFO - Setting next_dagrun for data_quality to None, run_after=None
[2026-09-10T06:07:10.300+0000] {logging_mixin.py:188} INFO - [2026-09-10T06:07:10.299+0000] {dag.py:3954} INFO - Setting next_dagrun for produce_json to 2026-09-10 14:00:00+00:00, run_after=2026-09-11 14:00:00+00:00
[2026-09-10T06:07:10.319+0000] {logging_mixin.py:188} INFO - [2026-09-10T06:07:10.319+0000] {dag.py:3954} INFO - Setting next_dagrun for update_db to None, run_after=None
[2026-09-10T06:07:10.666+0000] {processor.py:183} INFO - Processing /opt/airflow/dags/main.py took 3.554 seconds
[2026-09-10T06:07:41.227+0000] {processor.py:161} INFO - Started process (PID=883) to work on /opt/airflow/dags/main.py
[2026-09-10T06:07:41.230+0000] {processor.py:830} INFO - Processing file /opt/airflow/dags/main.py for tasks to queue
[2026-09-10T06:07:41.246+0000] {logging_mixin.py:188} INFO - [2026-09-10T06:07:41.246+0000] {dagbag.py:545} INFO - Filling up the DagBag from /opt/airflow/dags/main.py
[2026-09-10T06:07:41.495+0000] {logging_mixin.py:188} INFO - channel id is not executed
[2026-09-10T06:07:41.916+0000] {processor.py:840} INFO - DAG(s) 'produce_json', 'update_db', 'data_quality' retrieved from /opt/airflow/dags/main.py
[2026-09-10T06:07:42.835+0000] {logging_mixin.py:188} INFO - [2026-09-10T06:07:42.835+0000] {dag.py:3096} INFO - Sync 3 DAGs
[2026-09-10T06:07:42.959+0000] {logging_mixin.py:188} INFO - [2026-09-10T06:07:42.959+0000] {dag.py:3954} INFO - Setting next_dagrun for data_quality to None, run_after=None
[2026-09-10T06:07:42.978+0000] {logging_mixin.py:188} INFO - [2026-09-10T06:07:42.978+0000] {dag.py:3954} INFO - Setting next_dagrun for produce_json to 2026-09-10 14:00:00+00:00, run_after=2026-09-11 14:00:00+00:00
[2026-09-10T06:07:42.992+0000] {logging_mixin.py:188} INFO - [2026-09-10T06:07:42.991+0000] {dag.py:3954} INFO - Setting next_dagrun for update_db to None, run_after=None
[2026-09-10T06:07:43.151+0000] {processor.py:183} INFO - Processing /opt/airflow/dags/main.py took 1.943 seconds
[2026-09-10T06:08:13.546+0000] {processor.py:161} INFO - Started process (PID=890) to work on /opt/airflow/dags/main.py
[2026-09-10T06:08:13.569+0000] {processor.py:830} INFO - Processing file /opt/airflow/dags/main.py for tasks to queue
[2026-09-10T06:08:13.579+0000] {logging_mixin.py:188} INFO - [2026-09-10T06:08:13.578+0000] {dagbag.py:545} INFO - Filling up the DagBag from /opt/airflow/dags/main.py
[2026-09-10T06:08:13.895+0000] {logging_mixin.py:188} INFO - channel id is not executed
[2026-09-10T06:08:14.711+0000] {processor.py:840} INFO - DAG(s) 'data_quality', 'update_db', 'produce_json' retrieved from /opt/airflow/dags/main.py
[2026-09-10T06:08:15.271+0000] {logging_mixin.py:188} INFO - [2026-09-10T06:08:15.271+0000] {dag.py:3096} INFO - Sync 3 DAGs
[2026-09-10T06:08:15.349+0000] {logging_mixin.py:188} INFO - [2026-09-10T06:08:15.349+0000] {dag.py:3954} INFO - Setting next_dagrun for data_quality to None, run_after=None
[2026-09-10T06:08:15.367+0000] {logging_mixin.py:188} INFO - [2026-09-10T06:08:15.367+0000] {dag.py:3954} INFO - Setting next_dagrun for produce_json to 2026-09-10 14:00:00+00:00, run_after=2026-09-11 14:00:00+00:00
[2026-09-10T06:08:15.381+0000] {logging_mixin.py:188} INFO - [2026-09-10T06:08:15.381+0000] {dag.py:3954} INFO - Setting next_dagrun for update_db to None, run_after=None
[2026-09-10T06:08:15.467+0000] {processor.py:183} INFO - Processing /opt/airflow/dags/main.py took 1.940 seconds
[2026-09-10T06:08:46.233+0000] {processor.py:161} INFO - Started process (PID=897) to work on /opt/airflow/dags/main.py
[2026-09-10T06:08:46.237+0000] {processor.py:830} INFO - Processing file /opt/airflow/dags/main.py for tasks to queue
[2026-09-10T06:08:46.244+0000] {logging_mixin.py:188} INFO - [2026-09-10T06:08:46.244+0000] {dagbag.py:545} INFO - Filling up the DagBag from /opt/airflow/dags/main.py
[2026-09-10T06:08:46.325+0000] {logging_mixin.py:188} INFO - channel id is not executed
[2026-09-10T06:08:46.506+0000] {processor.py:840} INFO - DAG(s) 'produce_json', 'data_quality', 'update_db' retrieved from /opt/airflow/dags/main.py
[2026-09-10T06:08:46.846+0000] {logging_mixin.py:188} INFO - [2026-09-10T06:08:46.846+0000] {dag.py:3096} INFO - Sync 3 DAGs
[2026-09-10T06:08:46.896+0000] {logging_mixin.py:188} INFO - [2026-09-10T06:08:46.895+0000] {dag.py:3954} INFO - Setting next_dagrun for data_quality to None, run_after=None
[2026-09-10T06:08:46.951+0000] {logging_mixin.py:188} INFO - [2026-09-10T06:08:46.950+0000] {dag.py:3954} INFO - Setting next_dagrun for produce_json to 2026-09-10 14:00:00+00:00, run_after=2026-09-11 14:00:00+00:00
[2026-09-10T06:08:46.955+0000] {logging_mixin.py:188} INFO - [2026-09-10T06:08:46.954+0000] {dag.py:3954} INFO - Setting next_dagrun for update_db to None, run_after=None
[2026-09-10T06:08:47.001+0000] {processor.py:183} INFO - Processing /opt/airflow/dags/main.py took 0.779 seconds
[2026-09-10T06:09:17.909+0000] {processor.py:161} INFO - Started process (PID=904) to work on /opt/airflow/dags/main.py
[2026-09-10T06:09:17.912+0000] {processor.py:830} INFO - Processing file /opt/airflow/dags/main.py for tasks to queue
[2026-09-10T06:09:17.916+0000] {logging_mixin.py:188} INFO - [2026-09-10T06:09:17.915+0000] {dagbag.py:545} INFO - Filling up the DagBag from /opt/airflow/dags/main.py
[2026-09-10T06:09:18.018+0000] {logging_mixin.py:188} INFO - channel id is not executed
[2026-09-10T06:09:18.180+0000] {processor.py:840} INFO - DAG(s) 'data_quality', 'produce_json', 'update_db' retrieved from /opt/airflow/dags/main.py
[2026-09-10T06:09:18.665+0000] {logging_mixin.py:188} INFO - [2026-09-10T06:09:18.664+0000] {dag.py:3096} INFO - Sync 3 DAGs
[2026-09-10T06:09:18.750+0000] {logging_mixin.py:188} INFO - [2026-09-10T06:09:18.749+0000] {dag.py:3954} INFO - Setting next_dagrun for data_quality to None, run_after=None
[2026-09-10T06:09:18.772+0000] {logging_mixin.py:188} INFO - [2026-09-10T06:09:18.772+0000] {dag.py:3954} INFO - Setting next_dagrun for produce_json to 2026-09-10 14:00:00+00:00, run_after=2026-09-11 14:00:00+00:00
[2026-09-10T06:09:18.802+0000] {logging_mixin.py:188} INFO - [2026-09-10T06:09:18.802+0000] {dag.py:3954} INFO - Setting next_dagrun for update_db to None, run_after=None
[2026-09-10T06:09:18.995+0000] {processor.py:183} INFO - Processing /opt/airflow/dags/main.py took 1.102 seconds
[2026-09-10T06:09:49.510+0000] {processor.py:161} INFO - Started process (PID=912) to work on /opt/airflow/dags/main.py
[2026-09-10T06:09:49.512+0000] {processor.py:830} INFO - Processing file /opt/airflow/dags/main.py for tasks to queue
[2026-09-10T06:09:49.517+0000] {logging_mixin.py:188} INFO - [2026-09-10T06:09:49.516+0000] {dagbag.py:545} INFO - Filling up the DagBag from /opt/airflow/dags/main.py
[2026-09-10T06:09:49.591+0000] {logging_mixin.py:188} INFO - channel id is not executed
[2026-09-10T06:09:50.095+0000] {processor.py:840} INFO - DAG(s) 'data_quality', 'update_db', 'produce_json' retrieved from /opt/airflow/dags/main.py
[2026-09-10T06:09:50.498+0000] {logging_mixin.py:188} INFO - [2026-09-10T06:09:50.498+0000] {dag.py:3096} INFO - Sync 3 DAGs
[2026-09-10T06:09:50.572+0000] {logging_mixin.py:188} INFO - [2026-09-10T06:09:50.571+0000] {dag.py:3954} INFO - Setting next_dagrun for data_quality to None, run_after=None
[2026-09-10T06:09:50.582+0000] {logging_mixin.py:188} INFO - [2026-09-10T06:09:50.582+0000] {dag.py:3954} INFO - Setting next_dagrun for produce_json to 2026-09-10 14:00:00+00:00, run_after=2026-09-11 14:00:00+00:00
[2026-09-10T06:09:50.586+0000] {logging_mixin.py:188} INFO - [2026-09-10T06:09:50.585+0000] {dag.py:3954} INFO - Setting next_dagrun for update_db to None, run_after=None
[2026-09-10T06:09:50.639+0000] {processor.py:183} INFO - Processing /opt/airflow/dags/main.py took 1.138 seconds
[2026-09-10T06:10:22.109+0000] {processor.py:161} INFO - Started process (PID=919) to work on /opt/airflow/dags/main.py
[2026-09-10T06:10:22.133+0000] {processor.py:830} INFO - Processing file /opt/airflow/dags/main.py for tasks to queue
[2026-09-10T06:10:22.166+0000] {logging_mixin.py:188} INFO - [2026-09-10T06:10:22.166+0000] {dagbag.py:545} INFO - Filling up the DagBag from /opt/airflow/dags/main.py
[2026-09-10T06:10:22.681+0000] {logging_mixin.py:188} INFO - channel id is not executed
[2026-09-10T06:10:23.274+0000] {processor.py:840} INFO - DAG(s) 'update_db', 'produce_json', 'data_quality' retrieved from /opt/airflow/dags/main.py
[2026-09-10T06:10:24.167+0000] {logging_mixin.py:188} INFO - [2026-09-10T06:10:24.167+0000] {dag.py:3096} INFO - Sync 3 DAGs
[2026-09-10T06:10:24.477+0000] {logging_mixin.py:188} INFO - [2026-09-10T06:10:24.477+0000] {dag.py:3954} INFO - Setting next_dagrun for data_quality to None, run_after=None
[2026-09-10T06:10:24.555+0000] {logging_mixin.py:188} INFO - [2026-09-10T06:10:24.555+0000] {dag.py:3954} INFO - Setting next_dagrun for produce_json to 2026-09-10 14:00:00+00:00, run_after=2026-09-11 14:00:00+00:00
[2026-09-10T06:10:24.665+0000] {logging_mixin.py:188} INFO - [2026-09-10T06:10:24.665+0000] {dag.py:3954} INFO - Setting next_dagrun for update_db to None, run_after=None
[2026-09-10T06:10:24.738+0000] {processor.py:183} INFO - Processing /opt/airflow/dags/main.py took 2.648 seconds
[2026-09-10T06:10:55.340+0000] {processor.py:161} INFO - Started process (PID=926) to work on /opt/airflow/dags/main.py
[2026-09-10T06:10:55.342+0000] {processor.py:830} INFO - Processing file /opt/airflow/dags/main.py for tasks to queue
[2026-09-10T06:10:55.347+0000] {logging_mixin.py:188} INFO - [2026-09-10T06:10:55.346+0000] {dagbag.py:545} INFO - Filling up the DagBag from /opt/airflow/dags/main.py
[2026-09-10T06:10:55.456+0000] {logging_mixin.py:188} INFO - channel id is not executed
[2026-09-10T06:10:55.669+0000] {processor.py:840} INFO - DAG(s) 'data_quality', 'produce_json', 'update_db' retrieved from /opt/airflow/dags/main.py
[2026-09-10T06:10:56.016+0000] {logging_mixin.py:188} INFO - [2026-09-10T06:10:56.015+0000] {dag.py:3096} INFO - Sync 3 DAGs
[2026-09-10T06:10:56.055+0000] {logging_mixin.py:188} INFO - [2026-09-10T06:10:56.055+0000] {dag.py:3954} INFO - Setting next_dagrun for data_quality to None, run_after=None
[2026-09-10T06:10:56.064+0000] {logging_mixin.py:188} INFO - [2026-09-10T06:10:56.064+0000] {dag.py:3954} INFO - Setting next_dagrun for produce_json to 2026-09-10 14:00:00+00:00, run_after=2026-09-11 14:00:00+00:00
[2026-09-10T06:10:56.068+0000] {logging_mixin.py:188} INFO - [2026-09-10T06:10:56.067+0000] {dag.py:3954} INFO - Setting next_dagrun for update_db to None, run_after=None
[2026-09-10T06:10:56.174+0000] {processor.py:183} INFO - Processing /opt/airflow/dags/main.py took 0.843 seconds
[2026-09-10T06:11:27.096+0000] {processor.py:161} INFO - Started process (PID=933) to work on /opt/airflow/dags/main.py
[2026-09-10T06:11:27.109+0000] {processor.py:830} INFO - Processing file /opt/airflow/dags/main.py for tasks to queue
[2026-09-10T06:11:27.115+0000] {logging_mixin.py:188} INFO - [2026-09-10T06:11:27.114+0000] {dagbag.py:545} INFO - Filling up the DagBag from /opt/airflow/dags/main.py
[2026-09-10T06:11:27.265+0000] {logging_mixin.py:188} INFO - channel id is not executed
[2026-09-10T06:11:27.487+0000] {processor.py:840} INFO - DAG(s) 'update_db', 'produce_json', 'data_quality' retrieved from /opt/airflow/dags/main.py
[2026-09-10T06:11:27.859+0000] {logging_mixin.py:188} INFO - [2026-09-10T06:11:27.859+0000] {dag.py:3096} INFO - Sync 3 DAGs
[2026-09-10T06:11:27.906+0000] {logging_mixin.py:188} INFO - [2026-09-10T06:11:27.906+0000] {dag.py:3954} INFO - Setting next_dagrun for data_quality to None, run_after=None
[2026-09-10T06:11:27.931+0000] {logging_mixin.py:188} INFO - [2026-09-10T06:11:27.931+0000] {dag.py:3954} INFO - Setting next_dagrun for produce_json to 2026-09-10 14:00:00+00:00, run_after=2026-09-11 14:00:00+00:00
[2026-09-10T06:11:27.937+0000] {logging_mixin.py:188} INFO - [2026-09-10T06:11:27.937+0000] {dag.py:3954} INFO - Setting next_dagrun for update_db to None, run_after=None
[2026-09-10T06:11:27.990+0000] {processor.py:183} INFO - Processing /opt/airflow/dags/main.py took 0.902 seconds
[2026-09-10T06:11:58.682+0000] {processor.py:161} INFO - Started process (PID=939) to work on /opt/airflow/dags/main.py
[2026-09-10T06:11:58.704+0000] {processor.py:830} INFO - Processing file /opt/airflow/dags/main.py for tasks to queue
[2026-09-10T06:11:58.787+0000] {logging_mixin.py:188} INFO - [2026-09-10T06:11:58.787+0000] {dagbag.py:545} INFO - Filling up the DagBag from /opt/airflow/dags/main.py
[2026-09-10T06:11:58.991+0000] {logging_mixin.py:188} INFO - channel id is not executed
[2026-09-10T06:11:59.132+0000] {processor.py:840} INFO - DAG(s) 'data_quality', 'produce_json', 'update_db' retrieved from /opt/airflow/dags/main.py
[2026-09-10T06:11:59.438+0000] {logging_mixin.py:188} INFO - [2026-09-10T06:11:59.438+0000] {dag.py:3096} INFO - Sync 3 DAGs
[2026-09-10T06:11:59.505+0000] {logging_mixin.py:188} INFO - [2026-09-10T06:11:59.504+0000] {dag.py:3954} INFO - Setting next_dagrun for data_quality to None, run_after=None
[2026-09-10T06:11:59.531+0000] {logging_mixin.py:188} INFO - [2026-09-10T06:11:59.530+0000] {dag.py:3954} INFO - Setting next_dagrun for produce_json to 2026-09-10 14:00:00+00:00, run_after=2026-09-11 14:00:00+00:00
[2026-09-10T06:11:59.538+0000] {logging_mixin.py:188} INFO - [2026-09-10T06:11:59.537+0000] {dag.py:3954} INFO - Setting next_dagrun for update_db to None, run_after=None
[2026-09-10T06:11:59.586+0000] {processor.py:183} INFO - Processing /opt/airflow/dags/main.py took 0.915 seconds
[2026-09-10T06:12:30.472+0000] {processor.py:161} INFO - Started process (PID=952) to work on /opt/airflow/dags/main.py
[2026-09-10T06:12:30.476+0000] {processor.py:830} INFO - Processing file /opt/airflow/dags/main.py for tasks to queue
[2026-09-10T06:12:30.480+0000] {logging_mixin.py:188} INFO - [2026-09-10T06:12:30.479+0000] {dagbag.py:545} INFO - Filling up the DagBag from /opt/airflow/dags/main.py
[2026-09-10T06:12:30.604+0000] {logging_mixin.py:188} INFO - channel id is not executed
[2026-09-10T06:12:31.110+0000] {processor.py:840} INFO - DAG(s) 'data_quality', 'update_db', 'produce_json' retrieved from /opt/airflow/dags/main.py
[2026-09-10T06:12:31.661+0000] {logging_mixin.py:188} INFO - [2026-09-10T06:12:31.661+0000] {dag.py:3096} INFO - Sync 3 DAGs
[2026-09-10T06:12:31.704+0000] {logging_mixin.py:188} INFO - [2026-09-10T06:12:31.704+0000] {dag.py:3954} INFO - Setting next_dagrun for data_quality to None, run_after=None
[2026-09-10T06:12:31.721+0000] {logging_mixin.py:188} INFO - [2026-09-10T06:12:31.713+0000] {dag.py:3954} INFO - Setting next_dagrun for produce_json to 2026-09-10 14:00:00+00:00, run_after=2026-09-11 14:00:00+00:00
[2026-09-10T06:12:31.733+0000] {logging_mixin.py:188} INFO - [2026-09-10T06:12:31.732+0000] {dag.py:3954} INFO - Setting next_dagrun for update_db to None, run_after=None
[2026-09-10T06:12:31.820+0000] {processor.py:183} INFO - Processing /opt/airflow/dags/main.py took 1.358 seconds
[2026-09-10T06:13:01.969+0000] {processor.py:161} INFO - Started process (PID=958) to work on /opt/airflow/dags/main.py
[2026-09-10T06:13:02.000+0000] {processor.py:830} INFO - Processing file /opt/airflow/dags/main.py for tasks to queue
[2026-09-10T06:13:02.007+0000] {logging_mixin.py:188} INFO - [2026-09-10T06:13:02.006+0000] {dagbag.py:545} INFO - Filling up the DagBag from /opt/airflow/dags/main.py
[2026-09-10T06:13:02.175+0000] {logging_mixin.py:188} INFO - channel id is not executed
[2026-09-10T06:13:02.477+0000] {processor.py:840} INFO - DAG(s) 'update_db', 'data_quality', 'produce_json' retrieved from /opt/airflow/dags/main.py
[2026-09-10T06:13:03.099+0000] {logging_mixin.py:188} INFO - [2026-09-10T06:13:03.099+0000] {dag.py:3096} INFO - Sync 3 DAGs
[2026-09-10T06:13:03.144+0000] {logging_mixin.py:188} INFO - [2026-09-10T06:13:03.143+0000] {dag.py:3954} INFO - Setting next_dagrun for data_quality to None, run_after=None
[2026-09-10T06:13:03.164+0000] {logging_mixin.py:188} INFO - [2026-09-10T06:13:03.164+0000] {dag.py:3954} INFO - Setting next_dagrun for produce_json to 2026-09-10 14:00:00+00:00, run_after=2026-09-11 14:00:00+00:00
[2026-09-10T06:13:03.168+0000] {logging_mixin.py:188} INFO - [2026-09-10T06:13:03.168+0000] {dag.py:3954} INFO - Setting next_dagrun for update_db to None, run_after=None
[2026-09-10T06:13:03.234+0000] {processor.py:183} INFO - Processing /opt/airflow/dags/main.py took 1.288 seconds
[2026-09-10T06:13:34.267+0000] {processor.py:161} INFO - Started process (PID=965) to work on /opt/airflow/dags/main.py
[2026-09-10T06:13:34.292+0000] {processor.py:830} INFO - Processing file /opt/airflow/dags/main.py for tasks to queue
[2026-09-10T06:13:34.299+0000] {logging_mixin.py:188} INFO - [2026-09-10T06:13:34.298+0000] {dagbag.py:545} INFO - Filling up the DagBag from /opt/airflow/dags/main.py
[2026-09-10T06:13:34.717+0000] {logging_mixin.py:188} INFO - channel id is not executed
[2026-09-10T06:13:34.899+0000] {processor.py:840} INFO - DAG(s) 'data_quality', 'update_db', 'produce_json' retrieved from /opt/airflow/dags/main.py
[2026-09-10T06:13:35.255+0000] {logging_mixin.py:188} INFO - [2026-09-10T06:13:35.254+0000] {dag.py:3096} INFO - Sync 3 DAGs
[2026-09-10T06:13:35.297+0000] {logging_mixin.py:188} INFO - [2026-09-10T06:13:35.293+0000] {dag.py:3954} INFO - Setting next_dagrun for data_quality to None, run_after=None
[2026-09-10T06:13:35.339+0000] {logging_mixin.py:188} INFO - [2026-09-10T06:13:35.339+0000] {dag.py:3954} INFO - Setting next_dagrun for produce_json to 2026-09-10 14:00:00+00:00, run_after=2026-09-11 14:00:00+00:00
[2026-09-10T06:13:35.348+0000] {logging_mixin.py:188} INFO - [2026-09-10T06:13:35.347+0000] {dag.py:3954} INFO - Setting next_dagrun for update_db to None, run_after=None
[2026-09-10T06:13:35.399+0000] {processor.py:183} INFO - Processing /opt/airflow/dags/main.py took 1.141 seconds
[2026-09-10T06:14:05.545+0000] {processor.py:161} INFO - Started process (PID=972) to work on /opt/airflow/dags/main.py
[2026-09-10T06:14:05.551+0000] {processor.py:830} INFO - Processing file /opt/airflow/dags/main.py for tasks to queue
[2026-09-10T06:14:05.562+0000] {logging_mixin.py:188} INFO - [2026-09-10T06:14:05.561+0000] {dagbag.py:545} INFO - Filling up the DagBag from /opt/airflow/dags/main.py
[2026-09-10T06:14:05.722+0000] {logging_mixin.py:188} INFO - channel id is not executed
[2026-09-10T06:14:06.635+0000] {processor.py:840} INFO - DAG(s) 'data_quality', 'produce_json', 'update_db' retrieved from /opt/airflow/dags/main.py
[2026-09-10T06:14:07.927+0000] {logging_mixin.py:188} INFO - [2026-09-10T06:14:07.927+0000] {dag.py:3096} INFO - Sync 3 DAGs
[2026-09-10T06:14:07.991+0000] {logging_mixin.py:188} INFO - [2026-09-10T06:14:07.991+0000] {dag.py:3954} INFO - Setting next_dagrun for data_quality to None, run_after=None
[2026-09-10T06:14:08.011+0000] {logging_mixin.py:188} INFO - [2026-09-10T06:14:08.011+0000] {dag.py:3954} INFO - Setting next_dagrun for produce_json to 2026-09-10 14:00:00+00:00, run_after=2026-09-11 14:00:00+00:00
[2026-09-10T06:14:08.026+0000] {logging_mixin.py:188} INFO - [2026-09-10T06:14:08.026+0000] {dag.py:3954} INFO - Setting next_dagrun for update_db to None, run_after=None
[2026-09-10T06:14:08.154+0000] {processor.py:183} INFO - Processing /opt/airflow/dags/main.py took 2.622 seconds
[2026-09-10T06:14:39.396+0000] {processor.py:161} INFO - Started process (PID=979) to work on /opt/airflow/dags/main.py
[2026-09-10T06:14:39.403+0000] {processor.py:830} INFO - Processing file /opt/airflow/dags/main.py for tasks to queue
[2026-09-10T06:14:39.416+0000] {logging_mixin.py:188} INFO - [2026-09-10T06:14:39.412+0000] {dagbag.py:545} INFO - Filling up the DagBag from /opt/airflow/dags/main.py
[2026-09-10T06:14:39.529+0000] {logging_mixin.py:188} INFO - channel id is not executed
[2026-09-10T06:14:39.674+0000] {processor.py:840} INFO - DAG(s) 'data_quality', 'update_db', 'produce_json' retrieved from /opt/airflow/dags/main.py
[2026-09-10T06:14:40.188+0000] {logging_mixin.py:188} INFO - [2026-09-10T06:14:40.187+0000] {dag.py:3096} INFO - Sync 3 DAGs
[2026-09-10T06:14:40.269+0000] {logging_mixin.py:188} INFO - [2026-09-10T06:14:40.268+0000] {dag.py:3954} INFO - Setting next_dagrun for data_quality to None, run_after=None
[2026-09-10T06:14:40.311+0000] {logging_mixin.py:188} INFO - [2026-09-10T06:14:40.310+0000] {dag.py:3954} INFO - Setting next_dagrun for produce_json to 2026-09-10 14:00:00+00:00, run_after=2026-09-11 14:00:00+00:00
[2026-09-10T06:14:40.349+0000] {logging_mixin.py:188} INFO - [2026-09-10T06:14:40.348+0000] {dag.py:3954} INFO - Setting next_dagrun for update_db to None, run_after=None
[2026-09-10T06:14:40.528+0000] {processor.py:183} INFO - Processing /opt/airflow/dags/main.py took 1.157 seconds
[2026-09-10T06:15:11.181+0000] {processor.py:161} INFO - Started process (PID=986) to work on /opt/airflow/dags/main.py
[2026-09-10T06:15:11.183+0000] {processor.py:830} INFO - Processing file /opt/airflow/dags/main.py for tasks to queue
[2026-09-10T06:15:11.188+0000] {logging_mixin.py:188} INFO - [2026-09-10T06:15:11.187+0000] {dagbag.py:545} INFO - Filling up the DagBag from /opt/airflow/dags/main.py
[2026-09-10T06:15:11.307+0000] {logging_mixin.py:188} INFO - channel id is not executed
[2026-09-10T06:15:11.474+0000] {processor.py:840} INFO - DAG(s) 'produce_json', 'data_quality', 'update_db' retrieved from /opt/airflow/dags/main.py
[2026-09-10T06:15:11.900+0000] {logging_mixin.py:188} INFO - [2026-09-10T06:15:11.899+0000] {dag.py:3096} INFO - Sync 3 DAGs
[2026-09-10T06:15:12.265+0000] {logging_mixin.py:188} INFO - [2026-09-10T06:15:12.265+0000] {dag.py:3954} INFO - Setting next_dagrun for data_quality to None, run_after=None
[2026-09-10T06:15:12.274+0000] {logging_mixin.py:188} INFO - [2026-09-10T06:15:12.274+0000] {dag.py:3954} INFO - Setting next_dagrun for produce_json to 2026-09-10 14:00:00+00:00, run_after=2026-09-11 14:00:00+00:00
[2026-09-10T06:15:12.279+0000] {logging_mixin.py:188} INFO - [2026-09-10T06:15:12.279+0000] {dag.py:3954} INFO - Setting next_dagrun for update_db to None, run_after=None
[2026-09-10T06:15:12.339+0000] {processor.py:183} INFO - Processing /opt/airflow/dags/main.py took 1.171 seconds
[2026-09-10T06:15:42.966+0000] {processor.py:161} INFO - Started process (PID=993) to work on /opt/airflow/dags/main.py
[2026-09-10T06:15:42.969+0000] {processor.py:830} INFO - Processing file /opt/airflow/dags/main.py for tasks to queue
[2026-09-10T06:15:42.973+0000] {logging_mixin.py:188} INFO - [2026-09-10T06:15:42.973+0000] {dagbag.py:545} INFO - Filling up the DagBag from /opt/airflow/dags/main.py
[2026-09-10T06:15:43.043+0000] {logging_mixin.py:188} INFO - channel id is not executed
[2026-09-10T06:15:43.172+0000] {processor.py:840} INFO - DAG(s) 'produce_json', 'update_db', 'data_quality' retrieved from /opt/airflow/dags/main.py
[2026-09-10T06:15:43.421+0000] {logging_mixin.py:188} INFO - [2026-09-10T06:15:43.421+0000] {dag.py:3096} INFO - Sync 3 DAGs
[2026-09-10T06:15:43.461+0000] {logging_mixin.py:188} INFO - [2026-09-10T06:15:43.461+0000] {dag.py:3954} INFO - Setting next_dagrun for data_quality to None, run_after=None
[2026-09-10T06:15:43.473+0000] {logging_mixin.py:188} INFO - [2026-09-10T06:15:43.472+0000] {dag.py:3954} INFO - Setting next_dagrun for produce_json to 2026-09-10 14:00:00+00:00, run_after=2026-09-11 14:00:00+00:00
[2026-09-10T06:15:43.478+0000] {logging_mixin.py:188} INFO - [2026-09-10T06:15:43.477+0000] {dag.py:3954} INFO - Setting next_dagrun for update_db to None, run_after=None
[2026-09-10T06:15:43.532+0000] {processor.py:183} INFO - Processing /opt/airflow/dags/main.py took 0.576 seconds
[2026-09-10T06:16:13.804+0000] {processor.py:161} INFO - Started process (PID=1000) to work on /opt/airflow/dags/main.py
[2026-09-10T06:16:13.809+0000] {processor.py:830} INFO - Processing file /opt/airflow/dags/main.py for tasks to queue
[2026-09-10T06:16:13.821+0000] {logging_mixin.py:188} INFO - [2026-09-10T06:16:13.819+0000] {dagbag.py:545} INFO - Filling up the DagBag from /opt/airflow/dags/main.py
[2026-09-10T06:16:13.968+0000] {logging_mixin.py:188} INFO - channel id is not executed
[2026-09-10T06:16:14.076+0000] {processor.py:840} INFO - DAG(s) 'data_quality', 'produce_json', 'update_db' retrieved from /opt/airflow/dags/main.py
[2026-09-10T06:16:14.290+0000] {logging_mixin.py:188} INFO - [2026-09-10T06:16:14.289+0000] {dag.py:3096} INFO - Sync 3 DAGs
[2026-09-10T06:16:14.325+0000] {logging_mixin.py:188} INFO - [2026-09-10T06:16:14.324+0000] {dag.py:3954} INFO - Setting next_dagrun for data_quality to None, run_after=None
[2026-09-10T06:16:14.335+0000] {logging_mixin.py:188} INFO - [2026-09-10T06:16:14.335+0000] {dag.py:3954} INFO - Setting next_dagrun for produce_json to 2026-09-10 14:00:00+00:00, run_after=2026-09-11 14:00:00+00:00
[2026-09-10T06:16:14.339+0000] {logging_mixin.py:188} INFO - [2026-09-10T06:16:14.338+0000] {dag.py:3954} INFO - Setting next_dagrun for update_db to None, run_after=None
[2026-09-10T06:16:14.388+0000] {processor.py:183} INFO - Processing /opt/airflow/dags/main.py took 0.597 seconds
[2026-09-10T06:16:44.671+0000] {processor.py:161} INFO - Started process (PID=1007) to work on /opt/airflow/dags/main.py
[2026-09-10T06:16:44.673+0000] {processor.py:830} INFO - Processing file /opt/airflow/dags/main.py for tasks to queue
[2026-09-10T06:16:44.677+0000] {logging_mixin.py:188} INFO - [2026-09-10T06:16:44.676+0000] {dagbag.py:545} INFO - Filling up the DagBag from /opt/airflow/dags/main.py
[2026-09-10T06:16:44.764+0000] {logging_mixin.py:188} INFO - channel id is not executed
[2026-09-10T06:16:45.311+0000] {processor.py:840} INFO - DAG(s) 'produce_json', 'update_db', 'data_quality' retrieved from /opt/airflow/dags/main.py
[2026-09-10T06:16:45.709+0000] {logging_mixin.py:188} INFO - [2026-09-10T06:16:45.709+0000] {dag.py:3096} INFO - Sync 3 DAGs
[2026-09-10T06:16:45.792+0000] {logging_mixin.py:188} INFO - [2026-09-10T06:16:45.792+0000] {dag.py:3954} INFO - Setting next_dagrun for data_quality to None, run_after=None
[2026-09-10T06:16:45.802+0000] {logging_mixin.py:188} INFO - [2026-09-10T06:16:45.801+0000] {dag.py:3954} INFO - Setting next_dagrun for produce_json to 2026-09-10 14:00:00+00:00, run_after=2026-09-11 14:00:00+00:00
[2026-09-10T06:16:45.806+0000] {logging_mixin.py:188} INFO - [2026-09-10T06:16:45.806+0000] {dag.py:3954} INFO - Setting next_dagrun for update_db to None, run_after=None
[2026-09-10T06:16:45.848+0000] {processor.py:183} INFO - Processing /opt/airflow/dags/main.py took 1.186 seconds
[2026-09-10T06:17:15.942+0000] {processor.py:161} INFO - Started process (PID=1014) to work on /opt/airflow/dags/main.py
[2026-09-10T06:17:15.945+0000] {processor.py:830} INFO - Processing file /opt/airflow/dags/main.py for tasks to queue
[2026-09-10T06:17:15.950+0000] {logging_mixin.py:188} INFO - [2026-09-10T06:17:15.949+0000] {dagbag.py:545} INFO - Filling up the DagBag from /opt/airflow/dags/main.py
[2026-09-10T06:17:16.041+0000] {logging_mixin.py:188} INFO - channel id is not executed
[2026-09-10T06:17:16.208+0000] {processor.py:840} INFO - DAG(s) 'update_db', 'data_quality', 'produce_json' retrieved from /opt/airflow/dags/main.py
[2026-09-10T06:17:16.462+0000] {logging_mixin.py:188} INFO - [2026-09-10T06:17:16.461+0000] {dag.py:3096} INFO - Sync 3 DAGs
[2026-09-10T06:17:16.497+0000] {logging_mixin.py:188} INFO - [2026-09-10T06:17:16.497+0000] {dag.py:3954} INFO - Setting next_dagrun for data_quality to None, run_after=None
[2026-09-10T06:17:16.507+0000] {logging_mixin.py:188} INFO - [2026-09-10T06:17:16.506+0000] {dag.py:3954} INFO - Setting next_dagrun for produce_json to 2026-09-10 14:00:00+00:00, run_after=2026-09-11 14:00:00+00:00
[2026-09-10T06:17:16.511+0000] {logging_mixin.py:188} INFO - [2026-09-10T06:17:16.511+0000] {dag.py:3954} INFO - Setting next_dagrun for update_db to None, run_after=None
[2026-09-10T06:17:16.574+0000] {processor.py:183} INFO - Processing /opt/airflow/dags/main.py took 0.642 seconds
[2026-09-10T06:17:46.689+0000] {processor.py:161} INFO - Started process (PID=1021) to work on /opt/airflow/dags/main.py
[2026-09-10T06:17:47.034+0000] {processor.py:830} INFO - Processing file /opt/airflow/dags/main.py for tasks to queue
[2026-09-10T06:17:47.307+0000] {logging_mixin.py:188} INFO - [2026-09-10T06:17:47.307+0000] {dagbag.py:545} INFO - Filling up the DagBag from /opt/airflow/dags/main.py
[2026-09-10T06:17:48.349+0000] {logging_mixin.py:188} INFO - channel id is not executed
[2026-09-10T06:17:48.971+0000] {processor.py:840} INFO - DAG(s) 'produce_json', 'data_quality', 'update_db' retrieved from /opt/airflow/dags/main.py
[2026-09-10T06:17:49.930+0000] {logging_mixin.py:188} INFO - [2026-09-10T06:17:49.930+0000] {dag.py:3096} INFO - Sync 3 DAGs
[2026-09-10T06:17:50.103+0000] {logging_mixin.py:188} INFO - [2026-09-10T06:17:50.091+0000] {dag.py:3954} INFO - Setting next_dagrun for data_quality to None, run_after=None
[2026-09-10T06:17:50.138+0000] {logging_mixin.py:188} INFO - [2026-09-10T06:17:50.137+0000] {dag.py:3954} INFO - Setting next_dagrun for produce_json to 2026-09-10 14:00:00+00:00, run_after=2026-09-11 14:00:00+00:00
[2026-09-10T06:17:50.154+0000] {logging_mixin.py:188} INFO - [2026-09-10T06:17:50.153+0000] {dag.py:3954} INFO - Setting next_dagrun for update_db to None, run_after=None
[2026-09-10T06:17:50.488+0000] {processor.py:183} INFO - Processing /opt/airflow/dags/main.py took 3.818 seconds
[2026-09-10T06:18:21.781+0000] {processor.py:161} INFO - Started process (PID=1028) to work on /opt/airflow/dags/main.py
[2026-09-10T06:18:21.788+0000] {processor.py:830} INFO - Processing file /opt/airflow/dags/main.py for tasks to queue
[2026-09-10T06:18:21.813+0000] {logging_mixin.py:188} INFO - [2026-09-10T06:18:21.812+0000] {dagbag.py:545} INFO - Filling up the DagBag from /opt/airflow/dags/main.py
[2026-09-10T06:18:22.032+0000] {logging_mixin.py:188} INFO - channel id is not executed
[2026-09-10T06:18:22.290+0000] {processor.py:840} INFO - DAG(s) 'update_db', 'produce_json', 'data_quality' retrieved from /opt/airflow/dags/main.py
[2026-09-10T06:18:22.737+0000] {logging_mixin.py:188} INFO - [2026-09-10T06:18:22.736+0000] {dag.py:3096} INFO - Sync 3 DAGs
[2026-09-10T06:18:22.825+0000] {logging_mixin.py:188} INFO - [2026-09-10T06:18:22.824+0000] {dag.py:3954} INFO - Setting next_dagrun for data_quality to None, run_after=None
[2026-09-10T06:18:22.862+0000] {logging_mixin.py:188} INFO - [2026-09-10T06:18:22.861+0000] {dag.py:3954} INFO - Setting next_dagrun for produce_json to 2026-09-10 14:00:00+00:00, run_after=2026-09-11 14:00:00+00:00
[2026-09-10T06:18:22.868+0000] {logging_mixin.py:188} INFO - [2026-09-10T06:18:22.868+0000] {dag.py:3954} INFO - Setting next_dagrun for update_db to None, run_after=None
[2026-09-10T06:18:22.967+0000] {processor.py:183} INFO - Processing /opt/airflow/dags/main.py took 1.209 seconds
[2026-09-10T06:18:53.536+0000] {processor.py:161} INFO - Started process (PID=1034) to work on /opt/airflow/dags/main.py
[2026-09-10T06:18:53.547+0000] {processor.py:830} INFO - Processing file /opt/airflow/dags/main.py for tasks to queue
[2026-09-10T06:18:53.599+0000] {logging_mixin.py:188} INFO - [2026-09-10T06:18:53.598+0000] {dagbag.py:545} INFO - Filling up the DagBag from /opt/airflow/dags/main.py
[2026-09-10T06:18:53.747+0000] {logging_mixin.py:188} INFO - channel id is not executed
[2026-09-10T06:18:53.988+0000] {processor.py:840} INFO - DAG(s) 'update_db', 'produce_json', 'data_quality' retrieved from /opt/airflow/dags/main.py
[2026-09-10T06:18:54.232+0000] {logging_mixin.py:188} INFO - [2026-09-10T06:18:54.231+0000] {dag.py:3096} INFO - Sync 3 DAGs
[2026-09-10T06:18:54.272+0000] {logging_mixin.py:188} INFO - [2026-09-10T06:18:54.271+0000] {dag.py:3954} INFO - Setting next_dagrun for data_quality to None, run_after=None
[2026-09-10T06:18:54.280+0000] {logging_mixin.py:188} INFO - [2026-09-10T06:18:54.280+0000] {dag.py:3954} INFO - Setting next_dagrun for produce_json to 2026-09-10 14:00:00+00:00, run_after=2026-09-11 14:00:00+00:00
[2026-09-10T06:18:54.284+0000] {logging_mixin.py:188} INFO - [2026-09-10T06:18:54.283+0000] {dag.py:3954} INFO - Setting next_dagrun for update_db to None, run_after=None
[2026-09-10T06:18:54.323+0000] {processor.py:183} INFO - Processing /opt/airflow/dags/main.py took 0.796 seconds
[2026-09-10T06:19:24.672+0000] {processor.py:161} INFO - Started process (PID=1041) to work on /opt/airflow/dags/main.py
[2026-09-10T06:19:24.675+0000] {processor.py:830} INFO - Processing file /opt/airflow/dags/main.py for tasks to queue
[2026-09-10T06:19:24.679+0000] {logging_mixin.py:188} INFO - [2026-09-10T06:19:24.678+0000] {dagbag.py:545} INFO - Filling up the DagBag from /opt/airflow/dags/main.py
[2026-09-10T06:19:24.778+0000] {logging_mixin.py:188} INFO - channel id is not executed
[2026-09-10T06:19:24.904+0000] {processor.py:840} INFO - DAG(s) 'update_db', 'produce_json', 'data_quality' retrieved from /opt/airflow/dags/main.py
[2026-09-10T06:19:25.401+0000] {logging_mixin.py:188} INFO - [2026-09-10T06:19:25.401+0000] {dag.py:3096} INFO - Sync 3 DAGs
[2026-09-10T06:19:25.505+0000] {logging_mixin.py:188} INFO - [2026-09-10T06:19:25.504+0000] {dag.py:3954} INFO - Setting next_dagrun for data_quality to None, run_after=None
[2026-09-10T06:19:25.560+0000] {logging_mixin.py:188} INFO - [2026-09-10T06:19:25.559+0000] {dag.py:3954} INFO - Setting next_dagrun for produce_json to 2026-09-10 14:00:00+00:00, run_after=2026-09-11 14:00:00+00:00
[2026-09-10T06:19:25.600+0000] {logging_mixin.py:188} INFO - [2026-09-10T06:19:25.600+0000] {dag.py:3954} INFO - Setting next_dagrun for update_db to None, run_after=None
[2026-09-10T06:19:25.717+0000] {processor.py:183} INFO - Processing /opt/airflow/dags/main.py took 1.063 seconds
[2026-09-10T06:19:56.379+0000] {processor.py:161} INFO - Started process (PID=1048) to work on /opt/airflow/dags/main.py
[2026-09-10T06:19:56.661+0000] {processor.py:830} INFO - Processing file /opt/airflow/dags/main.py for tasks to queue
[2026-09-10T06:19:56.684+0000] {logging_mixin.py:188} INFO - [2026-09-10T06:19:56.684+0000] {dagbag.py:545} INFO - Filling up the DagBag from /opt/airflow/dags/main.py
[2026-09-10T06:19:57.035+0000] {logging_mixin.py:188} INFO - channel id is not executed
[2026-09-10T06:19:57.487+0000] {processor.py:840} INFO - DAG(s) 'update_db', 'data_quality', 'produce_json' retrieved from /opt/airflow/dags/main.py
[2026-09-10T06:19:58.025+0000] {logging_mixin.py:188} INFO - [2026-09-10T06:19:58.025+0000] {dag.py:3096} INFO - Sync 3 DAGs
[2026-09-10T06:19:58.103+0000] {logging_mixin.py:188} INFO - [2026-09-10T06:19:58.103+0000] {dag.py:3954} INFO - Setting next_dagrun for data_quality to None, run_after=None
[2026-09-10T06:19:58.177+0000] {logging_mixin.py:188} INFO - [2026-09-10T06:19:58.177+0000] {dag.py:3954} INFO - Setting next_dagrun for produce_json to 2026-09-10 14:00:00+00:00, run_after=2026-09-11 14:00:00+00:00
[2026-09-10T06:19:58.201+0000] {logging_mixin.py:188} INFO - [2026-09-10T06:19:58.201+0000] {dag.py:3954} INFO - Setting next_dagrun for update_db to None, run_after=None
[2026-09-10T06:19:58.330+0000] {processor.py:183} INFO - Processing /opt/airflow/dags/main.py took 1.969 seconds
[2026-09-10T06:20:29.802+0000] {processor.py:161} INFO - Started process (PID=1056) to work on /opt/airflow/dags/main.py
[2026-09-10T06:20:29.815+0000] {processor.py:830} INFO - Processing file /opt/airflow/dags/main.py for tasks to queue
[2026-09-10T06:20:29.848+0000] {logging_mixin.py:188} INFO - [2026-09-10T06:20:29.847+0000] {dagbag.py:545} INFO - Filling up the DagBag from /opt/airflow/dags/main.py
[2026-09-10T06:20:30.418+0000] {logging_mixin.py:188} INFO - channel id is not executed
[2026-09-10T06:20:30.742+0000] {processor.py:840} INFO - DAG(s) 'update_db', 'data_quality', 'produce_json' retrieved from /opt/airflow/dags/main.py
[2026-09-10T06:20:31.363+0000] {logging_mixin.py:188} INFO - [2026-09-10T06:20:31.363+0000] {dag.py:3096} INFO - Sync 3 DAGs
[2026-09-10T06:20:31.529+0000] {logging_mixin.py:188} INFO - [2026-09-10T06:20:31.529+0000] {dag.py:3954} INFO - Setting next_dagrun for data_quality to None, run_after=None
[2026-09-10T06:20:31.568+0000] {logging_mixin.py:188} INFO - [2026-09-10T06:20:31.567+0000] {dag.py:3954} INFO - Setting next_dagrun for produce_json to 2026-09-10 14:00:00+00:00, run_after=2026-09-11 14:00:00+00:00
[2026-09-10T06:20:31.590+0000] {logging_mixin.py:188} INFO - [2026-09-10T06:20:31.590+0000] {dag.py:3954} INFO - Setting next_dagrun for update_db to None, run_after=None
[2026-09-10T06:20:31.711+0000] {processor.py:183} INFO - Processing /opt/airflow/dags/main.py took 1.929 seconds
[2026-09-10T06:21:02.514+0000] {processor.py:161} INFO - Started process (PID=1068) to work on /opt/airflow/dags/main.py
[2026-09-10T06:21:02.517+0000] {processor.py:830} INFO - Processing file /opt/airflow/dags/main.py for tasks to queue
[2026-09-10T06:21:02.527+0000] {logging_mixin.py:188} INFO - [2026-09-10T06:21:02.526+0000] {dagbag.py:545} INFO - Filling up the DagBag from /opt/airflow/dags/main.py
[2026-09-10T06:21:02.601+0000] {logging_mixin.py:188} INFO - channel id is not executed
[2026-09-10T06:21:02.780+0000] {processor.py:840} INFO - DAG(s) 'produce_json', 'data_quality', 'update_db' retrieved from /opt/airflow/dags/main.py
[2026-09-10T06:21:03.063+0000] {logging_mixin.py:188} INFO - [2026-09-10T06:21:03.062+0000] {dag.py:3096} INFO - Sync 3 DAGs
[2026-09-10T06:21:03.104+0000] {logging_mixin.py:188} INFO - [2026-09-10T06:21:03.103+0000] {dag.py:3954} INFO - Setting next_dagrun for data_quality to None, run_after=None
[2026-09-10T06:21:03.116+0000] {logging_mixin.py:188} INFO - [2026-09-10T06:21:03.116+0000] {dag.py:3954} INFO - Setting next_dagrun for produce_json to 2026-09-10 14:00:00+00:00, run_after=2026-09-11 14:00:00+00:00
[2026-09-10T06:21:03.124+0000] {logging_mixin.py:188} INFO - [2026-09-10T06:21:03.121+0000] {dag.py:3954} INFO - Setting next_dagrun for update_db to None, run_after=None
[2026-09-10T06:21:03.169+0000] {processor.py:183} INFO - Processing /opt/airflow/dags/main.py took 0.665 seconds
[2026-09-10T06:21:34.095+0000] {processor.py:161} INFO - Started process (PID=1076) to work on /opt/airflow/dags/main.py
[2026-09-10T06:21:34.131+0000] {processor.py:830} INFO - Processing file /opt/airflow/dags/main.py for tasks to queue
[2026-09-10T06:21:34.160+0000] {logging_mixin.py:188} INFO - [2026-09-10T06:21:34.159+0000] {dagbag.py:545} INFO - Filling up the DagBag from /opt/airflow/dags/main.py
[2026-09-10T06:21:34.371+0000] {logging_mixin.py:188} INFO - channel id is not executed
[2026-09-10T06:21:34.612+0000] {processor.py:840} INFO - DAG(s) 'update_db', 'produce_json', 'data_quality' retrieved from /opt/airflow/dags/main.py
[2026-09-10T06:21:34.982+0000] {logging_mixin.py:188} INFO - [2026-09-10T06:21:34.982+0000] {dag.py:3096} INFO - Sync 3 DAGs
[2026-09-10T06:21:35.045+0000] {logging_mixin.py:188} INFO - [2026-09-10T06:21:35.044+0000] {dag.py:3954} INFO - Setting next_dagrun for data_quality to None, run_after=None
[2026-09-10T06:21:35.063+0000] {logging_mixin.py:188} INFO - [2026-09-10T06:21:35.063+0000] {dag.py:3954} INFO - Setting next_dagrun for produce_json to 2026-09-10 14:00:00+00:00, run_after=2026-09-11 14:00:00+00:00
[2026-09-10T06:21:35.067+0000] {logging_mixin.py:188} INFO - [2026-09-10T06:21:35.067+0000] {dag.py:3954} INFO - Setting next_dagrun for update_db to None, run_after=None
[2026-09-10T06:21:35.107+0000] {processor.py:183} INFO - Processing /opt/airflow/dags/main.py took 1.029 seconds
[2026-09-10T06:22:05.616+0000] {processor.py:161} INFO - Started process (PID=1082) to work on /opt/airflow/dags/main.py
[2026-09-10T06:22:05.628+0000] {processor.py:830} INFO - Processing file /opt/airflow/dags/main.py for tasks to queue
[2026-09-10T06:22:05.644+0000] {logging_mixin.py:188} INFO - [2026-09-10T06:22:05.643+0000] {dagbag.py:545} INFO - Filling up the DagBag from /opt/airflow/dags/main.py
[2026-09-10T06:22:05.779+0000] {logging_mixin.py:188} INFO - channel id is not executed
[2026-09-10T06:22:05.929+0000] {processor.py:840} INFO - DAG(s) 'update_db', 'data_quality', 'produce_json' retrieved from /opt/airflow/dags/main.py
[2026-09-10T06:22:06.184+0000] {logging_mixin.py:188} INFO - [2026-09-10T06:22:06.183+0000] {dag.py:3096} INFO - Sync 3 DAGs
[2026-09-10T06:22:06.232+0000] {logging_mixin.py:188} INFO - [2026-09-10T06:22:06.231+0000] {dag.py:3954} INFO - Setting next_dagrun for data_quality to None, run_after=None
[2026-09-10T06:22:06.241+0000] {logging_mixin.py:188} INFO - [2026-09-10T06:22:06.240+0000] {dag.py:3954} INFO - Setting next_dagrun for produce_json to 2026-09-10 14:00:00+00:00, run_after=2026-09-11 14:00:00+00:00
[2026-09-10T06:22:06.244+0000] {logging_mixin.py:188} INFO - [2026-09-10T06:22:06.244+0000] {dag.py:3954} INFO - Setting next_dagrun for update_db to None, run_after=None
[2026-09-10T06:22:06.313+0000] {processor.py:183} INFO - Processing /opt/airflow/dags/main.py took 0.718 seconds
[2026-09-10T06:22:36.798+0000] {processor.py:161} INFO - Started process (PID=1088) to work on /opt/airflow/dags/main.py
[2026-09-10T06:22:36.802+0000] {processor.py:830} INFO - Processing file /opt/airflow/dags/main.py for tasks to queue
[2026-09-10T06:22:36.812+0000] {logging_mixin.py:188} INFO - [2026-09-10T06:22:36.810+0000] {dagbag.py:545} INFO - Filling up the DagBag from /opt/airflow/dags/main.py
[2026-09-10T06:22:36.912+0000] {logging_mixin.py:188} INFO - channel id is not executed
[2026-09-10T06:22:37.048+0000] {processor.py:840} INFO - DAG(s) 'produce_json', 'data_quality', 'update_db' retrieved from /opt/airflow/dags/main.py
[2026-09-10T06:22:37.270+0000] {logging_mixin.py:188} INFO - [2026-09-10T06:22:37.269+0000] {dag.py:3096} INFO - Sync 3 DAGs
[2026-09-10T06:22:37.327+0000] {logging_mixin.py:188} INFO - [2026-09-10T06:22:37.327+0000] {dag.py:3954} INFO - Setting next_dagrun for data_quality to None, run_after=None
[2026-09-10T06:22:37.337+0000] {logging_mixin.py:188} INFO - [2026-09-10T06:22:37.336+0000] {dag.py:3954} INFO - Setting next_dagrun for produce_json to 2026-09-10 14:00:00+00:00, run_after=2026-09-11 14:00:00+00:00
[2026-09-10T06:22:37.346+0000] {logging_mixin.py:188} INFO - [2026-09-10T06:22:37.345+0000] {dag.py:3954} INFO - Setting next_dagrun for update_db to None, run_after=None
[2026-09-10T06:22:37.435+0000] {processor.py:183} INFO - Processing /opt/airflow/dags/main.py took 0.657 seconds
[2026-09-10T06:23:07.861+0000] {processor.py:161} INFO - Started process (PID=1095) to work on /opt/airflow/dags/main.py
[2026-09-10T06:23:07.864+0000] {processor.py:830} INFO - Processing file /opt/airflow/dags/main.py for tasks to queue
[2026-09-10T06:23:07.868+0000] {logging_mixin.py:188} INFO - [2026-09-10T06:23:07.868+0000] {dagbag.py:545} INFO - Filling up the DagBag from /opt/airflow/dags/main.py
[2026-09-10T06:23:07.953+0000] {logging_mixin.py:188} INFO - channel id is not executed
[2026-09-10T06:23:08.085+0000] {processor.py:840} INFO - DAG(s) 'data_quality', 'update_db', 'produce_json' retrieved from /opt/airflow/dags/main.py
[2026-09-10T06:23:08.484+0000] {logging_mixin.py:188} INFO - [2026-09-10T06:23:08.483+0000] {dag.py:3096} INFO - Sync 3 DAGs
[2026-09-10T06:23:08.519+0000] {logging_mixin.py:188} INFO - [2026-09-10T06:23:08.519+0000] {dag.py:3954} INFO - Setting next_dagrun for data_quality to None, run_after=None
[2026-09-10T06:23:08.529+0000] {logging_mixin.py:188} INFO - [2026-09-10T06:23:08.528+0000] {dag.py:3954} INFO - Setting next_dagrun for produce_json to 2026-09-10 14:00:00+00:00, run_after=2026-09-11 14:00:00+00:00
[2026-09-10T06:23:08.533+0000] {logging_mixin.py:188} INFO - [2026-09-10T06:23:08.532+0000] {dag.py:3954} INFO - Setting next_dagrun for update_db to None, run_after=None
[2026-09-10T06:23:08.586+0000] {processor.py:183} INFO - Processing /opt/airflow/dags/main.py took 0.733 seconds
[2026-09-10T06:23:39.468+0000] {processor.py:161} INFO - Started process (PID=1103) to work on /opt/airflow/dags/main.py
[2026-09-10T06:23:39.470+0000] {processor.py:830} INFO - Processing file /opt/airflow/dags/main.py for tasks to queue
[2026-09-10T06:23:39.485+0000] {logging_mixin.py:188} INFO - [2026-09-10T06:23:39.484+0000] {dagbag.py:545} INFO - Filling up the DagBag from /opt/airflow/dags/main.py
[2026-09-10T06:23:39.546+0000] {logging_mixin.py:188} INFO - channel id is not executed
[2026-09-10T06:23:39.680+0000] {processor.py:840} INFO - DAG(s) 'update_db', 'data_quality', 'produce_json' retrieved from /opt/airflow/dags/main.py
[2026-09-10T06:23:39.902+0000] {logging_mixin.py:188} INFO - [2026-09-10T06:23:39.902+0000] {dag.py:3096} INFO - Sync 3 DAGs
[2026-09-10T06:23:39.937+0000] {logging_mixin.py:188} INFO - [2026-09-10T06:23:39.937+0000] {dag.py:3954} INFO - Setting next_dagrun for data_quality to None, run_after=None
[2026-09-10T06:23:39.949+0000] {logging_mixin.py:188} INFO - [2026-09-10T06:23:39.948+0000] {dag.py:3954} INFO - Setting next_dagrun for produce_json to 2026-09-10 14:00:00+00:00, run_after=2026-09-11 14:00:00+00:00
[2026-09-10T06:23:39.952+0000] {logging_mixin.py:188} INFO - [2026-09-10T06:23:39.952+0000] {dag.py:3954} INFO - Setting next_dagrun for update_db to None, run_after=None
[2026-09-10T06:23:40.000+0000] {processor.py:183} INFO - Processing /opt/airflow/dags/main.py took 0.551 seconds
[2026-09-10T06:24:10.343+0000] {processor.py:161} INFO - Started process (PID=1111) to work on /opt/airflow/dags/main.py
[2026-09-10T06:24:10.345+0000] {processor.py:830} INFO - Processing file /opt/airflow/dags/main.py for tasks to queue
[2026-09-10T06:24:10.349+0000] {logging_mixin.py:188} INFO - [2026-09-10T06:24:10.349+0000] {dagbag.py:545} INFO - Filling up the DagBag from /opt/airflow/dags/main.py
[2026-09-10T06:24:10.414+0000] {logging_mixin.py:188} INFO - channel id is not executed
[2026-09-10T06:24:10.557+0000] {processor.py:840} INFO - DAG(s) 'data_quality', 'update_db', 'produce_json' retrieved from /opt/airflow/dags/main.py
[2026-09-10T06:24:10.777+0000] {logging_mixin.py:188} INFO - [2026-09-10T06:24:10.777+0000] {dag.py:3096} INFO - Sync 3 DAGs
[2026-09-10T06:24:10.817+0000] {logging_mixin.py:188} INFO - [2026-09-10T06:24:10.816+0000] {dag.py:3954} INFO - Setting next_dagrun for data_quality to None, run_after=None
[2026-09-10T06:24:10.825+0000] {logging_mixin.py:188} INFO - [2026-09-10T06:24:10.825+0000] {dag.py:3954} INFO - Setting next_dagrun for produce_json to 2026-09-10 14:00:00+00:00, run_after=2026-09-11 14:00:00+00:00
[2026-09-10T06:24:10.829+0000] {logging_mixin.py:188} INFO - [2026-09-10T06:24:10.829+0000] {dag.py:3954} INFO - Setting next_dagrun for update_db to None, run_after=None
[2026-09-10T06:24:10.884+0000] {processor.py:183} INFO - Processing /opt/airflow/dags/main.py took 0.550 seconds
[2026-09-10T06:24:41.041+0000] {processor.py:161} INFO - Started process (PID=1118) to work on /opt/airflow/dags/main.py
[2026-09-10T06:24:41.043+0000] {processor.py:830} INFO - Processing file /opt/airflow/dags/main.py for tasks to queue
[2026-09-10T06:24:41.048+0000] {logging_mixin.py:188} INFO - [2026-09-10T06:24:41.047+0000] {dagbag.py:545} INFO - Filling up the DagBag from /opt/airflow/dags/main.py
[2026-09-10T06:24:41.107+0000] {logging_mixin.py:188} INFO - channel id is not executed
[2026-09-10T06:24:41.215+0000] {processor.py:840} INFO - DAG(s) 'data_quality', 'update_db', 'produce_json' retrieved from /opt/airflow/dags/main.py
[2026-09-10T06:24:41.580+0000] {logging_mixin.py:188} INFO - [2026-09-10T06:24:41.580+0000] {dag.py:3096} INFO - Sync 3 DAGs
[2026-09-10T06:24:41.614+0000] {logging_mixin.py:188} INFO - [2026-09-10T06:24:41.613+0000] {dag.py:3954} INFO - Setting next_dagrun for data_quality to None, run_after=None
[2026-09-10T06:24:41.630+0000] {logging_mixin.py:188} INFO - [2026-09-10T06:24:41.629+0000] {dag.py:3954} INFO - Setting next_dagrun for produce_json to 2026-09-10 14:00:00+00:00, run_after=2026-09-11 14:00:00+00:00
[2026-09-10T06:24:41.643+0000] {logging_mixin.py:188} INFO - [2026-09-10T06:24:41.641+0000] {dag.py:3954} INFO - Setting next_dagrun for update_db to None, run_after=None
[2026-09-10T06:24:41.683+0000] {processor.py:183} INFO - Processing /opt/airflow/dags/main.py took 0.651 seconds
[2026-09-10T06:25:12.050+0000] {processor.py:161} INFO - Started process (PID=1126) to work on /opt/airflow/dags/main.py
[2026-09-10T06:25:12.058+0000] {processor.py:830} INFO - Processing file /opt/airflow/dags/main.py for tasks to queue
[2026-09-10T06:25:12.062+0000] {logging_mixin.py:188} INFO - [2026-09-10T06:25:12.061+0000] {dagbag.py:545} INFO - Filling up the DagBag from /opt/airflow/dags/main.py
[2026-09-10T06:25:12.160+0000] {logging_mixin.py:188} INFO - channel id is not executed
[2026-09-10T06:25:12.277+0000] {processor.py:840} INFO - DAG(s) 'data_quality', 'update_db', 'produce_json' retrieved from /opt/airflow/dags/main.py
[2026-09-10T06:25:12.623+0000] {logging_mixin.py:188} INFO - [2026-09-10T06:25:12.623+0000] {dag.py:3096} INFO - Sync 3 DAGs
[2026-09-10T06:25:12.698+0000] {logging_mixin.py:188} INFO - [2026-09-10T06:25:12.698+0000] {dag.py:3954} INFO - Setting next_dagrun for data_quality to None, run_after=None
[2026-09-10T06:25:12.707+0000] {logging_mixin.py:188} INFO - [2026-09-10T06:25:12.707+0000] {dag.py:3954} INFO - Setting next_dagrun for produce_json to 2026-09-10 14:00:00+00:00, run_after=2026-09-11 14:00:00+00:00
[2026-09-10T06:25:12.711+0000] {logging_mixin.py:188} INFO - [2026-09-10T06:25:12.711+0000] {dag.py:3954} INFO - Setting next_dagrun for update_db to None, run_after=None
[2026-09-10T06:25:12.746+0000] {processor.py:183} INFO - Processing /opt/airflow/dags/main.py took 0.705 seconds
[2026-09-10T06:25:43.064+0000] {processor.py:161} INFO - Started process (PID=1133) to work on /opt/airflow/dags/main.py
[2026-09-10T06:25:43.066+0000] {processor.py:830} INFO - Processing file /opt/airflow/dags/main.py for tasks to queue
[2026-09-10T06:25:43.071+0000] {logging_mixin.py:188} INFO - [2026-09-10T06:25:43.070+0000] {dagbag.py:545} INFO - Filling up the DagBag from /opt/airflow/dags/main.py
[2026-09-10T06:25:43.135+0000] {logging_mixin.py:188} INFO - channel id is not executed
[2026-09-10T06:25:43.262+0000] {processor.py:840} INFO - DAG(s) 'data_quality', 'update_db', 'produce_json' retrieved from /opt/airflow/dags/main.py
[2026-09-10T06:25:43.479+0000] {logging_mixin.py:188} INFO - [2026-09-10T06:25:43.479+0000] {dag.py:3096} INFO - Sync 3 DAGs
[2026-09-10T06:25:43.511+0000] {logging_mixin.py:188} INFO - [2026-09-10T06:25:43.510+0000] {dag.py:3954} INFO - Setting next_dagrun for data_quality to None, run_after=None
[2026-09-10T06:25:43.519+0000] {logging_mixin.py:188} INFO - [2026-09-10T06:25:43.519+0000] {dag.py:3954} INFO - Setting next_dagrun for produce_json to 2026-09-10 14:00:00+00:00, run_after=2026-09-11 14:00:00+00:00
[2026-09-10T06:25:43.523+0000] {logging_mixin.py:188} INFO - [2026-09-10T06:25:43.523+0000] {dag.py:3954} INFO - Setting next_dagrun for update_db to None, run_after=None
[2026-09-10T06:25:43.578+0000] {processor.py:183} INFO - Processing /opt/airflow/dags/main.py took 0.523 seconds
[2026-09-10T06:26:13.915+0000] {processor.py:161} INFO - Started process (PID=1140) to work on /opt/airflow/dags/main.py
[2026-09-10T06:26:13.917+0000] {processor.py:830} INFO - Processing file /opt/airflow/dags/main.py for tasks to queue
[2026-09-10T06:26:13.922+0000] {logging_mixin.py:188} INFO - [2026-09-10T06:26:13.921+0000] {dagbag.py:545} INFO - Filling up the DagBag from /opt/airflow/dags/main.py
[2026-09-10T06:26:14.000+0000] {logging_mixin.py:188} INFO - channel id is not executed
[2026-09-10T06:26:14.114+0000] {processor.py:840} INFO - DAG(s) 'data_quality', 'update_db', 'produce_json' retrieved from /opt/airflow/dags/main.py
[2026-09-10T06:26:14.360+0000] {logging_mixin.py:188} INFO - [2026-09-10T06:26:14.360+0000] {dag.py:3096} INFO - Sync 3 DAGs
[2026-09-10T06:26:14.407+0000] {logging_mixin.py:188} INFO - [2026-09-10T06:26:14.407+0000] {dag.py:3954} INFO - Setting next_dagrun for data_quality to None, run_after=None
[2026-09-10T06:26:14.416+0000] {logging_mixin.py:188} INFO - [2026-09-10T06:26:14.416+0000] {dag.py:3954} INFO - Setting next_dagrun for produce_json to 2026-09-10 14:00:00+00:00, run_after=2026-09-11 14:00:00+00:00
[2026-09-10T06:26:14.420+0000] {logging_mixin.py:188} INFO - [2026-09-10T06:26:14.420+0000] {dag.py:3954} INFO - Setting next_dagrun for update_db to None, run_after=None
[2026-09-10T06:26:14.491+0000] {processor.py:183} INFO - Processing /opt/airflow/dags/main.py took 0.585 seconds
[2026-09-10T06:26:44.639+0000] {processor.py:161} INFO - Started process (PID=1146) to work on /opt/airflow/dags/main.py
[2026-09-10T06:26:44.641+0000] {processor.py:830} INFO - Processing file /opt/airflow/dags/main.py for tasks to queue
[2026-09-10T06:26:44.645+0000] {logging_mixin.py:188} INFO - [2026-09-10T06:26:44.645+0000] {dagbag.py:545} INFO - Filling up the DagBag from /opt/airflow/dags/main.py
[2026-09-10T06:26:44.713+0000] {logging_mixin.py:188} INFO - channel id is not executed
[2026-09-10T06:26:44.828+0000] {processor.py:840} INFO - DAG(s) 'data_quality', 'produce_json', 'update_db' retrieved from /opt/airflow/dags/main.py
[2026-09-10T06:26:45.145+0000] {logging_mixin.py:188} INFO - [2026-09-10T06:26:45.144+0000] {dag.py:3096} INFO - Sync 3 DAGs
[2026-09-10T06:26:45.182+0000] {logging_mixin.py:188} INFO - [2026-09-10T06:26:45.182+0000] {dag.py:3954} INFO - Setting next_dagrun for data_quality to None, run_after=None
[2026-09-10T06:26:45.191+0000] {logging_mixin.py:188} INFO - [2026-09-10T06:26:45.191+0000] {dag.py:3954} INFO - Setting next_dagrun for produce_json to 2026-09-10 14:00:00+00:00, run_after=2026-09-11 14:00:00+00:00
[2026-09-10T06:26:45.195+0000] {logging_mixin.py:188} INFO - [2026-09-10T06:26:45.195+0000] {dag.py:3954} INFO - Setting next_dagrun for update_db to None, run_after=None
[2026-09-10T06:26:45.252+0000] {processor.py:183} INFO - Processing /opt/airflow/dags/main.py took 0.626 seconds
[2026-09-10T06:27:15.576+0000] {processor.py:161} INFO - Started process (PID=1153) to work on /opt/airflow/dags/main.py
[2026-09-10T06:27:15.578+0000] {processor.py:830} INFO - Processing file /opt/airflow/dags/main.py for tasks to queue
[2026-09-10T06:27:15.582+0000] {logging_mixin.py:188} INFO - [2026-09-10T06:27:15.581+0000] {dagbag.py:545} INFO - Filling up the DagBag from /opt/airflow/dags/main.py
[2026-09-10T06:27:15.648+0000] {logging_mixin.py:188} INFO - channel id is not executed
[2026-09-10T06:27:15.764+0000] {processor.py:840} INFO - DAG(s) 'update_db', 'produce_json', 'data_quality' retrieved from /opt/airflow/dags/main.py
[2026-09-10T06:27:15.985+0000] {logging_mixin.py:188} INFO - [2026-09-10T06:27:15.984+0000] {dag.py:3096} INFO - Sync 3 DAGs
[2026-09-10T06:27:16.020+0000] {logging_mixin.py:188} INFO - [2026-09-10T06:27:16.019+0000] {dag.py:3954} INFO - Setting next_dagrun for data_quality to None, run_after=None
[2026-09-10T06:27:16.029+0000] {logging_mixin.py:188} INFO - [2026-09-10T06:27:16.029+0000] {dag.py:3954} INFO - Setting next_dagrun for produce_json to 2026-09-10 14:00:00+00:00, run_after=2026-09-11 14:00:00+00:00
[2026-09-10T06:27:16.033+0000] {logging_mixin.py:188} INFO - [2026-09-10T06:27:16.033+0000] {dag.py:3954} INFO - Setting next_dagrun for update_db to None, run_after=None
[2026-09-10T06:27:16.082+0000] {processor.py:183} INFO - Processing /opt/airflow/dags/main.py took 0.516 seconds
[2026-09-10T06:27:46.398+0000] {processor.py:161} INFO - Started process (PID=1160) to work on /opt/airflow/dags/main.py
[2026-09-10T06:27:46.407+0000] {processor.py:830} INFO - Processing file /opt/airflow/dags/main.py for tasks to queue
[2026-09-10T06:27:46.411+0000] {logging_mixin.py:188} INFO - [2026-09-10T06:27:46.410+0000] {dagbag.py:545} INFO - Filling up the DagBag from /opt/airflow/dags/main.py
[2026-09-10T06:27:46.470+0000] {logging_mixin.py:188} INFO - channel id is not executed
[2026-09-10T06:27:46.610+0000] {processor.py:840} INFO - DAG(s) 'data_quality', 'produce_json', 'update_db' retrieved from /opt/airflow/dags/main.py
[2026-09-10T06:27:46.844+0000] {logging_mixin.py:188} INFO - [2026-09-10T06:27:46.843+0000] {dag.py:3096} INFO - Sync 3 DAGs
[2026-09-10T06:27:46.878+0000] {logging_mixin.py:188} INFO - [2026-09-10T06:27:46.878+0000] {dag.py:3954} INFO - Setting next_dagrun for data_quality to None, run_after=None
[2026-09-10T06:27:46.887+0000] {logging_mixin.py:188} INFO - [2026-09-10T06:27:46.887+0000] {dag.py:3954} INFO - Setting next_dagrun for produce_json to 2026-09-10 14:00:00+00:00, run_after=2026-09-11 14:00:00+00:00
[2026-09-10T06:27:46.892+0000] {logging_mixin.py:188} INFO - [2026-09-10T06:27:46.891+0000] {dag.py:3954} INFO - Setting next_dagrun for update_db to None, run_after=None
[2026-09-10T06:27:46.949+0000] {processor.py:183} INFO - Processing /opt/airflow/dags/main.py took 0.560 seconds
[2026-09-10T06:28:17.091+0000] {processor.py:161} INFO - Started process (PID=1167) to work on /opt/airflow/dags/main.py
[2026-09-10T06:28:17.094+0000] {processor.py:830} INFO - Processing file /opt/airflow/dags/main.py for tasks to queue
[2026-09-10T06:28:17.099+0000] {logging_mixin.py:188} INFO - [2026-09-10T06:28:17.098+0000] {dagbag.py:545} INFO - Filling up the DagBag from /opt/airflow/dags/main.py
[2026-09-10T06:28:17.166+0000] {logging_mixin.py:188} INFO - channel id is not executed
[2026-09-10T06:28:17.282+0000] {processor.py:840} INFO - DAG(s) 'data_quality', 'update_db', 'produce_json' retrieved from /opt/airflow/dags/main.py
[2026-09-10T06:28:17.510+0000] {logging_mixin.py:188} INFO - [2026-09-10T06:28:17.509+0000] {dag.py:3096} INFO - Sync 3 DAGs
[2026-09-10T06:28:17.545+0000] {logging_mixin.py:188} INFO - [2026-09-10T06:28:17.544+0000] {dag.py:3954} INFO - Setting next_dagrun for data_quality to None, run_after=None
[2026-09-10T06:28:17.554+0000] {logging_mixin.py:188} INFO - [2026-09-10T06:28:17.553+0000] {dag.py:3954} INFO - Setting next_dagrun for produce_json to 2026-09-10 14:00:00+00:00, run_after=2026-09-11 14:00:00+00:00
[2026-09-10T06:28:17.557+0000] {logging_mixin.py:188} INFO - [2026-09-10T06:28:17.557+0000] {dag.py:3954} INFO - Setting next_dagrun for update_db to None, run_after=None
[2026-09-10T06:28:17.603+0000] {processor.py:183} INFO - Processing /opt/airflow/dags/main.py took 0.525 seconds
[2026-09-10T06:28:47.915+0000] {processor.py:161} INFO - Started process (PID=1174) to work on /opt/airflow/dags/main.py
[2026-09-10T06:28:47.917+0000] {processor.py:830} INFO - Processing file /opt/airflow/dags/main.py for tasks to queue
[2026-09-10T06:28:47.922+0000] {logging_mixin.py:188} INFO - [2026-09-10T06:28:47.921+0000] {dagbag.py:545} INFO - Filling up the DagBag from /opt/airflow/dags/main.py
[2026-09-10T06:28:48.009+0000] {logging_mixin.py:188} INFO - channel id is not executed
[2026-09-10T06:28:48.129+0000] {processor.py:840} INFO - DAG(s) 'produce_json', 'data_quality', 'update_db' retrieved from /opt/airflow/dags/main.py
[2026-09-10T06:28:48.388+0000] {logging_mixin.py:188} INFO - [2026-09-10T06:28:48.388+0000] {dag.py:3096} INFO - Sync 3 DAGs
[2026-09-10T06:28:48.424+0000] {logging_mixin.py:188} INFO - [2026-09-10T06:28:48.424+0000] {dag.py:3954} INFO - Setting next_dagrun for data_quality to None, run_after=None
[2026-09-10T06:28:48.434+0000] {logging_mixin.py:188} INFO - [2026-09-10T06:28:48.434+0000] {dag.py:3954} INFO - Setting next_dagrun for produce_json to 2026-09-10 14:00:00+00:00, run_after=2026-09-11 14:00:00+00:00
[2026-09-10T06:28:48.439+0000] {logging_mixin.py:188} INFO - [2026-09-10T06:28:48.438+0000] {dag.py:3954} INFO - Setting next_dagrun for update_db to None, run_after=None
[2026-09-10T06:28:48.493+0000] {processor.py:183} INFO - Processing /opt/airflow/dags/main.py took 0.592 seconds
[2026-09-10T06:29:18.833+0000] {processor.py:161} INFO - Started process (PID=1181) to work on /opt/airflow/dags/main.py
[2026-09-10T06:29:18.835+0000] {processor.py:830} INFO - Processing file /opt/airflow/dags/main.py for tasks to queue
[2026-09-10T06:29:18.852+0000] {logging_mixin.py:188} INFO - [2026-09-10T06:29:18.852+0000] {dagbag.py:545} INFO - Filling up the DagBag from /opt/airflow/dags/main.py
[2026-09-10T06:29:18.971+0000] {logging_mixin.py:188} INFO - channel id is not executed
[2026-09-10T06:29:19.137+0000] {processor.py:840} INFO - DAG(s) 'update_db', 'produce_json', 'data_quality' retrieved from /opt/airflow/dags/main.py
[2026-09-10T06:29:19.409+0000] {logging_mixin.py:188} INFO - [2026-09-10T06:29:19.409+0000] {dag.py:3096} INFO - Sync 3 DAGs
[2026-09-10T06:29:19.460+0000] {logging_mixin.py:188} INFO - [2026-09-10T06:29:19.455+0000] {dag.py:3954} INFO - Setting next_dagrun for data_quality to None, run_after=None
[2026-09-10T06:29:19.475+0000] {logging_mixin.py:188} INFO - [2026-09-10T06:29:19.475+0000] {dag.py:3954} INFO - Setting next_dagrun for produce_json to 2026-09-10 14:00:00+00:00, run_after=2026-09-11 14:00:00+00:00
[2026-09-10T06:29:19.488+0000] {logging_mixin.py:188} INFO - [2026-09-10T06:29:19.487+0000] {dag.py:3954} INFO - Setting next_dagrun for update_db to None, run_after=None
[2026-09-10T06:29:19.560+0000] {processor.py:183} INFO - Processing /opt/airflow/dags/main.py took 0.758 seconds
[2026-09-10T06:29:50.124+0000] {processor.py:161} INFO - Started process (PID=1188) to work on /opt/airflow/dags/main.py
[2026-09-10T06:29:50.129+0000] {processor.py:830} INFO - Processing file /opt/airflow/dags/main.py for tasks to queue
[2026-09-10T06:29:50.138+0000] {logging_mixin.py:188} INFO - [2026-09-10T06:29:50.138+0000] {dagbag.py:545} INFO - Filling up the DagBag from /opt/airflow/dags/main.py
[2026-09-10T06:29:50.394+0000] {logging_mixin.py:188} INFO - channel id is not executed
[2026-09-10T06:29:50.738+0000] {processor.py:840} INFO - DAG(s) 'update_db', 'produce_json', 'data_quality' retrieved from /opt/airflow/dags/main.py
[2026-09-10T06:29:51.137+0000] {logging_mixin.py:188} INFO - [2026-09-10T06:29:51.136+0000] {dag.py:3096} INFO - Sync 3 DAGs
[2026-09-10T06:29:51.181+0000] {logging_mixin.py:188} INFO - [2026-09-10T06:29:51.181+0000] {dag.py:3954} INFO - Setting next_dagrun for data_quality to None, run_after=None
[2026-09-10T06:29:51.197+0000] {logging_mixin.py:188} INFO - [2026-09-10T06:29:51.197+0000] {dag.py:3954} INFO - Setting next_dagrun for produce_json to 2026-09-10 14:00:00+00:00, run_after=2026-09-11 14:00:00+00:00
[2026-09-10T06:29:51.203+0000] {logging_mixin.py:188} INFO - [2026-09-10T06:29:51.201+0000] {dag.py:3954} INFO - Setting next_dagrun for update_db to None, run_after=None
[2026-09-10T06:29:51.293+0000] {processor.py:183} INFO - Processing /opt/airflow/dags/main.py took 1.185 seconds
[2026-09-10T06:30:22.607+0000] {processor.py:161} INFO - Started process (PID=1195) to work on /opt/airflow/dags/main.py
[2026-09-10T06:30:22.637+0000] {processor.py:830} INFO - Processing file /opt/airflow/dags/main.py for tasks to queue
[2026-09-10T06:30:22.643+0000] {logging_mixin.py:188} INFO - [2026-09-10T06:30:22.643+0000] {dagbag.py:545} INFO - Filling up the DagBag from /opt/airflow/dags/main.py
[2026-09-10T06:30:22.907+0000] {logging_mixin.py:188} INFO - channel id is not executed
[2026-09-10T06:30:23.991+0000] {processor.py:840} INFO - DAG(s) 'produce_json', 'update_db', 'data_quality' retrieved from /opt/airflow/dags/main.py
[2026-09-10T06:30:24.607+0000] {logging_mixin.py:188} INFO - [2026-09-10T06:30:24.606+0000] {dag.py:3096} INFO - Sync 3 DAGs
[2026-09-10T06:30:24.686+0000] {logging_mixin.py:188} INFO - [2026-09-10T06:30:24.686+0000] {dag.py:3954} INFO - Setting next_dagrun for data_quality to None, run_after=None
[2026-09-10T06:30:24.723+0000] {logging_mixin.py:188} INFO - [2026-09-10T06:30:24.712+0000] {dag.py:3954} INFO - Setting next_dagrun for produce_json to 2026-09-10 14:00:00+00:00, run_after=2026-09-11 14:00:00+00:00
[2026-09-10T06:30:24.737+0000] {logging_mixin.py:188} INFO - [2026-09-10T06:30:24.737+0000] {dag.py:3954} INFO - Setting next_dagrun for update_db to None, run_after=None
[2026-09-10T06:30:24.831+0000] {processor.py:183} INFO - Processing /opt/airflow/dags/main.py took 2.248 seconds
[2026-09-10T06:30:55.767+0000] {processor.py:161} INFO - Started process (PID=1202) to work on /opt/airflow/dags/main.py
[2026-09-10T06:30:55.771+0000] {processor.py:830} INFO - Processing file /opt/airflow/dags/main.py for tasks to queue
[2026-09-10T06:30:55.782+0000] {logging_mixin.py:188} INFO - [2026-09-10T06:30:55.781+0000] {dagbag.py:545} INFO - Filling up the DagBag from /opt/airflow/dags/main.py
[2026-09-10T06:30:55.911+0000] {logging_mixin.py:188} INFO - channel id is not executed
[2026-09-10T06:30:56.034+0000] {processor.py:840} INFO - DAG(s) 'produce_json', 'data_quality', 'update_db' retrieved from /opt/airflow/dags/main.py
[2026-09-10T06:30:56.311+0000] {logging_mixin.py:188} INFO - [2026-09-10T06:30:56.310+0000] {dag.py:3096} INFO - Sync 3 DAGs
[2026-09-10T06:30:56.347+0000] {logging_mixin.py:188} INFO - [2026-09-10T06:30:56.347+0000] {dag.py:3954} INFO - Setting next_dagrun for data_quality to None, run_after=None
[2026-09-10T06:30:56.358+0000] {logging_mixin.py:188} INFO - [2026-09-10T06:30:56.358+0000] {dag.py:3954} INFO - Setting next_dagrun for produce_json to 2026-09-10 14:00:00+00:00, run_after=2026-09-11 14:00:00+00:00
[2026-09-10T06:30:56.362+0000] {logging_mixin.py:188} INFO - [2026-09-10T06:30:56.362+0000] {dag.py:3954} INFO - Setting next_dagrun for update_db to None, run_after=None
[2026-09-10T06:30:56.406+0000] {processor.py:183} INFO - Processing /opt/airflow/dags/main.py took 0.658 seconds
[2026-09-10T06:31:26.930+0000] {processor.py:161} INFO - Started process (PID=1209) to work on /opt/airflow/dags/main.py
[2026-09-10T06:31:26.933+0000] {processor.py:830} INFO - Processing file /opt/airflow/dags/main.py for tasks to queue
[2026-09-10T06:31:26.941+0000] {logging_mixin.py:188} INFO - [2026-09-10T06:31:26.940+0000] {dagbag.py:545} INFO - Filling up the DagBag from /opt/airflow/dags/main.py
[2026-09-10T06:31:27.045+0000] {logging_mixin.py:188} INFO - channel id is not executed
[2026-09-10T06:31:27.319+0000] {processor.py:840} INFO - DAG(s) 'produce_json', 'update_db', 'data_quality' retrieved from /opt/airflow/dags/main.py
[2026-09-10T06:31:27.739+0000] {logging_mixin.py:188} INFO - [2026-09-10T06:31:27.739+0000] {dag.py:3096} INFO - Sync 3 DAGs
[2026-09-10T06:31:28.019+0000] {logging_mixin.py:188} INFO - [2026-09-10T06:31:28.019+0000] {dag.py:3954} INFO - Setting next_dagrun for data_quality to None, run_after=None
[2026-09-10T06:31:28.051+0000] {logging_mixin.py:188} INFO - [2026-09-10T06:31:28.050+0000] {dag.py:3954} INFO - Setting next_dagrun for produce_json to 2026-09-10 14:00:00+00:00, run_after=2026-09-11 14:00:00+00:00
[2026-09-10T06:31:28.065+0000] {logging_mixin.py:188} INFO - [2026-09-10T06:31:28.065+0000] {dag.py:3954} INFO - Setting next_dagrun for update_db to None, run_after=None
[2026-09-10T06:31:28.143+0000] {processor.py:183} INFO - Processing /opt/airflow/dags/main.py took 1.227 seconds
[2026-09-10T06:31:59.052+0000] {processor.py:161} INFO - Started process (PID=1216) to work on /opt/airflow/dags/main.py
[2026-09-10T06:31:59.069+0000] {processor.py:830} INFO - Processing file /opt/airflow/dags/main.py for tasks to queue
[2026-09-10T06:31:59.073+0000] {logging_mixin.py:188} INFO - [2026-09-10T06:31:59.072+0000] {dagbag.py:545} INFO - Filling up the DagBag from /opt/airflow/dags/main.py
[2026-09-10T06:31:59.142+0000] {logging_mixin.py:188} INFO - channel id is not executed
[2026-09-10T06:31:59.548+0000] {processor.py:840} INFO - DAG(s) 'produce_json', 'update_db', 'data_quality' retrieved from /opt/airflow/dags/main.py
[2026-09-10T06:31:59.872+0000] {logging_mixin.py:188} INFO - [2026-09-10T06:31:59.871+0000] {dag.py:3096} INFO - Sync 3 DAGs
[2026-09-10T06:31:59.919+0000] {logging_mixin.py:188} INFO - [2026-09-10T06:31:59.919+0000] {dag.py:3954} INFO - Setting next_dagrun for data_quality to None, run_after=None
[2026-09-10T06:31:59.973+0000] {logging_mixin.py:188} INFO - [2026-09-10T06:31:59.972+0000] {dag.py:3954} INFO - Setting next_dagrun for produce_json to 2026-09-10 14:00:00+00:00, run_after=2026-09-11 14:00:00+00:00
[2026-09-10T06:31:59.989+0000] {logging_mixin.py:188} INFO - [2026-09-10T06:31:59.988+0000] {dag.py:3954} INFO - Setting next_dagrun for update_db to None, run_after=None
[2026-09-10T06:32:00.112+0000] {processor.py:183} INFO - Processing /opt/airflow/dags/main.py took 1.083 seconds
[2026-09-10T06:32:30.780+0000] {processor.py:161} INFO - Started process (PID=1223) to work on /opt/airflow/dags/main.py
[2026-09-10T06:32:30.787+0000] {processor.py:830} INFO - Processing file /opt/airflow/dags/main.py for tasks to queue
[2026-09-10T06:32:30.795+0000] {logging_mixin.py:188} INFO - [2026-09-10T06:32:30.794+0000] {dagbag.py:545} INFO - Filling up the DagBag from /opt/airflow/dags/main.py
[2026-09-10T06:32:30.906+0000] {logging_mixin.py:188} INFO - channel id is not executed
[2026-09-10T06:32:31.053+0000] {processor.py:840} INFO - DAG(s) 'update_db', 'produce_json', 'data_quality' retrieved from /opt/airflow/dags/main.py
[2026-09-10T06:32:31.434+0000] {logging_mixin.py:188} INFO - [2026-09-10T06:32:31.434+0000] {dag.py:3096} INFO - Sync 3 DAGs
[2026-09-10T06:32:31.488+0000] {logging_mixin.py:188} INFO - [2026-09-10T06:32:31.487+0000] {dag.py:3954} INFO - Setting next_dagrun for data_quality to None, run_after=None
[2026-09-10T06:32:31.499+0000] {logging_mixin.py:188} INFO - [2026-09-10T06:32:31.499+0000] {dag.py:3954} INFO - Setting next_dagrun for produce_json to 2026-09-10 14:00:00+00:00, run_after=2026-09-11 14:00:00+00:00
[2026-09-10T06:32:31.503+0000] {logging_mixin.py:188} INFO - [2026-09-10T06:32:31.503+0000] {dag.py:3954} INFO - Setting next_dagrun for update_db to None, run_after=None
[2026-09-10T06:32:31.602+0000] {processor.py:183} INFO - Processing /opt/airflow/dags/main.py took 0.840 seconds
[2026-09-10T06:33:02.182+0000] {processor.py:161} INFO - Started process (PID=1231) to work on /opt/airflow/dags/main.py
[2026-09-10T06:33:02.184+0000] {processor.py:830} INFO - Processing file /opt/airflow/dags/main.py for tasks to queue
[2026-09-10T06:33:02.188+0000] {logging_mixin.py:188} INFO - [2026-09-10T06:33:02.187+0000] {dagbag.py:545} INFO - Filling up the DagBag from /opt/airflow/dags/main.py
[2026-09-10T06:33:02.251+0000] {logging_mixin.py:188} INFO - channel id is not executed
[2026-09-10T06:33:02.458+0000] {processor.py:840} INFO - DAG(s) 'produce_json', 'update_db', 'data_quality' retrieved from /opt/airflow/dags/main.py
[2026-09-10T06:33:02.745+0000] {logging_mixin.py:188} INFO - [2026-09-10T06:33:02.745+0000] {dag.py:3096} INFO - Sync 3 DAGs
[2026-09-10T06:33:02.786+0000] {logging_mixin.py:188} INFO - [2026-09-10T06:33:02.784+0000] {dag.py:3954} INFO - Setting next_dagrun for data_quality to None, run_after=None
[2026-09-10T06:33:02.795+0000] {logging_mixin.py:188} INFO - [2026-09-10T06:33:02.794+0000] {dag.py:3954} INFO - Setting next_dagrun for produce_json to 2026-09-10 14:00:00+00:00, run_after=2026-09-11 14:00:00+00:00
[2026-09-10T06:33:02.799+0000] {logging_mixin.py:188} INFO - [2026-09-10T06:33:02.798+0000] {dag.py:3954} INFO - Setting next_dagrun for update_db to None, run_after=None
[2026-09-10T06:33:02.854+0000] {processor.py:183} INFO - Processing /opt/airflow/dags/main.py took 0.682 seconds
[2026-09-10T06:33:33.577+0000] {processor.py:161} INFO - Started process (PID=1239) to work on /opt/airflow/dags/main.py
[2026-09-10T06:33:33.580+0000] {processor.py:830} INFO - Processing file /opt/airflow/dags/main.py for tasks to queue
[2026-09-10T06:33:33.598+0000] {logging_mixin.py:188} INFO - [2026-09-10T06:33:33.597+0000] {dagbag.py:545} INFO - Filling up the DagBag from /opt/airflow/dags/main.py
[2026-09-10T06:33:33.737+0000] {logging_mixin.py:188} INFO - channel id is not executed
[2026-09-10T06:33:34.162+0000] {processor.py:840} INFO - DAG(s) 'produce_json', 'update_db', 'data_quality' retrieved from /opt/airflow/dags/main.py
[2026-09-10T06:33:34.758+0000] {logging_mixin.py:188} INFO - [2026-09-10T06:33:34.749+0000] {dag.py:3096} INFO - Sync 3 DAGs
[2026-09-10T06:33:34.816+0000] {logging_mixin.py:188} INFO - [2026-09-10T06:33:34.816+0000] {dag.py:3954} INFO - Setting next_dagrun for data_quality to None, run_after=None
[2026-09-10T06:33:34.845+0000] {logging_mixin.py:188} INFO - [2026-09-10T06:33:34.845+0000] {dag.py:3954} INFO - Setting next_dagrun for produce_json to 2026-09-10 14:00:00+00:00, run_after=2026-09-11 14:00:00+00:00
[2026-09-10T06:33:34.850+0000] {logging_mixin.py:188} INFO - [2026-09-10T06:33:34.849+0000] {dag.py:3954} INFO - Setting next_dagrun for update_db to None, run_after=None
[2026-09-10T06:33:34.949+0000] {processor.py:183} INFO - Processing /opt/airflow/dags/main.py took 1.389 seconds
[2026-09-10T06:34:05.924+0000] {processor.py:161} INFO - Started process (PID=1251) to work on /opt/airflow/dags/main.py
[2026-09-10T06:34:05.930+0000] {processor.py:830} INFO - Processing file /opt/airflow/dags/main.py for tasks to queue
[2026-09-10T06:34:05.990+0000] {logging_mixin.py:188} INFO - [2026-09-10T06:34:05.989+0000] {dagbag.py:545} INFO - Filling up the DagBag from /opt/airflow/dags/main.py
[2026-09-10T06:34:06.356+0000] {logging_mixin.py:188} INFO - channel id is not executed
[2026-09-10T06:34:07.186+0000] {processor.py:840} INFO - DAG(s) 'produce_json', 'data_quality', 'update_db' retrieved from /opt/airflow/dags/main.py
[2026-09-10T06:34:07.749+0000] {logging_mixin.py:188} INFO - [2026-09-10T06:34:07.748+0000] {dag.py:3096} INFO - Sync 3 DAGs
[2026-09-10T06:34:07.813+0000] {logging_mixin.py:188} INFO - [2026-09-10T06:34:07.813+0000] {dag.py:3954} INFO - Setting next_dagrun for data_quality to None, run_after=None
[2026-09-10T06:34:07.824+0000] {logging_mixin.py:188} INFO - [2026-09-10T06:34:07.824+0000] {dag.py:3954} INFO - Setting next_dagrun for produce_json to 2026-09-10 14:00:00+00:00, run_after=2026-09-11 14:00:00+00:00
[2026-09-10T06:34:07.835+0000] {logging_mixin.py:188} INFO - [2026-09-10T06:34:07.834+0000] {dag.py:3954} INFO - Setting next_dagrun for update_db to None, run_after=None
[2026-09-10T06:34:07.972+0000] {processor.py:183} INFO - Processing /opt/airflow/dags/main.py took 2.090 seconds
[2026-09-10T06:34:38.563+0000] {processor.py:161} INFO - Started process (PID=1258) to work on /opt/airflow/dags/main.py
[2026-09-10T06:34:38.573+0000] {processor.py:830} INFO - Processing file /opt/airflow/dags/main.py for tasks to queue
[2026-09-10T06:34:38.579+0000] {logging_mixin.py:188} INFO - [2026-09-10T06:34:38.579+0000] {dagbag.py:545} INFO - Filling up the DagBag from /opt/airflow/dags/main.py
[2026-09-10T06:34:38.659+0000] {logging_mixin.py:188} INFO - channel id is not executed
[2026-09-10T06:34:38.780+0000] {processor.py:840} INFO - DAG(s) 'data_quality', 'produce_json', 'update_db' retrieved from /opt/airflow/dags/main.py
[2026-09-10T06:34:39.110+0000] {logging_mixin.py:188} INFO - [2026-09-10T06:34:39.108+0000] {dag.py:3096} INFO - Sync 3 DAGs
[2026-09-10T06:34:39.158+0000] {logging_mixin.py:188} INFO - [2026-09-10T06:34:39.158+0000] {dag.py:3954} INFO - Setting next_dagrun for data_quality to None, run_after=None
[2026-09-10T06:34:39.173+0000] {logging_mixin.py:188} INFO - [2026-09-10T06:34:39.169+0000] {dag.py:3954} INFO - Setting next_dagrun for produce_json to 2026-09-10 14:00:00+00:00, run_after=2026-09-11 14:00:00+00:00
[2026-09-10T06:34:39.178+0000] {logging_mixin.py:188} INFO - [2026-09-10T06:34:39.177+0000] {dag.py:3954} INFO - Setting next_dagrun for update_db to None, run_after=None
[2026-09-10T06:34:39.247+0000] {processor.py:183} INFO - Processing /opt/airflow/dags/main.py took 0.703 seconds
[2026-09-10T06:35:10.025+0000] {processor.py:161} INFO - Started process (PID=1265) to work on /opt/airflow/dags/main.py
[2026-09-10T06:35:10.032+0000] {processor.py:830} INFO - Processing file /opt/airflow/dags/main.py for tasks to queue
[2026-09-10T06:35:10.076+0000] {logging_mixin.py:188} INFO - [2026-09-10T06:35:10.075+0000] {dagbag.py:545} INFO - Filling up the DagBag from /opt/airflow/dags/main.py
[2026-09-10T06:35:10.265+0000] {logging_mixin.py:188} INFO - channel id is not executed
[2026-09-10T06:35:10.458+0000] {processor.py:840} INFO - DAG(s) 'produce_json', 'update_db', 'data_quality' retrieved from /opt/airflow/dags/main.py
[2026-09-10T06:35:10.775+0000] {logging_mixin.py:188} INFO - [2026-09-10T06:35:10.775+0000] {dag.py:3096} INFO - Sync 3 DAGs
[2026-09-10T06:35:10.816+0000] {logging_mixin.py:188} INFO - [2026-09-10T06:35:10.816+0000] {dag.py:3954} INFO - Setting next_dagrun for data_quality to None, run_after=None
[2026-09-10T06:35:10.829+0000] {logging_mixin.py:188} INFO - [2026-09-10T06:35:10.828+0000] {dag.py:3954} INFO - Setting next_dagrun for produce_json to 2026-09-10 14:00:00+00:00, run_after=2026-09-11 14:00:00+00:00
[2026-09-10T06:35:10.832+0000] {logging_mixin.py:188} INFO - [2026-09-10T06:35:10.832+0000] {dag.py:3954} INFO - Setting next_dagrun for update_db to None, run_after=None
[2026-09-10T06:35:10.890+0000] {processor.py:183} INFO - Processing /opt/airflow/dags/main.py took 0.883 seconds
[2026-09-10T06:35:41.774+0000] {processor.py:161} INFO - Started process (PID=1272) to work on /opt/airflow/dags/main.py
[2026-09-10T06:35:41.777+0000] {processor.py:830} INFO - Processing file /opt/airflow/dags/main.py for tasks to queue
[2026-09-10T06:35:41.790+0000] {logging_mixin.py:188} INFO - [2026-09-10T06:35:41.790+0000] {dagbag.py:545} INFO - Filling up the DagBag from /opt/airflow/dags/main.py
[2026-09-10T06:35:41.875+0000] {logging_mixin.py:188} INFO - channel id is not executed
[2026-09-10T06:35:42.248+0000] {processor.py:840} INFO - DAG(s) 'update_db', 'produce_json', 'data_quality' retrieved from /opt/airflow/dags/main.py
[2026-09-10T06:35:42.810+0000] {logging_mixin.py:188} INFO - [2026-09-10T06:35:42.799+0000] {dag.py:3096} INFO - Sync 3 DAGs
[2026-09-10T06:35:42.934+0000] {logging_mixin.py:188} INFO - [2026-09-10T06:35:42.934+0000] {dag.py:3954} INFO - Setting next_dagrun for data_quality to None, run_after=None
[2026-09-10T06:35:42.957+0000] {logging_mixin.py:188} INFO - [2026-09-10T06:35:42.956+0000] {dag.py:3954} INFO - Setting next_dagrun for produce_json to 2026-09-10 14:00:00+00:00, run_after=2026-09-11 14:00:00+00:00
[2026-09-10T06:35:42.970+0000] {logging_mixin.py:188} INFO - [2026-09-10T06:35:42.970+0000] {dag.py:3954} INFO - Setting next_dagrun for update_db to None, run_after=None
[2026-09-10T06:35:43.053+0000] {processor.py:183} INFO - Processing /opt/airflow/dags/main.py took 1.288 seconds
[2026-09-10T06:36:13.935+0000] {processor.py:161} INFO - Started process (PID=1278) to work on /opt/airflow/dags/main.py
[2026-09-10T06:36:13.940+0000] {processor.py:830} INFO - Processing file /opt/airflow/dags/main.py for tasks to queue
[2026-09-10T06:36:13.948+0000] {logging_mixin.py:188} INFO - [2026-09-10T06:36:13.947+0000] {dagbag.py:545} INFO - Filling up the DagBag from /opt/airflow/dags/main.py
[2026-09-10T06:36:14.009+0000] {logging_mixin.py:188} INFO - channel id is not executed
[2026-09-10T06:36:14.136+0000] {processor.py:840} INFO - DAG(s) 'data_quality', 'update_db', 'produce_json' retrieved from /opt/airflow/dags/main.py
[2026-09-10T06:36:14.404+0000] {logging_mixin.py:188} INFO - [2026-09-10T06:36:14.403+0000] {dag.py:3096} INFO - Sync 3 DAGs
[2026-09-10T06:36:14.439+0000] {logging_mixin.py:188} INFO - [2026-09-10T06:36:14.438+0000] {dag.py:3954} INFO - Setting next_dagrun for data_quality to None, run_after=None
[2026-09-10T06:36:14.448+0000] {logging_mixin.py:188} INFO - [2026-09-10T06:36:14.447+0000] {dag.py:3954} INFO - Setting next_dagrun for produce_json to 2026-09-10 14:00:00+00:00, run_after=2026-09-11 14:00:00+00:00
[2026-09-10T06:36:14.452+0000] {logging_mixin.py:188} INFO - [2026-09-10T06:36:14.451+0000] {dag.py:3954} INFO - Setting next_dagrun for update_db to None, run_after=None
[2026-09-10T06:36:14.493+0000] {processor.py:183} INFO - Processing /opt/airflow/dags/main.py took 0.571 seconds
[2026-09-10T06:36:45.164+0000] {processor.py:161} INFO - Started process (PID=1284) to work on /opt/airflow/dags/main.py
[2026-09-10T06:36:45.169+0000] {processor.py:830} INFO - Processing file /opt/airflow/dags/main.py for tasks to queue
[2026-09-10T06:36:45.174+0000] {logging_mixin.py:188} INFO - [2026-09-10T06:36:45.174+0000] {dagbag.py:545} INFO - Filling up the DagBag from /opt/airflow/dags/main.py
[2026-09-10T06:36:45.263+0000] {logging_mixin.py:188} INFO - channel id is not executed
[2026-09-10T06:36:45.767+0000] {processor.py:840} INFO - DAG(s) 'update_db', 'produce_json', 'data_quality' retrieved from /opt/airflow/dags/main.py
[2026-09-10T06:36:46.122+0000] {logging_mixin.py:188} INFO - [2026-09-10T06:36:46.122+0000] {dag.py:3096} INFO - Sync 3 DAGs
[2026-09-10T06:36:46.173+0000] {logging_mixin.py:188} INFO - [2026-09-10T06:36:46.173+0000] {dag.py:3954} INFO - Setting next_dagrun for data_quality to None, run_after=None
[2026-09-10T06:36:46.205+0000] {logging_mixin.py:188} INFO - [2026-09-10T06:36:46.204+0000] {dag.py:3954} INFO - Setting next_dagrun for produce_json to 2026-09-10 14:00:00+00:00, run_after=2026-09-11 14:00:00+00:00
[2026-09-10T06:36:46.212+0000] {logging_mixin.py:188} INFO - [2026-09-10T06:36:46.212+0000] {dag.py:3954} INFO - Setting next_dagrun for update_db to None, run_after=None
[2026-09-10T06:36:46.295+0000] {processor.py:183} INFO - Processing /opt/airflow/dags/main.py took 1.140 seconds
[2026-09-10T06:37:17.378+0000] {processor.py:161} INFO - Started process (PID=1291) to work on /opt/airflow/dags/main.py
[2026-09-10T06:37:17.381+0000] {processor.py:830} INFO - Processing file /opt/airflow/dags/main.py for tasks to queue
[2026-09-10T06:37:17.386+0000] {logging_mixin.py:188} INFO - [2026-09-10T06:37:17.385+0000] {dagbag.py:545} INFO - Filling up the DagBag from /opt/airflow/dags/main.py
[2026-09-10T06:37:17.487+0000] {logging_mixin.py:188} INFO - channel id is not executed
[2026-09-10T06:37:17.722+0000] {processor.py:840} INFO - DAG(s) 'data_quality', 'produce_json', 'update_db' retrieved from /opt/airflow/dags/main.py
[2026-09-10T06:37:17.969+0000] {logging_mixin.py:188} INFO - [2026-09-10T06:37:17.969+0000] {dag.py:3096} INFO - Sync 3 DAGs
[2026-09-10T06:37:18.005+0000] {logging_mixin.py:188} INFO - [2026-09-10T06:37:18.004+0000] {dag.py:3954} INFO - Setting next_dagrun for data_quality to None, run_after=None
[2026-09-10T06:37:18.014+0000] {logging_mixin.py:188} INFO - [2026-09-10T06:37:18.014+0000] {dag.py:3954} INFO - Setting next_dagrun for produce_json to 2026-09-10 14:00:00+00:00, run_after=2026-09-11 14:00:00+00:00
[2026-09-10T06:37:18.018+0000] {logging_mixin.py:188} INFO - [2026-09-10T06:37:18.017+0000] {dag.py:3954} INFO - Setting next_dagrun for update_db to None, run_after=None
[2026-09-10T06:37:18.080+0000] {processor.py:183} INFO - Processing /opt/airflow/dags/main.py took 0.714 seconds
[2026-09-10T06:37:48.520+0000] {processor.py:161} INFO - Started process (PID=1298) to work on /opt/airflow/dags/main.py
[2026-09-10T06:37:48.523+0000] {processor.py:830} INFO - Processing file /opt/airflow/dags/main.py for tasks to queue
[2026-09-10T06:37:48.550+0000] {logging_mixin.py:188} INFO - [2026-09-10T06:37:48.550+0000] {dagbag.py:545} INFO - Filling up the DagBag from /opt/airflow/dags/main.py
[2026-09-10T06:37:48.861+0000] {logging_mixin.py:188} INFO - channel id is not executed
[2026-09-10T06:37:49.164+0000] {processor.py:840} INFO - DAG(s) 'update_db', 'produce_json', 'data_quality' retrieved from /opt/airflow/dags/main.py
[2026-09-10T06:37:49.912+0000] {logging_mixin.py:188} INFO - [2026-09-10T06:37:49.912+0000] {dag.py:3096} INFO - Sync 3 DAGs
[2026-09-10T06:37:50.025+0000] {logging_mixin.py:188} INFO - [2026-09-10T06:37:50.024+0000] {dag.py:3954} INFO - Setting next_dagrun for data_quality to None, run_after=None
[2026-09-10T06:37:50.056+0000] {logging_mixin.py:188} INFO - [2026-09-10T06:37:50.055+0000] {dag.py:3954} INFO - Setting next_dagrun for produce_json to 2026-09-10 14:00:00+00:00, run_after=2026-09-11 14:00:00+00:00
[2026-09-10T06:37:50.067+0000] {logging_mixin.py:188} INFO - [2026-09-10T06:37:50.066+0000] {dag.py:3954} INFO - Setting next_dagrun for update_db to None, run_after=None
[2026-09-10T06:37:50.201+0000] {processor.py:183} INFO - Processing /opt/airflow/dags/main.py took 1.712 seconds
[2026-09-10T06:38:20.552+0000] {processor.py:161} INFO - Started process (PID=1305) to work on /opt/airflow/dags/main.py
[2026-09-10T06:38:20.554+0000] {processor.py:830} INFO - Processing file /opt/airflow/dags/main.py for tasks to queue
[2026-09-10T06:38:20.563+0000] {logging_mixin.py:188} INFO - [2026-09-10T06:38:20.562+0000] {dagbag.py:545} INFO - Filling up the DagBag from /opt/airflow/dags/main.py
[2026-09-10T06:38:20.633+0000] {logging_mixin.py:188} INFO - channel id is not executed
[2026-09-10T06:38:20.797+0000] {processor.py:840} INFO - DAG(s) 'produce_json', 'data_quality', 'update_db' retrieved from /opt/airflow/dags/main.py
[2026-09-10T06:38:21.114+0000] {logging_mixin.py:188} INFO - [2026-09-10T06:38:21.114+0000] {dag.py:3096} INFO - Sync 3 DAGs
[2026-09-10T06:38:21.165+0000] {logging_mixin.py:188} INFO - [2026-09-10T06:38:21.164+0000] {dag.py:3954} INFO - Setting next_dagrun for data_quality to None, run_after=None
[2026-09-10T06:38:21.176+0000] {logging_mixin.py:188} INFO - [2026-09-10T06:38:21.176+0000] {dag.py:3954} INFO - Setting next_dagrun for produce_json to 2026-09-10 14:00:00+00:00, run_after=2026-09-11 14:00:00+00:00
[2026-09-10T06:38:21.182+0000] {logging_mixin.py:188} INFO - [2026-09-10T06:38:21.182+0000] {dag.py:3954} INFO - Setting next_dagrun for update_db to None, run_after=None
[2026-09-10T06:38:21.222+0000] {processor.py:183} INFO - Processing /opt/airflow/dags/main.py took 0.679 seconds
[2026-09-10T06:38:51.301+0000] {processor.py:161} INFO - Started process (PID=1313) to work on /opt/airflow/dags/main.py
[2026-09-10T06:38:51.303+0000] {processor.py:830} INFO - Processing file /opt/airflow/dags/main.py for tasks to queue
[2026-09-10T06:38:51.308+0000] {logging_mixin.py:188} INFO - [2026-09-10T06:38:51.307+0000] {dagbag.py:545} INFO - Filling up the DagBag from /opt/airflow/dags/main.py
[2026-09-10T06:38:51.420+0000] {logging_mixin.py:188} INFO - channel id is not executed
[2026-09-10T06:38:51.628+0000] {processor.py:840} INFO - DAG(s) 'produce_json', 'update_db', 'data_quality' retrieved from /opt/airflow/dags/main.py
[2026-09-10T06:38:52.071+0000] {logging_mixin.py:188} INFO - [2026-09-10T06:38:52.070+0000] {dag.py:3096} INFO - Sync 3 DAGs
[2026-09-10T06:38:52.226+0000] {logging_mixin.py:188} INFO - [2026-09-10T06:38:52.225+0000] {dag.py:3954} INFO - Setting next_dagrun for data_quality to None, run_after=None
[2026-09-10T06:38:52.259+0000] {logging_mixin.py:188} INFO - [2026-09-10T06:38:52.259+0000] {dag.py:3954} INFO - Setting next_dagrun for produce_json to 2026-09-10 14:00:00+00:00, run_after=2026-09-11 14:00:00+00:00
[2026-09-10T06:38:52.277+0000] {logging_mixin.py:188} INFO - [2026-09-10T06:38:52.277+0000] {dag.py:3954} INFO - Setting next_dagrun for update_db to None, run_after=None
[2026-09-10T06:38:52.329+0000] {processor.py:183} INFO - Processing /opt/airflow/dags/main.py took 1.039 seconds
[2026-09-10T06:39:22.829+0000] {processor.py:161} INFO - Started process (PID=1319) to work on /opt/airflow/dags/main.py
[2026-09-10T06:39:23.062+0000] {processor.py:830} INFO - Processing file /opt/airflow/dags/main.py for tasks to queue
[2026-09-10T06:39:23.080+0000] {logging_mixin.py:188} INFO - [2026-09-10T06:39:23.079+0000] {dagbag.py:545} INFO - Filling up the DagBag from /opt/airflow/dags/main.py
[2026-09-10T06:39:23.325+0000] {logging_mixin.py:188} INFO - channel id is not executed
[2026-09-10T06:39:23.505+0000] {processor.py:840} INFO - DAG(s) 'produce_json', 'update_db', 'data_quality' retrieved from /opt/airflow/dags/main.py
[2026-09-10T06:39:23.767+0000] {logging_mixin.py:188} INFO - [2026-09-10T06:39:23.767+0000] {dag.py:3096} INFO - Sync 3 DAGs
[2026-09-10T06:39:23.828+0000] {logging_mixin.py:188} INFO - [2026-09-10T06:39:23.827+0000] {dag.py:3954} INFO - Setting next_dagrun for data_quality to None, run_after=None
[2026-09-10T06:39:23.871+0000] {logging_mixin.py:188} INFO - [2026-09-10T06:39:23.871+0000] {dag.py:3954} INFO - Setting next_dagrun for produce_json to 2026-09-10 14:00:00+00:00, run_after=2026-09-11 14:00:00+00:00
[2026-09-10T06:39:23.880+0000] {logging_mixin.py:188} INFO - [2026-09-10T06:39:23.880+0000] {dag.py:3954} INFO - Setting next_dagrun for update_db to None, run_after=None
[2026-09-10T06:39:23.958+0000] {processor.py:183} INFO - Processing /opt/airflow/dags/main.py took 1.154 seconds
[2026-09-10T06:39:54.146+0000] {processor.py:161} INFO - Started process (PID=1326) to work on /opt/airflow/dags/main.py
[2026-09-10T06:39:54.150+0000] {processor.py:830} INFO - Processing file /opt/airflow/dags/main.py for tasks to queue
[2026-09-10T06:39:54.155+0000] {logging_mixin.py:188} INFO - [2026-09-10T06:39:54.155+0000] {dagbag.py:545} INFO - Filling up the DagBag from /opt/airflow/dags/main.py
[2026-09-10T06:39:54.312+0000] {logging_mixin.py:188} INFO - channel id is not executed
[2026-09-10T06:39:54.477+0000] {processor.py:840} INFO - DAG(s) 'produce_json', 'update_db', 'data_quality' retrieved from /opt/airflow/dags/main.py
[2026-09-10T06:39:54.854+0000] {logging_mixin.py:188} INFO - [2026-09-10T06:39:54.853+0000] {dag.py:3096} INFO - Sync 3 DAGs
[2026-09-10T06:39:54.907+0000] {logging_mixin.py:188} INFO - [2026-09-10T06:39:54.907+0000] {dag.py:3954} INFO - Setting next_dagrun for data_quality to None, run_after=None
[2026-09-10T06:39:55.126+0000] {logging_mixin.py:188} INFO - [2026-09-10T06:39:55.126+0000] {dag.py:3954} INFO - Setting next_dagrun for produce_json to 2026-09-10 14:00:00+00:00, run_after=2026-09-11 14:00:00+00:00
[2026-09-10T06:39:55.153+0000] {logging_mixin.py:188} INFO - [2026-09-10T06:39:55.153+0000] {dag.py:3954} INFO - Setting next_dagrun for update_db to None, run_after=None
[2026-09-10T06:39:55.239+0000] {processor.py:183} INFO - Processing /opt/airflow/dags/main.py took 1.101 seconds
[2026-09-10T06:40:26.056+0000] {processor.py:161} INFO - Started process (PID=1332) to work on /opt/airflow/dags/main.py
[2026-09-10T06:40:26.058+0000] {processor.py:830} INFO - Processing file /opt/airflow/dags/main.py for tasks to queue
[2026-09-10T06:40:26.062+0000] {logging_mixin.py:188} INFO - [2026-09-10T06:40:26.061+0000] {dagbag.py:545} INFO - Filling up the DagBag from /opt/airflow/dags/main.py
[2026-09-10T06:40:26.124+0000] {logging_mixin.py:188} INFO - channel id is not executed
[2026-09-10T06:40:26.234+0000] {processor.py:840} INFO - DAG(s) 'produce_json', 'data_quality', 'update_db' retrieved from /opt/airflow/dags/main.py
[2026-09-10T06:40:26.496+0000] {logging_mixin.py:188} INFO - [2026-09-10T06:40:26.496+0000] {dag.py:3096} INFO - Sync 3 DAGs
[2026-09-10T06:40:26.748+0000] {logging_mixin.py:188} INFO - [2026-09-10T06:40:26.748+0000] {dag.py:3954} INFO - Setting next_dagrun for data_quality to None, run_after=None
[2026-09-10T06:40:26.759+0000] {logging_mixin.py:188} INFO - [2026-09-10T06:40:26.758+0000] {dag.py:3954} INFO - Setting next_dagrun for produce_json to 2026-09-10 14:00:00+00:00, run_after=2026-09-11 14:00:00+00:00
[2026-09-10T06:40:26.763+0000] {logging_mixin.py:188} INFO - [2026-09-10T06:40:26.762+0000] {dag.py:3954} INFO - Setting next_dagrun for update_db to None, run_after=None
[2026-09-10T06:40:26.849+0000] {processor.py:183} INFO - Processing /opt/airflow/dags/main.py took 0.802 seconds
[2026-09-10T06:40:57.466+0000] {processor.py:161} INFO - Started process (PID=1339) to work on /opt/airflow/dags/main.py
[2026-09-10T06:40:57.468+0000] {processor.py:830} INFO - Processing file /opt/airflow/dags/main.py for tasks to queue
[2026-09-10T06:40:57.472+0000] {logging_mixin.py:188} INFO - [2026-09-10T06:40:57.471+0000] {dagbag.py:545} INFO - Filling up the DagBag from /opt/airflow/dags/main.py
[2026-09-10T06:40:57.711+0000] {logging_mixin.py:188} INFO - channel id is not executed
[2026-09-10T06:40:57.853+0000] {processor.py:840} INFO - DAG(s) 'produce_json', 'update_db', 'data_quality' retrieved from /opt/airflow/dags/main.py
[2026-09-10T06:40:58.208+0000] {logging_mixin.py:188} INFO - [2026-09-10T06:40:58.208+0000] {dag.py:3096} INFO - Sync 3 DAGs
[2026-09-10T06:40:58.255+0000] {logging_mixin.py:188} INFO - [2026-09-10T06:40:58.254+0000] {dag.py:3954} INFO - Setting next_dagrun for data_quality to None, run_after=None
[2026-09-10T06:40:58.287+0000] {logging_mixin.py:188} INFO - [2026-09-10T06:40:58.286+0000] {dag.py:3954} INFO - Setting next_dagrun for produce_json to 2026-09-10 14:00:00+00:00, run_after=2026-09-11 14:00:00+00:00
[2026-09-10T06:40:58.301+0000] {logging_mixin.py:188} INFO - [2026-09-10T06:40:58.300+0000] {dag.py:3954} INFO - Setting next_dagrun for update_db to None, run_after=None
[2026-09-10T06:40:58.374+0000] {processor.py:183} INFO - Processing /opt/airflow/dags/main.py took 0.919 seconds
[2026-09-10T06:41:29.197+0000] {processor.py:161} INFO - Started process (PID=1346) to work on /opt/airflow/dags/main.py
[2026-09-10T06:41:29.200+0000] {processor.py:830} INFO - Processing file /opt/airflow/dags/main.py for tasks to queue
[2026-09-10T06:41:29.205+0000] {logging_mixin.py:188} INFO - [2026-09-10T06:41:29.204+0000] {dagbag.py:545} INFO - Filling up the DagBag from /opt/airflow/dags/main.py
[2026-09-10T06:41:29.304+0000] {logging_mixin.py:188} INFO - channel id is not executed
[2026-09-10T06:41:29.596+0000] {processor.py:840} INFO - DAG(s) 'produce_json', 'update_db', 'data_quality' retrieved from /opt/airflow/dags/main.py
[2026-09-10T06:41:29.903+0000] {logging_mixin.py:188} INFO - [2026-09-10T06:41:29.903+0000] {dag.py:3096} INFO - Sync 3 DAGs
[2026-09-10T06:41:29.952+0000] {logging_mixin.py:188} INFO - [2026-09-10T06:41:29.951+0000] {dag.py:3954} INFO - Setting next_dagrun for data_quality to None, run_after=None
[2026-09-10T06:41:29.961+0000] {logging_mixin.py:188} INFO - [2026-09-10T06:41:29.960+0000] {dag.py:3954} INFO - Setting next_dagrun for produce_json to 2026-09-10 14:00:00+00:00, run_after=2026-09-11 14:00:00+00:00
[2026-09-10T06:41:29.964+0000] {logging_mixin.py:188} INFO - [2026-09-10T06:41:29.963+0000] {dag.py:3954} INFO - Setting next_dagrun for update_db to None, run_after=None
[2026-09-10T06:41:30.000+0000] {processor.py:183} INFO - Processing /opt/airflow/dags/main.py took 0.812 seconds
[2026-09-10T06:42:00.537+0000] {processor.py:161} INFO - Started process (PID=1354) to work on /opt/airflow/dags/main.py
[2026-09-10T06:42:00.541+0000] {processor.py:830} INFO - Processing file /opt/airflow/dags/main.py for tasks to queue
[2026-09-10T06:42:00.545+0000] {logging_mixin.py:188} INFO - [2026-09-10T06:42:00.545+0000] {dagbag.py:545} INFO - Filling up the DagBag from /opt/airflow/dags/main.py
[2026-09-10T06:42:00.695+0000] {logging_mixin.py:188} INFO - channel id is not executed
[2026-09-10T06:42:01.016+0000] {processor.py:840} INFO - DAG(s) 'produce_json', 'data_quality', 'update_db' retrieved from /opt/airflow/dags/main.py
[2026-09-10T06:42:01.370+0000] {logging_mixin.py:188} INFO - [2026-09-10T06:42:01.370+0000] {dag.py:3096} INFO - Sync 3 DAGs
[2026-09-10T06:42:01.423+0000] {logging_mixin.py:188} INFO - [2026-09-10T06:42:01.423+0000] {dag.py:3954} INFO - Setting next_dagrun for data_quality to None, run_after=None
[2026-09-10T06:42:01.437+0000] {logging_mixin.py:188} INFO - [2026-09-10T06:42:01.437+0000] {dag.py:3954} INFO - Setting next_dagrun for produce_json to 2026-09-10 14:00:00+00:00, run_after=2026-09-11 14:00:00+00:00
[2026-09-10T06:42:01.441+0000] {logging_mixin.py:188} INFO - [2026-09-10T06:42:01.441+0000] {dag.py:3954} INFO - Setting next_dagrun for update_db to None, run_after=None
[2026-09-10T06:42:01.560+0000] {processor.py:183} INFO - Processing /opt/airflow/dags/main.py took 1.042 seconds
[2026-09-10T06:42:32.028+0000] {processor.py:161} INFO - Started process (PID=1362) to work on /opt/airflow/dags/main.py
[2026-09-10T06:42:32.030+0000] {processor.py:830} INFO - Processing file /opt/airflow/dags/main.py for tasks to queue
[2026-09-10T06:42:32.035+0000] {logging_mixin.py:188} INFO - [2026-09-10T06:42:32.034+0000] {dagbag.py:545} INFO - Filling up the DagBag from /opt/airflow/dags/main.py
[2026-09-10T06:42:32.105+0000] {logging_mixin.py:188} INFO - channel id is not executed
[2026-09-10T06:42:32.215+0000] {processor.py:840} INFO - DAG(s) 'update_db', 'produce_json', 'data_quality' retrieved from /opt/airflow/dags/main.py
[2026-09-10T06:42:32.440+0000] {logging_mixin.py:188} INFO - [2026-09-10T06:42:32.439+0000] {dag.py:3096} INFO - Sync 3 DAGs
[2026-09-10T06:42:32.476+0000] {logging_mixin.py:188} INFO - [2026-09-10T06:42:32.475+0000] {dag.py:3954} INFO - Setting next_dagrun for data_quality to None, run_after=None
[2026-09-10T06:42:32.486+0000] {logging_mixin.py:188} INFO - [2026-09-10T06:42:32.485+0000] {dag.py:3954} INFO - Setting next_dagrun for produce_json to 2026-09-10 14:00:00+00:00, run_after=2026-09-11 14:00:00+00:00
[2026-09-10T06:42:32.489+0000] {logging_mixin.py:188} INFO - [2026-09-10T06:42:32.489+0000] {dag.py:3954} INFO - Setting next_dagrun for update_db to None, run_after=None
[2026-09-10T06:42:32.537+0000] {processor.py:183} INFO - Processing /opt/airflow/dags/main.py took 0.518 seconds
[2026-09-10T06:43:02.653+0000] {processor.py:161} INFO - Started process (PID=1369) to work on /opt/airflow/dags/main.py
[2026-09-10T06:43:02.655+0000] {processor.py:830} INFO - Processing file /opt/airflow/dags/main.py for tasks to queue
[2026-09-10T06:43:02.659+0000] {logging_mixin.py:188} INFO - [2026-09-10T06:43:02.658+0000] {dagbag.py:545} INFO - Filling up the DagBag from /opt/airflow/dags/main.py
[2026-09-10T06:43:02.727+0000] {logging_mixin.py:188} INFO - channel id is not executed
[2026-09-10T06:43:02.860+0000] {processor.py:840} INFO - DAG(s) 'produce_json', 'data_quality', 'update_db' retrieved from /opt/airflow/dags/main.py
[2026-09-10T06:43:03.144+0000] {logging_mixin.py:188} INFO - [2026-09-10T06:43:03.143+0000] {dag.py:3096} INFO - Sync 3 DAGs
[2026-09-10T06:43:03.194+0000] {logging_mixin.py:188} INFO - [2026-09-10T06:43:03.193+0000] {dag.py:3954} INFO - Setting next_dagrun for data_quality to None, run_after=None
[2026-09-10T06:43:03.204+0000] {logging_mixin.py:188} INFO - [2026-09-10T06:43:03.203+0000] {dag.py:3954} INFO - Setting next_dagrun for produce_json to 2026-09-10 14:00:00+00:00, run_after=2026-09-11 14:00:00+00:00
[2026-09-10T06:43:03.208+0000] {logging_mixin.py:188} INFO - [2026-09-10T06:43:03.208+0000] {dag.py:3954} INFO - Setting next_dagrun for update_db to None, run_after=None
[2026-09-10T06:43:03.246+0000] {processor.py:183} INFO - Processing /opt/airflow/dags/main.py took 0.603 seconds
[2026-09-10T06:43:34.122+0000] {processor.py:161} INFO - Started process (PID=1376) to work on /opt/airflow/dags/main.py
[2026-09-10T06:43:34.125+0000] {processor.py:830} INFO - Processing file /opt/airflow/dags/main.py for tasks to queue
[2026-09-10T06:43:34.131+0000] {logging_mixin.py:188} INFO - [2026-09-10T06:43:34.130+0000] {dagbag.py:545} INFO - Filling up the DagBag from /opt/airflow/dags/main.py
[2026-09-10T06:43:34.216+0000] {logging_mixin.py:188} INFO - channel id is not executed
[2026-09-10T06:43:34.362+0000] {processor.py:840} INFO - DAG(s) 'data_quality', 'update_db', 'produce_json' retrieved from /opt/airflow/dags/main.py
[2026-09-10T06:43:34.612+0000] {logging_mixin.py:188} INFO - [2026-09-10T06:43:34.611+0000] {dag.py:3096} INFO - Sync 3 DAGs
[2026-09-10T06:43:34.654+0000] {logging_mixin.py:188} INFO - [2026-09-10T06:43:34.654+0000] {dag.py:3954} INFO - Setting next_dagrun for data_quality to None, run_after=None
[2026-09-10T06:43:34.664+0000] {logging_mixin.py:188} INFO - [2026-09-10T06:43:34.664+0000] {dag.py:3954} INFO - Setting next_dagrun for produce_json to 2026-09-10 14:00:00+00:00, run_after=2026-09-11 14:00:00+00:00
[2026-09-10T06:43:34.668+0000] {logging_mixin.py:188} INFO - [2026-09-10T06:43:34.667+0000] {dag.py:3954} INFO - Setting next_dagrun for update_db to None, run_after=None
[2026-09-10T06:43:34.705+0000] {processor.py:183} INFO - Processing /opt/airflow/dags/main.py took 0.596 seconds
[2026-09-10T06:44:05.643+0000] {processor.py:161} INFO - Started process (PID=1383) to work on /opt/airflow/dags/main.py
[2026-09-10T06:44:05.648+0000] {processor.py:830} INFO - Processing file /opt/airflow/dags/main.py for tasks to queue
[2026-09-10T06:44:05.657+0000] {logging_mixin.py:188} INFO - [2026-09-10T06:44:05.657+0000] {dagbag.py:545} INFO - Filling up the DagBag from /opt/airflow/dags/main.py
[2026-09-10T06:44:05.751+0000] {logging_mixin.py:188} INFO - channel id is not executed
[2026-09-10T06:44:05.919+0000] {processor.py:840} INFO - DAG(s) 'produce_json', 'update_db', 'data_quality' retrieved from /opt/airflow/dags/main.py
[2026-09-10T06:44:06.200+0000] {logging_mixin.py:188} INFO - [2026-09-10T06:44:06.199+0000] {dag.py:3096} INFO - Sync 3 DAGs
[2026-09-10T06:44:06.240+0000] {logging_mixin.py:188} INFO - [2026-09-10T06:44:06.240+0000] {dag.py:3954} INFO - Setting next_dagrun for data_quality to None, run_after=None
[2026-09-10T06:44:06.250+0000] {logging_mixin.py:188} INFO - [2026-09-10T06:44:06.249+0000] {dag.py:3954} INFO - Setting next_dagrun for produce_json to 2026-09-10 14:00:00+00:00, run_after=2026-09-11 14:00:00+00:00
[2026-09-10T06:44:06.254+0000] {logging_mixin.py:188} INFO - [2026-09-10T06:44:06.253+0000] {dag.py:3954} INFO - Setting next_dagrun for update_db to None, run_after=None
[2026-09-10T06:44:06.316+0000] {processor.py:183} INFO - Processing /opt/airflow/dags/main.py took 0.685 seconds
[2026-09-10T06:44:36.927+0000] {processor.py:161} INFO - Started process (PID=1390) to work on /opt/airflow/dags/main.py
[2026-09-10T06:44:36.930+0000] {processor.py:830} INFO - Processing file /opt/airflow/dags/main.py for tasks to queue
[2026-09-10T06:44:36.935+0000] {logging_mixin.py:188} INFO - [2026-09-10T06:44:36.934+0000] {dagbag.py:545} INFO - Filling up the DagBag from /opt/airflow/dags/main.py
[2026-09-10T06:44:37.019+0000] {logging_mixin.py:188} INFO - channel id is not executed
[2026-09-10T06:44:37.113+0000] {processor.py:840} INFO - DAG(s) 'data_quality', 'update_db', 'produce_json' retrieved from /opt/airflow/dags/main.py
[2026-09-10T06:44:37.342+0000] {logging_mixin.py:188} INFO - [2026-09-10T06:44:37.342+0000] {dag.py:3096} INFO - Sync 3 DAGs
[2026-09-10T06:44:37.385+0000] {logging_mixin.py:188} INFO - [2026-09-10T06:44:37.385+0000] {dag.py:3954} INFO - Setting next_dagrun for data_quality to None, run_after=None
[2026-09-10T06:44:37.396+0000] {logging_mixin.py:188} INFO - [2026-09-10T06:44:37.396+0000] {dag.py:3954} INFO - Setting next_dagrun for produce_json to 2026-09-10 14:00:00+00:00, run_after=2026-09-11 14:00:00+00:00
[2026-09-10T06:44:37.400+0000] {logging_mixin.py:188} INFO - [2026-09-10T06:44:37.400+0000] {dag.py:3954} INFO - Setting next_dagrun for update_db to None, run_after=None
[2026-09-10T06:44:37.435+0000] {processor.py:183} INFO - Processing /opt/airflow/dags/main.py took 0.518 seconds
[2026-09-10T06:45:08.192+0000] {processor.py:161} INFO - Started process (PID=1397) to work on /opt/airflow/dags/main.py
[2026-09-10T06:45:08.198+0000] {processor.py:830} INFO - Processing file /opt/airflow/dags/main.py for tasks to queue
[2026-09-10T06:45:08.218+0000] {logging_mixin.py:188} INFO - [2026-09-10T06:45:08.218+0000] {dagbag.py:545} INFO - Filling up the DagBag from /opt/airflow/dags/main.py
[2026-09-10T06:45:08.313+0000] {logging_mixin.py:188} INFO - channel id is not executed
[2026-09-10T06:45:08.538+0000] {processor.py:840} INFO - DAG(s) 'update_db', 'produce_json', 'data_quality' retrieved from /opt/airflow/dags/main.py
[2026-09-10T06:45:09.097+0000] {logging_mixin.py:188} INFO - [2026-09-10T06:45:09.097+0000] {dag.py:3096} INFO - Sync 3 DAGs
[2026-09-10T06:45:09.249+0000] {logging_mixin.py:188} INFO - [2026-09-10T06:45:09.248+0000] {dag.py:3954} INFO - Setting next_dagrun for data_quality to None, run_after=None
[2026-09-10T06:45:09.262+0000] {logging_mixin.py:188} INFO - [2026-09-10T06:45:09.262+0000] {dag.py:3954} INFO - Setting next_dagrun for produce_json to 2026-09-10 14:00:00+00:00, run_after=2026-09-11 14:00:00+00:00
[2026-09-10T06:45:09.270+0000] {logging_mixin.py:188} INFO - [2026-09-10T06:45:09.269+0000] {dag.py:3954} INFO - Setting next_dagrun for update_db to None, run_after=None
[2026-09-10T06:45:09.316+0000] {processor.py:183} INFO - Processing /opt/airflow/dags/main.py took 1.142 seconds
[2026-09-10T06:45:39.715+0000] {processor.py:161} INFO - Started process (PID=1410) to work on /opt/airflow/dags/main.py
[2026-09-10T06:45:39.723+0000] {processor.py:830} INFO - Processing file /opt/airflow/dags/main.py for tasks to queue
[2026-09-10T06:45:39.730+0000] {logging_mixin.py:188} INFO - [2026-09-10T06:45:39.728+0000] {dagbag.py:545} INFO - Filling up the DagBag from /opt/airflow/dags/main.py
[2026-09-10T06:45:39.803+0000] {logging_mixin.py:188} INFO - channel id is not executed
[2026-09-10T06:45:39.938+0000] {processor.py:840} INFO - DAG(s) 'produce_json', 'update_db', 'data_quality' retrieved from /opt/airflow/dags/main.py
[2026-09-10T06:45:40.227+0000] {logging_mixin.py:188} INFO - [2026-09-10T06:45:40.227+0000] {dag.py:3096} INFO - Sync 3 DAGs
[2026-09-10T06:45:40.264+0000] {logging_mixin.py:188} INFO - [2026-09-10T06:45:40.263+0000] {dag.py:3954} INFO - Setting next_dagrun for data_quality to None, run_after=None
[2026-09-10T06:45:40.274+0000] {logging_mixin.py:188} INFO - [2026-09-10T06:45:40.273+0000] {dag.py:3954} INFO - Setting next_dagrun for produce_json to 2026-09-10 14:00:00+00:00, run_after=2026-09-11 14:00:00+00:00
[2026-09-10T06:45:40.278+0000] {logging_mixin.py:188} INFO - [2026-09-10T06:45:40.278+0000] {dag.py:3954} INFO - Setting next_dagrun for update_db to None, run_after=None
[2026-09-10T06:45:40.319+0000] {processor.py:183} INFO - Processing /opt/airflow/dags/main.py took 0.614 seconds
[2026-09-10T06:46:11.360+0000] {processor.py:161} INFO - Started process (PID=1418) to work on /opt/airflow/dags/main.py
[2026-09-10T06:46:11.363+0000] {processor.py:830} INFO - Processing file /opt/airflow/dags/main.py for tasks to queue
[2026-09-10T06:46:11.367+0000] {logging_mixin.py:188} INFO - [2026-09-10T06:46:11.367+0000] {dagbag.py:545} INFO - Filling up the DagBag from /opt/airflow/dags/main.py
[2026-09-10T06:46:11.441+0000] {logging_mixin.py:188} INFO - channel id is not executed
[2026-09-10T06:46:11.574+0000] {processor.py:840} INFO - DAG(s) 'data_quality', 'produce_json', 'update_db' retrieved from /opt/airflow/dags/main.py
[2026-09-10T06:46:11.880+0000] {logging_mixin.py:188} INFO - [2026-09-10T06:46:11.879+0000] {dag.py:3096} INFO - Sync 3 DAGs
[2026-09-10T06:46:11.919+0000] {logging_mixin.py:188} INFO - [2026-09-10T06:46:11.918+0000] {dag.py:3954} INFO - Setting next_dagrun for data_quality to None, run_after=None
[2026-09-10T06:46:11.930+0000] {logging_mixin.py:188} INFO - [2026-09-10T06:46:11.928+0000] {dag.py:3954} INFO - Setting next_dagrun for produce_json to 2026-09-10 14:00:00+00:00, run_after=2026-09-11 14:00:00+00:00
[2026-09-10T06:46:11.934+0000] {logging_mixin.py:188} INFO - [2026-09-10T06:46:11.934+0000] {dag.py:3954} INFO - Setting next_dagrun for update_db to None, run_after=None
[2026-09-10T06:46:12.020+0000] {processor.py:183} INFO - Processing /opt/airflow/dags/main.py took 0.670 seconds
[2026-09-10T06:46:42.156+0000] {processor.py:161} INFO - Started process (PID=1425) to work on /opt/airflow/dags/main.py
[2026-09-10T06:46:42.158+0000] {processor.py:830} INFO - Processing file /opt/airflow/dags/main.py for tasks to queue
[2026-09-10T06:46:42.162+0000] {logging_mixin.py:188} INFO - [2026-09-10T06:46:42.161+0000] {dagbag.py:545} INFO - Filling up the DagBag from /opt/airflow/dags/main.py
[2026-09-10T06:46:42.256+0000] {logging_mixin.py:188} INFO - channel id is not executed
[2026-09-10T06:46:42.446+0000] {processor.py:840} INFO - DAG(s) 'produce_json', 'data_quality', 'update_db' retrieved from /opt/airflow/dags/main.py
[2026-09-10T06:46:42.687+0000] {logging_mixin.py:188} INFO - [2026-09-10T06:46:42.687+0000] {dag.py:3096} INFO - Sync 3 DAGs
[2026-09-10T06:46:42.722+0000] {logging_mixin.py:188} INFO - [2026-09-10T06:46:42.722+0000] {dag.py:3954} INFO - Setting next_dagrun for data_quality to None, run_after=None
[2026-09-10T06:46:42.731+0000] {logging_mixin.py:188} INFO - [2026-09-10T06:46:42.730+0000] {dag.py:3954} INFO - Setting next_dagrun for produce_json to 2026-09-10 14:00:00+00:00, run_after=2026-09-11 14:00:00+00:00
[2026-09-10T06:46:42.734+0000] {logging_mixin.py:188} INFO - [2026-09-10T06:46:42.734+0000] {dag.py:3954} INFO - Setting next_dagrun for update_db to None, run_after=None
[2026-09-10T06:46:42.788+0000] {processor.py:183} INFO - Processing /opt/airflow/dags/main.py took 0.640 seconds
[2026-09-10T06:47:13.290+0000] {processor.py:161} INFO - Started process (PID=1432) to work on /opt/airflow/dags/main.py
[2026-09-10T06:47:13.292+0000] {processor.py:830} INFO - Processing file /opt/airflow/dags/main.py for tasks to queue
[2026-09-10T06:47:13.298+0000] {logging_mixin.py:188} INFO - [2026-09-10T06:47:13.297+0000] {dagbag.py:545} INFO - Filling up the DagBag from /opt/airflow/dags/main.py
[2026-09-10T06:47:13.376+0000] {logging_mixin.py:188} INFO - channel id is not executed
[2026-09-10T06:47:13.508+0000] {processor.py:840} INFO - DAG(s) 'update_db', 'produce_json', 'data_quality' retrieved from /opt/airflow/dags/main.py
[2026-09-10T06:47:13.786+0000] {logging_mixin.py:188} INFO - [2026-09-10T06:47:13.786+0000] {dag.py:3096} INFO - Sync 3 DAGs
[2026-09-10T06:47:13.829+0000] {logging_mixin.py:188} INFO - [2026-09-10T06:47:13.829+0000] {dag.py:3954} INFO - Setting next_dagrun for data_quality to None, run_after=None
[2026-09-10T06:47:13.848+0000] {logging_mixin.py:188} INFO - [2026-09-10T06:47:13.848+0000] {dag.py:3954} INFO - Setting next_dagrun for produce_json to 2026-09-10 14:00:00+00:00, run_after=2026-09-11 14:00:00+00:00
[2026-09-10T06:47:13.856+0000] {logging_mixin.py:188} INFO - [2026-09-10T06:47:13.855+0000] {dag.py:3954} INFO - Setting next_dagrun for update_db to None, run_after=None
[2026-09-10T06:47:13.903+0000] {processor.py:183} INFO - Processing /opt/airflow/dags/main.py took 0.625 seconds
[2026-09-10T06:47:43.989+0000] {processor.py:161} INFO - Started process (PID=1439) to work on /opt/airflow/dags/main.py
[2026-09-10T06:47:43.993+0000] {processor.py:830} INFO - Processing file /opt/airflow/dags/main.py for tasks to queue
[2026-09-10T06:47:44.002+0000] {logging_mixin.py:188} INFO - [2026-09-10T06:47:44.001+0000] {dagbag.py:545} INFO - Filling up the DagBag from /opt/airflow/dags/main.py
[2026-09-10T06:47:44.119+0000] {logging_mixin.py:188} INFO - channel id is not executed
[2026-09-10T06:47:44.327+0000] {processor.py:840} INFO - DAG(s) 'data_quality', 'produce_json', 'update_db' retrieved from /opt/airflow/dags/main.py
[2026-09-10T06:47:44.782+0000] {logging_mixin.py:188} INFO - [2026-09-10T06:47:44.782+0000] {dag.py:3096} INFO - Sync 3 DAGs
[2026-09-10T06:47:45.008+0000] {logging_mixin.py:188} INFO - [2026-09-10T06:47:45.008+0000] {dag.py:3954} INFO - Setting next_dagrun for data_quality to None, run_after=None
[2026-09-10T06:47:45.138+0000] {logging_mixin.py:188} INFO - [2026-09-10T06:47:45.138+0000] {dag.py:3954} INFO - Setting next_dagrun for produce_json to 2026-09-10 14:00:00+00:00, run_after=2026-09-11 14:00:00+00:00
[2026-09-10T06:47:45.201+0000] {logging_mixin.py:188} INFO - [2026-09-10T06:47:45.200+0000] {dag.py:3954} INFO - Setting next_dagrun for update_db to None, run_after=None
[2026-09-10T06:47:45.322+0000] {processor.py:183} INFO - Processing /opt/airflow/dags/main.py took 1.343 seconds
[2026-09-10T06:48:15.745+0000] {processor.py:161} INFO - Started process (PID=1446) to work on /opt/airflow/dags/main.py
[2026-09-10T06:48:15.752+0000] {processor.py:830} INFO - Processing file /opt/airflow/dags/main.py for tasks to queue
[2026-09-10T06:48:15.757+0000] {logging_mixin.py:188} INFO - [2026-09-10T06:48:15.756+0000] {dagbag.py:545} INFO - Filling up the DagBag from /opt/airflow/dags/main.py
[2026-09-10T06:48:15.917+0000] {logging_mixin.py:188} INFO - channel id is not executed
[2026-09-10T06:48:17.759+0000] {processor.py:840} INFO - DAG(s) 'produce_json', 'data_quality', 'update_db' retrieved from /opt/airflow/dags/main.py
[2026-09-10T06:48:18.334+0000] {logging_mixin.py:188} INFO - [2026-09-10T06:48:18.334+0000] {dag.py:3096} INFO - Sync 3 DAGs
[2026-09-10T06:48:18.475+0000] {logging_mixin.py:188} INFO - [2026-09-10T06:48:18.475+0000] {dag.py:3954} INFO - Setting next_dagrun for data_quality to None, run_after=None
[2026-09-10T06:48:18.493+0000] {logging_mixin.py:188} INFO - [2026-09-10T06:48:18.492+0000] {dag.py:3954} INFO - Setting next_dagrun for produce_json to 2026-09-10 14:00:00+00:00, run_after=2026-09-11 14:00:00+00:00
[2026-09-10T06:48:18.532+0000] {logging_mixin.py:188} INFO - [2026-09-10T06:48:18.531+0000] {dag.py:3954} INFO - Setting next_dagrun for update_db to None, run_after=None
[2026-09-10T06:48:18.661+0000] {processor.py:183} INFO - Processing /opt/airflow/dags/main.py took 2.932 seconds
[2026-09-10T06:48:49.435+0000] {processor.py:161} INFO - Started process (PID=1452) to work on /opt/airflow/dags/main.py
[2026-09-10T06:48:49.448+0000] {processor.py:830} INFO - Processing file /opt/airflow/dags/main.py for tasks to queue
[2026-09-10T06:48:49.495+0000] {logging_mixin.py:188} INFO - [2026-09-10T06:48:49.494+0000] {dagbag.py:545} INFO - Filling up the DagBag from /opt/airflow/dags/main.py
[2026-09-10T06:48:50.536+0000] {logging_mixin.py:188} INFO - channel id is not executed
[2026-09-10T06:48:54.159+0000] {processor.py:840} INFO - DAG(s) 'update_db', 'produce_json', 'data_quality' retrieved from /opt/airflow/dags/main.py
[2026-09-10T06:48:54.963+0000] {logging_mixin.py:188} INFO - [2026-09-10T06:48:54.963+0000] {dag.py:3096} INFO - Sync 3 DAGs
[2026-09-10T06:48:55.026+0000] {logging_mixin.py:188} INFO - [2026-09-10T06:48:55.016+0000] {dag.py:3954} INFO - Setting next_dagrun for data_quality to None, run_after=None
[2026-09-10T06:48:55.045+0000] {logging_mixin.py:188} INFO - [2026-09-10T06:48:55.045+0000] {dag.py:3954} INFO - Setting next_dagrun for produce_json to 2026-09-10 14:00:00+00:00, run_after=2026-09-11 14:00:00+00:00
[2026-09-10T06:48:55.059+0000] {logging_mixin.py:188} INFO - [2026-09-10T06:48:55.058+0000] {dag.py:3954} INFO - Setting next_dagrun for update_db to None, run_after=None
[2026-09-10T06:48:55.161+0000] {processor.py:183} INFO - Processing /opt/airflow/dags/main.py took 5.782 seconds
[2026-09-10T06:49:27.936+0000] {processor.py:161} INFO - Started process (PID=1459) to work on /opt/airflow/dags/main.py
[2026-09-10T06:49:27.959+0000] {processor.py:830} INFO - Processing file /opt/airflow/dags/main.py for tasks to queue
[2026-09-10T06:49:27.992+0000] {logging_mixin.py:188} INFO - [2026-09-10T06:49:27.992+0000] {dagbag.py:545} INFO - Filling up the DagBag from /opt/airflow/dags/main.py
[2026-09-10T06:49:28.324+0000] {logging_mixin.py:188} INFO - channel id is not executed
[2026-09-10T06:49:28.728+0000] {processor.py:840} INFO - DAG(s) 'update_db', 'data_quality', 'produce_json' retrieved from /opt/airflow/dags/main.py
[2026-09-10T06:49:30.724+0000] {logging_mixin.py:188} INFO - [2026-09-10T06:49:30.723+0000] {dag.py:3096} INFO - Sync 3 DAGs
[2026-09-10T06:49:30.824+0000] {logging_mixin.py:188} INFO - [2026-09-10T06:49:30.824+0000] {dag.py:3954} INFO - Setting next_dagrun for data_quality to None, run_after=None
[2026-09-10T06:49:30.848+0000] {logging_mixin.py:188} INFO - [2026-09-10T06:49:30.848+0000] {dag.py:3954} INFO - Setting next_dagrun for produce_json to 2026-09-10 14:00:00+00:00, run_after=2026-09-11 14:00:00+00:00
[2026-09-10T06:49:30.864+0000] {logging_mixin.py:188} INFO - [2026-09-10T06:49:30.864+0000] {dag.py:3954} INFO - Setting next_dagrun for update_db to None, run_after=None
[2026-09-10T06:49:31.184+0000] {processor.py:183} INFO - Processing /opt/airflow/dags/main.py took 3.282 seconds
[2026-09-10T06:50:02.698+0000] {processor.py:161} INFO - Started process (PID=1465) to work on /opt/airflow/dags/main.py
[2026-09-10T06:50:02.720+0000] {processor.py:830} INFO - Processing file /opt/airflow/dags/main.py for tasks to queue
[2026-09-10T06:50:02.750+0000] {logging_mixin.py:188} INFO - [2026-09-10T06:50:02.745+0000] {dagbag.py:545} INFO - Filling up the DagBag from /opt/airflow/dags/main.py
[2026-09-10T06:50:03.201+0000] {logging_mixin.py:188} INFO - channel id is not executed
[2026-09-10T06:50:03.728+0000] {processor.py:840} INFO - DAG(s) 'produce_json', 'update_db', 'data_quality' retrieved from /opt/airflow/dags/main.py
[2026-09-10T06:50:04.350+0000] {logging_mixin.py:188} INFO - [2026-09-10T06:50:04.349+0000] {dag.py:3096} INFO - Sync 3 DAGs
[2026-09-10T06:50:04.478+0000] {logging_mixin.py:188} INFO - [2026-09-10T06:50:04.477+0000] {dag.py:3954} INFO - Setting next_dagrun for data_quality to None, run_after=None
[2026-09-10T06:50:04.579+0000] {logging_mixin.py:188} INFO - [2026-09-10T06:50:04.578+0000] {dag.py:3954} INFO - Setting next_dagrun for produce_json to 2026-09-10 14:00:00+00:00, run_after=2026-09-11 14:00:00+00:00
[2026-09-10T06:50:04.587+0000] {logging_mixin.py:188} INFO - [2026-09-10T06:50:04.587+0000] {dag.py:3954} INFO - Setting next_dagrun for update_db to None, run_after=None
[2026-09-10T06:50:04.718+0000] {processor.py:183} INFO - Processing /opt/airflow/dags/main.py took 2.100 seconds
[2026-09-10T06:50:35.544+0000] {processor.py:161} INFO - Started process (PID=1472) to work on /opt/airflow/dags/main.py
[2026-09-10T06:50:35.546+0000] {processor.py:830} INFO - Processing file /opt/airflow/dags/main.py for tasks to queue
[2026-09-10T06:50:35.552+0000] {logging_mixin.py:188} INFO - [2026-09-10T06:50:35.551+0000] {dagbag.py:545} INFO - Filling up the DagBag from /opt/airflow/dags/main.py
[2026-09-10T06:50:35.638+0000] {logging_mixin.py:188} INFO - channel id is not executed
[2026-09-10T06:50:35.821+0000] {processor.py:840} INFO - DAG(s) 'update_db', 'produce_json', 'data_quality' retrieved from /opt/airflow/dags/main.py
[2026-09-10T06:50:36.100+0000] {logging_mixin.py:188} INFO - [2026-09-10T06:50:36.097+0000] {dag.py:3096} INFO - Sync 3 DAGs
[2026-09-10T06:50:36.187+0000] {logging_mixin.py:188} INFO - [2026-09-10T06:50:36.186+0000] {dag.py:3954} INFO - Setting next_dagrun for data_quality to None, run_after=None
[2026-09-10T06:50:36.204+0000] {logging_mixin.py:188} INFO - [2026-09-10T06:50:36.204+0000] {dag.py:3954} INFO - Setting next_dagrun for produce_json to 2026-09-10 14:00:00+00:00, run_after=2026-09-11 14:00:00+00:00
[2026-09-10T06:50:36.209+0000] {logging_mixin.py:188} INFO - [2026-09-10T06:50:36.208+0000] {dag.py:3954} INFO - Setting next_dagrun for update_db to None, run_after=None
[2026-09-10T06:50:36.292+0000] {processor.py:183} INFO - Processing /opt/airflow/dags/main.py took 0.765 seconds
[2026-09-10T06:51:06.495+0000] {processor.py:161} INFO - Started process (PID=1479) to work on /opt/airflow/dags/main.py
[2026-09-10T06:51:06.498+0000] {processor.py:830} INFO - Processing file /opt/airflow/dags/main.py for tasks to queue
[2026-09-10T06:51:06.503+0000] {logging_mixin.py:188} INFO - [2026-09-10T06:51:06.502+0000] {dagbag.py:545} INFO - Filling up the DagBag from /opt/airflow/dags/main.py
[2026-09-10T06:51:06.623+0000] {logging_mixin.py:188} INFO - channel id is not executed
[2026-09-10T06:51:06.803+0000] {processor.py:840} INFO - DAG(s) 'update_db', 'data_quality', 'produce_json' retrieved from /opt/airflow/dags/main.py
[2026-09-10T06:51:07.354+0000] {logging_mixin.py:188} INFO - [2026-09-10T06:51:07.353+0000] {dag.py:3096} INFO - Sync 3 DAGs
[2026-09-10T06:51:07.435+0000] {logging_mixin.py:188} INFO - [2026-09-10T06:51:07.435+0000] {dag.py:3954} INFO - Setting next_dagrun for data_quality to None, run_after=None
[2026-09-10T06:51:07.459+0000] {logging_mixin.py:188} INFO - [2026-09-10T06:51:07.458+0000] {dag.py:3954} INFO - Setting next_dagrun for produce_json to 2026-09-10 14:00:00+00:00, run_after=2026-09-11 14:00:00+00:00
[2026-09-10T06:51:07.463+0000] {logging_mixin.py:188} INFO - [2026-09-10T06:51:07.463+0000] {dag.py:3954} INFO - Setting next_dagrun for update_db to None, run_after=None
[2026-09-10T06:51:07.532+0000] {processor.py:183} INFO - Processing /opt/airflow/dags/main.py took 1.049 seconds
[2026-09-10T06:51:37.908+0000] {processor.py:161} INFO - Started process (PID=1486) to work on /opt/airflow/dags/main.py
[2026-09-10T06:51:37.910+0000] {processor.py:830} INFO - Processing file /opt/airflow/dags/main.py for tasks to queue
[2026-09-10T06:51:37.915+0000] {logging_mixin.py:188} INFO - [2026-09-10T06:51:37.915+0000] {dagbag.py:545} INFO - Filling up the DagBag from /opt/airflow/dags/main.py
[2026-09-10T06:51:38.043+0000] {logging_mixin.py:188} INFO - channel id is not executed
[2026-09-10T06:51:38.245+0000] {processor.py:840} INFO - DAG(s) 'update_db', 'produce_json', 'data_quality' retrieved from /opt/airflow/dags/main.py
[2026-09-10T06:51:38.547+0000] {logging_mixin.py:188} INFO - [2026-09-10T06:51:38.547+0000] {dag.py:3096} INFO - Sync 3 DAGs
[2026-09-10T06:51:38.593+0000] {logging_mixin.py:188} INFO - [2026-09-10T06:51:38.591+0000] {dag.py:3954} INFO - Setting next_dagrun for data_quality to None, run_after=None
[2026-09-10T06:51:38.616+0000] {logging_mixin.py:188} INFO - [2026-09-10T06:51:38.616+0000] {dag.py:3954} INFO - Setting next_dagrun for produce_json to 2026-09-10 14:00:00+00:00, run_after=2026-09-11 14:00:00+00:00
[2026-09-10T06:51:38.627+0000] {logging_mixin.py:188} INFO - [2026-09-10T06:51:38.626+0000] {dag.py:3954} INFO - Setting next_dagrun for update_db to None, run_after=None
[2026-09-10T06:51:38.729+0000] {processor.py:183} INFO - Processing /opt/airflow/dags/main.py took 0.834 seconds
[2026-09-10T06:52:09.775+0000] {processor.py:161} INFO - Started process (PID=1493) to work on /opt/airflow/dags/main.py
[2026-09-10T06:52:09.778+0000] {processor.py:830} INFO - Processing file /opt/airflow/dags/main.py for tasks to queue
[2026-09-10T06:52:09.796+0000] {logging_mixin.py:188} INFO - [2026-09-10T06:52:09.784+0000] {dagbag.py:545} INFO - Filling up the DagBag from /opt/airflow/dags/main.py
[2026-09-10T06:52:09.886+0000] {logging_mixin.py:188} INFO - channel id is not executed
[2026-09-10T06:52:10.091+0000] {processor.py:840} INFO - DAG(s) 'data_quality', 'update_db', 'produce_json' retrieved from /opt/airflow/dags/main.py
[2026-09-10T06:52:10.623+0000] {logging_mixin.py:188} INFO - [2026-09-10T06:52:10.622+0000] {dag.py:3096} INFO - Sync 3 DAGs
[2026-09-10T06:52:10.704+0000] {logging_mixin.py:188} INFO - [2026-09-10T06:52:10.704+0000] {dag.py:3954} INFO - Setting next_dagrun for data_quality to None, run_after=None
[2026-09-10T06:52:10.740+0000] {logging_mixin.py:188} INFO - [2026-09-10T06:52:10.739+0000] {dag.py:3954} INFO - Setting next_dagrun for produce_json to 2026-09-10 14:00:00+00:00, run_after=2026-09-11 14:00:00+00:00
[2026-09-10T06:52:10.745+0000] {logging_mixin.py:188} INFO - [2026-09-10T06:52:10.745+0000] {dag.py:3954} INFO - Setting next_dagrun for update_db to None, run_after=None
[2026-09-10T06:52:10.816+0000] {processor.py:183} INFO - Processing /opt/airflow/dags/main.py took 1.066 seconds
[2026-09-10T06:52:43.281+0000] {processor.py:161} INFO - Started process (PID=1507) to work on /opt/airflow/dags/main.py
[2026-09-10T06:52:43.461+0000] {processor.py:830} INFO - Processing file /opt/airflow/dags/main.py for tasks to queue
[2026-09-10T06:52:43.539+0000] {logging_mixin.py:188} INFO - [2026-09-10T06:52:43.538+0000] {dagbag.py:545} INFO - Filling up the DagBag from /opt/airflow/dags/main.py
[2026-09-10T06:52:45.420+0000] {logging_mixin.py:188} INFO - channel id is not executed
[2026-09-10T06:52:46.381+0000] {processor.py:840} INFO - DAG(s) 'produce_json', 'update_db', 'data_quality' retrieved from /opt/airflow/dags/main.py
[2026-09-10T06:52:47.067+0000] {logging_mixin.py:188} INFO - [2026-09-10T06:52:47.066+0000] {dag.py:3096} INFO - Sync 3 DAGs
[2026-09-10T06:52:47.253+0000] {logging_mixin.py:188} INFO - [2026-09-10T06:52:47.252+0000] {dag.py:3954} INFO - Setting next_dagrun for data_quality to None, run_after=None
[2026-09-10T06:52:47.296+0000] {logging_mixin.py:188} INFO - [2026-09-10T06:52:47.295+0000] {dag.py:3954} INFO - Setting next_dagrun for produce_json to 2026-09-10 14:00:00+00:00, run_after=2026-09-11 14:00:00+00:00
[2026-09-10T06:52:47.326+0000] {logging_mixin.py:188} INFO - [2026-09-10T06:52:47.326+0000] {dag.py:3954} INFO - Setting next_dagrun for update_db to None, run_after=None
[2026-09-10T06:52:47.537+0000] {processor.py:183} INFO - Processing /opt/airflow/dags/main.py took 4.394 seconds
[2026-09-10T06:53:18.688+0000] {processor.py:161} INFO - Started process (PID=1514) to work on /opt/airflow/dags/main.py
[2026-09-10T06:53:18.723+0000] {processor.py:830} INFO - Processing file /opt/airflow/dags/main.py for tasks to queue
[2026-09-10T06:53:18.755+0000] {logging_mixin.py:188} INFO - [2026-09-10T06:53:18.754+0000] {dagbag.py:545} INFO - Filling up the DagBag from /opt/airflow/dags/main.py
[2026-09-10T06:53:19.542+0000] {logging_mixin.py:188} INFO - channel id is not executed
[2026-09-10T06:53:19.932+0000] {processor.py:840} INFO - DAG(s) 'update_db', 'produce_json', 'data_quality' retrieved from /opt/airflow/dags/main.py
[2026-09-10T06:53:20.822+0000] {logging_mixin.py:188} INFO - [2026-09-10T06:53:20.821+0000] {dag.py:3096} INFO - Sync 3 DAGs
[2026-09-10T06:53:21.010+0000] {logging_mixin.py:188} INFO - [2026-09-10T06:53:21.010+0000] {dag.py:3954} INFO - Setting next_dagrun for data_quality to None, run_after=None
[2026-09-10T06:53:21.053+0000] {logging_mixin.py:188} INFO - [2026-09-10T06:53:21.049+0000] {dag.py:3954} INFO - Setting next_dagrun for produce_json to 2026-09-10 14:00:00+00:00, run_after=2026-09-11 14:00:00+00:00
[2026-09-10T06:53:21.065+0000] {logging_mixin.py:188} INFO - [2026-09-10T06:53:21.065+0000] {dag.py:3954} INFO - Setting next_dagrun for update_db to None, run_after=None
[2026-09-10T06:53:21.113+0000] {processor.py:183} INFO - Processing /opt/airflow/dags/main.py took 2.456 seconds
[2026-09-10T06:53:51.886+0000] {processor.py:161} INFO - Started process (PID=1521) to work on /opt/airflow/dags/main.py
[2026-09-10T06:53:51.889+0000] {processor.py:830} INFO - Processing file /opt/airflow/dags/main.py for tasks to queue
[2026-09-10T06:53:51.896+0000] {logging_mixin.py:188} INFO - [2026-09-10T06:53:51.896+0000] {dagbag.py:545} INFO - Filling up the DagBag from /opt/airflow/dags/main.py
[2026-09-10T06:53:52.046+0000] {logging_mixin.py:188} INFO - channel id is not executed
[2026-09-10T06:53:52.843+0000] {processor.py:840} INFO - DAG(s) 'produce_json', 'update_db', 'data_quality' retrieved from /opt/airflow/dags/main.py
[2026-09-10T06:53:53.124+0000] {logging_mixin.py:188} INFO - [2026-09-10T06:53:53.123+0000] {dag.py:3096} INFO - Sync 3 DAGs
[2026-09-10T06:53:53.178+0000] {logging_mixin.py:188} INFO - [2026-09-10T06:53:53.178+0000] {dag.py:3954} INFO - Setting next_dagrun for data_quality to None, run_after=None
[2026-09-10T06:53:53.189+0000] {logging_mixin.py:188} INFO - [2026-09-10T06:53:53.189+0000] {dag.py:3954} INFO - Setting next_dagrun for produce_json to 2026-09-10 14:00:00+00:00, run_after=2026-09-11 14:00:00+00:00
[2026-09-10T06:53:53.193+0000] {logging_mixin.py:188} INFO - [2026-09-10T06:53:53.193+0000] {dag.py:3954} INFO - Setting next_dagrun for update_db to None, run_after=None
[2026-09-10T06:53:53.240+0000] {processor.py:183} INFO - Processing /opt/airflow/dags/main.py took 1.384 seconds
[2026-09-10T06:54:24.409+0000] {processor.py:161} INFO - Started process (PID=1527) to work on /opt/airflow/dags/main.py
[2026-09-10T06:54:24.411+0000] {processor.py:830} INFO - Processing file /opt/airflow/dags/main.py for tasks to queue
[2026-09-10T06:54:24.426+0000] {logging_mixin.py:188} INFO - [2026-09-10T06:54:24.426+0000] {dagbag.py:545} INFO - Filling up the DagBag from /opt/airflow/dags/main.py
[2026-09-10T06:54:24.536+0000] {logging_mixin.py:188} INFO - channel id is not executed
[2026-09-10T06:54:24.785+0000] {processor.py:840} INFO - DAG(s) 'data_quality', 'produce_json', 'update_db' retrieved from /opt/airflow/dags/main.py
[2026-09-10T06:54:25.094+0000] {logging_mixin.py:188} INFO - [2026-09-10T06:54:25.094+0000] {dag.py:3096} INFO - Sync 3 DAGs
[2026-09-10T06:54:25.128+0000] {logging_mixin.py:188} INFO - [2026-09-10T06:54:25.127+0000] {dag.py:3954} INFO - Setting next_dagrun for data_quality to None, run_after=None
[2026-09-10T06:54:25.137+0000] {logging_mixin.py:188} INFO - [2026-09-10T06:54:25.136+0000] {dag.py:3954} INFO - Setting next_dagrun for produce_json to 2026-09-10 14:00:00+00:00, run_after=2026-09-11 14:00:00+00:00
[2026-09-10T06:54:25.143+0000] {logging_mixin.py:188} INFO - [2026-09-10T06:54:25.143+0000] {dag.py:3954} INFO - Setting next_dagrun for update_db to None, run_after=None
[2026-09-10T06:54:25.201+0000] {processor.py:183} INFO - Processing /opt/airflow/dags/main.py took 0.828 seconds
[2026-09-10T06:54:55.708+0000] {processor.py:161} INFO - Started process (PID=1534) to work on /opt/airflow/dags/main.py
[2026-09-10T06:54:55.710+0000] {processor.py:830} INFO - Processing file /opt/airflow/dags/main.py for tasks to queue
[2026-09-10T06:54:55.715+0000] {logging_mixin.py:188} INFO - [2026-09-10T06:54:55.715+0000] {dagbag.py:545} INFO - Filling up the DagBag from /opt/airflow/dags/main.py
[2026-09-10T06:54:55.809+0000] {logging_mixin.py:188} INFO - channel id is not executed
[2026-09-10T06:54:55.921+0000] {processor.py:840} INFO - DAG(s) 'produce_json', 'update_db', 'data_quality' retrieved from /opt/airflow/dags/main.py
[2026-09-10T06:54:56.152+0000] {logging_mixin.py:188} INFO - [2026-09-10T06:54:56.151+0000] {dag.py:3096} INFO - Sync 3 DAGs
[2026-09-10T06:54:56.187+0000] {logging_mixin.py:188} INFO - [2026-09-10T06:54:56.186+0000] {dag.py:3954} INFO - Setting next_dagrun for data_quality to None, run_after=None
[2026-09-10T06:54:56.197+0000] {logging_mixin.py:188} INFO - [2026-09-10T06:54:56.197+0000] {dag.py:3954} INFO - Setting next_dagrun for produce_json to 2026-09-10 14:00:00+00:00, run_after=2026-09-11 14:00:00+00:00
[2026-09-10T06:54:56.207+0000] {logging_mixin.py:188} INFO - [2026-09-10T06:54:56.207+0000] {dag.py:3954} INFO - Setting next_dagrun for update_db to None, run_after=None
[2026-09-10T06:54:56.317+0000] {processor.py:183} INFO - Processing /opt/airflow/dags/main.py took 0.619 seconds
[2026-09-10T06:55:26.863+0000] {processor.py:161} INFO - Started process (PID=1542) to work on /opt/airflow/dags/main.py
[2026-09-10T06:55:26.866+0000] {processor.py:830} INFO - Processing file /opt/airflow/dags/main.py for tasks to queue
[2026-09-10T06:55:26.871+0000] {logging_mixin.py:188} INFO - [2026-09-10T06:55:26.870+0000] {dagbag.py:545} INFO - Filling up the DagBag from /opt/airflow/dags/main.py
[2026-09-10T06:55:26.939+0000] {logging_mixin.py:188} INFO - channel id is not executed
[2026-09-10T06:55:27.069+0000] {processor.py:840} INFO - DAG(s) 'produce_json', 'update_db', 'data_quality' retrieved from /opt/airflow/dags/main.py
[2026-09-10T06:55:27.399+0000] {logging_mixin.py:188} INFO - [2026-09-10T06:55:27.398+0000] {dag.py:3096} INFO - Sync 3 DAGs
[2026-09-10T06:55:27.436+0000] {logging_mixin.py:188} INFO - [2026-09-10T06:55:27.436+0000] {dag.py:3954} INFO - Setting next_dagrun for data_quality to None, run_after=None
[2026-09-10T06:55:27.446+0000] {logging_mixin.py:188} INFO - [2026-09-10T06:55:27.446+0000] {dag.py:3954} INFO - Setting next_dagrun for produce_json to 2026-09-10 14:00:00+00:00, run_after=2026-09-11 14:00:00+00:00
[2026-09-10T06:55:27.451+0000] {logging_mixin.py:188} INFO - [2026-09-10T06:55:27.450+0000] {dag.py:3954} INFO - Setting next_dagrun for update_db to None, run_after=None
[2026-09-10T06:55:27.493+0000] {processor.py:183} INFO - Processing /opt/airflow/dags/main.py took 0.638 seconds
[2026-09-10T06:55:57.847+0000] {processor.py:161} INFO - Started process (PID=1550) to work on /opt/airflow/dags/main.py
[2026-09-10T06:55:57.865+0000] {processor.py:830} INFO - Processing file /opt/airflow/dags/main.py for tasks to queue
[2026-09-10T06:55:57.881+0000] {logging_mixin.py:188} INFO - [2026-09-10T06:55:57.880+0000] {dagbag.py:545} INFO - Filling up the DagBag from /opt/airflow/dags/main.py
[2026-09-10T06:55:57.973+0000] {logging_mixin.py:188} INFO - channel id is not executed
[2026-09-10T06:55:58.152+0000] {processor.py:840} INFO - DAG(s) 'produce_json', 'update_db', 'data_quality' retrieved from /opt/airflow/dags/main.py
[2026-09-10T06:55:58.525+0000] {logging_mixin.py:188} INFO - [2026-09-10T06:55:58.525+0000] {dag.py:3096} INFO - Sync 3 DAGs
[2026-09-10T06:55:58.560+0000] {logging_mixin.py:188} INFO - [2026-09-10T06:55:58.560+0000] {dag.py:3954} INFO - Setting next_dagrun for data_quality to None, run_after=None
[2026-09-10T06:55:58.573+0000] {logging_mixin.py:188} INFO - [2026-09-10T06:55:58.573+0000] {dag.py:3954} INFO - Setting next_dagrun for produce_json to 2026-09-10 14:00:00+00:00, run_after=2026-09-11 14:00:00+00:00
[2026-09-10T06:55:58.577+0000] {logging_mixin.py:188} INFO - [2026-09-10T06:55:58.576+0000] {dag.py:3954} INFO - Setting next_dagrun for update_db to None, run_after=None
[2026-09-10T06:55:58.663+0000] {processor.py:183} INFO - Processing /opt/airflow/dags/main.py took 0.825 seconds
[2026-09-10T06:56:29.815+0000] {processor.py:161} INFO - Started process (PID=1557) to work on /opt/airflow/dags/main.py
[2026-09-10T06:56:29.817+0000] {processor.py:830} INFO - Processing file /opt/airflow/dags/main.py for tasks to queue
[2026-09-10T06:56:29.822+0000] {logging_mixin.py:188} INFO - [2026-09-10T06:56:29.821+0000] {dagbag.py:545} INFO - Filling up the DagBag from /opt/airflow/dags/main.py
[2026-09-10T06:56:29.925+0000] {logging_mixin.py:188} INFO - channel id is not executed
[2026-09-10T06:56:30.125+0000] {processor.py:840} INFO - DAG(s) 'data_quality', 'update_db', 'produce_json' retrieved from /opt/airflow/dags/main.py
[2026-09-10T06:56:30.626+0000] {logging_mixin.py:188} INFO - [2026-09-10T06:56:30.626+0000] {dag.py:3096} INFO - Sync 3 DAGs
[2026-09-10T06:56:30.827+0000] {logging_mixin.py:188} INFO - [2026-09-10T06:56:30.827+0000] {dag.py:3954} INFO - Setting next_dagrun for data_quality to None, run_after=None
[2026-09-10T06:56:30.853+0000] {logging_mixin.py:188} INFO - [2026-09-10T06:56:30.853+0000] {dag.py:3954} INFO - Setting next_dagrun for produce_json to 2026-09-10 14:00:00+00:00, run_after=2026-09-11 14:00:00+00:00
[2026-09-10T06:56:30.876+0000] {logging_mixin.py:188} INFO - [2026-09-10T06:56:30.875+0000] {dag.py:3954} INFO - Setting next_dagrun for update_db to None, run_after=None
[2026-09-10T06:56:31.051+0000] {processor.py:183} INFO - Processing /opt/airflow/dags/main.py took 1.253 seconds
[2026-09-10T06:57:01.841+0000] {processor.py:161} INFO - Started process (PID=1564) to work on /opt/airflow/dags/main.py
[2026-09-10T06:57:01.877+0000] {processor.py:830} INFO - Processing file /opt/airflow/dags/main.py for tasks to queue
[2026-09-10T06:57:01.912+0000] {logging_mixin.py:188} INFO - [2026-09-10T06:57:01.911+0000] {dagbag.py:545} INFO - Filling up the DagBag from /opt/airflow/dags/main.py
[2026-09-10T06:57:02.274+0000] {logging_mixin.py:188} INFO - channel id is not executed
[2026-09-10T06:57:02.612+0000] {processor.py:840} INFO - DAG(s) 'update_db', 'data_quality', 'produce_json' retrieved from /opt/airflow/dags/main.py
[2026-09-10T06:57:03.012+0000] {logging_mixin.py:188} INFO - [2026-09-10T06:57:03.012+0000] {dag.py:3096} INFO - Sync 3 DAGs
[2026-09-10T06:57:03.054+0000] {logging_mixin.py:188} INFO - [2026-09-10T06:57:03.052+0000] {dag.py:3954} INFO - Setting next_dagrun for data_quality to None, run_after=None
[2026-09-10T06:57:03.081+0000] {logging_mixin.py:188} INFO - [2026-09-10T06:57:03.080+0000] {dag.py:3954} INFO - Setting next_dagrun for produce_json to 2026-09-10 14:00:00+00:00, run_after=2026-09-11 14:00:00+00:00
[2026-09-10T06:57:03.095+0000] {logging_mixin.py:188} INFO - [2026-09-10T06:57:03.095+0000] {dag.py:3954} INFO - Setting next_dagrun for update_db to None, run_after=None
[2026-09-10T06:57:03.204+0000] {processor.py:183} INFO - Processing /opt/airflow/dags/main.py took 1.389 seconds
[2026-09-10T06:57:33.620+0000] {processor.py:161} INFO - Started process (PID=1572) to work on /opt/airflow/dags/main.py
[2026-09-10T06:57:33.623+0000] {processor.py:830} INFO - Processing file /opt/airflow/dags/main.py for tasks to queue
[2026-09-10T06:57:33.628+0000] {logging_mixin.py:188} INFO - [2026-09-10T06:57:33.627+0000] {dagbag.py:545} INFO - Filling up the DagBag from /opt/airflow/dags/main.py
[2026-09-10T06:57:33.791+0000] {logging_mixin.py:188} INFO - channel id is not executed
[2026-09-10T06:57:33.906+0000] {processor.py:840} INFO - DAG(s) 'update_db', 'produce_json', 'data_quality' retrieved from /opt/airflow/dags/main.py
[2026-09-10T06:57:34.207+0000] {logging_mixin.py:188} INFO - [2026-09-10T06:57:34.207+0000] {dag.py:3096} INFO - Sync 3 DAGs
[2026-09-10T06:57:34.255+0000] {logging_mixin.py:188} INFO - [2026-09-10T06:57:34.255+0000] {dag.py:3954} INFO - Setting next_dagrun for data_quality to None, run_after=None
[2026-09-10T06:57:34.266+0000] {logging_mixin.py:188} INFO - [2026-09-10T06:57:34.265+0000] {dag.py:3954} INFO - Setting next_dagrun for produce_json to 2026-09-10 14:00:00+00:00, run_after=2026-09-11 14:00:00+00:00
[2026-09-10T06:57:34.269+0000] {logging_mixin.py:188} INFO - [2026-09-10T06:57:34.269+0000] {dag.py:3954} INFO - Setting next_dagrun for update_db to None, run_after=None
[2026-09-10T06:57:34.333+0000] {processor.py:183} INFO - Processing /opt/airflow/dags/main.py took 0.728 seconds
[2026-09-10T06:58:04.397+0000] {processor.py:161} INFO - Started process (PID=1579) to work on /opt/airflow/dags/main.py
[2026-09-10T06:58:04.399+0000] {processor.py:830} INFO - Processing file /opt/airflow/dags/main.py for tasks to queue
[2026-09-10T06:58:04.404+0000] {logging_mixin.py:188} INFO - [2026-09-10T06:58:04.404+0000] {dagbag.py:545} INFO - Filling up the DagBag from /opt/airflow/dags/main.py
[2026-09-10T06:58:04.468+0000] {logging_mixin.py:188} INFO - channel id is not executed
[2026-09-10T06:58:04.578+0000] {processor.py:840} INFO - DAG(s) 'data_quality', 'update_db', 'produce_json' retrieved from /opt/airflow/dags/main.py
[2026-09-10T06:58:04.912+0000] {logging_mixin.py:188} INFO - [2026-09-10T06:58:04.912+0000] {dag.py:3096} INFO - Sync 3 DAGs
[2026-09-10T06:58:04.956+0000] {logging_mixin.py:188} INFO - [2026-09-10T06:58:04.955+0000] {dag.py:3954} INFO - Setting next_dagrun for data_quality to None, run_after=None
[2026-09-10T06:58:04.974+0000] {logging_mixin.py:188} INFO - [2026-09-10T06:58:04.973+0000] {dag.py:3954} INFO - Setting next_dagrun for produce_json to 2026-09-10 14:00:00+00:00, run_after=2026-09-11 14:00:00+00:00
[2026-09-10T06:58:04.977+0000] {logging_mixin.py:188} INFO - [2026-09-10T06:58:04.977+0000] {dag.py:3954} INFO - Setting next_dagrun for update_db to None, run_after=None
[2026-09-10T06:58:05.023+0000] {processor.py:183} INFO - Processing /opt/airflow/dags/main.py took 0.636 seconds
[2026-09-10T06:58:35.728+0000] {processor.py:161} INFO - Started process (PID=1587) to work on /opt/airflow/dags/main.py
[2026-09-10T06:58:35.739+0000] {processor.py:830} INFO - Processing file /opt/airflow/dags/main.py for tasks to queue
[2026-09-10T06:58:35.750+0000] {logging_mixin.py:188} INFO - [2026-09-10T06:58:35.749+0000] {dagbag.py:545} INFO - Filling up the DagBag from /opt/airflow/dags/main.py
[2026-09-10T06:58:35.885+0000] {logging_mixin.py:188} INFO - channel id is not executed
[2026-09-10T06:58:36.132+0000] {processor.py:840} INFO - DAG(s) 'produce_json', 'update_db', 'data_quality' retrieved from /opt/airflow/dags/main.py
[2026-09-10T06:58:36.714+0000] {logging_mixin.py:188} INFO - [2026-09-10T06:58:36.713+0000] {dag.py:3096} INFO - Sync 3 DAGs
[2026-09-10T06:58:36.826+0000] {logging_mixin.py:188} INFO - [2026-09-10T06:58:36.826+0000] {dag.py:3954} INFO - Setting next_dagrun for data_quality to None, run_after=None
[2026-09-10T06:58:36.867+0000] {logging_mixin.py:188} INFO - [2026-09-10T06:58:36.866+0000] {dag.py:3954} INFO - Setting next_dagrun for produce_json to 2026-09-10 14:00:00+00:00, run_after=2026-09-11 14:00:00+00:00
[2026-09-10T06:58:36.881+0000] {logging_mixin.py:188} INFO - [2026-09-10T06:58:36.881+0000] {dag.py:3954} INFO - Setting next_dagrun for update_db to None, run_after=None
[2026-09-10T06:58:36.990+0000] {processor.py:183} INFO - Processing /opt/airflow/dags/main.py took 1.274 seconds
[2026-09-10T06:59:07.418+0000] {processor.py:161} INFO - Started process (PID=1595) to work on /opt/airflow/dags/main.py
[2026-09-10T06:59:07.421+0000] {processor.py:830} INFO - Processing file /opt/airflow/dags/main.py for tasks to queue
[2026-09-10T06:59:07.425+0000] {logging_mixin.py:188} INFO - [2026-09-10T06:59:07.424+0000] {dagbag.py:545} INFO - Filling up the DagBag from /opt/airflow/dags/main.py
[2026-09-10T06:59:07.534+0000] {logging_mixin.py:188} INFO - channel id is not executed
[2026-09-10T06:59:08.153+0000] {processor.py:840} INFO - DAG(s) 'produce_json', 'data_quality', 'update_db' retrieved from /opt/airflow/dags/main.py
[2026-09-10T06:59:08.728+0000] {logging_mixin.py:188} INFO - [2026-09-10T06:59:08.728+0000] {dag.py:3096} INFO - Sync 3 DAGs
[2026-09-10T06:59:08.824+0000] {logging_mixin.py:188} INFO - [2026-09-10T06:59:08.823+0000] {dag.py:3954} INFO - Setting next_dagrun for data_quality to None, run_after=None
[2026-09-10T06:59:08.875+0000] {logging_mixin.py:188} INFO - [2026-09-10T06:59:08.874+0000] {dag.py:3954} INFO - Setting next_dagrun for produce_json to 2026-09-10 14:00:00+00:00, run_after=2026-09-11 14:00:00+00:00
[2026-09-10T06:59:08.888+0000] {logging_mixin.py:188} INFO - [2026-09-10T06:59:08.887+0000] {dag.py:3954} INFO - Setting next_dagrun for update_db to None, run_after=None
[2026-09-10T06:59:08.933+0000] {processor.py:183} INFO - Processing /opt/airflow/dags/main.py took 1.524 seconds
[2026-09-10T06:59:39.447+0000] {processor.py:161} INFO - Started process (PID=1602) to work on /opt/airflow/dags/main.py
[2026-09-10T06:59:39.449+0000] {processor.py:830} INFO - Processing file /opt/airflow/dags/main.py for tasks to queue
[2026-09-10T06:59:39.454+0000] {logging_mixin.py:188} INFO - [2026-09-10T06:59:39.453+0000] {dagbag.py:545} INFO - Filling up the DagBag from /opt/airflow/dags/main.py
[2026-09-10T06:59:39.526+0000] {logging_mixin.py:188} INFO - channel id is not executed
[2026-09-10T06:59:39.824+0000] {processor.py:840} INFO - DAG(s) 'data_quality', 'produce_json', 'update_db' retrieved from /opt/airflow/dags/main.py
[2026-09-10T06:59:40.152+0000] {logging_mixin.py:188} INFO - [2026-09-10T06:59:40.152+0000] {dag.py:3096} INFO - Sync 3 DAGs
[2026-09-10T06:59:40.202+0000] {logging_mixin.py:188} INFO - [2026-09-10T06:59:40.201+0000] {dag.py:3954} INFO - Setting next_dagrun for data_quality to None, run_after=None
[2026-09-10T06:59:40.211+0000] {logging_mixin.py:188} INFO - [2026-09-10T06:59:40.211+0000] {dag.py:3954} INFO - Setting next_dagrun for produce_json to 2026-09-10 14:00:00+00:00, run_after=2026-09-11 14:00:00+00:00
[2026-09-10T06:59:40.217+0000] {logging_mixin.py:188} INFO - [2026-09-10T06:59:40.216+0000] {dag.py:3954} INFO - Setting next_dagrun for update_db to None, run_after=None
[2026-09-10T06:59:40.252+0000] {processor.py:183} INFO - Processing /opt/airflow/dags/main.py took 0.815 seconds
[2026-09-10T07:00:10.936+0000] {processor.py:161} INFO - Started process (PID=1609) to work on /opt/airflow/dags/main.py
[2026-09-10T07:00:10.945+0000] {processor.py:830} INFO - Processing file /opt/airflow/dags/main.py for tasks to queue
[2026-09-10T07:00:10.949+0000] {logging_mixin.py:188} INFO - [2026-09-10T07:00:10.948+0000] {dagbag.py:545} INFO - Filling up the DagBag from /opt/airflow/dags/main.py
[2026-09-10T07:00:11.092+0000] {logging_mixin.py:188} INFO - channel id is not executed
[2026-09-10T07:00:11.387+0000] {processor.py:840} INFO - DAG(s) 'produce_json', 'data_quality', 'update_db' retrieved from /opt/airflow/dags/main.py
[2026-09-10T07:00:11.840+0000] {logging_mixin.py:188} INFO - [2026-09-10T07:00:11.840+0000] {dag.py:3096} INFO - Sync 3 DAGs
[2026-09-10T07:00:11.940+0000] {logging_mixin.py:188} INFO - [2026-09-10T07:00:11.939+0000] {dag.py:3954} INFO - Setting next_dagrun for data_quality to None, run_after=None
[2026-09-10T07:00:11.978+0000] {logging_mixin.py:188} INFO - [2026-09-10T07:00:11.977+0000] {dag.py:3954} INFO - Setting next_dagrun for produce_json to 2026-09-10 14:00:00+00:00, run_after=2026-09-11 14:00:00+00:00
[2026-09-10T07:00:11.983+0000] {logging_mixin.py:188} INFO - [2026-09-10T07:00:11.982+0000] {dag.py:3954} INFO - Setting next_dagrun for update_db to None, run_after=None
[2026-09-10T07:00:12.037+0000] {processor.py:183} INFO - Processing /opt/airflow/dags/main.py took 1.113 seconds
[2026-09-10T07:00:42.769+0000] {processor.py:161} INFO - Started process (PID=1616) to work on /opt/airflow/dags/main.py
[2026-09-10T07:00:42.781+0000] {processor.py:830} INFO - Processing file /opt/airflow/dags/main.py for tasks to queue
[2026-09-10T07:00:42.789+0000] {logging_mixin.py:188} INFO - [2026-09-10T07:00:42.788+0000] {dagbag.py:545} INFO - Filling up the DagBag from /opt/airflow/dags/main.py
[2026-09-10T07:00:42.964+0000] {logging_mixin.py:188} INFO - channel id is not executed
[2026-09-10T07:00:43.143+0000] {processor.py:840} INFO - DAG(s) 'produce_json', 'data_quality', 'update_db' retrieved from /opt/airflow/dags/main.py
[2026-09-10T07:00:43.568+0000] {logging_mixin.py:188} INFO - [2026-09-10T07:00:43.567+0000] {dag.py:3096} INFO - Sync 3 DAGs
[2026-09-10T07:00:43.685+0000] {logging_mixin.py:188} INFO - [2026-09-10T07:00:43.684+0000] {dag.py:3954} INFO - Setting next_dagrun for data_quality to None, run_after=None
[2026-09-10T07:00:43.716+0000] {logging_mixin.py:188} INFO - [2026-09-10T07:00:43.716+0000] {dag.py:3954} INFO - Setting next_dagrun for produce_json to 2026-09-10 14:00:00+00:00, run_after=2026-09-11 14:00:00+00:00
[2026-09-10T07:00:43.732+0000] {logging_mixin.py:188} INFO - [2026-09-10T07:00:43.731+0000] {dag.py:3954} INFO - Setting next_dagrun for update_db to None, run_after=None
[2026-09-10T07:00:43.873+0000] {processor.py:183} INFO - Processing /opt/airflow/dags/main.py took 1.146 seconds
[2026-09-10T07:01:14.971+0000] {processor.py:161} INFO - Started process (PID=1627) to work on /opt/airflow/dags/main.py
[2026-09-10T07:01:14.974+0000] {processor.py:830} INFO - Processing file /opt/airflow/dags/main.py for tasks to queue
[2026-09-10T07:01:14.978+0000] {logging_mixin.py:188} INFO - [2026-09-10T07:01:14.977+0000] {dagbag.py:545} INFO - Filling up the DagBag from /opt/airflow/dags/main.py
[2026-09-10T07:01:15.044+0000] {logging_mixin.py:188} INFO - channel id is not executed
[2026-09-10T07:01:15.310+0000] {processor.py:840} INFO - DAG(s) 'update_db', 'data_quality', 'produce_json' retrieved from /opt/airflow/dags/main.py
[2026-09-10T07:01:15.570+0000] {logging_mixin.py:188} INFO - [2026-09-10T07:01:15.569+0000] {dag.py:3096} INFO - Sync 3 DAGs
[2026-09-10T07:01:15.604+0000] {logging_mixin.py:188} INFO - [2026-09-10T07:01:15.604+0000] {dag.py:3954} INFO - Setting next_dagrun for data_quality to None, run_after=None
[2026-09-10T07:01:15.614+0000] {logging_mixin.py:188} INFO - [2026-09-10T07:01:15.614+0000] {dag.py:3954} INFO - Setting next_dagrun for produce_json to 2026-09-10 14:00:00+00:00, run_after=2026-09-11 14:00:00+00:00
[2026-09-10T07:01:15.618+0000] {logging_mixin.py:188} INFO - [2026-09-10T07:01:15.617+0000] {dag.py:3954} INFO - Setting next_dagrun for update_db to None, run_after=None
[2026-09-10T07:01:15.669+0000] {processor.py:183} INFO - Processing /opt/airflow/dags/main.py took 0.707 seconds
[2026-09-10T07:01:45.973+0000] {processor.py:161} INFO - Started process (PID=1634) to work on /opt/airflow/dags/main.py
[2026-09-10T07:01:45.975+0000] {processor.py:830} INFO - Processing file /opt/airflow/dags/main.py for tasks to queue
[2026-09-10T07:01:45.980+0000] {logging_mixin.py:188} INFO - [2026-09-10T07:01:45.979+0000] {dagbag.py:545} INFO - Filling up the DagBag from /opt/airflow/dags/main.py
[2026-09-10T07:01:46.054+0000] {logging_mixin.py:188} INFO - channel id is not executed
[2026-09-10T07:01:46.172+0000] {processor.py:840} INFO - DAG(s) 'data_quality', 'produce_json', 'update_db' retrieved from /opt/airflow/dags/main.py
[2026-09-10T07:01:46.414+0000] {logging_mixin.py:188} INFO - [2026-09-10T07:01:46.414+0000] {dag.py:3096} INFO - Sync 3 DAGs
[2026-09-10T07:01:46.470+0000] {logging_mixin.py:188} INFO - [2026-09-10T07:01:46.470+0000] {dag.py:3954} INFO - Setting next_dagrun for data_quality to None, run_after=None
[2026-09-10T07:01:46.484+0000] {logging_mixin.py:188} INFO - [2026-09-10T07:01:46.483+0000] {dag.py:3954} INFO - Setting next_dagrun for produce_json to 2026-09-10 14:00:00+00:00, run_after=2026-09-11 14:00:00+00:00
[2026-09-10T07:01:46.492+0000] {logging_mixin.py:188} INFO - [2026-09-10T07:01:46.492+0000] {dag.py:3954} INFO - Setting next_dagrun for update_db to None, run_after=None
[2026-09-10T07:01:46.581+0000] {processor.py:183} INFO - Processing /opt/airflow/dags/main.py took 0.624 seconds
[2026-09-10T07:02:17.218+0000] {processor.py:161} INFO - Started process (PID=1641) to work on /opt/airflow/dags/main.py
[2026-09-10T07:02:17.222+0000] {processor.py:830} INFO - Processing file /opt/airflow/dags/main.py for tasks to queue
[2026-09-10T07:02:17.230+0000] {logging_mixin.py:188} INFO - [2026-09-10T07:02:17.230+0000] {dagbag.py:545} INFO - Filling up the DagBag from /opt/airflow/dags/main.py
[2026-09-10T07:02:17.306+0000] {logging_mixin.py:188} INFO - channel id is not executed
[2026-09-10T07:02:17.505+0000] {processor.py:840} INFO - DAG(s) 'update_db', 'produce_json', 'data_quality' retrieved from /opt/airflow/dags/main.py
[2026-09-10T07:02:17.721+0000] {logging_mixin.py:188} INFO - [2026-09-10T07:02:17.721+0000] {dag.py:3096} INFO - Sync 3 DAGs
[2026-09-10T07:02:17.761+0000] {logging_mixin.py:188} INFO - [2026-09-10T07:02:17.760+0000] {dag.py:3954} INFO - Setting next_dagrun for data_quality to None, run_after=None
[2026-09-10T07:02:17.770+0000] {logging_mixin.py:188} INFO - [2026-09-10T07:02:17.770+0000] {dag.py:3954} INFO - Setting next_dagrun for produce_json to 2026-09-10 14:00:00+00:00, run_after=2026-09-11 14:00:00+00:00
[2026-09-10T07:02:17.774+0000] {logging_mixin.py:188} INFO - [2026-09-10T07:02:17.773+0000] {dag.py:3954} INFO - Setting next_dagrun for update_db to None, run_after=None
[2026-09-10T07:02:17.826+0000] {processor.py:183} INFO - Processing /opt/airflow/dags/main.py took 0.618 seconds
[2026-09-10T07:02:48.568+0000] {processor.py:161} INFO - Started process (PID=1648) to work on /opt/airflow/dags/main.py
[2026-09-10T07:02:48.597+0000] {processor.py:830} INFO - Processing file /opt/airflow/dags/main.py for tasks to queue
[2026-09-10T07:02:48.613+0000] {logging_mixin.py:188} INFO - [2026-09-10T07:02:48.613+0000] {dagbag.py:545} INFO - Filling up the DagBag from /opt/airflow/dags/main.py
[2026-09-10T07:02:48.970+0000] {logging_mixin.py:188} INFO - channel id is not executed
[2026-09-10T07:02:49.186+0000] {processor.py:840} INFO - DAG(s) 'produce_json', 'data_quality', 'update_db' retrieved from /opt/airflow/dags/main.py
[2026-09-10T07:02:49.521+0000] {logging_mixin.py:188} INFO - [2026-09-10T07:02:49.521+0000] {dag.py:3096} INFO - Sync 3 DAGs
[2026-09-10T07:02:49.563+0000] {logging_mixin.py:188} INFO - [2026-09-10T07:02:49.563+0000] {dag.py:3954} INFO - Setting next_dagrun for data_quality to None, run_after=None
[2026-09-10T07:02:49.573+0000] {logging_mixin.py:188} INFO - [2026-09-10T07:02:49.573+0000] {dag.py:3954} INFO - Setting next_dagrun for produce_json to 2026-09-10 14:00:00+00:00, run_after=2026-09-11 14:00:00+00:00
[2026-09-10T07:02:49.580+0000] {logging_mixin.py:188} INFO - [2026-09-10T07:02:49.580+0000] {dag.py:3954} INFO - Setting next_dagrun for update_db to None, run_after=None
[2026-09-10T07:02:49.620+0000] {processor.py:183} INFO - Processing /opt/airflow/dags/main.py took 1.074 seconds
[2026-09-10T07:03:19.938+0000] {processor.py:161} INFO - Started process (PID=1655) to work on /opt/airflow/dags/main.py
[2026-09-10T07:03:19.943+0000] {processor.py:830} INFO - Processing file /opt/airflow/dags/main.py for tasks to queue
[2026-09-10T07:03:19.960+0000] {logging_mixin.py:188} INFO - [2026-09-10T07:03:19.959+0000] {dagbag.py:545} INFO - Filling up the DagBag from /opt/airflow/dags/main.py
[2026-09-10T07:03:20.480+0000] {logging_mixin.py:188} INFO - channel id is not executed
[2026-09-10T07:03:20.784+0000] {processor.py:840} INFO - DAG(s) 'data_quality', 'update_db', 'produce_json' retrieved from /opt/airflow/dags/main.py
[2026-09-10T07:03:21.404+0000] {logging_mixin.py:188} INFO - [2026-09-10T07:03:21.404+0000] {dag.py:3096} INFO - Sync 3 DAGs
[2026-09-10T07:03:21.462+0000] {logging_mixin.py:188} INFO - [2026-09-10T07:03:21.462+0000] {dag.py:3954} INFO - Setting next_dagrun for data_quality to None, run_after=None
[2026-09-10T07:03:21.477+0000] {logging_mixin.py:188} INFO - [2026-09-10T07:03:21.477+0000] {dag.py:3954} INFO - Setting next_dagrun for produce_json to 2026-09-10 14:00:00+00:00, run_after=2026-09-11 14:00:00+00:00
[2026-09-10T07:03:21.481+0000] {logging_mixin.py:188} INFO - [2026-09-10T07:03:21.481+0000] {dag.py:3954} INFO - Setting next_dagrun for update_db to None, run_after=None
[2026-09-10T07:03:21.548+0000] {processor.py:183} INFO - Processing /opt/airflow/dags/main.py took 1.623 seconds
[2026-09-10T07:03:51.771+0000] {processor.py:161} INFO - Started process (PID=1662) to work on /opt/airflow/dags/main.py
[2026-09-10T07:03:51.796+0000] {processor.py:830} INFO - Processing file /opt/airflow/dags/main.py for tasks to queue
[2026-09-10T07:03:51.831+0000] {logging_mixin.py:188} INFO - [2026-09-10T07:03:51.830+0000] {dagbag.py:545} INFO - Filling up the DagBag from /opt/airflow/dags/main.py
[2026-09-10T07:03:52.545+0000] {logging_mixin.py:188} INFO - channel id is not executed
[2026-09-10T07:03:52.933+0000] {processor.py:840} INFO - DAG(s) 'data_quality', 'update_db', 'produce_json' retrieved from /opt/airflow/dags/main.py
[2026-09-10T07:03:53.601+0000] {logging_mixin.py:188} INFO - [2026-09-10T07:03:53.600+0000] {dag.py:3096} INFO - Sync 3 DAGs
[2026-09-10T07:03:53.689+0000] {logging_mixin.py:188} INFO - [2026-09-10T07:03:53.688+0000] {dag.py:3954} INFO - Setting next_dagrun for data_quality to None, run_after=None
[2026-09-10T07:03:53.717+0000] {logging_mixin.py:188} INFO - [2026-09-10T07:03:53.716+0000] {dag.py:3954} INFO - Setting next_dagrun for produce_json to 2026-09-10 14:00:00+00:00, run_after=2026-09-11 14:00:00+00:00
[2026-09-10T07:03:53.721+0000] {logging_mixin.py:188} INFO - [2026-09-10T07:03:53.720+0000] {dag.py:3954} INFO - Setting next_dagrun for update_db to None, run_after=None
[2026-09-10T07:03:53.799+0000] {processor.py:183} INFO - Processing /opt/airflow/dags/main.py took 2.046 seconds
[2026-09-10T07:04:24.020+0000] {processor.py:161} INFO - Started process (PID=1669) to work on /opt/airflow/dags/main.py
[2026-09-10T07:04:24.023+0000] {processor.py:830} INFO - Processing file /opt/airflow/dags/main.py for tasks to queue
[2026-09-10T07:04:24.032+0000] {logging_mixin.py:188} INFO - [2026-09-10T07:04:24.030+0000] {dagbag.py:545} INFO - Filling up the DagBag from /opt/airflow/dags/main.py
[2026-09-10T07:04:24.276+0000] {logging_mixin.py:188} INFO - channel id is not executed
[2026-09-10T07:04:24.833+0000] {processor.py:840} INFO - DAG(s) 'update_db', 'produce_json', 'data_quality' retrieved from /opt/airflow/dags/main.py
[2026-09-10T07:04:25.295+0000] {logging_mixin.py:188} INFO - [2026-09-10T07:04:25.294+0000] {dag.py:3096} INFO - Sync 3 DAGs
[2026-09-10T07:04:25.373+0000] {logging_mixin.py:188} INFO - [2026-09-10T07:04:25.372+0000] {dag.py:3954} INFO - Setting next_dagrun for data_quality to None, run_after=None
[2026-09-10T07:04:25.408+0000] {logging_mixin.py:188} INFO - [2026-09-10T07:04:25.407+0000] {dag.py:3954} INFO - Setting next_dagrun for produce_json to 2026-09-10 14:00:00+00:00, run_after=2026-09-11 14:00:00+00:00
[2026-09-10T07:04:25.422+0000] {logging_mixin.py:188} INFO - [2026-09-10T07:04:25.421+0000] {dag.py:3954} INFO - Setting next_dagrun for update_db to None, run_after=None
[2026-09-10T07:04:25.517+0000] {processor.py:183} INFO - Processing /opt/airflow/dags/main.py took 1.515 seconds
[2026-09-10T07:04:56.298+0000] {processor.py:161} INFO - Started process (PID=1676) to work on /opt/airflow/dags/main.py
[2026-09-10T07:04:56.301+0000] {processor.py:830} INFO - Processing file /opt/airflow/dags/main.py for tasks to queue
[2026-09-10T07:04:56.308+0000] {logging_mixin.py:188} INFO - [2026-09-10T07:04:56.307+0000] {dagbag.py:545} INFO - Filling up the DagBag from /opt/airflow/dags/main.py
[2026-09-10T07:04:56.410+0000] {logging_mixin.py:188} INFO - channel id is not executed
[2026-09-10T07:04:56.642+0000] {processor.py:840} INFO - DAG(s) 'produce_json', 'update_db', 'data_quality' retrieved from /opt/airflow/dags/main.py
[2026-09-10T07:04:57.005+0000] {logging_mixin.py:188} INFO - [2026-09-10T07:04:57.005+0000] {dag.py:3096} INFO - Sync 3 DAGs
[2026-09-10T07:04:57.078+0000] {logging_mixin.py:188} INFO - [2026-09-10T07:04:57.078+0000] {dag.py:3954} INFO - Setting next_dagrun for data_quality to None, run_after=None
[2026-09-10T07:04:57.106+0000] {logging_mixin.py:188} INFO - [2026-09-10T07:04:57.105+0000] {dag.py:3954} INFO - Setting next_dagrun for produce_json to 2026-09-10 14:00:00+00:00, run_after=2026-09-11 14:00:00+00:00
[2026-09-10T07:04:57.111+0000] {logging_mixin.py:188} INFO - [2026-09-10T07:04:57.110+0000] {dag.py:3954} INFO - Setting next_dagrun for update_db to None, run_after=None
[2026-09-10T07:04:57.164+0000] {processor.py:183} INFO - Processing /opt/airflow/dags/main.py took 0.883 seconds
[2026-09-10T07:05:28.223+0000] {processor.py:161} INFO - Started process (PID=1684) to work on /opt/airflow/dags/main.py
[2026-09-10T07:05:28.226+0000] {processor.py:830} INFO - Processing file /opt/airflow/dags/main.py for tasks to queue
[2026-09-10T07:05:28.238+0000] {logging_mixin.py:188} INFO - [2026-09-10T07:05:28.237+0000] {dagbag.py:545} INFO - Filling up the DagBag from /opt/airflow/dags/main.py
[2026-09-10T07:05:28.535+0000] {logging_mixin.py:188} INFO - channel id is not executed
[2026-09-10T07:05:28.782+0000] {processor.py:840} INFO - DAG(s) 'data_quality', 'produce_json', 'update_db' retrieved from /opt/airflow/dags/main.py
[2026-09-10T07:05:29.271+0000] {logging_mixin.py:188} INFO - [2026-09-10T07:05:29.270+0000] {dag.py:3096} INFO - Sync 3 DAGs
[2026-09-10T07:05:29.354+0000] {logging_mixin.py:188} INFO - [2026-09-10T07:05:29.354+0000] {dag.py:3954} INFO - Setting next_dagrun for data_quality to None, run_after=None
[2026-09-10T07:05:29.382+0000] {logging_mixin.py:188} INFO - [2026-09-10T07:05:29.381+0000] {dag.py:3954} INFO - Setting next_dagrun for produce_json to 2026-09-10 14:00:00+00:00, run_after=2026-09-11 14:00:00+00:00
[2026-09-10T07:05:29.386+0000] {logging_mixin.py:188} INFO - [2026-09-10T07:05:29.385+0000] {dag.py:3954} INFO - Setting next_dagrun for update_db to None, run_after=None
[2026-09-10T07:05:29.487+0000] {processor.py:183} INFO - Processing /opt/airflow/dags/main.py took 1.286 seconds
[2026-09-10T07:06:00.396+0000] {processor.py:161} INFO - Started process (PID=1692) to work on /opt/airflow/dags/main.py
[2026-09-10T07:06:00.401+0000] {processor.py:830} INFO - Processing file /opt/airflow/dags/main.py for tasks to queue
[2026-09-10T07:06:00.405+0000] {logging_mixin.py:188} INFO - [2026-09-10T07:06:00.404+0000] {dagbag.py:545} INFO - Filling up the DagBag from /opt/airflow/dags/main.py
[2026-09-10T07:06:00.504+0000] {logging_mixin.py:188} INFO - channel id is not executed
[2026-09-10T07:06:00.694+0000] {processor.py:840} INFO - DAG(s) 'produce_json', 'update_db', 'data_quality' retrieved from /opt/airflow/dags/main.py
[2026-09-10T07:06:00.943+0000] {logging_mixin.py:188} INFO - [2026-09-10T07:06:00.942+0000] {dag.py:3096} INFO - Sync 3 DAGs
[2026-09-10T07:06:01.001+0000] {logging_mixin.py:188} INFO - [2026-09-10T07:06:01.000+0000] {dag.py:3954} INFO - Setting next_dagrun for data_quality to None, run_after=None
[2026-09-10T07:06:01.010+0000] {logging_mixin.py:188} INFO - [2026-09-10T07:06:01.010+0000] {dag.py:3954} INFO - Setting next_dagrun for produce_json to 2026-09-10 14:00:00+00:00, run_after=2026-09-11 14:00:00+00:00
[2026-09-10T07:06:01.023+0000] {logging_mixin.py:188} INFO - [2026-09-10T07:06:01.023+0000] {dag.py:3954} INFO - Setting next_dagrun for update_db to None, run_after=None
[2026-09-10T07:06:01.084+0000] {processor.py:183} INFO - Processing /opt/airflow/dags/main.py took 0.700 seconds
[2026-09-10T07:06:31.506+0000] {processor.py:161} INFO - Started process (PID=1699) to work on /opt/airflow/dags/main.py
[2026-09-10T07:06:31.510+0000] {processor.py:830} INFO - Processing file /opt/airflow/dags/main.py for tasks to queue
[2026-09-10T07:06:31.516+0000] {logging_mixin.py:188} INFO - [2026-09-10T07:06:31.515+0000] {dagbag.py:545} INFO - Filling up the DagBag from /opt/airflow/dags/main.py
[2026-09-10T07:06:31.606+0000] {logging_mixin.py:188} INFO - channel id is not executed
[2026-09-10T07:06:31.883+0000] {processor.py:840} INFO - DAG(s) 'update_db', 'produce_json', 'data_quality' retrieved from /opt/airflow/dags/main.py
[2026-09-10T07:06:32.262+0000] {logging_mixin.py:188} INFO - [2026-09-10T07:06:32.261+0000] {dag.py:3096} INFO - Sync 3 DAGs
[2026-09-10T07:06:32.379+0000] {logging_mixin.py:188} INFO - [2026-09-10T07:06:32.369+0000] {dag.py:3954} INFO - Setting next_dagrun for data_quality to None, run_after=None
[2026-09-10T07:06:32.615+0000] {logging_mixin.py:188} INFO - [2026-09-10T07:06:32.614+0000] {dag.py:3954} INFO - Setting next_dagrun for produce_json to 2026-09-10 14:00:00+00:00, run_after=2026-09-11 14:00:00+00:00
[2026-09-10T07:06:32.652+0000] {logging_mixin.py:188} INFO - [2026-09-10T07:06:32.652+0000] {dag.py:3954} INFO - Setting next_dagrun for update_db to None, run_after=None
[2026-09-10T07:06:32.764+0000] {processor.py:183} INFO - Processing /opt/airflow/dags/main.py took 1.268 seconds
[2026-09-10T07:07:03.426+0000] {processor.py:161} INFO - Started process (PID=1706) to work on /opt/airflow/dags/main.py
[2026-09-10T07:07:03.429+0000] {processor.py:830} INFO - Processing file /opt/airflow/dags/main.py for tasks to queue
[2026-09-10T07:07:03.433+0000] {logging_mixin.py:188} INFO - [2026-09-10T07:07:03.432+0000] {dagbag.py:545} INFO - Filling up the DagBag from /opt/airflow/dags/main.py
[2026-09-10T07:07:03.540+0000] {logging_mixin.py:188} INFO - channel id is not executed
[2026-09-10T07:07:03.652+0000] {processor.py:840} INFO - DAG(s) 'data_quality', 'update_db', 'produce_json' retrieved from /opt/airflow/dags/main.py
[2026-09-10T07:07:03.973+0000] {logging_mixin.py:188} INFO - [2026-09-10T07:07:03.973+0000] {dag.py:3096} INFO - Sync 3 DAGs
[2026-09-10T07:07:04.085+0000] {logging_mixin.py:188} INFO - [2026-09-10T07:07:04.085+0000] {dag.py:3954} INFO - Setting next_dagrun for data_quality to None, run_after=None
[2026-09-10T07:07:04.111+0000] {logging_mixin.py:188} INFO - [2026-09-10T07:07:04.111+0000] {dag.py:3954} INFO - Setting next_dagrun for produce_json to 2026-09-10 14:00:00+00:00, run_after=2026-09-11 14:00:00+00:00
[2026-09-10T07:07:04.114+0000] {logging_mixin.py:188} INFO - [2026-09-10T07:07:04.114+0000] {dag.py:3954} INFO - Setting next_dagrun for update_db to None, run_after=None
[2026-09-10T07:07:04.189+0000] {processor.py:183} INFO - Processing /opt/airflow/dags/main.py took 0.773 seconds
[2026-09-10T07:07:34.405+0000] {processor.py:161} INFO - Started process (PID=1713) to work on /opt/airflow/dags/main.py
[2026-09-10T07:07:34.409+0000] {processor.py:830} INFO - Processing file /opt/airflow/dags/main.py for tasks to queue
[2026-09-10T07:07:34.415+0000] {logging_mixin.py:188} INFO - [2026-09-10T07:07:34.414+0000] {dagbag.py:545} INFO - Filling up the DagBag from /opt/airflow/dags/main.py
[2026-09-10T07:07:34.503+0000] {logging_mixin.py:188} INFO - channel id is not executed
[2026-09-10T07:07:34.620+0000] {processor.py:840} INFO - DAG(s) 'data_quality', 'produce_json', 'update_db' retrieved from /opt/airflow/dags/main.py
[2026-09-10T07:07:34.864+0000] {logging_mixin.py:188} INFO - [2026-09-10T07:07:34.864+0000] {dag.py:3096} INFO - Sync 3 DAGs
[2026-09-10T07:07:34.905+0000] {logging_mixin.py:188} INFO - [2026-09-10T07:07:34.905+0000] {dag.py:3954} INFO - Setting next_dagrun for data_quality to None, run_after=None
[2026-09-10T07:07:34.914+0000] {logging_mixin.py:188} INFO - [2026-09-10T07:07:34.914+0000] {dag.py:3954} INFO - Setting next_dagrun for produce_json to 2026-09-10 14:00:00+00:00, run_after=2026-09-11 14:00:00+00:00
[2026-09-10T07:07:34.918+0000] {logging_mixin.py:188} INFO - [2026-09-10T07:07:34.918+0000] {dag.py:3954} INFO - Setting next_dagrun for update_db to None, run_after=None
[2026-09-10T07:07:34.972+0000] {processor.py:183} INFO - Processing /opt/airflow/dags/main.py took 0.581 seconds
[2026-09-10T07:08:05.800+0000] {processor.py:161} INFO - Started process (PID=1721) to work on /opt/airflow/dags/main.py
[2026-09-10T07:08:05.815+0000] {processor.py:830} INFO - Processing file /opt/airflow/dags/main.py for tasks to queue
[2026-09-10T07:08:05.821+0000] {logging_mixin.py:188} INFO - [2026-09-10T07:08:05.820+0000] {dagbag.py:545} INFO - Filling up the DagBag from /opt/airflow/dags/main.py
[2026-09-10T07:08:05.940+0000] {logging_mixin.py:188} INFO - channel id is not executed
[2026-09-10T07:08:06.175+0000] {processor.py:840} INFO - DAG(s) 'data_quality', 'update_db', 'produce_json' retrieved from /opt/airflow/dags/main.py
[2026-09-10T07:08:06.847+0000] {logging_mixin.py:188} INFO - [2026-09-10T07:08:06.847+0000] {dag.py:3096} INFO - Sync 3 DAGs
[2026-09-10T07:08:06.943+0000] {logging_mixin.py:188} INFO - [2026-09-10T07:08:06.942+0000] {dag.py:3954} INFO - Setting next_dagrun for data_quality to None, run_after=None
[2026-09-10T07:08:07.008+0000] {logging_mixin.py:188} INFO - [2026-09-10T07:08:07.008+0000] {dag.py:3954} INFO - Setting next_dagrun for produce_json to 2026-09-10 14:00:00+00:00, run_after=2026-09-11 14:00:00+00:00
[2026-09-10T07:08:07.041+0000] {logging_mixin.py:188} INFO - [2026-09-10T07:08:07.041+0000] {dag.py:3954} INFO - Setting next_dagrun for update_db to None, run_after=None
[2026-09-10T07:08:07.308+0000] {processor.py:183} INFO - Processing /opt/airflow/dags/main.py took 1.519 seconds
[2026-09-10T07:08:37.868+0000] {processor.py:161} INFO - Started process (PID=1728) to work on /opt/airflow/dags/main.py
[2026-09-10T07:08:37.873+0000] {processor.py:830} INFO - Processing file /opt/airflow/dags/main.py for tasks to queue
[2026-09-10T07:08:37.879+0000] {logging_mixin.py:188} INFO - [2026-09-10T07:08:37.878+0000] {dagbag.py:545} INFO - Filling up the DagBag from /opt/airflow/dags/main.py
[2026-09-10T07:08:38.037+0000] {logging_mixin.py:188} INFO - channel id is not executed
[2026-09-10T07:08:38.382+0000] {processor.py:840} INFO - DAG(s) 'data_quality', 'produce_json', 'update_db' retrieved from /opt/airflow/dags/main.py
[2026-09-10T07:08:38.970+0000] {logging_mixin.py:188} INFO - [2026-09-10T07:08:38.970+0000] {dag.py:3096} INFO - Sync 3 DAGs
[2026-09-10T07:08:39.133+0000] {logging_mixin.py:188} INFO - [2026-09-10T07:08:39.132+0000] {dag.py:3954} INFO - Setting next_dagrun for data_quality to None, run_after=None
[2026-09-10T07:08:39.174+0000] {logging_mixin.py:188} INFO - [2026-09-10T07:08:39.174+0000] {dag.py:3954} INFO - Setting next_dagrun for produce_json to 2026-09-10 14:00:00+00:00, run_after=2026-09-11 14:00:00+00:00
[2026-09-10T07:08:39.180+0000] {logging_mixin.py:188} INFO - [2026-09-10T07:08:39.180+0000] {dag.py:3954} INFO - Setting next_dagrun for update_db to None, run_after=None
[2026-09-10T07:08:39.315+0000] {processor.py:183} INFO - Processing /opt/airflow/dags/main.py took 1.468 seconds
[2026-09-10T07:09:10.167+0000] {processor.py:161} INFO - Started process (PID=1735) to work on /opt/airflow/dags/main.py
[2026-09-10T07:09:10.183+0000] {processor.py:830} INFO - Processing file /opt/airflow/dags/main.py for tasks to queue
[2026-09-10T07:09:10.190+0000] {logging_mixin.py:188} INFO - [2026-09-10T07:09:10.189+0000] {dagbag.py:545} INFO - Filling up the DagBag from /opt/airflow/dags/main.py
[2026-09-10T07:09:10.374+0000] {logging_mixin.py:188} INFO - channel id is not executed
[2026-09-10T07:09:10.517+0000] {processor.py:840} INFO - DAG(s) 'produce_json', 'data_quality', 'update_db' retrieved from /opt/airflow/dags/main.py
[2026-09-10T07:09:10.854+0000] {logging_mixin.py:188} INFO - [2026-09-10T07:09:10.854+0000] {dag.py:3096} INFO - Sync 3 DAGs
[2026-09-10T07:09:10.934+0000] {logging_mixin.py:188} INFO - [2026-09-10T07:09:10.923+0000] {dag.py:3954} INFO - Setting next_dagrun for data_quality to None, run_after=None
[2026-09-10T07:09:10.971+0000] {logging_mixin.py:188} INFO - [2026-09-10T07:09:10.959+0000] {dag.py:3954} INFO - Setting next_dagrun for produce_json to 2026-09-10 14:00:00+00:00, run_after=2026-09-11 14:00:00+00:00
[2026-09-10T07:09:10.975+0000] {logging_mixin.py:188} INFO - [2026-09-10T07:09:10.975+0000] {dag.py:3954} INFO - Setting next_dagrun for update_db to None, run_after=None
[2026-09-10T07:09:11.036+0000] {processor.py:183} INFO - Processing /opt/airflow/dags/main.py took 0.878 seconds
[2026-09-10T07:09:42.493+0000] {processor.py:161} INFO - Started process (PID=1743) to work on /opt/airflow/dags/main.py
[2026-09-10T07:09:42.496+0000] {processor.py:830} INFO - Processing file /opt/airflow/dags/main.py for tasks to queue
[2026-09-10T07:09:42.522+0000] {logging_mixin.py:188} INFO - [2026-09-10T07:09:42.521+0000] {dagbag.py:545} INFO - Filling up the DagBag from /opt/airflow/dags/main.py
[2026-09-10T07:09:43.448+0000] {logging_mixin.py:188} INFO - channel id is not executed
[2026-09-10T07:09:43.973+0000] {processor.py:840} INFO - DAG(s) 'produce_json', 'data_quality', 'update_db' retrieved from /opt/airflow/dags/main.py
[2026-09-10T07:09:44.629+0000] {logging_mixin.py:188} INFO - [2026-09-10T07:09:44.629+0000] {dag.py:3096} INFO - Sync 3 DAGs
[2026-09-10T07:09:44.682+0000] {logging_mixin.py:188} INFO - [2026-09-10T07:09:44.681+0000] {dag.py:3954} INFO - Setting next_dagrun for data_quality to None, run_after=None
[2026-09-10T07:09:44.707+0000] {logging_mixin.py:188} INFO - [2026-09-10T07:09:44.706+0000] {dag.py:3954} INFO - Setting next_dagrun for produce_json to 2026-09-10 14:00:00+00:00, run_after=2026-09-11 14:00:00+00:00
[2026-09-10T07:09:44.710+0000] {logging_mixin.py:188} INFO - [2026-09-10T07:09:44.710+0000] {dag.py:3954} INFO - Setting next_dagrun for update_db to None, run_after=None
[2026-09-10T07:09:44.747+0000] {processor.py:183} INFO - Processing /opt/airflow/dags/main.py took 2.276 seconds
[2026-09-10T07:10:17.189+0000] {processor.py:161} INFO - Started process (PID=1750) to work on /opt/airflow/dags/main.py
[2026-09-10T07:10:17.228+0000] {processor.py:830} INFO - Processing file /opt/airflow/dags/main.py for tasks to queue
[2026-09-10T07:10:17.309+0000] {logging_mixin.py:188} INFO - [2026-09-10T07:10:17.308+0000] {dagbag.py:545} INFO - Filling up the DagBag from /opt/airflow/dags/main.py
[2026-09-10T07:10:20.033+0000] {logging_mixin.py:188} INFO - channel id is not executed
[2026-09-10T07:10:20.986+0000] {processor.py:840} INFO - DAG(s) 'update_db', 'produce_json', 'data_quality' retrieved from /opt/airflow/dags/main.py
[2026-09-10T07:10:21.915+0000] {logging_mixin.py:188} INFO - [2026-09-10T07:10:21.915+0000] {dag.py:3096} INFO - Sync 3 DAGs
[2026-09-10T07:10:22.042+0000] {logging_mixin.py:188} INFO - [2026-09-10T07:10:22.041+0000] {dag.py:3954} INFO - Setting next_dagrun for data_quality to None, run_after=None
[2026-09-10T07:10:22.061+0000] {logging_mixin.py:188} INFO - [2026-09-10T07:10:22.060+0000] {dag.py:3954} INFO - Setting next_dagrun for produce_json to 2026-09-10 14:00:00+00:00, run_after=2026-09-11 14:00:00+00:00
[2026-09-10T07:10:22.074+0000] {logging_mixin.py:188} INFO - [2026-09-10T07:10:22.074+0000] {dag.py:3954} INFO - Setting next_dagrun for update_db to None, run_after=None
[2026-09-10T07:10:22.285+0000] {processor.py:183} INFO - Processing /opt/airflow/dags/main.py took 5.114 seconds
[2026-09-10T07:10:52.561+0000] {processor.py:161} INFO - Started process (PID=1763) to work on /opt/airflow/dags/main.py
[2026-09-10T07:10:52.564+0000] {processor.py:830} INFO - Processing file /opt/airflow/dags/main.py for tasks to queue
[2026-09-10T07:10:52.569+0000] {logging_mixin.py:188} INFO - [2026-09-10T07:10:52.569+0000] {dagbag.py:545} INFO - Filling up the DagBag from /opt/airflow/dags/main.py
[2026-09-10T07:10:52.644+0000] {logging_mixin.py:188} INFO - channel id is not executed
[2026-09-10T07:10:52.767+0000] {processor.py:840} INFO - DAG(s) 'data_quality', 'produce_json', 'update_db' retrieved from /opt/airflow/dags/main.py
[2026-09-10T07:10:53.152+0000] {logging_mixin.py:188} INFO - [2026-09-10T07:10:53.151+0000] {dag.py:3096} INFO - Sync 3 DAGs
[2026-09-10T07:10:53.231+0000] {logging_mixin.py:188} INFO - [2026-09-10T07:10:53.231+0000] {dag.py:3954} INFO - Setting next_dagrun for data_quality to None, run_after=None
[2026-09-10T07:10:53.251+0000] {logging_mixin.py:188} INFO - [2026-09-10T07:10:53.250+0000] {dag.py:3954} INFO - Setting next_dagrun for produce_json to 2026-09-10 14:00:00+00:00, run_after=2026-09-11 14:00:00+00:00
[2026-09-10T07:10:53.255+0000] {logging_mixin.py:188} INFO - [2026-09-10T07:10:53.254+0000] {dag.py:3954} INFO - Setting next_dagrun for update_db to None, run_after=None
[2026-09-10T07:10:53.290+0000] {processor.py:183} INFO - Processing /opt/airflow/dags/main.py took 0.748 seconds
[2026-09-10T07:11:23.426+0000] {processor.py:161} INFO - Started process (PID=1770) to work on /opt/airflow/dags/main.py
[2026-09-10T07:11:23.428+0000] {processor.py:830} INFO - Processing file /opt/airflow/dags/main.py for tasks to queue
[2026-09-10T07:11:23.434+0000] {logging_mixin.py:188} INFO - [2026-09-10T07:11:23.433+0000] {dagbag.py:545} INFO - Filling up the DagBag from /opt/airflow/dags/main.py
[2026-09-10T07:11:23.549+0000] {logging_mixin.py:188} INFO - channel id is not executed
[2026-09-10T07:11:23.827+0000] {processor.py:840} INFO - DAG(s) 'data_quality', 'produce_json', 'update_db' retrieved from /opt/airflow/dags/main.py
[2026-09-10T07:11:24.111+0000] {logging_mixin.py:188} INFO - [2026-09-10T07:11:24.109+0000] {dag.py:3096} INFO - Sync 3 DAGs
[2026-09-10T07:11:24.197+0000] {logging_mixin.py:188} INFO - [2026-09-10T07:11:24.197+0000] {dag.py:3954} INFO - Setting next_dagrun for data_quality to None, run_after=None
[2026-09-10T07:11:24.207+0000] {logging_mixin.py:188} INFO - [2026-09-10T07:11:24.207+0000] {dag.py:3954} INFO - Setting next_dagrun for produce_json to 2026-09-10 14:00:00+00:00, run_after=2026-09-11 14:00:00+00:00
[2026-09-10T07:11:24.247+0000] {logging_mixin.py:188} INFO - [2026-09-10T07:11:24.246+0000] {dag.py:3954} INFO - Setting next_dagrun for update_db to None, run_after=None
[2026-09-10T07:11:24.308+0000] {processor.py:183} INFO - Processing /opt/airflow/dags/main.py took 0.894 seconds
[2026-09-10T07:11:54.779+0000] {processor.py:161} INFO - Started process (PID=1777) to work on /opt/airflow/dags/main.py
[2026-09-10T07:11:54.782+0000] {processor.py:830} INFO - Processing file /opt/airflow/dags/main.py for tasks to queue
[2026-09-10T07:11:54.791+0000] {logging_mixin.py:188} INFO - [2026-09-10T07:11:54.790+0000] {dagbag.py:545} INFO - Filling up the DagBag from /opt/airflow/dags/main.py
[2026-09-10T07:11:54.901+0000] {logging_mixin.py:188} INFO - channel id is not executed
[2026-09-10T07:11:55.003+0000] {processor.py:840} INFO - DAG(s) 'data_quality', 'produce_json', 'update_db' retrieved from /opt/airflow/dags/main.py
[2026-09-10T07:11:55.276+0000] {logging_mixin.py:188} INFO - [2026-09-10T07:11:55.265+0000] {dag.py:3096} INFO - Sync 3 DAGs
[2026-09-10T07:11:55.319+0000] {logging_mixin.py:188} INFO - [2026-09-10T07:11:55.318+0000] {dag.py:3954} INFO - Setting next_dagrun for data_quality to None, run_after=None
[2026-09-10T07:11:55.328+0000] {logging_mixin.py:188} INFO - [2026-09-10T07:11:55.327+0000] {dag.py:3954} INFO - Setting next_dagrun for produce_json to 2026-09-10 14:00:00+00:00, run_after=2026-09-11 14:00:00+00:00
[2026-09-10T07:11:55.331+0000] {logging_mixin.py:188} INFO - [2026-09-10T07:11:55.331+0000] {dag.py:3954} INFO - Setting next_dagrun for update_db to None, run_after=None
[2026-09-10T07:11:55.369+0000] {processor.py:183} INFO - Processing /opt/airflow/dags/main.py took 0.605 seconds
[2026-09-10T07:12:25.521+0000] {processor.py:161} INFO - Started process (PID=1784) to work on /opt/airflow/dags/main.py
[2026-09-10T07:12:25.523+0000] {processor.py:830} INFO - Processing file /opt/airflow/dags/main.py for tasks to queue
[2026-09-10T07:12:25.528+0000] {logging_mixin.py:188} INFO - [2026-09-10T07:12:25.527+0000] {dagbag.py:545} INFO - Filling up the DagBag from /opt/airflow/dags/main.py
[2026-09-10T07:12:25.606+0000] {logging_mixin.py:188} INFO - channel id is not executed
[2026-09-10T07:12:25.712+0000] {processor.py:840} INFO - DAG(s) 'data_quality', 'produce_json', 'update_db' retrieved from /opt/airflow/dags/main.py
[2026-09-10T07:12:26.032+0000] {logging_mixin.py:188} INFO - [2026-09-10T07:12:26.032+0000] {dag.py:3096} INFO - Sync 3 DAGs
[2026-09-10T07:12:26.066+0000] {logging_mixin.py:188} INFO - [2026-09-10T07:12:26.066+0000] {dag.py:3954} INFO - Setting next_dagrun for data_quality to None, run_after=None
[2026-09-10T07:12:26.076+0000] {logging_mixin.py:188} INFO - [2026-09-10T07:12:26.075+0000] {dag.py:3954} INFO - Setting next_dagrun for produce_json to 2026-09-10 14:00:00+00:00, run_after=2026-09-11 14:00:00+00:00
[2026-09-10T07:12:26.079+0000] {logging_mixin.py:188} INFO - [2026-09-10T07:12:26.079+0000] {dag.py:3954} INFO - Setting next_dagrun for update_db to None, run_after=None
[2026-09-10T07:12:26.116+0000] {processor.py:183} INFO - Processing /opt/airflow/dags/main.py took 0.605 seconds
[2026-09-10T07:12:56.483+0000] {processor.py:161} INFO - Started process (PID=1792) to work on /opt/airflow/dags/main.py
[2026-09-10T07:12:56.488+0000] {processor.py:830} INFO - Processing file /opt/airflow/dags/main.py for tasks to queue
[2026-09-10T07:12:56.498+0000] {logging_mixin.py:188} INFO - [2026-09-10T07:12:56.496+0000] {dagbag.py:545} INFO - Filling up the DagBag from /opt/airflow/dags/main.py
[2026-09-10T07:12:56.570+0000] {logging_mixin.py:188} INFO - channel id is not executed
[2026-09-10T07:12:56.704+0000] {processor.py:840} INFO - DAG(s) 'update_db', 'data_quality', 'produce_json' retrieved from /opt/airflow/dags/main.py
[2026-09-10T07:12:56.917+0000] {logging_mixin.py:188} INFO - [2026-09-10T07:12:56.916+0000] {dag.py:3096} INFO - Sync 3 DAGs
[2026-09-10T07:12:56.949+0000] {logging_mixin.py:188} INFO - [2026-09-10T07:12:56.949+0000] {dag.py:3954} INFO - Setting next_dagrun for data_quality to None, run_after=None
[2026-09-10T07:12:56.958+0000] {logging_mixin.py:188} INFO - [2026-09-10T07:12:56.957+0000] {dag.py:3954} INFO - Setting next_dagrun for produce_json to 2026-09-10 14:00:00+00:00, run_after=2026-09-11 14:00:00+00:00
[2026-09-10T07:12:56.961+0000] {logging_mixin.py:188} INFO - [2026-09-10T07:12:56.961+0000] {dag.py:3954} INFO - Setting next_dagrun for update_db to None, run_after=None
[2026-09-10T07:12:56.999+0000] {processor.py:183} INFO - Processing /opt/airflow/dags/main.py took 0.529 seconds
[2026-09-10T07:13:27.686+0000] {processor.py:161} INFO - Started process (PID=1800) to work on /opt/airflow/dags/main.py
[2026-09-10T07:13:27.689+0000] {processor.py:830} INFO - Processing file /opt/airflow/dags/main.py for tasks to queue
[2026-09-10T07:13:27.694+0000] {logging_mixin.py:188} INFO - [2026-09-10T07:13:27.694+0000] {dagbag.py:545} INFO - Filling up the DagBag from /opt/airflow/dags/main.py
[2026-09-10T07:13:27.797+0000] {logging_mixin.py:188} INFO - channel id is not executed
[2026-09-10T07:13:27.960+0000] {processor.py:840} INFO - DAG(s) 'update_db', 'data_quality', 'produce_json' retrieved from /opt/airflow/dags/main.py
[2026-09-10T07:13:28.261+0000] {logging_mixin.py:188} INFO - [2026-09-10T07:13:28.260+0000] {dag.py:3096} INFO - Sync 3 DAGs
[2026-09-10T07:13:28.304+0000] {logging_mixin.py:188} INFO - [2026-09-10T07:13:28.303+0000] {dag.py:3954} INFO - Setting next_dagrun for data_quality to None, run_after=None
[2026-09-10T07:13:28.312+0000] {logging_mixin.py:188} INFO - [2026-09-10T07:13:28.312+0000] {dag.py:3954} INFO - Setting next_dagrun for produce_json to 2026-09-10 14:00:00+00:00, run_after=2026-09-11 14:00:00+00:00
[2026-09-10T07:13:28.316+0000] {logging_mixin.py:188} INFO - [2026-09-10T07:13:28.316+0000] {dag.py:3954} INFO - Setting next_dagrun for update_db to None, run_after=None
[2026-09-10T07:13:28.354+0000] {processor.py:183} INFO - Processing /opt/airflow/dags/main.py took 0.679 seconds
[2026-09-10T07:13:58.713+0000] {processor.py:161} INFO - Started process (PID=1807) to work on /opt/airflow/dags/main.py
[2026-09-10T07:13:58.715+0000] {processor.py:830} INFO - Processing file /opt/airflow/dags/main.py for tasks to queue
[2026-09-10T07:13:58.720+0000] {logging_mixin.py:188} INFO - [2026-09-10T07:13:58.720+0000] {dagbag.py:545} INFO - Filling up the DagBag from /opt/airflow/dags/main.py
[2026-09-10T07:13:58.789+0000] {logging_mixin.py:188} INFO - channel id is not executed
[2026-09-10T07:13:58.888+0000] {processor.py:840} INFO - DAG(s) 'produce_json', 'update_db', 'data_quality' retrieved from /opt/airflow/dags/main.py
[2026-09-10T07:13:59.230+0000] {logging_mixin.py:188} INFO - [2026-09-10T07:13:59.229+0000] {dag.py:3096} INFO - Sync 3 DAGs
[2026-09-10T07:13:59.338+0000] {logging_mixin.py:188} INFO - [2026-09-10T07:13:59.338+0000] {dag.py:3954} INFO - Setting next_dagrun for data_quality to None, run_after=None
[2026-09-10T07:13:59.365+0000] {logging_mixin.py:188} INFO - [2026-09-10T07:13:59.364+0000] {dag.py:3954} INFO - Setting next_dagrun for produce_json to 2026-09-10 14:00:00+00:00, run_after=2026-09-11 14:00:00+00:00
[2026-09-10T07:13:59.370+0000] {logging_mixin.py:188} INFO - [2026-09-10T07:13:59.369+0000] {dag.py:3954} INFO - Setting next_dagrun for update_db to None, run_after=None
[2026-09-10T07:13:59.408+0000] {processor.py:183} INFO - Processing /opt/airflow/dags/main.py took 0.707 seconds
[2026-09-10T07:14:29.797+0000] {processor.py:161} INFO - Started process (PID=1814) to work on /opt/airflow/dags/main.py
[2026-09-10T07:14:29.799+0000] {processor.py:830} INFO - Processing file /opt/airflow/dags/main.py for tasks to queue
[2026-09-10T07:14:29.806+0000] {logging_mixin.py:188} INFO - [2026-09-10T07:14:29.805+0000] {dagbag.py:545} INFO - Filling up the DagBag from /opt/airflow/dags/main.py
[2026-09-10T07:14:29.870+0000] {logging_mixin.py:188} INFO - channel id is not executed
[2026-09-10T07:14:29.990+0000] {processor.py:840} INFO - DAG(s) 'data_quality', 'produce_json', 'update_db' retrieved from /opt/airflow/dags/main.py
[2026-09-10T07:14:30.211+0000] {logging_mixin.py:188} INFO - [2026-09-10T07:14:30.208+0000] {dag.py:3096} INFO - Sync 3 DAGs
[2026-09-10T07:14:30.263+0000] {logging_mixin.py:188} INFO - [2026-09-10T07:14:30.263+0000] {dag.py:3954} INFO - Setting next_dagrun for data_quality to None, run_after=None
[2026-09-10T07:14:30.272+0000] {logging_mixin.py:188} INFO - [2026-09-10T07:14:30.272+0000] {dag.py:3954} INFO - Setting next_dagrun for produce_json to 2026-09-10 14:00:00+00:00, run_after=2026-09-11 14:00:00+00:00
[2026-09-10T07:14:30.276+0000] {logging_mixin.py:188} INFO - [2026-09-10T07:14:30.276+0000] {dag.py:3954} INFO - Setting next_dagrun for update_db to None, run_after=None
[2026-09-10T07:14:30.309+0000] {processor.py:183} INFO - Processing /opt/airflow/dags/main.py took 0.521 seconds
[2026-09-10T07:15:00.659+0000] {processor.py:161} INFO - Started process (PID=1821) to work on /opt/airflow/dags/main.py
[2026-09-10T07:15:00.672+0000] {processor.py:830} INFO - Processing file /opt/airflow/dags/main.py for tasks to queue
[2026-09-10T07:15:00.678+0000] {logging_mixin.py:188} INFO - [2026-09-10T07:15:00.678+0000] {dagbag.py:545} INFO - Filling up the DagBag from /opt/airflow/dags/main.py
[2026-09-10T07:15:00.789+0000] {logging_mixin.py:188} INFO - channel id is not executed
[2026-09-10T07:15:00.896+0000] {processor.py:840} INFO - DAG(s) 'update_db', 'produce_json', 'data_quality' retrieved from /opt/airflow/dags/main.py
[2026-09-10T07:15:01.123+0000] {logging_mixin.py:188} INFO - [2026-09-10T07:15:01.122+0000] {dag.py:3096} INFO - Sync 3 DAGs
[2026-09-10T07:15:01.157+0000] {logging_mixin.py:188} INFO - [2026-09-10T07:15:01.157+0000] {dag.py:3954} INFO - Setting next_dagrun for data_quality to None, run_after=None
[2026-09-10T07:15:01.167+0000] {logging_mixin.py:188} INFO - [2026-09-10T07:15:01.167+0000] {dag.py:3954} INFO - Setting next_dagrun for produce_json to 2026-09-10 14:00:00+00:00, run_after=2026-09-11 14:00:00+00:00
[2026-09-10T07:15:01.171+0000] {logging_mixin.py:188} INFO - [2026-09-10T07:15:01.170+0000] {dag.py:3954} INFO - Setting next_dagrun for update_db to None, run_after=None
[2026-09-10T07:15:01.208+0000] {processor.py:183} INFO - Processing /opt/airflow/dags/main.py took 0.566 seconds
[2026-09-10T07:15:31.667+0000] {processor.py:161} INFO - Started process (PID=1828) to work on /opt/airflow/dags/main.py
[2026-09-10T07:15:31.669+0000] {processor.py:830} INFO - Processing file /opt/airflow/dags/main.py for tasks to queue
[2026-09-10T07:15:31.675+0000] {logging_mixin.py:188} INFO - [2026-09-10T07:15:31.674+0000] {dagbag.py:545} INFO - Filling up the DagBag from /opt/airflow/dags/main.py
[2026-09-10T07:15:31.748+0000] {logging_mixin.py:188} INFO - channel id is not executed
[2026-09-10T07:15:31.865+0000] {processor.py:840} INFO - DAG(s) 'produce_json', 'update_db', 'data_quality' retrieved from /opt/airflow/dags/main.py
[2026-09-10T07:15:32.108+0000] {logging_mixin.py:188} INFO - [2026-09-10T07:15:32.107+0000] {dag.py:3096} INFO - Sync 3 DAGs
[2026-09-10T07:15:32.170+0000] {logging_mixin.py:188} INFO - [2026-09-10T07:15:32.166+0000] {dag.py:3954} INFO - Setting next_dagrun for data_quality to None, run_after=None
[2026-09-10T07:15:32.184+0000] {logging_mixin.py:188} INFO - [2026-09-10T07:15:32.184+0000] {dag.py:3954} INFO - Setting next_dagrun for produce_json to 2026-09-10 14:00:00+00:00, run_after=2026-09-11 14:00:00+00:00
[2026-09-10T07:15:32.194+0000] {logging_mixin.py:188} INFO - [2026-09-10T07:15:32.191+0000] {dag.py:3954} INFO - Setting next_dagrun for update_db to None, run_after=None
[2026-09-10T07:15:32.256+0000] {processor.py:183} INFO - Processing /opt/airflow/dags/main.py took 0.601 seconds
[2026-09-10T07:16:02.714+0000] {processor.py:161} INFO - Started process (PID=1835) to work on /opt/airflow/dags/main.py
[2026-09-10T07:16:02.717+0000] {processor.py:830} INFO - Processing file /opt/airflow/dags/main.py for tasks to queue
[2026-09-10T07:16:02.722+0000] {logging_mixin.py:188} INFO - [2026-09-10T07:16:02.722+0000] {dagbag.py:545} INFO - Filling up the DagBag from /opt/airflow/dags/main.py
[2026-09-10T07:16:02.801+0000] {logging_mixin.py:188} INFO - channel id is not executed
[2026-09-10T07:16:02.921+0000] {processor.py:840} INFO - DAG(s) 'data_quality', 'produce_json', 'update_db' retrieved from /opt/airflow/dags/main.py
[2026-09-10T07:16:03.269+0000] {logging_mixin.py:188} INFO - [2026-09-10T07:16:03.269+0000] {dag.py:3096} INFO - Sync 3 DAGs
[2026-09-10T07:16:03.358+0000] {logging_mixin.py:188} INFO - [2026-09-10T07:16:03.357+0000] {dag.py:3954} INFO - Setting next_dagrun for data_quality to None, run_after=None
[2026-09-10T07:16:03.386+0000] {logging_mixin.py:188} INFO - [2026-09-10T07:16:03.386+0000] {dag.py:3954} INFO - Setting next_dagrun for produce_json to 2026-09-10 14:00:00+00:00, run_after=2026-09-11 14:00:00+00:00
[2026-09-10T07:16:03.404+0000] {logging_mixin.py:188} INFO - [2026-09-10T07:16:03.403+0000] {dag.py:3954} INFO - Setting next_dagrun for update_db to None, run_after=None
[2026-09-10T07:16:03.481+0000] {processor.py:183} INFO - Processing /opt/airflow/dags/main.py took 0.778 seconds
[2026-09-10T07:16:33.602+0000] {processor.py:161} INFO - Started process (PID=1843) to work on /opt/airflow/dags/main.py
[2026-09-10T07:16:33.604+0000] {processor.py:830} INFO - Processing file /opt/airflow/dags/main.py for tasks to queue
[2026-09-10T07:16:33.609+0000] {logging_mixin.py:188} INFO - [2026-09-10T07:16:33.609+0000] {dagbag.py:545} INFO - Filling up the DagBag from /opt/airflow/dags/main.py
[2026-09-10T07:16:33.679+0000] {logging_mixin.py:188} INFO - channel id is not executed
[2026-09-10T07:16:33.795+0000] {processor.py:840} INFO - DAG(s) 'update_db', 'data_quality', 'produce_json' retrieved from /opt/airflow/dags/main.py
[2026-09-10T07:16:34.005+0000] {logging_mixin.py:188} INFO - [2026-09-10T07:16:34.005+0000] {dag.py:3096} INFO - Sync 3 DAGs
[2026-09-10T07:16:34.038+0000] {logging_mixin.py:188} INFO - [2026-09-10T07:16:34.037+0000] {dag.py:3954} INFO - Setting next_dagrun for data_quality to None, run_after=None
[2026-09-10T07:16:34.050+0000] {logging_mixin.py:188} INFO - [2026-09-10T07:16:34.050+0000] {dag.py:3954} INFO - Setting next_dagrun for produce_json to 2026-09-10 14:00:00+00:00, run_after=2026-09-11 14:00:00+00:00
[2026-09-10T07:16:34.054+0000] {logging_mixin.py:188} INFO - [2026-09-10T07:16:34.053+0000] {dag.py:3954} INFO - Setting next_dagrun for update_db to None, run_after=None
[2026-09-10T07:16:34.104+0000] {processor.py:183} INFO - Processing /opt/airflow/dags/main.py took 0.511 seconds
[2026-09-10T07:17:04.557+0000] {processor.py:161} INFO - Started process (PID=1850) to work on /opt/airflow/dags/main.py
[2026-09-10T07:17:04.559+0000] {processor.py:830} INFO - Processing file /opt/airflow/dags/main.py for tasks to queue
[2026-09-10T07:17:04.564+0000] {logging_mixin.py:188} INFO - [2026-09-10T07:17:04.563+0000] {dagbag.py:545} INFO - Filling up the DagBag from /opt/airflow/dags/main.py
[2026-09-10T07:17:04.622+0000] {logging_mixin.py:188} INFO - channel id is not executed
[2026-09-10T07:17:04.719+0000] {processor.py:840} INFO - DAG(s) 'produce_json', 'data_quality', 'update_db' retrieved from /opt/airflow/dags/main.py
[2026-09-10T07:17:04.976+0000] {logging_mixin.py:188} INFO - [2026-09-10T07:17:04.976+0000] {dag.py:3096} INFO - Sync 3 DAGs
[2026-09-10T07:17:05.013+0000] {logging_mixin.py:188} INFO - [2026-09-10T07:17:05.012+0000] {dag.py:3954} INFO - Setting next_dagrun for data_quality to None, run_after=None
[2026-09-10T07:17:05.022+0000] {logging_mixin.py:188} INFO - [2026-09-10T07:17:05.022+0000] {dag.py:3954} INFO - Setting next_dagrun for produce_json to 2026-09-10 14:00:00+00:00, run_after=2026-09-11 14:00:00+00:00
[2026-09-10T07:17:05.026+0000] {logging_mixin.py:188} INFO - [2026-09-10T07:17:05.026+0000] {dag.py:3954} INFO - Setting next_dagrun for update_db to None, run_after=None
[2026-09-10T07:17:05.073+0000] {processor.py:183} INFO - Processing /opt/airflow/dags/main.py took 0.525 seconds
[2026-09-10T07:17:35.427+0000] {processor.py:161} INFO - Started process (PID=1857) to work on /opt/airflow/dags/main.py
[2026-09-10T07:17:35.429+0000] {processor.py:830} INFO - Processing file /opt/airflow/dags/main.py for tasks to queue
[2026-09-10T07:17:35.447+0000] {logging_mixin.py:188} INFO - [2026-09-10T07:17:35.447+0000] {dagbag.py:545} INFO - Filling up the DagBag from /opt/airflow/dags/main.py
[2026-09-10T07:17:35.808+0000] {logging_mixin.py:188} INFO - channel id is not executed
[2026-09-10T07:17:35.927+0000] {processor.py:840} INFO - DAG(s) 'update_db', 'produce_json', 'data_quality' retrieved from /opt/airflow/dags/main.py
[2026-09-10T07:17:36.147+0000] {logging_mixin.py:188} INFO - [2026-09-10T07:17:36.146+0000] {dag.py:3096} INFO - Sync 3 DAGs
[2026-09-10T07:17:36.180+0000] {logging_mixin.py:188} INFO - [2026-09-10T07:17:36.180+0000] {dag.py:3954} INFO - Setting next_dagrun for data_quality to None, run_after=None
[2026-09-10T07:17:36.191+0000] {logging_mixin.py:188} INFO - [2026-09-10T07:17:36.191+0000] {dag.py:3954} INFO - Setting next_dagrun for produce_json to 2026-09-10 14:00:00+00:00, run_after=2026-09-11 14:00:00+00:00
[2026-09-10T07:17:36.195+0000] {logging_mixin.py:188} INFO - [2026-09-10T07:17:36.194+0000] {dag.py:3954} INFO - Setting next_dagrun for update_db to None, run_after=None
[2026-09-10T07:17:36.234+0000] {processor.py:183} INFO - Processing /opt/airflow/dags/main.py took 0.817 seconds
[2026-09-10T07:18:06.666+0000] {processor.py:161} INFO - Started process (PID=1865) to work on /opt/airflow/dags/main.py
[2026-09-10T07:18:06.668+0000] {processor.py:830} INFO - Processing file /opt/airflow/dags/main.py for tasks to queue
[2026-09-10T07:18:06.675+0000] {logging_mixin.py:188} INFO - [2026-09-10T07:18:06.674+0000] {dagbag.py:545} INFO - Filling up the DagBag from /opt/airflow/dags/main.py
[2026-09-10T07:18:06.768+0000] {logging_mixin.py:188} INFO - channel id is not executed
[2026-09-10T07:18:06.884+0000] {processor.py:840} INFO - DAG(s) 'update_db', 'produce_json', 'data_quality' retrieved from /opt/airflow/dags/main.py
[2026-09-10T07:18:07.101+0000] {logging_mixin.py:188} INFO - [2026-09-10T07:18:07.100+0000] {dag.py:3096} INFO - Sync 3 DAGs
[2026-09-10T07:18:07.137+0000] {logging_mixin.py:188} INFO - [2026-09-10T07:18:07.136+0000] {dag.py:3954} INFO - Setting next_dagrun for data_quality to None, run_after=None
[2026-09-10T07:18:07.146+0000] {logging_mixin.py:188} INFO - [2026-09-10T07:18:07.146+0000] {dag.py:3954} INFO - Setting next_dagrun for produce_json to 2026-09-10 14:00:00+00:00, run_after=2026-09-11 14:00:00+00:00
[2026-09-10T07:18:07.150+0000] {logging_mixin.py:188} INFO - [2026-09-10T07:18:07.150+0000] {dag.py:3954} INFO - Setting next_dagrun for update_db to None, run_after=None
[2026-09-10T07:18:07.201+0000] {processor.py:183} INFO - Processing /opt/airflow/dags/main.py took 0.545 seconds
[2026-09-10T07:18:37.872+0000] {processor.py:161} INFO - Started process (PID=1872) to work on /opt/airflow/dags/main.py
[2026-09-10T07:18:37.874+0000] {processor.py:830} INFO - Processing file /opt/airflow/dags/main.py for tasks to queue
[2026-09-10T07:18:37.878+0000] {logging_mixin.py:188} INFO - [2026-09-10T07:18:37.877+0000] {dagbag.py:545} INFO - Filling up the DagBag from /opt/airflow/dags/main.py
[2026-09-10T07:18:37.955+0000] {logging_mixin.py:188} INFO - channel id is not executed
[2026-09-10T07:18:38.080+0000] {processor.py:840} INFO - DAG(s) 'update_db', 'produce_json', 'data_quality' retrieved from /opt/airflow/dags/main.py
[2026-09-10T07:18:38.346+0000] {logging_mixin.py:188} INFO - [2026-09-10T07:18:38.345+0000] {dag.py:3096} INFO - Sync 3 DAGs
[2026-09-10T07:18:38.389+0000] {logging_mixin.py:188} INFO - [2026-09-10T07:18:38.388+0000] {dag.py:3954} INFO - Setting next_dagrun for data_quality to None, run_after=None
[2026-09-10T07:18:38.399+0000] {logging_mixin.py:188} INFO - [2026-09-10T07:18:38.398+0000] {dag.py:3954} INFO - Setting next_dagrun for produce_json to 2026-09-10 14:00:00+00:00, run_after=2026-09-11 14:00:00+00:00
[2026-09-10T07:18:38.405+0000] {logging_mixin.py:188} INFO - [2026-09-10T07:18:38.404+0000] {dag.py:3954} INFO - Setting next_dagrun for update_db to None, run_after=None
[2026-09-10T07:18:38.441+0000] {processor.py:183} INFO - Processing /opt/airflow/dags/main.py took 0.578 seconds
[2026-09-10T07:19:08.782+0000] {processor.py:161} INFO - Started process (PID=1879) to work on /opt/airflow/dags/main.py
[2026-09-10T07:19:08.784+0000] {processor.py:830} INFO - Processing file /opt/airflow/dags/main.py for tasks to queue
[2026-09-10T07:19:08.788+0000] {logging_mixin.py:188} INFO - [2026-09-10T07:19:08.788+0000] {dagbag.py:545} INFO - Filling up the DagBag from /opt/airflow/dags/main.py
[2026-09-10T07:19:08.852+0000] {logging_mixin.py:188} INFO - channel id is not executed
[2026-09-10T07:19:09.022+0000] {processor.py:840} INFO - DAG(s) 'produce_json', 'data_quality', 'update_db' retrieved from /opt/airflow/dags/main.py
[2026-09-10T07:19:09.282+0000] {logging_mixin.py:188} INFO - [2026-09-10T07:19:09.281+0000] {dag.py:3096} INFO - Sync 3 DAGs
[2026-09-10T07:19:09.324+0000] {logging_mixin.py:188} INFO - [2026-09-10T07:19:09.323+0000] {dag.py:3954} INFO - Setting next_dagrun for data_quality to None, run_after=None
[2026-09-10T07:19:09.334+0000] {logging_mixin.py:188} INFO - [2026-09-10T07:19:09.334+0000] {dag.py:3954} INFO - Setting next_dagrun for produce_json to 2026-09-10 14:00:00+00:00, run_after=2026-09-11 14:00:00+00:00
[2026-09-10T07:19:09.339+0000] {logging_mixin.py:188} INFO - [2026-09-10T07:19:09.339+0000] {dag.py:3954} INFO - Setting next_dagrun for update_db to None, run_after=None
[2026-09-10T07:19:09.390+0000] {processor.py:183} INFO - Processing /opt/airflow/dags/main.py took 0.618 seconds
[2026-09-10T07:19:39.578+0000] {processor.py:161} INFO - Started process (PID=1886) to work on /opt/airflow/dags/main.py
[2026-09-10T07:19:39.580+0000] {processor.py:830} INFO - Processing file /opt/airflow/dags/main.py for tasks to queue
[2026-09-10T07:19:39.585+0000] {logging_mixin.py:188} INFO - [2026-09-10T07:19:39.584+0000] {dagbag.py:545} INFO - Filling up the DagBag from /opt/airflow/dags/main.py
[2026-09-10T07:19:39.643+0000] {logging_mixin.py:188} INFO - channel id is not executed
[2026-09-10T07:19:39.747+0000] {processor.py:840} INFO - DAG(s) 'update_db', 'produce_json', 'data_quality' retrieved from /opt/airflow/dags/main.py
[2026-09-10T07:19:39.966+0000] {logging_mixin.py:188} INFO - [2026-09-10T07:19:39.965+0000] {dag.py:3096} INFO - Sync 3 DAGs
[2026-09-10T07:19:40.003+0000] {logging_mixin.py:188} INFO - [2026-09-10T07:19:40.002+0000] {dag.py:3954} INFO - Setting next_dagrun for data_quality to None, run_after=None
[2026-09-10T07:19:40.011+0000] {logging_mixin.py:188} INFO - [2026-09-10T07:19:40.011+0000] {dag.py:3954} INFO - Setting next_dagrun for produce_json to 2026-09-10 14:00:00+00:00, run_after=2026-09-11 14:00:00+00:00
[2026-09-10T07:19:40.015+0000] {logging_mixin.py:188} INFO - [2026-09-10T07:19:40.015+0000] {dag.py:3954} INFO - Setting next_dagrun for update_db to None, run_after=None
[2026-09-10T07:19:40.053+0000] {processor.py:183} INFO - Processing /opt/airflow/dags/main.py took 0.485 seconds
[2026-09-10T07:20:10.495+0000] {processor.py:161} INFO - Started process (PID=1893) to work on /opt/airflow/dags/main.py
[2026-09-10T07:20:10.498+0000] {processor.py:830} INFO - Processing file /opt/airflow/dags/main.py for tasks to queue
[2026-09-10T07:20:10.508+0000] {logging_mixin.py:188} INFO - [2026-09-10T07:20:10.507+0000] {dagbag.py:545} INFO - Filling up the DagBag from /opt/airflow/dags/main.py
[2026-09-10T07:20:10.590+0000] {logging_mixin.py:188} INFO - channel id is not executed
[2026-09-10T07:20:10.717+0000] {processor.py:840} INFO - DAG(s) 'produce_json', 'data_quality', 'update_db' retrieved from /opt/airflow/dags/main.py
[2026-09-10T07:20:10.940+0000] {logging_mixin.py:188} INFO - [2026-09-10T07:20:10.940+0000] {dag.py:3096} INFO - Sync 3 DAGs
[2026-09-10T07:20:10.976+0000] {logging_mixin.py:188} INFO - [2026-09-10T07:20:10.975+0000] {dag.py:3954} INFO - Setting next_dagrun for data_quality to None, run_after=None
[2026-09-10T07:20:10.985+0000] {logging_mixin.py:188} INFO - [2026-09-10T07:20:10.985+0000] {dag.py:3954} INFO - Setting next_dagrun for produce_json to 2026-09-10 14:00:00+00:00, run_after=2026-09-11 14:00:00+00:00
[2026-09-10T07:20:10.990+0000] {logging_mixin.py:188} INFO - [2026-09-10T07:20:10.990+0000] {dag.py:3954} INFO - Setting next_dagrun for update_db to None, run_after=None
[2026-09-10T07:20:11.029+0000] {processor.py:183} INFO - Processing /opt/airflow/dags/main.py took 0.555 seconds
[2026-09-10T07:20:41.441+0000] {processor.py:161} INFO - Started process (PID=1900) to work on /opt/airflow/dags/main.py
[2026-09-10T07:20:41.444+0000] {processor.py:830} INFO - Processing file /opt/airflow/dags/main.py for tasks to queue
[2026-09-10T07:20:41.447+0000] {logging_mixin.py:188} INFO - [2026-09-10T07:20:41.447+0000] {dagbag.py:545} INFO - Filling up the DagBag from /opt/airflow/dags/main.py
[2026-09-10T07:20:41.511+0000] {logging_mixin.py:188} INFO - channel id is not executed
[2026-09-10T07:20:41.630+0000] {processor.py:840} INFO - DAG(s) 'data_quality', 'produce_json', 'update_db' retrieved from /opt/airflow/dags/main.py
[2026-09-10T07:20:41.855+0000] {logging_mixin.py:188} INFO - [2026-09-10T07:20:41.855+0000] {dag.py:3096} INFO - Sync 3 DAGs
[2026-09-10T07:20:41.889+0000] {logging_mixin.py:188} INFO - [2026-09-10T07:20:41.889+0000] {dag.py:3954} INFO - Setting next_dagrun for data_quality to None, run_after=None
[2026-09-10T07:20:41.899+0000] {logging_mixin.py:188} INFO - [2026-09-10T07:20:41.899+0000] {dag.py:3954} INFO - Setting next_dagrun for produce_json to 2026-09-10 14:00:00+00:00, run_after=2026-09-11 14:00:00+00:00
[2026-09-10T07:20:41.903+0000] {logging_mixin.py:188} INFO - [2026-09-10T07:20:41.903+0000] {dag.py:3954} INFO - Setting next_dagrun for update_db to None, run_after=None
[2026-09-10T07:20:41.953+0000] {processor.py:183} INFO - Processing /opt/airflow/dags/main.py took 0.520 seconds
[2026-09-10T07:21:12.034+0000] {processor.py:161} INFO - Started process (PID=1908) to work on /opt/airflow/dags/main.py
[2026-09-10T07:21:12.035+0000] {processor.py:830} INFO - Processing file /opt/airflow/dags/main.py for tasks to queue
[2026-09-10T07:21:12.039+0000] {logging_mixin.py:188} INFO - [2026-09-10T07:21:12.039+0000] {dagbag.py:545} INFO - Filling up the DagBag from /opt/airflow/dags/main.py
[2026-09-10T07:21:12.095+0000] {logging_mixin.py:188} INFO - channel id is not executed
[2026-09-10T07:21:12.197+0000] {processor.py:840} INFO - DAG(s) 'produce_json', 'data_quality', 'update_db' retrieved from /opt/airflow/dags/main.py
[2026-09-10T07:21:12.422+0000] {logging_mixin.py:188} INFO - [2026-09-10T07:21:12.422+0000] {dag.py:3096} INFO - Sync 3 DAGs
[2026-09-10T07:21:12.460+0000] {logging_mixin.py:188} INFO - [2026-09-10T07:21:12.460+0000] {dag.py:3954} INFO - Setting next_dagrun for data_quality to None, run_after=None
[2026-09-10T07:21:12.472+0000] {logging_mixin.py:188} INFO - [2026-09-10T07:21:12.471+0000] {dag.py:3954} INFO - Setting next_dagrun for produce_json to 2026-09-10 14:00:00+00:00, run_after=2026-09-11 14:00:00+00:00
[2026-09-10T07:21:12.477+0000] {logging_mixin.py:188} INFO - [2026-09-10T07:21:12.476+0000] {dag.py:3954} INFO - Setting next_dagrun for update_db to None, run_after=None
[2026-09-10T07:21:12.525+0000] {processor.py:183} INFO - Processing /opt/airflow/dags/main.py took 0.500 seconds
[2026-09-10T07:21:42.971+0000] {processor.py:161} INFO - Started process (PID=1915) to work on /opt/airflow/dags/main.py
[2026-09-10T07:21:42.982+0000] {processor.py:830} INFO - Processing file /opt/airflow/dags/main.py for tasks to queue
[2026-09-10T07:21:42.988+0000] {logging_mixin.py:188} INFO - [2026-09-10T07:21:42.987+0000] {dagbag.py:545} INFO - Filling up the DagBag from /opt/airflow/dags/main.py
[2026-09-10T07:21:43.087+0000] {logging_mixin.py:188} INFO - channel id is not executed
[2026-09-10T07:21:43.187+0000] {processor.py:840} INFO - DAG(s) 'update_db', 'produce_json', 'data_quality' retrieved from /opt/airflow/dags/main.py
[2026-09-10T07:21:43.596+0000] {logging_mixin.py:188} INFO - [2026-09-10T07:21:43.595+0000] {dag.py:3096} INFO - Sync 3 DAGs
[2026-09-10T07:21:43.673+0000] {logging_mixin.py:188} INFO - [2026-09-10T07:21:43.672+0000] {dag.py:3954} INFO - Setting next_dagrun for data_quality to None, run_after=None
[2026-09-10T07:21:43.694+0000] {logging_mixin.py:188} INFO - [2026-09-10T07:21:43.694+0000] {dag.py:3954} INFO - Setting next_dagrun for produce_json to 2026-09-10 14:00:00+00:00, run_after=2026-09-11 14:00:00+00:00
[2026-09-10T07:21:43.704+0000] {logging_mixin.py:188} INFO - [2026-09-10T07:21:43.704+0000] {dag.py:3954} INFO - Setting next_dagrun for update_db to None, run_after=None
[2026-09-10T07:21:43.788+0000] {processor.py:183} INFO - Processing /opt/airflow/dags/main.py took 0.826 seconds
[2026-09-10T07:22:14.130+0000] {processor.py:161} INFO - Started process (PID=1923) to work on /opt/airflow/dags/main.py
[2026-09-10T07:22:14.132+0000] {processor.py:830} INFO - Processing file /opt/airflow/dags/main.py for tasks to queue
[2026-09-10T07:22:14.136+0000] {logging_mixin.py:188} INFO - [2026-09-10T07:22:14.136+0000] {dagbag.py:545} INFO - Filling up the DagBag from /opt/airflow/dags/main.py
[2026-09-10T07:22:14.204+0000] {logging_mixin.py:188} INFO - channel id is not executed
[2026-09-10T07:22:14.317+0000] {processor.py:840} INFO - DAG(s) 'produce_json', 'data_quality', 'update_db' retrieved from /opt/airflow/dags/main.py
[2026-09-10T07:22:14.522+0000] {logging_mixin.py:188} INFO - [2026-09-10T07:22:14.522+0000] {dag.py:3096} INFO - Sync 3 DAGs
[2026-09-10T07:22:14.555+0000] {logging_mixin.py:188} INFO - [2026-09-10T07:22:14.555+0000] {dag.py:3954} INFO - Setting next_dagrun for data_quality to None, run_after=None
[2026-09-10T07:22:14.568+0000] {logging_mixin.py:188} INFO - [2026-09-10T07:22:14.567+0000] {dag.py:3954} INFO - Setting next_dagrun for produce_json to 2026-09-10 14:00:00+00:00, run_after=2026-09-11 14:00:00+00:00
[2026-09-10T07:22:14.571+0000] {logging_mixin.py:188} INFO - [2026-09-10T07:22:14.571+0000] {dag.py:3954} INFO - Setting next_dagrun for update_db to None, run_after=None
[2026-09-10T07:22:14.623+0000] {processor.py:183} INFO - Processing /opt/airflow/dags/main.py took 0.503 seconds
[2026-09-10T07:22:45.006+0000] {processor.py:161} INFO - Started process (PID=1930) to work on /opt/airflow/dags/main.py
[2026-09-10T07:22:45.008+0000] {processor.py:830} INFO - Processing file /opt/airflow/dags/main.py for tasks to queue
[2026-09-10T07:22:45.015+0000] {logging_mixin.py:188} INFO - [2026-09-10T07:22:45.013+0000] {dagbag.py:545} INFO - Filling up the DagBag from /opt/airflow/dags/main.py
[2026-09-10T07:22:45.080+0000] {logging_mixin.py:188} INFO - channel id is not executed
[2026-09-10T07:22:45.217+0000] {processor.py:840} INFO - DAG(s) 'data_quality', 'update_db', 'produce_json' retrieved from /opt/airflow/dags/main.py
[2026-09-10T07:22:45.425+0000] {logging_mixin.py:188} INFO - [2026-09-10T07:22:45.425+0000] {dag.py:3096} INFO - Sync 3 DAGs
[2026-09-10T07:22:45.463+0000] {logging_mixin.py:188} INFO - [2026-09-10T07:22:45.463+0000] {dag.py:3954} INFO - Setting next_dagrun for data_quality to None, run_after=None
[2026-09-10T07:22:45.471+0000] {logging_mixin.py:188} INFO - [2026-09-10T07:22:45.471+0000] {dag.py:3954} INFO - Setting next_dagrun for produce_json to 2026-09-10 14:00:00+00:00, run_after=2026-09-11 14:00:00+00:00
[2026-09-10T07:22:45.475+0000] {logging_mixin.py:188} INFO - [2026-09-10T07:22:45.475+0000] {dag.py:3954} INFO - Setting next_dagrun for update_db to None, run_after=None
[2026-09-10T07:22:45.525+0000] {processor.py:183} INFO - Processing /opt/airflow/dags/main.py took 0.528 seconds
[2026-09-10T07:23:15.726+0000] {processor.py:161} INFO - Started process (PID=1938) to work on /opt/airflow/dags/main.py
[2026-09-10T07:23:15.728+0000] {processor.py:830} INFO - Processing file /opt/airflow/dags/main.py for tasks to queue
[2026-09-10T07:23:15.734+0000] {logging_mixin.py:188} INFO - [2026-09-10T07:23:15.733+0000] {dagbag.py:545} INFO - Filling up the DagBag from /opt/airflow/dags/main.py
[2026-09-10T07:23:15.854+0000] {logging_mixin.py:188} INFO - channel id is not executed
[2026-09-10T07:23:15.963+0000] {processor.py:840} INFO - DAG(s) 'update_db', 'produce_json', 'data_quality' retrieved from /opt/airflow/dags/main.py
[2026-09-10T07:23:16.176+0000] {logging_mixin.py:188} INFO - [2026-09-10T07:23:16.176+0000] {dag.py:3096} INFO - Sync 3 DAGs
[2026-09-10T07:23:16.211+0000] {logging_mixin.py:188} INFO - [2026-09-10T07:23:16.211+0000] {dag.py:3954} INFO - Setting next_dagrun for data_quality to None, run_after=None
[2026-09-10T07:23:16.221+0000] {logging_mixin.py:188} INFO - [2026-09-10T07:23:16.221+0000] {dag.py:3954} INFO - Setting next_dagrun for produce_json to 2026-09-10 14:00:00+00:00, run_after=2026-09-11 14:00:00+00:00
[2026-09-10T07:23:16.224+0000] {logging_mixin.py:188} INFO - [2026-09-10T07:23:16.224+0000] {dag.py:3954} INFO - Setting next_dagrun for update_db to None, run_after=None
[2026-09-10T07:23:16.275+0000] {processor.py:183} INFO - Processing /opt/airflow/dags/main.py took 0.558 seconds
[2026-09-10T07:23:46.503+0000] {processor.py:161} INFO - Started process (PID=1945) to work on /opt/airflow/dags/main.py
[2026-09-10T07:23:46.505+0000] {processor.py:830} INFO - Processing file /opt/airflow/dags/main.py for tasks to queue
[2026-09-10T07:23:46.530+0000] {logging_mixin.py:188} INFO - [2026-09-10T07:23:46.530+0000] {dagbag.py:545} INFO - Filling up the DagBag from /opt/airflow/dags/main.py
[2026-09-10T07:23:46.709+0000] {logging_mixin.py:188} INFO - channel id is not executed
[2026-09-10T07:23:46.839+0000] {processor.py:840} INFO - DAG(s) 'produce_json', 'data_quality', 'update_db' retrieved from /opt/airflow/dags/main.py
[2026-09-10T07:23:47.246+0000] {logging_mixin.py:188} INFO - [2026-09-10T07:23:47.246+0000] {dag.py:3096} INFO - Sync 3 DAGs
[2026-09-10T07:23:47.371+0000] {logging_mixin.py:188} INFO - [2026-09-10T07:23:47.371+0000] {dag.py:3954} INFO - Setting next_dagrun for data_quality to None, run_after=None
[2026-09-10T07:23:47.439+0000] {logging_mixin.py:188} INFO - [2026-09-10T07:23:47.439+0000] {dag.py:3954} INFO - Setting next_dagrun for produce_json to 2026-09-10 14:00:00+00:00, run_after=2026-09-11 14:00:00+00:00
[2026-09-10T07:23:47.476+0000] {logging_mixin.py:188} INFO - [2026-09-10T07:23:47.476+0000] {dag.py:3954} INFO - Setting next_dagrun for update_db to None, run_after=None
[2026-09-10T07:23:47.755+0000] {processor.py:183} INFO - Processing /opt/airflow/dags/main.py took 1.272 seconds
[2026-09-10T07:24:17.892+0000] {processor.py:161} INFO - Started process (PID=1953) to work on /opt/airflow/dags/main.py
[2026-09-10T07:24:17.894+0000] {processor.py:830} INFO - Processing file /opt/airflow/dags/main.py for tasks to queue
[2026-09-10T07:24:17.902+0000] {logging_mixin.py:188} INFO - [2026-09-10T07:24:17.901+0000] {dagbag.py:545} INFO - Filling up the DagBag from /opt/airflow/dags/main.py
[2026-09-10T07:24:17.995+0000] {logging_mixin.py:188} INFO - channel id is not executed
[2026-09-10T07:24:18.129+0000] {processor.py:840} INFO - DAG(s) 'update_db', 'produce_json', 'data_quality' retrieved from /opt/airflow/dags/main.py
[2026-09-10T07:24:18.434+0000] {logging_mixin.py:188} INFO - [2026-09-10T07:24:18.433+0000] {dag.py:3096} INFO - Sync 3 DAGs
[2026-09-10T07:24:18.525+0000] {logging_mixin.py:188} INFO - [2026-09-10T07:24:18.524+0000] {dag.py:3954} INFO - Setting next_dagrun for data_quality to None, run_after=None
[2026-09-10T07:24:18.576+0000] {logging_mixin.py:188} INFO - [2026-09-10T07:24:18.575+0000] {dag.py:3954} INFO - Setting next_dagrun for produce_json to 2026-09-10 14:00:00+00:00, run_after=2026-09-11 14:00:00+00:00
[2026-09-10T07:24:18.583+0000] {logging_mixin.py:188} INFO - [2026-09-10T07:24:18.582+0000] {dag.py:3954} INFO - Setting next_dagrun for update_db to None, run_after=None
[2026-09-10T07:24:18.682+0000] {processor.py:183} INFO - Processing /opt/airflow/dags/main.py took 0.799 seconds
[2026-09-10T07:24:49.082+0000] {processor.py:161} INFO - Started process (PID=1959) to work on /opt/airflow/dags/main.py
[2026-09-10T07:24:49.085+0000] {processor.py:830} INFO - Processing file /opt/airflow/dags/main.py for tasks to queue
[2026-09-10T07:24:49.091+0000] {logging_mixin.py:188} INFO - [2026-09-10T07:24:49.090+0000] {dagbag.py:545} INFO - Filling up the DagBag from /opt/airflow/dags/main.py
[2026-09-10T07:24:49.152+0000] {logging_mixin.py:188} INFO - channel id is not executed
[2026-09-10T07:24:49.249+0000] {processor.py:840} INFO - DAG(s) 'update_db', 'data_quality', 'produce_json' retrieved from /opt/airflow/dags/main.py
[2026-09-10T07:24:49.554+0000] {logging_mixin.py:188} INFO - [2026-09-10T07:24:49.554+0000] {dag.py:3096} INFO - Sync 3 DAGs
[2026-09-10T07:24:49.585+0000] {logging_mixin.py:188} INFO - [2026-09-10T07:24:49.584+0000] {dag.py:3954} INFO - Setting next_dagrun for data_quality to None, run_after=None
[2026-09-10T07:24:49.597+0000] {logging_mixin.py:188} INFO - [2026-09-10T07:24:49.597+0000] {dag.py:3954} INFO - Setting next_dagrun for produce_json to 2026-09-10 14:00:00+00:00, run_after=2026-09-11 14:00:00+00:00
[2026-09-10T07:24:49.601+0000] {logging_mixin.py:188} INFO - [2026-09-10T07:24:49.601+0000] {dag.py:3954} INFO - Setting next_dagrun for update_db to None, run_after=None
[2026-09-10T07:24:49.642+0000] {processor.py:183} INFO - Processing /opt/airflow/dags/main.py took 0.575 seconds
[2026-09-10T07:25:20.067+0000] {processor.py:161} INFO - Started process (PID=1966) to work on /opt/airflow/dags/main.py
[2026-09-10T07:25:20.072+0000] {processor.py:830} INFO - Processing file /opt/airflow/dags/main.py for tasks to queue
[2026-09-10T07:25:20.081+0000] {logging_mixin.py:188} INFO - [2026-09-10T07:25:20.080+0000] {dagbag.py:545} INFO - Filling up the DagBag from /opt/airflow/dags/main.py
[2026-09-10T07:25:20.247+0000] {logging_mixin.py:188} INFO - channel id is not executed
[2026-09-10T07:25:20.343+0000] {processor.py:840} INFO - DAG(s) 'data_quality', 'produce_json', 'update_db' retrieved from /opt/airflow/dags/main.py
[2026-09-10T07:25:20.568+0000] {logging_mixin.py:188} INFO - [2026-09-10T07:25:20.567+0000] {dag.py:3096} INFO - Sync 3 DAGs
[2026-09-10T07:25:20.606+0000] {logging_mixin.py:188} INFO - [2026-09-10T07:25:20.605+0000] {dag.py:3954} INFO - Setting next_dagrun for data_quality to None, run_after=None
[2026-09-10T07:25:20.616+0000] {logging_mixin.py:188} INFO - [2026-09-10T07:25:20.616+0000] {dag.py:3954} INFO - Setting next_dagrun for produce_json to 2026-09-10 14:00:00+00:00, run_after=2026-09-11 14:00:00+00:00
[2026-09-10T07:25:20.620+0000] {logging_mixin.py:188} INFO - [2026-09-10T07:25:20.620+0000] {dag.py:3954} INFO - Setting next_dagrun for update_db to None, run_after=None
[2026-09-10T07:25:20.666+0000] {processor.py:183} INFO - Processing /opt/airflow/dags/main.py took 0.610 seconds
[2026-09-10T07:25:51.025+0000] {processor.py:161} INFO - Started process (PID=1973) to work on /opt/airflow/dags/main.py
[2026-09-10T07:25:51.039+0000] {processor.py:830} INFO - Processing file /opt/airflow/dags/main.py for tasks to queue
[2026-09-10T07:25:51.051+0000] {logging_mixin.py:188} INFO - [2026-09-10T07:25:51.049+0000] {dagbag.py:545} INFO - Filling up the DagBag from /opt/airflow/dags/main.py
[2026-09-10T07:25:51.154+0000] {logging_mixin.py:188} INFO - channel id is not executed
[2026-09-10T07:25:51.264+0000] {processor.py:840} INFO - DAG(s) 'update_db', 'produce_json', 'data_quality' retrieved from /opt/airflow/dags/main.py
[2026-09-10T07:25:51.475+0000] {logging_mixin.py:188} INFO - [2026-09-10T07:25:51.474+0000] {dag.py:3096} INFO - Sync 3 DAGs
[2026-09-10T07:25:51.508+0000] {logging_mixin.py:188} INFO - [2026-09-10T07:25:51.508+0000] {dag.py:3954} INFO - Setting next_dagrun for data_quality to None, run_after=None
[2026-09-10T07:25:51.517+0000] {logging_mixin.py:188} INFO - [2026-09-10T07:25:51.517+0000] {dag.py:3954} INFO - Setting next_dagrun for produce_json to 2026-09-10 14:00:00+00:00, run_after=2026-09-11 14:00:00+00:00
[2026-09-10T07:25:51.521+0000] {logging_mixin.py:188} INFO - [2026-09-10T07:25:51.520+0000] {dag.py:3954} INFO - Setting next_dagrun for update_db to None, run_after=None
[2026-09-10T07:25:51.573+0000] {processor.py:183} INFO - Processing /opt/airflow/dags/main.py took 0.560 seconds
[2026-09-10T07:26:22.066+0000] {processor.py:161} INFO - Started process (PID=1980) to work on /opt/airflow/dags/main.py
[2026-09-10T07:26:22.068+0000] {processor.py:830} INFO - Processing file /opt/airflow/dags/main.py for tasks to queue
[2026-09-10T07:26:22.073+0000] {logging_mixin.py:188} INFO - [2026-09-10T07:26:22.072+0000] {dagbag.py:545} INFO - Filling up the DagBag from /opt/airflow/dags/main.py
[2026-09-10T07:26:22.167+0000] {logging_mixin.py:188} INFO - channel id is not executed
[2026-09-10T07:26:22.662+0000] {processor.py:840} INFO - DAG(s) 'data_quality', 'produce_json', 'update_db' retrieved from /opt/airflow/dags/main.py
[2026-09-10T07:26:22.913+0000] {logging_mixin.py:188} INFO - [2026-09-10T07:26:22.913+0000] {dag.py:3096} INFO - Sync 3 DAGs
[2026-09-10T07:26:22.964+0000] {logging_mixin.py:188} INFO - [2026-09-10T07:26:22.964+0000] {dag.py:3954} INFO - Setting next_dagrun for data_quality to None, run_after=None
[2026-09-10T07:26:22.982+0000] {logging_mixin.py:188} INFO - [2026-09-10T07:26:22.982+0000] {dag.py:3954} INFO - Setting next_dagrun for produce_json to 2026-09-10 14:00:00+00:00, run_after=2026-09-11 14:00:00+00:00
[2026-09-10T07:26:22.991+0000] {logging_mixin.py:188} INFO - [2026-09-10T07:26:22.990+0000] {dag.py:3954} INFO - Setting next_dagrun for update_db to None, run_after=None
[2026-09-10T07:26:23.054+0000] {processor.py:183} INFO - Processing /opt/airflow/dags/main.py took 1.000 seconds
[2026-09-10T07:26:53.140+0000] {processor.py:161} INFO - Started process (PID=1993) to work on /opt/airflow/dags/main.py
[2026-09-10T07:26:53.142+0000] {processor.py:830} INFO - Processing file /opt/airflow/dags/main.py for tasks to queue
[2026-09-10T07:26:53.146+0000] {logging_mixin.py:188} INFO - [2026-09-10T07:26:53.145+0000] {dagbag.py:545} INFO - Filling up the DagBag from /opt/airflow/dags/main.py
[2026-09-10T07:26:53.212+0000] {logging_mixin.py:188} INFO - channel id is not executed
[2026-09-10T07:26:53.323+0000] {processor.py:840} INFO - DAG(s) 'produce_json', 'data_quality', 'update_db' retrieved from /opt/airflow/dags/main.py
[2026-09-10T07:26:53.556+0000] {logging_mixin.py:188} INFO - [2026-09-10T07:26:53.555+0000] {dag.py:3096} INFO - Sync 3 DAGs
[2026-09-10T07:26:53.600+0000] {logging_mixin.py:188} INFO - [2026-09-10T07:26:53.600+0000] {dag.py:3954} INFO - Setting next_dagrun for data_quality to None, run_after=None
[2026-09-10T07:26:53.628+0000] {logging_mixin.py:188} INFO - [2026-09-10T07:26:53.628+0000] {dag.py:3954} INFO - Setting next_dagrun for produce_json to 2026-09-10 14:00:00+00:00, run_after=2026-09-11 14:00:00+00:00
[2026-09-10T07:26:53.637+0000] {logging_mixin.py:188} INFO - [2026-09-10T07:26:53.637+0000] {dag.py:3954} INFO - Setting next_dagrun for update_db to None, run_after=None
[2026-09-10T07:26:53.712+0000] {processor.py:183} INFO - Processing /opt/airflow/dags/main.py took 0.581 seconds
[2026-09-10T07:27:24.332+0000] {processor.py:161} INFO - Started process (PID=2000) to work on /opt/airflow/dags/main.py
[2026-09-10T07:27:24.336+0000] {processor.py:830} INFO - Processing file /opt/airflow/dags/main.py for tasks to queue
[2026-09-10T07:27:24.345+0000] {logging_mixin.py:188} INFO - [2026-09-10T07:27:24.343+0000] {dagbag.py:545} INFO - Filling up the DagBag from /opt/airflow/dags/main.py
[2026-09-10T07:27:24.419+0000] {logging_mixin.py:188} INFO - channel id is not executed
[2026-09-10T07:27:24.541+0000] {processor.py:840} INFO - DAG(s) 'update_db', 'data_quality', 'produce_json' retrieved from /opt/airflow/dags/main.py
[2026-09-10T07:27:24.802+0000] {logging_mixin.py:188} INFO - [2026-09-10T07:27:24.802+0000] {dag.py:3096} INFO - Sync 3 DAGs
[2026-09-10T07:27:24.839+0000] {logging_mixin.py:188} INFO - [2026-09-10T07:27:24.839+0000] {dag.py:3954} INFO - Setting next_dagrun for data_quality to None, run_after=None
[2026-09-10T07:27:24.854+0000] {logging_mixin.py:188} INFO - [2026-09-10T07:27:24.853+0000] {dag.py:3954} INFO - Setting next_dagrun for produce_json to 2026-09-10 14:00:00+00:00, run_after=2026-09-11 14:00:00+00:00
[2026-09-10T07:27:24.858+0000] {logging_mixin.py:188} INFO - [2026-09-10T07:27:24.857+0000] {dag.py:3954} INFO - Setting next_dagrun for update_db to None, run_after=None
[2026-09-10T07:27:24.894+0000] {processor.py:183} INFO - Processing /opt/airflow/dags/main.py took 0.577 seconds
[2026-09-10T07:27:55.243+0000] {processor.py:161} INFO - Started process (PID=2007) to work on /opt/airflow/dags/main.py
[2026-09-10T07:27:55.245+0000] {processor.py:830} INFO - Processing file /opt/airflow/dags/main.py for tasks to queue
[2026-09-10T07:27:55.249+0000] {logging_mixin.py:188} INFO - [2026-09-10T07:27:55.249+0000] {dagbag.py:545} INFO - Filling up the DagBag from /opt/airflow/dags/main.py
[2026-09-10T07:27:55.344+0000] {logging_mixin.py:188} INFO - channel id is not executed
[2026-09-10T07:27:55.450+0000] {processor.py:840} INFO - DAG(s) 'produce_json', 'update_db', 'data_quality' retrieved from /opt/airflow/dags/main.py
[2026-09-10T07:27:55.660+0000] {logging_mixin.py:188} INFO - [2026-09-10T07:27:55.659+0000] {dag.py:3096} INFO - Sync 3 DAGs
[2026-09-10T07:27:55.694+0000] {logging_mixin.py:188} INFO - [2026-09-10T07:27:55.693+0000] {dag.py:3954} INFO - Setting next_dagrun for data_quality to None, run_after=None
[2026-09-10T07:27:55.704+0000] {logging_mixin.py:188} INFO - [2026-09-10T07:27:55.703+0000] {dag.py:3954} INFO - Setting next_dagrun for produce_json to 2026-09-10 14:00:00+00:00, run_after=2026-09-11 14:00:00+00:00
[2026-09-10T07:27:55.709+0000] {logging_mixin.py:188} INFO - [2026-09-10T07:27:55.709+0000] {dag.py:3954} INFO - Setting next_dagrun for update_db to None, run_after=None
[2026-09-10T07:27:55.782+0000] {processor.py:183} INFO - Processing /opt/airflow/dags/main.py took 0.549 seconds
[2026-09-10T07:28:26.055+0000] {processor.py:161} INFO - Started process (PID=2014) to work on /opt/airflow/dags/main.py
[2026-09-10T07:28:26.057+0000] {processor.py:830} INFO - Processing file /opt/airflow/dags/main.py for tasks to queue
[2026-09-10T07:28:26.061+0000] {logging_mixin.py:188} INFO - [2026-09-10T07:28:26.061+0000] {dagbag.py:545} INFO - Filling up the DagBag from /opt/airflow/dags/main.py
[2026-09-10T07:28:26.254+0000] {logging_mixin.py:188} INFO - channel id is not executed
[2026-09-10T07:28:26.363+0000] {processor.py:840} INFO - DAG(s) 'update_db', 'data_quality', 'produce_json' retrieved from /opt/airflow/dags/main.py
[2026-09-10T07:28:26.601+0000] {logging_mixin.py:188} INFO - [2026-09-10T07:28:26.600+0000] {dag.py:3096} INFO - Sync 3 DAGs
[2026-09-10T07:28:26.642+0000] {logging_mixin.py:188} INFO - [2026-09-10T07:28:26.642+0000] {dag.py:3954} INFO - Setting next_dagrun for data_quality to None, run_after=None
[2026-09-10T07:28:26.651+0000] {logging_mixin.py:188} INFO - [2026-09-10T07:28:26.651+0000] {dag.py:3954} INFO - Setting next_dagrun for produce_json to 2026-09-10 14:00:00+00:00, run_after=2026-09-11 14:00:00+00:00
[2026-09-10T07:28:26.655+0000] {logging_mixin.py:188} INFO - [2026-09-10T07:28:26.654+0000] {dag.py:3954} INFO - Setting next_dagrun for update_db to None, run_after=None
[2026-09-10T07:28:26.700+0000] {processor.py:183} INFO - Processing /opt/airflow/dags/main.py took 0.659 seconds
[2026-09-10T07:28:57.139+0000] {processor.py:161} INFO - Started process (PID=2022) to work on /opt/airflow/dags/main.py
[2026-09-10T07:28:57.142+0000] {processor.py:830} INFO - Processing file /opt/airflow/dags/main.py for tasks to queue
[2026-09-10T07:28:57.151+0000] {logging_mixin.py:188} INFO - [2026-09-10T07:28:57.151+0000] {dagbag.py:545} INFO - Filling up the DagBag from /opt/airflow/dags/main.py
[2026-09-10T07:28:57.226+0000] {logging_mixin.py:188} INFO - channel id is not executed
[2026-09-10T07:28:57.339+0000] {processor.py:840} INFO - DAG(s) 'update_db', 'produce_json', 'data_quality' retrieved from /opt/airflow/dags/main.py
[2026-09-10T07:28:57.632+0000] {logging_mixin.py:188} INFO - [2026-09-10T07:28:57.632+0000] {dag.py:3096} INFO - Sync 3 DAGs
[2026-09-10T07:28:57.670+0000] {logging_mixin.py:188} INFO - [2026-09-10T07:28:57.670+0000] {dag.py:3954} INFO - Setting next_dagrun for data_quality to None, run_after=None
[2026-09-10T07:28:57.680+0000] {logging_mixin.py:188} INFO - [2026-09-10T07:28:57.680+0000] {dag.py:3954} INFO - Setting next_dagrun for produce_json to 2026-09-10 14:00:00+00:00, run_after=2026-09-11 14:00:00+00:00
[2026-09-10T07:28:57.684+0000] {logging_mixin.py:188} INFO - [2026-09-10T07:28:57.684+0000] {dag.py:3954} INFO - Setting next_dagrun for update_db to None, run_after=None
[2026-09-10T07:28:57.733+0000] {processor.py:183} INFO - Processing /opt/airflow/dags/main.py took 0.615 seconds
[2026-09-10T07:29:28.122+0000] {processor.py:161} INFO - Started process (PID=2029) to work on /opt/airflow/dags/main.py
[2026-09-10T07:29:28.124+0000] {processor.py:830} INFO - Processing file /opt/airflow/dags/main.py for tasks to queue
[2026-09-10T07:29:28.129+0000] {logging_mixin.py:188} INFO - [2026-09-10T07:29:28.128+0000] {dagbag.py:545} INFO - Filling up the DagBag from /opt/airflow/dags/main.py
[2026-09-10T07:29:28.256+0000] {logging_mixin.py:188} INFO - channel id is not executed
[2026-09-10T07:29:28.516+0000] {processor.py:840} INFO - DAG(s) 'data_quality', 'update_db', 'produce_json' retrieved from /opt/airflow/dags/main.py
[2026-09-10T07:29:28.944+0000] {logging_mixin.py:188} INFO - [2026-09-10T07:29:28.943+0000] {dag.py:3096} INFO - Sync 3 DAGs
[2026-09-10T07:29:28.990+0000] {logging_mixin.py:188} INFO - [2026-09-10T07:29:28.990+0000] {dag.py:3954} INFO - Setting next_dagrun for data_quality to None, run_after=None
[2026-09-10T07:29:29.000+0000] {logging_mixin.py:188} INFO - [2026-09-10T07:29:28.999+0000] {dag.py:3954} INFO - Setting next_dagrun for produce_json to 2026-09-10 14:00:00+00:00, run_after=2026-09-11 14:00:00+00:00
[2026-09-10T07:29:29.004+0000] {logging_mixin.py:188} INFO - [2026-09-10T07:29:29.003+0000] {dag.py:3954} INFO - Setting next_dagrun for update_db to None, run_after=None
[2026-09-10T07:29:29.040+0000] {processor.py:183} INFO - Processing /opt/airflow/dags/main.py took 0.927 seconds
[2026-09-10T07:29:59.376+0000] {processor.py:161} INFO - Started process (PID=2036) to work on /opt/airflow/dags/main.py
[2026-09-10T07:29:59.378+0000] {processor.py:830} INFO - Processing file /opt/airflow/dags/main.py for tasks to queue
[2026-09-10T07:29:59.382+0000] {logging_mixin.py:188} INFO - [2026-09-10T07:29:59.382+0000] {dagbag.py:545} INFO - Filling up the DagBag from /opt/airflow/dags/main.py
[2026-09-10T07:29:59.462+0000] {logging_mixin.py:188} INFO - channel id is not executed
[2026-09-10T07:29:59.599+0000] {processor.py:840} INFO - DAG(s) 'produce_json', 'update_db', 'data_quality' retrieved from /opt/airflow/dags/main.py
[2026-09-10T07:29:59.812+0000] {logging_mixin.py:188} INFO - [2026-09-10T07:29:59.811+0000] {dag.py:3096} INFO - Sync 3 DAGs
[2026-09-10T07:29:59.849+0000] {logging_mixin.py:188} INFO - [2026-09-10T07:29:59.848+0000] {dag.py:3954} INFO - Setting next_dagrun for data_quality to None, run_after=None
[2026-09-10T07:29:59.858+0000] {logging_mixin.py:188} INFO - [2026-09-10T07:29:59.857+0000] {dag.py:3954} INFO - Setting next_dagrun for produce_json to 2026-09-10 14:00:00+00:00, run_after=2026-09-11 14:00:00+00:00
[2026-09-10T07:29:59.862+0000] {logging_mixin.py:188} INFO - [2026-09-10T07:29:59.861+0000] {dag.py:3954} INFO - Setting next_dagrun for update_db to None, run_after=None
[2026-09-10T07:29:59.897+0000] {processor.py:183} INFO - Processing /opt/airflow/dags/main.py took 0.531 seconds
[2026-09-10T07:30:30.258+0000] {processor.py:161} INFO - Started process (PID=2043) to work on /opt/airflow/dags/main.py
[2026-09-10T07:30:30.260+0000] {processor.py:830} INFO - Processing file /opt/airflow/dags/main.py for tasks to queue
[2026-09-10T07:30:30.265+0000] {logging_mixin.py:188} INFO - [2026-09-10T07:30:30.264+0000] {dagbag.py:545} INFO - Filling up the DagBag from /opt/airflow/dags/main.py
[2026-09-10T07:30:30.331+0000] {logging_mixin.py:188} INFO - channel id is not executed
[2026-09-10T07:30:30.543+0000] {processor.py:840} INFO - DAG(s) 'produce_json', 'update_db', 'data_quality' retrieved from /opt/airflow/dags/main.py
[2026-09-10T07:30:30.761+0000] {logging_mixin.py:188} INFO - [2026-09-10T07:30:30.760+0000] {dag.py:3096} INFO - Sync 3 DAGs
[2026-09-10T07:30:30.799+0000] {logging_mixin.py:188} INFO - [2026-09-10T07:30:30.798+0000] {dag.py:3954} INFO - Setting next_dagrun for data_quality to None, run_after=None
[2026-09-10T07:30:30.809+0000] {logging_mixin.py:188} INFO - [2026-09-10T07:30:30.808+0000] {dag.py:3954} INFO - Setting next_dagrun for produce_json to 2026-09-10 14:00:00+00:00, run_after=2026-09-11 14:00:00+00:00
[2026-09-10T07:30:30.813+0000] {logging_mixin.py:188} INFO - [2026-09-10T07:30:30.812+0000] {dag.py:3954} INFO - Setting next_dagrun for update_db to None, run_after=None
[2026-09-10T07:30:30.849+0000] {processor.py:183} INFO - Processing /opt/airflow/dags/main.py took 0.600 seconds
[2026-09-10T07:31:01.219+0000] {processor.py:161} INFO - Started process (PID=2051) to work on /opt/airflow/dags/main.py
[2026-09-10T07:31:01.221+0000] {processor.py:830} INFO - Processing file /opt/airflow/dags/main.py for tasks to queue
[2026-09-10T07:31:01.225+0000] {logging_mixin.py:188} INFO - [2026-09-10T07:31:01.224+0000] {dagbag.py:545} INFO - Filling up the DagBag from /opt/airflow/dags/main.py
[2026-09-10T07:31:01.298+0000] {logging_mixin.py:188} INFO - channel id is not executed
[2026-09-10T07:31:01.408+0000] {processor.py:840} INFO - DAG(s) 'update_db', 'data_quality', 'produce_json' retrieved from /opt/airflow/dags/main.py
[2026-09-10T07:31:01.669+0000] {logging_mixin.py:188} INFO - [2026-09-10T07:31:01.669+0000] {dag.py:3096} INFO - Sync 3 DAGs
[2026-09-10T07:31:01.709+0000] {logging_mixin.py:188} INFO - [2026-09-10T07:31:01.708+0000] {dag.py:3954} INFO - Setting next_dagrun for data_quality to None, run_after=None
[2026-09-10T07:31:01.720+0000] {logging_mixin.py:188} INFO - [2026-09-10T07:31:01.720+0000] {dag.py:3954} INFO - Setting next_dagrun for produce_json to 2026-09-10 14:00:00+00:00, run_after=2026-09-11 14:00:00+00:00
[2026-09-10T07:31:01.725+0000] {logging_mixin.py:188} INFO - [2026-09-10T07:31:01.724+0000] {dag.py:3954} INFO - Setting next_dagrun for update_db to None, run_after=None
[2026-09-10T07:31:01.763+0000] {processor.py:183} INFO - Processing /opt/airflow/dags/main.py took 0.555 seconds
[2026-09-10T07:31:32.055+0000] {processor.py:161} INFO - Started process (PID=2058) to work on /opt/airflow/dags/main.py
[2026-09-10T07:31:32.058+0000] {processor.py:830} INFO - Processing file /opt/airflow/dags/main.py for tasks to queue
[2026-09-10T07:31:32.065+0000] {logging_mixin.py:188} INFO - [2026-09-10T07:31:32.064+0000] {dagbag.py:545} INFO - Filling up the DagBag from /opt/airflow/dags/main.py
[2026-09-10T07:31:32.123+0000] {logging_mixin.py:188} INFO - channel id is not executed
[2026-09-10T07:31:32.221+0000] {processor.py:840} INFO - DAG(s) 'produce_json', 'update_db', 'data_quality' retrieved from /opt/airflow/dags/main.py
[2026-09-10T07:31:32.441+0000] {logging_mixin.py:188} INFO - [2026-09-10T07:31:32.441+0000] {dag.py:3096} INFO - Sync 3 DAGs
[2026-09-10T07:31:32.478+0000] {logging_mixin.py:188} INFO - [2026-09-10T07:31:32.478+0000] {dag.py:3954} INFO - Setting next_dagrun for data_quality to None, run_after=None
[2026-09-10T07:31:32.489+0000] {logging_mixin.py:188} INFO - [2026-09-10T07:31:32.489+0000] {dag.py:3954} INFO - Setting next_dagrun for produce_json to 2026-09-10 14:00:00+00:00, run_after=2026-09-11 14:00:00+00:00
[2026-09-10T07:31:32.493+0000] {logging_mixin.py:188} INFO - [2026-09-10T07:31:32.493+0000] {dag.py:3954} INFO - Setting next_dagrun for update_db to None, run_after=None
[2026-09-10T07:31:32.529+0000] {processor.py:183} INFO - Processing /opt/airflow/dags/main.py took 0.482 seconds
[2026-09-10T07:32:02.738+0000] {processor.py:161} INFO - Started process (PID=2065) to work on /opt/airflow/dags/main.py
[2026-09-10T07:32:02.740+0000] {processor.py:830} INFO - Processing file /opt/airflow/dags/main.py for tasks to queue
[2026-09-10T07:32:02.745+0000] {logging_mixin.py:188} INFO - [2026-09-10T07:32:02.745+0000] {dagbag.py:545} INFO - Filling up the DagBag from /opt/airflow/dags/main.py
[2026-09-10T07:32:02.810+0000] {logging_mixin.py:188} INFO - channel id is not executed
[2026-09-10T07:32:02.945+0000] {processor.py:840} INFO - DAG(s) 'data_quality', 'produce_json', 'update_db' retrieved from /opt/airflow/dags/main.py
[2026-09-10T07:32:03.167+0000] {logging_mixin.py:188} INFO - [2026-09-10T07:32:03.166+0000] {dag.py:3096} INFO - Sync 3 DAGs
[2026-09-10T07:32:03.204+0000] {logging_mixin.py:188} INFO - [2026-09-10T07:32:03.203+0000] {dag.py:3954} INFO - Setting next_dagrun for data_quality to None, run_after=None
[2026-09-10T07:32:03.213+0000] {logging_mixin.py:188} INFO - [2026-09-10T07:32:03.212+0000] {dag.py:3954} INFO - Setting next_dagrun for produce_json to 2026-09-10 14:00:00+00:00, run_after=2026-09-11 14:00:00+00:00
[2026-09-10T07:32:03.216+0000] {logging_mixin.py:188} INFO - [2026-09-10T07:32:03.216+0000] {dag.py:3954} INFO - Setting next_dagrun for update_db to None, run_after=None
[2026-09-10T07:32:03.265+0000] {processor.py:183} INFO - Processing /opt/airflow/dags/main.py took 0.539 seconds
[2026-09-10T07:32:33.667+0000] {processor.py:161} INFO - Started process (PID=2072) to work on /opt/airflow/dags/main.py
[2026-09-10T07:32:33.669+0000] {processor.py:830} INFO - Processing file /opt/airflow/dags/main.py for tasks to queue
[2026-09-10T07:32:33.673+0000] {logging_mixin.py:188} INFO - [2026-09-10T07:32:33.673+0000] {dagbag.py:545} INFO - Filling up the DagBag from /opt/airflow/dags/main.py
[2026-09-10T07:32:33.741+0000] {logging_mixin.py:188} INFO - channel id is not executed
[2026-09-10T07:32:34.433+0000] {processor.py:840} INFO - DAG(s) 'data_quality', 'produce_json', 'update_db' retrieved from /opt/airflow/dags/main.py
[2026-09-10T07:32:34.697+0000] {logging_mixin.py:188} INFO - [2026-09-10T07:32:34.697+0000] {dag.py:3096} INFO - Sync 3 DAGs
[2026-09-10T07:32:34.755+0000] {logging_mixin.py:188} INFO - [2026-09-10T07:32:34.754+0000] {dag.py:3954} INFO - Setting next_dagrun for data_quality to None, run_after=None
[2026-09-10T07:32:34.764+0000] {logging_mixin.py:188} INFO - [2026-09-10T07:32:34.763+0000] {dag.py:3954} INFO - Setting next_dagrun for produce_json to 2026-09-10 14:00:00+00:00, run_after=2026-09-11 14:00:00+00:00
[2026-09-10T07:32:34.769+0000] {logging_mixin.py:188} INFO - [2026-09-10T07:32:34.768+0000] {dag.py:3954} INFO - Setting next_dagrun for update_db to None, run_after=None
[2026-09-10T07:32:34.829+0000] {processor.py:183} INFO - Processing /opt/airflow/dags/main.py took 1.171 seconds
[2026-09-10T07:33:05.603+0000] {processor.py:161} INFO - Started process (PID=2079) to work on /opt/airflow/dags/main.py
[2026-09-10T07:33:05.619+0000] {processor.py:830} INFO - Processing file /opt/airflow/dags/main.py for tasks to queue
[2026-09-10T07:33:05.634+0000] {logging_mixin.py:188} INFO - [2026-09-10T07:33:05.633+0000] {dagbag.py:545} INFO - Filling up the DagBag from /opt/airflow/dags/main.py
[2026-09-10T07:33:05.722+0000] {logging_mixin.py:188} INFO - channel id is not executed
[2026-09-10T07:33:05.921+0000] {processor.py:840} INFO - DAG(s) 'data_quality', 'update_db', 'produce_json' retrieved from /opt/airflow/dags/main.py
[2026-09-10T07:33:06.186+0000] {logging_mixin.py:188} INFO - [2026-09-10T07:33:06.184+0000] {dag.py:3096} INFO - Sync 3 DAGs
[2026-09-10T07:33:06.227+0000] {logging_mixin.py:188} INFO - [2026-09-10T07:33:06.226+0000] {dag.py:3954} INFO - Setting next_dagrun for data_quality to None, run_after=None
[2026-09-10T07:33:06.236+0000] {logging_mixin.py:188} INFO - [2026-09-10T07:33:06.235+0000] {dag.py:3954} INFO - Setting next_dagrun for produce_json to 2026-09-10 14:00:00+00:00, run_after=2026-09-11 14:00:00+00:00
[2026-09-10T07:33:06.239+0000] {logging_mixin.py:188} INFO - [2026-09-10T07:33:06.239+0000] {dag.py:3954} INFO - Setting next_dagrun for update_db to None, run_after=None
[2026-09-10T07:33:06.312+0000] {processor.py:183} INFO - Processing /opt/airflow/dags/main.py took 0.716 seconds
[2026-09-10T07:33:36.961+0000] {processor.py:161} INFO - Started process (PID=2086) to work on /opt/airflow/dags/main.py
[2026-09-10T07:33:36.964+0000] {processor.py:830} INFO - Processing file /opt/airflow/dags/main.py for tasks to queue
[2026-09-10T07:33:36.968+0000] {logging_mixin.py:188} INFO - [2026-09-10T07:33:36.967+0000] {dagbag.py:545} INFO - Filling up the DagBag from /opt/airflow/dags/main.py
[2026-09-10T07:33:37.034+0000] {logging_mixin.py:188} INFO - channel id is not executed
[2026-09-10T07:33:37.159+0000] {processor.py:840} INFO - DAG(s) 'data_quality', 'produce_json', 'update_db' retrieved from /opt/airflow/dags/main.py
[2026-09-10T07:33:37.364+0000] {logging_mixin.py:188} INFO - [2026-09-10T07:33:37.363+0000] {dag.py:3096} INFO - Sync 3 DAGs
[2026-09-10T07:33:37.396+0000] {logging_mixin.py:188} INFO - [2026-09-10T07:33:37.396+0000] {dag.py:3954} INFO - Setting next_dagrun for data_quality to None, run_after=None
[2026-09-10T07:33:37.413+0000] {logging_mixin.py:188} INFO - [2026-09-10T07:33:37.413+0000] {dag.py:3954} INFO - Setting next_dagrun for produce_json to 2026-09-10 14:00:00+00:00, run_after=2026-09-11 14:00:00+00:00
[2026-09-10T07:33:37.418+0000] {logging_mixin.py:188} INFO - [2026-09-10T07:33:37.418+0000] {dag.py:3954} INFO - Setting next_dagrun for update_db to None, run_after=None
[2026-09-10T07:33:37.489+0000] {processor.py:183} INFO - Processing /opt/airflow/dags/main.py took 0.536 seconds
[2026-09-10T07:34:07.877+0000] {processor.py:161} INFO - Started process (PID=2093) to work on /opt/airflow/dags/main.py
[2026-09-10T07:34:07.881+0000] {processor.py:830} INFO - Processing file /opt/airflow/dags/main.py for tasks to queue
[2026-09-10T07:34:07.891+0000] {logging_mixin.py:188} INFO - [2026-09-10T07:34:07.891+0000] {dagbag.py:545} INFO - Filling up the DagBag from /opt/airflow/dags/main.py
[2026-09-10T07:34:07.974+0000] {logging_mixin.py:188} INFO - channel id is not executed
[2026-09-10T07:34:08.121+0000] {processor.py:840} INFO - DAG(s) 'data_quality', 'produce_json', 'update_db' retrieved from /opt/airflow/dags/main.py
[2026-09-10T07:34:08.365+0000] {logging_mixin.py:188} INFO - [2026-09-10T07:34:08.364+0000] {dag.py:3096} INFO - Sync 3 DAGs
[2026-09-10T07:34:08.407+0000] {logging_mixin.py:188} INFO - [2026-09-10T07:34:08.406+0000] {dag.py:3954} INFO - Setting next_dagrun for data_quality to None, run_after=None
[2026-09-10T07:34:08.416+0000] {logging_mixin.py:188} INFO - [2026-09-10T07:34:08.415+0000] {dag.py:3954} INFO - Setting next_dagrun for produce_json to 2026-09-10 14:00:00+00:00, run_after=2026-09-11 14:00:00+00:00
[2026-09-10T07:34:08.420+0000] {logging_mixin.py:188} INFO - [2026-09-10T07:34:08.419+0000] {dag.py:3954} INFO - Setting next_dagrun for update_db to None, run_after=None
[2026-09-10T07:34:08.475+0000] {processor.py:183} INFO - Processing /opt/airflow/dags/main.py took 0.608 seconds
[2026-09-10T07:34:38.610+0000] {processor.py:161} INFO - Started process (PID=2100) to work on /opt/airflow/dags/main.py
[2026-09-10T07:34:38.613+0000] {processor.py:830} INFO - Processing file /opt/airflow/dags/main.py for tasks to queue
[2026-09-10T07:34:38.619+0000] {logging_mixin.py:188} INFO - [2026-09-10T07:34:38.618+0000] {dagbag.py:545} INFO - Filling up the DagBag from /opt/airflow/dags/main.py
[2026-09-10T07:34:38.683+0000] {logging_mixin.py:188} INFO - channel id is not executed
[2026-09-10T07:34:38.805+0000] {processor.py:840} INFO - DAG(s) 'data_quality', 'update_db', 'produce_json' retrieved from /opt/airflow/dags/main.py
[2026-09-10T07:34:39.020+0000] {logging_mixin.py:188} INFO - [2026-09-10T07:34:39.019+0000] {dag.py:3096} INFO - Sync 3 DAGs
[2026-09-10T07:34:39.061+0000] {logging_mixin.py:188} INFO - [2026-09-10T07:34:39.061+0000] {dag.py:3954} INFO - Setting next_dagrun for data_quality to None, run_after=None
[2026-09-10T07:34:39.070+0000] {logging_mixin.py:188} INFO - [2026-09-10T07:34:39.070+0000] {dag.py:3954} INFO - Setting next_dagrun for produce_json to 2026-09-10 14:00:00+00:00, run_after=2026-09-11 14:00:00+00:00
[2026-09-10T07:34:39.074+0000] {logging_mixin.py:188} INFO - [2026-09-10T07:34:39.073+0000] {dag.py:3954} INFO - Setting next_dagrun for update_db to None, run_after=None
[2026-09-10T07:34:39.123+0000] {processor.py:183} INFO - Processing /opt/airflow/dags/main.py took 0.523 seconds
[2026-09-10T07:35:09.564+0000] {processor.py:161} INFO - Started process (PID=2106) to work on /opt/airflow/dags/main.py
[2026-09-10T07:35:09.566+0000] {processor.py:830} INFO - Processing file /opt/airflow/dags/main.py for tasks to queue
[2026-09-10T07:35:09.570+0000] {logging_mixin.py:188} INFO - [2026-09-10T07:35:09.570+0000] {dagbag.py:545} INFO - Filling up the DagBag from /opt/airflow/dags/main.py
[2026-09-10T07:35:09.637+0000] {logging_mixin.py:188} INFO - channel id is not executed
[2026-09-10T07:35:09.762+0000] {processor.py:840} INFO - DAG(s) 'produce_json', 'data_quality', 'update_db' retrieved from /opt/airflow/dags/main.py
[2026-09-10T07:35:09.985+0000] {logging_mixin.py:188} INFO - [2026-09-10T07:35:09.985+0000] {dag.py:3096} INFO - Sync 3 DAGs
[2026-09-10T07:35:10.019+0000] {logging_mixin.py:188} INFO - [2026-09-10T07:35:10.018+0000] {dag.py:3954} INFO - Setting next_dagrun for data_quality to None, run_after=None
[2026-09-10T07:35:10.029+0000] {logging_mixin.py:188} INFO - [2026-09-10T07:35:10.029+0000] {dag.py:3954} INFO - Setting next_dagrun for produce_json to 2026-09-10 14:00:00+00:00, run_after=2026-09-11 14:00:00+00:00
[2026-09-10T07:35:10.033+0000] {logging_mixin.py:188} INFO - [2026-09-10T07:35:10.032+0000] {dag.py:3954} INFO - Setting next_dagrun for update_db to None, run_after=None
[2026-09-10T07:35:10.083+0000] {processor.py:183} INFO - Processing /opt/airflow/dags/main.py took 0.528 seconds
[2026-09-10T07:35:40.405+0000] {processor.py:161} INFO - Started process (PID=2113) to work on /opt/airflow/dags/main.py
[2026-09-10T07:35:40.407+0000] {processor.py:830} INFO - Processing file /opt/airflow/dags/main.py for tasks to queue
[2026-09-10T07:35:40.412+0000] {logging_mixin.py:188} INFO - [2026-09-10T07:35:40.411+0000] {dagbag.py:545} INFO - Filling up the DagBag from /opt/airflow/dags/main.py
[2026-09-10T07:35:40.480+0000] {logging_mixin.py:188} INFO - channel id is not executed
[2026-09-10T07:35:40.592+0000] {processor.py:840} INFO - DAG(s) 'update_db', 'data_quality', 'produce_json' retrieved from /opt/airflow/dags/main.py
[2026-09-10T07:35:40.887+0000] {logging_mixin.py:188} INFO - [2026-09-10T07:35:40.887+0000] {dag.py:3096} INFO - Sync 3 DAGs
[2026-09-10T07:35:40.921+0000] {logging_mixin.py:188} INFO - [2026-09-10T07:35:40.921+0000] {dag.py:3954} INFO - Setting next_dagrun for data_quality to None, run_after=None
[2026-09-10T07:35:40.930+0000] {logging_mixin.py:188} INFO - [2026-09-10T07:35:40.929+0000] {dag.py:3954} INFO - Setting next_dagrun for produce_json to 2026-09-10 14:00:00+00:00, run_after=2026-09-11 14:00:00+00:00
[2026-09-10T07:35:40.933+0000] {logging_mixin.py:188} INFO - [2026-09-10T07:35:40.933+0000] {dag.py:3954} INFO - Setting next_dagrun for update_db to None, run_after=None
[2026-09-10T07:35:40.981+0000] {processor.py:183} INFO - Processing /opt/airflow/dags/main.py took 0.584 seconds
[2026-09-10T07:36:11.300+0000] {processor.py:161} INFO - Started process (PID=2120) to work on /opt/airflow/dags/main.py
[2026-09-10T07:36:11.303+0000] {processor.py:830} INFO - Processing file /opt/airflow/dags/main.py for tasks to queue
[2026-09-10T07:36:11.306+0000] {logging_mixin.py:188} INFO - [2026-09-10T07:36:11.306+0000] {dagbag.py:545} INFO - Filling up the DagBag from /opt/airflow/dags/main.py
[2026-09-10T07:36:11.372+0000] {logging_mixin.py:188} INFO - channel id is not executed
[2026-09-10T07:36:11.491+0000] {processor.py:840} INFO - DAG(s) 'update_db', 'data_quality', 'produce_json' retrieved from /opt/airflow/dags/main.py
[2026-09-10T07:36:11.725+0000] {logging_mixin.py:188} INFO - [2026-09-10T07:36:11.725+0000] {dag.py:3096} INFO - Sync 3 DAGs
[2026-09-10T07:36:11.755+0000] {logging_mixin.py:188} INFO - [2026-09-10T07:36:11.755+0000] {dag.py:3954} INFO - Setting next_dagrun for data_quality to None, run_after=None
[2026-09-10T07:36:11.765+0000] {logging_mixin.py:188} INFO - [2026-09-10T07:36:11.765+0000] {dag.py:3954} INFO - Setting next_dagrun for produce_json to 2026-09-10 14:00:00+00:00, run_after=2026-09-11 14:00:00+00:00
[2026-09-10T07:36:11.769+0000] {logging_mixin.py:188} INFO - [2026-09-10T07:36:11.769+0000] {dag.py:3954} INFO - Setting next_dagrun for update_db to None, run_after=None
[2026-09-10T07:36:11.808+0000] {processor.py:183} INFO - Processing /opt/airflow/dags/main.py took 0.516 seconds
[2026-09-10T07:36:42.028+0000] {processor.py:161} INFO - Started process (PID=2127) to work on /opt/airflow/dags/main.py
[2026-09-10T07:36:42.032+0000] {processor.py:830} INFO - Processing file /opt/airflow/dags/main.py for tasks to queue
[2026-09-10T07:36:42.038+0000] {logging_mixin.py:188} INFO - [2026-09-10T07:36:42.037+0000] {dagbag.py:545} INFO - Filling up the DagBag from /opt/airflow/dags/main.py
[2026-09-10T07:36:42.122+0000] {logging_mixin.py:188} INFO - channel id is not executed
[2026-09-10T07:36:42.236+0000] {processor.py:840} INFO - DAG(s) 'update_db', 'data_quality', 'produce_json' retrieved from /opt/airflow/dags/main.py
[2026-09-10T07:36:42.456+0000] {logging_mixin.py:188} INFO - [2026-09-10T07:36:42.456+0000] {dag.py:3096} INFO - Sync 3 DAGs
[2026-09-10T07:36:42.494+0000] {logging_mixin.py:188} INFO - [2026-09-10T07:36:42.494+0000] {dag.py:3954} INFO - Setting next_dagrun for data_quality to None, run_after=None
[2026-09-10T07:36:42.505+0000] {logging_mixin.py:188} INFO - [2026-09-10T07:36:42.505+0000] {dag.py:3954} INFO - Setting next_dagrun for produce_json to 2026-09-10 14:00:00+00:00, run_after=2026-09-11 14:00:00+00:00
[2026-09-10T07:36:42.509+0000] {logging_mixin.py:188} INFO - [2026-09-10T07:36:42.509+0000] {dag.py:3954} INFO - Setting next_dagrun for update_db to None, run_after=None
[2026-09-10T07:36:42.559+0000] {processor.py:183} INFO - Processing /opt/airflow/dags/main.py took 0.543 seconds
[2026-09-10T07:37:12.946+0000] {processor.py:161} INFO - Started process (PID=2134) to work on /opt/airflow/dags/main.py
[2026-09-10T07:37:12.949+0000] {processor.py:830} INFO - Processing file /opt/airflow/dags/main.py for tasks to queue
[2026-09-10T07:37:12.953+0000] {logging_mixin.py:188} INFO - [2026-09-10T07:37:12.952+0000] {dagbag.py:545} INFO - Filling up the DagBag from /opt/airflow/dags/main.py
[2026-09-10T07:37:13.021+0000] {logging_mixin.py:188} INFO - channel id is not executed
[2026-09-10T07:37:13.132+0000] {processor.py:840} INFO - DAG(s) 'update_db', 'data_quality', 'produce_json' retrieved from /opt/airflow/dags/main.py
[2026-09-10T07:37:13.397+0000] {logging_mixin.py:188} INFO - [2026-09-10T07:37:13.397+0000] {dag.py:3096} INFO - Sync 3 DAGs
[2026-09-10T07:37:13.434+0000] {logging_mixin.py:188} INFO - [2026-09-10T07:37:13.433+0000] {dag.py:3954} INFO - Setting next_dagrun for data_quality to None, run_after=None
[2026-09-10T07:37:13.443+0000] {logging_mixin.py:188} INFO - [2026-09-10T07:37:13.442+0000] {dag.py:3954} INFO - Setting next_dagrun for produce_json to 2026-09-10 14:00:00+00:00, run_after=2026-09-11 14:00:00+00:00
[2026-09-10T07:37:13.447+0000] {logging_mixin.py:188} INFO - [2026-09-10T07:37:13.446+0000] {dag.py:3954} INFO - Setting next_dagrun for update_db to None, run_after=None
[2026-09-10T07:37:13.494+0000] {processor.py:183} INFO - Processing /opt/airflow/dags/main.py took 0.556 seconds
[2026-09-10T07:37:43.782+0000] {processor.py:161} INFO - Started process (PID=2141) to work on /opt/airflow/dags/main.py
[2026-09-10T07:37:43.784+0000] {processor.py:830} INFO - Processing file /opt/airflow/dags/main.py for tasks to queue
[2026-09-10T07:37:43.789+0000] {logging_mixin.py:188} INFO - [2026-09-10T07:37:43.788+0000] {dagbag.py:545} INFO - Filling up the DagBag from /opt/airflow/dags/main.py
[2026-09-10T07:37:43.858+0000] {logging_mixin.py:188} INFO - channel id is not executed
[2026-09-10T07:37:44.306+0000] {processor.py:840} INFO - DAG(s) 'update_db', 'produce_json', 'data_quality' retrieved from /opt/airflow/dags/main.py
[2026-09-10T07:37:44.637+0000] {logging_mixin.py:188} INFO - [2026-09-10T07:37:44.636+0000] {dag.py:3096} INFO - Sync 3 DAGs
[2026-09-10T07:37:44.672+0000] {logging_mixin.py:188} INFO - [2026-09-10T07:37:44.671+0000] {dag.py:3954} INFO - Setting next_dagrun for data_quality to None, run_after=None
[2026-09-10T07:37:44.681+0000] {logging_mixin.py:188} INFO - [2026-09-10T07:37:44.681+0000] {dag.py:3954} INFO - Setting next_dagrun for produce_json to 2026-09-10 14:00:00+00:00, run_after=2026-09-11 14:00:00+00:00
[2026-09-10T07:37:44.685+0000] {logging_mixin.py:188} INFO - [2026-09-10T07:37:44.685+0000] {dag.py:3954} INFO - Setting next_dagrun for update_db to None, run_after=None
[2026-09-10T07:37:44.725+0000] {processor.py:183} INFO - Processing /opt/airflow/dags/main.py took 0.951 seconds
[2026-09-10T07:38:15.095+0000] {processor.py:161} INFO - Started process (PID=2150) to work on /opt/airflow/dags/main.py
[2026-09-10T07:38:15.101+0000] {processor.py:830} INFO - Processing file /opt/airflow/dags/main.py for tasks to queue
[2026-09-10T07:38:15.106+0000] {logging_mixin.py:188} INFO - [2026-09-10T07:38:15.105+0000] {dagbag.py:545} INFO - Filling up the DagBag from /opt/airflow/dags/main.py
[2026-09-10T07:38:15.192+0000] {logging_mixin.py:188} INFO - channel id is not executed
[2026-09-10T07:38:15.291+0000] {processor.py:840} INFO - DAG(s) 'produce_json', 'update_db', 'data_quality' retrieved from /opt/airflow/dags/main.py
[2026-09-10T07:38:15.517+0000] {logging_mixin.py:188} INFO - [2026-09-10T07:38:15.517+0000] {dag.py:3096} INFO - Sync 3 DAGs
[2026-09-10T07:38:15.551+0000] {logging_mixin.py:188} INFO - [2026-09-10T07:38:15.551+0000] {dag.py:3954} INFO - Setting next_dagrun for data_quality to None, run_after=None
[2026-09-10T07:38:15.560+0000] {logging_mixin.py:188} INFO - [2026-09-10T07:38:15.560+0000] {dag.py:3954} INFO - Setting next_dagrun for produce_json to 2026-09-10 14:00:00+00:00, run_after=2026-09-11 14:00:00+00:00
[2026-09-10T07:38:15.564+0000] {logging_mixin.py:188} INFO - [2026-09-10T07:38:15.563+0000] {dag.py:3954} INFO - Setting next_dagrun for update_db to None, run_after=None
[2026-09-10T07:38:15.614+0000] {processor.py:183} INFO - Processing /opt/airflow/dags/main.py took 0.538 seconds
[2026-09-10T07:38:46.249+0000] {processor.py:161} INFO - Started process (PID=2157) to work on /opt/airflow/dags/main.py
[2026-09-10T07:38:46.251+0000] {processor.py:830} INFO - Processing file /opt/airflow/dags/main.py for tasks to queue
[2026-09-10T07:38:46.255+0000] {logging_mixin.py:188} INFO - [2026-09-10T07:38:46.255+0000] {dagbag.py:545} INFO - Filling up the DagBag from /opt/airflow/dags/main.py
[2026-09-10T07:38:46.327+0000] {logging_mixin.py:188} INFO - channel id is not executed
[2026-09-10T07:38:46.480+0000] {processor.py:840} INFO - DAG(s) 'produce_json', 'data_quality', 'update_db' retrieved from /opt/airflow/dags/main.py
[2026-09-10T07:38:46.710+0000] {logging_mixin.py:188} INFO - [2026-09-10T07:38:46.710+0000] {dag.py:3096} INFO - Sync 3 DAGs
[2026-09-10T07:38:46.745+0000] {logging_mixin.py:188} INFO - [2026-09-10T07:38:46.744+0000] {dag.py:3954} INFO - Setting next_dagrun for data_quality to None, run_after=None
[2026-09-10T07:38:46.754+0000] {logging_mixin.py:188} INFO - [2026-09-10T07:38:46.753+0000] {dag.py:3954} INFO - Setting next_dagrun for produce_json to 2026-09-10 14:00:00+00:00, run_after=2026-09-11 14:00:00+00:00
[2026-09-10T07:38:46.757+0000] {logging_mixin.py:188} INFO - [2026-09-10T07:38:46.757+0000] {dag.py:3954} INFO - Setting next_dagrun for update_db to None, run_after=None
[2026-09-10T07:38:46.817+0000] {processor.py:183} INFO - Processing /opt/airflow/dags/main.py took 0.577 seconds
[2026-09-10T07:39:17.128+0000] {processor.py:161} INFO - Started process (PID=2164) to work on /opt/airflow/dags/main.py
[2026-09-10T07:39:17.130+0000] {processor.py:830} INFO - Processing file /opt/airflow/dags/main.py for tasks to queue
[2026-09-10T07:39:17.134+0000] {logging_mixin.py:188} INFO - [2026-09-10T07:39:17.134+0000] {dagbag.py:545} INFO - Filling up the DagBag from /opt/airflow/dags/main.py
[2026-09-10T07:39:17.206+0000] {logging_mixin.py:188} INFO - channel id is not executed
[2026-09-10T07:39:17.608+0000] {processor.py:840} INFO - DAG(s) 'update_db', 'produce_json', 'data_quality' retrieved from /opt/airflow/dags/main.py
[2026-09-10T07:39:17.851+0000] {logging_mixin.py:188} INFO - [2026-09-10T07:39:17.850+0000] {dag.py:3096} INFO - Sync 3 DAGs
[2026-09-10T07:39:17.884+0000] {logging_mixin.py:188} INFO - [2026-09-10T07:39:17.882+0000] {dag.py:3954} INFO - Setting next_dagrun for data_quality to None, run_after=None
[2026-09-10T07:39:17.897+0000] {logging_mixin.py:188} INFO - [2026-09-10T07:39:17.897+0000] {dag.py:3954} INFO - Setting next_dagrun for produce_json to 2026-09-10 14:00:00+00:00, run_after=2026-09-11 14:00:00+00:00
[2026-09-10T07:39:17.901+0000] {logging_mixin.py:188} INFO - [2026-09-10T07:39:17.900+0000] {dag.py:3954} INFO - Setting next_dagrun for update_db to None, run_after=None
[2026-09-10T07:39:17.938+0000] {processor.py:183} INFO - Processing /opt/airflow/dags/main.py took 0.820 seconds
[2026-09-10T07:39:48.241+0000] {processor.py:161} INFO - Started process (PID=2171) to work on /opt/airflow/dags/main.py
[2026-09-10T07:39:48.243+0000] {processor.py:830} INFO - Processing file /opt/airflow/dags/main.py for tasks to queue
[2026-09-10T07:39:48.247+0000] {logging_mixin.py:188} INFO - [2026-09-10T07:39:48.247+0000] {dagbag.py:545} INFO - Filling up the DagBag from /opt/airflow/dags/main.py
[2026-09-10T07:39:48.304+0000] {logging_mixin.py:188} INFO - channel id is not executed
[2026-09-10T07:39:48.397+0000] {processor.py:840} INFO - DAG(s) 'data_quality', 'produce_json', 'update_db' retrieved from /opt/airflow/dags/main.py
[2026-09-10T07:39:48.640+0000] {logging_mixin.py:188} INFO - [2026-09-10T07:39:48.639+0000] {dag.py:3096} INFO - Sync 3 DAGs
[2026-09-10T07:39:48.675+0000] {logging_mixin.py:188} INFO - [2026-09-10T07:39:48.674+0000] {dag.py:3954} INFO - Setting next_dagrun for data_quality to None, run_after=None
[2026-09-10T07:39:48.683+0000] {logging_mixin.py:188} INFO - [2026-09-10T07:39:48.683+0000] {dag.py:3954} INFO - Setting next_dagrun for produce_json to 2026-09-10 14:00:00+00:00, run_after=2026-09-11 14:00:00+00:00
[2026-09-10T07:39:48.687+0000] {logging_mixin.py:188} INFO - [2026-09-10T07:39:48.687+0000] {dag.py:3954} INFO - Setting next_dagrun for update_db to None, run_after=None
[2026-09-10T07:39:48.724+0000] {processor.py:183} INFO - Processing /opt/airflow/dags/main.py took 0.492 seconds
[2026-09-10T07:40:19.060+0000] {processor.py:161} INFO - Started process (PID=2177) to work on /opt/airflow/dags/main.py
[2026-09-10T07:40:19.063+0000] {processor.py:830} INFO - Processing file /opt/airflow/dags/main.py for tasks to queue
[2026-09-10T07:40:19.067+0000] {logging_mixin.py:188} INFO - [2026-09-10T07:40:19.066+0000] {dagbag.py:545} INFO - Filling up the DagBag from /opt/airflow/dags/main.py
[2026-09-10T07:40:19.136+0000] {logging_mixin.py:188} INFO - channel id is not executed
[2026-09-10T07:40:19.249+0000] {processor.py:840} INFO - DAG(s) 'data_quality', 'produce_json', 'update_db' retrieved from /opt/airflow/dags/main.py
[2026-09-10T07:40:19.489+0000] {logging_mixin.py:188} INFO - [2026-09-10T07:40:19.489+0000] {dag.py:3096} INFO - Sync 3 DAGs
[2026-09-10T07:40:19.523+0000] {logging_mixin.py:188} INFO - [2026-09-10T07:40:19.522+0000] {dag.py:3954} INFO - Setting next_dagrun for data_quality to None, run_after=None
[2026-09-10T07:40:19.531+0000] {logging_mixin.py:188} INFO - [2026-09-10T07:40:19.531+0000] {dag.py:3954} INFO - Setting next_dagrun for produce_json to 2026-09-10 14:00:00+00:00, run_after=2026-09-11 14:00:00+00:00
[2026-09-10T07:40:19.535+0000] {logging_mixin.py:188} INFO - [2026-09-10T07:40:19.535+0000] {dag.py:3954} INFO - Setting next_dagrun for update_db to None, run_after=None
[2026-09-10T07:40:19.571+0000] {processor.py:183} INFO - Processing /opt/airflow/dags/main.py took 0.520 seconds
[2026-09-10T07:40:49.911+0000] {processor.py:161} INFO - Started process (PID=2183) to work on /opt/airflow/dags/main.py
[2026-09-10T07:40:49.914+0000] {processor.py:830} INFO - Processing file /opt/airflow/dags/main.py for tasks to queue
[2026-09-10T07:40:49.919+0000] {logging_mixin.py:188} INFO - [2026-09-10T07:40:49.918+0000] {dagbag.py:545} INFO - Filling up the DagBag from /opt/airflow/dags/main.py
[2026-09-10T07:40:49.989+0000] {logging_mixin.py:188} INFO - channel id is not executed
[2026-09-10T07:40:50.117+0000] {processor.py:840} INFO - DAG(s) 'data_quality', 'update_db', 'produce_json' retrieved from /opt/airflow/dags/main.py
[2026-09-10T07:40:50.349+0000] {logging_mixin.py:188} INFO - [2026-09-10T07:40:50.348+0000] {dag.py:3096} INFO - Sync 3 DAGs
[2026-09-10T07:40:50.382+0000] {logging_mixin.py:188} INFO - [2026-09-10T07:40:50.382+0000] {dag.py:3954} INFO - Setting next_dagrun for data_quality to None, run_after=None
[2026-09-10T07:40:50.392+0000] {logging_mixin.py:188} INFO - [2026-09-10T07:40:50.392+0000] {dag.py:3954} INFO - Setting next_dagrun for produce_json to 2026-09-10 14:00:00+00:00, run_after=2026-09-11 14:00:00+00:00
[2026-09-10T07:40:50.396+0000] {logging_mixin.py:188} INFO - [2026-09-10T07:40:50.396+0000] {dag.py:3954} INFO - Setting next_dagrun for update_db to None, run_after=None
[2026-09-10T07:40:50.449+0000] {processor.py:183} INFO - Processing /opt/airflow/dags/main.py took 0.550 seconds
[2026-09-10T07:41:20.675+0000] {processor.py:161} INFO - Started process (PID=2190) to work on /opt/airflow/dags/main.py
[2026-09-10T07:41:20.677+0000] {processor.py:830} INFO - Processing file /opt/airflow/dags/main.py for tasks to queue
[2026-09-10T07:41:20.681+0000] {logging_mixin.py:188} INFO - [2026-09-10T07:41:20.681+0000] {dagbag.py:545} INFO - Filling up the DagBag from /opt/airflow/dags/main.py
[2026-09-10T07:41:20.781+0000] {logging_mixin.py:188} INFO - channel id is not executed
[2026-09-10T07:41:20.927+0000] {processor.py:840} INFO - DAG(s) 'data_quality', 'update_db', 'produce_json' retrieved from /opt/airflow/dags/main.py
[2026-09-10T07:41:21.148+0000] {logging_mixin.py:188} INFO - [2026-09-10T07:41:21.148+0000] {dag.py:3096} INFO - Sync 3 DAGs
[2026-09-10T07:41:21.184+0000] {logging_mixin.py:188} INFO - [2026-09-10T07:41:21.183+0000] {dag.py:3954} INFO - Setting next_dagrun for data_quality to None, run_after=None
[2026-09-10T07:41:21.192+0000] {logging_mixin.py:188} INFO - [2026-09-10T07:41:21.192+0000] {dag.py:3954} INFO - Setting next_dagrun for produce_json to 2026-09-10 14:00:00+00:00, run_after=2026-09-11 14:00:00+00:00
[2026-09-10T07:41:21.196+0000] {logging_mixin.py:188} INFO - [2026-09-10T07:41:21.196+0000] {dag.py:3954} INFO - Setting next_dagrun for update_db to None, run_after=None
[2026-09-10T07:41:21.234+0000] {processor.py:183} INFO - Processing /opt/airflow/dags/main.py took 0.570 seconds
[2026-09-10T07:41:51.573+0000] {processor.py:161} INFO - Started process (PID=2198) to work on /opt/airflow/dags/main.py
[2026-09-10T07:41:51.576+0000] {processor.py:830} INFO - Processing file /opt/airflow/dags/main.py for tasks to queue
[2026-09-10T07:41:51.581+0000] {logging_mixin.py:188} INFO - [2026-09-10T07:41:51.581+0000] {dagbag.py:545} INFO - Filling up the DagBag from /opt/airflow/dags/main.py
[2026-09-10T07:41:51.652+0000] {logging_mixin.py:188} INFO - channel id is not executed
[2026-09-10T07:41:51.752+0000] {processor.py:840} INFO - DAG(s) 'update_db', 'data_quality', 'produce_json' retrieved from /opt/airflow/dags/main.py
[2026-09-10T07:41:51.981+0000] {logging_mixin.py:188} INFO - [2026-09-10T07:41:51.980+0000] {dag.py:3096} INFO - Sync 3 DAGs
[2026-09-10T07:41:52.022+0000] {logging_mixin.py:188} INFO - [2026-09-10T07:41:52.021+0000] {dag.py:3954} INFO - Setting next_dagrun for data_quality to None, run_after=None
[2026-09-10T07:41:52.030+0000] {logging_mixin.py:188} INFO - [2026-09-10T07:41:52.030+0000] {dag.py:3954} INFO - Setting next_dagrun for produce_json to 2026-09-10 14:00:00+00:00, run_after=2026-09-11 14:00:00+00:00
[2026-09-10T07:41:52.034+0000] {logging_mixin.py:188} INFO - [2026-09-10T07:41:52.034+0000] {dag.py:3954} INFO - Setting next_dagrun for update_db to None, run_after=None
[2026-09-10T07:41:52.072+0000] {processor.py:183} INFO - Processing /opt/airflow/dags/main.py took 0.508 seconds
[2026-09-10T07:42:22.359+0000] {processor.py:161} INFO - Started process (PID=2205) to work on /opt/airflow/dags/main.py
[2026-09-10T07:42:22.362+0000] {processor.py:830} INFO - Processing file /opt/airflow/dags/main.py for tasks to queue
[2026-09-10T07:42:22.368+0000] {logging_mixin.py:188} INFO - [2026-09-10T07:42:22.367+0000] {dagbag.py:545} INFO - Filling up the DagBag from /opt/airflow/dags/main.py
[2026-09-10T07:42:22.430+0000] {logging_mixin.py:188} INFO - channel id is not executed
[2026-09-10T07:42:22.547+0000] {processor.py:840} INFO - DAG(s) 'data_quality', 'update_db', 'produce_json' retrieved from /opt/airflow/dags/main.py
[2026-09-10T07:42:22.767+0000] {logging_mixin.py:188} INFO - [2026-09-10T07:42:22.766+0000] {dag.py:3096} INFO - Sync 3 DAGs
[2026-09-10T07:42:22.811+0000] {logging_mixin.py:188} INFO - [2026-09-10T07:42:22.811+0000] {dag.py:3954} INFO - Setting next_dagrun for data_quality to None, run_after=None
[2026-09-10T07:42:22.820+0000] {logging_mixin.py:188} INFO - [2026-09-10T07:42:22.819+0000] {dag.py:3954} INFO - Setting next_dagrun for produce_json to 2026-09-10 14:00:00+00:00, run_after=2026-09-11 14:00:00+00:00
[2026-09-10T07:42:22.823+0000] {logging_mixin.py:188} INFO - [2026-09-10T07:42:22.823+0000] {dag.py:3954} INFO - Setting next_dagrun for update_db to None, run_after=None
[2026-09-10T07:42:22.869+0000] {processor.py:183} INFO - Processing /opt/airflow/dags/main.py took 0.520 seconds
[2026-09-10T07:42:53.253+0000] {processor.py:161} INFO - Started process (PID=2212) to work on /opt/airflow/dags/main.py
[2026-09-10T07:42:53.256+0000] {processor.py:830} INFO - Processing file /opt/airflow/dags/main.py for tasks to queue
[2026-09-10T07:42:53.261+0000] {logging_mixin.py:188} INFO - [2026-09-10T07:42:53.260+0000] {dagbag.py:545} INFO - Filling up the DagBag from /opt/airflow/dags/main.py
[2026-09-10T07:42:53.344+0000] {logging_mixin.py:188} INFO - channel id is not executed
[2026-09-10T07:42:53.465+0000] {processor.py:840} INFO - DAG(s) 'data_quality', 'update_db', 'produce_json' retrieved from /opt/airflow/dags/main.py
[2026-09-10T07:42:53.692+0000] {logging_mixin.py:188} INFO - [2026-09-10T07:42:53.692+0000] {dag.py:3096} INFO - Sync 3 DAGs
[2026-09-10T07:42:53.730+0000] {logging_mixin.py:188} INFO - [2026-09-10T07:42:53.729+0000] {dag.py:3954} INFO - Setting next_dagrun for data_quality to None, run_after=None
[2026-09-10T07:42:53.739+0000] {logging_mixin.py:188} INFO - [2026-09-10T07:42:53.738+0000] {dag.py:3954} INFO - Setting next_dagrun for produce_json to 2026-09-10 14:00:00+00:00, run_after=2026-09-11 14:00:00+00:00
[2026-09-10T07:42:53.742+0000] {logging_mixin.py:188} INFO - [2026-09-10T07:42:53.742+0000] {dag.py:3954} INFO - Setting next_dagrun for update_db to None, run_after=None
[2026-09-10T07:42:53.777+0000] {processor.py:183} INFO - Processing /opt/airflow/dags/main.py took 0.539 seconds
[2026-09-10T07:43:24.037+0000] {processor.py:161} INFO - Started process (PID=2218) to work on /opt/airflow/dags/main.py
[2026-09-10T07:43:24.040+0000] {processor.py:830} INFO - Processing file /opt/airflow/dags/main.py for tasks to queue
[2026-09-10T07:43:24.045+0000] {logging_mixin.py:188} INFO - [2026-09-10T07:43:24.044+0000] {dagbag.py:545} INFO - Filling up the DagBag from /opt/airflow/dags/main.py
[2026-09-10T07:43:24.124+0000] {logging_mixin.py:188} INFO - channel id is not executed
[2026-09-10T07:43:24.237+0000] {processor.py:840} INFO - DAG(s) 'update_db', 'data_quality', 'produce_json' retrieved from /opt/airflow/dags/main.py
[2026-09-10T07:43:24.526+0000] {logging_mixin.py:188} INFO - [2026-09-10T07:43:24.526+0000] {dag.py:3096} INFO - Sync 3 DAGs
[2026-09-10T07:43:24.581+0000] {logging_mixin.py:188} INFO - [2026-09-10T07:43:24.581+0000] {dag.py:3954} INFO - Setting next_dagrun for data_quality to None, run_after=None
[2026-09-10T07:43:24.598+0000] {logging_mixin.py:188} INFO - [2026-09-10T07:43:24.597+0000] {dag.py:3954} INFO - Setting next_dagrun for produce_json to 2026-09-10 14:00:00+00:00, run_after=2026-09-11 14:00:00+00:00
[2026-09-10T07:43:24.603+0000] {logging_mixin.py:188} INFO - [2026-09-10T07:43:24.602+0000] {dag.py:3954} INFO - Setting next_dagrun for update_db to None, run_after=None
[2026-09-10T07:43:24.666+0000] {processor.py:183} INFO - Processing /opt/airflow/dags/main.py took 0.634 seconds
[2026-09-10T07:43:55.065+0000] {processor.py:161} INFO - Started process (PID=2224) to work on /opt/airflow/dags/main.py
[2026-09-10T07:43:55.067+0000] {processor.py:830} INFO - Processing file /opt/airflow/dags/main.py for tasks to queue
[2026-09-10T07:43:55.071+0000] {logging_mixin.py:188} INFO - [2026-09-10T07:43:55.070+0000] {dagbag.py:545} INFO - Filling up the DagBag from /opt/airflow/dags/main.py
[2026-09-10T07:43:55.148+0000] {logging_mixin.py:188} INFO - channel id is not executed
[2026-09-10T07:43:55.275+0000] {processor.py:840} INFO - DAG(s) 'update_db', 'produce_json', 'data_quality' retrieved from /opt/airflow/dags/main.py
[2026-09-10T07:43:55.548+0000] {logging_mixin.py:188} INFO - [2026-09-10T07:43:55.548+0000] {dag.py:3096} INFO - Sync 3 DAGs
[2026-09-10T07:43:55.585+0000] {logging_mixin.py:188} INFO - [2026-09-10T07:43:55.584+0000] {dag.py:3954} INFO - Setting next_dagrun for data_quality to None, run_after=None
[2026-09-10T07:43:55.595+0000] {logging_mixin.py:188} INFO - [2026-09-10T07:43:55.594+0000] {dag.py:3954} INFO - Setting next_dagrun for produce_json to 2026-09-10 14:00:00+00:00, run_after=2026-09-11 14:00:00+00:00
[2026-09-10T07:43:55.599+0000] {logging_mixin.py:188} INFO - [2026-09-10T07:43:55.599+0000] {dag.py:3954} INFO - Setting next_dagrun for update_db to None, run_after=None
[2026-09-10T07:43:55.658+0000] {processor.py:183} INFO - Processing /opt/airflow/dags/main.py took 0.603 seconds
[2026-09-10T07:44:25.970+0000] {processor.py:161} INFO - Started process (PID=2231) to work on /opt/airflow/dags/main.py
[2026-09-10T07:44:25.975+0000] {processor.py:830} INFO - Processing file /opt/airflow/dags/main.py for tasks to queue
[2026-09-10T07:44:25.983+0000] {logging_mixin.py:188} INFO - [2026-09-10T07:44:25.983+0000] {dagbag.py:545} INFO - Filling up the DagBag from /opt/airflow/dags/main.py
[2026-09-10T07:44:26.096+0000] {logging_mixin.py:188} INFO - channel id is not executed
[2026-09-10T07:44:26.208+0000] {processor.py:840} INFO - DAG(s) 'data_quality', 'update_db', 'produce_json' retrieved from /opt/airflow/dags/main.py
[2026-09-10T07:44:26.582+0000] {logging_mixin.py:188} INFO - [2026-09-10T07:44:26.582+0000] {dag.py:3096} INFO - Sync 3 DAGs
[2026-09-10T07:44:26.632+0000] {logging_mixin.py:188} INFO - [2026-09-10T07:44:26.631+0000] {dag.py:3954} INFO - Setting next_dagrun for data_quality to None, run_after=None
[2026-09-10T07:44:26.649+0000] {logging_mixin.py:188} INFO - [2026-09-10T07:44:26.649+0000] {dag.py:3954} INFO - Setting next_dagrun for produce_json to 2026-09-10 14:00:00+00:00, run_after=2026-09-11 14:00:00+00:00
[2026-09-10T07:44:26.653+0000] {logging_mixin.py:188} INFO - [2026-09-10T07:44:26.652+0000] {dag.py:3954} INFO - Setting next_dagrun for update_db to None, run_after=None
[2026-09-10T07:44:26.684+0000] {processor.py:183} INFO - Processing /opt/airflow/dags/main.py took 0.728 seconds
[2026-09-10T07:44:57.134+0000] {processor.py:161} INFO - Started process (PID=2244) to work on /opt/airflow/dags/main.py
[2026-09-10T07:44:57.137+0000] {processor.py:830} INFO - Processing file /opt/airflow/dags/main.py for tasks to queue
[2026-09-10T07:44:57.142+0000] {logging_mixin.py:188} INFO - [2026-09-10T07:44:57.141+0000] {dagbag.py:545} INFO - Filling up the DagBag from /opt/airflow/dags/main.py
[2026-09-10T07:44:57.261+0000] {logging_mixin.py:188} INFO - channel id is not executed
[2026-09-10T07:44:57.462+0000] {processor.py:840} INFO - DAG(s) 'data_quality', 'produce_json', 'update_db' retrieved from /opt/airflow/dags/main.py
[2026-09-10T07:44:57.677+0000] {logging_mixin.py:188} INFO - [2026-09-10T07:44:57.677+0000] {dag.py:3096} INFO - Sync 3 DAGs
[2026-09-10T07:44:57.712+0000] {logging_mixin.py:188} INFO - [2026-09-10T07:44:57.711+0000] {dag.py:3954} INFO - Setting next_dagrun for data_quality to None, run_after=None
[2026-09-10T07:44:57.721+0000] {logging_mixin.py:188} INFO - [2026-09-10T07:44:57.721+0000] {dag.py:3954} INFO - Setting next_dagrun for produce_json to 2026-09-10 14:00:00+00:00, run_after=2026-09-11 14:00:00+00:00
[2026-09-10T07:44:57.725+0000] {logging_mixin.py:188} INFO - [2026-09-10T07:44:57.725+0000] {dag.py:3954} INFO - Setting next_dagrun for update_db to None, run_after=None
[2026-09-10T07:44:57.774+0000] {processor.py:183} INFO - Processing /opt/airflow/dags/main.py took 0.649 seconds
[2026-09-10T07:45:28.111+0000] {processor.py:161} INFO - Started process (PID=2251) to work on /opt/airflow/dags/main.py
[2026-09-10T07:45:28.114+0000] {processor.py:830} INFO - Processing file /opt/airflow/dags/main.py for tasks to queue
[2026-09-10T07:45:28.131+0000] {logging_mixin.py:188} INFO - [2026-09-10T07:45:28.130+0000] {dagbag.py:545} INFO - Filling up the DagBag from /opt/airflow/dags/main.py
[2026-09-10T07:45:28.202+0000] {logging_mixin.py:188} INFO - channel id is not executed
[2026-09-10T07:45:28.317+0000] {processor.py:840} INFO - DAG(s) 'data_quality', 'produce_json', 'update_db' retrieved from /opt/airflow/dags/main.py
[2026-09-10T07:45:28.540+0000] {logging_mixin.py:188} INFO - [2026-09-10T07:45:28.540+0000] {dag.py:3096} INFO - Sync 3 DAGs
[2026-09-10T07:45:28.575+0000] {logging_mixin.py:188} INFO - [2026-09-10T07:45:28.575+0000] {dag.py:3954} INFO - Setting next_dagrun for data_quality to None, run_after=None
[2026-09-10T07:45:28.584+0000] {logging_mixin.py:188} INFO - [2026-09-10T07:45:28.583+0000] {dag.py:3954} INFO - Setting next_dagrun for produce_json to 2026-09-10 14:00:00+00:00, run_after=2026-09-11 14:00:00+00:00
[2026-09-10T07:45:28.588+0000] {logging_mixin.py:188} INFO - [2026-09-10T07:45:28.587+0000] {dag.py:3954} INFO - Setting next_dagrun for update_db to None, run_after=None
[2026-09-10T07:45:28.622+0000] {processor.py:183} INFO - Processing /opt/airflow/dags/main.py took 0.519 seconds
[2026-09-10T07:45:58.949+0000] {processor.py:161} INFO - Started process (PID=2259) to work on /opt/airflow/dags/main.py
[2026-09-10T07:45:58.952+0000] {processor.py:830} INFO - Processing file /opt/airflow/dags/main.py for tasks to queue
[2026-09-10T07:45:58.957+0000] {logging_mixin.py:188} INFO - [2026-09-10T07:45:58.956+0000] {dagbag.py:545} INFO - Filling up the DagBag from /opt/airflow/dags/main.py
[2026-09-10T07:45:59.034+0000] {logging_mixin.py:188} INFO - channel id is not executed
[2026-09-10T07:45:59.147+0000] {processor.py:840} INFO - DAG(s) 'produce_json', 'data_quality', 'update_db' retrieved from /opt/airflow/dags/main.py
[2026-09-10T07:45:59.375+0000] {logging_mixin.py:188} INFO - [2026-09-10T07:45:59.375+0000] {dag.py:3096} INFO - Sync 3 DAGs
[2026-09-10T07:45:59.413+0000] {logging_mixin.py:188} INFO - [2026-09-10T07:45:59.412+0000] {dag.py:3954} INFO - Setting next_dagrun for data_quality to None, run_after=None
[2026-09-10T07:45:59.424+0000] {logging_mixin.py:188} INFO - [2026-09-10T07:45:59.424+0000] {dag.py:3954} INFO - Setting next_dagrun for produce_json to 2026-09-10 14:00:00+00:00, run_after=2026-09-11 14:00:00+00:00
[2026-09-10T07:45:59.428+0000] {logging_mixin.py:188} INFO - [2026-09-10T07:45:59.428+0000] {dag.py:3954} INFO - Setting next_dagrun for update_db to None, run_after=None
[2026-09-10T07:45:59.466+0000] {processor.py:183} INFO - Processing /opt/airflow/dags/main.py took 0.529 seconds
[2026-09-10T07:46:29.794+0000] {processor.py:161} INFO - Started process (PID=2266) to work on /opt/airflow/dags/main.py
[2026-09-10T07:46:29.796+0000] {processor.py:830} INFO - Processing file /opt/airflow/dags/main.py for tasks to queue
[2026-09-10T07:46:29.801+0000] {logging_mixin.py:188} INFO - [2026-09-10T07:46:29.801+0000] {dagbag.py:545} INFO - Filling up the DagBag from /opt/airflow/dags/main.py
[2026-09-10T07:46:29.871+0000] {logging_mixin.py:188} INFO - channel id is not executed
[2026-09-10T07:46:30.001+0000] {processor.py:840} INFO - DAG(s) 'data_quality', 'produce_json', 'update_db' retrieved from /opt/airflow/dags/main.py
[2026-09-10T07:46:30.223+0000] {logging_mixin.py:188} INFO - [2026-09-10T07:46:30.223+0000] {dag.py:3096} INFO - Sync 3 DAGs
[2026-09-10T07:46:30.258+0000] {logging_mixin.py:188} INFO - [2026-09-10T07:46:30.257+0000] {dag.py:3954} INFO - Setting next_dagrun for data_quality to None, run_after=None
[2026-09-10T07:46:30.267+0000] {logging_mixin.py:188} INFO - [2026-09-10T07:46:30.266+0000] {dag.py:3954} INFO - Setting next_dagrun for produce_json to 2026-09-10 14:00:00+00:00, run_after=2026-09-11 14:00:00+00:00
[2026-09-10T07:46:30.271+0000] {logging_mixin.py:188} INFO - [2026-09-10T07:46:30.270+0000] {dag.py:3954} INFO - Setting next_dagrun for update_db to None, run_after=None
[2026-09-10T07:46:30.322+0000] {processor.py:183} INFO - Processing /opt/airflow/dags/main.py took 0.539 seconds
[2026-09-10T07:47:00.602+0000] {processor.py:161} INFO - Started process (PID=2274) to work on /opt/airflow/dags/main.py
[2026-09-10T07:47:00.605+0000] {processor.py:830} INFO - Processing file /opt/airflow/dags/main.py for tasks to queue
[2026-09-10T07:47:00.609+0000] {logging_mixin.py:188} INFO - [2026-09-10T07:47:00.608+0000] {dagbag.py:545} INFO - Filling up the DagBag from /opt/airflow/dags/main.py
[2026-09-10T07:47:00.679+0000] {logging_mixin.py:188} INFO - channel id is not executed
[2026-09-10T07:47:00.791+0000] {processor.py:840} INFO - DAG(s) 'data_quality', 'update_db', 'produce_json' retrieved from /opt/airflow/dags/main.py
[2026-09-10T07:47:01.019+0000] {logging_mixin.py:188} INFO - [2026-09-10T07:47:01.019+0000] {dag.py:3096} INFO - Sync 3 DAGs
[2026-09-10T07:47:01.053+0000] {logging_mixin.py:188} INFO - [2026-09-10T07:47:01.053+0000] {dag.py:3954} INFO - Setting next_dagrun for data_quality to None, run_after=None
[2026-09-10T07:47:01.062+0000] {logging_mixin.py:188} INFO - [2026-09-10T07:47:01.062+0000] {dag.py:3954} INFO - Setting next_dagrun for produce_json to 2026-09-10 14:00:00+00:00, run_after=2026-09-11 14:00:00+00:00
[2026-09-10T07:47:01.066+0000] {logging_mixin.py:188} INFO - [2026-09-10T07:47:01.066+0000] {dag.py:3954} INFO - Setting next_dagrun for update_db to None, run_after=None
[2026-09-10T07:47:01.115+0000] {processor.py:183} INFO - Processing /opt/airflow/dags/main.py took 0.521 seconds
[2026-09-10T07:47:31.455+0000] {processor.py:161} INFO - Started process (PID=2281) to work on /opt/airflow/dags/main.py
[2026-09-10T07:47:31.458+0000] {processor.py:830} INFO - Processing file /opt/airflow/dags/main.py for tasks to queue
[2026-09-10T07:47:31.461+0000] {logging_mixin.py:188} INFO - [2026-09-10T07:47:31.461+0000] {dagbag.py:545} INFO - Filling up the DagBag from /opt/airflow/dags/main.py
[2026-09-10T07:47:31.518+0000] {logging_mixin.py:188} INFO - channel id is not executed
[2026-09-10T07:47:31.614+0000] {processor.py:840} INFO - DAG(s) 'produce_json', 'data_quality', 'update_db' retrieved from /opt/airflow/dags/main.py
[2026-09-10T07:47:31.920+0000] {logging_mixin.py:188} INFO - [2026-09-10T07:47:31.919+0000] {dag.py:3096} INFO - Sync 3 DAGs
[2026-09-10T07:47:31.953+0000] {logging_mixin.py:188} INFO - [2026-09-10T07:47:31.953+0000] {dag.py:3954} INFO - Setting next_dagrun for data_quality to None, run_after=None
[2026-09-10T07:47:31.964+0000] {logging_mixin.py:188} INFO - [2026-09-10T07:47:31.963+0000] {dag.py:3954} INFO - Setting next_dagrun for produce_json to 2026-09-10 14:00:00+00:00, run_after=2026-09-11 14:00:00+00:00
[2026-09-10T07:47:31.967+0000] {logging_mixin.py:188} INFO - [2026-09-10T07:47:31.967+0000] {dag.py:3954} INFO - Setting next_dagrun for update_db to None, run_after=None
[2026-09-10T07:47:32.047+0000] {processor.py:183} INFO - Processing /opt/airflow/dags/main.py took 0.602 seconds
[2026-09-10T07:48:02.475+0000] {processor.py:161} INFO - Started process (PID=2288) to work on /opt/airflow/dags/main.py
[2026-09-10T07:48:02.480+0000] {processor.py:830} INFO - Processing file /opt/airflow/dags/main.py for tasks to queue
[2026-09-10T07:48:02.485+0000] {logging_mixin.py:188} INFO - [2026-09-10T07:48:02.485+0000] {dagbag.py:545} INFO - Filling up the DagBag from /opt/airflow/dags/main.py
[2026-09-10T07:48:02.580+0000] {logging_mixin.py:188} INFO - channel id is not executed
[2026-09-10T07:48:02.692+0000] {processor.py:840} INFO - DAG(s) 'data_quality', 'produce_json', 'update_db' retrieved from /opt/airflow/dags/main.py
[2026-09-10T07:48:02.919+0000] {logging_mixin.py:188} INFO - [2026-09-10T07:48:02.919+0000] {dag.py:3096} INFO - Sync 3 DAGs
[2026-09-10T07:48:02.953+0000] {logging_mixin.py:188} INFO - [2026-09-10T07:48:02.953+0000] {dag.py:3954} INFO - Setting next_dagrun for data_quality to None, run_after=None
[2026-09-10T07:48:02.963+0000] {logging_mixin.py:188} INFO - [2026-09-10T07:48:02.963+0000] {dag.py:3954} INFO - Setting next_dagrun for produce_json to 2026-09-10 14:00:00+00:00, run_after=2026-09-11 14:00:00+00:00
[2026-09-10T07:48:02.967+0000] {logging_mixin.py:188} INFO - [2026-09-10T07:48:02.967+0000] {dag.py:3954} INFO - Setting next_dagrun for update_db to None, run_after=None
[2026-09-10T07:48:03.008+0000] {processor.py:183} INFO - Processing /opt/airflow/dags/main.py took 0.544 seconds
[2026-09-10T07:48:33.716+0000] {processor.py:161} INFO - Started process (PID=2295) to work on /opt/airflow/dags/main.py
[2026-09-10T07:48:33.719+0000] {processor.py:830} INFO - Processing file /opt/airflow/dags/main.py for tasks to queue
[2026-09-10T07:48:33.724+0000] {logging_mixin.py:188} INFO - [2026-09-10T07:48:33.723+0000] {dagbag.py:545} INFO - Filling up the DagBag from /opt/airflow/dags/main.py
[2026-09-10T07:48:33.808+0000] {logging_mixin.py:188} INFO - channel id is not executed
[2026-09-10T07:48:33.928+0000] {processor.py:840} INFO - DAG(s) 'data_quality', 'produce_json', 'update_db' retrieved from /opt/airflow/dags/main.py
[2026-09-10T07:48:34.159+0000] {logging_mixin.py:188} INFO - [2026-09-10T07:48:34.158+0000] {dag.py:3096} INFO - Sync 3 DAGs
[2026-09-10T07:48:34.196+0000] {logging_mixin.py:188} INFO - [2026-09-10T07:48:34.195+0000] {dag.py:3954} INFO - Setting next_dagrun for data_quality to None, run_after=None
[2026-09-10T07:48:34.205+0000] {logging_mixin.py:188} INFO - [2026-09-10T07:48:34.205+0000] {dag.py:3954} INFO - Setting next_dagrun for produce_json to 2026-09-10 14:00:00+00:00, run_after=2026-09-11 14:00:00+00:00
[2026-09-10T07:48:34.209+0000] {logging_mixin.py:188} INFO - [2026-09-10T07:48:34.209+0000] {dag.py:3954} INFO - Setting next_dagrun for update_db to None, run_after=None
[2026-09-10T07:48:34.269+0000] {processor.py:183} INFO - Processing /opt/airflow/dags/main.py took 0.568 seconds
[2026-09-10T07:49:04.787+0000] {processor.py:161} INFO - Started process (PID=2302) to work on /opt/airflow/dags/main.py
[2026-09-10T07:49:04.789+0000] {processor.py:830} INFO - Processing file /opt/airflow/dags/main.py for tasks to queue
[2026-09-10T07:49:04.799+0000] {logging_mixin.py:188} INFO - [2026-09-10T07:49:04.798+0000] {dagbag.py:545} INFO - Filling up the DagBag from /opt/airflow/dags/main.py
[2026-09-10T07:49:05.039+0000] {logging_mixin.py:188} INFO - channel id is not executed
[2026-09-10T07:49:05.227+0000] {processor.py:840} INFO - DAG(s) 'update_db', 'data_quality', 'produce_json' retrieved from /opt/airflow/dags/main.py
[2026-09-10T07:49:05.523+0000] {logging_mixin.py:188} INFO - [2026-09-10T07:49:05.522+0000] {dag.py:3096} INFO - Sync 3 DAGs
[2026-09-10T07:49:05.584+0000] {logging_mixin.py:188} INFO - [2026-09-10T07:49:05.583+0000] {dag.py:3954} INFO - Setting next_dagrun for data_quality to None, run_after=None
[2026-09-10T07:49:05.592+0000] {logging_mixin.py:188} INFO - [2026-09-10T07:49:05.592+0000] {dag.py:3954} INFO - Setting next_dagrun for produce_json to 2026-09-10 14:00:00+00:00, run_after=2026-09-11 14:00:00+00:00
[2026-09-10T07:49:05.599+0000] {logging_mixin.py:188} INFO - [2026-09-10T07:49:05.599+0000] {dag.py:3954} INFO - Setting next_dagrun for update_db to None, run_after=None
[2026-09-10T07:49:05.659+0000] {processor.py:183} INFO - Processing /opt/airflow/dags/main.py took 0.911 seconds
[2026-09-10T07:49:35.989+0000] {processor.py:161} INFO - Started process (PID=2310) to work on /opt/airflow/dags/main.py
[2026-09-10T07:49:35.991+0000] {processor.py:830} INFO - Processing file /opt/airflow/dags/main.py for tasks to queue
[2026-09-10T07:49:36.001+0000] {logging_mixin.py:188} INFO - [2026-09-10T07:49:36.000+0000] {dagbag.py:545} INFO - Filling up the DagBag from /opt/airflow/dags/main.py
[2026-09-10T07:49:36.076+0000] {logging_mixin.py:188} INFO - channel id is not executed
[2026-09-10T07:49:36.370+0000] {processor.py:840} INFO - DAG(s) 'update_db', 'data_quality', 'produce_json' retrieved from /opt/airflow/dags/main.py
[2026-09-10T07:49:36.742+0000] {logging_mixin.py:188} INFO - [2026-09-10T07:49:36.741+0000] {dag.py:3096} INFO - Sync 3 DAGs
[2026-09-10T07:49:36.780+0000] {logging_mixin.py:188} INFO - [2026-09-10T07:49:36.779+0000] {dag.py:3954} INFO - Setting next_dagrun for data_quality to None, run_after=None
[2026-09-10T07:49:36.789+0000] {logging_mixin.py:188} INFO - [2026-09-10T07:49:36.789+0000] {dag.py:3954} INFO - Setting next_dagrun for produce_json to 2026-09-10 14:00:00+00:00, run_after=2026-09-11 14:00:00+00:00
[2026-09-10T07:49:36.793+0000] {logging_mixin.py:188} INFO - [2026-09-10T07:49:36.792+0000] {dag.py:3954} INFO - Setting next_dagrun for update_db to None, run_after=None
[2026-09-10T07:49:36.829+0000] {processor.py:183} INFO - Processing /opt/airflow/dags/main.py took 0.849 seconds
[2026-09-10T07:50:07.284+0000] {processor.py:161} INFO - Started process (PID=2316) to work on /opt/airflow/dags/main.py
[2026-09-10T07:50:07.286+0000] {processor.py:830} INFO - Processing file /opt/airflow/dags/main.py for tasks to queue
[2026-09-10T07:50:07.290+0000] {logging_mixin.py:188} INFO - [2026-09-10T07:50:07.290+0000] {dagbag.py:545} INFO - Filling up the DagBag from /opt/airflow/dags/main.py
[2026-09-10T07:50:07.356+0000] {logging_mixin.py:188} INFO - channel id is not executed
[2026-09-10T07:50:07.547+0000] {processor.py:840} INFO - DAG(s) 'produce_json', 'update_db', 'data_quality' retrieved from /opt/airflow/dags/main.py
[2026-09-10T07:50:07.761+0000] {logging_mixin.py:188} INFO - [2026-09-10T07:50:07.761+0000] {dag.py:3096} INFO - Sync 3 DAGs
[2026-09-10T07:50:07.796+0000] {logging_mixin.py:188} INFO - [2026-09-10T07:50:07.796+0000] {dag.py:3954} INFO - Setting next_dagrun for data_quality to None, run_after=None
[2026-09-10T07:50:07.807+0000] {logging_mixin.py:188} INFO - [2026-09-10T07:50:07.806+0000] {dag.py:3954} INFO - Setting next_dagrun for produce_json to 2026-09-10 14:00:00+00:00, run_after=2026-09-11 14:00:00+00:00
[2026-09-10T07:50:07.811+0000] {logging_mixin.py:188} INFO - [2026-09-10T07:50:07.810+0000] {dag.py:3954} INFO - Setting next_dagrun for update_db to None, run_after=None
[2026-09-10T07:50:07.867+0000] {processor.py:183} INFO - Processing /opt/airflow/dags/main.py took 0.594 seconds
[2026-09-10T07:50:38.132+0000] {processor.py:161} INFO - Started process (PID=2323) to work on /opt/airflow/dags/main.py
[2026-09-10T07:50:38.136+0000] {processor.py:830} INFO - Processing file /opt/airflow/dags/main.py for tasks to queue
[2026-09-10T07:50:38.142+0000] {logging_mixin.py:188} INFO - [2026-09-10T07:50:38.141+0000] {dagbag.py:545} INFO - Filling up the DagBag from /opt/airflow/dags/main.py
[2026-09-10T07:50:38.208+0000] {logging_mixin.py:188} INFO - channel id is not executed
[2026-09-10T07:50:38.319+0000] {processor.py:840} INFO - DAG(s) 'produce_json', 'data_quality', 'update_db' retrieved from /opt/airflow/dags/main.py
[2026-09-10T07:50:38.539+0000] {logging_mixin.py:188} INFO - [2026-09-10T07:50:38.539+0000] {dag.py:3096} INFO - Sync 3 DAGs
[2026-09-10T07:50:38.571+0000] {logging_mixin.py:188} INFO - [2026-09-10T07:50:38.570+0000] {dag.py:3954} INFO - Setting next_dagrun for data_quality to None, run_after=None
[2026-09-10T07:50:38.581+0000] {logging_mixin.py:188} INFO - [2026-09-10T07:50:38.581+0000] {dag.py:3954} INFO - Setting next_dagrun for produce_json to 2026-09-10 14:00:00+00:00, run_after=2026-09-11 14:00:00+00:00
[2026-09-10T07:50:38.585+0000] {logging_mixin.py:188} INFO - [2026-09-10T07:50:38.585+0000] {dag.py:3954} INFO - Setting next_dagrun for update_db to None, run_after=None
[2026-09-10T07:50:38.637+0000] {processor.py:183} INFO - Processing /opt/airflow/dags/main.py took 0.513 seconds
[2026-09-10T07:51:09.018+0000] {processor.py:161} INFO - Started process (PID=2330) to work on /opt/airflow/dags/main.py
[2026-09-10T07:51:09.020+0000] {processor.py:830} INFO - Processing file /opt/airflow/dags/main.py for tasks to queue
[2026-09-10T07:51:09.024+0000] {logging_mixin.py:188} INFO - [2026-09-10T07:51:09.024+0000] {dagbag.py:545} INFO - Filling up the DagBag from /opt/airflow/dags/main.py
[2026-09-10T07:51:09.094+0000] {logging_mixin.py:188} INFO - channel id is not executed
[2026-09-10T07:51:09.214+0000] {processor.py:840} INFO - DAG(s) 'update_db', 'data_quality', 'produce_json' retrieved from /opt/airflow/dags/main.py
[2026-09-10T07:51:09.461+0000] {logging_mixin.py:188} INFO - [2026-09-10T07:51:09.460+0000] {dag.py:3096} INFO - Sync 3 DAGs
[2026-09-10T07:51:09.498+0000] {logging_mixin.py:188} INFO - [2026-09-10T07:51:09.497+0000] {dag.py:3954} INFO - Setting next_dagrun for data_quality to None, run_after=None
[2026-09-10T07:51:09.506+0000] {logging_mixin.py:188} INFO - [2026-09-10T07:51:09.506+0000] {dag.py:3954} INFO - Setting next_dagrun for produce_json to 2026-09-10 14:00:00+00:00, run_after=2026-09-11 14:00:00+00:00
[2026-09-10T07:51:09.510+0000] {logging_mixin.py:188} INFO - [2026-09-10T07:51:09.510+0000] {dag.py:3954} INFO - Setting next_dagrun for update_db to None, run_after=None
[2026-09-10T07:51:09.562+0000] {processor.py:183} INFO - Processing /opt/airflow/dags/main.py took 0.553 seconds
[2026-09-10T07:51:39.962+0000] {processor.py:161} INFO - Started process (PID=2337) to work on /opt/airflow/dags/main.py
[2026-09-10T07:51:39.964+0000] {processor.py:830} INFO - Processing file /opt/airflow/dags/main.py for tasks to queue
[2026-09-10T07:51:39.968+0000] {logging_mixin.py:188} INFO - [2026-09-10T07:51:39.967+0000] {dagbag.py:545} INFO - Filling up the DagBag from /opt/airflow/dags/main.py
[2026-09-10T07:51:40.033+0000] {logging_mixin.py:188} INFO - channel id is not executed
[2026-09-10T07:51:40.177+0000] {processor.py:840} INFO - DAG(s) 'update_db', 'produce_json', 'data_quality' retrieved from /opt/airflow/dags/main.py
[2026-09-10T07:51:40.447+0000] {logging_mixin.py:188} INFO - [2026-09-10T07:51:40.446+0000] {dag.py:3096} INFO - Sync 3 DAGs
[2026-09-10T07:51:40.486+0000] {logging_mixin.py:188} INFO - [2026-09-10T07:51:40.485+0000] {dag.py:3954} INFO - Setting next_dagrun for data_quality to None, run_after=None
[2026-09-10T07:51:40.496+0000] {logging_mixin.py:188} INFO - [2026-09-10T07:51:40.495+0000] {dag.py:3954} INFO - Setting next_dagrun for produce_json to 2026-09-10 14:00:00+00:00, run_after=2026-09-11 14:00:00+00:00
[2026-09-10T07:51:40.499+0000] {logging_mixin.py:188} INFO - [2026-09-10T07:51:40.499+0000] {dag.py:3954} INFO - Setting next_dagrun for update_db to None, run_after=None
[2026-09-10T07:51:40.535+0000] {processor.py:183} INFO - Processing /opt/airflow/dags/main.py took 0.582 seconds
[2026-09-10T07:52:10.942+0000] {processor.py:161} INFO - Started process (PID=2344) to work on /opt/airflow/dags/main.py
[2026-09-10T07:52:10.944+0000] {processor.py:830} INFO - Processing file /opt/airflow/dags/main.py for tasks to queue
[2026-09-10T07:52:10.948+0000] {logging_mixin.py:188} INFO - [2026-09-10T07:52:10.947+0000] {dagbag.py:545} INFO - Filling up the DagBag from /opt/airflow/dags/main.py
[2026-09-10T07:52:11.011+0000] {logging_mixin.py:188} INFO - channel id is not executed
[2026-09-10T07:52:11.130+0000] {processor.py:840} INFO - DAG(s) 'data_quality', 'produce_json', 'update_db' retrieved from /opt/airflow/dags/main.py
[2026-09-10T07:52:11.352+0000] {logging_mixin.py:188} INFO - [2026-09-10T07:52:11.352+0000] {dag.py:3096} INFO - Sync 3 DAGs
[2026-09-10T07:52:11.386+0000] {logging_mixin.py:188} INFO - [2026-09-10T07:52:11.385+0000] {dag.py:3954} INFO - Setting next_dagrun for data_quality to None, run_after=None
[2026-09-10T07:52:11.395+0000] {logging_mixin.py:188} INFO - [2026-09-10T07:52:11.394+0000] {dag.py:3954} INFO - Setting next_dagrun for produce_json to 2026-09-10 14:00:00+00:00, run_after=2026-09-11 14:00:00+00:00
[2026-09-10T07:52:11.398+0000] {logging_mixin.py:188} INFO - [2026-09-10T07:52:11.398+0000] {dag.py:3954} INFO - Setting next_dagrun for update_db to None, run_after=None
[2026-09-10T07:52:11.453+0000] {processor.py:183} INFO - Processing /opt/airflow/dags/main.py took 0.521 seconds
[2026-09-10T07:52:41.559+0000] {processor.py:161} INFO - Started process (PID=2351) to work on /opt/airflow/dags/main.py
[2026-09-10T07:52:41.562+0000] {processor.py:830} INFO - Processing file /opt/airflow/dags/main.py for tasks to queue
[2026-09-10T07:52:41.566+0000] {logging_mixin.py:188} INFO - [2026-09-10T07:52:41.566+0000] {dagbag.py:545} INFO - Filling up the DagBag from /opt/airflow/dags/main.py
[2026-09-10T07:52:41.639+0000] {logging_mixin.py:188} INFO - channel id is not executed
[2026-09-10T07:52:41.754+0000] {processor.py:840} INFO - DAG(s) 'produce_json', 'data_quality', 'update_db' retrieved from /opt/airflow/dags/main.py
[2026-09-10T07:52:41.965+0000] {logging_mixin.py:188} INFO - [2026-09-10T07:52:41.964+0000] {dag.py:3096} INFO - Sync 3 DAGs
[2026-09-10T07:52:41.999+0000] {logging_mixin.py:188} INFO - [2026-09-10T07:52:41.999+0000] {dag.py:3954} INFO - Setting next_dagrun for data_quality to None, run_after=None
[2026-09-10T07:52:42.008+0000] {logging_mixin.py:188} INFO - [2026-09-10T07:52:42.007+0000] {dag.py:3954} INFO - Setting next_dagrun for produce_json to 2026-09-10 14:00:00+00:00, run_after=2026-09-11 14:00:00+00:00
[2026-09-10T07:52:42.011+0000] {logging_mixin.py:188} INFO - [2026-09-10T07:52:42.011+0000] {dag.py:3954} INFO - Setting next_dagrun for update_db to None, run_after=None
[2026-09-10T07:52:42.062+0000] {processor.py:183} INFO - Processing /opt/airflow/dags/main.py took 0.511 seconds
[2026-09-10T07:53:12.374+0000] {processor.py:161} INFO - Started process (PID=2358) to work on /opt/airflow/dags/main.py
[2026-09-10T07:53:12.376+0000] {processor.py:830} INFO - Processing file /opt/airflow/dags/main.py for tasks to queue
[2026-09-10T07:53:12.380+0000] {logging_mixin.py:188} INFO - [2026-09-10T07:53:12.380+0000] {dagbag.py:545} INFO - Filling up the DagBag from /opt/airflow/dags/main.py
[2026-09-10T07:53:12.445+0000] {logging_mixin.py:188} INFO - channel id is not executed
[2026-09-10T07:53:12.563+0000] {processor.py:840} INFO - DAG(s) 'data_quality', 'produce_json', 'update_db' retrieved from /opt/airflow/dags/main.py
[2026-09-10T07:53:12.787+0000] {logging_mixin.py:188} INFO - [2026-09-10T07:53:12.786+0000] {dag.py:3096} INFO - Sync 3 DAGs
[2026-09-10T07:53:12.820+0000] {logging_mixin.py:188} INFO - [2026-09-10T07:53:12.820+0000] {dag.py:3954} INFO - Setting next_dagrun for data_quality to None, run_after=None
[2026-09-10T07:53:12.836+0000] {logging_mixin.py:188} INFO - [2026-09-10T07:53:12.836+0000] {dag.py:3954} INFO - Setting next_dagrun for produce_json to 2026-09-10 14:00:00+00:00, run_after=2026-09-11 14:00:00+00:00
[2026-09-10T07:53:12.842+0000] {logging_mixin.py:188} INFO - [2026-09-10T07:53:12.842+0000] {dag.py:3954} INFO - Setting next_dagrun for update_db to None, run_after=None
[2026-09-10T07:53:12.899+0000] {processor.py:183} INFO - Processing /opt/airflow/dags/main.py took 0.538 seconds
[2026-09-10T07:53:42.980+0000] {processor.py:161} INFO - Started process (PID=2365) to work on /opt/airflow/dags/main.py
[2026-09-10T07:53:42.983+0000] {processor.py:830} INFO - Processing file /opt/airflow/dags/main.py for tasks to queue
[2026-09-10T07:53:42.990+0000] {logging_mixin.py:188} INFO - [2026-09-10T07:53:42.989+0000] {dagbag.py:545} INFO - Filling up the DagBag from /opt/airflow/dags/main.py
[2026-09-10T07:53:43.062+0000] {logging_mixin.py:188} INFO - channel id is not executed
[2026-09-10T07:53:43.176+0000] {processor.py:840} INFO - DAG(s) 'data_quality', 'update_db', 'produce_json' retrieved from /opt/airflow/dags/main.py
[2026-09-10T07:53:43.412+0000] {logging_mixin.py:188} INFO - [2026-09-10T07:53:43.411+0000] {dag.py:3096} INFO - Sync 3 DAGs
[2026-09-10T07:53:43.443+0000] {logging_mixin.py:188} INFO - [2026-09-10T07:53:43.443+0000] {dag.py:3954} INFO - Setting next_dagrun for data_quality to None, run_after=None
[2026-09-10T07:53:43.459+0000] {logging_mixin.py:188} INFO - [2026-09-10T07:53:43.459+0000] {dag.py:3954} INFO - Setting next_dagrun for produce_json to 2026-09-10 14:00:00+00:00, run_after=2026-09-11 14:00:00+00:00
[2026-09-10T07:53:43.467+0000] {logging_mixin.py:188} INFO - [2026-09-10T07:53:43.467+0000] {dag.py:3954} INFO - Setting next_dagrun for update_db to None, run_after=None
[2026-09-10T07:53:43.518+0000] {processor.py:183} INFO - Processing /opt/airflow/dags/main.py took 0.565 seconds
[2026-09-10T07:54:13.870+0000] {processor.py:161} INFO - Started process (PID=2371) to work on /opt/airflow/dags/main.py
[2026-09-10T07:54:13.872+0000] {processor.py:830} INFO - Processing file /opt/airflow/dags/main.py for tasks to queue
[2026-09-10T07:54:13.880+0000] {logging_mixin.py:188} INFO - [2026-09-10T07:54:13.880+0000] {dagbag.py:545} INFO - Filling up the DagBag from /opt/airflow/dags/main.py
[2026-09-10T07:54:13.959+0000] {logging_mixin.py:188} INFO - channel id is not executed
[2026-09-10T07:54:14.089+0000] {processor.py:840} INFO - DAG(s) 'update_db', 'data_quality', 'produce_json' retrieved from /opt/airflow/dags/main.py
[2026-09-10T07:54:14.310+0000] {logging_mixin.py:188} INFO - [2026-09-10T07:54:14.309+0000] {dag.py:3096} INFO - Sync 3 DAGs
[2026-09-10T07:54:14.351+0000] {logging_mixin.py:188} INFO - [2026-09-10T07:54:14.351+0000] {dag.py:3954} INFO - Setting next_dagrun for data_quality to None, run_after=None
[2026-09-10T07:54:14.361+0000] {logging_mixin.py:188} INFO - [2026-09-10T07:54:14.360+0000] {dag.py:3954} INFO - Setting next_dagrun for produce_json to 2026-09-10 14:00:00+00:00, run_after=2026-09-11 14:00:00+00:00
[2026-09-10T07:54:14.364+0000] {logging_mixin.py:188} INFO - [2026-09-10T07:54:14.364+0000] {dag.py:3954} INFO - Setting next_dagrun for update_db to None, run_after=None
[2026-09-10T07:54:14.400+0000] {processor.py:183} INFO - Processing /opt/airflow/dags/main.py took 0.540 seconds
[2026-09-10T07:54:44.765+0000] {processor.py:161} INFO - Started process (PID=2378) to work on /opt/airflow/dags/main.py
[2026-09-10T07:54:44.767+0000] {processor.py:830} INFO - Processing file /opt/airflow/dags/main.py for tasks to queue
[2026-09-10T07:54:44.771+0000] {logging_mixin.py:188} INFO - [2026-09-10T07:54:44.771+0000] {dagbag.py:545} INFO - Filling up the DagBag from /opt/airflow/dags/main.py
[2026-09-10T07:54:44.836+0000] {logging_mixin.py:188} INFO - channel id is not executed
[2026-09-10T07:54:45.064+0000] {processor.py:840} INFO - DAG(s) 'update_db', 'data_quality', 'produce_json' retrieved from /opt/airflow/dags/main.py
[2026-09-10T07:54:45.353+0000] {logging_mixin.py:188} INFO - [2026-09-10T07:54:45.352+0000] {dag.py:3096} INFO - Sync 3 DAGs
[2026-09-10T07:54:45.387+0000] {logging_mixin.py:188} INFO - [2026-09-10T07:54:45.387+0000] {dag.py:3954} INFO - Setting next_dagrun for data_quality to None, run_after=None
[2026-09-10T07:54:45.396+0000] {logging_mixin.py:188} INFO - [2026-09-10T07:54:45.395+0000] {dag.py:3954} INFO - Setting next_dagrun for produce_json to 2026-09-10 14:00:00+00:00, run_after=2026-09-11 14:00:00+00:00
[2026-09-10T07:54:45.401+0000] {logging_mixin.py:188} INFO - [2026-09-10T07:54:45.401+0000] {dag.py:3954} INFO - Setting next_dagrun for update_db to None, run_after=None
[2026-09-10T07:54:45.437+0000] {processor.py:183} INFO - Processing /opt/airflow/dags/main.py took 0.682 seconds
[2026-09-10T07:55:15.496+0000] {processor.py:161} INFO - Started process (PID=2385) to work on /opt/airflow/dags/main.py
[2026-09-10T07:55:15.499+0000] {processor.py:830} INFO - Processing file /opt/airflow/dags/main.py for tasks to queue
[2026-09-10T07:55:15.504+0000] {logging_mixin.py:188} INFO - [2026-09-10T07:55:15.503+0000] {dagbag.py:545} INFO - Filling up the DagBag from /opt/airflow/dags/main.py
[2026-09-10T07:55:15.583+0000] {logging_mixin.py:188} INFO - channel id is not executed
[2026-09-10T07:55:15.714+0000] {processor.py:840} INFO - DAG(s) 'update_db', 'data_quality', 'produce_json' retrieved from /opt/airflow/dags/main.py
[2026-09-10T07:55:15.945+0000] {logging_mixin.py:188} INFO - [2026-09-10T07:55:15.945+0000] {dag.py:3096} INFO - Sync 3 DAGs
[2026-09-10T07:55:15.979+0000] {logging_mixin.py:188} INFO - [2026-09-10T07:55:15.979+0000] {dag.py:3954} INFO - Setting next_dagrun for data_quality to None, run_after=None
[2026-09-10T07:55:16.000+0000] {logging_mixin.py:188} INFO - [2026-09-10T07:55:15.999+0000] {dag.py:3954} INFO - Setting next_dagrun for produce_json to 2026-09-10 14:00:00+00:00, run_after=2026-09-11 14:00:00+00:00
[2026-09-10T07:55:16.004+0000] {logging_mixin.py:188} INFO - [2026-09-10T07:55:16.004+0000] {dag.py:3954} INFO - Setting next_dagrun for update_db to None, run_after=None
[2026-09-10T07:55:16.053+0000] {processor.py:183} INFO - Processing /opt/airflow/dags/main.py took 0.568 seconds
[2026-09-10T07:55:46.407+0000] {processor.py:161} INFO - Started process (PID=2392) to work on /opt/airflow/dags/main.py
[2026-09-10T07:55:46.409+0000] {processor.py:830} INFO - Processing file /opt/airflow/dags/main.py for tasks to queue
[2026-09-10T07:55:46.413+0000] {logging_mixin.py:188} INFO - [2026-09-10T07:55:46.413+0000] {dagbag.py:545} INFO - Filling up the DagBag from /opt/airflow/dags/main.py
[2026-09-10T07:55:46.479+0000] {logging_mixin.py:188} INFO - channel id is not executed
[2026-09-10T07:55:46.592+0000] {processor.py:840} INFO - DAG(s) 'data_quality', 'update_db', 'produce_json' retrieved from /opt/airflow/dags/main.py
[2026-09-10T07:55:46.824+0000] {logging_mixin.py:188} INFO - [2026-09-10T07:55:46.823+0000] {dag.py:3096} INFO - Sync 3 DAGs
[2026-09-10T07:55:46.860+0000] {logging_mixin.py:188} INFO - [2026-09-10T07:55:46.860+0000] {dag.py:3954} INFO - Setting next_dagrun for data_quality to None, run_after=None
[2026-09-10T07:55:46.870+0000] {logging_mixin.py:188} INFO - [2026-09-10T07:55:46.869+0000] {dag.py:3954} INFO - Setting next_dagrun for produce_json to 2026-09-10 14:00:00+00:00, run_after=2026-09-11 14:00:00+00:00
[2026-09-10T07:55:46.873+0000] {logging_mixin.py:188} INFO - [2026-09-10T07:55:46.873+0000] {dag.py:3954} INFO - Setting next_dagrun for update_db to None, run_after=None
[2026-09-10T07:55:46.911+0000] {processor.py:183} INFO - Processing /opt/airflow/dags/main.py took 0.513 seconds
[2026-09-10T07:56:17.306+0000] {processor.py:161} INFO - Started process (PID=2398) to work on /opt/airflow/dags/main.py
[2026-09-10T07:56:17.308+0000] {processor.py:830} INFO - Processing file /opt/airflow/dags/main.py for tasks to queue
[2026-09-10T07:56:17.312+0000] {logging_mixin.py:188} INFO - [2026-09-10T07:56:17.312+0000] {dagbag.py:545} INFO - Filling up the DagBag from /opt/airflow/dags/main.py
[2026-09-10T07:56:17.374+0000] {logging_mixin.py:188} INFO - channel id is not executed
[2026-09-10T07:56:17.487+0000] {processor.py:840} INFO - DAG(s) 'update_db', 'data_quality', 'produce_json' retrieved from /opt/airflow/dags/main.py
[2026-09-10T07:56:17.689+0000] {logging_mixin.py:188} INFO - [2026-09-10T07:56:17.689+0000] {dag.py:3096} INFO - Sync 3 DAGs
[2026-09-10T07:56:17.724+0000] {logging_mixin.py:188} INFO - [2026-09-10T07:56:17.724+0000] {dag.py:3954} INFO - Setting next_dagrun for data_quality to None, run_after=None
[2026-09-10T07:56:17.733+0000] {logging_mixin.py:188} INFO - [2026-09-10T07:56:17.732+0000] {dag.py:3954} INFO - Setting next_dagrun for produce_json to 2026-09-10 14:00:00+00:00, run_after=2026-09-11 14:00:00+00:00
[2026-09-10T07:56:17.736+0000] {logging_mixin.py:188} INFO - [2026-09-10T07:56:17.736+0000] {dag.py:3954} INFO - Setting next_dagrun for update_db to None, run_after=None
[2026-09-10T07:56:17.792+0000] {processor.py:183} INFO - Processing /opt/airflow/dags/main.py took 0.499 seconds
[2026-09-10T07:56:47.949+0000] {processor.py:161} INFO - Started process (PID=2405) to work on /opt/airflow/dags/main.py
[2026-09-10T07:56:47.952+0000] {processor.py:830} INFO - Processing file /opt/airflow/dags/main.py for tasks to queue
[2026-09-10T07:56:47.958+0000] {logging_mixin.py:188} INFO - [2026-09-10T07:56:47.958+0000] {dagbag.py:545} INFO - Filling up the DagBag from /opt/airflow/dags/main.py
[2026-09-10T07:56:48.029+0000] {logging_mixin.py:188} INFO - channel id is not executed
[2026-09-10T07:56:48.148+0000] {processor.py:840} INFO - DAG(s) 'update_db', 'produce_json', 'data_quality' retrieved from /opt/airflow/dags/main.py
[2026-09-10T07:56:48.379+0000] {logging_mixin.py:188} INFO - [2026-09-10T07:56:48.379+0000] {dag.py:3096} INFO - Sync 3 DAGs
[2026-09-10T07:56:48.417+0000] {logging_mixin.py:188} INFO - [2026-09-10T07:56:48.417+0000] {dag.py:3954} INFO - Setting next_dagrun for data_quality to None, run_after=None
[2026-09-10T07:56:48.426+0000] {logging_mixin.py:188} INFO - [2026-09-10T07:56:48.425+0000] {dag.py:3954} INFO - Setting next_dagrun for produce_json to 2026-09-10 14:00:00+00:00, run_after=2026-09-11 14:00:00+00:00
[2026-09-10T07:56:48.429+0000] {logging_mixin.py:188} INFO - [2026-09-10T07:56:48.429+0000] {dag.py:3954} INFO - Setting next_dagrun for update_db to None, run_after=None
[2026-09-10T07:56:48.473+0000] {processor.py:183} INFO - Processing /opt/airflow/dags/main.py took 0.536 seconds
[2026-09-10T07:57:18.787+0000] {processor.py:161} INFO - Started process (PID=2412) to work on /opt/airflow/dags/main.py
[2026-09-10T07:57:18.790+0000] {processor.py:830} INFO - Processing file /opt/airflow/dags/main.py for tasks to queue
[2026-09-10T07:57:18.795+0000] {logging_mixin.py:188} INFO - [2026-09-10T07:57:18.794+0000] {dagbag.py:545} INFO - Filling up the DagBag from /opt/airflow/dags/main.py
[2026-09-10T07:57:18.861+0000] {logging_mixin.py:188} INFO - channel id is not executed
[2026-09-10T07:57:18.968+0000] {processor.py:840} INFO - DAG(s) 'data_quality', 'update_db', 'produce_json' retrieved from /opt/airflow/dags/main.py
[2026-09-10T07:57:19.188+0000] {logging_mixin.py:188} INFO - [2026-09-10T07:57:19.188+0000] {dag.py:3096} INFO - Sync 3 DAGs
[2026-09-10T07:57:19.226+0000] {logging_mixin.py:188} INFO - [2026-09-10T07:57:19.225+0000] {dag.py:3954} INFO - Setting next_dagrun for data_quality to None, run_after=None
[2026-09-10T07:57:19.236+0000] {logging_mixin.py:188} INFO - [2026-09-10T07:57:19.236+0000] {dag.py:3954} INFO - Setting next_dagrun for produce_json to 2026-09-10 14:00:00+00:00, run_after=2026-09-11 14:00:00+00:00
[2026-09-10T07:57:19.242+0000] {logging_mixin.py:188} INFO - [2026-09-10T07:57:19.240+0000] {dag.py:3954} INFO - Setting next_dagrun for update_db to None, run_after=None
[2026-09-10T07:57:19.293+0000] {processor.py:183} INFO - Processing /opt/airflow/dags/main.py took 0.518 seconds
[2026-09-10T07:57:49.655+0000] {processor.py:161} INFO - Started process (PID=2419) to work on /opt/airflow/dags/main.py
[2026-09-10T07:57:49.679+0000] {processor.py:830} INFO - Processing file /opt/airflow/dags/main.py for tasks to queue
[2026-09-10T07:57:49.703+0000] {logging_mixin.py:188} INFO - [2026-09-10T07:57:49.702+0000] {dagbag.py:545} INFO - Filling up the DagBag from /opt/airflow/dags/main.py
[2026-09-10T07:57:49.829+0000] {logging_mixin.py:188} INFO - channel id is not executed
[2026-09-10T07:57:49.940+0000] {processor.py:840} INFO - DAG(s) 'data_quality', 'produce_json', 'update_db' retrieved from /opt/airflow/dags/main.py
[2026-09-10T07:57:50.162+0000] {logging_mixin.py:188} INFO - [2026-09-10T07:57:50.161+0000] {dag.py:3096} INFO - Sync 3 DAGs
[2026-09-10T07:57:50.196+0000] {logging_mixin.py:188} INFO - [2026-09-10T07:57:50.196+0000] {dag.py:3954} INFO - Setting next_dagrun for data_quality to None, run_after=None
[2026-09-10T07:57:50.204+0000] {logging_mixin.py:188} INFO - [2026-09-10T07:57:50.204+0000] {dag.py:3954} INFO - Setting next_dagrun for produce_json to 2026-09-10 14:00:00+00:00, run_after=2026-09-11 14:00:00+00:00
[2026-09-10T07:57:50.209+0000] {logging_mixin.py:188} INFO - [2026-09-10T07:57:50.209+0000] {dag.py:3954} INFO - Setting next_dagrun for update_db to None, run_after=None
[2026-09-10T07:57:50.274+0000] {processor.py:183} INFO - Processing /opt/airflow/dags/main.py took 0.638 seconds
[2026-09-10T07:58:20.368+0000] {processor.py:161} INFO - Started process (PID=2427) to work on /opt/airflow/dags/main.py
[2026-09-10T07:58:20.370+0000] {processor.py:830} INFO - Processing file /opt/airflow/dags/main.py for tasks to queue
[2026-09-10T07:58:20.374+0000] {logging_mixin.py:188} INFO - [2026-09-10T07:58:20.374+0000] {dagbag.py:545} INFO - Filling up the DagBag from /opt/airflow/dags/main.py
[2026-09-10T07:58:20.441+0000] {logging_mixin.py:188} INFO - channel id is not executed
[2026-09-10T07:58:20.555+0000] {processor.py:840} INFO - DAG(s) 'data_quality', 'produce_json', 'update_db' retrieved from /opt/airflow/dags/main.py
[2026-09-10T07:58:20.809+0000] {logging_mixin.py:188} INFO - [2026-09-10T07:58:20.809+0000] {dag.py:3096} INFO - Sync 3 DAGs
[2026-09-10T07:58:20.868+0000] {logging_mixin.py:188} INFO - [2026-09-10T07:58:20.867+0000] {dag.py:3954} INFO - Setting next_dagrun for data_quality to None, run_after=None
[2026-09-10T07:58:20.894+0000] {logging_mixin.py:188} INFO - [2026-09-10T07:58:20.894+0000] {dag.py:3954} INFO - Setting next_dagrun for produce_json to 2026-09-10 14:00:00+00:00, run_after=2026-09-11 14:00:00+00:00
[2026-09-10T07:58:20.898+0000] {logging_mixin.py:188} INFO - [2026-09-10T07:58:20.897+0000] {dag.py:3954} INFO - Setting next_dagrun for update_db to None, run_after=None
[2026-09-10T07:58:20.936+0000] {processor.py:183} INFO - Processing /opt/airflow/dags/main.py took 0.577 seconds
[2026-09-10T07:58:51.170+0000] {processor.py:161} INFO - Started process (PID=2435) to work on /opt/airflow/dags/main.py
[2026-09-10T07:58:51.173+0000] {processor.py:830} INFO - Processing file /opt/airflow/dags/main.py for tasks to queue
[2026-09-10T07:58:51.178+0000] {logging_mixin.py:188} INFO - [2026-09-10T07:58:51.177+0000] {dagbag.py:545} INFO - Filling up the DagBag from /opt/airflow/dags/main.py
[2026-09-10T07:58:51.291+0000] {logging_mixin.py:188} INFO - channel id is not executed
[2026-09-10T07:58:51.407+0000] {processor.py:840} INFO - DAG(s) 'update_db', 'data_quality', 'produce_json' retrieved from /opt/airflow/dags/main.py
[2026-09-10T07:58:51.638+0000] {logging_mixin.py:188} INFO - [2026-09-10T07:58:51.638+0000] {dag.py:3096} INFO - Sync 3 DAGs
[2026-09-10T07:58:51.671+0000] {logging_mixin.py:188} INFO - [2026-09-10T07:58:51.671+0000] {dag.py:3954} INFO - Setting next_dagrun for data_quality to None, run_after=None
[2026-09-10T07:58:51.680+0000] {logging_mixin.py:188} INFO - [2026-09-10T07:58:51.680+0000] {dag.py:3954} INFO - Setting next_dagrun for produce_json to 2026-09-10 14:00:00+00:00, run_after=2026-09-11 14:00:00+00:00
[2026-09-10T07:58:51.684+0000] {logging_mixin.py:188} INFO - [2026-09-10T07:58:51.684+0000] {dag.py:3954} INFO - Setting next_dagrun for update_db to None, run_after=None
[2026-09-10T07:58:51.721+0000] {processor.py:183} INFO - Processing /opt/airflow/dags/main.py took 0.571 seconds
[2026-09-10T07:59:22.132+0000] {processor.py:161} INFO - Started process (PID=2442) to work on /opt/airflow/dags/main.py
[2026-09-10T07:59:22.135+0000] {processor.py:830} INFO - Processing file /opt/airflow/dags/main.py for tasks to queue
[2026-09-10T07:59:22.142+0000] {logging_mixin.py:188} INFO - [2026-09-10T07:59:22.142+0000] {dagbag.py:545} INFO - Filling up the DagBag from /opt/airflow/dags/main.py
[2026-09-10T07:59:22.252+0000] {logging_mixin.py:188} INFO - channel id is not executed
[2026-09-10T07:59:22.363+0000] {processor.py:840} INFO - DAG(s) 'data_quality', 'update_db', 'produce_json' retrieved from /opt/airflow/dags/main.py
[2026-09-10T07:59:22.693+0000] {logging_mixin.py:188} INFO - [2026-09-10T07:59:22.693+0000] {dag.py:3096} INFO - Sync 3 DAGs
[2026-09-10T07:59:22.727+0000] {logging_mixin.py:188} INFO - [2026-09-10T07:59:22.727+0000] {dag.py:3954} INFO - Setting next_dagrun for data_quality to None, run_after=None
[2026-09-10T07:59:22.739+0000] {logging_mixin.py:188} INFO - [2026-09-10T07:59:22.738+0000] {dag.py:3954} INFO - Setting next_dagrun for produce_json to 2026-09-10 14:00:00+00:00, run_after=2026-09-11 14:00:00+00:00
[2026-09-10T07:59:22.743+0000] {logging_mixin.py:188} INFO - [2026-09-10T07:59:22.742+0000] {dag.py:3954} INFO - Setting next_dagrun for update_db to None, run_after=None
[2026-09-10T07:59:22.802+0000] {processor.py:183} INFO - Processing /opt/airflow/dags/main.py took 0.697 seconds
[2026-09-10T07:59:52.946+0000] {processor.py:161} INFO - Started process (PID=2449) to work on /opt/airflow/dags/main.py
[2026-09-10T07:59:52.949+0000] {processor.py:830} INFO - Processing file /opt/airflow/dags/main.py for tasks to queue
[2026-09-10T07:59:52.953+0000] {logging_mixin.py:188} INFO - [2026-09-10T07:59:52.953+0000] {dagbag.py:545} INFO - Filling up the DagBag from /opt/airflow/dags/main.py
[2026-09-10T07:59:53.028+0000] {logging_mixin.py:188} INFO - channel id is not executed
[2026-09-10T07:59:53.144+0000] {processor.py:840} INFO - DAG(s) 'produce_json', 'data_quality', 'update_db' retrieved from /opt/airflow/dags/main.py
[2026-09-10T07:59:53.375+0000] {logging_mixin.py:188} INFO - [2026-09-10T07:59:53.375+0000] {dag.py:3096} INFO - Sync 3 DAGs
[2026-09-10T07:59:53.412+0000] {logging_mixin.py:188} INFO - [2026-09-10T07:59:53.411+0000] {dag.py:3954} INFO - Setting next_dagrun for data_quality to None, run_after=None
[2026-09-10T07:59:53.422+0000] {logging_mixin.py:188} INFO - [2026-09-10T07:59:53.421+0000] {dag.py:3954} INFO - Setting next_dagrun for produce_json to 2026-09-10 14:00:00+00:00, run_after=2026-09-11 14:00:00+00:00
[2026-09-10T07:59:53.425+0000] {logging_mixin.py:188} INFO - [2026-09-10T07:59:53.425+0000] {dag.py:3954} INFO - Setting next_dagrun for update_db to None, run_after=None
[2026-09-10T07:59:53.480+0000] {processor.py:183} INFO - Processing /opt/airflow/dags/main.py took 0.551 seconds
[2026-09-10T08:00:24.251+0000] {processor.py:161} INFO - Started process (PID=2457) to work on /opt/airflow/dags/main.py
[2026-09-10T08:00:24.261+0000] {processor.py:830} INFO - Processing file /opt/airflow/dags/main.py for tasks to queue
[2026-09-10T08:00:24.284+0000] {logging_mixin.py:188} INFO - [2026-09-10T08:00:24.279+0000] {dagbag.py:545} INFO - Filling up the DagBag from /opt/airflow/dags/main.py
[2026-09-10T08:00:24.463+0000] {logging_mixin.py:188} INFO - channel id is not executed
[2026-09-10T08:00:24.684+0000] {processor.py:840} INFO - DAG(s) 'update_db', 'data_quality', 'produce_json' retrieved from /opt/airflow/dags/main.py
[2026-09-10T08:00:25.079+0000] {logging_mixin.py:188} INFO - [2026-09-10T08:00:25.078+0000] {dag.py:3096} INFO - Sync 3 DAGs
[2026-09-10T08:00:25.157+0000] {logging_mixin.py:188} INFO - [2026-09-10T08:00:25.156+0000] {dag.py:3954} INFO - Setting next_dagrun for data_quality to None, run_after=None
[2026-09-10T08:00:25.190+0000] {logging_mixin.py:188} INFO - [2026-09-10T08:00:25.190+0000] {dag.py:3954} INFO - Setting next_dagrun for produce_json to 2026-09-10 14:00:00+00:00, run_after=2026-09-11 14:00:00+00:00
[2026-09-10T08:00:25.217+0000] {logging_mixin.py:188} INFO - [2026-09-10T08:00:25.216+0000] {dag.py:3954} INFO - Setting next_dagrun for update_db to None, run_after=None
[2026-09-10T08:00:25.342+0000] {processor.py:183} INFO - Processing /opt/airflow/dags/main.py took 1.116 seconds
[2026-09-10T08:00:56.709+0000] {processor.py:161} INFO - Started process (PID=2465) to work on /opt/airflow/dags/main.py
[2026-09-10T08:00:56.713+0000] {processor.py:830} INFO - Processing file /opt/airflow/dags/main.py for tasks to queue
[2026-09-10T08:00:56.726+0000] {logging_mixin.py:188} INFO - [2026-09-10T08:00:56.725+0000] {dagbag.py:545} INFO - Filling up the DagBag from /opt/airflow/dags/main.py
[2026-09-10T08:00:57.187+0000] {logging_mixin.py:188} INFO - channel id is not executed
[2026-09-10T08:00:57.818+0000] {processor.py:840} INFO - DAG(s) 'update_db', 'produce_json', 'data_quality' retrieved from /opt/airflow/dags/main.py
[2026-09-10T08:00:58.302+0000] {logging_mixin.py:188} INFO - [2026-09-10T08:00:58.301+0000] {dag.py:3096} INFO - Sync 3 DAGs
[2026-09-10T08:00:58.348+0000] {logging_mixin.py:188} INFO - [2026-09-10T08:00:58.348+0000] {dag.py:3954} INFO - Setting next_dagrun for data_quality to None, run_after=None
[2026-09-10T08:00:58.361+0000] {logging_mixin.py:188} INFO - [2026-09-10T08:00:58.361+0000] {dag.py:3954} INFO - Setting next_dagrun for produce_json to 2026-09-10 14:00:00+00:00, run_after=2026-09-11 14:00:00+00:00
[2026-09-10T08:00:58.368+0000] {logging_mixin.py:188} INFO - [2026-09-10T08:00:58.368+0000] {dag.py:3954} INFO - Setting next_dagrun for update_db to None, run_after=None
[2026-09-10T08:00:58.476+0000] {processor.py:183} INFO - Processing /opt/airflow/dags/main.py took 1.802 seconds
[2026-09-10T08:01:28.785+0000] {processor.py:161} INFO - Started process (PID=2472) to work on /opt/airflow/dags/main.py
[2026-09-10T08:01:28.788+0000] {processor.py:830} INFO - Processing file /opt/airflow/dags/main.py for tasks to queue
[2026-09-10T08:01:28.794+0000] {logging_mixin.py:188} INFO - [2026-09-10T08:01:28.793+0000] {dagbag.py:545} INFO - Filling up the DagBag from /opt/airflow/dags/main.py
[2026-09-10T08:01:28.960+0000] {logging_mixin.py:188} INFO - channel id is not executed
[2026-09-10T08:01:29.152+0000] {processor.py:840} INFO - DAG(s) 'produce_json', 'data_quality', 'update_db' retrieved from /opt/airflow/dags/main.py
[2026-09-10T08:01:29.468+0000] {logging_mixin.py:188} INFO - [2026-09-10T08:01:29.468+0000] {dag.py:3096} INFO - Sync 3 DAGs
[2026-09-10T08:01:29.570+0000] {logging_mixin.py:188} INFO - [2026-09-10T08:01:29.569+0000] {dag.py:3954} INFO - Setting next_dagrun for data_quality to None, run_after=None
[2026-09-10T08:01:29.616+0000] {logging_mixin.py:188} INFO - [2026-09-10T08:01:29.607+0000] {dag.py:3954} INFO - Setting next_dagrun for produce_json to 2026-09-10 14:00:00+00:00, run_after=2026-09-11 14:00:00+00:00
[2026-09-10T08:01:29.945+0000] {logging_mixin.py:188} INFO - [2026-09-10T08:01:29.944+0000] {dag.py:3954} INFO - Setting next_dagrun for update_db to None, run_after=None
[2026-09-10T08:01:30.278+0000] {processor.py:183} INFO - Processing /opt/airflow/dags/main.py took 1.505 seconds
[2026-09-10T08:02:04.393+0000] {processor.py:161} INFO - Started process (PID=2487) to work on /opt/airflow/dags/main.py
[2026-09-10T08:02:04.669+0000] {processor.py:830} INFO - Processing file /opt/airflow/dags/main.py for tasks to queue
[2026-09-10T08:02:04.797+0000] {logging_mixin.py:188} INFO - [2026-09-10T08:02:04.796+0000] {dagbag.py:545} INFO - Filling up the DagBag from /opt/airflow/dags/main.py
[2026-09-10T08:02:08.974+0000] {logging_mixin.py:188} INFO - channel id is not executed
[2026-09-10T08:02:11.090+0000] {processor.py:840} INFO - DAG(s) 'data_quality', 'update_db', 'produce_json' retrieved from /opt/airflow/dags/main.py
[2026-09-10T08:02:11.987+0000] {logging_mixin.py:188} INFO - [2026-09-10T08:02:11.986+0000] {dag.py:3096} INFO - Sync 3 DAGs
[2026-09-10T08:02:12.047+0000] {logging_mixin.py:188} INFO - [2026-09-10T08:02:12.047+0000] {dag.py:3954} INFO - Setting next_dagrun for data_quality to None, run_after=None
[2026-09-10T08:02:12.089+0000] {logging_mixin.py:188} INFO - [2026-09-10T08:02:12.088+0000] {dag.py:3954} INFO - Setting next_dagrun for produce_json to 2026-09-10 14:00:00+00:00, run_after=2026-09-11 14:00:00+00:00
[2026-09-10T08:02:12.098+0000] {logging_mixin.py:188} INFO - [2026-09-10T08:02:12.097+0000] {dag.py:3954} INFO - Setting next_dagrun for update_db to None, run_after=None
[2026-09-10T08:02:12.202+0000] {processor.py:183} INFO - Processing /opt/airflow/dags/main.py took 7.870 seconds
[2026-09-10T08:02:43.074+0000] {processor.py:161} INFO - Started process (PID=2494) to work on /opt/airflow/dags/main.py
[2026-09-10T08:02:43.078+0000] {processor.py:830} INFO - Processing file /opt/airflow/dags/main.py for tasks to queue
[2026-09-10T08:02:43.088+0000] {logging_mixin.py:188} INFO - [2026-09-10T08:02:43.086+0000] {dagbag.py:545} INFO - Filling up the DagBag from /opt/airflow/dags/main.py
[2026-09-10T08:02:43.218+0000] {logging_mixin.py:188} INFO - channel id is not executed
[2026-09-10T08:02:43.545+0000] {processor.py:840} INFO - DAG(s) 'update_db', 'produce_json', 'data_quality' retrieved from /opt/airflow/dags/main.py
[2026-09-10T08:02:44.295+0000] {logging_mixin.py:188} INFO - [2026-09-10T08:02:44.294+0000] {dag.py:3096} INFO - Sync 3 DAGs
[2026-09-10T08:02:44.519+0000] {logging_mixin.py:188} INFO - [2026-09-10T08:02:44.519+0000] {dag.py:3954} INFO - Setting next_dagrun for data_quality to None, run_after=None
[2026-09-10T08:02:44.552+0000] {logging_mixin.py:188} INFO - [2026-09-10T08:02:44.552+0000] {dag.py:3954} INFO - Setting next_dagrun for produce_json to 2026-09-10 14:00:00+00:00, run_after=2026-09-11 14:00:00+00:00
[2026-09-10T08:02:44.577+0000] {logging_mixin.py:188} INFO - [2026-09-10T08:02:44.577+0000] {dag.py:3954} INFO - Setting next_dagrun for update_db to None, run_after=None
[2026-09-10T08:02:44.809+0000] {processor.py:183} INFO - Processing /opt/airflow/dags/main.py took 1.777 seconds
[2026-09-10T08:03:15.178+0000] {processor.py:161} INFO - Started process (PID=2501) to work on /opt/airflow/dags/main.py
[2026-09-10T08:03:15.197+0000] {processor.py:830} INFO - Processing file /opt/airflow/dags/main.py for tasks to queue
[2026-09-10T08:03:15.208+0000] {logging_mixin.py:188} INFO - [2026-09-10T08:03:15.208+0000] {dagbag.py:545} INFO - Filling up the DagBag from /opt/airflow/dags/main.py
[2026-09-10T08:03:15.465+0000] {logging_mixin.py:188} INFO - channel id is not executed
[2026-09-10T08:03:19.106+0000] {processor.py:840} INFO - DAG(s) 'update_db', 'produce_json', 'data_quality' retrieved from /opt/airflow/dags/main.py
[2026-09-10T08:03:20.649+0000] {logging_mixin.py:188} INFO - [2026-09-10T08:03:20.636+0000] {dag.py:3096} INFO - Sync 3 DAGs
[2026-09-10T08:03:21.156+0000] {logging_mixin.py:188} INFO - [2026-09-10T08:03:21.048+0000] {dag.py:3954} INFO - Setting next_dagrun for data_quality to None, run_after=None
[2026-09-10T08:03:21.269+0000] {logging_mixin.py:188} INFO - [2026-09-10T08:03:21.269+0000] {dag.py:3954} INFO - Setting next_dagrun for produce_json to 2026-09-10 14:00:00+00:00, run_after=2026-09-11 14:00:00+00:00
[2026-09-10T08:03:21.350+0000] {logging_mixin.py:188} INFO - [2026-09-10T08:03:21.349+0000] {dag.py:3954} INFO - Setting next_dagrun for update_db to None, run_after=None
[2026-09-10T08:03:21.788+0000] {processor.py:183} INFO - Processing /opt/airflow/dags/main.py took 6.647 seconds
[2026-09-10T08:03:54.804+0000] {processor.py:161} INFO - Started process (PID=2508) to work on /opt/airflow/dags/main.py
[2026-09-10T08:03:54.928+0000] {processor.py:830} INFO - Processing file /opt/airflow/dags/main.py for tasks to queue
[2026-09-10T08:03:55.060+0000] {logging_mixin.py:188} INFO - [2026-09-10T08:03:55.059+0000] {dagbag.py:545} INFO - Filling up the DagBag from /opt/airflow/dags/main.py
[2026-09-10T08:04:12.488+0000] {logging_mixin.py:188} INFO - channel id is not executed
[2026-09-10T08:04:26.249+0000] {processor.py:840} INFO - DAG(s) 'data_quality', 'update_db', 'produce_json' retrieved from /opt/airflow/dags/main.py
[2026-09-10T08:04:29.716+0000] {logging_mixin.py:188} INFO - [2026-09-10T08:04:29.715+0000] {dag.py:3096} INFO - Sync 3 DAGs
[2026-09-10T08:04:29.951+0000] {logging_mixin.py:188} INFO - [2026-09-10T08:04:29.950+0000] {dag.py:3954} INFO - Setting next_dagrun for data_quality to None, run_after=None
[2026-09-10T08:04:30.088+0000] {logging_mixin.py:188} INFO - [2026-09-10T08:04:30.087+0000] {dag.py:3954} INFO - Setting next_dagrun for produce_json to 2026-09-10 14:00:00+00:00, run_after=2026-09-11 14:00:00+00:00
[2026-09-10T08:04:30.150+0000] {logging_mixin.py:188} INFO - [2026-09-10T08:04:30.150+0000] {dag.py:3954} INFO - Setting next_dagrun for update_db to None, run_after=None
[2026-09-10T08:04:30.732+0000] {processor.py:183} INFO - Processing /opt/airflow/dags/main.py took 36.012 seconds
[2026-09-10T08:05:04.399+0000] {processor.py:161} INFO - Started process (PID=2520) to work on /opt/airflow/dags/main.py
[2026-09-10T08:05:04.455+0000] {processor.py:830} INFO - Processing file /opt/airflow/dags/main.py for tasks to queue
[2026-09-10T08:05:04.497+0000] {logging_mixin.py:188} INFO - [2026-09-10T08:05:04.496+0000] {dagbag.py:545} INFO - Filling up the DagBag from /opt/airflow/dags/main.py
[2026-09-10T08:05:05.973+0000] {logging_mixin.py:188} INFO - channel id is not executed
[2026-09-10T08:05:06.286+0000] {processor.py:840} INFO - DAG(s) 'update_db', 'produce_json', 'data_quality' retrieved from /opt/airflow/dags/main.py
[2026-09-10T08:05:07.239+0000] {logging_mixin.py:188} INFO - [2026-09-10T08:05:07.238+0000] {dag.py:3096} INFO - Sync 3 DAGs
[2026-09-10T08:05:07.366+0000] {logging_mixin.py:188} INFO - [2026-09-10T08:05:07.365+0000] {dag.py:3954} INFO - Setting next_dagrun for data_quality to None, run_after=None
[2026-09-10T08:05:07.398+0000] {logging_mixin.py:188} INFO - [2026-09-10T08:05:07.388+0000] {dag.py:3954} INFO - Setting next_dagrun for produce_json to 2026-09-10 14:00:00+00:00, run_after=2026-09-11 14:00:00+00:00
[2026-09-10T08:05:07.403+0000] {logging_mixin.py:188} INFO - [2026-09-10T08:05:07.403+0000] {dag.py:3954} INFO - Setting next_dagrun for update_db to None, run_after=None
[2026-09-10T08:05:07.672+0000] {processor.py:183} INFO - Processing /opt/airflow/dags/main.py took 3.343 seconds
[2026-09-10T08:05:39.277+0000] {processor.py:161} INFO - Started process (PID=2526) to work on /opt/airflow/dags/main.py
[2026-09-10T08:05:39.292+0000] {processor.py:830} INFO - Processing file /opt/airflow/dags/main.py for tasks to queue
[2026-09-10T08:05:39.306+0000] {logging_mixin.py:188} INFO - [2026-09-10T08:05:39.305+0000] {dagbag.py:545} INFO - Filling up the DagBag from /opt/airflow/dags/main.py
[2026-09-10T08:05:39.906+0000] {logging_mixin.py:188} INFO - channel id is not executed
[2026-09-10T08:05:41.514+0000] {processor.py:840} INFO - DAG(s) 'produce_json', 'data_quality', 'update_db' retrieved from /opt/airflow/dags/main.py
[2026-09-10T08:05:42.291+0000] {logging_mixin.py:188} INFO - [2026-09-10T08:05:42.291+0000] {dag.py:3096} INFO - Sync 3 DAGs
[2026-09-10T08:05:42.398+0000] {logging_mixin.py:188} INFO - [2026-09-10T08:05:42.397+0000] {dag.py:3954} INFO - Setting next_dagrun for data_quality to None, run_after=None
[2026-09-10T08:05:42.442+0000] {logging_mixin.py:188} INFO - [2026-09-10T08:05:42.440+0000] {dag.py:3954} INFO - Setting next_dagrun for produce_json to 2026-09-10 14:00:00+00:00, run_after=2026-09-11 14:00:00+00:00
[2026-09-10T08:05:42.519+0000] {logging_mixin.py:188} INFO - [2026-09-10T08:05:42.518+0000] {dag.py:3954} INFO - Setting next_dagrun for update_db to None, run_after=None
[2026-09-10T08:05:43.523+0000] {processor.py:183} INFO - Processing /opt/airflow/dags/main.py took 4.281 seconds
[2026-09-10T08:06:14.751+0000] {processor.py:161} INFO - Started process (PID=2534) to work on /opt/airflow/dags/main.py
[2026-09-10T08:06:14.829+0000] {processor.py:830} INFO - Processing file /opt/airflow/dags/main.py for tasks to queue
[2026-09-10T08:06:14.928+0000] {logging_mixin.py:188} INFO - [2026-09-10T08:06:14.927+0000] {dagbag.py:545} INFO - Filling up the DagBag from /opt/airflow/dags/main.py
[2026-09-10T08:06:20.978+0000] {logging_mixin.py:188} INFO - channel id is not executed
[2026-09-10T08:06:23.358+0000] {processor.py:840} INFO - DAG(s) 'update_db', 'data_quality', 'produce_json' retrieved from /opt/airflow/dags/main.py
[2026-09-10T08:06:24.248+0000] {logging_mixin.py:188} INFO - [2026-09-10T08:06:24.247+0000] {dag.py:3096} INFO - Sync 3 DAGs
[2026-09-10T08:06:24.291+0000] {logging_mixin.py:188} INFO - [2026-09-10T08:06:24.291+0000] {dag.py:3954} INFO - Setting next_dagrun for data_quality to None, run_after=None
[2026-09-10T08:06:24.323+0000] {logging_mixin.py:188} INFO - [2026-09-10T08:06:24.322+0000] {dag.py:3954} INFO - Setting next_dagrun for produce_json to 2026-09-10 14:00:00+00:00, run_after=2026-09-11 14:00:00+00:00
[2026-09-10T08:06:24.335+0000] {logging_mixin.py:188} INFO - [2026-09-10T08:06:24.335+0000] {dag.py:3954} INFO - Setting next_dagrun for update_db to None, run_after=None
[2026-09-10T08:06:24.467+0000] {processor.py:183} INFO - Processing /opt/airflow/dags/main.py took 9.770 seconds
[2026-09-10T08:06:54.673+0000] {processor.py:161} INFO - Started process (PID=2547) to work on /opt/airflow/dags/main.py
[2026-09-10T08:06:54.680+0000] {processor.py:830} INFO - Processing file /opt/airflow/dags/main.py for tasks to queue
[2026-09-10T08:06:54.686+0000] {logging_mixin.py:188} INFO - [2026-09-10T08:06:54.685+0000] {dagbag.py:545} INFO - Filling up the DagBag from /opt/airflow/dags/main.py
[2026-09-10T08:06:54.861+0000] {logging_mixin.py:188} INFO - channel id is not executed
[2026-09-10T08:06:55.698+0000] {processor.py:840} INFO - DAG(s) 'data_quality', 'produce_json', 'update_db' retrieved from /opt/airflow/dags/main.py
[2026-09-10T08:06:56.394+0000] {logging_mixin.py:188} INFO - [2026-09-10T08:06:56.393+0000] {dag.py:3096} INFO - Sync 3 DAGs
[2026-09-10T08:06:56.519+0000] {logging_mixin.py:188} INFO - [2026-09-10T08:06:56.518+0000] {dag.py:3954} INFO - Setting next_dagrun for data_quality to None, run_after=None
[2026-09-10T08:06:56.533+0000] {logging_mixin.py:188} INFO - [2026-09-10T08:06:56.532+0000] {dag.py:3954} INFO - Setting next_dagrun for produce_json to 2026-09-10 14:00:00+00:00, run_after=2026-09-11 14:00:00+00:00
[2026-09-10T08:06:56.539+0000] {logging_mixin.py:188} INFO - [2026-09-10T08:06:56.538+0000] {dag.py:3954} INFO - Setting next_dagrun for update_db to None, run_after=None
[2026-09-10T08:06:56.604+0000] {processor.py:183} INFO - Processing /opt/airflow/dags/main.py took 1.943 seconds
[2026-09-10T08:07:26.941+0000] {processor.py:161} INFO - Started process (PID=2554) to work on /opt/airflow/dags/main.py
[2026-09-10T08:07:26.949+0000] {processor.py:830} INFO - Processing file /opt/airflow/dags/main.py for tasks to queue
[2026-09-10T08:07:26.955+0000] {logging_mixin.py:188} INFO - [2026-09-10T08:07:26.954+0000] {dagbag.py:545} INFO - Filling up the DagBag from /opt/airflow/dags/main.py
[2026-09-10T08:07:27.147+0000] {logging_mixin.py:188} INFO - channel id is not executed
[2026-09-10T08:07:27.431+0000] {processor.py:840} INFO - DAG(s) 'data_quality', 'produce_json', 'update_db' retrieved from /opt/airflow/dags/main.py
[2026-09-10T08:07:28.305+0000] {logging_mixin.py:188} INFO - [2026-09-10T08:07:28.296+0000] {dag.py:3096} INFO - Sync 3 DAGs
[2026-09-10T08:07:29.270+0000] {logging_mixin.py:188} INFO - [2026-09-10T08:07:29.270+0000] {dag.py:3954} INFO - Setting next_dagrun for data_quality to None, run_after=None
[2026-09-10T08:07:29.525+0000] {logging_mixin.py:188} INFO - [2026-09-10T08:07:29.524+0000] {dag.py:3954} INFO - Setting next_dagrun for produce_json to 2026-09-10 14:00:00+00:00, run_after=2026-09-11 14:00:00+00:00
[2026-09-10T08:07:30.114+0000] {logging_mixin.py:188} INFO - [2026-09-10T08:07:30.113+0000] {dag.py:3954} INFO - Setting next_dagrun for update_db to None, run_after=None
[2026-09-10T08:07:30.316+0000] {processor.py:183} INFO - Processing /opt/airflow/dags/main.py took 3.395 seconds
[2026-09-10T08:08:01.800+0000] {processor.py:161} INFO - Started process (PID=2561) to work on /opt/airflow/dags/main.py
[2026-09-10T08:08:01.845+0000] {processor.py:830} INFO - Processing file /opt/airflow/dags/main.py for tasks to queue
[2026-09-10T08:08:02.440+0000] {logging_mixin.py:188} INFO - [2026-09-10T08:08:02.412+0000] {dagbag.py:545} INFO - Filling up the DagBag from /opt/airflow/dags/main.py
[2026-09-10T08:08:08.817+0000] {logging_mixin.py:188} INFO - channel id is not executed
[2026-09-10T08:08:17.206+0000] {processor.py:840} INFO - DAG(s) 'update_db', 'produce_json', 'data_quality' retrieved from /opt/airflow/dags/main.py
[2026-09-10T08:08:18.649+0000] {logging_mixin.py:188} INFO - [2026-09-10T08:08:18.648+0000] {dag.py:3096} INFO - Sync 3 DAGs
[2026-09-10T08:08:18.780+0000] {logging_mixin.py:188} INFO - [2026-09-10T08:08:18.779+0000] {dag.py:3954} INFO - Setting next_dagrun for data_quality to None, run_after=None
[2026-09-10T08:08:18.822+0000] {logging_mixin.py:188} INFO - [2026-09-10T08:08:18.821+0000] {dag.py:3954} INFO - Setting next_dagrun for produce_json to 2026-09-10 14:00:00+00:00, run_after=2026-09-11 14:00:00+00:00
[2026-09-10T08:08:18.846+0000] {logging_mixin.py:188} INFO - [2026-09-10T08:08:18.846+0000] {dag.py:3954} INFO - Setting next_dagrun for update_db to None, run_after=None
[2026-09-10T08:08:18.979+0000] {processor.py:183} INFO - Processing /opt/airflow/dags/main.py took 17.276 seconds
[2026-09-10T08:08:54.486+0000] {processor.py:161} INFO - Started process (PID=2569) to work on /opt/airflow/dags/main.py
[2026-09-10T08:08:54.534+0000] {processor.py:830} INFO - Processing file /opt/airflow/dags/main.py for tasks to queue
[2026-09-10T08:08:54.600+0000] {logging_mixin.py:188} INFO - [2026-09-10T08:08:54.599+0000] {dagbag.py:545} INFO - Filling up the DagBag from /opt/airflow/dags/main.py
[2026-09-10T08:08:57.634+0000] {logging_mixin.py:188} INFO - channel id is not executed
[2026-09-10T08:09:01.729+0000] {processor.py:840} INFO - DAG(s) 'produce_json', 'update_db', 'data_quality' retrieved from /opt/airflow/dags/main.py
[2026-09-10T08:09:03.723+0000] {logging_mixin.py:188} INFO - [2026-09-10T08:09:03.713+0000] {dag.py:3096} INFO - Sync 3 DAGs
[2026-09-10T08:09:04.242+0000] {logging_mixin.py:188} INFO - [2026-09-10T08:09:04.230+0000] {dag.py:3954} INFO - Setting next_dagrun for data_quality to None, run_after=None
[2026-09-10T08:09:04.314+0000] {logging_mixin.py:188} INFO - [2026-09-10T08:09:04.313+0000] {dag.py:3954} INFO - Setting next_dagrun for produce_json to 2026-09-10 14:00:00+00:00, run_after=2026-09-11 14:00:00+00:00
[2026-09-10T08:09:04.337+0000] {logging_mixin.py:188} INFO - [2026-09-10T08:09:04.336+0000] {dag.py:3954} INFO - Setting next_dagrun for update_db to None, run_after=None
[2026-09-10T08:09:04.476+0000] {processor.py:183} INFO - Processing /opt/airflow/dags/main.py took 10.031 seconds
[2026-09-10T08:09:37.131+0000] {processor.py:161} INFO - Started process (PID=2583) to work on /opt/airflow/dags/main.py
[2026-09-10T08:09:37.209+0000] {processor.py:830} INFO - Processing file /opt/airflow/dags/main.py for tasks to queue
[2026-09-10T08:09:37.292+0000] {logging_mixin.py:188} INFO - [2026-09-10T08:09:37.291+0000] {dagbag.py:545} INFO - Filling up the DagBag from /opt/airflow/dags/main.py
[2026-09-10T08:09:39.943+0000] {logging_mixin.py:188} INFO - channel id is not executed
[2026-09-10T08:09:46.071+0000] {processor.py:840} INFO - DAG(s) 'update_db', 'data_quality', 'produce_json' retrieved from /opt/airflow/dags/main.py
[2026-09-10T08:09:48.101+0000] {logging_mixin.py:188} INFO - [2026-09-10T08:09:48.100+0000] {dag.py:3096} INFO - Sync 3 DAGs
[2026-09-10T08:09:48.856+0000] {logging_mixin.py:188} INFO - [2026-09-10T08:09:48.856+0000] {dag.py:3954} INFO - Setting next_dagrun for data_quality to None, run_after=None
[2026-09-10T08:09:49.006+0000] {logging_mixin.py:188} INFO - [2026-09-10T08:09:49.005+0000] {dag.py:3954} INFO - Setting next_dagrun for produce_json to 2026-09-10 14:00:00+00:00, run_after=2026-09-11 14:00:00+00:00
[2026-09-10T08:09:49.050+0000] {logging_mixin.py:188} INFO - [2026-09-10T08:09:49.050+0000] {dag.py:3954} INFO - Setting next_dagrun for update_db to None, run_after=None
[2026-09-10T08:09:50.089+0000] {processor.py:183} INFO - Processing /opt/airflow/dags/main.py took 13.034 seconds
[2026-09-10T08:10:22.283+0000] {processor.py:161} INFO - Started process (PID=2590) to work on /opt/airflow/dags/main.py
[2026-09-10T08:10:22.333+0000] {processor.py:830} INFO - Processing file /opt/airflow/dags/main.py for tasks to queue
[2026-09-10T08:10:22.374+0000] {logging_mixin.py:188} INFO - [2026-09-10T08:10:22.373+0000] {dagbag.py:545} INFO - Filling up the DagBag from /opt/airflow/dags/main.py
[2026-09-10T08:10:25.651+0000] {logging_mixin.py:188} INFO - channel id is not executed
[2026-09-10T08:10:29.013+0000] {processor.py:840} INFO - DAG(s) 'update_db', 'data_quality', 'produce_json' retrieved from /opt/airflow/dags/main.py
[2026-09-10T08:10:30.930+0000] {logging_mixin.py:188} INFO - [2026-09-10T08:10:30.930+0000] {dag.py:3096} INFO - Sync 3 DAGs
[2026-09-10T08:10:31.302+0000] {logging_mixin.py:188} INFO - [2026-09-10T08:10:31.301+0000] {dag.py:3954} INFO - Setting next_dagrun for data_quality to None, run_after=None
[2026-09-10T08:10:31.477+0000] {logging_mixin.py:188} INFO - [2026-09-10T08:10:31.477+0000] {dag.py:3954} INFO - Setting next_dagrun for produce_json to 2026-09-10 14:00:00+00:00, run_after=2026-09-11 14:00:00+00:00
[2026-09-10T08:10:31.644+0000] {logging_mixin.py:188} INFO - [2026-09-10T08:10:31.636+0000] {dag.py:3954} INFO - Setting next_dagrun for update_db to None, run_after=None
[2026-09-10T08:10:32.416+0000] {processor.py:183} INFO - Processing /opt/airflow/dags/main.py took 10.160 seconds
[2026-09-10T08:11:07.854+0000] {processor.py:161} INFO - Started process (PID=2603) to work on /opt/airflow/dags/main.py
[2026-09-10T08:11:07.955+0000] {processor.py:830} INFO - Processing file /opt/airflow/dags/main.py for tasks to queue
[2026-09-10T08:11:08.049+0000] {logging_mixin.py:188} INFO - [2026-09-10T08:11:08.047+0000] {dagbag.py:545} INFO - Filling up the DagBag from /opt/airflow/dags/main.py
[2026-09-10T08:11:09.302+0000] {logging_mixin.py:188} INFO - channel id is not executed
[2026-09-10T08:11:10.410+0000] {processor.py:840} INFO - DAG(s) 'produce_json', 'update_db', 'data_quality' retrieved from /opt/airflow/dags/main.py
[2026-09-10T08:11:12.064+0000] {logging_mixin.py:188} INFO - [2026-09-10T08:11:12.062+0000] {dag.py:3096} INFO - Sync 3 DAGs
[2026-09-10T08:11:12.416+0000] {logging_mixin.py:188} INFO - [2026-09-10T08:11:12.404+0000] {dag.py:3954} INFO - Setting next_dagrun for data_quality to None, run_after=None
[2026-09-10T08:11:12.548+0000] {logging_mixin.py:188} INFO - [2026-09-10T08:11:12.547+0000] {dag.py:3954} INFO - Setting next_dagrun for produce_json to 2026-09-10 14:00:00+00:00, run_after=2026-09-11 14:00:00+00:00
[2026-09-10T08:11:12.622+0000] {logging_mixin.py:188} INFO - [2026-09-10T08:11:12.621+0000] {dag.py:3954} INFO - Setting next_dagrun for update_db to None, run_after=None
[2026-09-10T08:11:12.794+0000] {processor.py:183} INFO - Processing /opt/airflow/dags/main.py took 5.018 seconds
[2026-09-10T08:11:43.861+0000] {processor.py:161} INFO - Started process (PID=2611) to work on /opt/airflow/dags/main.py
[2026-09-10T08:11:43.891+0000] {processor.py:830} INFO - Processing file /opt/airflow/dags/main.py for tasks to queue
[2026-09-10T08:11:43.925+0000] {logging_mixin.py:188} INFO - [2026-09-10T08:11:43.924+0000] {dagbag.py:545} INFO - Filling up the DagBag from /opt/airflow/dags/main.py
[2026-09-10T08:11:44.782+0000] {logging_mixin.py:188} INFO - channel id is not executed
[2026-09-10T08:11:46.717+0000] {processor.py:840} INFO - DAG(s) 'update_db', 'produce_json', 'data_quality' retrieved from /opt/airflow/dags/main.py
[2026-09-10T08:11:48.731+0000] {logging_mixin.py:188} INFO - [2026-09-10T08:11:48.730+0000] {dag.py:3096} INFO - Sync 3 DAGs
[2026-09-10T08:11:50.762+0000] {logging_mixin.py:188} INFO - [2026-09-10T08:11:50.761+0000] {dag.py:3954} INFO - Setting next_dagrun for data_quality to None, run_after=None
[2026-09-10T08:11:51.172+0000] {logging_mixin.py:188} INFO - [2026-09-10T08:11:51.170+0000] {dag.py:3954} INFO - Setting next_dagrun for produce_json to 2026-09-10 14:00:00+00:00, run_after=2026-09-11 14:00:00+00:00
[2026-09-10T08:11:51.252+0000] {logging_mixin.py:188} INFO - [2026-09-10T08:11:51.244+0000] {dag.py:3954} INFO - Setting next_dagrun for update_db to None, run_after=None
[2026-09-10T08:11:51.918+0000] {processor.py:183} INFO - Processing /opt/airflow/dags/main.py took 8.142 seconds
[2026-09-10T08:12:23.607+0000] {processor.py:161} INFO - Started process (PID=2618) to work on /opt/airflow/dags/main.py
[2026-09-10T08:12:23.821+0000] {processor.py:830} INFO - Processing file /opt/airflow/dags/main.py for tasks to queue
[2026-09-10T08:12:23.919+0000] {logging_mixin.py:188} INFO - [2026-09-10T08:12:23.918+0000] {dagbag.py:545} INFO - Filling up the DagBag from /opt/airflow/dags/main.py
[2026-09-10T08:12:25.139+0000] {logging_mixin.py:188} INFO - channel id is not executed
[2026-09-10T08:12:26.084+0000] {processor.py:840} INFO - DAG(s) 'data_quality', 'produce_json', 'update_db' retrieved from /opt/airflow/dags/main.py
[2026-09-10T08:12:27.409+0000] {logging_mixin.py:188} INFO - [2026-09-10T08:12:27.409+0000] {dag.py:3096} INFO - Sync 3 DAGs
[2026-09-10T08:12:27.602+0000] {logging_mixin.py:188} INFO - [2026-09-10T08:12:27.601+0000] {dag.py:3954} INFO - Setting next_dagrun for data_quality to None, run_after=None
[2026-09-10T08:12:27.682+0000] {logging_mixin.py:188} INFO - [2026-09-10T08:12:27.682+0000] {dag.py:3954} INFO - Setting next_dagrun for produce_json to 2026-09-10 14:00:00+00:00, run_after=2026-09-11 14:00:00+00:00
[2026-09-10T08:12:27.698+0000] {logging_mixin.py:188} INFO - [2026-09-10T08:12:27.698+0000] {dag.py:3954} INFO - Setting next_dagrun for update_db to None, run_after=None
[2026-09-10T08:12:27.905+0000] {processor.py:183} INFO - Processing /opt/airflow/dags/main.py took 4.371 seconds
[2026-09-10T08:12:59.133+0000] {processor.py:161} INFO - Started process (PID=2625) to work on /opt/airflow/dags/main.py
[2026-09-10T08:12:59.141+0000] {processor.py:830} INFO - Processing file /opt/airflow/dags/main.py for tasks to queue
[2026-09-10T08:12:59.149+0000] {logging_mixin.py:188} INFO - [2026-09-10T08:12:59.147+0000] {dagbag.py:545} INFO - Filling up the DagBag from /opt/airflow/dags/main.py
[2026-09-10T08:12:59.392+0000] {logging_mixin.py:188} INFO - channel id is not executed
[2026-09-10T08:13:00.068+0000] {processor.py:840} INFO - DAG(s) 'produce_json', 'update_db', 'data_quality' retrieved from /opt/airflow/dags/main.py
[2026-09-10T08:13:00.910+0000] {logging_mixin.py:188} INFO - [2026-09-10T08:13:00.909+0000] {dag.py:3096} INFO - Sync 3 DAGs
[2026-09-10T08:13:01.080+0000] {logging_mixin.py:188} INFO - [2026-09-10T08:13:01.079+0000] {dag.py:3954} INFO - Setting next_dagrun for data_quality to None, run_after=None
[2026-09-10T08:13:01.117+0000] {logging_mixin.py:188} INFO - [2026-09-10T08:13:01.117+0000] {dag.py:3954} INFO - Setting next_dagrun for produce_json to 2026-09-10 14:00:00+00:00, run_after=2026-09-11 14:00:00+00:00
[2026-09-10T08:13:01.127+0000] {logging_mixin.py:188} INFO - [2026-09-10T08:13:01.127+0000] {dag.py:3954} INFO - Setting next_dagrun for update_db to None, run_after=None
[2026-09-10T08:13:01.340+0000] {processor.py:183} INFO - Processing /opt/airflow/dags/main.py took 2.240 seconds
[2026-09-10T08:13:31.994+0000] {processor.py:161} INFO - Started process (PID=2632) to work on /opt/airflow/dags/main.py
[2026-09-10T08:13:31.998+0000] {processor.py:830} INFO - Processing file /opt/airflow/dags/main.py for tasks to queue
[2026-09-10T08:13:32.005+0000] {logging_mixin.py:188} INFO - [2026-09-10T08:13:32.004+0000] {dagbag.py:545} INFO - Filling up the DagBag from /opt/airflow/dags/main.py
[2026-09-10T08:13:32.226+0000] {logging_mixin.py:188} INFO - channel id is not executed
[2026-09-10T08:13:32.644+0000] {processor.py:840} INFO - DAG(s) 'produce_json', 'update_db', 'data_quality' retrieved from /opt/airflow/dags/main.py
[2026-09-10T08:13:33.372+0000] {logging_mixin.py:188} INFO - [2026-09-10T08:13:33.371+0000] {dag.py:3096} INFO - Sync 3 DAGs
[2026-09-10T08:13:33.528+0000] {logging_mixin.py:188} INFO - [2026-09-10T08:13:33.527+0000] {dag.py:3954} INFO - Setting next_dagrun for data_quality to None, run_after=None
[2026-09-10T08:13:33.546+0000] {logging_mixin.py:188} INFO - [2026-09-10T08:13:33.545+0000] {dag.py:3954} INFO - Setting next_dagrun for produce_json to 2026-09-10 14:00:00+00:00, run_after=2026-09-11 14:00:00+00:00
[2026-09-10T08:13:33.552+0000] {logging_mixin.py:188} INFO - [2026-09-10T08:13:33.552+0000] {dag.py:3954} INFO - Setting next_dagrun for update_db to None, run_after=None
[2026-09-10T08:13:33.643+0000] {processor.py:183} INFO - Processing /opt/airflow/dags/main.py took 1.676 seconds
[2026-09-10T08:14:04.593+0000] {processor.py:161} INFO - Started process (PID=2639) to work on /opt/airflow/dags/main.py
[2026-09-10T08:14:04.598+0000] {processor.py:830} INFO - Processing file /opt/airflow/dags/main.py for tasks to queue
[2026-09-10T08:14:04.606+0000] {logging_mixin.py:188} INFO - [2026-09-10T08:14:04.604+0000] {dagbag.py:545} INFO - Filling up the DagBag from /opt/airflow/dags/main.py
[2026-09-10T08:14:04.813+0000] {logging_mixin.py:188} INFO - channel id is not executed
[2026-09-10T08:14:05.370+0000] {processor.py:840} INFO - DAG(s) 'produce_json', 'data_quality', 'update_db' retrieved from /opt/airflow/dags/main.py
[2026-09-10T08:14:06.400+0000] {logging_mixin.py:188} INFO - [2026-09-10T08:14:06.399+0000] {dag.py:3096} INFO - Sync 3 DAGs
[2026-09-10T08:14:06.466+0000] {logging_mixin.py:188} INFO - [2026-09-10T08:14:06.465+0000] {dag.py:3954} INFO - Setting next_dagrun for data_quality to None, run_after=None
[2026-09-10T08:14:06.485+0000] {logging_mixin.py:188} INFO - [2026-09-10T08:14:06.484+0000] {dag.py:3954} INFO - Setting next_dagrun for produce_json to 2026-09-10 14:00:00+00:00, run_after=2026-09-11 14:00:00+00:00
[2026-09-10T08:14:06.491+0000] {logging_mixin.py:188} INFO - [2026-09-10T08:14:06.490+0000] {dag.py:3954} INFO - Setting next_dagrun for update_db to None, run_after=None
[2026-09-10T08:14:06.601+0000] {processor.py:183} INFO - Processing /opt/airflow/dags/main.py took 2.032 seconds
[2026-09-10T08:14:36.886+0000] {processor.py:161} INFO - Started process (PID=2651) to work on /opt/airflow/dags/main.py
[2026-09-10T08:14:36.904+0000] {processor.py:830} INFO - Processing file /opt/airflow/dags/main.py for tasks to queue
[2026-09-10T08:14:36.910+0000] {logging_mixin.py:188} INFO - [2026-09-10T08:14:36.909+0000] {dagbag.py:545} INFO - Filling up the DagBag from /opt/airflow/dags/main.py
[2026-09-10T08:14:37.092+0000] {logging_mixin.py:188} INFO - channel id is not executed
[2026-09-10T08:14:37.395+0000] {processor.py:840} INFO - DAG(s) 'produce_json', 'data_quality', 'update_db' retrieved from /opt/airflow/dags/main.py
[2026-09-10T08:14:37.920+0000] {logging_mixin.py:188} INFO - [2026-09-10T08:14:37.919+0000] {dag.py:3096} INFO - Sync 3 DAGs
[2026-09-10T08:14:37.973+0000] {logging_mixin.py:188} INFO - [2026-09-10T08:14:37.972+0000] {dag.py:3954} INFO - Setting next_dagrun for data_quality to None, run_after=None
[2026-09-10T08:14:37.998+0000] {logging_mixin.py:188} INFO - [2026-09-10T08:14:37.993+0000] {dag.py:3954} INFO - Setting next_dagrun for produce_json to 2026-09-10 14:00:00+00:00, run_after=2026-09-11 14:00:00+00:00
[2026-09-10T08:14:38.007+0000] {logging_mixin.py:188} INFO - [2026-09-10T08:14:38.006+0000] {dag.py:3954} INFO - Setting next_dagrun for update_db to None, run_after=None
[2026-09-10T08:14:38.191+0000] {processor.py:183} INFO - Processing /opt/airflow/dags/main.py took 1.330 seconds
[2026-09-10T08:15:09.159+0000] {processor.py:161} INFO - Started process (PID=2659) to work on /opt/airflow/dags/main.py
[2026-09-10T08:15:09.167+0000] {processor.py:830} INFO - Processing file /opt/airflow/dags/main.py for tasks to queue
[2026-09-10T08:15:09.192+0000] {logging_mixin.py:188} INFO - [2026-09-10T08:15:09.177+0000] {dagbag.py:545} INFO - Filling up the DagBag from /opt/airflow/dags/main.py
[2026-09-10T08:15:09.369+0000] {logging_mixin.py:188} INFO - channel id is not executed
[2026-09-10T08:15:10.399+0000] {processor.py:840} INFO - DAG(s) 'update_db', 'produce_json', 'data_quality' retrieved from /opt/airflow/dags/main.py
[2026-09-10T08:15:11.035+0000] {logging_mixin.py:188} INFO - [2026-09-10T08:15:11.034+0000] {dag.py:3096} INFO - Sync 3 DAGs
[2026-09-10T08:15:11.134+0000] {logging_mixin.py:188} INFO - [2026-09-10T08:15:11.120+0000] {dag.py:3954} INFO - Setting next_dagrun for data_quality to None, run_after=None
[2026-09-10T08:15:11.154+0000] {logging_mixin.py:188} INFO - [2026-09-10T08:15:11.153+0000] {dag.py:3954} INFO - Setting next_dagrun for produce_json to 2026-09-10 14:00:00+00:00, run_after=2026-09-11 14:00:00+00:00
[2026-09-10T08:15:11.160+0000] {logging_mixin.py:188} INFO - [2026-09-10T08:15:11.160+0000] {dag.py:3954} INFO - Setting next_dagrun for update_db to None, run_after=None
[2026-09-10T08:15:11.216+0000] {processor.py:183} INFO - Processing /opt/airflow/dags/main.py took 2.085 seconds
[2026-09-10T08:15:42.043+0000] {processor.py:161} INFO - Started process (PID=2666) to work on /opt/airflow/dags/main.py
[2026-09-10T08:15:42.047+0000] {processor.py:830} INFO - Processing file /opt/airflow/dags/main.py for tasks to queue
[2026-09-10T08:15:42.056+0000] {logging_mixin.py:188} INFO - [2026-09-10T08:15:42.055+0000] {dagbag.py:545} INFO - Filling up the DagBag from /opt/airflow/dags/main.py
[2026-09-10T08:15:42.203+0000] {logging_mixin.py:188} INFO - channel id is not executed
[2026-09-10T08:15:42.539+0000] {processor.py:840} INFO - DAG(s) 'produce_json', 'data_quality', 'update_db' retrieved from /opt/airflow/dags/main.py
[2026-09-10T08:15:43.033+0000] {logging_mixin.py:188} INFO - [2026-09-10T08:15:43.032+0000] {dag.py:3096} INFO - Sync 3 DAGs
[2026-09-10T08:15:43.176+0000] {logging_mixin.py:188} INFO - [2026-09-10T08:15:43.175+0000] {dag.py:3954} INFO - Setting next_dagrun for data_quality to None, run_after=None
[2026-09-10T08:15:43.214+0000] {logging_mixin.py:188} INFO - [2026-09-10T08:15:43.214+0000] {dag.py:3954} INFO - Setting next_dagrun for produce_json to 2026-09-10 14:00:00+00:00, run_after=2026-09-11 14:00:00+00:00
[2026-09-10T08:15:43.241+0000] {logging_mixin.py:188} INFO - [2026-09-10T08:15:43.233+0000] {dag.py:3954} INFO - Setting next_dagrun for update_db to None, run_after=None
[2026-09-10T08:15:43.310+0000] {processor.py:183} INFO - Processing /opt/airflow/dags/main.py took 1.284 seconds
[2026-09-10T08:16:13.558+0000] {processor.py:161} INFO - Started process (PID=2673) to work on /opt/airflow/dags/main.py
[2026-09-10T08:16:13.572+0000] {processor.py:830} INFO - Processing file /opt/airflow/dags/main.py for tasks to queue
[2026-09-10T08:16:13.582+0000] {logging_mixin.py:188} INFO - [2026-09-10T08:16:13.581+0000] {dagbag.py:545} INFO - Filling up the DagBag from /opt/airflow/dags/main.py
[2026-09-10T08:16:13.700+0000] {logging_mixin.py:188} INFO - channel id is not executed
[2026-09-10T08:16:13.983+0000] {processor.py:840} INFO - DAG(s) 'data_quality', 'update_db', 'produce_json' retrieved from /opt/airflow/dags/main.py
[2026-09-10T08:16:14.429+0000] {logging_mixin.py:188} INFO - [2026-09-10T08:16:14.421+0000] {dag.py:3096} INFO - Sync 3 DAGs
[2026-09-10T08:16:14.665+0000] {logging_mixin.py:188} INFO - [2026-09-10T08:16:14.664+0000] {dag.py:3954} INFO - Setting next_dagrun for data_quality to None, run_after=None
[2026-09-10T08:16:14.691+0000] {logging_mixin.py:188} INFO - [2026-09-10T08:16:14.690+0000] {dag.py:3954} INFO - Setting next_dagrun for produce_json to 2026-09-10 14:00:00+00:00, run_after=2026-09-11 14:00:00+00:00
[2026-09-10T08:16:14.697+0000] {logging_mixin.py:188} INFO - [2026-09-10T08:16:14.696+0000] {dag.py:3954} INFO - Setting next_dagrun for update_db to None, run_after=None
[2026-09-10T08:16:14.789+0000] {processor.py:183} INFO - Processing /opt/airflow/dags/main.py took 1.244 seconds
[2026-09-10T08:16:45.383+0000] {processor.py:161} INFO - Started process (PID=2680) to work on /opt/airflow/dags/main.py
[2026-09-10T08:16:45.386+0000] {processor.py:830} INFO - Processing file /opt/airflow/dags/main.py for tasks to queue
[2026-09-10T08:16:45.393+0000] {logging_mixin.py:188} INFO - [2026-09-10T08:16:45.392+0000] {dagbag.py:545} INFO - Filling up the DagBag from /opt/airflow/dags/main.py
[2026-09-10T08:16:45.536+0000] {logging_mixin.py:188} INFO - channel id is not executed
[2026-09-10T08:16:45.946+0000] {processor.py:840} INFO - DAG(s) 'produce_json', 'update_db', 'data_quality' retrieved from /opt/airflow/dags/main.py
[2026-09-10T08:16:46.470+0000] {logging_mixin.py:188} INFO - [2026-09-10T08:16:46.469+0000] {dag.py:3096} INFO - Sync 3 DAGs
[2026-09-10T08:16:46.569+0000] {logging_mixin.py:188} INFO - [2026-09-10T08:16:46.569+0000] {dag.py:3954} INFO - Setting next_dagrun for data_quality to None, run_after=None
[2026-09-10T08:16:46.597+0000] {logging_mixin.py:188} INFO - [2026-09-10T08:16:46.596+0000] {dag.py:3954} INFO - Setting next_dagrun for produce_json to 2026-09-10 14:00:00+00:00, run_after=2026-09-11 14:00:00+00:00
[2026-09-10T08:16:46.606+0000] {logging_mixin.py:188} INFO - [2026-09-10T08:16:46.604+0000] {dag.py:3954} INFO - Setting next_dagrun for update_db to None, run_after=None
[2026-09-10T08:16:46.666+0000] {processor.py:183} INFO - Processing /opt/airflow/dags/main.py took 1.298 seconds
[2026-09-10T08:17:17.574+0000] {processor.py:161} INFO - Started process (PID=2687) to work on /opt/airflow/dags/main.py
[2026-09-10T08:17:17.749+0000] {processor.py:830} INFO - Processing file /opt/airflow/dags/main.py for tasks to queue
[2026-09-10T08:17:17.843+0000] {logging_mixin.py:188} INFO - [2026-09-10T08:17:17.841+0000] {dagbag.py:545} INFO - Filling up the DagBag from /opt/airflow/dags/main.py
[2026-09-10T08:17:18.299+0000] {logging_mixin.py:188} INFO - channel id is not executed
[2026-09-10T08:17:19.029+0000] {processor.py:840} INFO - DAG(s) 'update_db', 'data_quality', 'produce_json' retrieved from /opt/airflow/dags/main.py
[2026-09-10T08:17:19.473+0000] {logging_mixin.py:188} INFO - [2026-09-10T08:17:19.472+0000] {dag.py:3096} INFO - Sync 3 DAGs
[2026-09-10T08:17:19.529+0000] {logging_mixin.py:188} INFO - [2026-09-10T08:17:19.528+0000] {dag.py:3954} INFO - Setting next_dagrun for data_quality to None, run_after=None
[2026-09-10T08:17:19.544+0000] {logging_mixin.py:188} INFO - [2026-09-10T08:17:19.543+0000] {dag.py:3954} INFO - Setting next_dagrun for produce_json to 2026-09-10 14:00:00+00:00, run_after=2026-09-11 14:00:00+00:00
[2026-09-10T08:17:19.558+0000] {logging_mixin.py:188} INFO - [2026-09-10T08:17:19.557+0000] {dag.py:3954} INFO - Setting next_dagrun for update_db to None, run_after=None
[2026-09-10T08:17:19.630+0000] {processor.py:183} INFO - Processing /opt/airflow/dags/main.py took 2.080 seconds
[2026-09-10T08:17:50.832+0000] {processor.py:161} INFO - Started process (PID=2695) to work on /opt/airflow/dags/main.py
[2026-09-10T08:17:50.862+0000] {processor.py:830} INFO - Processing file /opt/airflow/dags/main.py for tasks to queue
[2026-09-10T08:17:50.879+0000] {logging_mixin.py:188} INFO - [2026-09-10T08:17:50.878+0000] {dagbag.py:545} INFO - Filling up the DagBag from /opt/airflow/dags/main.py
[2026-09-10T08:17:51.346+0000] {logging_mixin.py:188} INFO - channel id is not executed
[2026-09-10T08:17:52.176+0000] {processor.py:840} INFO - DAG(s) 'produce_json', 'data_quality', 'update_db' retrieved from /opt/airflow/dags/main.py
[2026-09-10T08:17:53.043+0000] {logging_mixin.py:188} INFO - [2026-09-10T08:17:53.042+0000] {dag.py:3096} INFO - Sync 3 DAGs
[2026-09-10T08:17:53.267+0000] {logging_mixin.py:188} INFO - [2026-09-10T08:17:53.266+0000] {dag.py:3954} INFO - Setting next_dagrun for data_quality to None, run_after=None
[2026-09-10T08:17:53.499+0000] {logging_mixin.py:188} INFO - [2026-09-10T08:17:53.499+0000] {dag.py:3954} INFO - Setting next_dagrun for produce_json to 2026-09-10 14:00:00+00:00, run_after=2026-09-11 14:00:00+00:00
[2026-09-10T08:17:53.739+0000] {logging_mixin.py:188} INFO - [2026-09-10T08:17:53.738+0000] {dag.py:3954} INFO - Setting next_dagrun for update_db to None, run_after=None
[2026-09-10T08:17:54.168+0000] {processor.py:183} INFO - Processing /opt/airflow/dags/main.py took 3.373 seconds
[2026-09-10T08:18:25.625+0000] {processor.py:161} INFO - Started process (PID=2702) to work on /opt/airflow/dags/main.py
[2026-09-10T08:18:25.661+0000] {processor.py:830} INFO - Processing file /opt/airflow/dags/main.py for tasks to queue
[2026-09-10T08:18:25.717+0000] {logging_mixin.py:188} INFO - [2026-09-10T08:18:25.716+0000] {dagbag.py:545} INFO - Filling up the DagBag from /opt/airflow/dags/main.py
[2026-09-10T08:18:26.514+0000] {logging_mixin.py:188} INFO - channel id is not executed
[2026-09-10T08:18:27.190+0000] {processor.py:840} INFO - DAG(s) 'produce_json', 'data_quality', 'update_db' retrieved from /opt/airflow/dags/main.py
[2026-09-10T08:18:28.246+0000] {logging_mixin.py:188} INFO - [2026-09-10T08:18:28.236+0000] {dag.py:3096} INFO - Sync 3 DAGs
[2026-09-10T08:18:29.044+0000] {logging_mixin.py:188} INFO - [2026-09-10T08:18:29.043+0000] {dag.py:3954} INFO - Setting next_dagrun for data_quality to None, run_after=None
[2026-09-10T08:18:29.092+0000] {logging_mixin.py:188} INFO - [2026-09-10T08:18:29.091+0000] {dag.py:3954} INFO - Setting next_dagrun for produce_json to 2026-09-10 14:00:00+00:00, run_after=2026-09-11 14:00:00+00:00
[2026-09-10T08:18:29.115+0000] {logging_mixin.py:188} INFO - [2026-09-10T08:18:29.114+0000] {dag.py:3954} INFO - Setting next_dagrun for update_db to None, run_after=None
[2026-09-10T08:18:29.315+0000] {processor.py:183} INFO - Processing /opt/airflow/dags/main.py took 3.721 seconds
[2026-09-10T08:19:00.264+0000] {processor.py:161} INFO - Started process (PID=2709) to work on /opt/airflow/dags/main.py
[2026-09-10T08:19:00.275+0000] {processor.py:830} INFO - Processing file /opt/airflow/dags/main.py for tasks to queue
[2026-09-10T08:19:00.307+0000] {logging_mixin.py:188} INFO - [2026-09-10T08:19:00.306+0000] {dagbag.py:545} INFO - Filling up the DagBag from /opt/airflow/dags/main.py
[2026-09-10T08:19:01.067+0000] {logging_mixin.py:188} INFO - channel id is not executed
[2026-09-10T08:19:01.587+0000] {processor.py:840} INFO - DAG(s) 'data_quality', 'update_db', 'produce_json' retrieved from /opt/airflow/dags/main.py
[2026-09-10T08:19:02.796+0000] {logging_mixin.py:188} INFO - [2026-09-10T08:19:02.795+0000] {dag.py:3096} INFO - Sync 3 DAGs
[2026-09-10T08:19:03.409+0000] {logging_mixin.py:188} INFO - [2026-09-10T08:19:03.408+0000] {dag.py:3954} INFO - Setting next_dagrun for data_quality to None, run_after=None
[2026-09-10T08:19:03.459+0000] {logging_mixin.py:188} INFO - [2026-09-10T08:19:03.458+0000] {dag.py:3954} INFO - Setting next_dagrun for produce_json to 2026-09-10 14:00:00+00:00, run_after=2026-09-11 14:00:00+00:00
[2026-09-10T08:19:03.477+0000] {logging_mixin.py:188} INFO - [2026-09-10T08:19:03.476+0000] {dag.py:3954} INFO - Setting next_dagrun for update_db to None, run_after=None
[2026-09-10T08:19:03.635+0000] {processor.py:183} INFO - Processing /opt/airflow/dags/main.py took 3.425 seconds
[2026-09-10T08:19:35.054+0000] {processor.py:161} INFO - Started process (PID=2716) to work on /opt/airflow/dags/main.py
[2026-09-10T08:19:35.148+0000] {processor.py:830} INFO - Processing file /opt/airflow/dags/main.py for tasks to queue
[2026-09-10T08:19:35.289+0000] {logging_mixin.py:188} INFO - [2026-09-10T08:19:35.288+0000] {dagbag.py:545} INFO - Filling up the DagBag from /opt/airflow/dags/main.py
[2026-09-10T08:19:36.292+0000] {logging_mixin.py:188} INFO - channel id is not executed
[2026-09-10T08:19:37.738+0000] {processor.py:840} INFO - DAG(s) 'data_quality', 'update_db', 'produce_json' retrieved from /opt/airflow/dags/main.py
[2026-09-10T08:19:39.168+0000] {logging_mixin.py:188} INFO - [2026-09-10T08:19:39.167+0000] {dag.py:3096} INFO - Sync 3 DAGs
[2026-09-10T08:19:39.428+0000] {logging_mixin.py:188} INFO - [2026-09-10T08:19:39.428+0000] {dag.py:3954} INFO - Setting next_dagrun for data_quality to None, run_after=None
[2026-09-10T08:19:39.554+0000] {logging_mixin.py:188} INFO - [2026-09-10T08:19:39.528+0000] {dag.py:3954} INFO - Setting next_dagrun for produce_json to 2026-09-10 14:00:00+00:00, run_after=2026-09-11 14:00:00+00:00
[2026-09-10T08:19:39.602+0000] {logging_mixin.py:188} INFO - [2026-09-10T08:19:39.601+0000] {dag.py:3954} INFO - Setting next_dagrun for update_db to None, run_after=None
[2026-09-10T08:19:39.737+0000] {processor.py:183} INFO - Processing /opt/airflow/dags/main.py took 4.711 seconds
[2026-09-10T08:20:10.720+0000] {processor.py:161} INFO - Started process (PID=2730) to work on /opt/airflow/dags/main.py
[2026-09-10T08:20:10.723+0000] {processor.py:830} INFO - Processing file /opt/airflow/dags/main.py for tasks to queue
[2026-09-10T08:20:10.735+0000] {logging_mixin.py:188} INFO - [2026-09-10T08:20:10.734+0000] {dagbag.py:545} INFO - Filling up the DagBag from /opt/airflow/dags/main.py
[2026-09-10T08:20:10.840+0000] {logging_mixin.py:188} INFO - channel id is not executed
[2026-09-10T08:20:11.047+0000] {processor.py:840} INFO - DAG(s) 'data_quality', 'produce_json', 'update_db' retrieved from /opt/airflow/dags/main.py
[2026-09-10T08:20:11.703+0000] {logging_mixin.py:188} INFO - [2026-09-10T08:20:11.701+0000] {dag.py:3096} INFO - Sync 3 DAGs
[2026-09-10T08:20:11.789+0000] {logging_mixin.py:188} INFO - [2026-09-10T08:20:11.788+0000] {dag.py:3954} INFO - Setting next_dagrun for data_quality to None, run_after=None
[2026-09-10T08:20:11.840+0000] {logging_mixin.py:188} INFO - [2026-09-10T08:20:11.839+0000] {dag.py:3954} INFO - Setting next_dagrun for produce_json to 2026-09-10 14:00:00+00:00, run_after=2026-09-11 14:00:00+00:00
[2026-09-10T08:20:11.906+0000] {logging_mixin.py:188} INFO - [2026-09-10T08:20:11.906+0000] {dag.py:3954} INFO - Setting next_dagrun for update_db to None, run_after=None
[2026-09-10T08:20:12.344+0000] {processor.py:183} INFO - Processing /opt/airflow/dags/main.py took 1.639 seconds
[2026-09-10T08:20:44.464+0000] {processor.py:161} INFO - Started process (PID=2737) to work on /opt/airflow/dags/main.py
[2026-09-10T08:20:44.469+0000] {processor.py:830} INFO - Processing file /opt/airflow/dags/main.py for tasks to queue
[2026-09-10T08:20:44.480+0000] {logging_mixin.py:188} INFO - [2026-09-10T08:20:44.475+0000] {dagbag.py:545} INFO - Filling up the DagBag from /opt/airflow/dags/main.py
[2026-09-10T08:20:44.668+0000] {logging_mixin.py:188} INFO - channel id is not executed
[2026-09-10T08:20:44.884+0000] {processor.py:840} INFO - DAG(s) 'produce_json', 'data_quality', 'update_db' retrieved from /opt/airflow/dags/main.py
[2026-09-10T08:20:45.366+0000] {logging_mixin.py:188} INFO - [2026-09-10T08:20:45.365+0000] {dag.py:3096} INFO - Sync 3 DAGs
[2026-09-10T08:20:45.610+0000] {logging_mixin.py:188} INFO - [2026-09-10T08:20:45.610+0000] {dag.py:3954} INFO - Setting next_dagrun for data_quality to None, run_after=None
[2026-09-10T08:20:45.636+0000] {logging_mixin.py:188} INFO - [2026-09-10T08:20:45.633+0000] {dag.py:3954} INFO - Setting next_dagrun for produce_json to 2026-09-10 14:00:00+00:00, run_after=2026-09-11 14:00:00+00:00
[2026-09-10T08:20:45.647+0000] {logging_mixin.py:188} INFO - [2026-09-10T08:20:45.647+0000] {dag.py:3954} INFO - Setting next_dagrun for update_db to None, run_after=None
[2026-09-10T08:20:45.743+0000] {processor.py:183} INFO - Processing /opt/airflow/dags/main.py took 1.297 seconds
[2026-09-10T08:21:18.882+0000] {processor.py:161} INFO - Started process (PID=2744) to work on /opt/airflow/dags/main.py
[2026-09-10T08:21:18.890+0000] {processor.py:830} INFO - Processing file /opt/airflow/dags/main.py for tasks to queue
[2026-09-10T08:21:18.909+0000] {logging_mixin.py:188} INFO - [2026-09-10T08:21:18.908+0000] {dagbag.py:545} INFO - Filling up the DagBag from /opt/airflow/dags/main.py
[2026-09-10T08:21:19.152+0000] {logging_mixin.py:188} INFO - channel id is not executed
[2026-09-10T08:21:19.638+0000] {processor.py:840} INFO - DAG(s) 'produce_json', 'update_db', 'data_quality' retrieved from /opt/airflow/dags/main.py
[2026-09-10T08:21:21.184+0000] {logging_mixin.py:188} INFO - [2026-09-10T08:21:21.183+0000] {dag.py:3096} INFO - Sync 3 DAGs
[2026-09-10T08:21:21.362+0000] {logging_mixin.py:188} INFO - [2026-09-10T08:21:21.361+0000] {dag.py:3954} INFO - Setting next_dagrun for data_quality to None, run_after=None
[2026-09-10T08:21:21.425+0000] {logging_mixin.py:188} INFO - [2026-09-10T08:21:21.425+0000] {dag.py:3954} INFO - Setting next_dagrun for produce_json to 2026-09-10 14:00:00+00:00, run_after=2026-09-11 14:00:00+00:00
[2026-09-10T08:21:21.457+0000] {logging_mixin.py:188} INFO - [2026-09-10T08:21:21.456+0000] {dag.py:3954} INFO - Setting next_dagrun for update_db to None, run_after=None
[2026-09-10T08:21:21.700+0000] {processor.py:183} INFO - Processing /opt/airflow/dags/main.py took 2.860 seconds
[2026-09-10T08:21:53.421+0000] {processor.py:161} INFO - Started process (PID=2751) to work on /opt/airflow/dags/main.py
[2026-09-10T08:21:53.452+0000] {processor.py:830} INFO - Processing file /opt/airflow/dags/main.py for tasks to queue
[2026-09-10T08:21:53.476+0000] {logging_mixin.py:188} INFO - [2026-09-10T08:21:53.475+0000] {dagbag.py:545} INFO - Filling up the DagBag from /opt/airflow/dags/main.py
[2026-09-10T08:21:54.528+0000] {logging_mixin.py:188} INFO - channel id is not executed
[2026-09-10T08:21:55.909+0000] {processor.py:840} INFO - DAG(s) 'data_quality', 'produce_json', 'update_db' retrieved from /opt/airflow/dags/main.py
[2026-09-10T08:21:56.758+0000] {logging_mixin.py:188} INFO - [2026-09-10T08:21:56.757+0000] {dag.py:3096} INFO - Sync 3 DAGs
[2026-09-10T08:21:56.974+0000] {logging_mixin.py:188} INFO - [2026-09-10T08:21:56.974+0000] {dag.py:3954} INFO - Setting next_dagrun for data_quality to None, run_after=None
[2026-09-10T08:21:57.005+0000] {logging_mixin.py:188} INFO - [2026-09-10T08:21:57.004+0000] {dag.py:3954} INFO - Setting next_dagrun for produce_json to 2026-09-10 14:00:00+00:00, run_after=2026-09-11 14:00:00+00:00
[2026-09-10T08:21:57.020+0000] {logging_mixin.py:188} INFO - [2026-09-10T08:21:57.020+0000] {dag.py:3954} INFO - Setting next_dagrun for update_db to None, run_after=None
[2026-09-10T08:21:57.087+0000] {processor.py:183} INFO - Processing /opt/airflow/dags/main.py took 3.703 seconds
[2026-09-10T08:22:29.258+0000] {processor.py:161} INFO - Started process (PID=2759) to work on /opt/airflow/dags/main.py
[2026-09-10T08:22:29.272+0000] {processor.py:830} INFO - Processing file /opt/airflow/dags/main.py for tasks to queue
[2026-09-10T08:22:29.284+0000] {logging_mixin.py:188} INFO - [2026-09-10T08:22:29.283+0000] {dagbag.py:545} INFO - Filling up the DagBag from /opt/airflow/dags/main.py
[2026-09-10T08:22:29.586+0000] {logging_mixin.py:188} INFO - channel id is not executed
[2026-09-10T08:22:30.135+0000] {processor.py:840} INFO - DAG(s) 'produce_json', 'update_db', 'data_quality' retrieved from /opt/airflow/dags/main.py
[2026-09-10T08:22:30.719+0000] {logging_mixin.py:188} INFO - [2026-09-10T08:22:30.718+0000] {dag.py:3096} INFO - Sync 3 DAGs
[2026-09-10T08:22:30.862+0000] {logging_mixin.py:188} INFO - [2026-09-10T08:22:30.862+0000] {dag.py:3954} INFO - Setting next_dagrun for data_quality to None, run_after=None
[2026-09-10T08:22:31.006+0000] {logging_mixin.py:188} INFO - [2026-09-10T08:22:31.005+0000] {dag.py:3954} INFO - Setting next_dagrun for produce_json to 2026-09-10 14:00:00+00:00, run_after=2026-09-11 14:00:00+00:00
[2026-09-10T08:22:31.032+0000] {logging_mixin.py:188} INFO - [2026-09-10T08:22:31.031+0000] {dag.py:3954} INFO - Setting next_dagrun for update_db to None, run_after=None
[2026-09-10T08:22:31.240+0000] {processor.py:183} INFO - Processing /opt/airflow/dags/main.py took 2.015 seconds
[2026-09-10T08:23:04.869+0000] {processor.py:161} INFO - Started process (PID=2766) to work on /opt/airflow/dags/main.py
[2026-09-10T08:23:04.897+0000] {processor.py:830} INFO - Processing file /opt/airflow/dags/main.py for tasks to queue
[2026-09-10T08:23:04.927+0000] {logging_mixin.py:188} INFO - [2026-09-10T08:23:04.926+0000] {dagbag.py:545} INFO - Filling up the DagBag from /opt/airflow/dags/main.py
[2026-09-10T08:23:09.261+0000] {logging_mixin.py:188} INFO - channel id is not executed
[2026-09-10T08:23:09.950+0000] {processor.py:840} INFO - DAG(s) 'update_db', 'produce_json', 'data_quality' retrieved from /opt/airflow/dags/main.py
[2026-09-10T08:23:10.739+0000] {logging_mixin.py:188} INFO - [2026-09-10T08:23:10.732+0000] {dag.py:3096} INFO - Sync 3 DAGs
[2026-09-10T08:23:10.833+0000] {logging_mixin.py:188} INFO - [2026-09-10T08:23:10.833+0000] {dag.py:3954} INFO - Setting next_dagrun for data_quality to None, run_after=None
[2026-09-10T08:23:10.864+0000] {logging_mixin.py:188} INFO - [2026-09-10T08:23:10.863+0000] {dag.py:3954} INFO - Setting next_dagrun for produce_json to 2026-09-10 14:00:00+00:00, run_after=2026-09-11 14:00:00+00:00
[2026-09-10T08:23:10.880+0000] {logging_mixin.py:188} INFO - [2026-09-10T08:23:10.879+0000] {dag.py:3954} INFO - Setting next_dagrun for update_db to None, run_after=None
[2026-09-10T08:23:11.004+0000] {processor.py:183} INFO - Processing /opt/airflow/dags/main.py took 6.176 seconds
[2026-09-10T08:23:45.721+0000] {processor.py:161} INFO - Started process (PID=2780) to work on /opt/airflow/dags/main.py
[2026-09-10T08:23:45.736+0000] {processor.py:830} INFO - Processing file /opt/airflow/dags/main.py for tasks to queue
[2026-09-10T08:23:45.752+0000] {logging_mixin.py:188} INFO - [2026-09-10T08:23:45.751+0000] {dagbag.py:545} INFO - Filling up the DagBag from /opt/airflow/dags/main.py
[2026-09-10T08:23:46.166+0000] {logging_mixin.py:188} INFO - channel id is not executed
[2026-09-10T08:23:46.697+0000] {processor.py:840} INFO - DAG(s) 'update_db', 'produce_json', 'data_quality' retrieved from /opt/airflow/dags/main.py
[2026-09-10T08:23:47.691+0000] {logging_mixin.py:188} INFO - [2026-09-10T08:23:47.683+0000] {dag.py:3096} INFO - Sync 3 DAGs
[2026-09-10T08:23:47.745+0000] {logging_mixin.py:188} INFO - [2026-09-10T08:23:47.744+0000] {dag.py:3954} INFO - Setting next_dagrun for data_quality to None, run_after=None
[2026-09-10T08:23:47.761+0000] {logging_mixin.py:188} INFO - [2026-09-10T08:23:47.761+0000] {dag.py:3954} INFO - Setting next_dagrun for produce_json to 2026-09-10 14:00:00+00:00, run_after=2026-09-11 14:00:00+00:00
[2026-09-10T08:23:47.767+0000] {logging_mixin.py:188} INFO - [2026-09-10T08:23:47.766+0000] {dag.py:3954} INFO - Setting next_dagrun for update_db to None, run_after=None
[2026-09-10T08:23:47.837+0000] {processor.py:183} INFO - Processing /opt/airflow/dags/main.py took 2.163 seconds
[2026-09-10T08:24:18.154+0000] {processor.py:161} INFO - Started process (PID=2787) to work on /opt/airflow/dags/main.py
[2026-09-10T08:24:18.159+0000] {processor.py:830} INFO - Processing file /opt/airflow/dags/main.py for tasks to queue
[2026-09-10T08:24:18.246+0000] {logging_mixin.py:188} INFO - [2026-09-10T08:24:18.245+0000] {dagbag.py:545} INFO - Filling up the DagBag from /opt/airflow/dags/main.py
[2026-09-10T08:24:18.408+0000] {logging_mixin.py:188} INFO - channel id is not executed
[2026-09-10T08:24:18.856+0000] {processor.py:840} INFO - DAG(s) 'data_quality', 'update_db', 'produce_json' retrieved from /opt/airflow/dags/main.py
[2026-09-10T08:24:19.696+0000] {logging_mixin.py:188} INFO - [2026-09-10T08:24:19.694+0000] {dag.py:3096} INFO - Sync 3 DAGs
[2026-09-10T08:24:19.763+0000] {logging_mixin.py:188} INFO - [2026-09-10T08:24:19.762+0000] {dag.py:3954} INFO - Setting next_dagrun for data_quality to None, run_after=None
[2026-09-10T08:24:19.780+0000] {logging_mixin.py:188} INFO - [2026-09-10T08:24:19.780+0000] {dag.py:3954} INFO - Setting next_dagrun for produce_json to 2026-09-10 14:00:00+00:00, run_after=2026-09-11 14:00:00+00:00
[2026-09-10T08:24:19.792+0000] {logging_mixin.py:188} INFO - [2026-09-10T08:24:19.791+0000] {dag.py:3954} INFO - Setting next_dagrun for update_db to None, run_after=None
[2026-09-10T08:24:19.976+0000] {processor.py:183} INFO - Processing /opt/airflow/dags/main.py took 1.847 seconds
[2026-09-10T08:24:50.273+0000] {processor.py:161} INFO - Started process (PID=2794) to work on /opt/airflow/dags/main.py
[2026-09-10T08:24:50.276+0000] {processor.py:830} INFO - Processing file /opt/airflow/dags/main.py for tasks to queue
[2026-09-10T08:24:50.282+0000] {logging_mixin.py:188} INFO - [2026-09-10T08:24:50.281+0000] {dagbag.py:545} INFO - Filling up the DagBag from /opt/airflow/dags/main.py
[2026-09-10T08:24:50.416+0000] {logging_mixin.py:188} INFO - channel id is not executed
[2026-09-10T08:24:50.644+0000] {processor.py:840} INFO - DAG(s) 'produce_json', 'data_quality', 'update_db' retrieved from /opt/airflow/dags/main.py
[2026-09-10T08:24:51.018+0000] {logging_mixin.py:188} INFO - [2026-09-10T08:24:51.018+0000] {dag.py:3096} INFO - Sync 3 DAGs
[2026-09-10T08:24:51.068+0000] {logging_mixin.py:188} INFO - [2026-09-10T08:24:51.065+0000] {dag.py:3954} INFO - Setting next_dagrun for data_quality to None, run_after=None
[2026-09-10T08:24:51.088+0000] {logging_mixin.py:188} INFO - [2026-09-10T08:24:51.087+0000] {dag.py:3954} INFO - Setting next_dagrun for produce_json to 2026-09-10 14:00:00+00:00, run_after=2026-09-11 14:00:00+00:00
[2026-09-10T08:24:51.103+0000] {logging_mixin.py:188} INFO - [2026-09-10T08:24:51.103+0000] {dag.py:3954} INFO - Setting next_dagrun for update_db to None, run_after=None
[2026-09-10T08:24:51.222+0000] {processor.py:183} INFO - Processing /opt/airflow/dags/main.py took 0.962 seconds
[2026-09-10T08:25:21.841+0000] {processor.py:161} INFO - Started process (PID=2801) to work on /opt/airflow/dags/main.py
[2026-09-10T08:25:21.847+0000] {processor.py:830} INFO - Processing file /opt/airflow/dags/main.py for tasks to queue
[2026-09-10T08:25:21.863+0000] {logging_mixin.py:188} INFO - [2026-09-10T08:25:21.862+0000] {dagbag.py:545} INFO - Filling up the DagBag from /opt/airflow/dags/main.py
[2026-09-10T08:25:22.171+0000] {logging_mixin.py:188} INFO - channel id is not executed
[2026-09-10T08:25:22.454+0000] {processor.py:840} INFO - DAG(s) 'produce_json', 'data_quality', 'update_db' retrieved from /opt/airflow/dags/main.py
[2026-09-10T08:25:23.970+0000] {logging_mixin.py:188} INFO - [2026-09-10T08:25:23.970+0000] {dag.py:3096} INFO - Sync 3 DAGs
[2026-09-10T08:25:24.024+0000] {logging_mixin.py:188} INFO - [2026-09-10T08:25:24.023+0000] {dag.py:3954} INFO - Setting next_dagrun for data_quality to None, run_after=None
[2026-09-10T08:25:24.045+0000] {logging_mixin.py:188} INFO - [2026-09-10T08:25:24.044+0000] {dag.py:3954} INFO - Setting next_dagrun for produce_json to 2026-09-10 14:00:00+00:00, run_after=2026-09-11 14:00:00+00:00
[2026-09-10T08:25:24.060+0000] {logging_mixin.py:188} INFO - [2026-09-10T08:25:24.059+0000] {dag.py:3954} INFO - Setting next_dagrun for update_db to None, run_after=None
[2026-09-10T08:25:24.192+0000] {processor.py:183} INFO - Processing /opt/airflow/dags/main.py took 2.397 seconds
[2026-09-10T08:25:55.663+0000] {processor.py:161} INFO - Started process (PID=2808) to work on /opt/airflow/dags/main.py
[2026-09-10T08:25:55.677+0000] {processor.py:830} INFO - Processing file /opt/airflow/dags/main.py for tasks to queue
[2026-09-10T08:25:55.692+0000] {logging_mixin.py:188} INFO - [2026-09-10T08:25:55.691+0000] {dagbag.py:545} INFO - Filling up the DagBag from /opt/airflow/dags/main.py
[2026-09-10T08:26:00.039+0000] {logging_mixin.py:188} INFO - channel id is not executed
[2026-09-10T08:26:05.244+0000] {processor.py:840} INFO - DAG(s) 'data_quality', 'update_db', 'produce_json' retrieved from /opt/airflow/dags/main.py
[2026-09-10T08:26:06.131+0000] {logging_mixin.py:188} INFO - [2026-09-10T08:26:06.130+0000] {dag.py:3096} INFO - Sync 3 DAGs
[2026-09-10T08:26:06.258+0000] {logging_mixin.py:188} INFO - [2026-09-10T08:26:06.257+0000] {dag.py:3954} INFO - Setting next_dagrun for data_quality to None, run_after=None
[2026-09-10T08:26:06.307+0000] {logging_mixin.py:188} INFO - [2026-09-10T08:26:06.306+0000] {dag.py:3954} INFO - Setting next_dagrun for produce_json to 2026-09-10 14:00:00+00:00, run_after=2026-09-11 14:00:00+00:00
[2026-09-10T08:26:06.339+0000] {logging_mixin.py:188} INFO - [2026-09-10T08:26:06.337+0000] {dag.py:3954} INFO - Setting next_dagrun for update_db to None, run_after=None
[2026-09-10T08:26:06.864+0000] {processor.py:183} INFO - Processing /opt/airflow/dags/main.py took 11.229 seconds
[2026-09-10T08:26:37.708+0000] {processor.py:161} INFO - Started process (PID=2815) to work on /opt/airflow/dags/main.py
[2026-09-10T08:26:37.714+0000] {processor.py:830} INFO - Processing file /opt/airflow/dags/main.py for tasks to queue
[2026-09-10T08:26:37.722+0000] {logging_mixin.py:188} INFO - [2026-09-10T08:26:37.721+0000] {dagbag.py:545} INFO - Filling up the DagBag from /opt/airflow/dags/main.py
[2026-09-10T08:26:37.976+0000] {logging_mixin.py:188} INFO - channel id is not executed
[2026-09-10T08:26:38.304+0000] {processor.py:840} INFO - DAG(s) 'produce_json', 'update_db', 'data_quality' retrieved from /opt/airflow/dags/main.py
[2026-09-10T08:26:38.795+0000] {logging_mixin.py:188} INFO - [2026-09-10T08:26:38.794+0000] {dag.py:3096} INFO - Sync 3 DAGs
[2026-09-10T08:26:38.917+0000] {logging_mixin.py:188} INFO - [2026-09-10T08:26:38.916+0000] {dag.py:3954} INFO - Setting next_dagrun for data_quality to None, run_after=None
[2026-09-10T08:26:38.932+0000] {logging_mixin.py:188} INFO - [2026-09-10T08:26:38.931+0000] {dag.py:3954} INFO - Setting next_dagrun for produce_json to 2026-09-10 14:00:00+00:00, run_after=2026-09-11 14:00:00+00:00
[2026-09-10T08:26:38.939+0000] {logging_mixin.py:188} INFO - [2026-09-10T08:26:38.939+0000] {dag.py:3954} INFO - Setting next_dagrun for update_db to None, run_after=None
[2026-09-10T08:26:38.994+0000] {processor.py:183} INFO - Processing /opt/airflow/dags/main.py took 1.305 seconds
[2026-09-10T08:27:10.258+0000] {processor.py:161} INFO - Started process (PID=2823) to work on /opt/airflow/dags/main.py
[2026-09-10T08:27:10.273+0000] {processor.py:830} INFO - Processing file /opt/airflow/dags/main.py for tasks to queue
[2026-09-10T08:27:10.286+0000] {logging_mixin.py:188} INFO - [2026-09-10T08:27:10.285+0000] {dagbag.py:545} INFO - Filling up the DagBag from /opt/airflow/dags/main.py
[2026-09-10T08:27:10.461+0000] {logging_mixin.py:188} INFO - channel id is not executed
[2026-09-10T08:27:11.394+0000] {processor.py:840} INFO - DAG(s) 'update_db', 'data_quality', 'produce_json' retrieved from /opt/airflow/dags/main.py
[2026-09-10T08:27:11.855+0000] {logging_mixin.py:188} INFO - [2026-09-10T08:27:11.854+0000] {dag.py:3096} INFO - Sync 3 DAGs
[2026-09-10T08:27:11.947+0000] {logging_mixin.py:188} INFO - [2026-09-10T08:27:11.946+0000] {dag.py:3954} INFO - Setting next_dagrun for data_quality to None, run_after=None
[2026-09-10T08:27:11.982+0000] {logging_mixin.py:188} INFO - [2026-09-10T08:27:11.982+0000] {dag.py:3954} INFO - Setting next_dagrun for produce_json to 2026-09-10 14:00:00+00:00, run_after=2026-09-11 14:00:00+00:00
[2026-09-10T08:27:12.027+0000] {logging_mixin.py:188} INFO - [2026-09-10T08:27:12.026+0000] {dag.py:3954} INFO - Setting next_dagrun for update_db to None, run_after=None
[2026-09-10T08:27:12.089+0000] {processor.py:183} INFO - Processing /opt/airflow/dags/main.py took 1.861 seconds
