[2026-09-03T04:54:21.912+0000] {processor.py:161} INFO - Started process (PID=70) to work on /opt/airflow/dags/main.py
[2026-09-03T04:54:22.523+0000] {processor.py:830} INFO - Processing file /opt/airflow/dags/main.py for tasks to queue
[2026-09-03T04:54:22.825+0000] {logging_mixin.py:188} INFO - [2026-09-03T04:54:22.685+0000] {dagbag.py:545} INFO - Filling up the DagBag from /opt/airflow/dags/main.py
[2026-09-03T04:54:25.850+0000] {logging_mixin.py:188} INFO - channel id is not executed
[2026-09-03T04:54:27.711+0000] {logging_mixin.py:188} INFO - [2026-09-03T04:54:27.219+0000] {dagbag.py:355} ERROR - Failed to import: /opt/airflow/dags/main.py
Traceback (most recent call last):
  File "/home/airflow/.local/lib/python3.10/site-packages/airflow/models/dagbag.py", line 351, in parse
    loader.exec_module(new_module)
  File "<frozen importlib._bootstrap_external>", line 883, in exec_module
  File "<frozen importlib._bootstrap>", line 241, in _call_with_frames_removed
  File "/opt/airflow/dags/main.py", line 6, in <module>
    from datawarehouse.dwh import staging_table, core_table
  File "/opt/airflow/dags/datawarehouse/dwh.py", line 1, in <module>
    from datawarehouse.data_loading import load_data
  File "/opt/airflow/dags/datawarehouse/data_loading.py", line 4, in <module>
    logger=logging.getlogger(__name__)
AttributeError: module 'logging' has no attribute 'getlogger'
[2026-09-03T04:54:28.165+0000] {processor.py:842} WARNING - No viable dags retrieved from /opt/airflow/dags/main.py
[2026-09-03T04:54:29.265+0000] {processor.py:183} INFO - Processing /opt/airflow/dags/main.py took 8.036 seconds
[2026-09-03T04:55:03.855+0000] {processor.py:161} INFO - Started process (PID=77) to work on /opt/airflow/dags/main.py
[2026-09-03T04:55:04.169+0000] {processor.py:830} INFO - Processing file /opt/airflow/dags/main.py for tasks to queue
[2026-09-03T04:55:05.433+0000] {logging_mixin.py:188} INFO - [2026-09-03T04:55:05.433+0000] {dagbag.py:545} INFO - Filling up the DagBag from /opt/airflow/dags/main.py
[2026-09-03T04:55:10.791+0000] {logging_mixin.py:188} INFO - channel id is not executed
[2026-09-03T04:55:21.945+0000] {logging_mixin.py:188} INFO - [2026-09-03T04:55:19.907+0000] {dagbag.py:355} ERROR - Failed to import: /opt/airflow/dags/main.py
Traceback (most recent call last):
  File "/home/airflow/.local/lib/python3.10/site-packages/airflow/models/dagbag.py", line 351, in parse
    loader.exec_module(new_module)
  File "<frozen importlib._bootstrap_external>", line 883, in exec_module
  File "<frozen importlib._bootstrap>", line 241, in _call_with_frames_removed
  File "/opt/airflow/dags/main.py", line 6, in <module>
    from datawarehouse.dwh import staging_table, core_table
  File "/opt/airflow/dags/datawarehouse/dwh.py", line 1, in <module>
    from datawarehouse.data_loading import load_data
  File "/opt/airflow/dags/datawarehouse/data_loading.py", line 4, in <module>
    logger=logging.getlogger(__name__)
AttributeError: module 'logging' has no attribute 'getlogger'
[2026-09-03T04:55:22.203+0000] {processor.py:842} WARNING - No viable dags retrieved from /opt/airflow/dags/main.py
[2026-09-03T04:55:22.458+0000] {processor.py:183} INFO - Processing /opt/airflow/dags/main.py took 19.170 seconds
[2026-09-03T04:55:55.610+0000] {processor.py:161} INFO - Started process (PID=89) to work on /opt/airflow/dags/main.py
[2026-09-03T04:55:55.701+0000] {processor.py:830} INFO - Processing file /opt/airflow/dags/main.py for tasks to queue
[2026-09-03T04:55:56.299+0000] {logging_mixin.py:188} INFO - [2026-09-03T04:55:56.110+0000] {dagbag.py:545} INFO - Filling up the DagBag from /opt/airflow/dags/main.py
[2026-09-03T04:56:03.215+0000] {logging_mixin.py:188} INFO - channel id is not executed
[2026-09-03T04:56:08.128+0000] {logging_mixin.py:188} INFO - [2026-09-03T04:56:06.444+0000] {dagbag.py:355} ERROR - Failed to import: /opt/airflow/dags/main.py
Traceback (most recent call last):
  File "/home/airflow/.local/lib/python3.10/site-packages/airflow/models/dagbag.py", line 351, in parse
    loader.exec_module(new_module)
  File "<frozen importlib._bootstrap_external>", line 883, in exec_module
  File "<frozen importlib._bootstrap>", line 241, in _call_with_frames_removed
  File "/opt/airflow/dags/main.py", line 6, in <module>
    from datawarehouse.dwh import staging_table, core_table
  File "/opt/airflow/dags/datawarehouse/dwh.py", line 1, in <module>
    from datawarehouse.data_loading import load_data
  File "/opt/airflow/dags/datawarehouse/data_loading.py", line 4, in <module>
    logger=logging.getlogger(__name__)
AttributeError: module 'logging' has no attribute 'getlogger'
[2026-09-03T04:56:08.499+0000] {processor.py:842} WARNING - No viable dags retrieved from /opt/airflow/dags/main.py
[2026-09-03T04:56:10.225+0000] {processor.py:183} INFO - Processing /opt/airflow/dags/main.py took 14.940 seconds
[2026-09-03T04:56:41.100+0000] {processor.py:161} INFO - Started process (PID=95) to work on /opt/airflow/dags/main.py
[2026-09-03T04:56:41.250+0000] {processor.py:830} INFO - Processing file /opt/airflow/dags/main.py for tasks to queue
[2026-09-03T04:56:41.724+0000] {logging_mixin.py:188} INFO - [2026-09-03T04:56:41.710+0000] {dagbag.py:545} INFO - Filling up the DagBag from /opt/airflow/dags/main.py
[2026-09-03T04:56:42.426+0000] {logging_mixin.py:188} INFO - channel id is not executed
[2026-09-03T04:56:42.761+0000] {logging_mixin.py:188} INFO - [2026-09-03T04:56:42.683+0000] {dagbag.py:355} ERROR - Failed to import: /opt/airflow/dags/main.py
Traceback (most recent call last):
  File "/home/airflow/.local/lib/python3.10/site-packages/airflow/models/dagbag.py", line 351, in parse
    loader.exec_module(new_module)
  File "<frozen importlib._bootstrap_external>", line 883, in exec_module
  File "<frozen importlib._bootstrap>", line 241, in _call_with_frames_removed
  File "/opt/airflow/dags/main.py", line 6, in <module>
    from datawarehouse.dwh import staging_table, core_table
  File "/opt/airflow/dags/datawarehouse/dwh.py", line 1, in <module>
    from datawarehouse.data_loading import load_data
  File "/opt/airflow/dags/datawarehouse/data_loading.py", line 4, in <module>
    logger=logging.getlogger(__name__)
AttributeError: module 'logging' has no attribute 'getlogger'
[2026-09-03T04:56:42.778+0000] {processor.py:842} WARNING - No viable dags retrieved from /opt/airflow/dags/main.py
[2026-09-03T04:56:43.014+0000] {processor.py:183} INFO - Processing /opt/airflow/dags/main.py took 2.079 seconds
[2026-09-03T04:57:13.552+0000] {processor.py:161} INFO - Started process (PID=102) to work on /opt/airflow/dags/main.py
[2026-09-03T04:57:13.554+0000] {processor.py:830} INFO - Processing file /opt/airflow/dags/main.py for tasks to queue
[2026-09-03T04:57:13.562+0000] {logging_mixin.py:188} INFO - [2026-09-03T04:57:13.561+0000] {dagbag.py:545} INFO - Filling up the DagBag from /opt/airflow/dags/main.py
[2026-09-03T04:57:13.667+0000] {logging_mixin.py:188} INFO - channel id is not executed
[2026-09-03T04:57:13.716+0000] {logging_mixin.py:188} INFO - [2026-09-03T04:57:13.700+0000] {dagbag.py:355} ERROR - Failed to import: /opt/airflow/dags/main.py
Traceback (most recent call last):
  File "/home/airflow/.local/lib/python3.10/site-packages/airflow/models/dagbag.py", line 351, in parse
    loader.exec_module(new_module)
  File "<frozen importlib._bootstrap_external>", line 883, in exec_module
  File "<frozen importlib._bootstrap>", line 241, in _call_with_frames_removed
  File "/opt/airflow/dags/main.py", line 6, in <module>
    from datawarehouse.dwh import staging_table, core_table
  File "/opt/airflow/dags/datawarehouse/dwh.py", line 1, in <module>
    from datawarehouse.data_loading import load_data
  File "/opt/airflow/dags/datawarehouse/data_loading.py", line 4, in <module>
    logger=logging.getlogger(__name__)
AttributeError: module 'logging' has no attribute 'getlogger'
[2026-09-03T04:57:13.723+0000] {processor.py:842} WARNING - No viable dags retrieved from /opt/airflow/dags/main.py
[2026-09-03T04:57:13.768+0000] {processor.py:183} INFO - Processing /opt/airflow/dags/main.py took 0.228 seconds
[2026-09-03T04:57:44.981+0000] {processor.py:161} INFO - Started process (PID=108) to work on /opt/airflow/dags/main.py
[2026-09-03T04:57:45.005+0000] {processor.py:830} INFO - Processing file /opt/airflow/dags/main.py for tasks to queue
[2026-09-03T04:57:45.041+0000] {logging_mixin.py:188} INFO - [2026-09-03T04:57:45.033+0000] {dagbag.py:545} INFO - Filling up the DagBag from /opt/airflow/dags/main.py
[2026-09-03T04:57:45.434+0000] {logging_mixin.py:188} INFO - channel id is not executed
[2026-09-03T04:57:45.663+0000] {logging_mixin.py:188} INFO - [2026-09-03T04:57:45.644+0000] {dagbag.py:355} ERROR - Failed to import: /opt/airflow/dags/main.py
Traceback (most recent call last):
  File "/home/airflow/.local/lib/python3.10/site-packages/airflow/models/dagbag.py", line 351, in parse
    loader.exec_module(new_module)
  File "<frozen importlib._bootstrap_external>", line 883, in exec_module
  File "<frozen importlib._bootstrap>", line 241, in _call_with_frames_removed
  File "/opt/airflow/dags/main.py", line 6, in <module>
    from datawarehouse.dwh import staging_table, core_table
  File "/opt/airflow/dags/datawarehouse/dwh.py", line 1, in <module>
    from datawarehouse.data_loading import load_data
  File "/opt/airflow/dags/datawarehouse/data_loading.py", line 4, in <module>
    logger=logging.getlogger(__name__)
AttributeError: module 'logging' has no attribute 'getlogger'
[2026-09-03T04:57:45.675+0000] {processor.py:842} WARNING - No viable dags retrieved from /opt/airflow/dags/main.py
[2026-09-03T04:57:45.747+0000] {processor.py:183} INFO - Processing /opt/airflow/dags/main.py took 0.856 seconds
[2026-09-03T04:58:16.699+0000] {processor.py:161} INFO - Started process (PID=114) to work on /opt/airflow/dags/main.py
[2026-09-03T04:58:16.703+0000] {processor.py:830} INFO - Processing file /opt/airflow/dags/main.py for tasks to queue
[2026-09-03T04:58:16.709+0000] {logging_mixin.py:188} INFO - [2026-09-03T04:58:16.709+0000] {dagbag.py:545} INFO - Filling up the DagBag from /opt/airflow/dags/main.py
[2026-09-03T04:58:16.873+0000] {logging_mixin.py:188} INFO - channel id is not executed
[2026-09-03T04:58:16.927+0000] {logging_mixin.py:188} INFO - [2026-09-03T04:58:16.905+0000] {dagbag.py:355} ERROR - Failed to import: /opt/airflow/dags/main.py
Traceback (most recent call last):
  File "/home/airflow/.local/lib/python3.10/site-packages/airflow/models/dagbag.py", line 351, in parse
    loader.exec_module(new_module)
  File "<frozen importlib._bootstrap_external>", line 883, in exec_module
  File "<frozen importlib._bootstrap>", line 241, in _call_with_frames_removed
  File "/opt/airflow/dags/main.py", line 6, in <module>
    from datawarehouse.dwh import staging_table, core_table
  File "/opt/airflow/dags/datawarehouse/dwh.py", line 1, in <module>
    from datawarehouse.data_loading import load_data
  File "/opt/airflow/dags/datawarehouse/data_loading.py", line 4, in <module>
    logger=logging.getlogger(__name__)
AttributeError: module 'logging' has no attribute 'getlogger'
[2026-09-03T04:58:16.933+0000] {processor.py:842} WARNING - No viable dags retrieved from /opt/airflow/dags/main.py
[2026-09-03T04:58:16.992+0000] {processor.py:183} INFO - Processing /opt/airflow/dags/main.py took 0.320 seconds
[2026-09-03T04:58:47.285+0000] {processor.py:161} INFO - Started process (PID=121) to work on /opt/airflow/dags/main.py
[2026-09-03T04:58:47.287+0000] {processor.py:830} INFO - Processing file /opt/airflow/dags/main.py for tasks to queue
[2026-09-03T04:58:47.291+0000] {logging_mixin.py:188} INFO - [2026-09-03T04:58:47.290+0000] {dagbag.py:545} INFO - Filling up the DagBag from /opt/airflow/dags/main.py
[2026-09-03T04:58:47.372+0000] {logging_mixin.py:188} INFO - channel id is not executed
[2026-09-03T04:58:47.705+0000] {logging_mixin.py:188} INFO - [2026-09-03T04:58:47.691+0000] {dagbag.py:355} ERROR - Failed to import: /opt/airflow/dags/main.py
Traceback (most recent call last):
  File "/home/airflow/.local/lib/python3.10/site-packages/airflow/models/dagbag.py", line 351, in parse
    loader.exec_module(new_module)
  File "<frozen importlib._bootstrap_external>", line 883, in exec_module
  File "<frozen importlib._bootstrap>", line 241, in _call_with_frames_removed
  File "/opt/airflow/dags/main.py", line 6, in <module>
    from datawarehouse.dwh import staging_table, core_table
  File "/opt/airflow/dags/datawarehouse/dwh.py", line 1, in <module>
    from datawarehouse.data_loading import load_data
  File "/opt/airflow/dags/datawarehouse/data_loading.py", line 4, in <module>
    logger=logging.getlogger(__name__)
AttributeError: module 'logging' has no attribute 'getlogger'
[2026-09-03T04:58:47.710+0000] {processor.py:842} WARNING - No viable dags retrieved from /opt/airflow/dags/main.py
[2026-09-03T04:58:47.746+0000] {processor.py:183} INFO - Processing /opt/airflow/dags/main.py took 0.471 seconds
[2026-09-03T04:59:18.487+0000] {processor.py:161} INFO - Started process (PID=128) to work on /opt/airflow/dags/main.py
[2026-09-03T04:59:18.503+0000] {processor.py:830} INFO - Processing file /opt/airflow/dags/main.py for tasks to queue
[2026-09-03T04:59:18.507+0000] {logging_mixin.py:188} INFO - [2026-09-03T04:59:18.507+0000] {dagbag.py:545} INFO - Filling up the DagBag from /opt/airflow/dags/main.py
[2026-09-03T04:59:18.572+0000] {logging_mixin.py:188} INFO - channel id is not executed
[2026-09-03T04:59:18.612+0000] {logging_mixin.py:188} INFO - [2026-09-03T04:59:18.599+0000] {dagbag.py:355} ERROR - Failed to import: /opt/airflow/dags/main.py
Traceback (most recent call last):
  File "/home/airflow/.local/lib/python3.10/site-packages/airflow/models/dagbag.py", line 351, in parse
    loader.exec_module(new_module)
  File "<frozen importlib._bootstrap_external>", line 883, in exec_module
  File "<frozen importlib._bootstrap>", line 241, in _call_with_frames_removed
  File "/opt/airflow/dags/main.py", line 6, in <module>
    from datawarehouse.dwh import staging_table, core_table
  File "/opt/airflow/dags/datawarehouse/dwh.py", line 1, in <module>
    from datawarehouse.data_loading import load_data
  File "/opt/airflow/dags/datawarehouse/data_loading.py", line 4, in <module>
    logger=logging.getlogger(__name__)
AttributeError: module 'logging' has no attribute 'getlogger'
[2026-09-03T04:59:18.616+0000] {processor.py:842} WARNING - No viable dags retrieved from /opt/airflow/dags/main.py
[2026-09-03T04:59:18.652+0000] {processor.py:183} INFO - Processing /opt/airflow/dags/main.py took 0.174 seconds
[2026-09-03T04:59:49.013+0000] {processor.py:161} INFO - Started process (PID=135) to work on /opt/airflow/dags/main.py
[2026-09-03T04:59:49.015+0000] {processor.py:830} INFO - Processing file /opt/airflow/dags/main.py for tasks to queue
[2026-09-03T04:59:49.032+0000] {logging_mixin.py:188} INFO - [2026-09-03T04:59:49.019+0000] {dagbag.py:545} INFO - Filling up the DagBag from /opt/airflow/dags/main.py
[2026-09-03T04:59:49.128+0000] {logging_mixin.py:188} INFO - channel id is not executed
[2026-09-03T04:59:49.186+0000] {logging_mixin.py:188} INFO - [2026-09-03T04:59:49.165+0000] {dagbag.py:355} ERROR - Failed to import: /opt/airflow/dags/main.py
Traceback (most recent call last):
  File "/home/airflow/.local/lib/python3.10/site-packages/airflow/models/dagbag.py", line 351, in parse
    loader.exec_module(new_module)
  File "<frozen importlib._bootstrap_external>", line 883, in exec_module
  File "<frozen importlib._bootstrap>", line 241, in _call_with_frames_removed
  File "/opt/airflow/dags/main.py", line 6, in <module>
    from datawarehouse.dwh import staging_table, core_table
  File "/opt/airflow/dags/datawarehouse/dwh.py", line 1, in <module>
    from datawarehouse.data_loading import load_data
  File "/opt/airflow/dags/datawarehouse/data_loading.py", line 4, in <module>
    logger=logging.getlogger(__name__)
AttributeError: module 'logging' has no attribute 'getlogger'
[2026-09-03T04:59:49.192+0000] {processor.py:842} WARNING - No viable dags retrieved from /opt/airflow/dags/main.py
[2026-09-03T04:59:49.250+0000] {processor.py:183} INFO - Processing /opt/airflow/dags/main.py took 0.245 seconds
[2026-09-03T05:00:19.413+0000] {processor.py:161} INFO - Started process (PID=143) to work on /opt/airflow/dags/main.py
[2026-09-03T05:00:19.416+0000] {processor.py:830} INFO - Processing file /opt/airflow/dags/main.py for tasks to queue
[2026-09-03T05:00:19.424+0000] {logging_mixin.py:188} INFO - [2026-09-03T05:00:19.422+0000] {dagbag.py:545} INFO - Filling up the DagBag from /opt/airflow/dags/main.py
[2026-09-03T05:00:19.524+0000] {logging_mixin.py:188} INFO - channel id is not executed
[2026-09-03T05:00:19.635+0000] {logging_mixin.py:188} INFO - [2026-09-03T05:00:19.618+0000] {dagbag.py:355} ERROR - Failed to import: /opt/airflow/dags/main.py
Traceback (most recent call last):
  File "/home/airflow/.local/lib/python3.10/site-packages/airflow/models/dagbag.py", line 351, in parse
    loader.exec_module(new_module)
  File "<frozen importlib._bootstrap_external>", line 883, in exec_module
  File "<frozen importlib._bootstrap>", line 241, in _call_with_frames_removed
  File "/opt/airflow/dags/main.py", line 6, in <module>
    from datawarehouse.dwh import staging_table, core_table
  File "/opt/airflow/dags/datawarehouse/dwh.py", line 1, in <module>
    from datawarehouse.data_loading import load_data
  File "/opt/airflow/dags/datawarehouse/data_loading.py", line 4, in <module>
    logger=logging.getlogger(__name__)
AttributeError: module 'logging' has no attribute 'getlogger'
[2026-09-03T05:00:19.640+0000] {processor.py:842} WARNING - No viable dags retrieved from /opt/airflow/dags/main.py
[2026-09-03T05:00:19.689+0000] {processor.py:183} INFO - Processing /opt/airflow/dags/main.py took 0.290 seconds
[2026-09-03T05:00:50.238+0000] {processor.py:161} INFO - Started process (PID=150) to work on /opt/airflow/dags/main.py
[2026-09-03T05:00:50.240+0000] {processor.py:830} INFO - Processing file /opt/airflow/dags/main.py for tasks to queue
[2026-09-03T05:00:50.244+0000] {logging_mixin.py:188} INFO - [2026-09-03T05:00:50.243+0000] {dagbag.py:545} INFO - Filling up the DagBag from /opt/airflow/dags/main.py
[2026-09-03T05:00:50.315+0000] {logging_mixin.py:188} INFO - channel id is not executed
[2026-09-03T05:00:50.368+0000] {logging_mixin.py:188} INFO - [2026-09-03T05:00:50.352+0000] {dagbag.py:355} ERROR - Failed to import: /opt/airflow/dags/main.py
Traceback (most recent call last):
  File "/home/airflow/.local/lib/python3.10/site-packages/airflow/models/dagbag.py", line 351, in parse
    loader.exec_module(new_module)
  File "<frozen importlib._bootstrap_external>", line 883, in exec_module
  File "<frozen importlib._bootstrap>", line 241, in _call_with_frames_removed
  File "/opt/airflow/dags/main.py", line 6, in <module>
    from datawarehouse.dwh import staging_table, core_table
  File "/opt/airflow/dags/datawarehouse/dwh.py", line 1, in <module>
    from datawarehouse.data_loading import load_data
  File "/opt/airflow/dags/datawarehouse/data_loading.py", line 4, in <module>
    logger=logging.getlogger(__name__)
AttributeError: module 'logging' has no attribute 'getlogger'
[2026-09-03T05:00:50.373+0000] {processor.py:842} WARNING - No viable dags retrieved from /opt/airflow/dags/main.py
[2026-09-03T05:00:50.405+0000] {processor.py:183} INFO - Processing /opt/airflow/dags/main.py took 0.176 seconds
[2026-09-03T05:01:21.298+0000] {processor.py:161} INFO - Started process (PID=157) to work on /opt/airflow/dags/main.py
[2026-09-03T05:01:21.302+0000] {processor.py:830} INFO - Processing file /opt/airflow/dags/main.py for tasks to queue
[2026-09-03T05:01:21.310+0000] {logging_mixin.py:188} INFO - [2026-09-03T05:01:21.309+0000] {dagbag.py:545} INFO - Filling up the DagBag from /opt/airflow/dags/main.py
[2026-09-03T05:01:21.411+0000] {logging_mixin.py:188} INFO - channel id is not executed
[2026-09-03T05:01:21.459+0000] {logging_mixin.py:188} INFO - [2026-09-03T05:01:21.443+0000] {dagbag.py:355} ERROR - Failed to import: /opt/airflow/dags/main.py
Traceback (most recent call last):
  File "/home/airflow/.local/lib/python3.10/site-packages/airflow/models/dagbag.py", line 351, in parse
    loader.exec_module(new_module)
  File "<frozen importlib._bootstrap_external>", line 883, in exec_module
  File "<frozen importlib._bootstrap>", line 241, in _call_with_frames_removed
  File "/opt/airflow/dags/main.py", line 6, in <module>
    from datawarehouse.dwh import staging_table, core_table
  File "/opt/airflow/dags/datawarehouse/dwh.py", line 1, in <module>
    from datawarehouse.data_loading import load_data
  File "/opt/airflow/dags/datawarehouse/data_loading.py", line 4, in <module>
    logger=logging.getlogger(__name__)
AttributeError: module 'logging' has no attribute 'getlogger'
[2026-09-03T05:01:21.466+0000] {processor.py:842} WARNING - No viable dags retrieved from /opt/airflow/dags/main.py
[2026-09-03T05:01:21.511+0000] {processor.py:183} INFO - Processing /opt/airflow/dags/main.py took 0.231 seconds
[2026-09-03T05:01:51.969+0000] {processor.py:161} INFO - Started process (PID=164) to work on /opt/airflow/dags/main.py
[2026-09-03T05:01:51.971+0000] {processor.py:830} INFO - Processing file /opt/airflow/dags/main.py for tasks to queue
[2026-09-03T05:01:51.975+0000] {logging_mixin.py:188} INFO - [2026-09-03T05:01:51.974+0000] {dagbag.py:545} INFO - Filling up the DagBag from /opt/airflow/dags/main.py
[2026-09-03T05:01:52.062+0000] {logging_mixin.py:188} INFO - channel id is not executed
[2026-09-03T05:01:52.116+0000] {logging_mixin.py:188} INFO - [2026-09-03T05:01:52.100+0000] {dagbag.py:355} ERROR - Failed to import: /opt/airflow/dags/main.py
Traceback (most recent call last):
  File "/home/airflow/.local/lib/python3.10/site-packages/airflow/models/dagbag.py", line 351, in parse
    loader.exec_module(new_module)
  File "<frozen importlib._bootstrap_external>", line 883, in exec_module
  File "<frozen importlib._bootstrap>", line 241, in _call_with_frames_removed
  File "/opt/airflow/dags/main.py", line 6, in <module>
    from datawarehouse.dwh import staging_table, core_table
  File "/opt/airflow/dags/datawarehouse/dwh.py", line 1, in <module>
    from datawarehouse.data_loading import load_data
  File "/opt/airflow/dags/datawarehouse/data_loading.py", line 4, in <module>
    logger=logging.getlogger(__name__)
AttributeError: module 'logging' has no attribute 'getlogger'
[2026-09-03T05:01:52.129+0000] {processor.py:842} WARNING - No viable dags retrieved from /opt/airflow/dags/main.py
[2026-09-03T05:01:52.179+0000] {processor.py:183} INFO - Processing /opt/airflow/dags/main.py took 0.219 seconds
[2026-09-03T05:02:22.781+0000] {processor.py:161} INFO - Started process (PID=170) to work on /opt/airflow/dags/main.py
[2026-09-03T05:02:22.783+0000] {processor.py:830} INFO - Processing file /opt/airflow/dags/main.py for tasks to queue
[2026-09-03T05:02:22.795+0000] {logging_mixin.py:188} INFO - [2026-09-03T05:02:22.795+0000] {dagbag.py:545} INFO - Filling up the DagBag from /opt/airflow/dags/main.py
[2026-09-03T05:02:22.861+0000] {logging_mixin.py:188} INFO - channel id is not executed
[2026-09-03T05:02:22.920+0000] {logging_mixin.py:188} INFO - [2026-09-03T05:02:22.891+0000] {dagbag.py:355} ERROR - Failed to import: /opt/airflow/dags/main.py
Traceback (most recent call last):
  File "/home/airflow/.local/lib/python3.10/site-packages/airflow/models/dagbag.py", line 351, in parse
    loader.exec_module(new_module)
  File "<frozen importlib._bootstrap_external>", line 883, in exec_module
  File "<frozen importlib._bootstrap>", line 241, in _call_with_frames_removed
  File "/opt/airflow/dags/main.py", line 6, in <module>
    from datawarehouse.dwh import staging_table, core_table
  File "/opt/airflow/dags/datawarehouse/dwh.py", line 1, in <module>
    from datawarehouse.data_loading import load_data
  File "/opt/airflow/dags/datawarehouse/data_loading.py", line 4, in <module>
    logger=logging.getlogger(__name__)
AttributeError: module 'logging' has no attribute 'getlogger'
[2026-09-03T05:02:22.926+0000] {processor.py:842} WARNING - No viable dags retrieved from /opt/airflow/dags/main.py
[2026-09-03T05:02:22.980+0000] {processor.py:183} INFO - Processing /opt/airflow/dags/main.py took 0.208 seconds
[2026-09-03T05:02:53.582+0000] {processor.py:161} INFO - Started process (PID=177) to work on /opt/airflow/dags/main.py
[2026-09-03T05:02:53.584+0000] {processor.py:830} INFO - Processing file /opt/airflow/dags/main.py for tasks to queue
[2026-09-03T05:02:53.589+0000] {logging_mixin.py:188} INFO - [2026-09-03T05:02:53.588+0000] {dagbag.py:545} INFO - Filling up the DagBag from /opt/airflow/dags/main.py
[2026-09-03T05:02:53.699+0000] {logging_mixin.py:188} INFO - channel id is not executed
[2026-09-03T05:02:53.737+0000] {logging_mixin.py:188} INFO - [2026-09-03T05:02:53.723+0000] {dagbag.py:355} ERROR - Failed to import: /opt/airflow/dags/main.py
Traceback (most recent call last):
  File "/home/airflow/.local/lib/python3.10/site-packages/airflow/models/dagbag.py", line 351, in parse
    loader.exec_module(new_module)
  File "<frozen importlib._bootstrap_external>", line 883, in exec_module
  File "<frozen importlib._bootstrap>", line 241, in _call_with_frames_removed
  File "/opt/airflow/dags/main.py", line 6, in <module>
    from datawarehouse.dwh import staging_table, core_table
  File "/opt/airflow/dags/datawarehouse/dwh.py", line 1, in <module>
    from datawarehouse.data_loading import load_data
  File "/opt/airflow/dags/datawarehouse/data_loading.py", line 4, in <module>
    logger=logging.getlogger(__name__)
AttributeError: module 'logging' has no attribute 'getlogger'
[2026-09-03T05:02:53.741+0000] {processor.py:842} WARNING - No viable dags retrieved from /opt/airflow/dags/main.py
[2026-09-03T05:02:53.780+0000] {processor.py:183} INFO - Processing /opt/airflow/dags/main.py took 0.206 seconds
[2026-09-03T05:03:24.344+0000] {processor.py:161} INFO - Started process (PID=183) to work on /opt/airflow/dags/main.py
[2026-09-03T05:03:24.348+0000] {processor.py:830} INFO - Processing file /opt/airflow/dags/main.py for tasks to queue
[2026-09-03T05:03:24.353+0000] {logging_mixin.py:188} INFO - [2026-09-03T05:03:24.353+0000] {dagbag.py:545} INFO - Filling up the DagBag from /opt/airflow/dags/main.py
[2026-09-03T05:03:24.480+0000] {logging_mixin.py:188} INFO - channel id is not executed
[2026-09-03T05:03:24.607+0000] {logging_mixin.py:188} INFO - [2026-09-03T05:03:24.540+0000] {dagbag.py:355} ERROR - Failed to import: /opt/airflow/dags/main.py
Traceback (most recent call last):
  File "/home/airflow/.local/lib/python3.10/site-packages/airflow/models/dagbag.py", line 351, in parse
    loader.exec_module(new_module)
  File "<frozen importlib._bootstrap_external>", line 883, in exec_module
  File "<frozen importlib._bootstrap>", line 241, in _call_with_frames_removed
  File "/opt/airflow/dags/main.py", line 6, in <module>
    from datawarehouse.dwh import staging_table, core_table
  File "/opt/airflow/dags/datawarehouse/dwh.py", line 1, in <module>
    from datawarehouse.data_loading import load_data
  File "/opt/airflow/dags/datawarehouse/data_loading.py", line 4, in <module>
    logger=logging.getlogger(__name__)
AttributeError: module 'logging' has no attribute 'getlogger'
[2026-09-03T05:03:24.619+0000] {processor.py:842} WARNING - No viable dags retrieved from /opt/airflow/dags/main.py
[2026-09-03T05:03:24.666+0000] {processor.py:183} INFO - Processing /opt/airflow/dags/main.py took 0.339 seconds
[2026-09-03T05:03:55.085+0000] {processor.py:161} INFO - Started process (PID=191) to work on /opt/airflow/dags/main.py
[2026-09-03T05:03:55.087+0000] {processor.py:830} INFO - Processing file /opt/airflow/dags/main.py for tasks to queue
[2026-09-03T05:03:55.091+0000] {logging_mixin.py:188} INFO - [2026-09-03T05:03:55.090+0000] {dagbag.py:545} INFO - Filling up the DagBag from /opt/airflow/dags/main.py
[2026-09-03T05:03:55.170+0000] {logging_mixin.py:188} INFO - channel id is not executed
[2026-09-03T05:03:55.218+0000] {logging_mixin.py:188} INFO - [2026-09-03T05:03:55.203+0000] {dagbag.py:355} ERROR - Failed to import: /opt/airflow/dags/main.py
Traceback (most recent call last):
  File "/home/airflow/.local/lib/python3.10/site-packages/airflow/models/dagbag.py", line 351, in parse
    loader.exec_module(new_module)
  File "<frozen importlib._bootstrap_external>", line 883, in exec_module
  File "<frozen importlib._bootstrap>", line 241, in _call_with_frames_removed
  File "/opt/airflow/dags/main.py", line 6, in <module>
    from datawarehouse.dwh import staging_table, core_table
  File "/opt/airflow/dags/datawarehouse/dwh.py", line 1, in <module>
    from datawarehouse.data_loading import load_data
  File "/opt/airflow/dags/datawarehouse/data_loading.py", line 4, in <module>
    logger=logging.getlogger(__name__)
AttributeError: module 'logging' has no attribute 'getlogger'
[2026-09-03T05:03:55.223+0000] {processor.py:842} WARNING - No viable dags retrieved from /opt/airflow/dags/main.py
[2026-09-03T05:03:55.257+0000] {processor.py:183} INFO - Processing /opt/airflow/dags/main.py took 0.184 seconds
[2026-09-03T05:04:25.399+0000] {processor.py:161} INFO - Started process (PID=198) to work on /opt/airflow/dags/main.py
[2026-09-03T05:04:25.403+0000] {processor.py:830} INFO - Processing file /opt/airflow/dags/main.py for tasks to queue
[2026-09-03T05:04:25.418+0000] {logging_mixin.py:188} INFO - [2026-09-03T05:04:25.417+0000] {dagbag.py:545} INFO - Filling up the DagBag from /opt/airflow/dags/main.py
[2026-09-03T05:04:25.865+0000] {logging_mixin.py:188} INFO - channel id is not executed
[2026-09-03T05:04:25.976+0000] {logging_mixin.py:188} INFO - [2026-09-03T05:04:25.950+0000] {dagbag.py:355} ERROR - Failed to import: /opt/airflow/dags/main.py
Traceback (most recent call last):
  File "/home/airflow/.local/lib/python3.10/site-packages/airflow/models/dagbag.py", line 351, in parse
    loader.exec_module(new_module)
  File "<frozen importlib._bootstrap_external>", line 883, in exec_module
  File "<frozen importlib._bootstrap>", line 241, in _call_with_frames_removed
  File "/opt/airflow/dags/main.py", line 6, in <module>
    from datawarehouse.dwh import staging_table, core_table
  File "/opt/airflow/dags/datawarehouse/dwh.py", line 1, in <module>
    from datawarehouse.data_loading import load_data
  File "/opt/airflow/dags/datawarehouse/data_loading.py", line 4, in <module>
    logger=logging.getlogger(__name__)
AttributeError: module 'logging' has no attribute 'getlogger'
[2026-09-03T05:04:25.984+0000] {processor.py:842} WARNING - No viable dags retrieved from /opt/airflow/dags/main.py
[2026-09-03T05:04:26.048+0000] {processor.py:183} INFO - Processing /opt/airflow/dags/main.py took 0.659 seconds
[2026-09-03T05:04:56.362+0000] {processor.py:161} INFO - Started process (PID=204) to work on /opt/airflow/dags/main.py
[2026-09-03T05:04:56.364+0000] {processor.py:830} INFO - Processing file /opt/airflow/dags/main.py for tasks to queue
[2026-09-03T05:04:56.369+0000] {logging_mixin.py:188} INFO - [2026-09-03T05:04:56.368+0000] {dagbag.py:545} INFO - Filling up the DagBag from /opt/airflow/dags/main.py
[2026-09-03T05:04:56.448+0000] {logging_mixin.py:188} INFO - channel id is not executed
[2026-09-03T05:04:56.516+0000] {logging_mixin.py:188} INFO - [2026-09-03T05:04:56.499+0000] {dagbag.py:355} ERROR - Failed to import: /opt/airflow/dags/main.py
Traceback (most recent call last):
  File "/home/airflow/.local/lib/python3.10/site-packages/airflow/models/dagbag.py", line 351, in parse
    loader.exec_module(new_module)
  File "<frozen importlib._bootstrap_external>", line 883, in exec_module
  File "<frozen importlib._bootstrap>", line 241, in _call_with_frames_removed
  File "/opt/airflow/dags/main.py", line 6, in <module>
    from datawarehouse.dwh import staging_table, core_table
  File "/opt/airflow/dags/datawarehouse/dwh.py", line 1, in <module>
    from datawarehouse.data_loading import load_data
  File "/opt/airflow/dags/datawarehouse/data_loading.py", line 4, in <module>
    logger=logging.getlogger(__name__)
AttributeError: module 'logging' has no attribute 'getlogger'
[2026-09-03T05:04:56.523+0000] {processor.py:842} WARNING - No viable dags retrieved from /opt/airflow/dags/main.py
[2026-09-03T05:04:56.571+0000] {processor.py:183} INFO - Processing /opt/airflow/dags/main.py took 0.221 seconds
[2026-09-03T05:05:26.931+0000] {processor.py:161} INFO - Started process (PID=210) to work on /opt/airflow/dags/main.py
[2026-09-03T05:05:26.934+0000] {processor.py:830} INFO - Processing file /opt/airflow/dags/main.py for tasks to queue
[2026-09-03T05:05:26.939+0000] {logging_mixin.py:188} INFO - [2026-09-03T05:05:26.938+0000] {dagbag.py:545} INFO - Filling up the DagBag from /opt/airflow/dags/main.py
[2026-09-03T05:05:27.048+0000] {logging_mixin.py:188} INFO - channel id is not executed
[2026-09-03T05:05:27.088+0000] {logging_mixin.py:188} INFO - [2026-09-03T05:05:27.073+0000] {dagbag.py:355} ERROR - Failed to import: /opt/airflow/dags/main.py
Traceback (most recent call last):
  File "/home/airflow/.local/lib/python3.10/site-packages/airflow/models/dagbag.py", line 351, in parse
    loader.exec_module(new_module)
  File "<frozen importlib._bootstrap_external>", line 883, in exec_module
  File "<frozen importlib._bootstrap>", line 241, in _call_with_frames_removed
  File "/opt/airflow/dags/main.py", line 6, in <module>
    from datawarehouse.dwh import staging_table, core_table
  File "/opt/airflow/dags/datawarehouse/dwh.py", line 1, in <module>
    from datawarehouse.data_loading import load_data
  File "/opt/airflow/dags/datawarehouse/data_loading.py", line 4, in <module>
    logger=logging.getlogger(__name__)
AttributeError: module 'logging' has no attribute 'getlogger'
[2026-09-03T05:05:27.092+0000] {processor.py:842} WARNING - No viable dags retrieved from /opt/airflow/dags/main.py
[2026-09-03T05:05:27.129+0000] {processor.py:183} INFO - Processing /opt/airflow/dags/main.py took 0.219 seconds
[2026-09-03T05:05:57.740+0000] {processor.py:161} INFO - Started process (PID=217) to work on /opt/airflow/dags/main.py
[2026-09-03T05:05:57.746+0000] {processor.py:830} INFO - Processing file /opt/airflow/dags/main.py for tasks to queue
[2026-09-03T05:05:57.751+0000] {logging_mixin.py:188} INFO - [2026-09-03T05:05:57.751+0000] {dagbag.py:545} INFO - Filling up the DagBag from /opt/airflow/dags/main.py
[2026-09-03T05:05:57.856+0000] {logging_mixin.py:188} INFO - channel id is not executed
[2026-09-03T05:05:57.907+0000] {logging_mixin.py:188} INFO - [2026-09-03T05:05:57.887+0000] {dagbag.py:355} ERROR - Failed to import: /opt/airflow/dags/main.py
Traceback (most recent call last):
  File "/home/airflow/.local/lib/python3.10/site-packages/airflow/models/dagbag.py", line 351, in parse
    loader.exec_module(new_module)
  File "<frozen importlib._bootstrap_external>", line 883, in exec_module
  File "<frozen importlib._bootstrap>", line 241, in _call_with_frames_removed
  File "/opt/airflow/dags/main.py", line 6, in <module>
    from datawarehouse.dwh import staging_table, core_table
  File "/opt/airflow/dags/datawarehouse/dwh.py", line 1, in <module>
    from datawarehouse.data_loading import load_data
  File "/opt/airflow/dags/datawarehouse/data_loading.py", line 4, in <module>
    logger=logging.getlogger(__name__)
AttributeError: module 'logging' has no attribute 'getlogger'
[2026-09-03T05:05:57.927+0000] {processor.py:842} WARNING - No viable dags retrieved from /opt/airflow/dags/main.py
[2026-09-03T05:05:58.005+0000] {processor.py:183} INFO - Processing /opt/airflow/dags/main.py took 0.280 seconds
[2026-09-03T05:06:28.493+0000] {processor.py:161} INFO - Started process (PID=225) to work on /opt/airflow/dags/main.py
[2026-09-03T05:06:28.496+0000] {processor.py:830} INFO - Processing file /opt/airflow/dags/main.py for tasks to queue
[2026-09-03T05:06:28.500+0000] {logging_mixin.py:188} INFO - [2026-09-03T05:06:28.499+0000] {dagbag.py:545} INFO - Filling up the DagBag from /opt/airflow/dags/main.py
[2026-09-03T05:06:28.634+0000] {logging_mixin.py:188} INFO - channel id is not executed
[2026-09-03T05:06:28.842+0000] {logging_mixin.py:188} INFO - [2026-09-03T05:06:28.744+0000] {dagbag.py:355} ERROR - Failed to import: /opt/airflow/dags/main.py
Traceback (most recent call last):
  File "/home/airflow/.local/lib/python3.10/site-packages/airflow/models/dagbag.py", line 351, in parse
    loader.exec_module(new_module)
  File "<frozen importlib._bootstrap_external>", line 883, in exec_module
  File "<frozen importlib._bootstrap>", line 241, in _call_with_frames_removed
  File "/opt/airflow/dags/main.py", line 6, in <module>
    from datawarehouse.dwh import staging_table, core_table
  File "/opt/airflow/dags/datawarehouse/dwh.py", line 1, in <module>
    from datawarehouse.data_loading import load_data
  File "/opt/airflow/dags/datawarehouse/data_loading.py", line 4, in <module>
    logger=logging.getlogger(__name__)
AttributeError: module 'logging' has no attribute 'getlogger'
[2026-09-03T05:06:28.858+0000] {processor.py:842} WARNING - No viable dags retrieved from /opt/airflow/dags/main.py
[2026-09-03T05:06:29.086+0000] {processor.py:183} INFO - Processing /opt/airflow/dags/main.py took 0.605 seconds
[2026-09-03T05:06:59.659+0000] {processor.py:161} INFO - Started process (PID=239) to work on /opt/airflow/dags/main.py
[2026-09-03T05:06:59.661+0000] {processor.py:830} INFO - Processing file /opt/airflow/dags/main.py for tasks to queue
[2026-09-03T05:06:59.666+0000] {logging_mixin.py:188} INFO - [2026-09-03T05:06:59.666+0000] {dagbag.py:545} INFO - Filling up the DagBag from /opt/airflow/dags/main.py
[2026-09-03T05:06:59.764+0000] {logging_mixin.py:188} INFO - channel id is not executed
[2026-09-03T05:07:00.089+0000] {logging_mixin.py:188} INFO - [2026-09-03T05:06:59.980+0000] {dagbag.py:355} ERROR - Failed to import: /opt/airflow/dags/main.py
Traceback (most recent call last):
  File "/home/airflow/.local/lib/python3.10/site-packages/airflow/models/dagbag.py", line 351, in parse
    loader.exec_module(new_module)
  File "<frozen importlib._bootstrap_external>", line 883, in exec_module
  File "<frozen importlib._bootstrap>", line 241, in _call_with_frames_removed
  File "/opt/airflow/dags/main.py", line 6, in <module>
    from datawarehouse.dwh import staging_table, core_table
  File "/opt/airflow/dags/datawarehouse/dwh.py", line 1, in <module>
    from datawarehouse.data_loading import load_data
  File "/opt/airflow/dags/datawarehouse/data_loading.py", line 4, in <module>
    logger=logging.getlogger(__name__)
AttributeError: module 'logging' has no attribute 'getlogger'
[2026-09-03T05:07:00.108+0000] {processor.py:842} WARNING - No viable dags retrieved from /opt/airflow/dags/main.py
[2026-09-03T05:07:00.614+0000] {processor.py:183} INFO - Processing /opt/airflow/dags/main.py took 0.981 seconds
[2026-09-03T05:07:31.354+0000] {processor.py:161} INFO - Started process (PID=246) to work on /opt/airflow/dags/main.py
[2026-09-03T05:07:31.356+0000] {processor.py:830} INFO - Processing file /opt/airflow/dags/main.py for tasks to queue
[2026-09-03T05:07:31.360+0000] {logging_mixin.py:188} INFO - [2026-09-03T05:07:31.360+0000] {dagbag.py:545} INFO - Filling up the DagBag from /opt/airflow/dags/main.py
[2026-09-03T05:07:31.450+0000] {logging_mixin.py:188} INFO - channel id is not executed
[2026-09-03T05:07:31.504+0000] {logging_mixin.py:188} INFO - [2026-09-03T05:07:31.483+0000] {dagbag.py:355} ERROR - Failed to import: /opt/airflow/dags/main.py
Traceback (most recent call last):
  File "/home/airflow/.local/lib/python3.10/site-packages/airflow/models/dagbag.py", line 351, in parse
    loader.exec_module(new_module)
  File "<frozen importlib._bootstrap_external>", line 883, in exec_module
  File "<frozen importlib._bootstrap>", line 241, in _call_with_frames_removed
  File "/opt/airflow/dags/main.py", line 6, in <module>
    from datawarehouse.dwh import staging_table, core_table
  File "/opt/airflow/dags/datawarehouse/dwh.py", line 1, in <module>
    from datawarehouse.data_loading import load_data
  File "/opt/airflow/dags/datawarehouse/data_loading.py", line 4, in <module>
    logger=logging.getlogger(__name__)
AttributeError: module 'logging' has no attribute 'getlogger'
[2026-09-03T05:07:31.512+0000] {processor.py:842} WARNING - No viable dags retrieved from /opt/airflow/dags/main.py
[2026-09-03T05:07:31.551+0000] {processor.py:183} INFO - Processing /opt/airflow/dags/main.py took 0.210 seconds
[2026-09-03T05:08:02.179+0000] {processor.py:161} INFO - Started process (PID=253) to work on /opt/airflow/dags/main.py
[2026-09-03T05:08:02.246+0000] {processor.py:830} INFO - Processing file /opt/airflow/dags/main.py for tasks to queue
[2026-09-03T05:08:02.274+0000] {logging_mixin.py:188} INFO - [2026-09-03T05:08:02.273+0000] {dagbag.py:545} INFO - Filling up the DagBag from /opt/airflow/dags/main.py
[2026-09-03T05:08:02.367+0000] {logging_mixin.py:188} INFO - channel id is not executed
[2026-09-03T05:08:02.422+0000] {logging_mixin.py:188} INFO - [2026-09-03T05:08:02.402+0000] {dagbag.py:355} ERROR - Failed to import: /opt/airflow/dags/main.py
Traceback (most recent call last):
  File "/home/airflow/.local/lib/python3.10/site-packages/airflow/models/dagbag.py", line 351, in parse
    loader.exec_module(new_module)
  File "<frozen importlib._bootstrap_external>", line 883, in exec_module
  File "<frozen importlib._bootstrap>", line 241, in _call_with_frames_removed
  File "/opt/airflow/dags/main.py", line 6, in <module>
    from datawarehouse.dwh import staging_table, core_table
  File "/opt/airflow/dags/datawarehouse/dwh.py", line 1, in <module>
    from datawarehouse.data_loading import load_data
  File "/opt/airflow/dags/datawarehouse/data_loading.py", line 4, in <module>
    logger=logging.getlogger(__name__)
AttributeError: module 'logging' has no attribute 'getlogger'
[2026-09-03T05:08:02.427+0000] {processor.py:842} WARNING - No viable dags retrieved from /opt/airflow/dags/main.py
[2026-09-03T05:08:02.460+0000] {processor.py:183} INFO - Processing /opt/airflow/dags/main.py took 0.309 seconds
[2026-09-03T05:08:32.615+0000] {processor.py:161} INFO - Started process (PID=260) to work on /opt/airflow/dags/main.py
[2026-09-03T05:08:32.626+0000] {processor.py:830} INFO - Processing file /opt/airflow/dags/main.py for tasks to queue
[2026-09-03T05:08:32.632+0000] {logging_mixin.py:188} INFO - [2026-09-03T05:08:32.632+0000] {dagbag.py:545} INFO - Filling up the DagBag from /opt/airflow/dags/main.py
[2026-09-03T05:08:35.768+0000] {logging_mixin.py:188} INFO - channel id is not executed
[2026-09-03T05:08:37.357+0000] {logging_mixin.py:188} INFO - [2026-09-03T05:08:37.340+0000] {dagbag.py:355} ERROR - Failed to import: /opt/airflow/dags/main.py
Traceback (most recent call last):
  File "/home/airflow/.local/lib/python3.10/site-packages/airflow/models/dagbag.py", line 351, in parse
    loader.exec_module(new_module)
  File "<frozen importlib._bootstrap_external>", line 883, in exec_module
  File "<frozen importlib._bootstrap>", line 241, in _call_with_frames_removed
  File "/opt/airflow/dags/main.py", line 6, in <module>
    from datawarehouse.dwh import staging_table, core_table
  File "/opt/airflow/dags/datawarehouse/dwh.py", line 1, in <module>
    from datawarehouse.data_loading import load_data
  File "/opt/airflow/dags/datawarehouse/data_loading.py", line 4, in <module>
    logger=logging.getlogger(__name__)
AttributeError: module 'logging' has no attribute 'getlogger'
[2026-09-03T05:08:37.362+0000] {processor.py:842} WARNING - No viable dags retrieved from /opt/airflow/dags/main.py
[2026-09-03T05:08:37.420+0000] {processor.py:183} INFO - Processing /opt/airflow/dags/main.py took 4.833 seconds
[2026-09-03T05:09:10.101+0000] {processor.py:161} INFO - Started process (PID=266) to work on /opt/airflow/dags/main.py
[2026-09-03T05:09:10.105+0000] {processor.py:830} INFO - Processing file /opt/airflow/dags/main.py for tasks to queue
[2026-09-03T05:09:10.117+0000] {logging_mixin.py:188} INFO - [2026-09-03T05:09:10.117+0000] {dagbag.py:545} INFO - Filling up the DagBag from /opt/airflow/dags/main.py
[2026-09-03T05:09:10.596+0000] {logging_mixin.py:188} INFO - channel id is not executed
[2026-09-03T05:09:11.331+0000] {logging_mixin.py:188} INFO - [2026-09-03T05:09:11.270+0000] {dagbag.py:355} ERROR - Failed to import: /opt/airflow/dags/main.py
Traceback (most recent call last):
  File "/home/airflow/.local/lib/python3.10/site-packages/airflow/models/dagbag.py", line 351, in parse
    loader.exec_module(new_module)
  File "<frozen importlib._bootstrap_external>", line 883, in exec_module
  File "<frozen importlib._bootstrap>", line 241, in _call_with_frames_removed
  File "/opt/airflow/dags/main.py", line 6, in <module>
    from datawarehouse.dwh import staging_table, core_table
  File "/opt/airflow/dags/datawarehouse/dwh.py", line 1, in <module>
    from datawarehouse.data_loading import load_data
  File "/opt/airflow/dags/datawarehouse/data_loading.py", line 4, in <module>
    logger=logging.getlogger(__name__)
AttributeError: module 'logging' has no attribute 'getlogger'
[2026-09-03T05:09:11.339+0000] {processor.py:842} WARNING - No viable dags retrieved from /opt/airflow/dags/main.py
[2026-09-03T05:09:11.425+0000] {processor.py:183} INFO - Processing /opt/airflow/dags/main.py took 1.359 seconds
[2026-09-03T05:09:43.853+0000] {processor.py:161} INFO - Started process (PID=273) to work on /opt/airflow/dags/main.py
[2026-09-03T05:09:43.855+0000] {processor.py:830} INFO - Processing file /opt/airflow/dags/main.py for tasks to queue
[2026-09-03T05:09:43.867+0000] {logging_mixin.py:188} INFO - [2026-09-03T05:09:43.866+0000] {dagbag.py:545} INFO - Filling up the DagBag from /opt/airflow/dags/main.py
[2026-09-03T05:09:43.997+0000] {logging_mixin.py:188} INFO - channel id is not executed
[2026-09-03T05:09:44.073+0000] {logging_mixin.py:188} INFO - [2026-09-03T05:09:44.052+0000] {dagbag.py:355} ERROR - Failed to import: /opt/airflow/dags/main.py
Traceback (most recent call last):
  File "/home/airflow/.local/lib/python3.10/site-packages/airflow/models/dagbag.py", line 351, in parse
    loader.exec_module(new_module)
  File "<frozen importlib._bootstrap_external>", line 883, in exec_module
  File "<frozen importlib._bootstrap>", line 241, in _call_with_frames_removed
  File "/opt/airflow/dags/main.py", line 6, in <module>
    from datawarehouse.dwh import staging_table, core_table
  File "/opt/airflow/dags/datawarehouse/dwh.py", line 1, in <module>
    from datawarehouse.data_loading import load_data
  File "/opt/airflow/dags/datawarehouse/data_loading.py", line 4, in <module>
    logger=logging.getlogger(__name__)
AttributeError: module 'logging' has no attribute 'getlogger'
[2026-09-03T05:09:44.081+0000] {processor.py:842} WARNING - No viable dags retrieved from /opt/airflow/dags/main.py
[2026-09-03T05:09:44.131+0000] {processor.py:183} INFO - Processing /opt/airflow/dags/main.py took 0.299 seconds
[2026-09-03T05:10:15.251+0000] {processor.py:161} INFO - Started process (PID=279) to work on /opt/airflow/dags/main.py
[2026-09-03T05:10:15.268+0000] {processor.py:830} INFO - Processing file /opt/airflow/dags/main.py for tasks to queue
[2026-09-03T05:10:15.349+0000] {logging_mixin.py:188} INFO - [2026-09-03T05:10:15.344+0000] {dagbag.py:545} INFO - Filling up the DagBag from /opt/airflow/dags/main.py
[2026-09-03T05:10:16.928+0000] {logging_mixin.py:188} INFO - channel id is not executed
[2026-09-03T05:10:17.069+0000] {logging_mixin.py:188} INFO - [2026-09-03T05:10:16.992+0000] {dagbag.py:355} ERROR - Failed to import: /opt/airflow/dags/main.py
Traceback (most recent call last):
  File "/home/airflow/.local/lib/python3.10/site-packages/airflow/models/dagbag.py", line 351, in parse
    loader.exec_module(new_module)
  File "<frozen importlib._bootstrap_external>", line 883, in exec_module
  File "<frozen importlib._bootstrap>", line 241, in _call_with_frames_removed
  File "/opt/airflow/dags/main.py", line 6, in <module>
    from datawarehouse.dwh import staging_table, core_table
  File "/opt/airflow/dags/datawarehouse/dwh.py", line 1, in <module>
    from datawarehouse.data_loading import load_data
  File "/opt/airflow/dags/datawarehouse/data_loading.py", line 4, in <module>
    logger=logging.getlogger(__name__)
AttributeError: module 'logging' has no attribute 'getlogger'
[2026-09-03T05:10:17.121+0000] {processor.py:842} WARNING - No viable dags retrieved from /opt/airflow/dags/main.py
[2026-09-03T05:10:17.243+0000] {processor.py:183} INFO - Processing /opt/airflow/dags/main.py took 2.013 seconds
[2026-09-03T05:10:47.564+0000] {processor.py:161} INFO - Started process (PID=287) to work on /opt/airflow/dags/main.py
[2026-09-03T05:10:47.567+0000] {processor.py:830} INFO - Processing file /opt/airflow/dags/main.py for tasks to queue
[2026-09-03T05:10:47.572+0000] {logging_mixin.py:188} INFO - [2026-09-03T05:10:47.571+0000] {dagbag.py:545} INFO - Filling up the DagBag from /opt/airflow/dags/main.py
[2026-09-03T05:10:47.826+0000] {logging_mixin.py:188} INFO - channel id is not executed
[2026-09-03T05:10:47.944+0000] {logging_mixin.py:188} INFO - [2026-09-03T05:10:47.923+0000] {dagbag.py:355} ERROR - Failed to import: /opt/airflow/dags/main.py
Traceback (most recent call last):
  File "/home/airflow/.local/lib/python3.10/site-packages/airflow/models/dagbag.py", line 351, in parse
    loader.exec_module(new_module)
  File "<frozen importlib._bootstrap_external>", line 883, in exec_module
  File "<frozen importlib._bootstrap>", line 241, in _call_with_frames_removed
  File "/opt/airflow/dags/main.py", line 6, in <module>
    from datawarehouse.dwh import staging_table, core_table
  File "/opt/airflow/dags/datawarehouse/dwh.py", line 1, in <module>
    from datawarehouse.data_loading import load_data
  File "/opt/airflow/dags/datawarehouse/data_loading.py", line 4, in <module>
    logger=logging.getlogger(__name__)
AttributeError: module 'logging' has no attribute 'getlogger'
[2026-09-03T05:10:47.963+0000] {processor.py:842} WARNING - No viable dags retrieved from /opt/airflow/dags/main.py
[2026-09-03T05:10:48.053+0000] {processor.py:183} INFO - Processing /opt/airflow/dags/main.py took 0.507 seconds
[2026-09-03T05:11:18.477+0000] {processor.py:161} INFO - Started process (PID=295) to work on /opt/airflow/dags/main.py
[2026-09-03T05:11:18.479+0000] {processor.py:830} INFO - Processing file /opt/airflow/dags/main.py for tasks to queue
[2026-09-03T05:11:18.490+0000] {logging_mixin.py:188} INFO - [2026-09-03T05:11:18.489+0000] {dagbag.py:545} INFO - Filling up the DagBag from /opt/airflow/dags/main.py
[2026-09-03T05:11:18.608+0000] {logging_mixin.py:188} INFO - channel id is not executed
[2026-09-03T05:11:18.665+0000] {logging_mixin.py:188} INFO - [2026-09-03T05:11:18.645+0000] {dagbag.py:355} ERROR - Failed to import: /opt/airflow/dags/main.py
Traceback (most recent call last):
  File "/home/airflow/.local/lib/python3.10/site-packages/airflow/models/dagbag.py", line 351, in parse
    loader.exec_module(new_module)
  File "<frozen importlib._bootstrap_external>", line 883, in exec_module
  File "<frozen importlib._bootstrap>", line 241, in _call_with_frames_removed
  File "/opt/airflow/dags/main.py", line 6, in <module>
    from datawarehouse.dwh import staging_table, core_table
  File "/opt/airflow/dags/datawarehouse/dwh.py", line 1, in <module>
    from datawarehouse.data_loading import load_data
  File "/opt/airflow/dags/datawarehouse/data_loading.py", line 4, in <module>
    logger=logging.getlogger(__name__)
AttributeError: module 'logging' has no attribute 'getlogger'
[2026-09-03T05:11:18.670+0000] {processor.py:842} WARNING - No viable dags retrieved from /opt/airflow/dags/main.py
[2026-09-03T05:11:18.700+0000] {processor.py:183} INFO - Processing /opt/airflow/dags/main.py took 0.239 seconds
[2026-09-03T05:11:49.716+0000] {processor.py:161} INFO - Started process (PID=302) to work on /opt/airflow/dags/main.py
[2026-09-03T05:11:49.722+0000] {processor.py:830} INFO - Processing file /opt/airflow/dags/main.py for tasks to queue
[2026-09-03T05:11:49.734+0000] {logging_mixin.py:188} INFO - [2026-09-03T05:11:49.733+0000] {dagbag.py:545} INFO - Filling up the DagBag from /opt/airflow/dags/main.py
[2026-09-03T05:11:50.102+0000] {logging_mixin.py:188} INFO - channel id is not executed
[2026-09-03T05:11:50.171+0000] {logging_mixin.py:188} INFO - [2026-09-03T05:11:50.143+0000] {dagbag.py:355} ERROR - Failed to import: /opt/airflow/dags/main.py
Traceback (most recent call last):
  File "/home/airflow/.local/lib/python3.10/site-packages/airflow/models/dagbag.py", line 351, in parse
    loader.exec_module(new_module)
  File "<frozen importlib._bootstrap_external>", line 883, in exec_module
  File "<frozen importlib._bootstrap>", line 241, in _call_with_frames_removed
  File "/opt/airflow/dags/main.py", line 6, in <module>
    from datawarehouse.dwh import staging_table, core_table
  File "/opt/airflow/dags/datawarehouse/dwh.py", line 1, in <module>
    from datawarehouse.data_loading import load_data
  File "/opt/airflow/dags/datawarehouse/data_loading.py", line 4, in <module>
    logger=logging.getlogger(__name__)
AttributeError: module 'logging' has no attribute 'getlogger'
[2026-09-03T05:11:50.178+0000] {processor.py:842} WARNING - No viable dags retrieved from /opt/airflow/dags/main.py
[2026-09-03T05:11:50.246+0000] {processor.py:183} INFO - Processing /opt/airflow/dags/main.py took 0.557 seconds
[2026-09-03T05:12:22.734+0000] {processor.py:161} INFO - Started process (PID=308) to work on /opt/airflow/dags/main.py
[2026-09-03T05:12:22.769+0000] {processor.py:830} INFO - Processing file /opt/airflow/dags/main.py for tasks to queue
[2026-09-03T05:12:22.825+0000] {logging_mixin.py:188} INFO - [2026-09-03T05:12:22.824+0000] {dagbag.py:545} INFO - Filling up the DagBag from /opt/airflow/dags/main.py
[2026-09-03T05:12:24.828+0000] {logging_mixin.py:188} INFO - channel id is not executed
[2026-09-03T05:12:25.341+0000] {logging_mixin.py:188} INFO - [2026-09-03T05:12:25.295+0000] {dagbag.py:355} ERROR - Failed to import: /opt/airflow/dags/main.py
Traceback (most recent call last):
  File "/home/airflow/.local/lib/python3.10/site-packages/airflow/models/dagbag.py", line 351, in parse
    loader.exec_module(new_module)
  File "<frozen importlib._bootstrap_external>", line 883, in exec_module
  File "<frozen importlib._bootstrap>", line 241, in _call_with_frames_removed
  File "/opt/airflow/dags/main.py", line 6, in <module>
    from datawarehouse.dwh import staging_table, core_table
  File "/opt/airflow/dags/datawarehouse/dwh.py", line 1, in <module>
    from datawarehouse.data_loading import load_data
  File "/opt/airflow/dags/datawarehouse/data_loading.py", line 4, in <module>
    logger=logging.getlogger(__name__)
AttributeError: module 'logging' has no attribute 'getlogger'
[2026-09-03T05:12:25.348+0000] {processor.py:842} WARNING - No viable dags retrieved from /opt/airflow/dags/main.py
[2026-09-03T05:12:25.669+0000] {processor.py:183} INFO - Processing /opt/airflow/dags/main.py took 3.012 seconds
[2026-09-03T05:12:56.788+0000] {processor.py:161} INFO - Started process (PID=315) to work on /opt/airflow/dags/main.py
[2026-09-03T05:12:56.794+0000] {processor.py:830} INFO - Processing file /opt/airflow/dags/main.py for tasks to queue
[2026-09-03T05:12:56.800+0000] {logging_mixin.py:188} INFO - [2026-09-03T05:12:56.800+0000] {dagbag.py:545} INFO - Filling up the DagBag from /opt/airflow/dags/main.py
[2026-09-03T05:12:56.894+0000] {logging_mixin.py:188} INFO - channel id is not executed
[2026-09-03T05:12:56.942+0000] {logging_mixin.py:188} INFO - [2026-09-03T05:12:56.925+0000] {dagbag.py:355} ERROR - Failed to import: /opt/airflow/dags/main.py
Traceback (most recent call last):
  File "/home/airflow/.local/lib/python3.10/site-packages/airflow/models/dagbag.py", line 351, in parse
    loader.exec_module(new_module)
  File "<frozen importlib._bootstrap_external>", line 883, in exec_module
  File "<frozen importlib._bootstrap>", line 241, in _call_with_frames_removed
  File "/opt/airflow/dags/main.py", line 6, in <module>
    from datawarehouse.dwh import staging_table, core_table
  File "/opt/airflow/dags/datawarehouse/dwh.py", line 1, in <module>
    from datawarehouse.data_loading import load_data
  File "/opt/airflow/dags/datawarehouse/data_loading.py", line 4, in <module>
    logger=logging.getlogger(__name__)
AttributeError: module 'logging' has no attribute 'getlogger'
[2026-09-03T05:12:56.946+0000] {processor.py:842} WARNING - No viable dags retrieved from /opt/airflow/dags/main.py
[2026-09-03T05:12:56.985+0000] {processor.py:183} INFO - Processing /opt/airflow/dags/main.py took 0.213 seconds
[2026-09-03T05:13:27.237+0000] {processor.py:161} INFO - Started process (PID=322) to work on /opt/airflow/dags/main.py
[2026-09-03T05:13:27.243+0000] {processor.py:830} INFO - Processing file /opt/airflow/dags/main.py for tasks to queue
[2026-09-03T05:13:27.253+0000] {logging_mixin.py:188} INFO - [2026-09-03T05:13:27.253+0000] {dagbag.py:545} INFO - Filling up the DagBag from /opt/airflow/dags/main.py
[2026-09-03T05:13:27.362+0000] {logging_mixin.py:188} INFO - channel id is not executed
[2026-09-03T05:13:27.450+0000] {logging_mixin.py:188} INFO - [2026-09-03T05:13:27.430+0000] {dagbag.py:355} ERROR - Failed to import: /opt/airflow/dags/main.py
Traceback (most recent call last):
  File "/home/airflow/.local/lib/python3.10/site-packages/airflow/models/dagbag.py", line 351, in parse
    loader.exec_module(new_module)
  File "<frozen importlib._bootstrap_external>", line 883, in exec_module
  File "<frozen importlib._bootstrap>", line 241, in _call_with_frames_removed
  File "/opt/airflow/dags/main.py", line 6, in <module>
    from datawarehouse.dwh import staging_table, core_table
  File "/opt/airflow/dags/datawarehouse/dwh.py", line 1, in <module>
    from datawarehouse.data_loading import load_data
  File "/opt/airflow/dags/datawarehouse/data_loading.py", line 4, in <module>
    logger=logging.getlogger(__name__)
AttributeError: module 'logging' has no attribute 'getlogger'
[2026-09-03T05:13:27.454+0000] {processor.py:842} WARNING - No viable dags retrieved from /opt/airflow/dags/main.py
[2026-09-03T05:13:27.587+0000] {processor.py:183} INFO - Processing /opt/airflow/dags/main.py took 0.375 seconds
[2026-09-03T05:13:58.192+0000] {processor.py:161} INFO - Started process (PID=329) to work on /opt/airflow/dags/main.py
[2026-09-03T05:13:58.194+0000] {processor.py:830} INFO - Processing file /opt/airflow/dags/main.py for tasks to queue
[2026-09-03T05:13:58.208+0000] {logging_mixin.py:188} INFO - [2026-09-03T05:13:58.207+0000] {dagbag.py:545} INFO - Filling up the DagBag from /opt/airflow/dags/main.py
[2026-09-03T05:13:58.273+0000] {logging_mixin.py:188} INFO - channel id is not executed
[2026-09-03T05:13:58.397+0000] {logging_mixin.py:188} INFO - [2026-09-03T05:13:58.356+0000] {dagbag.py:355} ERROR - Failed to import: /opt/airflow/dags/main.py
Traceback (most recent call last):
  File "/home/airflow/.local/lib/python3.10/site-packages/airflow/models/dagbag.py", line 351, in parse
    loader.exec_module(new_module)
  File "<frozen importlib._bootstrap_external>", line 883, in exec_module
  File "<frozen importlib._bootstrap>", line 241, in _call_with_frames_removed
  File "/opt/airflow/dags/main.py", line 6, in <module>
    from datawarehouse.dwh import staging_table, core_table
  File "/opt/airflow/dags/datawarehouse/dwh.py", line 1, in <module>
    from datawarehouse.data_loading import load_data
  File "/opt/airflow/dags/datawarehouse/data_loading.py", line 4, in <module>
    logger=logging.getlogger(__name__)
AttributeError: module 'logging' has no attribute 'getlogger'
[2026-09-03T05:13:58.405+0000] {processor.py:842} WARNING - No viable dags retrieved from /opt/airflow/dags/main.py
[2026-09-03T05:13:58.461+0000] {processor.py:183} INFO - Processing /opt/airflow/dags/main.py took 0.280 seconds
[2026-09-03T05:14:29.709+0000] {processor.py:161} INFO - Started process (PID=335) to work on /opt/airflow/dags/main.py
[2026-09-03T05:14:29.828+0000] {processor.py:830} INFO - Processing file /opt/airflow/dags/main.py for tasks to queue
[2026-09-03T05:14:30.528+0000] {logging_mixin.py:188} INFO - [2026-09-03T05:14:30.527+0000] {dagbag.py:545} INFO - Filling up the DagBag from /opt/airflow/dags/main.py
[2026-09-03T05:14:32.144+0000] {logging_mixin.py:188} INFO - channel id is not executed
[2026-09-03T05:14:33.652+0000] {logging_mixin.py:188} INFO - [2026-09-03T05:14:32.453+0000] {dagbag.py:355} ERROR - Failed to import: /opt/airflow/dags/main.py
Traceback (most recent call last):
  File "/home/airflow/.local/lib/python3.10/site-packages/airflow/models/dagbag.py", line 351, in parse
    loader.exec_module(new_module)
  File "<frozen importlib._bootstrap_external>", line 883, in exec_module
  File "<frozen importlib._bootstrap>", line 241, in _call_with_frames_removed
  File "/opt/airflow/dags/main.py", line 6, in <module>
    from datawarehouse.dwh import staging_table, core_table
  File "/opt/airflow/dags/datawarehouse/dwh.py", line 1, in <module>
    from datawarehouse.data_loading import load_data
  File "/opt/airflow/dags/datawarehouse/data_loading.py", line 4, in <module>
    logger=logging.getlogger(__name__)
AttributeError: module 'logging' has no attribute 'getlogger'
[2026-09-03T05:14:34.240+0000] {processor.py:842} WARNING - No viable dags retrieved from /opt/airflow/dags/main.py
[2026-09-03T05:14:34.525+0000] {processor.py:183} INFO - Processing /opt/airflow/dags/main.py took 4.843 seconds
[2026-09-03T05:15:04.591+0000] {processor.py:161} INFO - Started process (PID=342) to work on /opt/airflow/dags/main.py
[2026-09-03T05:15:04.594+0000] {processor.py:830} INFO - Processing file /opt/airflow/dags/main.py for tasks to queue
[2026-09-03T05:15:04.598+0000] {logging_mixin.py:188} INFO - [2026-09-03T05:15:04.598+0000] {dagbag.py:545} INFO - Filling up the DagBag from /opt/airflow/dags/main.py
[2026-09-03T05:15:04.679+0000] {logging_mixin.py:188} INFO - channel id is not executed
[2026-09-03T05:15:04.725+0000] {logging_mixin.py:188} INFO - [2026-09-03T05:15:04.710+0000] {dagbag.py:355} ERROR - Failed to import: /opt/airflow/dags/main.py
Traceback (most recent call last):
  File "/home/airflow/.local/lib/python3.10/site-packages/airflow/models/dagbag.py", line 351, in parse
    loader.exec_module(new_module)
  File "<frozen importlib._bootstrap_external>", line 883, in exec_module
  File "<frozen importlib._bootstrap>", line 241, in _call_with_frames_removed
  File "/opt/airflow/dags/main.py", line 6, in <module>
    from datawarehouse.dwh import staging_table, core_table
  File "/opt/airflow/dags/datawarehouse/dwh.py", line 1, in <module>
    from datawarehouse.data_loading import load_data
  File "/opt/airflow/dags/datawarehouse/data_loading.py", line 4, in <module>
    logger=logging.getlogger(__name__)
AttributeError: module 'logging' has no attribute 'getlogger'
[2026-09-03T05:15:04.730+0000] {processor.py:842} WARNING - No viable dags retrieved from /opt/airflow/dags/main.py
[2026-09-03T05:15:04.774+0000] {processor.py:183} INFO - Processing /opt/airflow/dags/main.py took 0.192 seconds
[2026-09-03T05:15:35.615+0000] {processor.py:161} INFO - Started process (PID=349) to work on /opt/airflow/dags/main.py
[2026-09-03T05:15:35.622+0000] {processor.py:830} INFO - Processing file /opt/airflow/dags/main.py for tasks to queue
[2026-09-03T05:15:35.627+0000] {logging_mixin.py:188} INFO - [2026-09-03T05:15:35.626+0000] {dagbag.py:545} INFO - Filling up the DagBag from /opt/airflow/dags/main.py
[2026-09-03T05:15:35.912+0000] {logging_mixin.py:188} INFO - channel id is not executed
[2026-09-03T05:15:35.981+0000] {logging_mixin.py:188} INFO - [2026-09-03T05:15:35.959+0000] {dagbag.py:355} ERROR - Failed to import: /opt/airflow/dags/main.py
Traceback (most recent call last):
  File "/home/airflow/.local/lib/python3.10/site-packages/airflow/models/dagbag.py", line 351, in parse
    loader.exec_module(new_module)
  File "<frozen importlib._bootstrap_external>", line 883, in exec_module
  File "<frozen importlib._bootstrap>", line 241, in _call_with_frames_removed
  File "/opt/airflow/dags/main.py", line 6, in <module>
    from datawarehouse.dwh import staging_table, core_table
  File "/opt/airflow/dags/datawarehouse/dwh.py", line 1, in <module>
    from datawarehouse.data_loading import load_data
  File "/opt/airflow/dags/datawarehouse/data_loading.py", line 4, in <module>
    logger=logging.getlogger(__name__)
AttributeError: module 'logging' has no attribute 'getlogger'
[2026-09-03T05:15:35.986+0000] {processor.py:842} WARNING - No viable dags retrieved from /opt/airflow/dags/main.py
[2026-09-03T05:15:36.052+0000] {processor.py:183} INFO - Processing /opt/airflow/dags/main.py took 0.469 seconds
[2026-09-03T05:16:06.327+0000] {processor.py:161} INFO - Started process (PID=357) to work on /opt/airflow/dags/main.py
[2026-09-03T05:16:06.329+0000] {processor.py:830} INFO - Processing file /opt/airflow/dags/main.py for tasks to queue
[2026-09-03T05:16:06.333+0000] {logging_mixin.py:188} INFO - [2026-09-03T05:16:06.332+0000] {dagbag.py:545} INFO - Filling up the DagBag from /opt/airflow/dags/main.py
[2026-09-03T05:16:06.405+0000] {logging_mixin.py:188} INFO - channel id is not executed
[2026-09-03T05:16:06.485+0000] {logging_mixin.py:188} INFO - [2026-09-03T05:16:06.445+0000] {dagbag.py:355} ERROR - Failed to import: /opt/airflow/dags/main.py
Traceback (most recent call last):
  File "/home/airflow/.local/lib/python3.10/site-packages/airflow/models/dagbag.py", line 351, in parse
    loader.exec_module(new_module)
  File "<frozen importlib._bootstrap_external>", line 883, in exec_module
  File "<frozen importlib._bootstrap>", line 241, in _call_with_frames_removed
  File "/opt/airflow/dags/main.py", line 6, in <module>
    from datawarehouse.dwh import staging_table, core_table
  File "/opt/airflow/dags/datawarehouse/dwh.py", line 1, in <module>
    from datawarehouse.data_loading import load_data
  File "/opt/airflow/dags/datawarehouse/data_loading.py", line 4, in <module>
    logger=logging.getlogger(__name__)
AttributeError: module 'logging' has no attribute 'getlogger'
[2026-09-03T05:16:06.495+0000] {processor.py:842} WARNING - No viable dags retrieved from /opt/airflow/dags/main.py
[2026-09-03T05:16:06.568+0000] {processor.py:183} INFO - Processing /opt/airflow/dags/main.py took 0.251 seconds
[2026-09-03T05:16:38.264+0000] {processor.py:161} INFO - Started process (PID=365) to work on /opt/airflow/dags/main.py
[2026-09-03T05:16:38.274+0000] {processor.py:830} INFO - Processing file /opt/airflow/dags/main.py for tasks to queue
[2026-09-03T05:16:38.281+0000] {logging_mixin.py:188} INFO - [2026-09-03T05:16:38.280+0000] {dagbag.py:545} INFO - Filling up the DagBag from /opt/airflow/dags/main.py
[2026-09-03T05:16:38.615+0000] {logging_mixin.py:188} INFO - channel id is not executed
[2026-09-03T05:16:38.680+0000] {logging_mixin.py:188} INFO - [2026-09-03T05:16:38.653+0000] {dagbag.py:355} ERROR - Failed to import: /opt/airflow/dags/main.py
Traceback (most recent call last):
  File "/home/airflow/.local/lib/python3.10/site-packages/airflow/models/dagbag.py", line 351, in parse
    loader.exec_module(new_module)
  File "<frozen importlib._bootstrap_external>", line 883, in exec_module
  File "<frozen importlib._bootstrap>", line 241, in _call_with_frames_removed
  File "/opt/airflow/dags/main.py", line 6, in <module>
    from datawarehouse.dwh import staging_table, core_table
  File "/opt/airflow/dags/datawarehouse/dwh.py", line 1, in <module>
    from datawarehouse.data_loading import load_data
  File "/opt/airflow/dags/datawarehouse/data_loading.py", line 4, in <module>
    logger=logging.getlogger(__name__)
AttributeError: module 'logging' has no attribute 'getlogger'
[2026-09-03T05:16:38.688+0000] {processor.py:842} WARNING - No viable dags retrieved from /opt/airflow/dags/main.py
[2026-09-03T05:16:38.752+0000] {processor.py:183} INFO - Processing /opt/airflow/dags/main.py took 0.509 seconds
[2026-09-03T05:17:10.086+0000] {processor.py:161} INFO - Started process (PID=372) to work on /opt/airflow/dags/main.py
[2026-09-03T05:17:10.106+0000] {processor.py:830} INFO - Processing file /opt/airflow/dags/main.py for tasks to queue
[2026-09-03T05:17:10.134+0000] {logging_mixin.py:188} INFO - [2026-09-03T05:17:10.124+0000] {dagbag.py:545} INFO - Filling up the DagBag from /opt/airflow/dags/main.py
[2026-09-03T05:17:13.709+0000] {logging_mixin.py:188} INFO - channel id is not executed
[2026-09-03T05:17:18.287+0000] {logging_mixin.py:188} INFO - [2026-09-03T05:17:18.120+0000] {dagbag.py:355} ERROR - Failed to import: /opt/airflow/dags/main.py
Traceback (most recent call last):
  File "/home/airflow/.local/lib/python3.10/site-packages/airflow/models/dagbag.py", line 351, in parse
    loader.exec_module(new_module)
  File "<frozen importlib._bootstrap_external>", line 883, in exec_module
  File "<frozen importlib._bootstrap>", line 241, in _call_with_frames_removed
  File "/opt/airflow/dags/main.py", line 6, in <module>
    from datawarehouse.dwh import staging_table, core_table
  File "/opt/airflow/dags/datawarehouse/dwh.py", line 1, in <module>
    from datawarehouse.data_loading import load_data
  File "/opt/airflow/dags/datawarehouse/data_loading.py", line 5, in <module>
    logger=logging.getlogger(__name__)
AttributeError: module 'logging' has no attribute 'getlogger'
[2026-09-03T05:17:18.320+0000] {processor.py:842} WARNING - No viable dags retrieved from /opt/airflow/dags/main.py
[2026-09-03T05:17:18.383+0000] {processor.py:183} INFO - Processing /opt/airflow/dags/main.py took 8.308 seconds
[2026-09-03T05:17:48.610+0000] {processor.py:161} INFO - Started process (PID=386) to work on /opt/airflow/dags/main.py
[2026-09-03T05:17:48.657+0000] {processor.py:830} INFO - Processing file /opt/airflow/dags/main.py for tasks to queue
[2026-09-03T05:17:48.693+0000] {logging_mixin.py:188} INFO - [2026-09-03T05:17:48.692+0000] {dagbag.py:545} INFO - Filling up the DagBag from /opt/airflow/dags/main.py
[2026-09-03T05:17:48.809+0000] {logging_mixin.py:188} INFO - channel id is not executed
[2026-09-03T05:17:50.617+0000] {logging_mixin.py:188} INFO - [2026-09-03T05:17:49.708+0000] {dagbag.py:355} ERROR - Failed to import: /opt/airflow/dags/main.py
Traceback (most recent call last):
  File "/home/airflow/.local/lib/python3.10/site-packages/airflow/models/dagbag.py", line 351, in parse
    loader.exec_module(new_module)
  File "<frozen importlib._bootstrap_external>", line 883, in exec_module
  File "<frozen importlib._bootstrap>", line 241, in _call_with_frames_removed
  File "/opt/airflow/dags/main.py", line 6, in <module>
    from datawarehouse.dwh import staging_table, core_table
  File "/opt/airflow/dags/datawarehouse/dwh.py", line 3, in <module>
    from datawarehouse.data_modification import insert_rows,update_rows,delete_rows
  File "/opt/airflow/dags/datawarehouse/data_modification.py", line 2, in <module>
    logger=logging.getlogger(__name__)
AttributeError: module 'logging' has no attribute 'getlogger'
[2026-09-03T05:17:50.634+0000] {processor.py:842} WARNING - No viable dags retrieved from /opt/airflow/dags/main.py
[2026-09-03T05:17:50.694+0000] {processor.py:183} INFO - Processing /opt/airflow/dags/main.py took 2.101 seconds
[2026-09-03T05:18:23.386+0000] {processor.py:161} INFO - Started process (PID=393) to work on /opt/airflow/dags/main.py
[2026-09-03T05:18:23.455+0000] {processor.py:830} INFO - Processing file /opt/airflow/dags/main.py for tasks to queue
[2026-09-03T05:18:23.460+0000] {logging_mixin.py:188} INFO - [2026-09-03T05:18:23.459+0000] {dagbag.py:545} INFO - Filling up the DagBag from /opt/airflow/dags/main.py
[2026-09-03T05:18:27.482+0000] {logging_mixin.py:188} INFO - channel id is not executed
[2026-09-03T05:18:34.145+0000] {logging_mixin.py:188} INFO - [2026-09-03T05:18:33.975+0000] {dagbag.py:355} ERROR - Failed to import: /opt/airflow/dags/main.py
Traceback (most recent call last):
  File "/home/airflow/.local/lib/python3.10/site-packages/airflow/models/dagbag.py", line 351, in parse
    loader.exec_module(new_module)
  File "<frozen importlib._bootstrap_external>", line 883, in exec_module
  File "<frozen importlib._bootstrap>", line 241, in _call_with_frames_removed
  File "/opt/airflow/dags/main.py", line 18, in <module>
    update_core=core_table(update_staging)
  File "/home/airflow/.local/lib/python3.10/site-packages/airflow/decorators/base.py", line 372, in __call__
    op = self.operator_class(
  File "/home/airflow/.local/lib/python3.10/site-packages/airflow/models/baseoperator.py", line 485, in apply_defaults
    result = func(self, **kwargs, default_args=default_args)
  File "/home/airflow/.local/lib/python3.10/site-packages/airflow/decorators/python.py", line 52, in __init__
    super().__init__(
  File "/home/airflow/.local/lib/python3.10/site-packages/airflow/models/baseoperator.py", line 485, in apply_defaults
    result = func(self, **kwargs, default_args=default_args)
  File "/home/airflow/.local/lib/python3.10/site-packages/airflow/decorators/base.py", line 253, in __init__
    signature.bind(*op_args, **op_kwargs)
  File "/usr/local/lib/python3.10/inspect.py", line 3186, in bind
    return self._bind(args, kwargs)
  File "/usr/local/lib/python3.10/inspect.py", line 3107, in _bind
    raise TypeError('too many positional arguments') from None
TypeError: too many positional arguments
[2026-09-03T05:18:34.182+0000] {processor.py:842} WARNING - No viable dags retrieved from /opt/airflow/dags/main.py
[2026-09-03T05:18:34.296+0000] {processor.py:183} INFO - Processing /opt/airflow/dags/main.py took 10.906 seconds
[2026-09-03T05:19:06.456+0000] {processor.py:161} INFO - Started process (PID=400) to work on /opt/airflow/dags/main.py
[2026-09-03T05:19:06.486+0000] {processor.py:830} INFO - Processing file /opt/airflow/dags/main.py for tasks to queue
[2026-09-03T05:19:06.506+0000] {logging_mixin.py:188} INFO - [2026-09-03T05:19:06.505+0000] {dagbag.py:545} INFO - Filling up the DagBag from /opt/airflow/dags/main.py
[2026-09-03T05:19:07.055+0000] {logging_mixin.py:188} INFO - channel id is not executed
[2026-09-03T05:19:07.463+0000] {logging_mixin.py:188} INFO - [2026-09-03T05:19:07.409+0000] {dagbag.py:355} ERROR - Failed to import: /opt/airflow/dags/main.py
Traceback (most recent call last):
  File "/home/airflow/.local/lib/python3.10/site-packages/airflow/models/dagbag.py", line 351, in parse
    loader.exec_module(new_module)
  File "<frozen importlib._bootstrap_external>", line 883, in exec_module
  File "<frozen importlib._bootstrap>", line 241, in _call_with_frames_removed
  File "/opt/airflow/dags/main.py", line 18, in <module>
    update_core=core_table(update_staging)
  File "/home/airflow/.local/lib/python3.10/site-packages/airflow/decorators/base.py", line 372, in __call__
    op = self.operator_class(
  File "/home/airflow/.local/lib/python3.10/site-packages/airflow/models/baseoperator.py", line 485, in apply_defaults
    result = func(self, **kwargs, default_args=default_args)
  File "/home/airflow/.local/lib/python3.10/site-packages/airflow/decorators/python.py", line 52, in __init__
    super().__init__(
  File "/home/airflow/.local/lib/python3.10/site-packages/airflow/models/baseoperator.py", line 485, in apply_defaults
    result = func(self, **kwargs, default_args=default_args)
  File "/home/airflow/.local/lib/python3.10/site-packages/airflow/decorators/base.py", line 253, in __init__
    signature.bind(*op_args, **op_kwargs)
  File "/usr/local/lib/python3.10/inspect.py", line 3186, in bind
    return self._bind(args, kwargs)
  File "/usr/local/lib/python3.10/inspect.py", line 3107, in _bind
    raise TypeError('too many positional arguments') from None
TypeError: too many positional arguments
[2026-09-03T05:19:07.480+0000] {processor.py:842} WARNING - No viable dags retrieved from /opt/airflow/dags/main.py
[2026-09-03T05:19:07.579+0000] {processor.py:183} INFO - Processing /opt/airflow/dags/main.py took 1.237 seconds
[2026-09-03T05:19:38.356+0000] {processor.py:161} INFO - Started process (PID=407) to work on /opt/airflow/dags/main.py
[2026-09-03T05:19:38.358+0000] {processor.py:830} INFO - Processing file /opt/airflow/dags/main.py for tasks to queue
[2026-09-03T05:19:38.366+0000] {logging_mixin.py:188} INFO - [2026-09-03T05:19:38.365+0000] {dagbag.py:545} INFO - Filling up the DagBag from /opt/airflow/dags/main.py
[2026-09-03T05:19:38.464+0000] {logging_mixin.py:188} INFO - channel id is not executed
[2026-09-03T05:19:38.583+0000] {logging_mixin.py:188} INFO - [2026-09-03T05:19:38.576+0000] {dagbag.py:355} ERROR - Failed to import: /opt/airflow/dags/main.py
Traceback (most recent call last):
  File "/home/airflow/.local/lib/python3.10/site-packages/airflow/models/dagbag.py", line 351, in parse
    loader.exec_module(new_module)
  File "<frozen importlib._bootstrap_external>", line 883, in exec_module
  File "<frozen importlib._bootstrap>", line 241, in _call_with_frames_removed
  File "/opt/airflow/dags/main.py", line 18, in <module>
    update_core=core_table(update_staging)
  File "/home/airflow/.local/lib/python3.10/site-packages/airflow/decorators/base.py", line 372, in __call__
    op = self.operator_class(
  File "/home/airflow/.local/lib/python3.10/site-packages/airflow/models/baseoperator.py", line 485, in apply_defaults
    result = func(self, **kwargs, default_args=default_args)
  File "/home/airflow/.local/lib/python3.10/site-packages/airflow/decorators/python.py", line 52, in __init__
    super().__init__(
  File "/home/airflow/.local/lib/python3.10/site-packages/airflow/models/baseoperator.py", line 485, in apply_defaults
    result = func(self, **kwargs, default_args=default_args)
  File "/home/airflow/.local/lib/python3.10/site-packages/airflow/decorators/base.py", line 253, in __init__
    signature.bind(*op_args, **op_kwargs)
  File "/usr/local/lib/python3.10/inspect.py", line 3186, in bind
    return self._bind(args, kwargs)
  File "/usr/local/lib/python3.10/inspect.py", line 3107, in _bind
    raise TypeError('too many positional arguments') from None
TypeError: too many positional arguments
[2026-09-03T05:19:38.585+0000] {processor.py:842} WARNING - No viable dags retrieved from /opt/airflow/dags/main.py
[2026-09-03T05:19:38.638+0000] {processor.py:183} INFO - Processing /opt/airflow/dags/main.py took 0.293 seconds
[2026-09-03T05:20:09.214+0000] {processor.py:161} INFO - Started process (PID=414) to work on /opt/airflow/dags/main.py
[2026-09-03T05:20:09.217+0000] {processor.py:830} INFO - Processing file /opt/airflow/dags/main.py for tasks to queue
[2026-09-03T05:20:09.228+0000] {logging_mixin.py:188} INFO - [2026-09-03T05:20:09.227+0000] {dagbag.py:545} INFO - Filling up the DagBag from /opt/airflow/dags/main.py
[2026-09-03T05:20:09.490+0000] {logging_mixin.py:188} INFO - channel id is not executed
[2026-09-03T05:20:11.113+0000] {logging_mixin.py:188} INFO - [2026-09-03T05:20:11.054+0000] {dagbag.py:355} ERROR - Failed to import: /opt/airflow/dags/main.py
Traceback (most recent call last):
  File "/home/airflow/.local/lib/python3.10/site-packages/airflow/models/dagbag.py", line 351, in parse
    loader.exec_module(new_module)
  File "<frozen importlib._bootstrap_external>", line 883, in exec_module
  File "<frozen importlib._bootstrap>", line 241, in _call_with_frames_removed
  File "/opt/airflow/dags/main.py", line 18, in <module>
    update_core=core_table(update_staging)
  File "/home/airflow/.local/lib/python3.10/site-packages/airflow/decorators/base.py", line 372, in __call__
    op = self.operator_class(
  File "/home/airflow/.local/lib/python3.10/site-packages/airflow/models/baseoperator.py", line 485, in apply_defaults
    result = func(self, **kwargs, default_args=default_args)
  File "/home/airflow/.local/lib/python3.10/site-packages/airflow/decorators/python.py", line 52, in __init__
    super().__init__(
  File "/home/airflow/.local/lib/python3.10/site-packages/airflow/models/baseoperator.py", line 485, in apply_defaults
    result = func(self, **kwargs, default_args=default_args)
  File "/home/airflow/.local/lib/python3.10/site-packages/airflow/decorators/base.py", line 253, in __init__
    signature.bind(*op_args, **op_kwargs)
  File "/usr/local/lib/python3.10/inspect.py", line 3186, in bind
    return self._bind(args, kwargs)
  File "/usr/local/lib/python3.10/inspect.py", line 3107, in _bind
    raise TypeError('too many positional arguments') from None
TypeError: too many positional arguments
[2026-09-03T05:20:11.130+0000] {processor.py:842} WARNING - No viable dags retrieved from /opt/airflow/dags/main.py
[2026-09-03T05:20:11.295+0000] {processor.py:183} INFO - Processing /opt/airflow/dags/main.py took 2.100 seconds
[2026-09-03T05:20:42.901+0000] {processor.py:161} INFO - Started process (PID=422) to work on /opt/airflow/dags/main.py
[2026-09-03T05:20:42.916+0000] {processor.py:830} INFO - Processing file /opt/airflow/dags/main.py for tasks to queue
[2026-09-03T05:20:42.957+0000] {logging_mixin.py:188} INFO - [2026-09-03T05:20:42.957+0000] {dagbag.py:545} INFO - Filling up the DagBag from /opt/airflow/dags/main.py
[2026-09-03T05:20:46.278+0000] {logging_mixin.py:188} INFO - channel id is not executed
[2026-09-03T05:20:51.686+0000] {processor.py:840} INFO - DAG(s) 'update_db' retrieved from /opt/airflow/dags/main.py
[2026-09-03T05:20:55.745+0000] {logging_mixin.py:188} INFO - [2026-09-03T05:20:55.744+0000] {override.py:1829} INFO - Created Permission View: can edit on DAG:update_db
[2026-09-03T05:20:55.818+0000] {logging_mixin.py:188} INFO - [2026-09-03T05:20:55.817+0000] {override.py:1829} INFO - Created Permission View: can delete on DAG:update_db
[2026-09-03T05:20:55.869+0000] {logging_mixin.py:188} INFO - [2026-09-03T05:20:55.869+0000] {override.py:1829} INFO - Created Permission View: can read on DAG:update_db
[2026-09-03T05:20:55.908+0000] {logging_mixin.py:188} INFO - [2026-09-03T05:20:55.908+0000] {dag.py:3096} INFO - Sync 1 DAGs
[2026-09-03T05:20:56.018+0000] {logging_mixin.py:188} INFO - [2026-09-03T05:20:56.017+0000] {dag.py:3118} INFO - Creating ORM DAG for update_db
[2026-09-03T05:20:56.137+0000] {logging_mixin.py:188} INFO - [2026-09-03T05:20:56.136+0000] {dag.py:3954} INFO - Setting next_dagrun for update_db to 2026-09-03 14:00:00+00:00, run_after=2026-09-04 14:00:00+00:00
[2026-09-03T05:20:56.453+0000] {processor.py:183} INFO - Processing /opt/airflow/dags/main.py took 13.566 seconds
[2026-09-03T05:21:27.052+0000] {processor.py:161} INFO - Started process (PID=433) to work on /opt/airflow/dags/main.py
[2026-09-03T05:21:27.058+0000] {processor.py:830} INFO - Processing file /opt/airflow/dags/main.py for tasks to queue
[2026-09-03T05:21:27.065+0000] {logging_mixin.py:188} INFO - [2026-09-03T05:21:27.064+0000] {dagbag.py:545} INFO - Filling up the DagBag from /opt/airflow/dags/main.py
[2026-09-03T05:21:27.487+0000] {logging_mixin.py:188} INFO - channel id is not executed
[2026-09-03T05:21:27.845+0000] {processor.py:840} INFO - DAG(s) 'update_db' retrieved from /opt/airflow/dags/main.py
[2026-09-03T05:21:28.296+0000] {logging_mixin.py:188} INFO - [2026-09-03T05:21:28.296+0000] {dag.py:3096} INFO - Sync 1 DAGs
[2026-09-03T05:21:28.371+0000] {logging_mixin.py:188} INFO - [2026-09-03T05:21:28.371+0000] {dag.py:3954} INFO - Setting next_dagrun for update_db to 2026-09-03 14:00:00+00:00, run_after=2026-09-04 14:00:00+00:00
[2026-09-03T05:21:28.450+0000] {processor.py:183} INFO - Processing /opt/airflow/dags/main.py took 1.423 seconds
[2026-09-03T05:22:01.559+0000] {processor.py:161} INFO - Started process (PID=440) to work on /opt/airflow/dags/main.py
[2026-09-03T05:22:01.676+0000] {processor.py:830} INFO - Processing file /opt/airflow/dags/main.py for tasks to queue
[2026-09-03T05:22:01.865+0000] {logging_mixin.py:188} INFO - [2026-09-03T05:22:01.855+0000] {dagbag.py:545} INFO - Filling up the DagBag from /opt/airflow/dags/main.py
[2026-09-03T05:22:04.519+0000] {logging_mixin.py:188} INFO - channel id is not executed
[2026-09-03T05:22:05.119+0000] {processor.py:840} INFO - DAG(s) 'update_db' retrieved from /opt/airflow/dags/main.py
[2026-09-03T05:22:10.074+0000] {logging_mixin.py:188} INFO - [2026-09-03T05:22:10.074+0000] {dag.py:3096} INFO - Sync 1 DAGs
[2026-09-03T05:22:10.166+0000] {logging_mixin.py:188} INFO - [2026-09-03T05:22:10.166+0000] {dag.py:3954} INFO - Setting next_dagrun for update_db to 2026-09-03 14:00:00+00:00, run_after=2026-09-04 14:00:00+00:00
[2026-09-03T05:22:10.247+0000] {processor.py:183} INFO - Processing /opt/airflow/dags/main.py took 9.054 seconds
[2026-09-03T05:22:40.663+0000] {processor.py:161} INFO - Started process (PID=447) to work on /opt/airflow/dags/main.py
[2026-09-03T05:22:40.666+0000] {processor.py:830} INFO - Processing file /opt/airflow/dags/main.py for tasks to queue
[2026-09-03T05:22:40.670+0000] {logging_mixin.py:188} INFO - [2026-09-03T05:22:40.669+0000] {dagbag.py:545} INFO - Filling up the DagBag from /opt/airflow/dags/main.py
[2026-09-03T05:22:40.766+0000] {logging_mixin.py:188} INFO - channel id is not executed
[2026-09-03T05:22:41.027+0000] {processor.py:840} INFO - DAG(s) 'update_db' retrieved from /opt/airflow/dags/main.py
[2026-09-03T05:22:41.444+0000] {logging_mixin.py:188} INFO - [2026-09-03T05:22:41.443+0000] {dag.py:3096} INFO - Sync 1 DAGs
[2026-09-03T05:22:41.527+0000] {logging_mixin.py:188} INFO - [2026-09-03T05:22:41.526+0000] {dag.py:3954} INFO - Setting next_dagrun for update_db to 2026-09-03 14:00:00+00:00, run_after=2026-09-04 14:00:00+00:00
[2026-09-03T05:22:41.611+0000] {processor.py:183} INFO - Processing /opt/airflow/dags/main.py took 0.957 seconds
[2026-09-03T05:23:14.044+0000] {processor.py:161} INFO - Started process (PID=454) to work on /opt/airflow/dags/main.py
[2026-09-03T05:23:14.056+0000] {processor.py:830} INFO - Processing file /opt/airflow/dags/main.py for tasks to queue
[2026-09-03T05:23:14.061+0000] {logging_mixin.py:188} INFO - [2026-09-03T05:23:14.060+0000] {dagbag.py:545} INFO - Filling up the DagBag from /opt/airflow/dags/main.py
[2026-09-03T05:23:14.192+0000] {logging_mixin.py:188} INFO - channel id is not executed
[2026-09-03T05:23:14.404+0000] {processor.py:840} INFO - DAG(s) 'update_db' retrieved from /opt/airflow/dags/main.py
[2026-09-03T05:23:14.769+0000] {logging_mixin.py:188} INFO - [2026-09-03T05:23:14.769+0000] {dag.py:3096} INFO - Sync 1 DAGs
[2026-09-03T05:23:14.961+0000] {logging_mixin.py:188} INFO - [2026-09-03T05:23:14.960+0000] {dag.py:3954} INFO - Setting next_dagrun for update_db to 2026-09-03 14:00:00+00:00, run_after=2026-09-04 14:00:00+00:00
[2026-09-03T05:23:15.086+0000] {processor.py:183} INFO - Processing /opt/airflow/dags/main.py took 1.063 seconds
[2026-09-03T05:23:46.312+0000] {processor.py:161} INFO - Started process (PID=462) to work on /opt/airflow/dags/main.py
[2026-09-03T05:23:46.339+0000] {processor.py:830} INFO - Processing file /opt/airflow/dags/main.py for tasks to queue
[2026-09-03T05:23:46.372+0000] {logging_mixin.py:188} INFO - [2026-09-03T05:23:46.371+0000] {dagbag.py:545} INFO - Filling up the DagBag from /opt/airflow/dags/main.py
[2026-09-03T05:23:49.000+0000] {logging_mixin.py:188} INFO - channel id is not executed
[2026-09-03T05:23:50.368+0000] {processor.py:840} INFO - DAG(s) 'update_db' retrieved from /opt/airflow/dags/main.py
[2026-09-03T05:23:52.490+0000] {logging_mixin.py:188} INFO - [2026-09-03T05:23:52.490+0000] {dag.py:3096} INFO - Sync 1 DAGs
[2026-09-03T05:23:52.748+0000] {logging_mixin.py:188} INFO - [2026-09-03T05:23:52.747+0000] {dag.py:3954} INFO - Setting next_dagrun for update_db to 2026-09-03 14:00:00+00:00, run_after=2026-09-04 14:00:00+00:00
[2026-09-03T05:23:52.979+0000] {processor.py:183} INFO - Processing /opt/airflow/dags/main.py took 6.931 seconds
[2026-09-03T05:24:23.670+0000] {processor.py:161} INFO - Started process (PID=475) to work on /opt/airflow/dags/main.py
[2026-09-03T05:24:23.679+0000] {processor.py:830} INFO - Processing file /opt/airflow/dags/main.py for tasks to queue
[2026-09-03T05:24:23.687+0000] {logging_mixin.py:188} INFO - [2026-09-03T05:24:23.685+0000] {dagbag.py:545} INFO - Filling up the DagBag from /opt/airflow/dags/main.py
[2026-09-03T05:24:23.785+0000] {logging_mixin.py:188} INFO - channel id is not executed
[2026-09-03T05:24:24.046+0000] {processor.py:840} INFO - DAG(s) 'update_db' retrieved from /opt/airflow/dags/main.py
[2026-09-03T05:24:24.707+0000] {logging_mixin.py:188} INFO - [2026-09-03T05:24:24.706+0000] {dag.py:3096} INFO - Sync 1 DAGs
[2026-09-03T05:24:24.847+0000] {logging_mixin.py:188} INFO - [2026-09-03T05:24:24.839+0000] {dag.py:3954} INFO - Setting next_dagrun for update_db to 2026-09-03 14:00:00+00:00, run_after=2026-09-04 14:00:00+00:00
[2026-09-03T05:24:24.888+0000] {processor.py:183} INFO - Processing /opt/airflow/dags/main.py took 1.245 seconds
[2026-09-03T05:24:55.832+0000] {processor.py:161} INFO - Started process (PID=481) to work on /opt/airflow/dags/main.py
[2026-09-03T05:24:55.835+0000] {processor.py:830} INFO - Processing file /opt/airflow/dags/main.py for tasks to queue
[2026-09-03T05:24:55.848+0000] {logging_mixin.py:188} INFO - [2026-09-03T05:24:55.847+0000] {dagbag.py:545} INFO - Filling up the DagBag from /opt/airflow/dags/main.py
[2026-09-03T05:24:55.955+0000] {logging_mixin.py:188} INFO - channel id is not executed
[2026-09-03T05:24:56.326+0000] {processor.py:840} INFO - DAG(s) 'update_db' retrieved from /opt/airflow/dags/main.py
[2026-09-03T05:24:56.640+0000] {logging_mixin.py:188} INFO - [2026-09-03T05:24:56.639+0000] {dag.py:3096} INFO - Sync 1 DAGs
[2026-09-03T05:24:56.725+0000] {logging_mixin.py:188} INFO - [2026-09-03T05:24:56.725+0000] {dag.py:3954} INFO - Setting next_dagrun for update_db to 2026-09-03 14:00:00+00:00, run_after=2026-09-04 14:00:00+00:00
[2026-09-03T05:24:56.860+0000] {processor.py:183} INFO - Processing /opt/airflow/dags/main.py took 1.048 seconds
[2026-09-03T05:25:27.415+0000] {processor.py:161} INFO - Started process (PID=488) to work on /opt/airflow/dags/main.py
[2026-09-03T05:25:27.418+0000] {processor.py:830} INFO - Processing file /opt/airflow/dags/main.py for tasks to queue
[2026-09-03T05:25:27.424+0000] {logging_mixin.py:188} INFO - [2026-09-03T05:25:27.424+0000] {dagbag.py:545} INFO - Filling up the DagBag from /opt/airflow/dags/main.py
[2026-09-03T05:25:27.550+0000] {logging_mixin.py:188} INFO - channel id is not executed
[2026-09-03T05:25:27.658+0000] {processor.py:840} INFO - DAG(s) 'update_db' retrieved from /opt/airflow/dags/main.py
[2026-09-03T05:25:27.873+0000] {logging_mixin.py:188} INFO - [2026-09-03T05:25:27.872+0000] {dag.py:3096} INFO - Sync 1 DAGs
[2026-09-03T05:25:27.944+0000] {logging_mixin.py:188} INFO - [2026-09-03T05:25:27.944+0000] {dag.py:3954} INFO - Setting next_dagrun for update_db to 2026-09-03 14:00:00+00:00, run_after=2026-09-04 14:00:00+00:00
[2026-09-03T05:25:28.036+0000] {processor.py:183} INFO - Processing /opt/airflow/dags/main.py took 0.637 seconds
[2026-09-03T05:25:59.100+0000] {processor.py:161} INFO - Started process (PID=495) to work on /opt/airflow/dags/main.py
[2026-09-03T05:25:59.102+0000] {processor.py:830} INFO - Processing file /opt/airflow/dags/main.py for tasks to queue
[2026-09-03T05:25:59.124+0000] {logging_mixin.py:188} INFO - [2026-09-03T05:25:59.124+0000] {dagbag.py:545} INFO - Filling up the DagBag from /opt/airflow/dags/main.py
[2026-09-03T05:25:59.528+0000] {logging_mixin.py:188} INFO - channel id is not executed
[2026-09-03T05:25:59.734+0000] {processor.py:840} INFO - DAG(s) 'update_db' retrieved from /opt/airflow/dags/main.py
[2026-09-03T05:26:00.061+0000] {logging_mixin.py:188} INFO - [2026-09-03T05:26:00.061+0000] {dag.py:3096} INFO - Sync 1 DAGs
[2026-09-03T05:26:00.143+0000] {logging_mixin.py:188} INFO - [2026-09-03T05:26:00.142+0000] {dag.py:3954} INFO - Setting next_dagrun for update_db to 2026-09-03 14:00:00+00:00, run_after=2026-09-04 14:00:00+00:00
[2026-09-03T05:26:00.334+0000] {processor.py:183} INFO - Processing /opt/airflow/dags/main.py took 1.469 seconds
[2026-09-03T05:26:30.571+0000] {processor.py:161} INFO - Started process (PID=502) to work on /opt/airflow/dags/main.py
[2026-09-03T05:26:30.573+0000] {processor.py:830} INFO - Processing file /opt/airflow/dags/main.py for tasks to queue
[2026-09-03T05:26:30.577+0000] {logging_mixin.py:188} INFO - [2026-09-03T05:26:30.576+0000] {dagbag.py:545} INFO - Filling up the DagBag from /opt/airflow/dags/main.py
[2026-09-03T05:26:30.901+0000] {logging_mixin.py:188} INFO - channel id is not executed
[2026-09-03T05:26:31.596+0000] {processor.py:840} INFO - DAG(s) 'update_db' retrieved from /opt/airflow/dags/main.py
[2026-09-03T05:26:31.799+0000] {logging_mixin.py:188} INFO - [2026-09-03T05:26:31.799+0000] {dag.py:3096} INFO - Sync 1 DAGs
[2026-09-03T05:26:31.838+0000] {logging_mixin.py:188} INFO - [2026-09-03T05:26:31.838+0000] {dag.py:3954} INFO - Setting next_dagrun for update_db to 2026-09-03 14:00:00+00:00, run_after=2026-09-04 14:00:00+00:00
[2026-09-03T05:26:31.886+0000] {processor.py:183} INFO - Processing /opt/airflow/dags/main.py took 1.325 seconds
[2026-09-03T05:27:02.411+0000] {processor.py:161} INFO - Started process (PID=508) to work on /opt/airflow/dags/main.py
[2026-09-03T05:27:02.415+0000] {processor.py:830} INFO - Processing file /opt/airflow/dags/main.py for tasks to queue
[2026-09-03T05:27:02.422+0000] {logging_mixin.py:188} INFO - [2026-09-03T05:27:02.421+0000] {dagbag.py:545} INFO - Filling up the DagBag from /opt/airflow/dags/main.py
[2026-09-03T05:27:02.747+0000] {logging_mixin.py:188} INFO - channel id is not executed
[2026-09-03T05:27:02.987+0000] {processor.py:840} INFO - DAG(s) 'update_db' retrieved from /opt/airflow/dags/main.py
[2026-09-03T05:27:04.396+0000] {logging_mixin.py:188} INFO - [2026-09-03T05:27:04.396+0000] {dag.py:3096} INFO - Sync 1 DAGs
[2026-09-03T05:27:04.720+0000] {logging_mixin.py:188} INFO - [2026-09-03T05:27:04.712+0000] {dag.py:3954} INFO - Setting next_dagrun for update_db to 2026-09-03 14:00:00+00:00, run_after=2026-09-04 14:00:00+00:00
[2026-09-03T05:27:05.124+0000] {processor.py:183} INFO - Processing /opt/airflow/dags/main.py took 2.725 seconds
[2026-09-03T05:27:36.107+0000] {processor.py:161} INFO - Started process (PID=516) to work on /opt/airflow/dags/main.py
[2026-09-03T05:27:36.110+0000] {processor.py:830} INFO - Processing file /opt/airflow/dags/main.py for tasks to queue
[2026-09-03T05:27:36.115+0000] {logging_mixin.py:188} INFO - [2026-09-03T05:27:36.114+0000] {dagbag.py:545} INFO - Filling up the DagBag from /opt/airflow/dags/main.py
[2026-09-03T05:27:36.212+0000] {logging_mixin.py:188} INFO - channel id is not executed
[2026-09-03T05:27:36.378+0000] {processor.py:840} INFO - DAG(s) 'update_db' retrieved from /opt/airflow/dags/main.py
[2026-09-03T05:27:36.607+0000] {logging_mixin.py:188} INFO - [2026-09-03T05:27:36.606+0000] {dag.py:3096} INFO - Sync 1 DAGs
[2026-09-03T05:27:36.675+0000] {logging_mixin.py:188} INFO - [2026-09-03T05:27:36.674+0000] {dag.py:3954} INFO - Setting next_dagrun for update_db to 2026-09-03 14:00:00+00:00, run_after=2026-09-04 14:00:00+00:00
[2026-09-03T05:27:36.771+0000] {processor.py:183} INFO - Processing /opt/airflow/dags/main.py took 0.673 seconds
[2026-09-03T05:28:07.335+0000] {processor.py:161} INFO - Started process (PID=523) to work on /opt/airflow/dags/main.py
[2026-09-03T05:28:07.337+0000] {processor.py:830} INFO - Processing file /opt/airflow/dags/main.py for tasks to queue
[2026-09-03T05:28:07.340+0000] {logging_mixin.py:188} INFO - [2026-09-03T05:28:07.340+0000] {dagbag.py:545} INFO - Filling up the DagBag from /opt/airflow/dags/main.py
[2026-09-03T05:28:07.414+0000] {logging_mixin.py:188} INFO - channel id is not executed
[2026-09-03T05:28:07.501+0000] {processor.py:840} INFO - DAG(s) 'update_db' retrieved from /opt/airflow/dags/main.py
[2026-09-03T05:28:07.702+0000] {logging_mixin.py:188} INFO - [2026-09-03T05:28:07.702+0000] {dag.py:3096} INFO - Sync 1 DAGs
[2026-09-03T05:28:07.752+0000] {logging_mixin.py:188} INFO - [2026-09-03T05:28:07.751+0000] {dag.py:3954} INFO - Setting next_dagrun for update_db to 2026-09-03 14:00:00+00:00, run_after=2026-09-04 14:00:00+00:00
[2026-09-03T05:28:07.910+0000] {processor.py:183} INFO - Processing /opt/airflow/dags/main.py took 0.584 seconds
[2026-09-03T05:28:38.252+0000] {processor.py:161} INFO - Started process (PID=530) to work on /opt/airflow/dags/main.py
[2026-09-03T05:28:38.255+0000] {processor.py:830} INFO - Processing file /opt/airflow/dags/main.py for tasks to queue
[2026-09-03T05:28:38.260+0000] {logging_mixin.py:188} INFO - [2026-09-03T05:28:38.259+0000] {dagbag.py:545} INFO - Filling up the DagBag from /opt/airflow/dags/main.py
[2026-09-03T05:28:38.332+0000] {logging_mixin.py:188} INFO - channel id is not executed
[2026-09-03T05:28:38.425+0000] {processor.py:840} INFO - DAG(s) 'update_db' retrieved from /opt/airflow/dags/main.py
[2026-09-03T05:28:38.735+0000] {logging_mixin.py:188} INFO - [2026-09-03T05:28:38.734+0000] {dag.py:3096} INFO - Sync 1 DAGs
[2026-09-03T05:28:38.805+0000] {logging_mixin.py:188} INFO - [2026-09-03T05:28:38.804+0000] {dag.py:3954} INFO - Setting next_dagrun for update_db to 2026-09-03 14:00:00+00:00, run_after=2026-09-04 14:00:00+00:00
[2026-09-03T05:28:38.919+0000] {processor.py:183} INFO - Processing /opt/airflow/dags/main.py took 0.680 seconds
[2026-09-03T05:29:09.580+0000] {processor.py:161} INFO - Started process (PID=536) to work on /opt/airflow/dags/main.py
[2026-09-03T05:29:09.582+0000] {processor.py:830} INFO - Processing file /opt/airflow/dags/main.py for tasks to queue
[2026-09-03T05:29:09.586+0000] {logging_mixin.py:188} INFO - [2026-09-03T05:29:09.586+0000] {dagbag.py:545} INFO - Filling up the DagBag from /opt/airflow/dags/main.py
[2026-09-03T05:29:09.708+0000] {logging_mixin.py:188} INFO - channel id is not executed
[2026-09-03T05:29:09.999+0000] {processor.py:840} INFO - DAG(s) 'update_db' retrieved from /opt/airflow/dags/main.py
[2026-09-03T05:29:10.626+0000] {logging_mixin.py:188} INFO - [2026-09-03T05:29:10.625+0000] {dag.py:3096} INFO - Sync 1 DAGs
[2026-09-03T05:29:10.705+0000] {logging_mixin.py:188} INFO - [2026-09-03T05:29:10.704+0000] {dag.py:3954} INFO - Setting next_dagrun for update_db to 2026-09-03 14:00:00+00:00, run_after=2026-09-04 14:00:00+00:00
[2026-09-03T05:29:10.751+0000] {processor.py:183} INFO - Processing /opt/airflow/dags/main.py took 1.183 seconds
[2026-09-03T05:29:42.129+0000] {processor.py:161} INFO - Started process (PID=543) to work on /opt/airflow/dags/main.py
[2026-09-03T05:29:42.144+0000] {processor.py:830} INFO - Processing file /opt/airflow/dags/main.py for tasks to queue
[2026-09-03T05:29:42.169+0000] {logging_mixin.py:188} INFO - [2026-09-03T05:29:42.168+0000] {dagbag.py:545} INFO - Filling up the DagBag from /opt/airflow/dags/main.py
[2026-09-03T05:29:44.628+0000] {logging_mixin.py:188} INFO - channel id is not executed
[2026-09-03T05:29:50.512+0000] {processor.py:840} INFO - DAG(s) 'update_db' retrieved from /opt/airflow/dags/main.py
[2026-09-03T05:29:51.323+0000] {logging_mixin.py:188} INFO - [2026-09-03T05:29:51.322+0000] {dag.py:3096} INFO - Sync 1 DAGs
[2026-09-03T05:29:51.433+0000] {logging_mixin.py:188} INFO - [2026-09-03T05:29:51.433+0000] {dag.py:3954} INFO - Setting next_dagrun for update_db to 2026-09-03 14:00:00+00:00, run_after=2026-09-04 14:00:00+00:00
[2026-09-03T05:29:51.578+0000] {processor.py:183} INFO - Processing /opt/airflow/dags/main.py took 9.467 seconds
[2026-09-03T05:30:22.195+0000] {processor.py:161} INFO - Started process (PID=551) to work on /opt/airflow/dags/main.py
[2026-09-03T05:30:22.198+0000] {processor.py:830} INFO - Processing file /opt/airflow/dags/main.py for tasks to queue
[2026-09-03T05:30:22.202+0000] {logging_mixin.py:188} INFO - [2026-09-03T05:30:22.201+0000] {dagbag.py:545} INFO - Filling up the DagBag from /opt/airflow/dags/main.py
[2026-09-03T05:30:22.304+0000] {logging_mixin.py:188} INFO - channel id is not executed
[2026-09-03T05:30:22.521+0000] {processor.py:840} INFO - DAG(s) 'update_db' retrieved from /opt/airflow/dags/main.py
[2026-09-03T05:30:22.786+0000] {logging_mixin.py:188} INFO - [2026-09-03T05:30:22.786+0000] {dag.py:3096} INFO - Sync 1 DAGs
[2026-09-03T05:30:22.911+0000] {logging_mixin.py:188} INFO - [2026-09-03T05:30:22.911+0000] {dag.py:3954} INFO - Setting next_dagrun for update_db to 2026-09-03 14:00:00+00:00, run_after=2026-09-04 14:00:00+00:00
[2026-09-03T05:30:23.092+0000] {processor.py:183} INFO - Processing /opt/airflow/dags/main.py took 0.907 seconds
[2026-09-03T05:30:54.895+0000] {processor.py:161} INFO - Started process (PID=558) to work on /opt/airflow/dags/main.py
[2026-09-03T05:30:54.909+0000] {processor.py:830} INFO - Processing file /opt/airflow/dags/main.py for tasks to queue
[2026-09-03T05:30:54.914+0000] {logging_mixin.py:188} INFO - [2026-09-03T05:30:54.914+0000] {dagbag.py:545} INFO - Filling up the DagBag from /opt/airflow/dags/main.py
[2026-09-03T05:30:55.126+0000] {logging_mixin.py:188} INFO - channel id is not executed
[2026-09-03T05:30:55.748+0000] {processor.py:840} INFO - DAG(s) 'update_db' retrieved from /opt/airflow/dags/main.py
[2026-09-03T05:30:56.180+0000] {logging_mixin.py:188} INFO - [2026-09-03T05:30:56.180+0000] {dag.py:3096} INFO - Sync 1 DAGs
[2026-09-03T05:30:56.266+0000] {logging_mixin.py:188} INFO - [2026-09-03T05:30:56.265+0000] {dag.py:3954} INFO - Setting next_dagrun for update_db to 2026-09-03 14:00:00+00:00, run_after=2026-09-04 14:00:00+00:00
[2026-09-03T05:30:56.370+0000] {processor.py:183} INFO - Processing /opt/airflow/dags/main.py took 1.470 seconds
[2026-09-03T05:31:27.092+0000] {processor.py:161} INFO - Started process (PID=572) to work on /opt/airflow/dags/main.py
[2026-09-03T05:31:27.095+0000] {processor.py:830} INFO - Processing file /opt/airflow/dags/main.py for tasks to queue
[2026-09-03T05:31:27.106+0000] {logging_mixin.py:188} INFO - [2026-09-03T05:31:27.105+0000] {dagbag.py:545} INFO - Filling up the DagBag from /opt/airflow/dags/main.py
[2026-09-03T05:31:27.349+0000] {logging_mixin.py:188} INFO - channel id is not executed
[2026-09-03T05:31:27.463+0000] {processor.py:840} INFO - DAG(s) 'update_db' retrieved from /opt/airflow/dags/main.py
[2026-09-03T05:31:33.594+0000] {logging_mixin.py:188} INFO - [2026-09-03T05:31:33.593+0000] {dag.py:3096} INFO - Sync 1 DAGs
[2026-09-03T05:31:36.178+0000] {logging_mixin.py:188} INFO - [2026-09-03T05:31:36.177+0000] {dag.py:3954} INFO - Setting next_dagrun for update_db to 2026-09-03 14:00:00+00:00, run_after=2026-09-04 14:00:00+00:00
[2026-09-03T05:31:36.645+0000] {processor.py:183} INFO - Processing /opt/airflow/dags/main.py took 9.573 seconds
[2026-09-03T05:32:07.581+0000] {processor.py:161} INFO - Started process (PID=579) to work on /opt/airflow/dags/main.py
[2026-09-03T05:32:07.613+0000] {processor.py:830} INFO - Processing file /opt/airflow/dags/main.py for tasks to queue
[2026-09-03T05:32:07.637+0000] {logging_mixin.py:188} INFO - [2026-09-03T05:32:07.636+0000] {dagbag.py:545} INFO - Filling up the DagBag from /opt/airflow/dags/main.py
[2026-09-03T05:32:07.836+0000] {logging_mixin.py:188} INFO - channel id is not executed
[2026-09-03T05:32:07.956+0000] {processor.py:840} INFO - DAG(s) 'update_db' retrieved from /opt/airflow/dags/main.py
[2026-09-03T05:32:08.787+0000] {logging_mixin.py:188} INFO - [2026-09-03T05:32:08.786+0000] {dag.py:3096} INFO - Sync 1 DAGs
[2026-09-03T05:32:08.958+0000] {logging_mixin.py:188} INFO - [2026-09-03T05:32:08.958+0000] {dag.py:3954} INFO - Setting next_dagrun for update_db to 2026-09-03 14:00:00+00:00, run_after=2026-09-04 14:00:00+00:00
[2026-09-03T05:32:09.053+0000] {processor.py:183} INFO - Processing /opt/airflow/dags/main.py took 1.635 seconds
[2026-09-03T05:32:40.481+0000] {processor.py:161} INFO - Started process (PID=586) to work on /opt/airflow/dags/main.py
[2026-09-03T05:32:40.683+0000] {processor.py:830} INFO - Processing file /opt/airflow/dags/main.py for tasks to queue
[2026-09-03T05:32:40.760+0000] {logging_mixin.py:188} INFO - [2026-09-03T05:32:40.760+0000] {dagbag.py:545} INFO - Filling up the DagBag from /opt/airflow/dags/main.py
[2026-09-03T05:32:42.738+0000] {logging_mixin.py:188} INFO - channel id is not executed
[2026-09-03T05:32:44.402+0000] {logging_mixin.py:188} INFO - [2026-09-03T05:32:44.264+0000] {dagbag.py:355} ERROR - Failed to import: /opt/airflow/dags/main.py
Traceback (most recent call last):
  File "/home/airflow/.local/lib/python3.10/site-packages/airflow/models/dagbag.py", line 351, in parse
    loader.exec_module(new_module)
  File "<frozen importlib._bootstrap_external>", line 883, in exec_module
  File "<frozen importlib._bootstrap>", line 241, in _call_with_frames_removed
  File "/opt/airflow/dags/main.py", line 6, in <module>
    from datawarehouse.dwh import staging_table, core_table
  File "/opt/airflow/dags/datawarehouse/dwh.py", line 82
    logger.error(f'error while update of{schema}.{table:')
                                                         ^
SyntaxError: f-string: expecting '}'
[2026-09-03T05:32:44.447+0000] {processor.py:842} WARNING - No viable dags retrieved from /opt/airflow/dags/main.py
[2026-09-03T05:32:44.945+0000] {processor.py:183} INFO - Processing /opt/airflow/dags/main.py took 4.488 seconds
[2026-09-03T05:33:15.561+0000] {processor.py:161} INFO - Started process (PID=592) to work on /opt/airflow/dags/main.py
[2026-09-03T05:33:15.566+0000] {processor.py:830} INFO - Processing file /opt/airflow/dags/main.py for tasks to queue
[2026-09-03T05:33:15.577+0000] {logging_mixin.py:188} INFO - [2026-09-03T05:33:15.577+0000] {dagbag.py:545} INFO - Filling up the DagBag from /opt/airflow/dags/main.py
[2026-09-03T05:33:16.856+0000] {logging_mixin.py:188} INFO - channel id is not executed
[2026-09-03T05:33:18.559+0000] {processor.py:840} INFO - DAG(s) 'update_db' retrieved from /opt/airflow/dags/main.py
[2026-09-03T05:33:19.636+0000] {logging_mixin.py:188} INFO - [2026-09-03T05:33:19.635+0000] {dag.py:3096} INFO - Sync 1 DAGs
[2026-09-03T05:33:19.846+0000] {logging_mixin.py:188} INFO - [2026-09-03T05:33:19.845+0000] {dag.py:3954} INFO - Setting next_dagrun for update_db to 2026-09-03 14:00:00+00:00, run_after=2026-09-04 14:00:00+00:00
[2026-09-03T05:33:20.019+0000] {processor.py:183} INFO - Processing /opt/airflow/dags/main.py took 4.470 seconds
[2026-09-03T05:33:50.970+0000] {processor.py:161} INFO - Started process (PID=598) to work on /opt/airflow/dags/main.py
[2026-09-03T05:33:50.973+0000] {processor.py:830} INFO - Processing file /opt/airflow/dags/main.py for tasks to queue
[2026-09-03T05:33:50.988+0000] {logging_mixin.py:188} INFO - [2026-09-03T05:33:50.983+0000] {dagbag.py:545} INFO - Filling up the DagBag from /opt/airflow/dags/main.py
[2026-09-03T05:33:51.112+0000] {logging_mixin.py:188} INFO - channel id is not executed
[2026-09-03T05:33:51.242+0000] {processor.py:840} INFO - DAG(s) 'update_db' retrieved from /opt/airflow/dags/main.py
[2026-09-03T05:33:51.551+0000] {logging_mixin.py:188} INFO - [2026-09-03T05:33:51.547+0000] {dag.py:3096} INFO - Sync 1 DAGs
[2026-09-03T05:33:51.617+0000] {logging_mixin.py:188} INFO - [2026-09-03T05:33:51.616+0000] {dag.py:3954} INFO - Setting next_dagrun for update_db to 2026-09-03 14:00:00+00:00, run_after=2026-09-04 14:00:00+00:00
[2026-09-03T05:33:51.913+0000] {processor.py:183} INFO - Processing /opt/airflow/dags/main.py took 0.964 seconds
[2026-09-03T05:34:22.275+0000] {processor.py:161} INFO - Started process (PID=605) to work on /opt/airflow/dags/main.py
[2026-09-03T05:34:22.278+0000] {processor.py:830} INFO - Processing file /opt/airflow/dags/main.py for tasks to queue
[2026-09-03T05:34:22.291+0000] {logging_mixin.py:188} INFO - [2026-09-03T05:34:22.290+0000] {dagbag.py:545} INFO - Filling up the DagBag from /opt/airflow/dags/main.py
[2026-09-03T05:34:22.388+0000] {logging_mixin.py:188} INFO - channel id is not executed
[2026-09-03T05:34:22.731+0000] {processor.py:840} INFO - DAG(s) 'update_db' retrieved from /opt/airflow/dags/main.py
[2026-09-03T05:34:23.088+0000] {logging_mixin.py:188} INFO - [2026-09-03T05:34:23.088+0000] {dag.py:3096} INFO - Sync 1 DAGs
[2026-09-03T05:34:23.139+0000] {logging_mixin.py:188} INFO - [2026-09-03T05:34:23.138+0000] {dag.py:3954} INFO - Setting next_dagrun for update_db to 2026-09-03 14:00:00+00:00, run_after=2026-09-04 14:00:00+00:00
[2026-09-03T05:34:23.252+0000] {processor.py:183} INFO - Processing /opt/airflow/dags/main.py took 0.987 seconds
[2026-09-03T05:34:55.731+0000] {processor.py:161} INFO - Started process (PID=611) to work on /opt/airflow/dags/main.py
[2026-09-03T05:34:55.749+0000] {processor.py:830} INFO - Processing file /opt/airflow/dags/main.py for tasks to queue
[2026-09-03T05:34:55.769+0000] {logging_mixin.py:188} INFO - [2026-09-03T05:34:55.768+0000] {dagbag.py:545} INFO - Filling up the DagBag from /opt/airflow/dags/main.py
[2026-09-03T05:34:58.771+0000] {logging_mixin.py:188} INFO - channel id is not executed
[2026-09-03T05:35:00.651+0000] {processor.py:840} INFO - DAG(s) 'update_db' retrieved from /opt/airflow/dags/main.py
[2026-09-03T05:35:01.412+0000] {logging_mixin.py:188} INFO - [2026-09-03T05:35:01.412+0000] {dag.py:3096} INFO - Sync 1 DAGs
[2026-09-03T05:35:01.512+0000] {logging_mixin.py:188} INFO - [2026-09-03T05:35:01.512+0000] {dag.py:3954} INFO - Setting next_dagrun for update_db to 2026-09-03 14:00:00+00:00, run_after=2026-09-04 14:00:00+00:00
[2026-09-03T05:35:01.729+0000] {processor.py:183} INFO - Processing /opt/airflow/dags/main.py took 6.021 seconds
[2026-09-03T05:35:34.056+0000] {processor.py:161} INFO - Started process (PID=624) to work on /opt/airflow/dags/main.py
[2026-09-03T05:35:34.103+0000] {processor.py:830} INFO - Processing file /opt/airflow/dags/main.py for tasks to queue
[2026-09-03T05:35:34.113+0000] {logging_mixin.py:188} INFO - [2026-09-03T05:35:34.112+0000] {dagbag.py:545} INFO - Filling up the DagBag from /opt/airflow/dags/main.py
[2026-09-03T05:35:34.447+0000] {logging_mixin.py:188} INFO - channel id is not executed
[2026-09-03T05:35:35.433+0000] {processor.py:840} INFO - DAG(s) 'update_db' retrieved from /opt/airflow/dags/main.py
[2026-09-03T05:35:37.507+0000] {logging_mixin.py:188} INFO - [2026-09-03T05:35:37.507+0000] {dag.py:3096} INFO - Sync 1 DAGs
[2026-09-03T05:35:37.618+0000] {logging_mixin.py:188} INFO - [2026-09-03T05:35:37.617+0000] {dag.py:3954} INFO - Setting next_dagrun for update_db to 2026-09-03 14:00:00+00:00, run_after=2026-09-04 14:00:00+00:00
[2026-09-03T05:35:37.746+0000] {processor.py:183} INFO - Processing /opt/airflow/dags/main.py took 4.461 seconds
[2026-09-03T05:36:08.462+0000] {processor.py:161} INFO - Started process (PID=632) to work on /opt/airflow/dags/main.py
[2026-09-03T05:36:08.464+0000] {processor.py:830} INFO - Processing file /opt/airflow/dags/main.py for tasks to queue
[2026-09-03T05:36:08.468+0000] {logging_mixin.py:188} INFO - [2026-09-03T05:36:08.467+0000] {dagbag.py:545} INFO - Filling up the DagBag from /opt/airflow/dags/main.py
[2026-09-03T05:36:08.691+0000] {logging_mixin.py:188} INFO - channel id is not executed
[2026-09-03T05:36:09.008+0000] {processor.py:840} INFO - DAG(s) 'update_db' retrieved from /opt/airflow/dags/main.py
[2026-09-03T05:36:09.395+0000] {logging_mixin.py:188} INFO - [2026-09-03T05:36:09.394+0000] {dag.py:3096} INFO - Sync 1 DAGs
[2026-09-03T05:36:09.582+0000] {logging_mixin.py:188} INFO - [2026-09-03T05:36:09.582+0000] {dag.py:3954} INFO - Setting next_dagrun for update_db to 2026-09-03 14:00:00+00:00, run_after=2026-09-04 14:00:00+00:00
[2026-09-03T05:36:09.701+0000] {processor.py:183} INFO - Processing /opt/airflow/dags/main.py took 1.254 seconds
[2026-09-03T05:36:41.923+0000] {processor.py:161} INFO - Started process (PID=639) to work on /opt/airflow/dags/main.py
[2026-09-03T05:36:42.015+0000] {processor.py:830} INFO - Processing file /opt/airflow/dags/main.py for tasks to queue
[2026-09-03T05:36:42.081+0000] {logging_mixin.py:188} INFO - [2026-09-03T05:36:42.080+0000] {dagbag.py:545} INFO - Filling up the DagBag from /opt/airflow/dags/main.py
[2026-09-03T05:36:44.631+0000] {logging_mixin.py:188} INFO - channel id is not executed
[2026-09-03T05:36:48.211+0000] {processor.py:840} INFO - DAG(s) 'update_db' retrieved from /opt/airflow/dags/main.py
[2026-09-03T05:36:49.742+0000] {logging_mixin.py:188} INFO - [2026-09-03T05:36:49.735+0000] {dag.py:3096} INFO - Sync 1 DAGs
[2026-09-03T05:36:49.983+0000] {logging_mixin.py:188} INFO - [2026-09-03T05:36:49.982+0000] {dag.py:3954} INFO - Setting next_dagrun for update_db to 2026-09-03 14:00:00+00:00, run_after=2026-09-04 14:00:00+00:00
[2026-09-03T05:36:50.220+0000] {processor.py:183} INFO - Processing /opt/airflow/dags/main.py took 8.365 seconds
[2026-09-03T05:37:21.689+0000] {processor.py:161} INFO - Started process (PID=646) to work on /opt/airflow/dags/main.py
[2026-09-03T05:37:21.708+0000] {processor.py:830} INFO - Processing file /opt/airflow/dags/main.py for tasks to queue
[2026-09-03T05:37:21.715+0000] {logging_mixin.py:188} INFO - [2026-09-03T05:37:21.714+0000] {dagbag.py:545} INFO - Filling up the DagBag from /opt/airflow/dags/main.py
[2026-09-03T05:37:21.888+0000] {logging_mixin.py:188} INFO - channel id is not executed
[2026-09-03T05:37:22.144+0000] {processor.py:840} INFO - DAG(s) 'update_db' retrieved from /opt/airflow/dags/main.py
[2026-09-03T05:37:24.431+0000] {logging_mixin.py:188} INFO - [2026-09-03T05:37:24.430+0000] {dag.py:3096} INFO - Sync 1 DAGs
[2026-09-03T05:37:24.551+0000] {logging_mixin.py:188} INFO - [2026-09-03T05:37:24.551+0000] {dag.py:3954} INFO - Setting next_dagrun for update_db to 2026-09-03 14:00:00+00:00, run_after=2026-09-04 14:00:00+00:00
[2026-09-03T05:37:24.877+0000] {processor.py:183} INFO - Processing /opt/airflow/dags/main.py took 3.234 seconds
[2026-09-03T05:37:55.636+0000] {processor.py:161} INFO - Started process (PID=653) to work on /opt/airflow/dags/main.py
[2026-09-03T05:37:55.639+0000] {processor.py:830} INFO - Processing file /opt/airflow/dags/main.py for tasks to queue
[2026-09-03T05:37:55.643+0000] {logging_mixin.py:188} INFO - [2026-09-03T05:37:55.642+0000] {dagbag.py:545} INFO - Filling up the DagBag from /opt/airflow/dags/main.py
[2026-09-03T05:37:55.761+0000] {logging_mixin.py:188} INFO - channel id is not executed
[2026-09-03T05:37:56.303+0000] {processor.py:840} INFO - DAG(s) 'update_db' retrieved from /opt/airflow/dags/main.py
[2026-09-03T05:37:56.702+0000] {logging_mixin.py:188} INFO - [2026-09-03T05:37:56.702+0000] {dag.py:3096} INFO - Sync 1 DAGs
[2026-09-03T05:37:56.744+0000] {logging_mixin.py:188} INFO - [2026-09-03T05:37:56.744+0000] {dag.py:3954} INFO - Setting next_dagrun for update_db to 2026-09-03 14:00:00+00:00, run_after=2026-09-04 14:00:00+00:00
[2026-09-03T05:37:56.785+0000] {processor.py:183} INFO - Processing /opt/airflow/dags/main.py took 1.164 seconds
[2026-09-03T05:38:27.610+0000] {processor.py:161} INFO - Started process (PID=660) to work on /opt/airflow/dags/main.py
[2026-09-03T05:38:27.621+0000] {processor.py:830} INFO - Processing file /opt/airflow/dags/main.py for tasks to queue
[2026-09-03T05:38:27.637+0000] {logging_mixin.py:188} INFO - [2026-09-03T05:38:27.636+0000] {dagbag.py:545} INFO - Filling up the DagBag from /opt/airflow/dags/main.py
[2026-09-03T05:38:28.480+0000] {logging_mixin.py:188} INFO - channel id is not executed
[2026-09-03T05:38:29.113+0000] {processor.py:840} INFO - DAG(s) 'update_db' retrieved from /opt/airflow/dags/main.py
[2026-09-03T05:38:29.478+0000] {logging_mixin.py:188} INFO - [2026-09-03T05:38:29.478+0000] {dag.py:3096} INFO - Sync 1 DAGs
[2026-09-03T05:38:29.528+0000] {logging_mixin.py:188} INFO - [2026-09-03T05:38:29.527+0000] {dag.py:3954} INFO - Setting next_dagrun for update_db to 2026-09-03 14:00:00+00:00, run_after=2026-09-04 14:00:00+00:00
[2026-09-03T05:38:29.576+0000] {processor.py:183} INFO - Processing /opt/airflow/dags/main.py took 1.978 seconds
[2026-09-03T05:38:59.813+0000] {processor.py:161} INFO - Started process (PID=667) to work on /opt/airflow/dags/main.py
[2026-09-03T05:38:59.823+0000] {processor.py:830} INFO - Processing file /opt/airflow/dags/main.py for tasks to queue
[2026-09-03T05:38:59.827+0000] {logging_mixin.py:188} INFO - [2026-09-03T05:38:59.827+0000] {dagbag.py:545} INFO - Filling up the DagBag from /opt/airflow/dags/main.py
[2026-09-03T05:38:59.981+0000] {logging_mixin.py:188} INFO - channel id is not executed
[2026-09-03T05:39:00.329+0000] {processor.py:840} INFO - DAG(s) 'update_db' retrieved from /opt/airflow/dags/main.py
[2026-09-03T05:39:00.718+0000] {logging_mixin.py:188} INFO - [2026-09-03T05:39:00.717+0000] {dag.py:3096} INFO - Sync 1 DAGs
[2026-09-03T05:39:00.770+0000] {logging_mixin.py:188} INFO - [2026-09-03T05:39:00.769+0000] {dag.py:3954} INFO - Setting next_dagrun for update_db to 2026-09-03 14:00:00+00:00, run_after=2026-09-04 14:00:00+00:00
[2026-09-03T05:39:00.836+0000] {processor.py:183} INFO - Processing /opt/airflow/dags/main.py took 1.040 seconds
[2026-09-03T05:39:31.561+0000] {processor.py:161} INFO - Started process (PID=673) to work on /opt/airflow/dags/main.py
[2026-09-03T05:39:31.582+0000] {processor.py:830} INFO - Processing file /opt/airflow/dags/main.py for tasks to queue
[2026-09-03T05:39:31.641+0000] {logging_mixin.py:188} INFO - [2026-09-03T05:39:31.631+0000] {dagbag.py:545} INFO - Filling up the DagBag from /opt/airflow/dags/main.py
[2026-09-03T05:39:33.879+0000] {logging_mixin.py:188} INFO - channel id is not executed
[2026-09-03T05:39:35.198+0000] {processor.py:840} INFO - DAG(s) 'update_db' retrieved from /opt/airflow/dags/main.py
[2026-09-03T05:39:37.523+0000] {logging_mixin.py:188} INFO - [2026-09-03T05:39:37.517+0000] {dag.py:3096} INFO - Sync 1 DAGs
[2026-09-03T05:39:37.683+0000] {logging_mixin.py:188} INFO - [2026-09-03T05:39:37.682+0000] {dag.py:3954} INFO - Setting next_dagrun for update_db to 2026-09-03 14:00:00+00:00, run_after=2026-09-04 14:00:00+00:00
[2026-09-03T05:39:37.817+0000] {processor.py:183} INFO - Processing /opt/airflow/dags/main.py took 6.376 seconds
[2026-09-03T05:40:08.698+0000] {processor.py:161} INFO - Started process (PID=686) to work on /opt/airflow/dags/main.py
[2026-09-03T05:40:08.701+0000] {processor.py:830} INFO - Processing file /opt/airflow/dags/main.py for tasks to queue
[2026-09-03T05:40:08.705+0000] {logging_mixin.py:188} INFO - [2026-09-03T05:40:08.704+0000] {dagbag.py:545} INFO - Filling up the DagBag from /opt/airflow/dags/main.py
[2026-09-03T05:40:09.016+0000] {logging_mixin.py:188} INFO - channel id is not executed
[2026-09-03T05:40:09.122+0000] {processor.py:840} INFO - DAG(s) 'update_db' retrieved from /opt/airflow/dags/main.py
[2026-09-03T05:40:09.371+0000] {logging_mixin.py:188} INFO - [2026-09-03T05:40:09.370+0000] {dag.py:3096} INFO - Sync 1 DAGs
[2026-09-03T05:40:09.436+0000] {logging_mixin.py:188} INFO - [2026-09-03T05:40:09.436+0000] {dag.py:3954} INFO - Setting next_dagrun for update_db to 2026-09-03 14:00:00+00:00, run_after=2026-09-04 14:00:00+00:00
[2026-09-03T05:40:09.482+0000] {processor.py:183} INFO - Processing /opt/airflow/dags/main.py took 0.793 seconds
[2026-09-03T05:40:49.591+0000] {processor.py:161} INFO - Started process (PID=693) to work on /opt/airflow/dags/main.py
[2026-09-03T05:40:49.908+0000] {processor.py:830} INFO - Processing file /opt/airflow/dags/main.py for tasks to queue
[2026-09-03T05:40:50.563+0000] {logging_mixin.py:188} INFO - [2026-09-03T05:40:50.562+0000] {dagbag.py:545} INFO - Filling up the DagBag from /opt/airflow/dags/main.py
[2026-09-03T05:40:51.910+0000] {logging_mixin.py:188} INFO - channel id is not executed
[2026-09-03T05:41:06.104+0000] {processor.py:840} INFO - DAG(s) 'update_db' retrieved from /opt/airflow/dags/main.py
[2026-09-03T05:41:07.611+0000] {logging_mixin.py:188} INFO - [2026-09-03T05:41:07.611+0000] {dag.py:3096} INFO - Sync 1 DAGs
[2026-09-03T05:41:07.739+0000] {logging_mixin.py:188} INFO - [2026-09-03T05:41:07.727+0000] {dag.py:3954} INFO - Setting next_dagrun for update_db to 2026-09-03 14:00:00+00:00, run_after=2026-09-04 14:00:00+00:00
[2026-09-03T05:41:07.848+0000] {processor.py:183} INFO - Processing /opt/airflow/dags/main.py took 25.164 seconds
[2026-09-03T05:41:38.378+0000] {processor.py:161} INFO - Started process (PID=706) to work on /opt/airflow/dags/main.py
[2026-09-03T05:41:38.381+0000] {processor.py:830} INFO - Processing file /opt/airflow/dags/main.py for tasks to queue
[2026-09-03T05:41:38.390+0000] {logging_mixin.py:188} INFO - [2026-09-03T05:41:38.389+0000] {dagbag.py:545} INFO - Filling up the DagBag from /opt/airflow/dags/main.py
[2026-09-03T05:41:38.898+0000] {logging_mixin.py:188} INFO - channel id is not executed
[2026-09-03T05:41:39.989+0000] {processor.py:840} INFO - DAG(s) 'update_db' retrieved from /opt/airflow/dags/main.py
[2026-09-03T05:41:41.361+0000] {logging_mixin.py:188} INFO - [2026-09-03T05:41:41.360+0000] {dag.py:3096} INFO - Sync 1 DAGs
[2026-09-03T05:41:41.453+0000] {logging_mixin.py:188} INFO - [2026-09-03T05:41:41.453+0000] {dag.py:3954} INFO - Setting next_dagrun for update_db to 2026-09-03 14:00:00+00:00, run_after=2026-09-04 14:00:00+00:00
[2026-09-03T05:41:41.776+0000] {processor.py:183} INFO - Processing /opt/airflow/dags/main.py took 3.411 seconds
[2026-09-03T05:42:14.530+0000] {processor.py:161} INFO - Started process (PID=713) to work on /opt/airflow/dags/main.py
[2026-09-03T05:42:14.598+0000] {processor.py:830} INFO - Processing file /opt/airflow/dags/main.py for tasks to queue
[2026-09-03T05:42:14.726+0000] {logging_mixin.py:188} INFO - [2026-09-03T05:42:14.713+0000] {dagbag.py:545} INFO - Filling up the DagBag from /opt/airflow/dags/main.py
[2026-09-03T05:42:17.372+0000] {logging_mixin.py:188} INFO - channel id is not executed
[2026-09-03T05:42:19.943+0000] {processor.py:840} INFO - DAG(s) 'update_db' retrieved from /opt/airflow/dags/main.py
[2026-09-03T05:42:39.407+0000] {logging_mixin.py:188} INFO - [2026-09-03T05:42:39.298+0000] {dag.py:3096} INFO - Sync 1 DAGs
[2026-09-03T05:42:41.140+0000] {logging_mixin.py:188} INFO - [2026-09-03T05:42:41.021+0000] {dag.py:3954} INFO - Setting next_dagrun for update_db to 2026-09-03 14:00:00+00:00, run_after=2026-09-04 14:00:00+00:00
[2026-09-03T05:42:42.322+0000] {processor.py:183} INFO - Processing /opt/airflow/dags/main.py took 29.300 seconds
[2026-09-03T05:43:14.349+0000] {processor.py:161} INFO - Started process (PID=714) to work on /opt/airflow/dags/main.py
[2026-09-03T05:43:14.512+0000] {processor.py:830} INFO - Processing file /opt/airflow/dags/main.py for tasks to queue
[2026-09-03T05:43:14.665+0000] {logging_mixin.py:188} INFO - [2026-09-03T05:43:14.613+0000] {dagbag.py:545} INFO - Filling up the DagBag from /opt/airflow/dags/main.py
[2026-09-03T05:43:17.020+0000] {logging_mixin.py:188} INFO - channel id is not executed
[2026-09-03T05:43:20.110+0000] {processor.py:840} INFO - DAG(s) 'update_db' retrieved from /opt/airflow/dags/main.py
[2026-09-03T05:43:35.084+0000] {logging_mixin.py:188} INFO - [2026-09-03T05:43:35.065+0000] {dag.py:3096} INFO - Sync 1 DAGs
[2026-09-03T05:43:35.183+0000] {logging_mixin.py:188} INFO - [2026-09-03T05:43:35.183+0000] {dag.py:3954} INFO - Setting next_dagrun for update_db to 2026-09-03 14:00:00+00:00, run_after=2026-09-04 14:00:00+00:00
[2026-09-03T05:43:35.552+0000] {processor.py:183} INFO - Processing /opt/airflow/dags/main.py took 21.590 seconds
[2026-09-03T05:44:07.344+0000] {processor.py:161} INFO - Started process (PID=720) to work on /opt/airflow/dags/main.py
[2026-09-03T05:44:07.361+0000] {processor.py:830} INFO - Processing file /opt/airflow/dags/main.py for tasks to queue
[2026-09-03T05:44:07.421+0000] {logging_mixin.py:188} INFO - [2026-09-03T05:44:07.420+0000] {dagbag.py:545} INFO - Filling up the DagBag from /opt/airflow/dags/main.py
[2026-09-03T05:44:08.656+0000] {logging_mixin.py:188} INFO - channel id is not executed
[2026-09-03T05:44:09.347+0000] {processor.py:840} INFO - DAG(s) 'update_db' retrieved from /opt/airflow/dags/main.py
[2026-09-03T05:44:12.939+0000] {logging_mixin.py:188} INFO - [2026-09-03T05:44:12.908+0000] {dag.py:3096} INFO - Sync 1 DAGs
[2026-09-03T05:44:13.297+0000] {logging_mixin.py:188} INFO - [2026-09-03T05:44:13.297+0000] {dag.py:3954} INFO - Setting next_dagrun for update_db to 2026-09-03 14:00:00+00:00, run_after=2026-09-04 14:00:00+00:00
[2026-09-03T05:44:13.671+0000] {processor.py:183} INFO - Processing /opt/airflow/dags/main.py took 6.482 seconds
[2026-09-03T05:44:50.397+0000] {processor.py:161} INFO - Started process (PID=721) to work on /opt/airflow/dags/main.py
[2026-09-03T05:44:50.574+0000] {processor.py:830} INFO - Processing file /opt/airflow/dags/main.py for tasks to queue
[2026-09-03T05:44:51.418+0000] {logging_mixin.py:188} INFO - [2026-09-03T05:44:51.140+0000] {dagbag.py:545} INFO - Filling up the DagBag from /opt/airflow/dags/main.py
[2026-09-03T05:44:56.401+0000] {logging_mixin.py:188} INFO - channel id is not executed
[2026-09-03T05:45:03.321+0000] {processor.py:840} INFO - DAG(s) 'update_db' retrieved from /opt/airflow/dags/main.py
[2026-09-03T05:45:34.912+0000] {processor.py:186} ERROR - Got an exception! Propagating...
Traceback (most recent call last):
  File "/home/airflow/.local/lib/python3.10/site-packages/sqlalchemy/engine/base.py", line 3371, in _wrap_pool_connect
    return fn()
  File "/home/airflow/.local/lib/python3.10/site-packages/sqlalchemy/pool/base.py", line 327, in connect
    return _ConnectionFairy._checkout(self)
  File "/home/airflow/.local/lib/python3.10/site-packages/sqlalchemy/pool/base.py", line 894, in _checkout
    fairy = _ConnectionRecord.checkout(pool)
  File "/home/airflow/.local/lib/python3.10/site-packages/sqlalchemy/pool/base.py", line 493, in checkout
    rec = pool._do_get()
  File "/home/airflow/.local/lib/python3.10/site-packages/sqlalchemy/pool/impl.py", line 145, in _do_get
    with util.safe_reraise():
  File "/home/airflow/.local/lib/python3.10/site-packages/sqlalchemy/util/langhelpers.py", line 70, in __exit__
    compat.raise_(
  File "/home/airflow/.local/lib/python3.10/site-packages/sqlalchemy/util/compat.py", line 211, in raise_
    raise exception
  File "/home/airflow/.local/lib/python3.10/site-packages/sqlalchemy/pool/impl.py", line 143, in _do_get
    return self._create_connection()
  File "/home/airflow/.local/lib/python3.10/site-packages/sqlalchemy/pool/base.py", line 273, in _create_connection
    return _ConnectionRecord(self)
  File "/home/airflow/.local/lib/python3.10/site-packages/sqlalchemy/pool/base.py", line 388, in __init__
    self.__connect()
  File "/home/airflow/.local/lib/python3.10/site-packages/sqlalchemy/pool/base.py", line 690, in __connect
    with util.safe_reraise():
  File "/home/airflow/.local/lib/python3.10/site-packages/sqlalchemy/util/langhelpers.py", line 70, in __exit__
    compat.raise_(
  File "/home/airflow/.local/lib/python3.10/site-packages/sqlalchemy/util/compat.py", line 211, in raise_
    raise exception
  File "/home/airflow/.local/lib/python3.10/site-packages/sqlalchemy/pool/base.py", line 686, in __connect
    self.dbapi_connection = connection = pool._invoke_creator(self)
  File "/home/airflow/.local/lib/python3.10/site-packages/sqlalchemy/engine/create.py", line 574, in connect
    return dialect.connect(*cargs, **cparams)
  File "/home/airflow/.local/lib/python3.10/site-packages/sqlalchemy/engine/default.py", line 598, in connect
    return self.dbapi.connect(*cargs, **cparams)
  File "/home/airflow/.local/lib/python3.10/site-packages/psycopg2/__init__.py", line 122, in connect
    conn = _connect(dsn, connection_factory=connection_factory, **kwasync)
psycopg2.OperationalError: could not translate host name "postgres" to address: Temporary failure in name resolution


The above exception was the direct cause of the following exception:

Traceback (most recent call last):
  File "/home/airflow/.local/lib/python3.10/site-packages/airflow/dag_processing/processor.py", line 182, in _run_file_processor
    _handle_dag_file_processing()
  File "/home/airflow/.local/lib/python3.10/site-packages/airflow/dag_processing/processor.py", line 163, in _handle_dag_file_processing
    result: tuple[int, int] = dag_file_processor.process_file(
  File "/home/airflow/.local/lib/python3.10/site-packages/airflow/utils/session.py", line 79, in wrapper
    return func(*args, session=session, **kwargs)
  File "/home/airflow/.local/lib/python3.10/site-packages/airflow/dag_processing/processor.py", line 859, in process_file
    serialize_errors = DagFileProcessor.save_dag_to_db(
  File "/home/airflow/.local/lib/python3.10/site-packages/airflow/api_internal/internal_api_call.py", line 115, in wrapper
    return func(*args, **kwargs)
  File "/home/airflow/.local/lib/python3.10/site-packages/airflow/utils/session.py", line 79, in wrapper
    return func(*args, session=session, **kwargs)
  File "/home/airflow/.local/lib/python3.10/site-packages/airflow/dag_processing/processor.py", line 895, in save_dag_to_db
    import_errors = DagBag._sync_to_db(dags=dags, processor_subdir=dag_directory, session=session)
  File "/home/airflow/.local/lib/python3.10/site-packages/airflow/utils/session.py", line 76, in wrapper
    return func(*args, **kwargs)
  File "/home/airflow/.local/lib/python3.10/site-packages/airflow/models/dagbag.py", line 664, in _sync_to_db
    for attempt in run_with_db_retries(logger=log):
  File "/home/airflow/.local/lib/python3.10/site-packages/tenacity/__init__.py", line 435, in __iter__
    do = self.iter(retry_state=retry_state)
  File "/home/airflow/.local/lib/python3.10/site-packages/tenacity/__init__.py", line 368, in iter
    result = action(retry_state)
  File "/home/airflow/.local/lib/python3.10/site-packages/tenacity/__init__.py", line 410, in exc_check
    raise retry_exc.reraise()
  File "/home/airflow/.local/lib/python3.10/site-packages/tenacity/__init__.py", line 183, in reraise
    raise self.last_attempt.result()
  File "/usr/local/lib/python3.10/concurrent/futures/_base.py", line 451, in result
    return self.__get_result()
  File "/usr/local/lib/python3.10/concurrent/futures/_base.py", line 403, in __get_result
    raise self._exception
  File "/home/airflow/.local/lib/python3.10/site-packages/airflow/models/dagbag.py", line 677, in _sync_to_db
    _serialize_dag_capturing_errors(dag, session, processor_subdir)
  File "/home/airflow/.local/lib/python3.10/site-packages/airflow/models/dagbag.py", line 642, in _serialize_dag_capturing_errors
    dag_was_updated = SerializedDagModel.write_dag(
  File "/home/airflow/.local/lib/python3.10/site-packages/airflow/utils/session.py", line 76, in wrapper
    return func(*args, **kwargs)
  File "/home/airflow/.local/lib/python3.10/site-packages/airflow/models/serialized_dag.py", line 158, in write_dag
    if session.scalar(
  File "/home/airflow/.local/lib/python3.10/site-packages/sqlalchemy/orm/session.py", line 1747, in scalar
    return self.execute(
  File "/home/airflow/.local/lib/python3.10/site-packages/sqlalchemy/orm/session.py", line 1716, in execute
    conn = self._connection_for_bind(bind)
  File "/home/airflow/.local/lib/python3.10/site-packages/sqlalchemy/orm/session.py", line 1555, in _connection_for_bind
    return self._transaction._connection_for_bind(
  File "/home/airflow/.local/lib/python3.10/site-packages/sqlalchemy/orm/session.py", line 750, in _connection_for_bind
    conn = bind.connect()
  File "/home/airflow/.local/lib/python3.10/site-packages/sqlalchemy/future/engine.py", line 412, in connect
    return super(Engine, self).connect()
  File "/home/airflow/.local/lib/python3.10/site-packages/sqlalchemy/engine/base.py", line 3325, in connect
    return self._connection_cls(self, close_with_result=close_with_result)
  File "/home/airflow/.local/lib/python3.10/site-packages/sqlalchemy/engine/base.py", line 96, in __init__
    else engine.raw_connection()
  File "/home/airflow/.local/lib/python3.10/site-packages/sqlalchemy/engine/base.py", line 3404, in raw_connection
    return self._wrap_pool_connect(self.pool.connect, _connection)
  File "/home/airflow/.local/lib/python3.10/site-packages/sqlalchemy/engine/base.py", line 3374, in _wrap_pool_connect
    Connection._handle_dbapi_exception_noconnection(
  File "/home/airflow/.local/lib/python3.10/site-packages/sqlalchemy/engine/base.py", line 2208, in _handle_dbapi_exception_noconnection
    util.raise_(
  File "/home/airflow/.local/lib/python3.10/site-packages/sqlalchemy/util/compat.py", line 211, in raise_
    raise exception
  File "/home/airflow/.local/lib/python3.10/site-packages/sqlalchemy/engine/base.py", line 3371, in _wrap_pool_connect
    return fn()
  File "/home/airflow/.local/lib/python3.10/site-packages/sqlalchemy/pool/base.py", line 327, in connect
    return _ConnectionFairy._checkout(self)
  File "/home/airflow/.local/lib/python3.10/site-packages/sqlalchemy/pool/base.py", line 894, in _checkout
    fairy = _ConnectionRecord.checkout(pool)
  File "/home/airflow/.local/lib/python3.10/site-packages/sqlalchemy/pool/base.py", line 493, in checkout
    rec = pool._do_get()
  File "/home/airflow/.local/lib/python3.10/site-packages/sqlalchemy/pool/impl.py", line 145, in _do_get
    with util.safe_reraise():
  File "/home/airflow/.local/lib/python3.10/site-packages/sqlalchemy/util/langhelpers.py", line 70, in __exit__
    compat.raise_(
  File "/home/airflow/.local/lib/python3.10/site-packages/sqlalchemy/util/compat.py", line 211, in raise_
    raise exception
  File "/home/airflow/.local/lib/python3.10/site-packages/sqlalchemy/pool/impl.py", line 143, in _do_get
    return self._create_connection()
  File "/home/airflow/.local/lib/python3.10/site-packages/sqlalchemy/pool/base.py", line 273, in _create_connection
    return _ConnectionRecord(self)
  File "/home/airflow/.local/lib/python3.10/site-packages/sqlalchemy/pool/base.py", line 388, in __init__
    self.__connect()
  File "/home/airflow/.local/lib/python3.10/site-packages/sqlalchemy/pool/base.py", line 690, in __connect
    with util.safe_reraise():
  File "/home/airflow/.local/lib/python3.10/site-packages/sqlalchemy/util/langhelpers.py", line 70, in __exit__
    compat.raise_(
  File "/home/airflow/.local/lib/python3.10/site-packages/sqlalchemy/util/compat.py", line 211, in raise_
    raise exception
  File "/home/airflow/.local/lib/python3.10/site-packages/sqlalchemy/pool/base.py", line 686, in __connect
    self.dbapi_connection = connection = pool._invoke_creator(self)
  File "/home/airflow/.local/lib/python3.10/site-packages/sqlalchemy/engine/create.py", line 574, in connect
    return dialect.connect(*cargs, **cparams)
  File "/home/airflow/.local/lib/python3.10/site-packages/sqlalchemy/engine/default.py", line 598, in connect
    return self.dbapi.connect(*cargs, **cparams)
  File "/home/airflow/.local/lib/python3.10/site-packages/psycopg2/__init__.py", line 122, in connect
    conn = _connect(dsn, connection_factory=connection_factory, **kwasync)
sqlalchemy.exc.OperationalError: (psycopg2.OperationalError) could not translate host name "postgres" to address: Temporary failure in name resolution

(Background on this error at: https://sqlalche.me/e/14/e3q8)
[2026-09-03T05:46:13.727+0000] {processor.py:161} INFO - Started process (PID=722) to work on /opt/airflow/dags/main.py
[2026-09-03T05:46:13.881+0000] {processor.py:830} INFO - Processing file /opt/airflow/dags/main.py for tasks to queue
[2026-09-03T05:46:14.060+0000] {logging_mixin.py:188} INFO - [2026-09-03T05:46:13.942+0000] {dagbag.py:545} INFO - Filling up the DagBag from /opt/airflow/dags/main.py
[2026-09-03T05:46:20.111+0000] {logging_mixin.py:188} INFO - channel id is not executed
[2026-09-03T05:46:28.637+0000] {processor.py:840} INFO - DAG(s) 'update_db' retrieved from /opt/airflow/dags/main.py
[2026-09-03T05:46:43.527+0000] {logging_mixin.py:188} INFO - [2026-09-03T05:46:43.407+0000] {dag.py:3096} INFO - Sync 1 DAGs
[2026-09-03T05:46:45.056+0000] {logging_mixin.py:188} INFO - [2026-09-03T05:46:45.011+0000] {dag.py:3954} INFO - Setting next_dagrun for update_db to 2026-09-03 14:00:00+00:00, run_after=2026-09-04 14:00:00+00:00
[2026-09-03T05:46:46.346+0000] {processor.py:183} INFO - Processing /opt/airflow/dags/main.py took 33.706 seconds
[2026-09-03T05:47:18.479+0000] {processor.py:161} INFO - Started process (PID=730) to work on /opt/airflow/dags/main.py
[2026-09-03T05:47:18.512+0000] {processor.py:830} INFO - Processing file /opt/airflow/dags/main.py for tasks to queue
[2026-09-03T05:47:18.543+0000] {logging_mixin.py:188} INFO - [2026-09-03T05:47:18.537+0000] {dagbag.py:545} INFO - Filling up the DagBag from /opt/airflow/dags/main.py
[2026-09-03T05:47:20.596+0000] {logging_mixin.py:188} INFO - channel id is not executed
[2026-09-03T05:47:24.212+0000] {processor.py:840} INFO - DAG(s) 'update_db' retrieved from /opt/airflow/dags/main.py
[2026-09-03T05:47:28.604+0000] {logging_mixin.py:188} INFO - [2026-09-03T05:47:28.573+0000] {dag.py:3096} INFO - Sync 1 DAGs
[2026-09-03T05:47:28.897+0000] {logging_mixin.py:188} INFO - [2026-09-03T05:47:28.897+0000] {dag.py:3954} INFO - Setting next_dagrun for update_db to 2026-09-03 14:00:00+00:00, run_after=2026-09-04 14:00:00+00:00
[2026-09-03T05:47:29.839+0000] {processor.py:183} INFO - Processing /opt/airflow/dags/main.py took 11.685 seconds
[2026-09-03T05:48:00.723+0000] {processor.py:161} INFO - Started process (PID=731) to work on /opt/airflow/dags/main.py
[2026-09-03T05:48:00.892+0000] {processor.py:830} INFO - Processing file /opt/airflow/dags/main.py for tasks to queue
[2026-09-03T05:48:01.019+0000] {logging_mixin.py:188} INFO - [2026-09-03T05:48:01.017+0000] {dagbag.py:545} INFO - Filling up the DagBag from /opt/airflow/dags/main.py
[2026-09-03T05:48:03.432+0000] {logging_mixin.py:188} INFO - channel id is not executed
[2026-09-03T05:48:07.310+0000] {processor.py:840} INFO - DAG(s) 'update_db' retrieved from /opt/airflow/dags/main.py
[2026-09-03T05:48:21.316+0000] {logging_mixin.py:188} INFO - [2026-09-03T05:48:21.253+0000] {dag.py:3096} INFO - Sync 1 DAGs
[2026-09-03T05:48:21.712+0000] {logging_mixin.py:188} INFO - [2026-09-03T05:48:21.709+0000] {dag.py:3954} INFO - Setting next_dagrun for update_db to 2026-09-03 14:00:00+00:00, run_after=2026-09-04 14:00:00+00:00
[2026-09-03T05:48:22.572+0000] {processor.py:183} INFO - Processing /opt/airflow/dags/main.py took 21.942 seconds
[2026-09-03T05:48:53.910+0000] {processor.py:161} INFO - Started process (PID=732) to work on /opt/airflow/dags/main.py
[2026-09-03T05:48:53.923+0000] {processor.py:830} INFO - Processing file /opt/airflow/dags/main.py for tasks to queue
[2026-09-03T05:48:54.014+0000] {logging_mixin.py:188} INFO - [2026-09-03T05:48:53.954+0000] {dagbag.py:545} INFO - Filling up the DagBag from /opt/airflow/dags/main.py
[2026-09-03T05:48:57.226+0000] {logging_mixin.py:188} INFO - channel id is not executed
[2026-09-03T05:48:58.613+0000] {processor.py:840} INFO - DAG(s) 'update_db' retrieved from /opt/airflow/dags/main.py
[2026-09-03T05:49:30.487+0000] {processor.py:186} ERROR - Got an exception! Propagating...
Traceback (most recent call last):
  File "/home/airflow/.local/lib/python3.10/site-packages/sqlalchemy/engine/base.py", line 3371, in _wrap_pool_connect
    return fn()
  File "/home/airflow/.local/lib/python3.10/site-packages/sqlalchemy/pool/base.py", line 327, in connect
    return _ConnectionFairy._checkout(self)
  File "/home/airflow/.local/lib/python3.10/site-packages/sqlalchemy/pool/base.py", line 894, in _checkout
    fairy = _ConnectionRecord.checkout(pool)
  File "/home/airflow/.local/lib/python3.10/site-packages/sqlalchemy/pool/base.py", line 493, in checkout
    rec = pool._do_get()
  File "/home/airflow/.local/lib/python3.10/site-packages/sqlalchemy/pool/impl.py", line 145, in _do_get
    with util.safe_reraise():
  File "/home/airflow/.local/lib/python3.10/site-packages/sqlalchemy/util/langhelpers.py", line 70, in __exit__
    compat.raise_(
  File "/home/airflow/.local/lib/python3.10/site-packages/sqlalchemy/util/compat.py", line 211, in raise_
    raise exception
  File "/home/airflow/.local/lib/python3.10/site-packages/sqlalchemy/pool/impl.py", line 143, in _do_get
    return self._create_connection()
  File "/home/airflow/.local/lib/python3.10/site-packages/sqlalchemy/pool/base.py", line 273, in _create_connection
    return _ConnectionRecord(self)
  File "/home/airflow/.local/lib/python3.10/site-packages/sqlalchemy/pool/base.py", line 388, in __init__
    self.__connect()
  File "/home/airflow/.local/lib/python3.10/site-packages/sqlalchemy/pool/base.py", line 690, in __connect
    with util.safe_reraise():
  File "/home/airflow/.local/lib/python3.10/site-packages/sqlalchemy/util/langhelpers.py", line 70, in __exit__
    compat.raise_(
  File "/home/airflow/.local/lib/python3.10/site-packages/sqlalchemy/util/compat.py", line 211, in raise_
    raise exception
  File "/home/airflow/.local/lib/python3.10/site-packages/sqlalchemy/pool/base.py", line 686, in __connect
    self.dbapi_connection = connection = pool._invoke_creator(self)
  File "/home/airflow/.local/lib/python3.10/site-packages/sqlalchemy/engine/create.py", line 574, in connect
    return dialect.connect(*cargs, **cparams)
  File "/home/airflow/.local/lib/python3.10/site-packages/sqlalchemy/engine/default.py", line 598, in connect
    return self.dbapi.connect(*cargs, **cparams)
  File "/home/airflow/.local/lib/python3.10/site-packages/psycopg2/__init__.py", line 122, in connect
    conn = _connect(dsn, connection_factory=connection_factory, **kwasync)
psycopg2.OperationalError: could not translate host name "postgres" to address: Temporary failure in name resolution


The above exception was the direct cause of the following exception:

Traceback (most recent call last):
  File "/home/airflow/.local/lib/python3.10/site-packages/airflow/dag_processing/processor.py", line 182, in _run_file_processor
    _handle_dag_file_processing()
  File "/home/airflow/.local/lib/python3.10/site-packages/airflow/dag_processing/processor.py", line 163, in _handle_dag_file_processing
    result: tuple[int, int] = dag_file_processor.process_file(
  File "/home/airflow/.local/lib/python3.10/site-packages/airflow/utils/session.py", line 79, in wrapper
    return func(*args, session=session, **kwargs)
  File "/home/airflow/.local/lib/python3.10/site-packages/airflow/dag_processing/processor.py", line 859, in process_file
    serialize_errors = DagFileProcessor.save_dag_to_db(
  File "/home/airflow/.local/lib/python3.10/site-packages/airflow/api_internal/internal_api_call.py", line 115, in wrapper
    return func(*args, **kwargs)
  File "/home/airflow/.local/lib/python3.10/site-packages/airflow/utils/session.py", line 79, in wrapper
    return func(*args, session=session, **kwargs)
  File "/home/airflow/.local/lib/python3.10/site-packages/airflow/dag_processing/processor.py", line 895, in save_dag_to_db
    import_errors = DagBag._sync_to_db(dags=dags, processor_subdir=dag_directory, session=session)
  File "/home/airflow/.local/lib/python3.10/site-packages/airflow/utils/session.py", line 76, in wrapper
    return func(*args, **kwargs)
  File "/home/airflow/.local/lib/python3.10/site-packages/airflow/models/dagbag.py", line 664, in _sync_to_db
    for attempt in run_with_db_retries(logger=log):
  File "/home/airflow/.local/lib/python3.10/site-packages/tenacity/__init__.py", line 435, in __iter__
    do = self.iter(retry_state=retry_state)
  File "/home/airflow/.local/lib/python3.10/site-packages/tenacity/__init__.py", line 368, in iter
    result = action(retry_state)
  File "/home/airflow/.local/lib/python3.10/site-packages/tenacity/__init__.py", line 410, in exc_check
    raise retry_exc.reraise()
  File "/home/airflow/.local/lib/python3.10/site-packages/tenacity/__init__.py", line 183, in reraise
    raise self.last_attempt.result()
  File "/usr/local/lib/python3.10/concurrent/futures/_base.py", line 451, in result
    return self.__get_result()
  File "/usr/local/lib/python3.10/concurrent/futures/_base.py", line 403, in __get_result
    raise self._exception
  File "/home/airflow/.local/lib/python3.10/site-packages/airflow/models/dagbag.py", line 677, in _sync_to_db
    _serialize_dag_capturing_errors(dag, session, processor_subdir)
  File "/home/airflow/.local/lib/python3.10/site-packages/airflow/models/dagbag.py", line 642, in _serialize_dag_capturing_errors
    dag_was_updated = SerializedDagModel.write_dag(
  File "/home/airflow/.local/lib/python3.10/site-packages/airflow/utils/session.py", line 76, in wrapper
    return func(*args, **kwargs)
  File "/home/airflow/.local/lib/python3.10/site-packages/airflow/models/serialized_dag.py", line 158, in write_dag
    if session.scalar(
  File "/home/airflow/.local/lib/python3.10/site-packages/sqlalchemy/orm/session.py", line 1747, in scalar
    return self.execute(
  File "/home/airflow/.local/lib/python3.10/site-packages/sqlalchemy/orm/session.py", line 1716, in execute
    conn = self._connection_for_bind(bind)
  File "/home/airflow/.local/lib/python3.10/site-packages/sqlalchemy/orm/session.py", line 1555, in _connection_for_bind
    return self._transaction._connection_for_bind(
  File "/home/airflow/.local/lib/python3.10/site-packages/sqlalchemy/orm/session.py", line 750, in _connection_for_bind
    conn = bind.connect()
  File "/home/airflow/.local/lib/python3.10/site-packages/sqlalchemy/future/engine.py", line 412, in connect
    return super(Engine, self).connect()
  File "/home/airflow/.local/lib/python3.10/site-packages/sqlalchemy/engine/base.py", line 3325, in connect
    return self._connection_cls(self, close_with_result=close_with_result)
  File "/home/airflow/.local/lib/python3.10/site-packages/sqlalchemy/engine/base.py", line 96, in __init__
    else engine.raw_connection()
  File "/home/airflow/.local/lib/python3.10/site-packages/sqlalchemy/engine/base.py", line 3404, in raw_connection
    return self._wrap_pool_connect(self.pool.connect, _connection)
  File "/home/airflow/.local/lib/python3.10/site-packages/sqlalchemy/engine/base.py", line 3374, in _wrap_pool_connect
    Connection._handle_dbapi_exception_noconnection(
  File "/home/airflow/.local/lib/python3.10/site-packages/sqlalchemy/engine/base.py", line 2208, in _handle_dbapi_exception_noconnection
    util.raise_(
  File "/home/airflow/.local/lib/python3.10/site-packages/sqlalchemy/util/compat.py", line 211, in raise_
    raise exception
  File "/home/airflow/.local/lib/python3.10/site-packages/sqlalchemy/engine/base.py", line 3371, in _wrap_pool_connect
    return fn()
  File "/home/airflow/.local/lib/python3.10/site-packages/sqlalchemy/pool/base.py", line 327, in connect
    return _ConnectionFairy._checkout(self)
  File "/home/airflow/.local/lib/python3.10/site-packages/sqlalchemy/pool/base.py", line 894, in _checkout
    fairy = _ConnectionRecord.checkout(pool)
  File "/home/airflow/.local/lib/python3.10/site-packages/sqlalchemy/pool/base.py", line 493, in checkout
    rec = pool._do_get()
  File "/home/airflow/.local/lib/python3.10/site-packages/sqlalchemy/pool/impl.py", line 145, in _do_get
    with util.safe_reraise():
  File "/home/airflow/.local/lib/python3.10/site-packages/sqlalchemy/util/langhelpers.py", line 70, in __exit__
    compat.raise_(
  File "/home/airflow/.local/lib/python3.10/site-packages/sqlalchemy/util/compat.py", line 211, in raise_
    raise exception
  File "/home/airflow/.local/lib/python3.10/site-packages/sqlalchemy/pool/impl.py", line 143, in _do_get
    return self._create_connection()
  File "/home/airflow/.local/lib/python3.10/site-packages/sqlalchemy/pool/base.py", line 273, in _create_connection
    return _ConnectionRecord(self)
  File "/home/airflow/.local/lib/python3.10/site-packages/sqlalchemy/pool/base.py", line 388, in __init__
    self.__connect()
  File "/home/airflow/.local/lib/python3.10/site-packages/sqlalchemy/pool/base.py", line 690, in __connect
    with util.safe_reraise():
  File "/home/airflow/.local/lib/python3.10/site-packages/sqlalchemy/util/langhelpers.py", line 70, in __exit__
    compat.raise_(
  File "/home/airflow/.local/lib/python3.10/site-packages/sqlalchemy/util/compat.py", line 211, in raise_
    raise exception
  File "/home/airflow/.local/lib/python3.10/site-packages/sqlalchemy/pool/base.py", line 686, in __connect
    self.dbapi_connection = connection = pool._invoke_creator(self)
  File "/home/airflow/.local/lib/python3.10/site-packages/sqlalchemy/engine/create.py", line 574, in connect
    return dialect.connect(*cargs, **cparams)
  File "/home/airflow/.local/lib/python3.10/site-packages/sqlalchemy/engine/default.py", line 598, in connect
    return self.dbapi.connect(*cargs, **cparams)
  File "/home/airflow/.local/lib/python3.10/site-packages/psycopg2/__init__.py", line 122, in connect
    conn = _connect(dsn, connection_factory=connection_factory, **kwasync)
sqlalchemy.exc.OperationalError: (psycopg2.OperationalError) could not translate host name "postgres" to address: Temporary failure in name resolution

(Background on this error at: https://sqlalche.me/e/14/e3q8)
[2026-09-03T05:50:06.077+0000] {processor.py:161} INFO - Started process (PID=733) to work on /opt/airflow/dags/main.py
[2026-09-03T05:50:06.645+0000] {processor.py:830} INFO - Processing file /opt/airflow/dags/main.py for tasks to queue
[2026-09-03T05:50:06.884+0000] {logging_mixin.py:188} INFO - [2026-09-03T05:50:06.883+0000] {dagbag.py:545} INFO - Filling up the DagBag from /opt/airflow/dags/main.py
[2026-09-03T05:50:14.500+0000] {logging_mixin.py:188} INFO - channel id is not executed
[2026-09-03T05:50:22.444+0000] {processor.py:840} INFO - DAG(s) 'update_db' retrieved from /opt/airflow/dags/main.py
[2026-09-03T05:51:26.741+0000] {processor.py:161} INFO - Started process (PID=740) to work on /opt/airflow/dags/main.py
[2026-09-03T05:51:26.868+0000] {processor.py:830} INFO - Processing file /opt/airflow/dags/main.py for tasks to queue
[2026-09-03T05:51:26.962+0000] {logging_mixin.py:188} INFO - [2026-09-03T05:51:26.931+0000] {dagbag.py:545} INFO - Filling up the DagBag from /opt/airflow/dags/main.py
[2026-09-03T05:51:32.339+0000] {logging_mixin.py:188} INFO - channel id is not executed
[2026-09-03T05:51:41.157+0000] {processor.py:840} INFO - DAG(s) 'update_db' retrieved from /opt/airflow/dags/main.py
[2026-09-03T05:52:13.659+0000] {processor.py:186} ERROR - Got an exception! Propagating...
Traceback (most recent call last):
  File "/home/airflow/.local/lib/python3.10/site-packages/sqlalchemy/engine/base.py", line 3371, in _wrap_pool_connect
    return fn()
  File "/home/airflow/.local/lib/python3.10/site-packages/sqlalchemy/pool/base.py", line 327, in connect
    return _ConnectionFairy._checkout(self)
  File "/home/airflow/.local/lib/python3.10/site-packages/sqlalchemy/pool/base.py", line 894, in _checkout
    fairy = _ConnectionRecord.checkout(pool)
  File "/home/airflow/.local/lib/python3.10/site-packages/sqlalchemy/pool/base.py", line 493, in checkout
    rec = pool._do_get()
  File "/home/airflow/.local/lib/python3.10/site-packages/sqlalchemy/pool/impl.py", line 145, in _do_get
    with util.safe_reraise():
  File "/home/airflow/.local/lib/python3.10/site-packages/sqlalchemy/util/langhelpers.py", line 70, in __exit__
    compat.raise_(
  File "/home/airflow/.local/lib/python3.10/site-packages/sqlalchemy/util/compat.py", line 211, in raise_
    raise exception
  File "/home/airflow/.local/lib/python3.10/site-packages/sqlalchemy/pool/impl.py", line 143, in _do_get
    return self._create_connection()
  File "/home/airflow/.local/lib/python3.10/site-packages/sqlalchemy/pool/base.py", line 273, in _create_connection
    return _ConnectionRecord(self)
  File "/home/airflow/.local/lib/python3.10/site-packages/sqlalchemy/pool/base.py", line 388, in __init__
    self.__connect()
  File "/home/airflow/.local/lib/python3.10/site-packages/sqlalchemy/pool/base.py", line 690, in __connect
    with util.safe_reraise():
  File "/home/airflow/.local/lib/python3.10/site-packages/sqlalchemy/util/langhelpers.py", line 70, in __exit__
    compat.raise_(
  File "/home/airflow/.local/lib/python3.10/site-packages/sqlalchemy/util/compat.py", line 211, in raise_
    raise exception
  File "/home/airflow/.local/lib/python3.10/site-packages/sqlalchemy/pool/base.py", line 686, in __connect
    self.dbapi_connection = connection = pool._invoke_creator(self)
  File "/home/airflow/.local/lib/python3.10/site-packages/sqlalchemy/engine/create.py", line 574, in connect
    return dialect.connect(*cargs, **cparams)
  File "/home/airflow/.local/lib/python3.10/site-packages/sqlalchemy/engine/default.py", line 598, in connect
    return self.dbapi.connect(*cargs, **cparams)
  File "/home/airflow/.local/lib/python3.10/site-packages/psycopg2/__init__.py", line 122, in connect
    conn = _connect(dsn, connection_factory=connection_factory, **kwasync)
psycopg2.OperationalError: could not translate host name "postgres" to address: Temporary failure in name resolution


The above exception was the direct cause of the following exception:

Traceback (most recent call last):
  File "/home/airflow/.local/lib/python3.10/site-packages/airflow/dag_processing/processor.py", line 182, in _run_file_processor
    _handle_dag_file_processing()
  File "/home/airflow/.local/lib/python3.10/site-packages/airflow/dag_processing/processor.py", line 163, in _handle_dag_file_processing
    result: tuple[int, int] = dag_file_processor.process_file(
  File "/home/airflow/.local/lib/python3.10/site-packages/airflow/utils/session.py", line 79, in wrapper
    return func(*args, session=session, **kwargs)
  File "/home/airflow/.local/lib/python3.10/site-packages/airflow/dag_processing/processor.py", line 859, in process_file
    serialize_errors = DagFileProcessor.save_dag_to_db(
  File "/home/airflow/.local/lib/python3.10/site-packages/airflow/api_internal/internal_api_call.py", line 115, in wrapper
    return func(*args, **kwargs)
  File "/home/airflow/.local/lib/python3.10/site-packages/airflow/utils/session.py", line 79, in wrapper
    return func(*args, session=session, **kwargs)
  File "/home/airflow/.local/lib/python3.10/site-packages/airflow/dag_processing/processor.py", line 895, in save_dag_to_db
    import_errors = DagBag._sync_to_db(dags=dags, processor_subdir=dag_directory, session=session)
  File "/home/airflow/.local/lib/python3.10/site-packages/airflow/utils/session.py", line 76, in wrapper
    return func(*args, **kwargs)
  File "/home/airflow/.local/lib/python3.10/site-packages/airflow/models/dagbag.py", line 664, in _sync_to_db
    for attempt in run_with_db_retries(logger=log):
  File "/home/airflow/.local/lib/python3.10/site-packages/tenacity/__init__.py", line 435, in __iter__
    do = self.iter(retry_state=retry_state)
  File "/home/airflow/.local/lib/python3.10/site-packages/tenacity/__init__.py", line 368, in iter
    result = action(retry_state)
  File "/home/airflow/.local/lib/python3.10/site-packages/tenacity/__init__.py", line 410, in exc_check
    raise retry_exc.reraise()
  File "/home/airflow/.local/lib/python3.10/site-packages/tenacity/__init__.py", line 183, in reraise
    raise self.last_attempt.result()
  File "/usr/local/lib/python3.10/concurrent/futures/_base.py", line 451, in result
    return self.__get_result()
  File "/usr/local/lib/python3.10/concurrent/futures/_base.py", line 403, in __get_result
    raise self._exception
  File "/home/airflow/.local/lib/python3.10/site-packages/airflow/models/dagbag.py", line 677, in _sync_to_db
    _serialize_dag_capturing_errors(dag, session, processor_subdir)
  File "/home/airflow/.local/lib/python3.10/site-packages/airflow/models/dagbag.py", line 642, in _serialize_dag_capturing_errors
    dag_was_updated = SerializedDagModel.write_dag(
  File "/home/airflow/.local/lib/python3.10/site-packages/airflow/utils/session.py", line 76, in wrapper
    return func(*args, **kwargs)
  File "/home/airflow/.local/lib/python3.10/site-packages/airflow/models/serialized_dag.py", line 158, in write_dag
    if session.scalar(
  File "/home/airflow/.local/lib/python3.10/site-packages/sqlalchemy/orm/session.py", line 1747, in scalar
    return self.execute(
  File "/home/airflow/.local/lib/python3.10/site-packages/sqlalchemy/orm/session.py", line 1716, in execute
    conn = self._connection_for_bind(bind)
  File "/home/airflow/.local/lib/python3.10/site-packages/sqlalchemy/orm/session.py", line 1555, in _connection_for_bind
    return self._transaction._connection_for_bind(
  File "/home/airflow/.local/lib/python3.10/site-packages/sqlalchemy/orm/session.py", line 750, in _connection_for_bind
    conn = bind.connect()
  File "/home/airflow/.local/lib/python3.10/site-packages/sqlalchemy/future/engine.py", line 412, in connect
    return super(Engine, self).connect()
  File "/home/airflow/.local/lib/python3.10/site-packages/sqlalchemy/engine/base.py", line 3325, in connect
    return self._connection_cls(self, close_with_result=close_with_result)
  File "/home/airflow/.local/lib/python3.10/site-packages/sqlalchemy/engine/base.py", line 96, in __init__
    else engine.raw_connection()
  File "/home/airflow/.local/lib/python3.10/site-packages/sqlalchemy/engine/base.py", line 3404, in raw_connection
    return self._wrap_pool_connect(self.pool.connect, _connection)
  File "/home/airflow/.local/lib/python3.10/site-packages/sqlalchemy/engine/base.py", line 3374, in _wrap_pool_connect
    Connection._handle_dbapi_exception_noconnection(
  File "/home/airflow/.local/lib/python3.10/site-packages/sqlalchemy/engine/base.py", line 2208, in _handle_dbapi_exception_noconnection
    util.raise_(
  File "/home/airflow/.local/lib/python3.10/site-packages/sqlalchemy/util/compat.py", line 211, in raise_
    raise exception
  File "/home/airflow/.local/lib/python3.10/site-packages/sqlalchemy/engine/base.py", line 3371, in _wrap_pool_connect
    return fn()
  File "/home/airflow/.local/lib/python3.10/site-packages/sqlalchemy/pool/base.py", line 327, in connect
    return _ConnectionFairy._checkout(self)
  File "/home/airflow/.local/lib/python3.10/site-packages/sqlalchemy/pool/base.py", line 894, in _checkout
    fairy = _ConnectionRecord.checkout(pool)
  File "/home/airflow/.local/lib/python3.10/site-packages/sqlalchemy/pool/base.py", line 493, in checkout
    rec = pool._do_get()
  File "/home/airflow/.local/lib/python3.10/site-packages/sqlalchemy/pool/impl.py", line 145, in _do_get
    with util.safe_reraise():
  File "/home/airflow/.local/lib/python3.10/site-packages/sqlalchemy/util/langhelpers.py", line 70, in __exit__
    compat.raise_(
  File "/home/airflow/.local/lib/python3.10/site-packages/sqlalchemy/util/compat.py", line 211, in raise_
    raise exception
  File "/home/airflow/.local/lib/python3.10/site-packages/sqlalchemy/pool/impl.py", line 143, in _do_get
    return self._create_connection()
  File "/home/airflow/.local/lib/python3.10/site-packages/sqlalchemy/pool/base.py", line 273, in _create_connection
    return _ConnectionRecord(self)
  File "/home/airflow/.local/lib/python3.10/site-packages/sqlalchemy/pool/base.py", line 388, in __init__
    self.__connect()
  File "/home/airflow/.local/lib/python3.10/site-packages/sqlalchemy/pool/base.py", line 690, in __connect
    with util.safe_reraise():
  File "/home/airflow/.local/lib/python3.10/site-packages/sqlalchemy/util/langhelpers.py", line 70, in __exit__
    compat.raise_(
  File "/home/airflow/.local/lib/python3.10/site-packages/sqlalchemy/util/compat.py", line 211, in raise_
    raise exception
  File "/home/airflow/.local/lib/python3.10/site-packages/sqlalchemy/pool/base.py", line 686, in __connect
    self.dbapi_connection = connection = pool._invoke_creator(self)
  File "/home/airflow/.local/lib/python3.10/site-packages/sqlalchemy/engine/create.py", line 574, in connect
    return dialect.connect(*cargs, **cparams)
  File "/home/airflow/.local/lib/python3.10/site-packages/sqlalchemy/engine/default.py", line 598, in connect
    return self.dbapi.connect(*cargs, **cparams)
  File "/home/airflow/.local/lib/python3.10/site-packages/psycopg2/__init__.py", line 122, in connect
    conn = _connect(dsn, connection_factory=connection_factory, **kwasync)
sqlalchemy.exc.OperationalError: (psycopg2.OperationalError) could not translate host name "postgres" to address: Temporary failure in name resolution

(Background on this error at: https://sqlalche.me/e/14/e3q8)
[2026-09-03T05:52:46.192+0000] {processor.py:161} INFO - Started process (PID=741) to work on /opt/airflow/dags/main.py
[2026-09-03T05:52:46.255+0000] {processor.py:830} INFO - Processing file /opt/airflow/dags/main.py for tasks to queue
[2026-09-03T05:52:46.306+0000] {logging_mixin.py:188} INFO - [2026-09-03T05:52:46.303+0000] {dagbag.py:545} INFO - Filling up the DagBag from /opt/airflow/dags/main.py
[2026-09-03T05:52:48.220+0000] {logging_mixin.py:188} INFO - channel id is not executed
[2026-09-03T05:52:50.773+0000] {processor.py:840} INFO - DAG(s) 'update_db' retrieved from /opt/airflow/dags/main.py
[2026-09-03T05:52:59.809+0000] {logging_mixin.py:188} INFO - [2026-09-03T05:52:59.710+0000] {dag.py:3096} INFO - Sync 1 DAGs
[2026-09-03T05:53:00.688+0000] {logging_mixin.py:188} INFO - [2026-09-03T05:53:00.687+0000] {dag.py:3954} INFO - Setting next_dagrun for update_db to 2026-09-03 14:00:00+00:00, run_after=2026-09-04 14:00:00+00:00
[2026-09-03T05:53:02.072+0000] {processor.py:183} INFO - Processing /opt/airflow/dags/main.py took 16.006 seconds
[2026-09-03T05:53:34.840+0000] {processor.py:161} INFO - Started process (PID=742) to work on /opt/airflow/dags/main.py
[2026-09-03T05:53:34.903+0000] {processor.py:830} INFO - Processing file /opt/airflow/dags/main.py for tasks to queue
[2026-09-03T05:53:34.955+0000] {logging_mixin.py:188} INFO - [2026-09-03T05:53:34.935+0000] {dagbag.py:545} INFO - Filling up the DagBag from /opt/airflow/dags/main.py
[2026-09-03T05:53:38.499+0000] {logging_mixin.py:188} INFO - channel id is not executed
[2026-09-03T05:53:41.487+0000] {processor.py:840} INFO - DAG(s) 'update_db' retrieved from /opt/airflow/dags/main.py
[2026-09-03T05:55:43.636+0000] {processor.py:161} INFO - Started process (PID=59) to work on /opt/airflow/dags/main.py
[2026-09-03T05:55:43.639+0000] {processor.py:830} INFO - Processing file /opt/airflow/dags/main.py for tasks to queue
[2026-09-03T05:55:43.645+0000] {logging_mixin.py:188} INFO - [2026-09-03T05:55:43.643+0000] {dagbag.py:545} INFO - Filling up the DagBag from /opt/airflow/dags/main.py
[2026-09-03T05:55:43.737+0000] {logging_mixin.py:188} INFO - channel id is not executed
[2026-09-03T05:55:43.973+0000] {processor.py:840} INFO - DAG(s) 'update_db' retrieved from /opt/airflow/dags/main.py
[2026-09-03T05:55:44.501+0000] {logging_mixin.py:188} INFO - [2026-09-03T05:55:44.501+0000] {dag.py:3096} INFO - Sync 1 DAGs
[2026-09-03T05:55:44.542+0000] {logging_mixin.py:188} INFO - [2026-09-03T05:55:44.541+0000] {dag.py:3954} INFO - Setting next_dagrun for update_db to 2026-09-03 14:00:00+00:00, run_after=2026-09-04 14:00:00+00:00
[2026-09-03T05:55:44.655+0000] {processor.py:183} INFO - Processing /opt/airflow/dags/main.py took 1.028 seconds
[2026-09-03T05:56:15.401+0000] {processor.py:161} INFO - Started process (PID=65) to work on /opt/airflow/dags/main.py
[2026-09-03T05:56:15.425+0000] {processor.py:830} INFO - Processing file /opt/airflow/dags/main.py for tasks to queue
[2026-09-03T05:56:15.447+0000] {logging_mixin.py:188} INFO - [2026-09-03T05:56:15.444+0000] {dagbag.py:545} INFO - Filling up the DagBag from /opt/airflow/dags/main.py
[2026-09-03T05:56:16.935+0000] {logging_mixin.py:188} INFO - channel id is not executed
[2026-09-03T05:56:19.062+0000] {processor.py:840} INFO - DAG(s) 'update_db' retrieved from /opt/airflow/dags/main.py
[2026-09-03T05:56:23.332+0000] {logging_mixin.py:188} INFO - [2026-09-03T05:56:23.293+0000] {dag.py:3096} INFO - Sync 1 DAGs
[2026-09-03T05:56:23.817+0000] {logging_mixin.py:188} INFO - [2026-09-03T05:56:23.817+0000] {dag.py:3954} INFO - Setting next_dagrun for update_db to 2026-09-03 14:00:00+00:00, run_after=2026-09-04 14:00:00+00:00
[2026-09-03T05:56:24.722+0000] {processor.py:183} INFO - Processing /opt/airflow/dags/main.py took 9.400 seconds
[2026-09-03T05:56:58.165+0000] {processor.py:161} INFO - Started process (PID=66) to work on /opt/airflow/dags/main.py
[2026-09-03T05:56:58.227+0000] {processor.py:830} INFO - Processing file /opt/airflow/dags/main.py for tasks to queue
[2026-09-03T05:56:58.448+0000] {logging_mixin.py:188} INFO - [2026-09-03T05:56:58.393+0000] {dagbag.py:545} INFO - Filling up the DagBag from /opt/airflow/dags/main.py
[2026-09-03T05:57:02.614+0000] {logging_mixin.py:188} INFO - channel id is not executed
[2026-09-03T05:57:06.262+0000] {processor.py:840} INFO - DAG(s) 'update_db' retrieved from /opt/airflow/dags/main.py
[2026-09-03T05:57:07.054+0000] {logging_mixin.py:188} INFO - [2026-09-03T05:57:07.036+0000] {dag.py:3096} INFO - Sync 1 DAGs
[2026-09-03T05:57:07.206+0000] {logging_mixin.py:188} INFO - [2026-09-03T05:57:07.206+0000] {dag.py:3954} INFO - Setting next_dagrun for update_db to 2026-09-03 14:00:00+00:00, run_after=2026-09-04 14:00:00+00:00
[2026-09-03T05:57:07.441+0000] {processor.py:183} INFO - Processing /opt/airflow/dags/main.py took 9.455 seconds
[2026-09-03T05:57:40.774+0000] {processor.py:161} INFO - Started process (PID=79) to work on /opt/airflow/dags/main.py
[2026-09-03T05:57:40.822+0000] {processor.py:830} INFO - Processing file /opt/airflow/dags/main.py for tasks to queue
[2026-09-03T05:57:40.873+0000] {logging_mixin.py:188} INFO - [2026-09-03T05:57:40.870+0000] {dagbag.py:545} INFO - Filling up the DagBag from /opt/airflow/dags/main.py
[2026-09-03T05:57:49.882+0000] {logging_mixin.py:188} INFO - [2026-09-03T05:57:49.688+0000] {dagbag.py:355} ERROR - Failed to import: /opt/airflow/dags/main.py
Traceback (most recent call last):
  File "/home/airflow/.local/lib/python3.10/site-packages/airflow/models/dagbag.py", line 351, in parse
    loader.exec_module(new_module)
  File "<frozen importlib._bootstrap_external>", line 883, in exec_module
  File "<frozen importlib._bootstrap>", line 241, in _call_with_frames_removed
  File "/opt/airflow/dags/main.py", line 5, in <module>
    from api.video import channel_playlist_id,get_video_id,extract_video_data,save_to_json
  File "<frozen importlib._bootstrap>", line 1027, in _find_and_load
  File "<frozen importlib._bootstrap>", line 1002, in _find_and_load_unlocked
  File "<frozen importlib._bootstrap>", line 945, in _find_spec
  File "<frozen importlib._bootstrap_external>", line 1439, in find_spec
  File "<frozen importlib._bootstrap_external>", line 1411, in _get_spec
  File "<frozen importlib._bootstrap_external>", line 1548, in find_spec
  File "<frozen importlib._bootstrap_external>", line 1591, in _fill_cache
OSError: [Errno 12] Cannot allocate memory: '/opt/airflow/dags/api'
[2026-09-03T05:57:49.932+0000] {processor.py:842} WARNING - No viable dags retrieved from /opt/airflow/dags/main.py
[2026-09-03T05:57:51.044+0000] {processor.py:183} INFO - Processing /opt/airflow/dags/main.py took 10.396 seconds
[2026-09-03T05:58:21.672+0000] {processor.py:161} INFO - Started process (PID=85) to work on /opt/airflow/dags/main.py
[2026-09-03T05:58:21.675+0000] {processor.py:830} INFO - Processing file /opt/airflow/dags/main.py for tasks to queue
[2026-09-03T05:58:21.680+0000] {logging_mixin.py:188} INFO - [2026-09-03T05:58:21.680+0000] {dagbag.py:545} INFO - Filling up the DagBag from /opt/airflow/dags/main.py
[2026-09-03T05:58:22.083+0000] {logging_mixin.py:188} INFO - channel id is not executed
[2026-09-03T05:58:26.067+0000] {processor.py:840} INFO - DAG(s) 'update_db' retrieved from /opt/airflow/dags/main.py
[2026-09-03T05:58:26.954+0000] {logging_mixin.py:188} INFO - [2026-09-03T05:58:26.951+0000] {dag.py:3096} INFO - Sync 1 DAGs
[2026-09-03T05:58:27.058+0000] {logging_mixin.py:188} INFO - [2026-09-03T05:58:27.058+0000] {dag.py:3954} INFO - Setting next_dagrun for update_db to 2026-09-03 14:00:00+00:00, run_after=2026-09-04 14:00:00+00:00
[2026-09-03T05:58:27.207+0000] {processor.py:183} INFO - Processing /opt/airflow/dags/main.py took 5.570 seconds
[2026-09-03T05:58:57.582+0000] {processor.py:161} INFO - Started process (PID=91) to work on /opt/airflow/dags/main.py
[2026-09-03T05:58:57.637+0000] {processor.py:830} INFO - Processing file /opt/airflow/dags/main.py for tasks to queue
[2026-09-03T05:58:57.701+0000] {logging_mixin.py:188} INFO - [2026-09-03T05:58:57.700+0000] {dagbag.py:545} INFO - Filling up the DagBag from /opt/airflow/dags/main.py
[2026-09-03T05:58:57.894+0000] {logging_mixin.py:188} INFO - channel id is not executed
[2026-09-03T05:58:58.163+0000] {processor.py:840} INFO - DAG(s) 'update_db' retrieved from /opt/airflow/dags/main.py
[2026-09-03T05:58:59.653+0000] {logging_mixin.py:188} INFO - [2026-09-03T05:58:59.651+0000] {dag.py:3096} INFO - Sync 1 DAGs
[2026-09-03T05:58:59.888+0000] {logging_mixin.py:188} INFO - [2026-09-03T05:58:59.888+0000] {dag.py:3954} INFO - Setting next_dagrun for update_db to 2026-09-03 14:00:00+00:00, run_after=2026-09-04 14:00:00+00:00
[2026-09-03T05:59:00.732+0000] {processor.py:183} INFO - Processing /opt/airflow/dags/main.py took 3.822 seconds
[2026-09-03T05:59:33.764+0000] {processor.py:161} INFO - Started process (PID=98) to work on /opt/airflow/dags/main.py
[2026-09-03T05:59:33.792+0000] {processor.py:830} INFO - Processing file /opt/airflow/dags/main.py for tasks to queue
[2026-09-03T05:59:33.825+0000] {logging_mixin.py:188} INFO - [2026-09-03T05:59:33.824+0000] {dagbag.py:545} INFO - Filling up the DagBag from /opt/airflow/dags/main.py
[2026-09-03T05:59:35.644+0000] {logging_mixin.py:188} INFO - channel id is not executed
[2026-09-03T05:59:41.778+0000] {processor.py:840} INFO - DAG(s) 'update_db' retrieved from /opt/airflow/dags/main.py
[2026-09-03T05:59:44.974+0000] {logging_mixin.py:188} INFO - [2026-09-03T05:59:44.973+0000] {dag.py:3096} INFO - Sync 1 DAGs
[2026-09-03T05:59:45.146+0000] {logging_mixin.py:188} INFO - [2026-09-03T05:59:45.145+0000] {dag.py:3954} INFO - Setting next_dagrun for update_db to 2026-09-03 14:00:00+00:00, run_after=2026-09-04 14:00:00+00:00
[2026-09-03T05:59:45.281+0000] {processor.py:183} INFO - Processing /opt/airflow/dags/main.py took 11.553 seconds
[2026-09-03T06:00:17.027+0000] {processor.py:161} INFO - Started process (PID=105) to work on /opt/airflow/dags/main.py
[2026-09-03T06:00:17.107+0000] {processor.py:830} INFO - Processing file /opt/airflow/dags/main.py for tasks to queue
[2026-09-03T06:00:17.140+0000] {logging_mixin.py:188} INFO - [2026-09-03T06:00:17.139+0000] {dagbag.py:545} INFO - Filling up the DagBag from /opt/airflow/dags/main.py
[2026-09-03T06:00:17.598+0000] {logging_mixin.py:188} INFO - channel id is not executed
[2026-09-03T06:00:18.115+0000] {processor.py:840} INFO - DAG(s) 'update_db' retrieved from /opt/airflow/dags/main.py
[2026-09-03T06:00:19.399+0000] {logging_mixin.py:188} INFO - [2026-09-03T06:00:19.398+0000] {dag.py:3096} INFO - Sync 1 DAGs
[2026-09-03T06:00:19.485+0000] {logging_mixin.py:188} INFO - [2026-09-03T06:00:19.485+0000] {dag.py:3954} INFO - Setting next_dagrun for update_db to 2026-09-03 14:00:00+00:00, run_after=2026-09-04 14:00:00+00:00
[2026-09-03T06:00:19.733+0000] {processor.py:183} INFO - Processing /opt/airflow/dags/main.py took 2.797 seconds
[2026-09-03T06:00:51.257+0000] {processor.py:161} INFO - Started process (PID=111) to work on /opt/airflow/dags/main.py
[2026-09-03T06:00:51.266+0000] {processor.py:830} INFO - Processing file /opt/airflow/dags/main.py for tasks to queue
[2026-09-03T06:00:51.271+0000] {logging_mixin.py:188} INFO - [2026-09-03T06:00:51.270+0000] {dagbag.py:545} INFO - Filling up the DagBag from /opt/airflow/dags/main.py
[2026-09-03T06:00:51.442+0000] {logging_mixin.py:188} INFO - channel id is not executed
[2026-09-03T06:00:51.697+0000] {processor.py:840} INFO - DAG(s) 'update_db' retrieved from /opt/airflow/dags/main.py
[2026-09-03T06:00:53.214+0000] {logging_mixin.py:188} INFO - [2026-09-03T06:00:53.214+0000] {dag.py:3096} INFO - Sync 1 DAGs
[2026-09-03T06:00:53.323+0000] {logging_mixin.py:188} INFO - [2026-09-03T06:00:53.323+0000] {dag.py:3954} INFO - Setting next_dagrun for update_db to 2026-09-03 14:00:00+00:00, run_after=2026-09-04 14:00:00+00:00
[2026-09-03T06:00:53.426+0000] {processor.py:183} INFO - Processing /opt/airflow/dags/main.py took 2.201 seconds
[2026-09-03T06:01:24.564+0000] {processor.py:161} INFO - Started process (PID=118) to work on /opt/airflow/dags/main.py
[2026-09-03T06:01:24.574+0000] {processor.py:830} INFO - Processing file /opt/airflow/dags/main.py for tasks to queue
[2026-09-03T06:01:24.582+0000] {logging_mixin.py:188} INFO - [2026-09-03T06:01:24.581+0000] {dagbag.py:545} INFO - Filling up the DagBag from /opt/airflow/dags/main.py
[2026-09-03T06:01:24.824+0000] {logging_mixin.py:188} INFO - channel id is not executed
[2026-09-03T06:01:25.288+0000] {processor.py:840} INFO - DAG(s) 'update_db' retrieved from /opt/airflow/dags/main.py
[2026-09-03T06:01:25.798+0000] {logging_mixin.py:188} INFO - [2026-09-03T06:01:25.798+0000] {dag.py:3096} INFO - Sync 1 DAGs
[2026-09-03T06:01:25.835+0000] {logging_mixin.py:188} INFO - [2026-09-03T06:01:25.835+0000] {dag.py:3954} INFO - Setting next_dagrun for update_db to 2026-09-03 14:00:00+00:00, run_after=2026-09-04 14:00:00+00:00
[2026-09-03T06:01:25.874+0000] {processor.py:183} INFO - Processing /opt/airflow/dags/main.py took 1.327 seconds
[2026-09-03T06:01:57.131+0000] {processor.py:161} INFO - Started process (PID=125) to work on /opt/airflow/dags/main.py
[2026-09-03T06:01:57.161+0000] {processor.py:830} INFO - Processing file /opt/airflow/dags/main.py for tasks to queue
[2026-09-03T06:01:57.172+0000] {logging_mixin.py:188} INFO - [2026-09-03T06:01:57.172+0000] {dagbag.py:545} INFO - Filling up the DagBag from /opt/airflow/dags/main.py
[2026-09-03T06:01:57.785+0000] {logging_mixin.py:188} INFO - channel id is not executed
[2026-09-03T06:01:58.108+0000] {processor.py:840} INFO - DAG(s) 'update_db' retrieved from /opt/airflow/dags/main.py
[2026-09-03T06:01:59.070+0000] {logging_mixin.py:188} INFO - [2026-09-03T06:01:59.069+0000] {dag.py:3096} INFO - Sync 1 DAGs
[2026-09-03T06:01:59.394+0000] {logging_mixin.py:188} INFO - [2026-09-03T06:01:59.393+0000] {dag.py:3954} INFO - Setting next_dagrun for update_db to 2026-09-03 14:00:00+00:00, run_after=2026-09-04 14:00:00+00:00
[2026-09-03T06:01:59.494+0000] {processor.py:183} INFO - Processing /opt/airflow/dags/main.py took 2.407 seconds
[2026-09-03T06:02:30.900+0000] {processor.py:161} INFO - Started process (PID=132) to work on /opt/airflow/dags/main.py
[2026-09-03T06:02:30.930+0000] {processor.py:830} INFO - Processing file /opt/airflow/dags/main.py for tasks to queue
[2026-09-03T06:02:30.947+0000] {logging_mixin.py:188} INFO - [2026-09-03T06:02:30.942+0000] {dagbag.py:545} INFO - Filling up the DagBag from /opt/airflow/dags/main.py
[2026-09-03T06:02:31.634+0000] {logging_mixin.py:188} INFO - channel id is not executed
[2026-09-03T06:02:32.280+0000] {processor.py:840} INFO - DAG(s) 'update_db' retrieved from /opt/airflow/dags/main.py
[2026-09-03T06:02:35.802+0000] {logging_mixin.py:188} INFO - [2026-09-03T06:02:35.730+0000] {dag.py:3096} INFO - Sync 1 DAGs
[2026-09-03T06:02:36.280+0000] {logging_mixin.py:188} INFO - [2026-09-03T06:02:36.280+0000] {dag.py:3954} INFO - Setting next_dagrun for update_db to 2026-09-03 14:00:00+00:00, run_after=2026-09-04 14:00:00+00:00
[2026-09-03T06:02:36.680+0000] {processor.py:183} INFO - Processing /opt/airflow/dags/main.py took 6.117 seconds
[2026-09-03T06:03:07.644+0000] {processor.py:161} INFO - Started process (PID=138) to work on /opt/airflow/dags/main.py
[2026-09-03T06:03:07.647+0000] {processor.py:830} INFO - Processing file /opt/airflow/dags/main.py for tasks to queue
[2026-09-03T06:03:07.652+0000] {logging_mixin.py:188} INFO - [2026-09-03T06:03:07.652+0000] {dagbag.py:545} INFO - Filling up the DagBag from /opt/airflow/dags/main.py
[2026-09-03T06:03:07.853+0000] {logging_mixin.py:188} INFO - channel id is not executed
[2026-09-03T06:03:08.849+0000] {processor.py:840} INFO - DAG(s) 'update_db' retrieved from /opt/airflow/dags/main.py
[2026-09-03T06:03:10.254+0000] {logging_mixin.py:188} INFO - [2026-09-03T06:03:10.253+0000] {dag.py:3096} INFO - Sync 1 DAGs
[2026-09-03T06:03:10.379+0000] {logging_mixin.py:188} INFO - [2026-09-03T06:03:10.379+0000] {dag.py:3954} INFO - Setting next_dagrun for update_db to 2026-09-03 14:00:00+00:00, run_after=2026-09-04 14:00:00+00:00
[2026-09-03T06:03:10.496+0000] {processor.py:183} INFO - Processing /opt/airflow/dags/main.py took 2.881 seconds
[2026-09-03T06:03:41.404+0000] {processor.py:161} INFO - Started process (PID=144) to work on /opt/airflow/dags/main.py
[2026-09-03T06:03:41.409+0000] {processor.py:830} INFO - Processing file /opt/airflow/dags/main.py for tasks to queue
[2026-09-03T06:03:41.419+0000] {logging_mixin.py:188} INFO - [2026-09-03T06:03:41.418+0000] {dagbag.py:545} INFO - Filling up the DagBag from /opt/airflow/dags/main.py
[2026-09-03T06:03:41.614+0000] {logging_mixin.py:188} INFO - channel id is not executed
[2026-09-03T06:03:41.961+0000] {processor.py:840} INFO - DAG(s) 'update_db' retrieved from /opt/airflow/dags/main.py
[2026-09-03T06:03:42.625+0000] {logging_mixin.py:188} INFO - [2026-09-03T06:03:42.624+0000] {dag.py:3096} INFO - Sync 1 DAGs
[2026-09-03T06:03:42.681+0000] {logging_mixin.py:188} INFO - [2026-09-03T06:03:42.680+0000] {dag.py:3954} INFO - Setting next_dagrun for update_db to 2026-09-03 14:00:00+00:00, run_after=2026-09-04 14:00:00+00:00
[2026-09-03T06:03:42.734+0000] {processor.py:183} INFO - Processing /opt/airflow/dags/main.py took 1.364 seconds
[2026-09-03T06:04:13.534+0000] {processor.py:161} INFO - Started process (PID=151) to work on /opt/airflow/dags/main.py
[2026-09-03T06:04:13.536+0000] {processor.py:830} INFO - Processing file /opt/airflow/dags/main.py for tasks to queue
[2026-09-03T06:04:13.541+0000] {logging_mixin.py:188} INFO - [2026-09-03T06:04:13.539+0000] {dagbag.py:545} INFO - Filling up the DagBag from /opt/airflow/dags/main.py
[2026-09-03T06:04:14.023+0000] {logging_mixin.py:188} INFO - channel id is not executed
[2026-09-03T06:04:14.668+0000] {processor.py:840} INFO - DAG(s) 'update_db' retrieved from /opt/airflow/dags/main.py
[2026-09-03T06:04:15.091+0000] {logging_mixin.py:188} INFO - [2026-09-03T06:04:15.085+0000] {dag.py:3096} INFO - Sync 1 DAGs
[2026-09-03T06:04:15.738+0000] {logging_mixin.py:188} INFO - [2026-09-03T06:04:15.738+0000] {dag.py:3954} INFO - Setting next_dagrun for update_db to 2026-09-03 14:00:00+00:00, run_after=2026-09-04 14:00:00+00:00
[2026-09-03T06:04:16.091+0000] {processor.py:183} INFO - Processing /opt/airflow/dags/main.py took 2.575 seconds
[2026-09-03T06:04:47.011+0000] {processor.py:161} INFO - Started process (PID=163) to work on /opt/airflow/dags/main.py
[2026-09-03T06:04:47.017+0000] {processor.py:830} INFO - Processing file /opt/airflow/dags/main.py for tasks to queue
[2026-09-03T06:04:47.022+0000] {logging_mixin.py:188} INFO - [2026-09-03T06:04:47.021+0000] {dagbag.py:545} INFO - Filling up the DagBag from /opt/airflow/dags/main.py
[2026-09-03T06:04:47.247+0000] {logging_mixin.py:188} INFO - channel id is not executed
[2026-09-03T06:04:47.508+0000] {processor.py:840} INFO - DAG(s) 'update_db' retrieved from /opt/airflow/dags/main.py
[2026-09-03T06:04:48.313+0000] {logging_mixin.py:188} INFO - [2026-09-03T06:04:48.312+0000] {dag.py:3096} INFO - Sync 1 DAGs
[2026-09-03T06:04:48.514+0000] {logging_mixin.py:188} INFO - [2026-09-03T06:04:48.514+0000] {dag.py:3954} INFO - Setting next_dagrun for update_db to 2026-09-03 14:00:00+00:00, run_after=2026-09-04 14:00:00+00:00
[2026-09-03T06:04:48.621+0000] {processor.py:183} INFO - Processing /opt/airflow/dags/main.py took 1.634 seconds
[2026-09-03T06:05:37.947+0000] {processor.py:161} INFO - Started process (PID=169) to work on /opt/airflow/dags/main.py
[2026-09-03T06:05:37.978+0000] {processor.py:830} INFO - Processing file /opt/airflow/dags/main.py for tasks to queue
[2026-09-03T06:05:38.036+0000] {logging_mixin.py:188} INFO - [2026-09-03T06:05:38.032+0000] {dagbag.py:545} INFO - Filling up the DagBag from /opt/airflow/dags/main.py
[2026-09-03T06:05:38.649+0000] {logging_mixin.py:188} INFO - channel id is not executed
[2026-09-03T06:05:39.012+0000] {processor.py:840} INFO - DAG(s) 'update_db' retrieved from /opt/airflow/dags/main.py
[2026-09-03T06:05:40.442+0000] {logging_mixin.py:188} INFO - [2026-09-03T06:05:40.442+0000] {dag.py:3096} INFO - Sync 1 DAGs
[2026-09-03T06:05:40.642+0000] {logging_mixin.py:188} INFO - [2026-09-03T06:05:40.642+0000] {dag.py:3954} INFO - Setting next_dagrun for update_db to 2026-09-03 14:00:00+00:00, run_after=2026-09-04 14:00:00+00:00
[2026-09-03T06:05:40.884+0000] {processor.py:183} INFO - Processing /opt/airflow/dags/main.py took 3.200 seconds
[2026-09-03T06:06:11.574+0000] {processor.py:161} INFO - Started process (PID=176) to work on /opt/airflow/dags/main.py
[2026-09-03T06:06:11.591+0000] {processor.py:830} INFO - Processing file /opt/airflow/dags/main.py for tasks to queue
[2026-09-03T06:06:11.608+0000] {logging_mixin.py:188} INFO - [2026-09-03T06:06:11.598+0000] {dagbag.py:545} INFO - Filling up the DagBag from /opt/airflow/dags/main.py
[2026-09-03T06:06:12.179+0000] {logging_mixin.py:188} INFO - channel id is not executed
[2026-09-03T06:06:13.917+0000] {processor.py:840} INFO - DAG(s) 'update_db' retrieved from /opt/airflow/dags/main.py
[2026-09-03T06:06:14.986+0000] {logging_mixin.py:188} INFO - [2026-09-03T06:06:14.986+0000] {dag.py:3096} INFO - Sync 1 DAGs
[2026-09-03T06:06:15.111+0000] {logging_mixin.py:188} INFO - [2026-09-03T06:06:15.111+0000] {dag.py:3954} INFO - Setting next_dagrun for update_db to 2026-09-03 14:00:00+00:00, run_after=2026-09-04 14:00:00+00:00
[2026-09-03T06:06:15.203+0000] {processor.py:183} INFO - Processing /opt/airflow/dags/main.py took 3.670 seconds
[2026-09-03T06:06:51.189+0000] {processor.py:161} INFO - Started process (PID=183) to work on /opt/airflow/dags/main.py
[2026-09-03T06:06:51.333+0000] {processor.py:830} INFO - Processing file /opt/airflow/dags/main.py for tasks to queue
[2026-09-03T06:06:51.609+0000] {logging_mixin.py:188} INFO - [2026-09-03T06:06:51.608+0000] {dagbag.py:545} INFO - Filling up the DagBag from /opt/airflow/dags/main.py
[2026-09-03T06:06:56.317+0000] {logging_mixin.py:188} INFO - channel id is not executed
[2026-09-03T06:07:04.720+0000] {processor.py:840} INFO - DAG(s) 'update_db' retrieved from /opt/airflow/dags/main.py
[2026-09-03T06:07:09.066+0000] {logging_mixin.py:188} INFO - [2026-09-03T06:07:09.055+0000] {dag.py:3096} INFO - Sync 1 DAGs
[2026-09-03T06:07:09.216+0000] {logging_mixin.py:188} INFO - [2026-09-03T06:07:09.215+0000] {dag.py:3954} INFO - Setting next_dagrun for update_db to 2026-09-03 14:00:00+00:00, run_after=2026-09-04 14:00:00+00:00
[2026-09-03T06:07:09.404+0000] {processor.py:183} INFO - Processing /opt/airflow/dags/main.py took 18.530 seconds
[2026-09-03T06:07:42.972+0000] {processor.py:161} INFO - Started process (PID=191) to work on /opt/airflow/dags/main.py
[2026-09-03T06:07:43.003+0000] {processor.py:830} INFO - Processing file /opt/airflow/dags/main.py for tasks to queue
[2026-09-03T06:07:43.054+0000] {logging_mixin.py:188} INFO - [2026-09-03T06:07:43.051+0000] {dagbag.py:545} INFO - Filling up the DagBag from /opt/airflow/dags/main.py
[2026-09-03T06:07:44.084+0000] {logging_mixin.py:188} INFO - channel id is not executed
[2026-09-03T06:07:45.059+0000] {processor.py:840} INFO - DAG(s) 'update_db' retrieved from /opt/airflow/dags/main.py
[2026-09-03T06:07:48.653+0000] {logging_mixin.py:188} INFO - [2026-09-03T06:07:48.343+0000] {dag.py:3096} INFO - Sync 1 DAGs
[2026-09-03T06:07:48.877+0000] {logging_mixin.py:188} INFO - [2026-09-03T06:07:48.877+0000] {dag.py:3954} INFO - Setting next_dagrun for update_db to 2026-09-03 14:00:00+00:00, run_after=2026-09-04 14:00:00+00:00
[2026-09-03T06:07:49.144+0000] {processor.py:183} INFO - Processing /opt/airflow/dags/main.py took 6.297 seconds
[2026-09-03T06:08:20.452+0000] {processor.py:161} INFO - Started process (PID=198) to work on /opt/airflow/dags/main.py
[2026-09-03T06:08:20.479+0000] {processor.py:830} INFO - Processing file /opt/airflow/dags/main.py for tasks to queue
[2026-09-03T06:08:20.500+0000] {logging_mixin.py:188} INFO - [2026-09-03T06:08:20.499+0000] {dagbag.py:545} INFO - Filling up the DagBag from /opt/airflow/dags/main.py
[2026-09-03T06:08:20.981+0000] {logging_mixin.py:188} INFO - channel id is not executed
[2026-09-03T06:08:22.198+0000] {processor.py:840} INFO - DAG(s) 'update_db' retrieved from /opt/airflow/dags/main.py
[2026-09-03T06:08:23.830+0000] {logging_mixin.py:188} INFO - [2026-09-03T06:08:23.830+0000] {dag.py:3096} INFO - Sync 1 DAGs
[2026-09-03T06:08:25.362+0000] {logging_mixin.py:188} INFO - [2026-09-03T06:08:25.351+0000] {dag.py:3954} INFO - Setting next_dagrun for update_db to 2026-09-03 14:00:00+00:00, run_after=2026-09-04 14:00:00+00:00
[2026-09-03T06:08:25.702+0000] {processor.py:183} INFO - Processing /opt/airflow/dags/main.py took 5.275 seconds
[2026-09-03T06:08:56.960+0000] {processor.py:161} INFO - Started process (PID=205) to work on /opt/airflow/dags/main.py
[2026-09-03T06:08:56.979+0000] {processor.py:830} INFO - Processing file /opt/airflow/dags/main.py for tasks to queue
[2026-09-03T06:08:57.008+0000] {logging_mixin.py:188} INFO - [2026-09-03T06:08:57.006+0000] {dagbag.py:545} INFO - Filling up the DagBag from /opt/airflow/dags/main.py
[2026-09-03T06:08:58.035+0000] {logging_mixin.py:188} INFO - channel id is not executed
[2026-09-03T06:08:59.648+0000] {processor.py:840} INFO - DAG(s) 'update_db' retrieved from /opt/airflow/dags/main.py
[2026-09-03T06:09:02.129+0000] {logging_mixin.py:188} INFO - [2026-09-03T06:09:02.123+0000] {dag.py:3096} INFO - Sync 1 DAGs
[2026-09-03T06:09:02.198+0000] {logging_mixin.py:188} INFO - [2026-09-03T06:09:02.197+0000] {dag.py:3954} INFO - Setting next_dagrun for update_db to 2026-09-03 14:00:00+00:00, run_after=2026-09-04 14:00:00+00:00
[2026-09-03T06:09:02.292+0000] {processor.py:183} INFO - Processing /opt/airflow/dags/main.py took 5.393 seconds
[2026-09-03T06:09:32.998+0000] {processor.py:161} INFO - Started process (PID=212) to work on /opt/airflow/dags/main.py
[2026-09-03T06:09:33.016+0000] {processor.py:830} INFO - Processing file /opt/airflow/dags/main.py for tasks to queue
[2026-09-03T06:09:33.048+0000] {logging_mixin.py:188} INFO - [2026-09-03T06:09:33.047+0000] {dagbag.py:545} INFO - Filling up the DagBag from /opt/airflow/dags/main.py
[2026-09-03T06:09:33.350+0000] {logging_mixin.py:188} INFO - channel id is not executed
[2026-09-03T06:09:33.883+0000] {processor.py:840} INFO - DAG(s) 'update_db' retrieved from /opt/airflow/dags/main.py
[2026-09-03T06:09:34.983+0000] {logging_mixin.py:188} INFO - [2026-09-03T06:09:34.982+0000] {dag.py:3096} INFO - Sync 1 DAGs
[2026-09-03T06:09:35.083+0000] {logging_mixin.py:188} INFO - [2026-09-03T06:09:35.082+0000] {dag.py:3954} INFO - Setting next_dagrun for update_db to 2026-09-03 14:00:00+00:00, run_after=2026-09-04 14:00:00+00:00
[2026-09-03T06:09:35.419+0000] {processor.py:183} INFO - Processing /opt/airflow/dags/main.py took 2.490 seconds
[2026-09-03T06:10:06.136+0000] {processor.py:161} INFO - Started process (PID=220) to work on /opt/airflow/dags/main.py
[2026-09-03T06:10:06.162+0000] {processor.py:830} INFO - Processing file /opt/airflow/dags/main.py for tasks to queue
[2026-09-03T06:10:06.195+0000] {logging_mixin.py:188} INFO - [2026-09-03T06:10:06.194+0000] {dagbag.py:545} INFO - Filling up the DagBag from /opt/airflow/dags/main.py
[2026-09-03T06:10:07.217+0000] {logging_mixin.py:188} INFO - channel id is not executed
[2026-09-03T06:10:07.638+0000] {processor.py:840} INFO - DAG(s) 'update_db' retrieved from /opt/airflow/dags/main.py
[2026-09-03T06:10:10.584+0000] {logging_mixin.py:188} INFO - [2026-09-03T06:10:10.568+0000] {dag.py:3096} INFO - Sync 1 DAGs
[2026-09-03T06:10:10.765+0000] {logging_mixin.py:188} INFO - [2026-09-03T06:10:10.764+0000] {dag.py:3954} INFO - Setting next_dagrun for update_db to 2026-09-03 14:00:00+00:00, run_after=2026-09-04 14:00:00+00:00
[2026-09-03T06:10:11.068+0000] {processor.py:183} INFO - Processing /opt/airflow/dags/main.py took 4.960 seconds
[2026-09-03T06:10:42.527+0000] {processor.py:161} INFO - Started process (PID=227) to work on /opt/airflow/dags/main.py
[2026-09-03T06:10:42.537+0000] {processor.py:830} INFO - Processing file /opt/airflow/dags/main.py for tasks to queue
[2026-09-03T06:10:42.549+0000] {logging_mixin.py:188} INFO - [2026-09-03T06:10:42.549+0000] {dagbag.py:545} INFO - Filling up the DagBag from /opt/airflow/dags/main.py
[2026-09-03T06:10:42.813+0000] {logging_mixin.py:188} INFO - channel id is not executed
[2026-09-03T06:10:43.021+0000] {processor.py:840} INFO - DAG(s) 'update_db' retrieved from /opt/airflow/dags/main.py
[2026-09-03T06:10:43.637+0000] {logging_mixin.py:188} INFO - [2026-09-03T06:10:43.637+0000] {dag.py:3096} INFO - Sync 1 DAGs
[2026-09-03T06:10:43.692+0000] {logging_mixin.py:188} INFO - [2026-09-03T06:10:43.691+0000] {dag.py:3954} INFO - Setting next_dagrun for update_db to 2026-09-03 14:00:00+00:00, run_after=2026-09-04 14:00:00+00:00
[2026-09-03T06:10:43.729+0000] {processor.py:183} INFO - Processing /opt/airflow/dags/main.py took 1.233 seconds
[2026-09-03T06:11:14.361+0000] {processor.py:161} INFO - Started process (PID=235) to work on /opt/airflow/dags/main.py
[2026-09-03T06:11:14.366+0000] {processor.py:830} INFO - Processing file /opt/airflow/dags/main.py for tasks to queue
[2026-09-03T06:11:14.381+0000] {logging_mixin.py:188} INFO - [2026-09-03T06:11:14.380+0000] {dagbag.py:545} INFO - Filling up the DagBag from /opt/airflow/dags/main.py
[2026-09-03T06:11:14.604+0000] {logging_mixin.py:188} INFO - channel id is not executed
[2026-09-03T06:11:16.341+0000] {processor.py:840} INFO - DAG(s) 'update_db' retrieved from /opt/airflow/dags/main.py
[2026-09-03T06:11:16.960+0000] {logging_mixin.py:188} INFO - [2026-09-03T06:11:16.959+0000] {dag.py:3096} INFO - Sync 1 DAGs
[2026-09-03T06:11:17.032+0000] {logging_mixin.py:188} INFO - [2026-09-03T06:11:17.031+0000] {dag.py:3954} INFO - Setting next_dagrun for update_db to 2026-09-03 14:00:00+00:00, run_after=2026-09-04 14:00:00+00:00
[2026-09-03T06:11:17.103+0000] {processor.py:183} INFO - Processing /opt/airflow/dags/main.py took 2.793 seconds
[2026-09-03T06:11:48.912+0000] {processor.py:161} INFO - Started process (PID=241) to work on /opt/airflow/dags/main.py
[2026-09-03T06:11:49.020+0000] {processor.py:830} INFO - Processing file /opt/airflow/dags/main.py for tasks to queue
[2026-09-03T06:11:49.058+0000] {logging_mixin.py:188} INFO - [2026-09-03T06:11:49.054+0000] {dagbag.py:545} INFO - Filling up the DagBag from /opt/airflow/dags/main.py
[2026-09-03T06:11:50.090+0000] {logging_mixin.py:188} INFO - channel id is not executed
[2026-09-03T06:11:52.038+0000] {processor.py:840} INFO - DAG(s) 'update_db' retrieved from /opt/airflow/dags/main.py
[2026-09-03T06:11:54.726+0000] {logging_mixin.py:188} INFO - [2026-09-03T06:11:54.718+0000] {dag.py:3096} INFO - Sync 1 DAGs
[2026-09-03T06:11:54.857+0000] {logging_mixin.py:188} INFO - [2026-09-03T06:11:54.856+0000] {dag.py:3954} INFO - Setting next_dagrun for update_db to 2026-09-03 14:00:00+00:00, run_after=2026-09-04 14:00:00+00:00
[2026-09-03T06:11:54.985+0000] {processor.py:183} INFO - Processing /opt/airflow/dags/main.py took 6.211 seconds
[2026-09-03T06:12:26.725+0000] {processor.py:161} INFO - Started process (PID=249) to work on /opt/airflow/dags/main.py
[2026-09-03T06:12:26.729+0000] {processor.py:830} INFO - Processing file /opt/airflow/dags/main.py for tasks to queue
[2026-09-03T06:12:26.808+0000] {logging_mixin.py:188} INFO - [2026-09-03T06:12:26.804+0000] {dagbag.py:545} INFO - Filling up the DagBag from /opt/airflow/dags/main.py
[2026-09-03T06:12:35.649+0000] {logging_mixin.py:188} INFO - channel id is not executed
[2026-09-03T06:12:48.956+0000] {processor.py:840} INFO - DAG(s) 'update_db' retrieved from /opt/airflow/dags/main.py
[2026-09-03T06:13:06.304+0000] {logging_mixin.py:188} INFO - [2026-09-03T06:13:06.253+0000] {dag.py:3096} INFO - Sync 1 DAGs
[2026-09-03T06:13:06.698+0000] {logging_mixin.py:188} INFO - [2026-09-03T06:13:06.698+0000] {dag.py:3954} INFO - Setting next_dagrun for update_db to 2026-09-03 14:00:00+00:00, run_after=2026-09-04 14:00:00+00:00
[2026-09-03T06:13:07.175+0000] {processor.py:183} INFO - Processing /opt/airflow/dags/main.py took 40.540 seconds
[2026-09-03T06:13:38.053+0000] {processor.py:161} INFO - Started process (PID=250) to work on /opt/airflow/dags/main.py
[2026-09-03T06:13:38.067+0000] {processor.py:830} INFO - Processing file /opt/airflow/dags/main.py for tasks to queue
[2026-09-03T06:13:38.071+0000] {logging_mixin.py:188} INFO - [2026-09-03T06:13:38.070+0000] {dagbag.py:545} INFO - Filling up the DagBag from /opt/airflow/dags/main.py
[2026-09-03T06:13:38.379+0000] {logging_mixin.py:188} INFO - channel id is not executed
[2026-09-03T06:13:38.982+0000] {processor.py:840} INFO - DAG(s) 'update_db' retrieved from /opt/airflow/dags/main.py
[2026-09-03T06:13:42.360+0000] {logging_mixin.py:188} INFO - [2026-09-03T06:13:42.330+0000] {dag.py:3096} INFO - Sync 1 DAGs
[2026-09-03T06:13:42.707+0000] {logging_mixin.py:188} INFO - [2026-09-03T06:13:42.694+0000] {dag.py:3954} INFO - Setting next_dagrun for update_db to 2026-09-03 14:00:00+00:00, run_after=2026-09-04 14:00:00+00:00
[2026-09-03T06:13:43.123+0000] {processor.py:183} INFO - Processing /opt/airflow/dags/main.py took 5.098 seconds
[2026-09-03T06:14:16.007+0000] {processor.py:161} INFO - Started process (PID=251) to work on /opt/airflow/dags/main.py
[2026-09-03T06:14:16.069+0000] {processor.py:830} INFO - Processing file /opt/airflow/dags/main.py for tasks to queue
[2026-09-03T06:14:16.156+0000] {logging_mixin.py:188} INFO - [2026-09-03T06:14:16.140+0000] {dagbag.py:545} INFO - Filling up the DagBag from /opt/airflow/dags/main.py
[2026-09-03T06:14:18.095+0000] {logging_mixin.py:188} INFO - channel id is not executed
[2026-09-03T06:14:19.556+0000] {processor.py:840} INFO - DAG(s) 'update_db' retrieved from /opt/airflow/dags/main.py
[2026-09-03T06:14:22.491+0000] {logging_mixin.py:188} INFO - [2026-09-03T06:14:22.486+0000] {dag.py:3096} INFO - Sync 1 DAGs
[2026-09-03T06:14:22.582+0000] {logging_mixin.py:188} INFO - [2026-09-03T06:14:22.580+0000] {dag.py:3954} INFO - Setting next_dagrun for update_db to 2026-09-03 14:00:00+00:00, run_after=2026-09-04 14:00:00+00:00
[2026-09-03T06:14:22.770+0000] {processor.py:183} INFO - Processing /opt/airflow/dags/main.py took 7.008 seconds
[2026-09-03T06:14:53.739+0000] {processor.py:161} INFO - Started process (PID=257) to work on /opt/airflow/dags/main.py
[2026-09-03T06:14:53.760+0000] {processor.py:830} INFO - Processing file /opt/airflow/dags/main.py for tasks to queue
[2026-09-03T06:14:53.791+0000] {logging_mixin.py:188} INFO - [2026-09-03T06:14:53.768+0000] {dagbag.py:545} INFO - Filling up the DagBag from /opt/airflow/dags/main.py
[2026-09-03T06:14:55.160+0000] {logging_mixin.py:188} INFO - channel id is not executed
[2026-09-03T06:14:57.761+0000] {processor.py:840} INFO - DAG(s) 'update_db' retrieved from /opt/airflow/dags/main.py
[2026-09-03T06:15:02.302+0000] {logging_mixin.py:188} INFO - [2026-09-03T06:15:02.231+0000] {dag.py:3096} INFO - Sync 1 DAGs
[2026-09-03T06:15:02.924+0000] {logging_mixin.py:188} INFO - [2026-09-03T06:15:02.922+0000] {dag.py:3954} INFO - Setting next_dagrun for update_db to 2026-09-03 14:00:00+00:00, run_after=2026-09-04 14:00:00+00:00
[2026-09-03T06:15:03.229+0000] {processor.py:183} INFO - Processing /opt/airflow/dags/main.py took 9.576 seconds
[2026-09-03T06:15:33.841+0000] {processor.py:161} INFO - Started process (PID=264) to work on /opt/airflow/dags/main.py
[2026-09-03T06:15:33.846+0000] {processor.py:830} INFO - Processing file /opt/airflow/dags/main.py for tasks to queue
[2026-09-03T06:15:33.857+0000] {logging_mixin.py:188} INFO - [2026-09-03T06:15:33.854+0000] {dagbag.py:545} INFO - Filling up the DagBag from /opt/airflow/dags/main.py
[2026-09-03T06:15:34.082+0000] {logging_mixin.py:188} INFO - channel id is not executed
[2026-09-03T06:15:34.210+0000] {processor.py:840} INFO - DAG(s) 'update_db' retrieved from /opt/airflow/dags/main.py
[2026-09-03T06:15:34.680+0000] {logging_mixin.py:188} INFO - [2026-09-03T06:15:34.679+0000] {dag.py:3096} INFO - Sync 1 DAGs
[2026-09-03T06:15:34.805+0000] {logging_mixin.py:188} INFO - [2026-09-03T06:15:34.805+0000] {dag.py:3954} INFO - Setting next_dagrun for update_db to 2026-09-03 14:00:00+00:00, run_after=2026-09-04 14:00:00+00:00
[2026-09-03T06:15:34.960+0000] {processor.py:183} INFO - Processing /opt/airflow/dags/main.py took 1.136 seconds
[2026-09-03T06:16:05.932+0000] {processor.py:161} INFO - Started process (PID=270) to work on /opt/airflow/dags/main.py
[2026-09-03T06:16:05.963+0000] {processor.py:830} INFO - Processing file /opt/airflow/dags/main.py for tasks to queue
[2026-09-03T06:16:06.008+0000] {logging_mixin.py:188} INFO - [2026-09-03T06:16:06.006+0000] {dagbag.py:545} INFO - Filling up the DagBag from /opt/airflow/dags/main.py
[2026-09-03T06:16:07.163+0000] {logging_mixin.py:188} INFO - channel id is not executed
[2026-09-03T06:16:08.169+0000] {processor.py:840} INFO - DAG(s) 'update_db' retrieved from /opt/airflow/dags/main.py
[2026-09-03T06:16:12.977+0000] {logging_mixin.py:188} INFO - [2026-09-03T06:16:12.934+0000] {dag.py:3096} INFO - Sync 1 DAGs
[2026-09-03T06:16:13.211+0000] {logging_mixin.py:188} INFO - [2026-09-03T06:16:13.210+0000] {dag.py:3954} INFO - Setting next_dagrun for update_db to 2026-09-03 14:00:00+00:00, run_after=2026-09-04 14:00:00+00:00
[2026-09-03T06:16:13.848+0000] {processor.py:183} INFO - Processing /opt/airflow/dags/main.py took 8.031 seconds
[2026-09-03T06:16:44.500+0000] {processor.py:161} INFO - Started process (PID=278) to work on /opt/airflow/dags/main.py
[2026-09-03T06:16:44.504+0000] {processor.py:830} INFO - Processing file /opt/airflow/dags/main.py for tasks to queue
[2026-09-03T06:16:44.509+0000] {logging_mixin.py:188} INFO - [2026-09-03T06:16:44.507+0000] {dagbag.py:545} INFO - Filling up the DagBag from /opt/airflow/dags/main.py
[2026-09-03T06:16:44.642+0000] {logging_mixin.py:188} INFO - channel id is not executed
[2026-09-03T06:16:45.087+0000] {processor.py:840} INFO - DAG(s) 'update_db' retrieved from /opt/airflow/dags/main.py
[2026-09-03T06:16:45.491+0000] {logging_mixin.py:188} INFO - [2026-09-03T06:16:45.490+0000] {dag.py:3096} INFO - Sync 1 DAGs
[2026-09-03T06:16:45.585+0000] {logging_mixin.py:188} INFO - [2026-09-03T06:16:45.585+0000] {dag.py:3954} INFO - Setting next_dagrun for update_db to 2026-09-03 14:00:00+00:00, run_after=2026-09-04 14:00:00+00:00
[2026-09-03T06:16:45.666+0000] {processor.py:183} INFO - Processing /opt/airflow/dags/main.py took 1.192 seconds
[2026-09-03T06:17:15.934+0000] {processor.py:161} INFO - Started process (PID=285) to work on /opt/airflow/dags/main.py
[2026-09-03T06:17:15.942+0000] {processor.py:830} INFO - Processing file /opt/airflow/dags/main.py for tasks to queue
[2026-09-03T06:17:15.947+0000] {logging_mixin.py:188} INFO - [2026-09-03T06:17:15.946+0000] {dagbag.py:545} INFO - Filling up the DagBag from /opt/airflow/dags/main.py
[2026-09-03T06:17:16.082+0000] {logging_mixin.py:188} INFO - channel id is not executed
[2026-09-03T06:17:16.296+0000] {processor.py:840} INFO - DAG(s) 'update_db' retrieved from /opt/airflow/dags/main.py
[2026-09-03T06:17:16.915+0000] {logging_mixin.py:188} INFO - [2026-09-03T06:17:16.915+0000] {dag.py:3096} INFO - Sync 1 DAGs
[2026-09-03T06:17:16.971+0000] {logging_mixin.py:188} INFO - [2026-09-03T06:17:16.970+0000] {dag.py:3954} INFO - Setting next_dagrun for update_db to 2026-09-03 14:00:00+00:00, run_after=2026-09-04 14:00:00+00:00
[2026-09-03T06:17:17.054+0000] {processor.py:183} INFO - Processing /opt/airflow/dags/main.py took 1.147 seconds
[2026-09-03T06:17:47.947+0000] {processor.py:161} INFO - Started process (PID=292) to work on /opt/airflow/dags/main.py
[2026-09-03T06:17:47.967+0000] {processor.py:830} INFO - Processing file /opt/airflow/dags/main.py for tasks to queue
[2026-09-03T06:17:48.006+0000] {logging_mixin.py:188} INFO - [2026-09-03T06:17:47.977+0000] {dagbag.py:545} INFO - Filling up the DagBag from /opt/airflow/dags/main.py
[2026-09-03T06:17:50.628+0000] {logging_mixin.py:188} INFO - channel id is not executed
[2026-09-03T06:17:52.926+0000] {processor.py:840} INFO - DAG(s) 'update_db' retrieved from /opt/airflow/dags/main.py
[2026-09-03T06:17:55.441+0000] {logging_mixin.py:188} INFO - [2026-09-03T06:17:55.391+0000] {dag.py:3096} INFO - Sync 1 DAGs
[2026-09-03T06:17:55.664+0000] {logging_mixin.py:188} INFO - [2026-09-03T06:17:55.664+0000] {dag.py:3954} INFO - Setting next_dagrun for update_db to 2026-09-03 14:00:00+00:00, run_after=2026-09-04 14:00:00+00:00
[2026-09-03T06:17:56.046+0000] {processor.py:183} INFO - Processing /opt/airflow/dags/main.py took 8.274 seconds
[2026-09-03T06:18:26.641+0000] {processor.py:161} INFO - Started process (PID=300) to work on /opt/airflow/dags/main.py
[2026-09-03T06:18:26.649+0000] {processor.py:830} INFO - Processing file /opt/airflow/dags/main.py for tasks to queue
[2026-09-03T06:18:26.659+0000] {logging_mixin.py:188} INFO - [2026-09-03T06:18:26.658+0000] {dagbag.py:545} INFO - Filling up the DagBag from /opt/airflow/dags/main.py
[2026-09-03T06:18:26.813+0000] {logging_mixin.py:188} INFO - channel id is not executed
[2026-09-03T06:18:26.970+0000] {processor.py:840} INFO - DAG(s) 'update_db' retrieved from /opt/airflow/dags/main.py
[2026-09-03T06:18:27.446+0000] {logging_mixin.py:188} INFO - [2026-09-03T06:18:27.446+0000] {dag.py:3096} INFO - Sync 1 DAGs
[2026-09-03T06:18:27.483+0000] {logging_mixin.py:188} INFO - [2026-09-03T06:18:27.482+0000] {dag.py:3954} INFO - Setting next_dagrun for update_db to 2026-09-03 14:00:00+00:00, run_after=2026-09-04 14:00:00+00:00
[2026-09-03T06:18:27.548+0000] {processor.py:183} INFO - Processing /opt/airflow/dags/main.py took 0.942 seconds
[2026-09-03T06:18:58.640+0000] {processor.py:161} INFO - Started process (PID=307) to work on /opt/airflow/dags/main.py
[2026-09-03T06:18:58.651+0000] {processor.py:830} INFO - Processing file /opt/airflow/dags/main.py for tasks to queue
[2026-09-03T06:18:58.666+0000] {logging_mixin.py:188} INFO - [2026-09-03T06:18:58.661+0000] {dagbag.py:545} INFO - Filling up the DagBag from /opt/airflow/dags/main.py
[2026-09-03T06:18:59.695+0000] {logging_mixin.py:188} INFO - channel id is not executed
[2026-09-03T06:19:01.105+0000] {processor.py:840} INFO - DAG(s) 'update_db' retrieved from /opt/airflow/dags/main.py
[2026-09-03T06:19:05.581+0000] {logging_mixin.py:188} INFO - [2026-09-03T06:19:05.535+0000] {dag.py:3096} INFO - Sync 1 DAGs
[2026-09-03T06:19:05.793+0000] {logging_mixin.py:188} INFO - [2026-09-03T06:19:05.779+0000] {dag.py:3954} INFO - Setting next_dagrun for update_db to 2026-09-03 14:00:00+00:00, run_after=2026-09-04 14:00:00+00:00
[2026-09-03T06:19:06.160+0000] {processor.py:183} INFO - Processing /opt/airflow/dags/main.py took 7.622 seconds
[2026-09-03T06:19:36.886+0000] {processor.py:161} INFO - Started process (PID=313) to work on /opt/airflow/dags/main.py
[2026-09-03T06:19:36.890+0000] {processor.py:830} INFO - Processing file /opt/airflow/dags/main.py for tasks to queue
[2026-09-03T06:19:36.898+0000] {logging_mixin.py:188} INFO - [2026-09-03T06:19:36.898+0000] {dagbag.py:545} INFO - Filling up the DagBag from /opt/airflow/dags/main.py
[2026-09-03T06:19:37.055+0000] {logging_mixin.py:188} INFO - channel id is not executed
[2026-09-03T06:19:37.330+0000] {processor.py:840} INFO - DAG(s) 'update_db' retrieved from /opt/airflow/dags/main.py
[2026-09-03T06:19:37.780+0000] {logging_mixin.py:188} INFO - [2026-09-03T06:19:37.780+0000] {dag.py:3096} INFO - Sync 1 DAGs
[2026-09-03T06:19:37.821+0000] {logging_mixin.py:188} INFO - [2026-09-03T06:19:37.821+0000] {dag.py:3954} INFO - Setting next_dagrun for update_db to 2026-09-03 14:00:00+00:00, run_after=2026-09-04 14:00:00+00:00
[2026-09-03T06:19:37.858+0000] {processor.py:183} INFO - Processing /opt/airflow/dags/main.py took 0.995 seconds
[2026-09-03T06:20:08.385+0000] {processor.py:161} INFO - Started process (PID=314) to work on /opt/airflow/dags/main.py
[2026-09-03T06:20:08.419+0000] {processor.py:830} INFO - Processing file /opt/airflow/dags/main.py for tasks to queue
[2026-09-03T06:20:08.476+0000] {logging_mixin.py:188} INFO - [2026-09-03T06:20:08.463+0000] {dagbag.py:545} INFO - Filling up the DagBag from /opt/airflow/dags/main.py
[2026-09-03T06:20:09.708+0000] {logging_mixin.py:188} INFO - channel id is not executed
[2026-09-03T06:20:11.705+0000] {processor.py:840} INFO - DAG(s) 'update_db' retrieved from /opt/airflow/dags/main.py
[2026-09-03T06:20:15.026+0000] {logging_mixin.py:188} INFO - [2026-09-03T06:20:15.006+0000] {dag.py:3096} INFO - Sync 1 DAGs
[2026-09-03T06:20:15.235+0000] {logging_mixin.py:188} INFO - [2026-09-03T06:20:15.234+0000] {dag.py:3954} INFO - Setting next_dagrun for update_db to 2026-09-03 14:00:00+00:00, run_after=2026-09-04 14:00:00+00:00
[2026-09-03T06:20:15.371+0000] {processor.py:183} INFO - Processing /opt/airflow/dags/main.py took 7.110 seconds
[2026-09-03T06:20:46.392+0000] {processor.py:161} INFO - Started process (PID=327) to work on /opt/airflow/dags/main.py
[2026-09-03T06:20:46.394+0000] {processor.py:830} INFO - Processing file /opt/airflow/dags/main.py for tasks to queue
[2026-09-03T06:20:46.398+0000] {logging_mixin.py:188} INFO - [2026-09-03T06:20:46.397+0000] {dagbag.py:545} INFO - Filling up the DagBag from /opt/airflow/dags/main.py
[2026-09-03T06:20:46.504+0000] {logging_mixin.py:188} INFO - channel id is not executed
[2026-09-03T06:20:46.627+0000] {processor.py:840} INFO - DAG(s) 'update_db' retrieved from /opt/airflow/dags/main.py
[2026-09-03T06:20:47.329+0000] {logging_mixin.py:188} INFO - [2026-09-03T06:20:47.328+0000] {dag.py:3096} INFO - Sync 1 DAGs
[2026-09-03T06:20:47.399+0000] {logging_mixin.py:188} INFO - [2026-09-03T06:20:47.398+0000] {dag.py:3954} INFO - Setting next_dagrun for update_db to 2026-09-03 14:00:00+00:00, run_after=2026-09-04 14:00:00+00:00
[2026-09-03T06:20:47.435+0000] {processor.py:183} INFO - Processing /opt/airflow/dags/main.py took 1.060 seconds
[2026-09-03T06:21:18.659+0000] {processor.py:161} INFO - Started process (PID=328) to work on /opt/airflow/dags/main.py
[2026-09-03T06:21:18.666+0000] {processor.py:830} INFO - Processing file /opt/airflow/dags/main.py for tasks to queue
[2026-09-03T06:21:18.677+0000] {logging_mixin.py:188} INFO - [2026-09-03T06:21:18.676+0000] {dagbag.py:545} INFO - Filling up the DagBag from /opt/airflow/dags/main.py
[2026-09-03T06:21:19.641+0000] {logging_mixin.py:188} INFO - channel id is not executed
[2026-09-03T06:21:20.880+0000] {processor.py:840} INFO - DAG(s) 'update_db' retrieved from /opt/airflow/dags/main.py
[2026-09-03T06:21:27.567+0000] {logging_mixin.py:188} INFO - [2026-09-03T06:21:27.500+0000] {dag.py:3096} INFO - Sync 1 DAGs
[2026-09-03T06:21:28.167+0000] {logging_mixin.py:188} INFO - [2026-09-03T06:21:28.095+0000] {dag.py:3954} INFO - Setting next_dagrun for update_db to 2026-09-03 14:00:00+00:00, run_after=2026-09-04 14:00:00+00:00
[2026-09-03T06:21:29.152+0000] {processor.py:183} INFO - Processing /opt/airflow/dags/main.py took 10.511 seconds
[2026-09-03T06:22:00.092+0000] {processor.py:161} INFO - Started process (PID=335) to work on /opt/airflow/dags/main.py
[2026-09-03T06:22:00.098+0000] {processor.py:830} INFO - Processing file /opt/airflow/dags/main.py for tasks to queue
[2026-09-03T06:22:00.104+0000] {logging_mixin.py:188} INFO - [2026-09-03T06:22:00.103+0000] {dagbag.py:545} INFO - Filling up the DagBag from /opt/airflow/dags/main.py
[2026-09-03T06:22:00.361+0000] {logging_mixin.py:188} INFO - channel id is not executed
[2026-09-03T06:22:00.662+0000] {processor.py:840} INFO - DAG(s) 'update_db' retrieved from /opt/airflow/dags/main.py
[2026-09-03T06:22:01.641+0000] {logging_mixin.py:188} INFO - [2026-09-03T06:22:01.629+0000] {dag.py:3096} INFO - Sync 1 DAGs
[2026-09-03T06:22:01.771+0000] {logging_mixin.py:188} INFO - [2026-09-03T06:22:01.770+0000] {dag.py:3954} INFO - Setting next_dagrun for update_db to 2026-09-03 14:00:00+00:00, run_after=2026-09-04 14:00:00+00:00
[2026-09-03T06:22:01.816+0000] {processor.py:183} INFO - Processing /opt/airflow/dags/main.py took 1.751 seconds
[2026-09-03T06:22:33.254+0000] {processor.py:161} INFO - Started process (PID=342) to work on /opt/airflow/dags/main.py
[2026-09-03T06:22:33.687+0000] {processor.py:830} INFO - Processing file /opt/airflow/dags/main.py for tasks to queue
[2026-09-03T06:22:34.040+0000] {logging_mixin.py:188} INFO - [2026-09-03T06:22:33.960+0000] {dagbag.py:545} INFO - Filling up the DagBag from /opt/airflow/dags/main.py
[2026-09-03T06:22:37.769+0000] {logging_mixin.py:188} INFO - channel id is not executed
[2026-09-03T06:22:40.543+0000] {processor.py:840} INFO - DAG(s) 'update_db' retrieved from /opt/airflow/dags/main.py
[2026-09-03T06:22:43.935+0000] {logging_mixin.py:188} INFO - [2026-09-03T06:22:43.735+0000] {dag.py:3096} INFO - Sync 1 DAGs
[2026-09-03T06:22:44.389+0000] {logging_mixin.py:188} INFO - [2026-09-03T06:22:44.388+0000] {dag.py:3954} INFO - Setting next_dagrun for update_db to 2026-09-03 14:00:00+00:00, run_after=2026-09-04 14:00:00+00:00
[2026-09-03T06:22:45.002+0000] {processor.py:183} INFO - Processing /opt/airflow/dags/main.py took 11.877 seconds
[2026-09-03T06:23:15.910+0000] {processor.py:161} INFO - Started process (PID=349) to work on /opt/airflow/dags/main.py
[2026-09-03T06:23:15.913+0000] {processor.py:830} INFO - Processing file /opt/airflow/dags/main.py for tasks to queue
[2026-09-03T06:23:15.917+0000] {logging_mixin.py:188} INFO - [2026-09-03T06:23:15.916+0000] {dagbag.py:545} INFO - Filling up the DagBag from /opt/airflow/dags/main.py
[2026-09-03T06:23:16.102+0000] {logging_mixin.py:188} INFO - channel id is not executed
[2026-09-03T06:23:16.251+0000] {processor.py:840} INFO - DAG(s) 'update_db' retrieved from /opt/airflow/dags/main.py
[2026-09-03T06:23:16.869+0000] {logging_mixin.py:188} INFO - [2026-09-03T06:23:16.868+0000] {dag.py:3096} INFO - Sync 1 DAGs
[2026-09-03T06:23:16.909+0000] {logging_mixin.py:188} INFO - [2026-09-03T06:23:16.909+0000] {dag.py:3954} INFO - Setting next_dagrun for update_db to 2026-09-03 14:00:00+00:00, run_after=2026-09-04 14:00:00+00:00
[2026-09-03T06:23:16.947+0000] {processor.py:183} INFO - Processing /opt/airflow/dags/main.py took 1.062 seconds
[2026-09-03T06:27:47.218+0000] {processor.py:161} INFO - Started process (PID=73) to work on /opt/airflow/dags/main.py
[2026-09-03T06:27:47.313+0000] {processor.py:830} INFO - Processing file /opt/airflow/dags/main.py for tasks to queue
[2026-09-03T06:27:47.553+0000] {logging_mixin.py:188} INFO - [2026-09-03T06:27:47.543+0000] {dagbag.py:545} INFO - Filling up the DagBag from /opt/airflow/dags/main.py
[2026-09-03T06:27:56.998+0000] {logging_mixin.py:188} INFO - channel id is not executed
[2026-09-03T06:28:02.201+0000] {processor.py:840} INFO - DAG(s) 'update_db' retrieved from /opt/airflow/dags/main.py
[2026-09-03T06:28:08.154+0000] {logging_mixin.py:188} INFO - [2026-09-03T06:28:08.153+0000] {dag.py:3096} INFO - Sync 1 DAGs
[2026-09-03T06:28:08.467+0000] {logging_mixin.py:188} INFO - [2026-09-03T06:28:08.466+0000] {dag.py:3954} INFO - Setting next_dagrun for update_db to 2026-09-03 14:00:00+00:00, run_after=2026-09-04 14:00:00+00:00
[2026-09-03T06:28:08.790+0000] {processor.py:183} INFO - Processing /opt/airflow/dags/main.py took 21.914 seconds
[2026-09-03T06:38:50.311+0000] {processor.py:161} INFO - Started process (PID=71) to work on /opt/airflow/dags/main.py
[2026-09-03T06:38:50.759+0000] {processor.py:830} INFO - Processing file /opt/airflow/dags/main.py for tasks to queue
[2026-09-03T06:38:52.122+0000] {logging_mixin.py:188} INFO - [2026-09-03T06:38:52.120+0000] {dagbag.py:545} INFO - Filling up the DagBag from /opt/airflow/dags/main.py
[2026-09-03T06:38:54.771+0000] {logging_mixin.py:188} INFO - channel id is not executed
[2026-09-03T06:38:57.155+0000] {processor.py:840} INFO - DAG(s) 'update_db' retrieved from /opt/airflow/dags/main.py
[2026-09-03T06:39:01.211+0000] {logging_mixin.py:188} INFO - [2026-09-03T06:39:01.211+0000] {dag.py:3096} INFO - Sync 1 DAGs
[2026-09-03T06:39:01.436+0000] {logging_mixin.py:188} INFO - [2026-09-03T06:39:01.435+0000] {dag.py:3954} INFO - Setting next_dagrun for update_db to 2026-09-03 14:00:00+00:00, run_after=2026-09-04 14:00:00+00:00
[2026-09-03T06:39:01.697+0000] {processor.py:183} INFO - Processing /opt/airflow/dags/main.py took 12.115 seconds
[2026-09-03T06:39:32.554+0000] {processor.py:161} INFO - Started process (PID=84) to work on /opt/airflow/dags/main.py
[2026-09-03T06:39:32.566+0000] {processor.py:830} INFO - Processing file /opt/airflow/dags/main.py for tasks to queue
[2026-09-03T06:39:32.589+0000] {logging_mixin.py:188} INFO - [2026-09-03T06:39:32.589+0000] {dagbag.py:545} INFO - Filling up the DagBag from /opt/airflow/dags/main.py
[2026-09-03T06:39:33.387+0000] {logging_mixin.py:188} INFO - channel id is not executed
[2026-09-03T06:39:34.687+0000] {processor.py:840} INFO - DAG(s) 'update_db' retrieved from /opt/airflow/dags/main.py
[2026-09-03T06:39:35.731+0000] {logging_mixin.py:188} INFO - [2026-09-03T06:39:35.731+0000] {dag.py:3096} INFO - Sync 1 DAGs
[2026-09-03T06:39:35.892+0000] {logging_mixin.py:188} INFO - [2026-09-03T06:39:35.891+0000] {dag.py:3954} INFO - Setting next_dagrun for update_db to 2026-09-03 14:00:00+00:00, run_after=2026-09-04 14:00:00+00:00
[2026-09-03T06:39:36.466+0000] {processor.py:183} INFO - Processing /opt/airflow/dags/main.py took 3.925 seconds
[2026-09-03T06:40:06.971+0000] {processor.py:161} INFO - Started process (PID=91) to work on /opt/airflow/dags/main.py
[2026-09-03T06:40:06.977+0000] {processor.py:830} INFO - Processing file /opt/airflow/dags/main.py for tasks to queue
[2026-09-03T06:40:06.988+0000] {logging_mixin.py:188} INFO - [2026-09-03T06:40:06.988+0000] {dagbag.py:545} INFO - Filling up the DagBag from /opt/airflow/dags/main.py
[2026-09-03T06:40:07.358+0000] {logging_mixin.py:188} INFO - channel id is not executed
[2026-09-03T06:40:07.836+0000] {processor.py:840} INFO - DAG(s) 'update_db' retrieved from /opt/airflow/dags/main.py
[2026-09-03T06:40:08.811+0000] {logging_mixin.py:188} INFO - [2026-09-03T06:40:08.810+0000] {dag.py:3096} INFO - Sync 1 DAGs
[2026-09-03T06:40:09.299+0000] {logging_mixin.py:188} INFO - [2026-09-03T06:40:09.298+0000] {dag.py:3954} INFO - Setting next_dagrun for update_db to 2026-09-03 14:00:00+00:00, run_after=2026-09-04 14:00:00+00:00
[2026-09-03T06:40:10.036+0000] {processor.py:183} INFO - Processing /opt/airflow/dags/main.py took 3.093 seconds
[2026-09-03T06:40:43.112+0000] {processor.py:161} INFO - Started process (PID=97) to work on /opt/airflow/dags/main.py
[2026-09-03T06:40:43.130+0000] {processor.py:830} INFO - Processing file /opt/airflow/dags/main.py for tasks to queue
[2026-09-03T06:40:43.200+0000] {logging_mixin.py:188} INFO - [2026-09-03T06:40:43.197+0000] {dagbag.py:545} INFO - Filling up the DagBag from /opt/airflow/dags/main.py
[2026-09-03T06:40:46.904+0000] {logging_mixin.py:188} INFO - channel id is not executed
[2026-09-03T06:40:48.165+0000] {processor.py:840} INFO - DAG(s) 'update_db' retrieved from /opt/airflow/dags/main.py
[2026-09-03T06:40:55.913+0000] {logging_mixin.py:188} INFO - [2026-09-03T06:40:55.913+0000] {dag.py:3096} INFO - Sync 1 DAGs
[2026-09-03T06:40:57.131+0000] {logging_mixin.py:188} INFO - [2026-09-03T06:40:57.095+0000] {dag.py:3954} INFO - Setting next_dagrun for update_db to 2026-09-03 14:00:00+00:00, run_after=2026-09-04 14:00:00+00:00
[2026-09-03T06:41:01.336+0000] {processor.py:183} INFO - Processing /opt/airflow/dags/main.py took 19.632 seconds
[2026-09-03T06:41:40.786+0000] {processor.py:161} INFO - Started process (PID=105) to work on /opt/airflow/dags/main.py
[2026-09-03T06:41:40.848+0000] {processor.py:830} INFO - Processing file /opt/airflow/dags/main.py for tasks to queue
[2026-09-03T06:41:41.076+0000] {logging_mixin.py:188} INFO - [2026-09-03T06:41:41.044+0000] {dagbag.py:545} INFO - Filling up the DagBag from /opt/airflow/dags/main.py
[2026-09-03T06:41:43.335+0000] {logging_mixin.py:188} INFO - channel id is not executed
[2026-09-03T06:41:44.870+0000] {processor.py:840} INFO - DAG(s) 'update_db' retrieved from /opt/airflow/dags/main.py
[2026-09-03T06:41:47.090+0000] {logging_mixin.py:188} INFO - [2026-09-03T06:41:47.088+0000] {dag.py:3096} INFO - Sync 1 DAGs
[2026-09-03T06:41:47.551+0000] {logging_mixin.py:188} INFO - [2026-09-03T06:41:47.550+0000] {dag.py:3954} INFO - Setting next_dagrun for update_db to 2026-09-03 14:00:00+00:00, run_after=2026-09-04 14:00:00+00:00
[2026-09-03T06:41:47.802+0000] {processor.py:183} INFO - Processing /opt/airflow/dags/main.py took 7.112 seconds
[2026-09-03T06:42:23.411+0000] {processor.py:161} INFO - Started process (PID=119) to work on /opt/airflow/dags/main.py
[2026-09-03T06:42:23.425+0000] {processor.py:830} INFO - Processing file /opt/airflow/dags/main.py for tasks to queue
[2026-09-03T06:42:23.439+0000] {logging_mixin.py:188} INFO - [2026-09-03T06:42:23.439+0000] {dagbag.py:545} INFO - Filling up the DagBag from /opt/airflow/dags/main.py
[2026-09-03T06:42:23.757+0000] {logging_mixin.py:188} INFO - channel id is not executed
[2026-09-03T06:42:24.126+0000] {processor.py:840} INFO - DAG(s) 'update_db' retrieved from /opt/airflow/dags/main.py
[2026-09-03T06:42:24.901+0000] {logging_mixin.py:188} INFO - [2026-09-03T06:42:24.901+0000] {dag.py:3096} INFO - Sync 1 DAGs
[2026-09-03T06:42:25.024+0000] {logging_mixin.py:188} INFO - [2026-09-03T06:42:25.023+0000] {dag.py:3954} INFO - Setting next_dagrun for update_db to 2026-09-03 14:00:00+00:00, run_after=2026-09-04 14:00:00+00:00
[2026-09-03T06:42:25.113+0000] {processor.py:183} INFO - Processing /opt/airflow/dags/main.py took 1.814 seconds
[2026-09-03T06:42:57.595+0000] {processor.py:161} INFO - Started process (PID=127) to work on /opt/airflow/dags/main.py
[2026-09-03T06:42:57.639+0000] {processor.py:830} INFO - Processing file /opt/airflow/dags/main.py for tasks to queue
[2026-09-03T06:42:57.773+0000] {logging_mixin.py:188} INFO - [2026-09-03T06:42:57.760+0000] {dagbag.py:545} INFO - Filling up the DagBag from /opt/airflow/dags/main.py
[2026-09-03T06:43:05.142+0000] {logging_mixin.py:188} INFO - channel id is not executed
[2026-09-03T06:43:12.812+0000] {processor.py:840} INFO - DAG(s) 'update_db' retrieved from /opt/airflow/dags/main.py
[2026-09-03T06:43:25.986+0000] {logging_mixin.py:188} INFO - [2026-09-03T06:43:25.934+0000] {dag.py:3096} INFO - Sync 1 DAGs
[2026-09-03T06:43:26.709+0000] {logging_mixin.py:188} INFO - [2026-09-03T06:43:26.708+0000] {dag.py:3954} INFO - Setting next_dagrun for update_db to 2026-09-03 14:00:00+00:00, run_after=2026-09-04 14:00:00+00:00
[2026-09-03T06:43:27.066+0000] {processor.py:183} INFO - Processing /opt/airflow/dags/main.py took 29.555 seconds
[2026-09-03T06:43:58.368+0000] {processor.py:161} INFO - Started process (PID=141) to work on /opt/airflow/dags/main.py
[2026-09-03T06:43:58.370+0000] {processor.py:830} INFO - Processing file /opt/airflow/dags/main.py for tasks to queue
[2026-09-03T06:43:58.374+0000] {logging_mixin.py:188} INFO - [2026-09-03T06:43:58.374+0000] {dagbag.py:545} INFO - Filling up the DagBag from /opt/airflow/dags/main.py
[2026-09-03T06:43:58.525+0000] {logging_mixin.py:188} INFO - channel id is not executed
[2026-09-03T06:43:58.804+0000] {processor.py:840} INFO - DAG(s) 'update_db' retrieved from /opt/airflow/dags/main.py
[2026-09-03T06:44:05.037+0000] {logging_mixin.py:188} INFO - [2026-09-03T06:44:05.037+0000] {dag.py:3096} INFO - Sync 1 DAGs
[2026-09-03T06:44:06.657+0000] {logging_mixin.py:188} INFO - [2026-09-03T06:44:06.588+0000] {dag.py:3954} INFO - Setting next_dagrun for update_db to 2026-09-03 14:00:00+00:00, run_after=2026-09-04 14:00:00+00:00
[2026-09-03T06:44:10.770+0000] {processor.py:183} INFO - Processing /opt/airflow/dags/main.py took 12.428 seconds
[2026-09-03T06:44:46.603+0000] {processor.py:161} INFO - Started process (PID=147) to work on /opt/airflow/dags/main.py
[2026-09-03T06:44:46.885+0000] {processor.py:830} INFO - Processing file /opt/airflow/dags/main.py for tasks to queue
[2026-09-03T06:44:46.949+0000] {logging_mixin.py:188} INFO - [2026-09-03T06:44:46.940+0000] {dagbag.py:545} INFO - Filling up the DagBag from /opt/airflow/dags/main.py
[2026-09-03T06:44:49.882+0000] {logging_mixin.py:188} INFO - channel id is not executed
[2026-09-03T06:44:52.908+0000] {processor.py:840} INFO - DAG(s) 'update_db' retrieved from /opt/airflow/dags/main.py
[2026-09-03T06:45:00.070+0000] {logging_mixin.py:188} INFO - [2026-09-03T06:45:00.068+0000] {dag.py:3096} INFO - Sync 1 DAGs
[2026-09-03T06:45:00.479+0000] {logging_mixin.py:188} INFO - [2026-09-03T06:45:00.472+0000] {dag.py:3954} INFO - Setting next_dagrun for update_db to 2026-09-03 14:00:00+00:00, run_after=2026-09-04 14:00:00+00:00
[2026-09-03T06:45:00.694+0000] {processor.py:183} INFO - Processing /opt/airflow/dags/main.py took 15.536 seconds
[2026-09-03T06:45:43.970+0000] {processor.py:161} INFO - Started process (PID=155) to work on /opt/airflow/dags/main.py
[2026-09-03T06:45:44.000+0000] {processor.py:830} INFO - Processing file /opt/airflow/dags/main.py for tasks to queue
[2026-09-03T06:45:44.361+0000] {logging_mixin.py:188} INFO - [2026-09-03T06:45:44.280+0000] {dagbag.py:545} INFO - Filling up the DagBag from /opt/airflow/dags/main.py
[2026-09-03T06:45:46.958+0000] {logging_mixin.py:188} INFO - channel id is not executed
[2026-09-03T06:45:48.263+0000] {processor.py:840} INFO - DAG(s) 'update_db' retrieved from /opt/airflow/dags/main.py
[2026-09-03T06:45:49.413+0000] {logging_mixin.py:188} INFO - [2026-09-03T06:45:49.411+0000] {dag.py:3096} INFO - Sync 1 DAGs
[2026-09-03T06:45:49.533+0000] {logging_mixin.py:188} INFO - [2026-09-03T06:45:49.532+0000] {dag.py:3954} INFO - Setting next_dagrun for update_db to 2026-09-03 14:00:00+00:00, run_after=2026-09-04 14:00:00+00:00
[2026-09-03T06:45:49.656+0000] {processor.py:183} INFO - Processing /opt/airflow/dags/main.py took 6.324 seconds
[2026-09-03T06:46:23.914+0000] {processor.py:161} INFO - Started process (PID=167) to work on /opt/airflow/dags/main.py
[2026-09-03T06:46:27.592+0000] {processor.py:830} INFO - Processing file /opt/airflow/dags/main.py for tasks to queue
[2026-09-03T06:46:28.371+0000] {logging_mixin.py:188} INFO - [2026-09-03T06:46:27.941+0000] {dagbag.py:545} INFO - Filling up the DagBag from /opt/airflow/dags/main.py
[2026-09-03T06:46:32.253+0000] {logging_mixin.py:188} INFO - channel id is not executed
[2026-09-03T06:46:36.449+0000] {processor.py:840} INFO - DAG(s) 'update_db' retrieved from /opt/airflow/dags/main.py
[2026-09-03T06:46:43.125+0000] {logging_mixin.py:188} INFO - [2026-09-03T06:46:43.124+0000] {dag.py:3096} INFO - Sync 1 DAGs
[2026-09-03T06:46:43.595+0000] {logging_mixin.py:188} INFO - [2026-09-03T06:46:43.595+0000] {dag.py:3954} INFO - Setting next_dagrun for update_db to 2026-09-03 14:00:00+00:00, run_after=2026-09-04 14:00:00+00:00
[2026-09-03T06:46:43.783+0000] {processor.py:183} INFO - Processing /opt/airflow/dags/main.py took 20.884 seconds
[2026-09-03T06:47:17.044+0000] {processor.py:161} INFO - Started process (PID=174) to work on /opt/airflow/dags/main.py
[2026-09-03T06:47:17.066+0000] {processor.py:830} INFO - Processing file /opt/airflow/dags/main.py for tasks to queue
[2026-09-03T06:47:17.104+0000] {logging_mixin.py:188} INFO - [2026-09-03T06:47:17.103+0000] {dagbag.py:545} INFO - Filling up the DagBag from /opt/airflow/dags/main.py
[2026-09-03T06:47:18.427+0000] {logging_mixin.py:188} INFO - channel id is not executed
[2026-09-03T06:47:20.329+0000] {processor.py:840} INFO - DAG(s) 'update_db' retrieved from /opt/airflow/dags/main.py
[2026-09-03T06:47:21.416+0000] {logging_mixin.py:188} INFO - [2026-09-03T06:47:21.415+0000] {dag.py:3096} INFO - Sync 1 DAGs
[2026-09-03T06:47:21.589+0000] {logging_mixin.py:188} INFO - [2026-09-03T06:47:21.588+0000] {dag.py:3954} INFO - Setting next_dagrun for update_db to 2026-09-03 14:00:00+00:00, run_after=2026-09-04 14:00:00+00:00
[2026-09-03T06:47:22.169+0000] {processor.py:183} INFO - Processing /opt/airflow/dags/main.py took 5.677 seconds
[2026-09-03T06:47:53.440+0000] {processor.py:161} INFO - Started process (PID=186) to work on /opt/airflow/dags/main.py
[2026-09-03T06:47:53.478+0000] {processor.py:830} INFO - Processing file /opt/airflow/dags/main.py for tasks to queue
[2026-09-03T06:47:53.494+0000] {logging_mixin.py:188} INFO - [2026-09-03T06:47:53.493+0000] {dagbag.py:545} INFO - Filling up the DagBag from /opt/airflow/dags/main.py
[2026-09-03T06:47:53.695+0000] {logging_mixin.py:188} INFO - channel id is not executed
[2026-09-03T06:47:54.578+0000] {processor.py:840} INFO - DAG(s) 'update_db' retrieved from /opt/airflow/dags/main.py
[2026-09-03T06:47:55.638+0000] {logging_mixin.py:188} INFO - [2026-09-03T06:47:55.638+0000] {dag.py:3096} INFO - Sync 1 DAGs
[2026-09-03T06:47:56.523+0000] {logging_mixin.py:188} INFO - [2026-09-03T06:47:56.522+0000] {dag.py:3954} INFO - Setting next_dagrun for update_db to 2026-09-03 14:00:00+00:00, run_after=2026-09-04 14:00:00+00:00
[2026-09-03T06:47:56.921+0000] {processor.py:183} INFO - Processing /opt/airflow/dags/main.py took 3.702 seconds
[2026-09-03T06:48:28.317+0000] {processor.py:161} INFO - Started process (PID=193) to work on /opt/airflow/dags/main.py
[2026-09-03T06:48:28.333+0000] {processor.py:830} INFO - Processing file /opt/airflow/dags/main.py for tasks to queue
[2026-09-03T06:48:28.368+0000] {logging_mixin.py:188} INFO - [2026-09-03T06:48:28.367+0000] {dagbag.py:545} INFO - Filling up the DagBag from /opt/airflow/dags/main.py
[2026-09-03T06:48:33.596+0000] {logging_mixin.py:188} INFO - channel id is not executed
[2026-09-03T06:48:36.869+0000] {processor.py:840} INFO - DAG(s) 'update_db' retrieved from /opt/airflow/dags/main.py
[2026-09-03T06:48:40.492+0000] {logging_mixin.py:188} INFO - [2026-09-03T06:48:40.483+0000] {dag.py:3096} INFO - Sync 1 DAGs
[2026-09-03T06:48:42.770+0000] {logging_mixin.py:188} INFO - [2026-09-03T06:48:42.738+0000] {dag.py:3954} INFO - Setting next_dagrun for update_db to 2026-09-03 14:00:00+00:00, run_after=2026-09-04 14:00:00+00:00
[2026-09-03T06:48:44.063+0000] {processor.py:183} INFO - Processing /opt/airflow/dags/main.py took 15.793 seconds
[2026-09-03T06:49:26.330+0000] {processor.py:161} INFO - Started process (PID=207) to work on /opt/airflow/dags/main.py
[2026-09-03T06:49:26.475+0000] {processor.py:830} INFO - Processing file /opt/airflow/dags/main.py for tasks to queue
[2026-09-03T06:49:27.027+0000] {logging_mixin.py:188} INFO - [2026-09-03T06:49:26.990+0000] {dagbag.py:545} INFO - Filling up the DagBag from /opt/airflow/dags/main.py
[2026-09-03T06:49:29.263+0000] {logging_mixin.py:188} INFO - channel id is not executed
[2026-09-03T06:49:31.073+0000] {processor.py:840} INFO - DAG(s) 'update_db' retrieved from /opt/airflow/dags/main.py
[2026-09-03T06:49:37.084+0000] {logging_mixin.py:188} INFO - [2026-09-03T06:49:37.083+0000] {dag.py:3096} INFO - Sync 1 DAGs
[2026-09-03T06:49:39.344+0000] {logging_mixin.py:188} INFO - [2026-09-03T06:49:39.344+0000] {dag.py:3954} INFO - Setting next_dagrun for update_db to 2026-09-03 14:00:00+00:00, run_after=2026-09-04 14:00:00+00:00
[2026-09-03T06:49:39.792+0000] {processor.py:183} INFO - Processing /opt/airflow/dags/main.py took 15.992 seconds
[2026-09-03T06:50:11.103+0000] {processor.py:161} INFO - Started process (PID=213) to work on /opt/airflow/dags/main.py
[2026-09-03T06:50:11.116+0000] {processor.py:830} INFO - Processing file /opt/airflow/dags/main.py for tasks to queue
[2026-09-03T06:50:11.162+0000] {logging_mixin.py:188} INFO - [2026-09-03T06:50:11.161+0000] {dagbag.py:545} INFO - Filling up the DagBag from /opt/airflow/dags/main.py
[2026-09-03T06:50:11.671+0000] {logging_mixin.py:188} INFO - channel id is not executed
[2026-09-03T06:50:13.922+0000] {processor.py:840} INFO - DAG(s) 'update_db' retrieved from /opt/airflow/dags/main.py
[2026-09-03T06:50:14.501+0000] {logging_mixin.py:188} INFO - [2026-09-03T06:50:14.501+0000] {dag.py:3096} INFO - Sync 1 DAGs
[2026-09-03T06:50:14.649+0000] {logging_mixin.py:188} INFO - [2026-09-03T06:50:14.647+0000] {dag.py:3954} INFO - Setting next_dagrun for update_db to 2026-09-03 14:00:00+00:00, run_after=2026-09-04 14:00:00+00:00
[2026-09-03T06:50:15.043+0000] {processor.py:183} INFO - Processing /opt/airflow/dags/main.py took 4.014 seconds
[2026-09-03T06:50:46.433+0000] {processor.py:161} INFO - Started process (PID=220) to work on /opt/airflow/dags/main.py
[2026-09-03T06:50:46.464+0000] {processor.py:830} INFO - Processing file /opt/airflow/dags/main.py for tasks to queue
[2026-09-03T06:50:46.483+0000] {logging_mixin.py:188} INFO - [2026-09-03T06:50:46.483+0000] {dagbag.py:545} INFO - Filling up the DagBag from /opt/airflow/dags/main.py
[2026-09-03T06:50:47.170+0000] {logging_mixin.py:188} INFO - channel id is not executed
[2026-09-03T06:50:47.494+0000] {processor.py:840} INFO - DAG(s) 'update_db' retrieved from /opt/airflow/dags/main.py
[2026-09-03T06:50:48.439+0000] {logging_mixin.py:188} INFO - [2026-09-03T06:50:48.439+0000] {dag.py:3096} INFO - Sync 1 DAGs
[2026-09-03T06:50:48.740+0000] {logging_mixin.py:188} INFO - [2026-09-03T06:50:48.739+0000] {dag.py:3954} INFO - Setting next_dagrun for update_db to 2026-09-03 14:00:00+00:00, run_after=2026-09-04 14:00:00+00:00
[2026-09-03T06:50:49.317+0000] {processor.py:183} INFO - Processing /opt/airflow/dags/main.py took 3.040 seconds
[2026-09-03T06:51:20.804+0000] {processor.py:161} INFO - Started process (PID=226) to work on /opt/airflow/dags/main.py
[2026-09-03T06:51:20.809+0000] {processor.py:830} INFO - Processing file /opt/airflow/dags/main.py for tasks to queue
[2026-09-03T06:51:20.828+0000] {logging_mixin.py:188} INFO - [2026-09-03T06:51:20.826+0000] {dagbag.py:545} INFO - Filling up the DagBag from /opt/airflow/dags/main.py
[2026-09-03T06:51:21.224+0000] {logging_mixin.py:188} INFO - channel id is not executed
[2026-09-03T06:51:23.150+0000] {processor.py:840} INFO - DAG(s) 'update_db' retrieved from /opt/airflow/dags/main.py
[2026-09-03T06:51:23.655+0000] {logging_mixin.py:188} INFO - [2026-09-03T06:51:23.654+0000] {dag.py:3096} INFO - Sync 1 DAGs
[2026-09-03T06:51:24.114+0000] {logging_mixin.py:188} INFO - [2026-09-03T06:51:24.082+0000] {dag.py:3954} INFO - Setting next_dagrun for update_db to 2026-09-03 14:00:00+00:00, run_after=2026-09-04 14:00:00+00:00
[2026-09-03T06:51:24.554+0000] {processor.py:183} INFO - Processing /opt/airflow/dags/main.py took 3.793 seconds
[2026-09-03T06:52:04.218+0000] {processor.py:161} INFO - Started process (PID=240) to work on /opt/airflow/dags/main.py
[2026-09-03T06:52:04.246+0000] {processor.py:830} INFO - Processing file /opt/airflow/dags/main.py for tasks to queue
[2026-09-03T06:52:04.737+0000] {logging_mixin.py:188} INFO - [2026-09-03T06:52:04.736+0000] {dagbag.py:545} INFO - Filling up the DagBag from /opt/airflow/dags/main.py
[2026-09-03T06:52:09.760+0000] {logging_mixin.py:188} INFO - channel id is not executed
[2026-09-03T06:52:12.976+0000] {processor.py:840} INFO - DAG(s) 'update_db' retrieved from /opt/airflow/dags/main.py
[2026-09-03T06:52:16.956+0000] {logging_mixin.py:188} INFO - [2026-09-03T06:52:16.955+0000] {dag.py:3096} INFO - Sync 1 DAGs
[2026-09-03T06:52:19.126+0000] {logging_mixin.py:188} INFO - [2026-09-03T06:52:19.124+0000] {dag.py:3954} INFO - Setting next_dagrun for update_db to 2026-09-03 14:00:00+00:00, run_after=2026-09-04 14:00:00+00:00
[2026-09-03T06:52:19.827+0000] {processor.py:183} INFO - Processing /opt/airflow/dags/main.py took 16.358 seconds
[2026-09-03T06:52:56.310+0000] {processor.py:161} INFO - Started process (PID=247) to work on /opt/airflow/dags/main.py
[2026-09-03T06:52:56.461+0000] {processor.py:830} INFO - Processing file /opt/airflow/dags/main.py for tasks to queue
[2026-09-03T06:52:57.640+0000] {logging_mixin.py:188} INFO - [2026-09-03T06:52:57.601+0000] {dagbag.py:545} INFO - Filling up the DagBag from /opt/airflow/dags/main.py
[2026-09-03T06:53:02.057+0000] {logging_mixin.py:188} INFO - channel id is not executed
[2026-09-03T06:53:05.088+0000] {processor.py:840} INFO - DAG(s) 'update_db' retrieved from /opt/airflow/dags/main.py
[2026-09-03T06:53:09.762+0000] {logging_mixin.py:188} INFO - [2026-09-03T06:53:09.749+0000] {dag.py:3096} INFO - Sync 1 DAGs
[2026-09-03T06:53:10.044+0000] {logging_mixin.py:188} INFO - [2026-09-03T06:53:10.043+0000] {dag.py:3954} INFO - Setting next_dagrun for update_db to 2026-09-03 14:00:00+00:00, run_after=2026-09-04 14:00:00+00:00
[2026-09-03T06:53:10.375+0000] {processor.py:183} INFO - Processing /opt/airflow/dags/main.py took 16.313 seconds
[2026-09-03T06:53:42.078+0000] {processor.py:161} INFO - Started process (PID=261) to work on /opt/airflow/dags/main.py
[2026-09-03T06:53:42.095+0000] {processor.py:830} INFO - Processing file /opt/airflow/dags/main.py for tasks to queue
[2026-09-03T06:53:42.112+0000] {logging_mixin.py:188} INFO - [2026-09-03T06:53:42.112+0000] {dagbag.py:545} INFO - Filling up the DagBag from /opt/airflow/dags/main.py
[2026-09-03T06:53:43.016+0000] {logging_mixin.py:188} INFO - channel id is not executed
[2026-09-03T06:53:43.483+0000] {processor.py:840} INFO - DAG(s) 'update_db' retrieved from /opt/airflow/dags/main.py
[2026-09-03T06:53:44.612+0000] {logging_mixin.py:188} INFO - [2026-09-03T06:53:44.612+0000] {dag.py:3096} INFO - Sync 1 DAGs
[2026-09-03T06:53:44.712+0000] {logging_mixin.py:188} INFO - [2026-09-03T06:53:44.711+0000] {dag.py:3954} INFO - Setting next_dagrun for update_db to 2026-09-03 14:00:00+00:00, run_after=2026-09-04 14:00:00+00:00
[2026-09-03T06:53:44.861+0000] {processor.py:183} INFO - Processing /opt/airflow/dags/main.py took 2.805 seconds
[2026-09-03T06:54:18.060+0000] {processor.py:161} INFO - Started process (PID=268) to work on /opt/airflow/dags/main.py
[2026-09-03T06:54:18.110+0000] {processor.py:830} INFO - Processing file /opt/airflow/dags/main.py for tasks to queue
[2026-09-03T06:54:18.188+0000] {logging_mixin.py:188} INFO - [2026-09-03T06:54:18.188+0000] {dagbag.py:545} INFO - Filling up the DagBag from /opt/airflow/dags/main.py
[2026-09-03T06:54:19.386+0000] {logging_mixin.py:188} INFO - channel id is not executed
[2026-09-03T06:54:21.492+0000] {processor.py:840} INFO - DAG(s) 'update_db' retrieved from /opt/airflow/dags/main.py
[2026-09-03T06:54:22.864+0000] {logging_mixin.py:188} INFO - [2026-09-03T06:54:22.863+0000] {dag.py:3096} INFO - Sync 1 DAGs
[2026-09-03T06:54:23.352+0000] {logging_mixin.py:188} INFO - [2026-09-03T06:54:23.352+0000] {dag.py:3954} INFO - Setting next_dagrun for update_db to 2026-09-03 14:00:00+00:00, run_after=2026-09-04 14:00:00+00:00
[2026-09-03T06:54:23.573+0000] {processor.py:183} INFO - Processing /opt/airflow/dags/main.py took 6.831 seconds
[2026-09-03T06:54:54.621+0000] {processor.py:161} INFO - Started process (PID=274) to work on /opt/airflow/dags/main.py
[2026-09-03T06:54:54.670+0000] {processor.py:830} INFO - Processing file /opt/airflow/dags/main.py for tasks to queue
[2026-09-03T06:54:54.703+0000] {logging_mixin.py:188} INFO - [2026-09-03T06:54:54.703+0000] {dagbag.py:545} INFO - Filling up the DagBag from /opt/airflow/dags/main.py
[2026-09-03T06:54:55.118+0000] {logging_mixin.py:188} INFO - channel id is not executed
[2026-09-03T06:54:55.823+0000] {processor.py:840} INFO - DAG(s) 'update_db' retrieved from /opt/airflow/dags/main.py
[2026-09-03T06:55:01.079+0000] {logging_mixin.py:188} INFO - [2026-09-03T06:55:01.078+0000] {dag.py:3096} INFO - Sync 1 DAGs
[2026-09-03T06:55:01.387+0000] {logging_mixin.py:188} INFO - [2026-09-03T06:55:01.386+0000] {dag.py:3954} INFO - Setting next_dagrun for update_db to 2026-09-03 14:00:00+00:00, run_after=2026-09-04 14:00:00+00:00
[2026-09-03T06:55:01.720+0000] {processor.py:183} INFO - Processing /opt/airflow/dags/main.py took 7.464 seconds
[2026-09-03T06:55:34.197+0000] {processor.py:161} INFO - Started process (PID=280) to work on /opt/airflow/dags/main.py
[2026-09-03T06:55:34.204+0000] {processor.py:830} INFO - Processing file /opt/airflow/dags/main.py for tasks to queue
[2026-09-03T06:55:34.248+0000] {logging_mixin.py:188} INFO - [2026-09-03T06:55:34.229+0000] {dagbag.py:545} INFO - Filling up the DagBag from /opt/airflow/dags/main.py
[2026-09-03T06:55:34.745+0000] {logging_mixin.py:188} INFO - channel id is not executed
[2026-09-03T06:55:35.500+0000] {processor.py:840} INFO - DAG(s) 'update_db' retrieved from /opt/airflow/dags/main.py
[2026-09-03T06:55:47.969+0000] {logging_mixin.py:188} INFO - [2026-09-03T06:55:47.969+0000] {dag.py:3096} INFO - Sync 1 DAGs
[2026-09-03T06:55:48.207+0000] {logging_mixin.py:188} INFO - [2026-09-03T06:55:48.206+0000] {dag.py:3954} INFO - Setting next_dagrun for update_db to 2026-09-03 14:00:00+00:00, run_after=2026-09-04 14:00:00+00:00
[2026-09-03T06:55:49.100+0000] {processor.py:183} INFO - Processing /opt/airflow/dags/main.py took 15.081 seconds
[2026-09-03T06:56:20.198+0000] {processor.py:161} INFO - Started process (PID=292) to work on /opt/airflow/dags/main.py
[2026-09-03T06:56:20.201+0000] {processor.py:830} INFO - Processing file /opt/airflow/dags/main.py for tasks to queue
[2026-09-03T06:56:20.207+0000] {logging_mixin.py:188} INFO - [2026-09-03T06:56:20.206+0000] {dagbag.py:545} INFO - Filling up the DagBag from /opt/airflow/dags/main.py
[2026-09-03T06:56:20.568+0000] {logging_mixin.py:188} INFO - channel id is not executed
[2026-09-03T06:56:20.678+0000] {processor.py:840} INFO - DAG(s) 'update_db' retrieved from /opt/airflow/dags/main.py
[2026-09-03T06:56:21.162+0000] {logging_mixin.py:188} INFO - [2026-09-03T06:56:21.161+0000] {dag.py:3096} INFO - Sync 1 DAGs
[2026-09-03T06:56:21.264+0000] {logging_mixin.py:188} INFO - [2026-09-03T06:56:21.263+0000] {dag.py:3954} INFO - Setting next_dagrun for update_db to 2026-09-03 14:00:00+00:00, run_after=2026-09-04 14:00:00+00:00
[2026-09-03T06:56:21.336+0000] {processor.py:183} INFO - Processing /opt/airflow/dags/main.py took 1.148 seconds
[2026-09-03T06:56:54.105+0000] {processor.py:161} INFO - Started process (PID=299) to work on /opt/airflow/dags/main.py
[2026-09-03T06:56:54.199+0000] {processor.py:830} INFO - Processing file /opt/airflow/dags/main.py for tasks to queue
[2026-09-03T06:56:54.698+0000] {logging_mixin.py:188} INFO - [2026-09-03T06:56:54.678+0000] {dagbag.py:545} INFO - Filling up the DagBag from /opt/airflow/dags/main.py
[2026-09-03T06:56:55.604+0000] {logging_mixin.py:188} INFO - channel id is not executed
[2026-09-03T06:56:56.704+0000] {processor.py:840} INFO - DAG(s) 'update_db' retrieved from /opt/airflow/dags/main.py
[2026-09-03T06:57:01.976+0000] {logging_mixin.py:188} INFO - [2026-09-03T06:57:01.975+0000] {dag.py:3096} INFO - Sync 1 DAGs
[2026-09-03T06:57:02.150+0000] {logging_mixin.py:188} INFO - [2026-09-03T06:57:02.149+0000] {dag.py:3954} INFO - Setting next_dagrun for update_db to 2026-09-03 14:00:00+00:00, run_after=2026-09-04 14:00:00+00:00
[2026-09-03T06:57:02.677+0000] {processor.py:183} INFO - Processing /opt/airflow/dags/main.py took 9.068 seconds
[2026-09-03T06:57:33.336+0000] {processor.py:161} INFO - Started process (PID=306) to work on /opt/airflow/dags/main.py
[2026-09-03T06:57:33.340+0000] {processor.py:830} INFO - Processing file /opt/airflow/dags/main.py for tasks to queue
[2026-09-03T06:57:33.345+0000] {logging_mixin.py:188} INFO - [2026-09-03T06:57:33.344+0000] {dagbag.py:545} INFO - Filling up the DagBag from /opt/airflow/dags/main.py
[2026-09-03T06:57:33.442+0000] {logging_mixin.py:188} INFO - channel id is not executed
[2026-09-03T06:57:33.563+0000] {processor.py:840} INFO - DAG(s) 'update_db' retrieved from /opt/airflow/dags/main.py
[2026-09-03T06:57:33.807+0000] {logging_mixin.py:188} INFO - [2026-09-03T06:57:33.806+0000] {dag.py:3096} INFO - Sync 1 DAGs
[2026-09-03T06:57:33.862+0000] {logging_mixin.py:188} INFO - [2026-09-03T06:57:33.861+0000] {dag.py:3954} INFO - Setting next_dagrun for update_db to 2026-09-03 14:00:00+00:00, run_after=2026-09-04 14:00:00+00:00
[2026-09-03T06:57:33.910+0000] {processor.py:183} INFO - Processing /opt/airflow/dags/main.py took 0.587 seconds
[2026-09-03T06:58:04.504+0000] {processor.py:161} INFO - Started process (PID=313) to work on /opt/airflow/dags/main.py
[2026-09-03T06:58:04.506+0000] {processor.py:830} INFO - Processing file /opt/airflow/dags/main.py for tasks to queue
[2026-09-03T06:58:04.512+0000] {logging_mixin.py:188} INFO - [2026-09-03T06:58:04.511+0000] {dagbag.py:545} INFO - Filling up the DagBag from /opt/airflow/dags/main.py
[2026-09-03T06:58:04.632+0000] {logging_mixin.py:188} INFO - channel id is not executed
[2026-09-03T06:58:04.804+0000] {processor.py:840} INFO - DAG(s) 'update_db' retrieved from /opt/airflow/dags/main.py
[2026-09-03T06:58:05.149+0000] {logging_mixin.py:188} INFO - [2026-09-03T06:58:05.148+0000] {dag.py:3096} INFO - Sync 1 DAGs
[2026-09-03T06:58:05.185+0000] {logging_mixin.py:188} INFO - [2026-09-03T06:58:05.184+0000] {dag.py:3954} INFO - Setting next_dagrun for update_db to 2026-09-03 14:00:00+00:00, run_after=2026-09-04 14:00:00+00:00
[2026-09-03T06:58:05.290+0000] {processor.py:183} INFO - Processing /opt/airflow/dags/main.py took 0.795 seconds
[2026-09-03T06:58:36.406+0000] {processor.py:161} INFO - Started process (PID=320) to work on /opt/airflow/dags/main.py
[2026-09-03T06:58:36.432+0000] {processor.py:830} INFO - Processing file /opt/airflow/dags/main.py for tasks to queue
[2026-09-03T06:58:36.464+0000] {logging_mixin.py:188} INFO - [2026-09-03T06:58:36.464+0000] {dagbag.py:545} INFO - Filling up the DagBag from /opt/airflow/dags/main.py
[2026-09-03T06:58:42.979+0000] {logging_mixin.py:188} INFO - channel id is not executed
[2026-09-03T06:58:47.853+0000] {processor.py:840} INFO - DAG(s) 'update_db' retrieved from /opt/airflow/dags/main.py
[2026-09-03T06:58:53.785+0000] {logging_mixin.py:188} INFO - [2026-09-03T06:58:53.785+0000] {dag.py:3096} INFO - Sync 1 DAGs
[2026-09-03T06:58:53.947+0000] {logging_mixin.py:188} INFO - [2026-09-03T06:58:53.947+0000] {dag.py:3954} INFO - Setting next_dagrun for update_db to 2026-09-03 14:00:00+00:00, run_after=2026-09-04 14:00:00+00:00
[2026-09-03T06:58:54.068+0000] {processor.py:183} INFO - Processing /opt/airflow/dags/main.py took 17.682 seconds
[2026-09-03T06:59:28.523+0000] {processor.py:161} INFO - Started process (PID=332) to work on /opt/airflow/dags/main.py
[2026-09-03T06:59:28.527+0000] {processor.py:830} INFO - Processing file /opt/airflow/dags/main.py for tasks to queue
[2026-09-03T06:59:28.603+0000] {logging_mixin.py:188} INFO - [2026-09-03T06:59:28.602+0000] {dagbag.py:545} INFO - Filling up the DagBag from /opt/airflow/dags/main.py
[2026-09-03T06:59:29.097+0000] {logging_mixin.py:188} INFO - channel id is not executed
[2026-09-03T06:59:30.290+0000] {processor.py:840} INFO - DAG(s) 'update_db' retrieved from /opt/airflow/dags/main.py
[2026-09-03T06:59:31.389+0000] {logging_mixin.py:188} INFO - [2026-09-03T06:59:31.388+0000] {dag.py:3096} INFO - Sync 1 DAGs
[2026-09-03T06:59:31.465+0000] {logging_mixin.py:188} INFO - [2026-09-03T06:59:31.465+0000] {dag.py:3954} INFO - Setting next_dagrun for update_db to 2026-09-03 14:00:00+00:00, run_after=2026-09-04 14:00:00+00:00
[2026-09-03T06:59:31.514+0000] {processor.py:183} INFO - Processing /opt/airflow/dags/main.py took 3.021 seconds
[2026-09-03T07:00:02.336+0000] {processor.py:161} INFO - Started process (PID=339) to work on /opt/airflow/dags/main.py
[2026-09-03T07:00:02.339+0000] {processor.py:830} INFO - Processing file /opt/airflow/dags/main.py for tasks to queue
[2026-09-03T07:00:02.342+0000] {logging_mixin.py:188} INFO - [2026-09-03T07:00:02.342+0000] {dagbag.py:545} INFO - Filling up the DagBag from /opt/airflow/dags/main.py
[2026-09-03T07:00:02.437+0000] {logging_mixin.py:188} INFO - channel id is not executed
[2026-09-03T07:00:02.539+0000] {processor.py:840} INFO - DAG(s) 'update_db' retrieved from /opt/airflow/dags/main.py
[2026-09-03T07:00:02.860+0000] {logging_mixin.py:188} INFO - [2026-09-03T07:00:02.860+0000] {dag.py:3096} INFO - Sync 1 DAGs
[2026-09-03T07:00:03.025+0000] {logging_mixin.py:188} INFO - [2026-09-03T07:00:03.024+0000] {dag.py:3954} INFO - Setting next_dagrun for update_db to 2026-09-03 14:00:00+00:00, run_after=2026-09-04 14:00:00+00:00
[2026-09-03T07:00:03.118+0000] {processor.py:183} INFO - Processing /opt/airflow/dags/main.py took 0.795 seconds
[2026-09-03T07:00:33.483+0000] {processor.py:161} INFO - Started process (PID=346) to work on /opt/airflow/dags/main.py
[2026-09-03T07:00:33.487+0000] {processor.py:830} INFO - Processing file /opt/airflow/dags/main.py for tasks to queue
[2026-09-03T07:00:33.501+0000] {logging_mixin.py:188} INFO - [2026-09-03T07:00:33.501+0000] {dagbag.py:545} INFO - Filling up the DagBag from /opt/airflow/dags/main.py
[2026-09-03T07:00:33.907+0000] {logging_mixin.py:188} INFO - channel id is not executed
[2026-09-03T07:00:34.178+0000] {processor.py:840} INFO - DAG(s) 'update_db' retrieved from /opt/airflow/dags/main.py
[2026-09-03T07:00:34.619+0000] {logging_mixin.py:188} INFO - [2026-09-03T07:00:34.618+0000] {dag.py:3096} INFO - Sync 1 DAGs
[2026-09-03T07:00:34.689+0000] {logging_mixin.py:188} INFO - [2026-09-03T07:00:34.689+0000] {dag.py:3954} INFO - Setting next_dagrun for update_db to 2026-09-03 14:00:00+00:00, run_after=2026-09-04 14:00:00+00:00
[2026-09-03T07:00:34.761+0000] {processor.py:183} INFO - Processing /opt/airflow/dags/main.py took 1.297 seconds
[2026-09-03T07:01:05.311+0000] {processor.py:161} INFO - Started process (PID=353) to work on /opt/airflow/dags/main.py
[2026-09-03T07:01:05.323+0000] {processor.py:830} INFO - Processing file /opt/airflow/dags/main.py for tasks to queue
[2026-09-03T07:01:05.327+0000] {logging_mixin.py:188} INFO - [2026-09-03T07:01:05.326+0000] {dagbag.py:545} INFO - Filling up the DagBag from /opt/airflow/dags/main.py
[2026-09-03T07:01:05.414+0000] {logging_mixin.py:188} INFO - channel id is not executed
[2026-09-03T07:01:05.605+0000] {processor.py:840} INFO - DAG(s) 'update_db' retrieved from /opt/airflow/dags/main.py
[2026-09-03T07:01:06.280+0000] {logging_mixin.py:188} INFO - [2026-09-03T07:01:06.279+0000] {dag.py:3096} INFO - Sync 1 DAGs
[2026-09-03T07:01:06.425+0000] {logging_mixin.py:188} INFO - [2026-09-03T07:01:06.425+0000] {dag.py:3954} INFO - Setting next_dagrun for update_db to 2026-09-03 14:00:00+00:00, run_after=2026-09-04 14:00:00+00:00
[2026-09-03T07:01:06.626+0000] {processor.py:183} INFO - Processing /opt/airflow/dags/main.py took 1.333 seconds
[2026-09-03T07:01:37.694+0000] {processor.py:161} INFO - Started process (PID=360) to work on /opt/airflow/dags/main.py
[2026-09-03T07:01:37.802+0000] {processor.py:830} INFO - Processing file /opt/airflow/dags/main.py for tasks to queue
[2026-09-03T07:01:37.811+0000] {logging_mixin.py:188} INFO - [2026-09-03T07:01:37.810+0000] {dagbag.py:545} INFO - Filling up the DagBag from /opt/airflow/dags/main.py
[2026-09-03T07:01:41.628+0000] {logging_mixin.py:188} INFO - channel id is not executed
[2026-09-03T07:01:45.518+0000] {processor.py:840} INFO - DAG(s) 'update_db' retrieved from /opt/airflow/dags/main.py
[2026-09-03T07:01:46.159+0000] {logging_mixin.py:188} INFO - [2026-09-03T07:01:46.158+0000] {dag.py:3096} INFO - Sync 1 DAGs
[2026-09-03T07:01:46.254+0000] {logging_mixin.py:188} INFO - [2026-09-03T07:01:46.254+0000] {dag.py:3954} INFO - Setting next_dagrun for update_db to 2026-09-03 14:00:00+00:00, run_after=2026-09-04 14:00:00+00:00
[2026-09-03T07:01:47.299+0000] {processor.py:183} INFO - Processing /opt/airflow/dags/main.py took 9.628 seconds
[2026-09-03T07:02:19.037+0000] {processor.py:161} INFO - Started process (PID=367) to work on /opt/airflow/dags/main.py
[2026-09-03T07:02:19.060+0000] {processor.py:830} INFO - Processing file /opt/airflow/dags/main.py for tasks to queue
[2026-09-03T07:02:19.073+0000] {logging_mixin.py:188} INFO - [2026-09-03T07:02:19.072+0000] {dagbag.py:545} INFO - Filling up the DagBag from /opt/airflow/dags/main.py
[2026-09-03T07:02:19.602+0000] {logging_mixin.py:188} INFO - channel id is not executed
[2026-09-03T07:02:20.557+0000] {processor.py:840} INFO - DAG(s) 'update_db' retrieved from /opt/airflow/dags/main.py
[2026-09-03T07:02:21.101+0000] {logging_mixin.py:188} INFO - [2026-09-03T07:02:21.101+0000] {dag.py:3096} INFO - Sync 1 DAGs
[2026-09-03T07:02:21.248+0000] {logging_mixin.py:188} INFO - [2026-09-03T07:02:21.248+0000] {dag.py:3954} INFO - Setting next_dagrun for update_db to 2026-09-03 14:00:00+00:00, run_after=2026-09-04 14:00:00+00:00
[2026-09-03T07:02:21.599+0000] {processor.py:183} INFO - Processing /opt/airflow/dags/main.py took 2.584 seconds
[2026-09-03T07:02:52.309+0000] {processor.py:161} INFO - Started process (PID=375) to work on /opt/airflow/dags/main.py
[2026-09-03T07:02:52.312+0000] {processor.py:830} INFO - Processing file /opt/airflow/dags/main.py for tasks to queue
[2026-09-03T07:02:52.318+0000] {logging_mixin.py:188} INFO - [2026-09-03T07:02:52.317+0000] {dagbag.py:545} INFO - Filling up the DagBag from /opt/airflow/dags/main.py
[2026-09-03T07:02:52.421+0000] {logging_mixin.py:188} INFO - channel id is not executed
[2026-09-03T07:02:52.555+0000] {processor.py:840} INFO - DAG(s) 'update_db' retrieved from /opt/airflow/dags/main.py
[2026-09-03T07:02:52.941+0000] {logging_mixin.py:188} INFO - [2026-09-03T07:02:52.940+0000] {dag.py:3096} INFO - Sync 1 DAGs
[2026-09-03T07:02:53.058+0000] {logging_mixin.py:188} INFO - [2026-09-03T07:02:53.057+0000] {dag.py:3954} INFO - Setting next_dagrun for update_db to 2026-09-03 14:00:00+00:00, run_after=2026-09-04 14:00:00+00:00
[2026-09-03T07:02:53.108+0000] {processor.py:183} INFO - Processing /opt/airflow/dags/main.py took 0.815 seconds
[2026-09-03T07:03:25.321+0000] {processor.py:161} INFO - Started process (PID=382) to work on /opt/airflow/dags/main.py
[2026-09-03T07:03:25.621+0000] {processor.py:830} INFO - Processing file /opt/airflow/dags/main.py for tasks to queue
[2026-09-03T07:03:25.655+0000] {logging_mixin.py:188} INFO - [2026-09-03T07:03:25.654+0000] {dagbag.py:545} INFO - Filling up the DagBag from /opt/airflow/dags/main.py
[2026-09-03T07:03:32.000+0000] {logging_mixin.py:188} INFO - channel id is not executed
[2026-09-03T07:03:35.516+0000] {processor.py:840} INFO - DAG(s) 'update_db' retrieved from /opt/airflow/dags/main.py
[2026-09-03T07:03:41.026+0000] {logging_mixin.py:188} INFO - [2026-09-03T07:03:41.026+0000] {dag.py:3096} INFO - Sync 1 DAGs
[2026-09-03T07:03:41.446+0000] {logging_mixin.py:188} INFO - [2026-09-03T07:03:41.445+0000] {dag.py:3954} INFO - Setting next_dagrun for update_db to 2026-09-03 14:00:00+00:00, run_after=2026-09-04 14:00:00+00:00
[2026-09-03T07:03:41.548+0000] {processor.py:183} INFO - Processing /opt/airflow/dags/main.py took 16.283 seconds
[2026-09-03T07:04:12.802+0000] {processor.py:161} INFO - Started process (PID=395) to work on /opt/airflow/dags/main.py
[2026-09-03T07:04:12.820+0000] {processor.py:830} INFO - Processing file /opt/airflow/dags/main.py for tasks to queue
[2026-09-03T07:04:12.837+0000] {logging_mixin.py:188} INFO - [2026-09-03T07:04:12.836+0000] {dagbag.py:545} INFO - Filling up the DagBag from /opt/airflow/dags/main.py
[2026-09-03T07:04:15.074+0000] {logging_mixin.py:188} INFO - channel id is not executed
[2026-09-03T07:04:16.492+0000] {processor.py:840} INFO - DAG(s) 'update_db' retrieved from /opt/airflow/dags/main.py
[2026-09-03T07:04:17.059+0000] {logging_mixin.py:188} INFO - [2026-09-03T07:04:17.058+0000] {dag.py:3096} INFO - Sync 1 DAGs
[2026-09-03T07:04:18.040+0000] {logging_mixin.py:188} INFO - [2026-09-03T07:04:18.039+0000] {dag.py:3954} INFO - Setting next_dagrun for update_db to 2026-09-03 14:00:00+00:00, run_after=2026-09-04 14:00:00+00:00
[2026-09-03T07:04:18.179+0000] {processor.py:183} INFO - Processing /opt/airflow/dags/main.py took 5.391 seconds
[2026-09-03T07:04:50.584+0000] {processor.py:161} INFO - Started process (PID=402) to work on /opt/airflow/dags/main.py
[2026-09-03T07:04:50.621+0000] {processor.py:830} INFO - Processing file /opt/airflow/dags/main.py for tasks to queue
[2026-09-03T07:04:50.654+0000] {logging_mixin.py:188} INFO - [2026-09-03T07:04:50.653+0000] {dagbag.py:545} INFO - Filling up the DagBag from /opt/airflow/dags/main.py
[2026-09-03T07:04:52.263+0000] {logging_mixin.py:188} INFO - channel id is not executed
[2026-09-03T07:04:55.174+0000] {processor.py:840} INFO - DAG(s) 'update_db' retrieved from /opt/airflow/dags/main.py
[2026-09-03T07:04:55.950+0000] {logging_mixin.py:188} INFO - [2026-09-03T07:04:55.950+0000] {dag.py:3096} INFO - Sync 1 DAGs
[2026-09-03T07:04:56.149+0000] {logging_mixin.py:188} INFO - [2026-09-03T07:04:56.148+0000] {dag.py:3954} INFO - Setting next_dagrun for update_db to 2026-09-03 14:00:00+00:00, run_after=2026-09-04 14:00:00+00:00
[2026-09-03T07:04:56.268+0000] {processor.py:183} INFO - Processing /opt/airflow/dags/main.py took 5.823 seconds
[2026-09-03T07:05:27.168+0000] {processor.py:161} INFO - Started process (PID=409) to work on /opt/airflow/dags/main.py
[2026-09-03T07:05:27.172+0000] {processor.py:830} INFO - Processing file /opt/airflow/dags/main.py for tasks to queue
[2026-09-03T07:05:27.177+0000] {logging_mixin.py:188} INFO - [2026-09-03T07:05:27.176+0000] {dagbag.py:545} INFO - Filling up the DagBag from /opt/airflow/dags/main.py
[2026-09-03T07:05:27.307+0000] {logging_mixin.py:188} INFO - channel id is not executed
[2026-09-03T07:05:27.522+0000] {processor.py:840} INFO - DAG(s) 'update_db' retrieved from /opt/airflow/dags/main.py
[2026-09-03T07:05:27.711+0000] {logging_mixin.py:188} INFO - [2026-09-03T07:05:27.711+0000] {dag.py:3096} INFO - Sync 1 DAGs
[2026-09-03T07:05:27.748+0000] {logging_mixin.py:188} INFO - [2026-09-03T07:05:27.748+0000] {dag.py:3954} INFO - Setting next_dagrun for update_db to 2026-09-03 14:00:00+00:00, run_after=2026-09-04 14:00:00+00:00
[2026-09-03T07:05:27.810+0000] {processor.py:183} INFO - Processing /opt/airflow/dags/main.py took 0.678 seconds
[2026-09-03T07:06:01.126+0000] {processor.py:161} INFO - Started process (PID=417) to work on /opt/airflow/dags/main.py
[2026-09-03T07:06:01.154+0000] {processor.py:830} INFO - Processing file /opt/airflow/dags/main.py for tasks to queue
[2026-09-03T07:06:01.173+0000] {logging_mixin.py:188} INFO - [2026-09-03T07:06:01.172+0000] {dagbag.py:545} INFO - Filling up the DagBag from /opt/airflow/dags/main.py
[2026-09-03T07:06:04.474+0000] {logging_mixin.py:188} INFO - channel id is not executed
[2026-09-03T07:06:06.373+0000] {processor.py:840} INFO - DAG(s) 'update_db' retrieved from /opt/airflow/dags/main.py
[2026-09-03T07:06:07.395+0000] {logging_mixin.py:188} INFO - [2026-09-03T07:06:07.383+0000] {dag.py:3096} INFO - Sync 1 DAGs
[2026-09-03T07:06:07.540+0000] {logging_mixin.py:188} INFO - [2026-09-03T07:06:07.539+0000] {dag.py:3954} INFO - Setting next_dagrun for update_db to 2026-09-03 14:00:00+00:00, run_after=2026-09-04 14:00:00+00:00
[2026-09-03T07:06:07.994+0000] {processor.py:183} INFO - Processing /opt/airflow/dags/main.py took 6.915 seconds
[2026-09-03T07:06:38.403+0000] {processor.py:161} INFO - Started process (PID=432) to work on /opt/airflow/dags/main.py
[2026-09-03T07:06:38.407+0000] {processor.py:830} INFO - Processing file /opt/airflow/dags/main.py for tasks to queue
[2026-09-03T07:06:38.411+0000] {logging_mixin.py:188} INFO - [2026-09-03T07:06:38.411+0000] {dagbag.py:545} INFO - Filling up the DagBag from /opt/airflow/dags/main.py
[2026-09-03T07:06:38.698+0000] {logging_mixin.py:188} INFO - channel id is not executed
[2026-09-03T07:06:38.868+0000] {processor.py:840} INFO - DAG(s) 'update_db' retrieved from /opt/airflow/dags/main.py
[2026-09-03T07:06:39.510+0000] {logging_mixin.py:188} INFO - [2026-09-03T07:06:39.510+0000] {dag.py:3096} INFO - Sync 1 DAGs
[2026-09-03T07:06:39.680+0000] {logging_mixin.py:188} INFO - [2026-09-03T07:06:39.679+0000] {dag.py:3954} INFO - Setting next_dagrun for update_db to 2026-09-03 14:00:00+00:00, run_after=2026-09-04 14:00:00+00:00
[2026-09-03T07:06:39.883+0000] {processor.py:183} INFO - Processing /opt/airflow/dags/main.py took 1.503 seconds
[2026-09-03T07:07:11.117+0000] {processor.py:161} INFO - Started process (PID=438) to work on /opt/airflow/dags/main.py
[2026-09-03T07:07:11.119+0000] {processor.py:830} INFO - Processing file /opt/airflow/dags/main.py for tasks to queue
[2026-09-03T07:07:11.123+0000] {logging_mixin.py:188} INFO - [2026-09-03T07:07:11.122+0000] {dagbag.py:545} INFO - Filling up the DagBag from /opt/airflow/dags/main.py
[2026-09-03T07:07:11.190+0000] {logging_mixin.py:188} INFO - channel id is not executed
[2026-09-03T07:07:12.641+0000] {processor.py:840} INFO - DAG(s) 'update_db' retrieved from /opt/airflow/dags/main.py
[2026-09-03T07:07:13.069+0000] {logging_mixin.py:188} INFO - [2026-09-03T07:07:13.069+0000] {dag.py:3096} INFO - Sync 1 DAGs
[2026-09-03T07:07:13.129+0000] {logging_mixin.py:188} INFO - [2026-09-03T07:07:13.127+0000] {dag.py:3954} INFO - Setting next_dagrun for update_db to 2026-09-03 14:00:00+00:00, run_after=2026-09-04 14:00:00+00:00
[2026-09-03T07:07:13.203+0000] {processor.py:183} INFO - Processing /opt/airflow/dags/main.py took 2.098 seconds
[2026-09-03T07:07:43.715+0000] {processor.py:161} INFO - Started process (PID=445) to work on /opt/airflow/dags/main.py
[2026-09-03T07:07:43.730+0000] {processor.py:830} INFO - Processing file /opt/airflow/dags/main.py for tasks to queue
[2026-09-03T07:07:43.737+0000] {logging_mixin.py:188} INFO - [2026-09-03T07:07:43.736+0000] {dagbag.py:545} INFO - Filling up the DagBag from /opt/airflow/dags/main.py
[2026-09-03T07:07:44.387+0000] {logging_mixin.py:188} INFO - channel id is not executed
[2026-09-03T07:07:45.175+0000] {processor.py:840} INFO - DAG(s) 'update_db' retrieved from /opt/airflow/dags/main.py
[2026-09-03T07:07:45.821+0000] {logging_mixin.py:188} INFO - [2026-09-03T07:07:45.820+0000] {dag.py:3096} INFO - Sync 1 DAGs
[2026-09-03T07:07:45.916+0000] {logging_mixin.py:188} INFO - [2026-09-03T07:07:45.916+0000] {dag.py:3954} INFO - Setting next_dagrun for update_db to 2026-09-03 14:00:00+00:00, run_after=2026-09-04 14:00:00+00:00
[2026-09-03T07:07:46.079+0000] {processor.py:183} INFO - Processing /opt/airflow/dags/main.py took 2.399 seconds
[2026-09-03T07:08:17.108+0000] {processor.py:161} INFO - Started process (PID=452) to work on /opt/airflow/dags/main.py
[2026-09-03T07:08:17.111+0000] {processor.py:830} INFO - Processing file /opt/airflow/dags/main.py for tasks to queue
[2026-09-03T07:08:17.123+0000] {logging_mixin.py:188} INFO - [2026-09-03T07:08:17.123+0000] {dagbag.py:545} INFO - Filling up the DagBag from /opt/airflow/dags/main.py
[2026-09-03T07:08:17.350+0000] {logging_mixin.py:188} INFO - channel id is not executed
[2026-09-03T07:08:17.604+0000] {processor.py:840} INFO - DAG(s) 'update_db' retrieved from /opt/airflow/dags/main.py
[2026-09-03T07:08:17.883+0000] {logging_mixin.py:188} INFO - [2026-09-03T07:08:17.883+0000] {dag.py:3096} INFO - Sync 1 DAGs
[2026-09-03T07:08:17.951+0000] {logging_mixin.py:188} INFO - [2026-09-03T07:08:17.951+0000] {dag.py:3954} INFO - Setting next_dagrun for update_db to 2026-09-03 14:00:00+00:00, run_after=2026-09-04 14:00:00+00:00
[2026-09-03T07:08:18.028+0000] {processor.py:183} INFO - Processing /opt/airflow/dags/main.py took 0.939 seconds
[2026-09-03T07:08:52.462+0000] {processor.py:161} INFO - Started process (PID=459) to work on /opt/airflow/dags/main.py
[2026-09-03T07:08:52.476+0000] {processor.py:830} INFO - Processing file /opt/airflow/dags/main.py for tasks to queue
[2026-09-03T07:08:52.493+0000] {logging_mixin.py:188} INFO - [2026-09-03T07:08:52.482+0000] {dagbag.py:545} INFO - Filling up the DagBag from /opt/airflow/dags/main.py
[2026-09-03T07:08:52.931+0000] {logging_mixin.py:188} INFO - channel id is not executed
[2026-09-03T07:08:53.152+0000] {processor.py:840} INFO - DAG(s) 'update_db' retrieved from /opt/airflow/dags/main.py
[2026-09-03T07:08:53.655+0000] {logging_mixin.py:188} INFO - [2026-09-03T07:08:53.654+0000] {dag.py:3096} INFO - Sync 1 DAGs
[2026-09-03T07:08:53.747+0000] {logging_mixin.py:188} INFO - [2026-09-03T07:08:53.746+0000] {dag.py:3954} INFO - Setting next_dagrun for update_db to 2026-09-03 14:00:00+00:00, run_after=2026-09-04 14:00:00+00:00
[2026-09-03T07:08:53.861+0000] {processor.py:183} INFO - Processing /opt/airflow/dags/main.py took 1.460 seconds
[2026-09-03T07:09:24.689+0000] {processor.py:161} INFO - Started process (PID=465) to work on /opt/airflow/dags/main.py
[2026-09-03T07:09:24.752+0000] {processor.py:830} INFO - Processing file /opt/airflow/dags/main.py for tasks to queue
[2026-09-03T07:09:24.862+0000] {logging_mixin.py:188} INFO - [2026-09-03T07:09:24.854+0000] {dagbag.py:545} INFO - Filling up the DagBag from /opt/airflow/dags/main.py
[2026-09-03T07:09:25.400+0000] {logging_mixin.py:188} INFO - channel id is not executed
[2026-09-03T07:09:26.104+0000] {processor.py:840} INFO - DAG(s) 'update_db' retrieved from /opt/airflow/dags/main.py
[2026-09-03T07:09:29.241+0000] {logging_mixin.py:188} INFO - [2026-09-03T07:09:29.241+0000] {dag.py:3096} INFO - Sync 1 DAGs
[2026-09-03T07:09:29.382+0000] {logging_mixin.py:188} INFO - [2026-09-03T07:09:29.381+0000] {dag.py:3954} INFO - Setting next_dagrun for update_db to 2026-09-03 14:00:00+00:00, run_after=2026-09-04 14:00:00+00:00
[2026-09-03T07:09:29.489+0000] {processor.py:183} INFO - Processing /opt/airflow/dags/main.py took 4.957 seconds
[2026-09-03T07:10:00.453+0000] {processor.py:161} INFO - Started process (PID=472) to work on /opt/airflow/dags/main.py
[2026-09-03T07:10:00.543+0000] {processor.py:830} INFO - Processing file /opt/airflow/dags/main.py for tasks to queue
[2026-09-03T07:10:00.629+0000] {logging_mixin.py:188} INFO - [2026-09-03T07:10:00.629+0000] {dagbag.py:545} INFO - Filling up the DagBag from /opt/airflow/dags/main.py
[2026-09-03T07:10:02.166+0000] {logging_mixin.py:188} INFO - channel id is not executed
[2026-09-03T07:10:03.392+0000] {processor.py:840} INFO - DAG(s) 'update_db' retrieved from /opt/airflow/dags/main.py
[2026-09-03T07:10:06.584+0000] {logging_mixin.py:188} INFO - [2026-09-03T07:10:06.583+0000] {dag.py:3096} INFO - Sync 1 DAGs
[2026-09-03T07:10:06.688+0000] {logging_mixin.py:188} INFO - [2026-09-03T07:10:06.687+0000] {dag.py:3954} INFO - Setting next_dagrun for update_db to 2026-09-03 14:00:00+00:00, run_after=2026-09-04 14:00:00+00:00
[2026-09-03T07:10:07.049+0000] {processor.py:183} INFO - Processing /opt/airflow/dags/main.py took 6.672 seconds
[2026-09-03T07:10:37.694+0000] {processor.py:161} INFO - Started process (PID=478) to work on /opt/airflow/dags/main.py
[2026-09-03T07:10:37.697+0000] {processor.py:830} INFO - Processing file /opt/airflow/dags/main.py for tasks to queue
[2026-09-03T07:10:37.702+0000] {logging_mixin.py:188} INFO - [2026-09-03T07:10:37.701+0000] {dagbag.py:545} INFO - Filling up the DagBag from /opt/airflow/dags/main.py
[2026-09-03T07:10:37.925+0000] {logging_mixin.py:188} INFO - channel id is not executed
[2026-09-03T07:10:38.297+0000] {processor.py:840} INFO - DAG(s) 'update_db' retrieved from /opt/airflow/dags/main.py
[2026-09-03T07:10:38.955+0000] {logging_mixin.py:188} INFO - [2026-09-03T07:10:38.955+0000] {dag.py:3096} INFO - Sync 1 DAGs
[2026-09-03T07:10:39.055+0000] {logging_mixin.py:188} INFO - [2026-09-03T07:10:39.054+0000] {dag.py:3954} INFO - Setting next_dagrun for update_db to 2026-09-03 14:00:00+00:00, run_after=2026-09-04 14:00:00+00:00
[2026-09-03T07:10:39.441+0000] {processor.py:183} INFO - Processing /opt/airflow/dags/main.py took 1.762 seconds
[2026-09-03T07:11:09.690+0000] {processor.py:161} INFO - Started process (PID=486) to work on /opt/airflow/dags/main.py
[2026-09-03T07:11:09.693+0000] {processor.py:830} INFO - Processing file /opt/airflow/dags/main.py for tasks to queue
[2026-09-03T07:11:09.713+0000] {logging_mixin.py:188} INFO - [2026-09-03T07:11:09.712+0000] {dagbag.py:545} INFO - Filling up the DagBag from /opt/airflow/dags/main.py
[2026-09-03T07:11:09.795+0000] {logging_mixin.py:188} INFO - channel id is not executed
[2026-09-03T07:11:10.580+0000] {processor.py:840} INFO - DAG(s) 'update_db' retrieved from /opt/airflow/dags/main.py
[2026-09-03T07:11:11.086+0000] {logging_mixin.py:188} INFO - [2026-09-03T07:11:11.077+0000] {dag.py:3096} INFO - Sync 1 DAGs
[2026-09-03T07:11:11.313+0000] {logging_mixin.py:188} INFO - [2026-09-03T07:11:11.313+0000] {dag.py:3954} INFO - Setting next_dagrun for update_db to 2026-09-03 14:00:00+00:00, run_after=2026-09-04 14:00:00+00:00
[2026-09-03T07:11:11.441+0000] {processor.py:183} INFO - Processing /opt/airflow/dags/main.py took 1.765 seconds
[2026-09-03T07:11:41.648+0000] {processor.py:161} INFO - Started process (PID=501) to work on /opt/airflow/dags/main.py
[2026-09-03T07:11:41.676+0000] {processor.py:830} INFO - Processing file /opt/airflow/dags/main.py for tasks to queue
[2026-09-03T07:11:41.683+0000] {logging_mixin.py:188} INFO - [2026-09-03T07:11:41.682+0000] {dagbag.py:545} INFO - Filling up the DagBag from /opt/airflow/dags/main.py
[2026-09-03T07:11:41.918+0000] {logging_mixin.py:188} INFO - channel id is not executed
[2026-09-03T07:11:42.012+0000] {processor.py:840} INFO - DAG(s) 'update_db' retrieved from /opt/airflow/dags/main.py
[2026-09-03T07:11:42.332+0000] {logging_mixin.py:188} INFO - [2026-09-03T07:11:42.331+0000] {dag.py:3096} INFO - Sync 1 DAGs
[2026-09-03T07:11:42.396+0000] {logging_mixin.py:188} INFO - [2026-09-03T07:11:42.395+0000] {dag.py:3954} INFO - Setting next_dagrun for update_db to 2026-09-03 14:00:00+00:00, run_after=2026-09-04 14:00:00+00:00
[2026-09-03T07:11:42.439+0000] {processor.py:183} INFO - Processing /opt/airflow/dags/main.py took 0.855 seconds
[2026-09-03T07:12:12.937+0000] {processor.py:161} INFO - Started process (PID=509) to work on /opt/airflow/dags/main.py
[2026-09-03T07:12:12.940+0000] {processor.py:830} INFO - Processing file /opt/airflow/dags/main.py for tasks to queue
[2026-09-03T07:12:12.945+0000] {logging_mixin.py:188} INFO - [2026-09-03T07:12:12.945+0000] {dagbag.py:545} INFO - Filling up the DagBag from /opt/airflow/dags/main.py
[2026-09-03T07:12:13.054+0000] {logging_mixin.py:188} INFO - channel id is not executed
[2026-09-03T07:12:13.247+0000] {processor.py:840} INFO - DAG(s) 'update_db' retrieved from /opt/airflow/dags/main.py
[2026-09-03T07:12:13.811+0000] {logging_mixin.py:188} INFO - [2026-09-03T07:12:13.811+0000] {dag.py:3096} INFO - Sync 1 DAGs
[2026-09-03T07:12:13.936+0000] {logging_mixin.py:188} INFO - [2026-09-03T07:12:13.936+0000] {dag.py:3954} INFO - Setting next_dagrun for update_db to 2026-09-03 14:00:00+00:00, run_after=2026-09-04 14:00:00+00:00
[2026-09-03T07:12:14.040+0000] {processor.py:183} INFO - Processing /opt/airflow/dags/main.py took 1.116 seconds
[2026-09-03T07:12:44.459+0000] {processor.py:161} INFO - Started process (PID=517) to work on /opt/airflow/dags/main.py
[2026-09-03T07:12:44.462+0000] {processor.py:830} INFO - Processing file /opt/airflow/dags/main.py for tasks to queue
[2026-09-03T07:12:44.511+0000] {logging_mixin.py:188} INFO - [2026-09-03T07:12:44.511+0000] {dagbag.py:545} INFO - Filling up the DagBag from /opt/airflow/dags/main.py
[2026-09-03T07:12:44.614+0000] {logging_mixin.py:188} INFO - channel id is not executed
[2026-09-03T07:12:44.735+0000] {processor.py:840} INFO - DAG(s) 'update_db' retrieved from /opt/airflow/dags/main.py
[2026-09-03T07:12:45.293+0000] {logging_mixin.py:188} INFO - [2026-09-03T07:12:45.292+0000] {dag.py:3096} INFO - Sync 1 DAGs
[2026-09-03T07:12:45.435+0000] {logging_mixin.py:188} INFO - [2026-09-03T07:12:45.434+0000] {dag.py:3954} INFO - Setting next_dagrun for update_db to 2026-09-03 14:00:00+00:00, run_after=2026-09-04 14:00:00+00:00
[2026-09-03T07:12:45.604+0000] {processor.py:183} INFO - Processing /opt/airflow/dags/main.py took 1.175 seconds
[2026-09-03T07:13:16.607+0000] {processor.py:161} INFO - Started process (PID=524) to work on /opt/airflow/dags/main.py
[2026-09-03T07:13:16.612+0000] {processor.py:830} INFO - Processing file /opt/airflow/dags/main.py for tasks to queue
[2026-09-03T07:13:16.625+0000] {logging_mixin.py:188} INFO - [2026-09-03T07:13:16.624+0000] {dagbag.py:545} INFO - Filling up the DagBag from /opt/airflow/dags/main.py
[2026-09-03T07:13:16.693+0000] {logging_mixin.py:188} INFO - channel id is not executed
[2026-09-03T07:13:16.817+0000] {processor.py:840} INFO - DAG(s) 'update_db' retrieved from /opt/airflow/dags/main.py
[2026-09-03T07:13:17.202+0000] {logging_mixin.py:188} INFO - [2026-09-03T07:13:17.201+0000] {dag.py:3096} INFO - Sync 1 DAGs
[2026-09-03T07:13:17.339+0000] {logging_mixin.py:188} INFO - [2026-09-03T07:13:17.339+0000] {dag.py:3954} INFO - Setting next_dagrun for update_db to 2026-09-03 14:00:00+00:00, run_after=2026-09-04 14:00:00+00:00
[2026-09-03T07:13:17.497+0000] {processor.py:183} INFO - Processing /opt/airflow/dags/main.py took 0.901 seconds
[2026-09-03T07:13:47.993+0000] {processor.py:161} INFO - Started process (PID=531) to work on /opt/airflow/dags/main.py
[2026-09-03T07:13:47.995+0000] {processor.py:830} INFO - Processing file /opt/airflow/dags/main.py for tasks to queue
[2026-09-03T07:13:47.999+0000] {logging_mixin.py:188} INFO - [2026-09-03T07:13:47.999+0000] {dagbag.py:545} INFO - Filling up the DagBag from /opt/airflow/dags/main.py
[2026-09-03T07:13:48.071+0000] {logging_mixin.py:188} INFO - channel id is not executed
[2026-09-03T07:13:48.162+0000] {processor.py:840} INFO - DAG(s) 'update_db' retrieved from /opt/airflow/dags/main.py
[2026-09-03T07:13:48.347+0000] {logging_mixin.py:188} INFO - [2026-09-03T07:13:48.347+0000] {dag.py:3096} INFO - Sync 1 DAGs
[2026-09-03T07:13:48.385+0000] {logging_mixin.py:188} INFO - [2026-09-03T07:13:48.384+0000] {dag.py:3954} INFO - Setting next_dagrun for update_db to 2026-09-03 14:00:00+00:00, run_after=2026-09-04 14:00:00+00:00
[2026-09-03T07:13:48.435+0000] {processor.py:183} INFO - Processing /opt/airflow/dags/main.py took 0.455 seconds
[2026-09-03T07:14:18.671+0000] {processor.py:161} INFO - Started process (PID=537) to work on /opt/airflow/dags/main.py
[2026-09-03T07:14:18.683+0000] {processor.py:830} INFO - Processing file /opt/airflow/dags/main.py for tasks to queue
[2026-09-03T07:14:18.687+0000] {logging_mixin.py:188} INFO - [2026-09-03T07:14:18.686+0000] {dagbag.py:545} INFO - Filling up the DagBag from /opt/airflow/dags/main.py
[2026-09-03T07:14:18.836+0000] {logging_mixin.py:188} INFO - channel id is not executed
[2026-09-03T07:14:19.051+0000] {processor.py:840} INFO - DAG(s) 'update_db' retrieved from /opt/airflow/dags/main.py
[2026-09-03T07:14:19.678+0000] {logging_mixin.py:188} INFO - [2026-09-03T07:14:19.677+0000] {dag.py:3096} INFO - Sync 1 DAGs
[2026-09-03T07:14:19.742+0000] {logging_mixin.py:188} INFO - [2026-09-03T07:14:19.742+0000] {dag.py:3954} INFO - Setting next_dagrun for update_db to 2026-09-03 14:00:00+00:00, run_after=2026-09-04 14:00:00+00:00
[2026-09-03T07:14:19.805+0000] {processor.py:183} INFO - Processing /opt/airflow/dags/main.py took 1.154 seconds
[2026-09-03T07:14:50.376+0000] {processor.py:161} INFO - Started process (PID=543) to work on /opt/airflow/dags/main.py
[2026-09-03T07:14:50.380+0000] {processor.py:830} INFO - Processing file /opt/airflow/dags/main.py for tasks to queue
[2026-09-03T07:14:50.389+0000] {logging_mixin.py:188} INFO - [2026-09-03T07:14:50.388+0000] {dagbag.py:545} INFO - Filling up the DagBag from /opt/airflow/dags/main.py
[2026-09-03T07:14:50.577+0000] {logging_mixin.py:188} INFO - channel id is not executed
[2026-09-03T07:14:50.931+0000] {processor.py:840} INFO - DAG(s) 'update_db' retrieved from /opt/airflow/dags/main.py
[2026-09-03T07:14:51.582+0000] {logging_mixin.py:188} INFO - [2026-09-03T07:14:51.582+0000] {dag.py:3096} INFO - Sync 1 DAGs
[2026-09-03T07:14:51.943+0000] {logging_mixin.py:188} INFO - [2026-09-03T07:14:51.943+0000] {dag.py:3954} INFO - Setting next_dagrun for update_db to 2026-09-03 14:00:00+00:00, run_after=2026-09-04 14:00:00+00:00
[2026-09-03T07:14:52.570+0000] {processor.py:183} INFO - Processing /opt/airflow/dags/main.py took 2.210 seconds
[2026-09-03T07:15:30.287+0000] {processor.py:161} INFO - Started process (PID=550) to work on /opt/airflow/dags/main.py
[2026-09-03T07:15:30.292+0000] {processor.py:830} INFO - Processing file /opt/airflow/dags/main.py for tasks to queue
[2026-09-03T07:15:31.279+0000] {logging_mixin.py:188} INFO - [2026-09-03T07:15:31.279+0000] {dagbag.py:545} INFO - Filling up the DagBag from /opt/airflow/dags/main.py
[2026-09-03T07:15:35.716+0000] {logging_mixin.py:188} INFO - channel id is not executed
[2026-09-03T07:15:36.908+0000] {processor.py:840} INFO - DAG(s) 'update_db' retrieved from /opt/airflow/dags/main.py
[2026-09-03T07:15:37.492+0000] {logging_mixin.py:188} INFO - [2026-09-03T07:15:37.491+0000] {dag.py:3096} INFO - Sync 1 DAGs
[2026-09-03T07:15:38.104+0000] {logging_mixin.py:188} INFO - [2026-09-03T07:15:38.103+0000] {dag.py:3954} INFO - Setting next_dagrun for update_db to 2026-09-03 14:00:00+00:00, run_after=2026-09-04 14:00:00+00:00
[2026-09-03T07:15:38.279+0000] {processor.py:183} INFO - Processing /opt/airflow/dags/main.py took 8.026 seconds
[2026-09-03T07:16:09.304+0000] {processor.py:161} INFO - Started process (PID=557) to work on /opt/airflow/dags/main.py
[2026-09-03T07:16:09.332+0000] {processor.py:830} INFO - Processing file /opt/airflow/dags/main.py for tasks to queue
[2026-09-03T07:16:09.354+0000] {logging_mixin.py:188} INFO - [2026-09-03T07:16:09.353+0000] {dagbag.py:545} INFO - Filling up the DagBag from /opt/airflow/dags/main.py
[2026-09-03T07:16:09.627+0000] {logging_mixin.py:188} INFO - channel id is not executed
[2026-09-03T07:16:09.779+0000] {processor.py:840} INFO - DAG(s) 'update_db' retrieved from /opt/airflow/dags/main.py
[2026-09-03T07:16:10.387+0000] {logging_mixin.py:188} INFO - [2026-09-03T07:16:10.387+0000] {dag.py:3096} INFO - Sync 1 DAGs
[2026-09-03T07:16:10.708+0000] {logging_mixin.py:188} INFO - [2026-09-03T07:16:10.708+0000] {dag.py:3954} INFO - Setting next_dagrun for update_db to 2026-09-03 14:00:00+00:00, run_after=2026-09-04 14:00:00+00:00
[2026-09-03T07:16:10.793+0000] {processor.py:183} INFO - Processing /opt/airflow/dags/main.py took 1.580 seconds
[2026-09-03T07:16:41.402+0000] {processor.py:161} INFO - Started process (PID=564) to work on /opt/airflow/dags/main.py
[2026-09-03T07:16:41.413+0000] {processor.py:830} INFO - Processing file /opt/airflow/dags/main.py for tasks to queue
[2026-09-03T07:16:41.426+0000] {logging_mixin.py:188} INFO - [2026-09-03T07:16:41.426+0000] {dagbag.py:545} INFO - Filling up the DagBag from /opt/airflow/dags/main.py
[2026-09-03T07:16:41.573+0000] {logging_mixin.py:188} INFO - channel id is not executed
[2026-09-03T07:16:41.691+0000] {processor.py:840} INFO - DAG(s) 'update_db' retrieved from /opt/airflow/dags/main.py
[2026-09-03T07:16:42.278+0000] {logging_mixin.py:188} INFO - [2026-09-03T07:16:42.272+0000] {dag.py:3096} INFO - Sync 1 DAGs
[2026-09-03T07:16:42.360+0000] {logging_mixin.py:188} INFO - [2026-09-03T07:16:42.360+0000] {dag.py:3954} INFO - Setting next_dagrun for update_db to 2026-09-03 14:00:00+00:00, run_after=2026-09-04 14:00:00+00:00
[2026-09-03T07:16:42.416+0000] {processor.py:183} INFO - Processing /opt/airflow/dags/main.py took 1.034 seconds
[2026-09-03T07:17:12.676+0000] {processor.py:161} INFO - Started process (PID=571) to work on /opt/airflow/dags/main.py
[2026-09-03T07:17:12.680+0000] {processor.py:830} INFO - Processing file /opt/airflow/dags/main.py for tasks to queue
[2026-09-03T07:17:12.689+0000] {logging_mixin.py:188} INFO - [2026-09-03T07:17:12.687+0000] {dagbag.py:545} INFO - Filling up the DagBag from /opt/airflow/dags/main.py
[2026-09-03T07:17:12.780+0000] {logging_mixin.py:188} INFO - channel id is not executed
[2026-09-03T07:17:12.983+0000] {processor.py:840} INFO - DAG(s) 'update_db' retrieved from /opt/airflow/dags/main.py
[2026-09-03T07:17:13.279+0000] {logging_mixin.py:188} INFO - [2026-09-03T07:17:13.279+0000] {dag.py:3096} INFO - Sync 1 DAGs
[2026-09-03T07:17:13.481+0000] {logging_mixin.py:188} INFO - [2026-09-03T07:17:13.480+0000] {dag.py:3954} INFO - Setting next_dagrun for update_db to 2026-09-03 14:00:00+00:00, run_after=2026-09-04 14:00:00+00:00
[2026-09-03T07:17:13.529+0000] {processor.py:183} INFO - Processing /opt/airflow/dags/main.py took 0.863 seconds
[2026-09-03T07:17:44.427+0000] {processor.py:161} INFO - Started process (PID=579) to work on /opt/airflow/dags/main.py
[2026-09-03T07:17:44.526+0000] {processor.py:830} INFO - Processing file /opt/airflow/dags/main.py for tasks to queue
[2026-09-03T07:17:44.575+0000] {logging_mixin.py:188} INFO - [2026-09-03T07:17:44.575+0000] {dagbag.py:545} INFO - Filling up the DagBag from /opt/airflow/dags/main.py
[2026-09-03T07:17:45.040+0000] {logging_mixin.py:188} INFO - channel id is not executed
[2026-09-03T07:17:45.158+0000] {processor.py:840} INFO - DAG(s) 'update_db' retrieved from /opt/airflow/dags/main.py
[2026-09-03T07:17:45.490+0000] {logging_mixin.py:188} INFO - [2026-09-03T07:17:45.489+0000] {dag.py:3096} INFO - Sync 1 DAGs
[2026-09-03T07:17:45.661+0000] {logging_mixin.py:188} INFO - [2026-09-03T07:17:45.660+0000] {dag.py:3954} INFO - Setting next_dagrun for update_db to 2026-09-03 14:00:00+00:00, run_after=2026-09-04 14:00:00+00:00
[2026-09-03T07:17:45.836+0000] {processor.py:183} INFO - Processing /opt/airflow/dags/main.py took 1.453 seconds
[2026-09-03T07:18:16.920+0000] {processor.py:161} INFO - Started process (PID=592) to work on /opt/airflow/dags/main.py
[2026-09-03T07:18:16.922+0000] {processor.py:830} INFO - Processing file /opt/airflow/dags/main.py for tasks to queue
[2026-09-03T07:18:16.928+0000] {logging_mixin.py:188} INFO - [2026-09-03T07:18:16.927+0000] {dagbag.py:545} INFO - Filling up the DagBag from /opt/airflow/dags/main.py
[2026-09-03T07:18:17.014+0000] {logging_mixin.py:188} INFO - channel id is not executed
[2026-09-03T07:18:17.173+0000] {processor.py:840} INFO - DAG(s) 'update_db' retrieved from /opt/airflow/dags/main.py
[2026-09-03T07:18:17.375+0000] {logging_mixin.py:188} INFO - [2026-09-03T07:18:17.374+0000] {dag.py:3096} INFO - Sync 1 DAGs
[2026-09-03T07:18:17.412+0000] {logging_mixin.py:188} INFO - [2026-09-03T07:18:17.411+0000] {dag.py:3954} INFO - Setting next_dagrun for update_db to 2026-09-03 14:00:00+00:00, run_after=2026-09-04 14:00:00+00:00
[2026-09-03T07:18:17.473+0000] {processor.py:183} INFO - Processing /opt/airflow/dags/main.py took 0.567 seconds
[2026-09-03T07:18:47.940+0000] {processor.py:161} INFO - Started process (PID=600) to work on /opt/airflow/dags/main.py
[2026-09-03T07:18:47.943+0000] {processor.py:830} INFO - Processing file /opt/airflow/dags/main.py for tasks to queue
[2026-09-03T07:18:47.959+0000] {logging_mixin.py:188} INFO - [2026-09-03T07:18:47.958+0000] {dagbag.py:545} INFO - Filling up the DagBag from /opt/airflow/dags/main.py
[2026-09-03T07:18:48.181+0000] {logging_mixin.py:188} INFO - channel id is not executed
[2026-09-03T07:18:48.331+0000] {processor.py:840} INFO - DAG(s) 'update_db' retrieved from /opt/airflow/dags/main.py
[2026-09-03T07:18:48.755+0000] {logging_mixin.py:188} INFO - [2026-09-03T07:18:48.754+0000] {dag.py:3096} INFO - Sync 1 DAGs
[2026-09-03T07:18:48.798+0000] {logging_mixin.py:188} INFO - [2026-09-03T07:18:48.798+0000] {dag.py:3954} INFO - Setting next_dagrun for update_db to 2026-09-03 14:00:00+00:00, run_after=2026-09-04 14:00:00+00:00
[2026-09-03T07:18:48.848+0000] {processor.py:183} INFO - Processing /opt/airflow/dags/main.py took 0.929 seconds
[2026-09-03T07:19:19.770+0000] {processor.py:161} INFO - Started process (PID=607) to work on /opt/airflow/dags/main.py
[2026-09-03T07:19:19.797+0000] {processor.py:830} INFO - Processing file /opt/airflow/dags/main.py for tasks to queue
[2026-09-03T07:19:19.801+0000] {logging_mixin.py:188} INFO - [2026-09-03T07:19:19.800+0000] {dagbag.py:545} INFO - Filling up the DagBag from /opt/airflow/dags/main.py
[2026-09-03T07:19:19.881+0000] {logging_mixin.py:188} INFO - channel id is not executed
[2026-09-03T07:19:19.974+0000] {processor.py:840} INFO - DAG(s) 'update_db' retrieved from /opt/airflow/dags/main.py
[2026-09-03T07:19:20.172+0000] {logging_mixin.py:188} INFO - [2026-09-03T07:19:20.171+0000] {dag.py:3096} INFO - Sync 1 DAGs
[2026-09-03T07:19:20.218+0000] {logging_mixin.py:188} INFO - [2026-09-03T07:19:20.217+0000] {dag.py:3954} INFO - Setting next_dagrun for update_db to 2026-09-03 14:00:00+00:00, run_after=2026-09-04 14:00:00+00:00
[2026-09-03T07:19:20.423+0000] {processor.py:183} INFO - Processing /opt/airflow/dags/main.py took 0.671 seconds
[2026-09-03T07:19:51.631+0000] {processor.py:161} INFO - Started process (PID=614) to work on /opt/airflow/dags/main.py
[2026-09-03T07:19:51.662+0000] {processor.py:830} INFO - Processing file /opt/airflow/dags/main.py for tasks to queue
[2026-09-03T07:19:51.684+0000] {logging_mixin.py:188} INFO - [2026-09-03T07:19:51.683+0000] {dagbag.py:545} INFO - Filling up the DagBag from /opt/airflow/dags/main.py
[2026-09-03T07:19:51.986+0000] {logging_mixin.py:188} INFO - channel id is not executed
[2026-09-03T07:19:52.096+0000] {processor.py:840} INFO - DAG(s) 'update_db' retrieved from /opt/airflow/dags/main.py
[2026-09-03T07:19:52.747+0000] {logging_mixin.py:188} INFO - [2026-09-03T07:19:52.747+0000] {dag.py:3096} INFO - Sync 1 DAGs
[2026-09-03T07:19:52.877+0000] {logging_mixin.py:188} INFO - [2026-09-03T07:19:52.876+0000] {dag.py:3954} INFO - Setting next_dagrun for update_db to 2026-09-03 14:00:00+00:00, run_after=2026-09-04 14:00:00+00:00
[2026-09-03T07:19:53.115+0000] {processor.py:183} INFO - Processing /opt/airflow/dags/main.py took 1.516 seconds
[2026-09-03T07:20:23.531+0000] {processor.py:161} INFO - Started process (PID=621) to work on /opt/airflow/dags/main.py
[2026-09-03T07:20:23.544+0000] {processor.py:830} INFO - Processing file /opt/airflow/dags/main.py for tasks to queue
[2026-09-03T07:20:23.556+0000] {logging_mixin.py:188} INFO - [2026-09-03T07:20:23.555+0000] {dagbag.py:545} INFO - Filling up the DagBag from /opt/airflow/dags/main.py
[2026-09-03T07:20:23.754+0000] {logging_mixin.py:188} INFO - channel id is not executed
[2026-09-03T07:20:24.639+0000] {processor.py:840} INFO - DAG(s) 'update_db' retrieved from /opt/airflow/dags/main.py
[2026-09-03T07:20:28.865+0000] {logging_mixin.py:188} INFO - [2026-09-03T07:20:28.864+0000] {dag.py:3096} INFO - Sync 1 DAGs
[2026-09-03T07:20:29.157+0000] {logging_mixin.py:188} INFO - [2026-09-03T07:20:29.156+0000] {dag.py:3954} INFO - Setting next_dagrun for update_db to 2026-09-03 14:00:00+00:00, run_after=2026-09-04 14:00:00+00:00
[2026-09-03T07:20:29.304+0000] {processor.py:183} INFO - Processing /opt/airflow/dags/main.py took 5.787 seconds
[2026-09-03T07:21:00.668+0000] {processor.py:161} INFO - Started process (PID=628) to work on /opt/airflow/dags/main.py
[2026-09-03T07:21:00.670+0000] {processor.py:830} INFO - Processing file /opt/airflow/dags/main.py for tasks to queue
[2026-09-03T07:21:00.685+0000] {logging_mixin.py:188} INFO - [2026-09-03T07:21:00.685+0000] {dagbag.py:545} INFO - Filling up the DagBag from /opt/airflow/dags/main.py
[2026-09-03T07:21:00.901+0000] {logging_mixin.py:188} INFO - channel id is not executed
[2026-09-03T07:21:01.195+0000] {processor.py:840} INFO - DAG(s) 'update_db' retrieved from /opt/airflow/dags/main.py
[2026-09-03T07:21:01.642+0000] {logging_mixin.py:188} INFO - [2026-09-03T07:21:01.641+0000] {dag.py:3096} INFO - Sync 1 DAGs
[2026-09-03T07:21:01.825+0000] {logging_mixin.py:188} INFO - [2026-09-03T07:21:01.824+0000] {dag.py:3954} INFO - Setting next_dagrun for update_db to 2026-09-03 14:00:00+00:00, run_after=2026-09-04 14:00:00+00:00
[2026-09-03T07:21:01.942+0000] {processor.py:183} INFO - Processing /opt/airflow/dags/main.py took 1.295 seconds
[2026-09-03T07:21:33.051+0000] {processor.py:161} INFO - Started process (PID=634) to work on /opt/airflow/dags/main.py
[2026-09-03T07:21:33.054+0000] {processor.py:830} INFO - Processing file /opt/airflow/dags/main.py for tasks to queue
[2026-09-03T07:21:33.061+0000] {logging_mixin.py:188} INFO - [2026-09-03T07:21:33.060+0000] {dagbag.py:545} INFO - Filling up the DagBag from /opt/airflow/dags/main.py
[2026-09-03T07:21:33.249+0000] {logging_mixin.py:188} INFO - channel id is not executed
[2026-09-03T07:21:33.543+0000] {processor.py:840} INFO - DAG(s) 'update_db' retrieved from /opt/airflow/dags/main.py
[2026-09-03T07:21:33.892+0000] {logging_mixin.py:188} INFO - [2026-09-03T07:21:33.892+0000] {dag.py:3096} INFO - Sync 1 DAGs
[2026-09-03T07:21:33.978+0000] {logging_mixin.py:188} INFO - [2026-09-03T07:21:33.977+0000] {dag.py:3954} INFO - Setting next_dagrun for update_db to 2026-09-03 14:00:00+00:00, run_after=2026-09-04 14:00:00+00:00
[2026-09-03T07:21:34.127+0000] {processor.py:183} INFO - Processing /opt/airflow/dags/main.py took 1.088 seconds
[2026-09-03T07:22:04.940+0000] {processor.py:161} INFO - Started process (PID=640) to work on /opt/airflow/dags/main.py
[2026-09-03T07:22:04.942+0000] {processor.py:830} INFO - Processing file /opt/airflow/dags/main.py for tasks to queue
[2026-09-03T07:22:04.946+0000] {logging_mixin.py:188} INFO - [2026-09-03T07:22:04.945+0000] {dagbag.py:545} INFO - Filling up the DagBag from /opt/airflow/dags/main.py
[2026-09-03T07:22:05.015+0000] {logging_mixin.py:188} INFO - channel id is not executed
[2026-09-03T07:22:05.143+0000] {processor.py:840} INFO - DAG(s) 'update_db' retrieved from /opt/airflow/dags/main.py
[2026-09-03T07:22:05.384+0000] {logging_mixin.py:188} INFO - [2026-09-03T07:22:05.384+0000] {dag.py:3096} INFO - Sync 1 DAGs
[2026-09-03T07:22:05.521+0000] {logging_mixin.py:188} INFO - [2026-09-03T07:22:05.520+0000] {dag.py:3954} INFO - Setting next_dagrun for update_db to 2026-09-03 14:00:00+00:00, run_after=2026-09-04 14:00:00+00:00
[2026-09-03T07:22:05.583+0000] {processor.py:183} INFO - Processing /opt/airflow/dags/main.py took 0.656 seconds
[2026-09-03T07:22:37.456+0000] {processor.py:161} INFO - Started process (PID=646) to work on /opt/airflow/dags/main.py
[2026-09-03T07:22:37.491+0000] {processor.py:830} INFO - Processing file /opt/airflow/dags/main.py for tasks to queue
[2026-09-03T07:22:37.549+0000] {logging_mixin.py:188} INFO - [2026-09-03T07:22:37.548+0000] {dagbag.py:545} INFO - Filling up the DagBag from /opt/airflow/dags/main.py
[2026-09-03T07:22:47.936+0000] {logging_mixin.py:188} INFO - channel id is not executed
[2026-09-03T07:22:57.183+0000] {processor.py:840} INFO - DAG(s) 'update_db' retrieved from /opt/airflow/dags/main.py
[2026-09-03T07:22:59.491+0000] {logging_mixin.py:188} INFO - [2026-09-03T07:22:59.491+0000] {dag.py:3096} INFO - Sync 1 DAGs
[2026-09-03T07:22:59.792+0000] {logging_mixin.py:188} INFO - [2026-09-03T07:22:59.791+0000] {dag.py:3954} INFO - Setting next_dagrun for update_db to 2026-09-03 14:00:00+00:00, run_after=2026-09-04 14:00:00+00:00
[2026-09-03T07:23:00.356+0000] {processor.py:183} INFO - Processing /opt/airflow/dags/main.py took 22.947 seconds
[2026-09-03T07:23:31.756+0000] {processor.py:161} INFO - Started process (PID=658) to work on /opt/airflow/dags/main.py
[2026-09-03T07:23:31.764+0000] {processor.py:830} INFO - Processing file /opt/airflow/dags/main.py for tasks to queue
[2026-09-03T07:23:31.771+0000] {logging_mixin.py:188} INFO - [2026-09-03T07:23:31.770+0000] {dagbag.py:545} INFO - Filling up the DagBag from /opt/airflow/dags/main.py
[2026-09-03T07:23:32.134+0000] {logging_mixin.py:188} INFO - channel id is not executed
[2026-09-03T07:23:32.990+0000] {processor.py:840} INFO - DAG(s) 'update_db' retrieved from /opt/airflow/dags/main.py
[2026-09-03T07:23:33.415+0000] {logging_mixin.py:188} INFO - [2026-09-03T07:23:33.414+0000] {dag.py:3096} INFO - Sync 1 DAGs
[2026-09-03T07:23:33.506+0000] {logging_mixin.py:188} INFO - [2026-09-03T07:23:33.505+0000] {dag.py:3954} INFO - Setting next_dagrun for update_db to 2026-09-03 14:00:00+00:00, run_after=2026-09-04 14:00:00+00:00
[2026-09-03T07:23:33.920+0000] {processor.py:183} INFO - Processing /opt/airflow/dags/main.py took 2.179 seconds
[2026-09-03T07:24:04.274+0000] {processor.py:161} INFO - Started process (PID=665) to work on /opt/airflow/dags/main.py
[2026-09-03T07:24:04.278+0000] {processor.py:830} INFO - Processing file /opt/airflow/dags/main.py for tasks to queue
[2026-09-03T07:24:04.285+0000] {logging_mixin.py:188} INFO - [2026-09-03T07:24:04.284+0000] {dagbag.py:545} INFO - Filling up the DagBag from /opt/airflow/dags/main.py
[2026-09-03T07:24:04.547+0000] {logging_mixin.py:188} INFO - channel id is not executed
[2026-09-03T07:24:06.644+0000] {processor.py:840} INFO - DAG(s) 'update_db' retrieved from /opt/airflow/dags/main.py
[2026-09-03T07:24:07.183+0000] {logging_mixin.py:188} INFO - [2026-09-03T07:24:07.183+0000] {dag.py:3096} INFO - Sync 1 DAGs
[2026-09-03T07:24:07.272+0000] {logging_mixin.py:188} INFO - [2026-09-03T07:24:07.271+0000] {dag.py:3954} INFO - Setting next_dagrun for update_db to 2026-09-03 14:00:00+00:00, run_after=2026-09-04 14:00:00+00:00
[2026-09-03T07:24:07.419+0000] {processor.py:183} INFO - Processing /opt/airflow/dags/main.py took 3.165 seconds
[2026-09-03T07:24:38.367+0000] {processor.py:161} INFO - Started process (PID=672) to work on /opt/airflow/dags/main.py
[2026-09-03T07:24:38.393+0000] {processor.py:830} INFO - Processing file /opt/airflow/dags/main.py for tasks to queue
[2026-09-03T07:24:38.397+0000] {logging_mixin.py:188} INFO - [2026-09-03T07:24:38.396+0000] {dagbag.py:545} INFO - Filling up the DagBag from /opt/airflow/dags/main.py
[2026-09-03T07:24:38.741+0000] {logging_mixin.py:188} INFO - channel id is not executed
[2026-09-03T07:24:38.875+0000] {processor.py:840} INFO - DAG(s) 'update_db' retrieved from /opt/airflow/dags/main.py
[2026-09-03T07:24:39.243+0000] {logging_mixin.py:188} INFO - [2026-09-03T07:24:39.242+0000] {dag.py:3096} INFO - Sync 1 DAGs
[2026-09-03T07:24:39.286+0000] {logging_mixin.py:188} INFO - [2026-09-03T07:24:39.286+0000] {dag.py:3954} INFO - Setting next_dagrun for update_db to 2026-09-03 14:00:00+00:00, run_after=2026-09-04 14:00:00+00:00
[2026-09-03T07:24:39.351+0000] {processor.py:183} INFO - Processing /opt/airflow/dags/main.py took 1.003 seconds
[2026-09-03T07:25:10.482+0000] {processor.py:161} INFO - Started process (PID=679) to work on /opt/airflow/dags/main.py
[2026-09-03T07:25:10.485+0000] {processor.py:830} INFO - Processing file /opt/airflow/dags/main.py for tasks to queue
[2026-09-03T07:25:10.492+0000] {logging_mixin.py:188} INFO - [2026-09-03T07:25:10.492+0000] {dagbag.py:545} INFO - Filling up the DagBag from /opt/airflow/dags/main.py
[2026-09-03T07:25:10.592+0000] {logging_mixin.py:188} INFO - channel id is not executed
[2026-09-03T07:25:10.728+0000] {processor.py:840} INFO - DAG(s) 'update_db' retrieved from /opt/airflow/dags/main.py
[2026-09-03T07:25:11.191+0000] {logging_mixin.py:188} INFO - [2026-09-03T07:25:11.191+0000] {dag.py:3096} INFO - Sync 1 DAGs
[2026-09-03T07:25:11.255+0000] {logging_mixin.py:188} INFO - [2026-09-03T07:25:11.254+0000] {dag.py:3954} INFO - Setting next_dagrun for update_db to 2026-09-03 14:00:00+00:00, run_after=2026-09-04 14:00:00+00:00
[2026-09-03T07:25:11.296+0000] {processor.py:183} INFO - Processing /opt/airflow/dags/main.py took 0.835 seconds
[2026-09-03T07:25:42.069+0000] {processor.py:161} INFO - Started process (PID=685) to work on /opt/airflow/dags/main.py
[2026-09-03T07:25:42.072+0000] {processor.py:830} INFO - Processing file /opt/airflow/dags/main.py for tasks to queue
[2026-09-03T07:25:42.077+0000] {logging_mixin.py:188} INFO - [2026-09-03T07:25:42.077+0000] {dagbag.py:545} INFO - Filling up the DagBag from /opt/airflow/dags/main.py
[2026-09-03T07:25:42.168+0000] {logging_mixin.py:188} INFO - channel id is not executed
[2026-09-03T07:25:42.497+0000] {processor.py:840} INFO - DAG(s) 'update_db' retrieved from /opt/airflow/dags/main.py
[2026-09-03T07:25:42.842+0000] {logging_mixin.py:188} INFO - [2026-09-03T07:25:42.842+0000] {dag.py:3096} INFO - Sync 1 DAGs
[2026-09-03T07:25:42.891+0000] {logging_mixin.py:188} INFO - [2026-09-03T07:25:42.890+0000] {dag.py:3954} INFO - Setting next_dagrun for update_db to 2026-09-03 14:00:00+00:00, run_after=2026-09-04 14:00:00+00:00
[2026-09-03T07:25:42.946+0000] {processor.py:183} INFO - Processing /opt/airflow/dags/main.py took 0.892 seconds
[2026-09-03T07:26:13.515+0000] {processor.py:161} INFO - Started process (PID=692) to work on /opt/airflow/dags/main.py
[2026-09-03T07:26:13.550+0000] {processor.py:830} INFO - Processing file /opt/airflow/dags/main.py for tasks to queue
[2026-09-03T07:26:13.659+0000] {logging_mixin.py:188} INFO - [2026-09-03T07:26:13.646+0000] {dagbag.py:545} INFO - Filling up the DagBag from /opt/airflow/dags/main.py
[2026-09-03T07:26:15.288+0000] {logging_mixin.py:188} INFO - channel id is not executed
[2026-09-03T07:26:15.507+0000] {processor.py:840} INFO - DAG(s) 'update_db' retrieved from /opt/airflow/dags/main.py
[2026-09-03T07:26:16.040+0000] {logging_mixin.py:188} INFO - [2026-09-03T07:26:16.039+0000] {dag.py:3096} INFO - Sync 1 DAGs
[2026-09-03T07:26:16.083+0000] {logging_mixin.py:188} INFO - [2026-09-03T07:26:16.083+0000] {dag.py:3954} INFO - Setting next_dagrun for update_db to 2026-09-03 14:00:00+00:00, run_after=2026-09-04 14:00:00+00:00
[2026-09-03T07:26:16.134+0000] {processor.py:183} INFO - Processing /opt/airflow/dags/main.py took 2.736 seconds
[2026-09-03T07:26:46.435+0000] {processor.py:161} INFO - Started process (PID=699) to work on /opt/airflow/dags/main.py
[2026-09-03T07:26:46.437+0000] {processor.py:830} INFO - Processing file /opt/airflow/dags/main.py for tasks to queue
[2026-09-03T07:26:46.442+0000] {logging_mixin.py:188} INFO - [2026-09-03T07:26:46.442+0000] {dagbag.py:545} INFO - Filling up the DagBag from /opt/airflow/dags/main.py
[2026-09-03T07:26:46.624+0000] {logging_mixin.py:188} INFO - channel id is not executed
[2026-09-03T07:26:47.017+0000] {processor.py:840} INFO - DAG(s) 'update_db' retrieved from /opt/airflow/dags/main.py
[2026-09-03T07:26:47.493+0000] {logging_mixin.py:188} INFO - [2026-09-03T07:26:47.491+0000] {dag.py:3096} INFO - Sync 1 DAGs
[2026-09-03T07:26:47.602+0000] {logging_mixin.py:188} INFO - [2026-09-03T07:26:47.602+0000] {dag.py:3954} INFO - Setting next_dagrun for update_db to 2026-09-03 14:00:00+00:00, run_after=2026-09-04 14:00:00+00:00
[2026-09-03T07:26:47.733+0000] {processor.py:183} INFO - Processing /opt/airflow/dags/main.py took 1.311 seconds
[2026-09-03T07:27:18.407+0000] {processor.py:161} INFO - Started process (PID=705) to work on /opt/airflow/dags/main.py
[2026-09-03T07:27:18.410+0000] {processor.py:830} INFO - Processing file /opt/airflow/dags/main.py for tasks to queue
[2026-09-03T07:27:18.431+0000] {logging_mixin.py:188} INFO - [2026-09-03T07:27:18.431+0000] {dagbag.py:545} INFO - Filling up the DagBag from /opt/airflow/dags/main.py
[2026-09-03T07:27:18.964+0000] {logging_mixin.py:188} INFO - channel id is not executed
[2026-09-03T07:27:19.644+0000] {processor.py:840} INFO - DAG(s) 'update_db' retrieved from /opt/airflow/dags/main.py
[2026-09-03T07:27:20.172+0000] {logging_mixin.py:188} INFO - [2026-09-03T07:27:20.172+0000] {dag.py:3096} INFO - Sync 1 DAGs
[2026-09-03T07:27:20.220+0000] {logging_mixin.py:188} INFO - [2026-09-03T07:27:20.219+0000] {dag.py:3954} INFO - Setting next_dagrun for update_db to 2026-09-03 14:00:00+00:00, run_after=2026-09-04 14:00:00+00:00
[2026-09-03T07:27:20.274+0000] {processor.py:183} INFO - Processing /opt/airflow/dags/main.py took 1.915 seconds
[2026-09-03T07:27:52.892+0000] {processor.py:161} INFO - Started process (PID=717) to work on /opt/airflow/dags/main.py
[2026-09-03T07:27:52.918+0000] {processor.py:830} INFO - Processing file /opt/airflow/dags/main.py for tasks to queue
[2026-09-03T07:27:53.619+0000] {logging_mixin.py:188} INFO - [2026-09-03T07:27:53.306+0000] {dagbag.py:545} INFO - Filling up the DagBag from /opt/airflow/dags/main.py
[2026-09-03T07:27:56.830+0000] {logging_mixin.py:188} INFO - channel id is not executed
[2026-09-03T07:27:58.682+0000] {processor.py:840} INFO - DAG(s) 'update_db' retrieved from /opt/airflow/dags/main.py
[2026-09-03T07:28:02.278+0000] {logging_mixin.py:188} INFO - [2026-09-03T07:28:02.278+0000] {dag.py:3096} INFO - Sync 1 DAGs
[2026-09-03T07:28:03.451+0000] {logging_mixin.py:188} INFO - [2026-09-03T07:28:03.451+0000] {dag.py:3954} INFO - Setting next_dagrun for update_db to 2026-09-03 14:00:00+00:00, run_after=2026-09-04 14:00:00+00:00
[2026-09-03T07:28:03.985+0000] {processor.py:183} INFO - Processing /opt/airflow/dags/main.py took 11.113 seconds
[2026-09-03T07:28:35.549+0000] {processor.py:161} INFO - Started process (PID=724) to work on /opt/airflow/dags/main.py
[2026-09-03T07:28:35.556+0000] {processor.py:830} INFO - Processing file /opt/airflow/dags/main.py for tasks to queue
[2026-09-03T07:28:35.578+0000] {logging_mixin.py:188} INFO - [2026-09-03T07:28:35.568+0000] {dagbag.py:545} INFO - Filling up the DagBag from /opt/airflow/dags/main.py
[2026-09-03T07:28:35.783+0000] {logging_mixin.py:188} INFO - channel id is not executed
[2026-09-03T07:28:36.752+0000] {processor.py:840} INFO - DAG(s) 'update_db' retrieved from /opt/airflow/dags/main.py
[2026-09-03T07:28:37.850+0000] {logging_mixin.py:188} INFO - [2026-09-03T07:28:37.846+0000] {dag.py:3096} INFO - Sync 1 DAGs
[2026-09-03T07:28:38.039+0000] {logging_mixin.py:188} INFO - [2026-09-03T07:28:38.039+0000] {dag.py:3954} INFO - Setting next_dagrun for update_db to 2026-09-03 14:00:00+00:00, run_after=2026-09-04 14:00:00+00:00
[2026-09-03T07:28:38.164+0000] {processor.py:183} INFO - Processing /opt/airflow/dags/main.py took 2.656 seconds
[2026-09-03T07:29:09.797+0000] {processor.py:161} INFO - Started process (PID=731) to work on /opt/airflow/dags/main.py
[2026-09-03T07:29:09.830+0000] {processor.py:830} INFO - Processing file /opt/airflow/dags/main.py for tasks to queue
[2026-09-03T07:29:09.936+0000] {logging_mixin.py:188} INFO - [2026-09-03T07:29:09.936+0000] {dagbag.py:545} INFO - Filling up the DagBag from /opt/airflow/dags/main.py
[2026-09-03T07:29:11.113+0000] {logging_mixin.py:188} INFO - channel id is not executed
[2026-09-03T07:29:11.832+0000] {processor.py:840} INFO - DAG(s) 'update_db' retrieved from /opt/airflow/dags/main.py
[2026-09-03T07:29:14.822+0000] {logging_mixin.py:188} INFO - [2026-09-03T07:29:14.822+0000] {dag.py:3096} INFO - Sync 1 DAGs
[2026-09-03T07:29:15.082+0000] {logging_mixin.py:188} INFO - [2026-09-03T07:29:15.022+0000] {dag.py:3954} INFO - Setting next_dagrun for update_db to 2026-09-03 14:00:00+00:00, run_after=2026-09-04 14:00:00+00:00
[2026-09-03T07:29:15.429+0000] {processor.py:183} INFO - Processing /opt/airflow/dags/main.py took 5.796 seconds
[2026-09-03T07:29:46.170+0000] {processor.py:161} INFO - Started process (PID=737) to work on /opt/airflow/dags/main.py
[2026-09-03T07:29:46.192+0000] {processor.py:830} INFO - Processing file /opt/airflow/dags/main.py for tasks to queue
[2026-09-03T07:29:46.227+0000] {logging_mixin.py:188} INFO - [2026-09-03T07:29:46.227+0000] {dagbag.py:545} INFO - Filling up the DagBag from /opt/airflow/dags/main.py
[2026-09-03T07:29:46.842+0000] {logging_mixin.py:188} INFO - channel id is not executed
[2026-09-03T07:29:47.236+0000] {processor.py:840} INFO - DAG(s) 'update_db' retrieved from /opt/airflow/dags/main.py
[2026-09-03T07:29:47.983+0000] {logging_mixin.py:188} INFO - [2026-09-03T07:29:47.983+0000] {dag.py:3096} INFO - Sync 1 DAGs
[2026-09-03T07:29:48.088+0000] {logging_mixin.py:188} INFO - [2026-09-03T07:29:48.087+0000] {dag.py:3954} INFO - Setting next_dagrun for update_db to 2026-09-03 14:00:00+00:00, run_after=2026-09-04 14:00:00+00:00
[2026-09-03T07:29:48.229+0000] {processor.py:183} INFO - Processing /opt/airflow/dags/main.py took 2.081 seconds
[2026-09-03T07:30:18.578+0000] {processor.py:161} INFO - Started process (PID=743) to work on /opt/airflow/dags/main.py
[2026-09-03T07:30:18.582+0000] {processor.py:830} INFO - Processing file /opt/airflow/dags/main.py for tasks to queue
[2026-09-03T07:30:18.587+0000] {logging_mixin.py:188} INFO - [2026-09-03T07:30:18.586+0000] {dagbag.py:545} INFO - Filling up the DagBag from /opt/airflow/dags/main.py
[2026-09-03T07:30:18.708+0000] {logging_mixin.py:188} INFO - channel id is not executed
[2026-09-03T07:30:18.850+0000] {processor.py:840} INFO - DAG(s) 'update_db' retrieved from /opt/airflow/dags/main.py
[2026-09-03T07:30:19.109+0000] {logging_mixin.py:188} INFO - [2026-09-03T07:30:19.108+0000] {dag.py:3096} INFO - Sync 1 DAGs
[2026-09-03T07:30:19.154+0000] {logging_mixin.py:188} INFO - [2026-09-03T07:30:19.153+0000] {dag.py:3954} INFO - Setting next_dagrun for update_db to 2026-09-03 14:00:00+00:00, run_after=2026-09-04 14:00:00+00:00
[2026-09-03T07:30:19.253+0000] {processor.py:183} INFO - Processing /opt/airflow/dags/main.py took 0.715 seconds
[2026-09-03T07:30:49.611+0000] {processor.py:161} INFO - Started process (PID=749) to work on /opt/airflow/dags/main.py
[2026-09-03T07:30:49.632+0000] {processor.py:830} INFO - Processing file /opt/airflow/dags/main.py for tasks to queue
[2026-09-03T07:30:49.638+0000] {logging_mixin.py:188} INFO - [2026-09-03T07:30:49.637+0000] {dagbag.py:545} INFO - Filling up the DagBag from /opt/airflow/dags/main.py
[2026-09-03T07:30:49.806+0000] {logging_mixin.py:188} INFO - channel id is not executed
[2026-09-03T07:30:50.075+0000] {processor.py:840} INFO - DAG(s) 'update_db' retrieved from /opt/airflow/dags/main.py
[2026-09-03T07:30:50.464+0000] {logging_mixin.py:188} INFO - [2026-09-03T07:30:50.463+0000] {dag.py:3096} INFO - Sync 1 DAGs
[2026-09-03T07:30:50.507+0000] {logging_mixin.py:188} INFO - [2026-09-03T07:30:50.506+0000] {dag.py:3954} INFO - Setting next_dagrun for update_db to 2026-09-03 14:00:00+00:00, run_after=2026-09-04 14:00:00+00:00
[2026-09-03T07:30:50.563+0000] {processor.py:183} INFO - Processing /opt/airflow/dags/main.py took 0.985 seconds
[2026-09-03T07:31:21.784+0000] {processor.py:161} INFO - Started process (PID=756) to work on /opt/airflow/dags/main.py
[2026-09-03T07:31:21.792+0000] {processor.py:830} INFO - Processing file /opt/airflow/dags/main.py for tasks to queue
[2026-09-03T07:31:21.801+0000] {logging_mixin.py:188} INFO - [2026-09-03T07:31:21.800+0000] {dagbag.py:545} INFO - Filling up the DagBag from /opt/airflow/dags/main.py
[2026-09-03T07:31:22.095+0000] {logging_mixin.py:188} INFO - channel id is not executed
[2026-09-03T07:31:22.238+0000] {processor.py:840} INFO - DAG(s) 'update_db' retrieved from /opt/airflow/dags/main.py
[2026-09-03T07:31:22.629+0000] {logging_mixin.py:188} INFO - [2026-09-03T07:31:22.628+0000] {dag.py:3096} INFO - Sync 1 DAGs
[2026-09-03T07:31:22.774+0000] {logging_mixin.py:188} INFO - [2026-09-03T07:31:22.774+0000] {dag.py:3954} INFO - Setting next_dagrun for update_db to 2026-09-03 14:00:00+00:00, run_after=2026-09-04 14:00:00+00:00
[2026-09-03T07:31:22.843+0000] {processor.py:183} INFO - Processing /opt/airflow/dags/main.py took 1.110 seconds
[2026-09-03T07:31:52.951+0000] {processor.py:161} INFO - Started process (PID=763) to work on /opt/airflow/dags/main.py
[2026-09-03T07:31:52.955+0000] {processor.py:830} INFO - Processing file /opt/airflow/dags/main.py for tasks to queue
[2026-09-03T07:31:52.959+0000] {logging_mixin.py:188} INFO - [2026-09-03T07:31:52.958+0000] {dagbag.py:545} INFO - Filling up the DagBag from /opt/airflow/dags/main.py
[2026-09-03T07:31:53.065+0000] {logging_mixin.py:188} INFO - channel id is not executed
[2026-09-03T07:31:53.498+0000] {processor.py:840} INFO - DAG(s) 'update_db' retrieved from /opt/airflow/dags/main.py
[2026-09-03T07:31:53.784+0000] {logging_mixin.py:188} INFO - [2026-09-03T07:31:53.784+0000] {dag.py:3096} INFO - Sync 1 DAGs
[2026-09-03T07:31:53.824+0000] {logging_mixin.py:188} INFO - [2026-09-03T07:31:53.824+0000] {dag.py:3954} INFO - Setting next_dagrun for update_db to 2026-09-03 14:00:00+00:00, run_after=2026-09-04 14:00:00+00:00
[2026-09-03T07:31:53.861+0000] {processor.py:183} INFO - Processing /opt/airflow/dags/main.py took 0.920 seconds
[2026-09-03T07:32:24.938+0000] {processor.py:161} INFO - Started process (PID=771) to work on /opt/airflow/dags/main.py
[2026-09-03T07:32:24.941+0000] {processor.py:830} INFO - Processing file /opt/airflow/dags/main.py for tasks to queue
[2026-09-03T07:32:24.946+0000] {logging_mixin.py:188} INFO - [2026-09-03T07:32:24.945+0000] {dagbag.py:545} INFO - Filling up the DagBag from /opt/airflow/dags/main.py
[2026-09-03T07:32:25.068+0000] {logging_mixin.py:188} INFO - channel id is not executed
[2026-09-03T07:32:25.458+0000] {processor.py:840} INFO - DAG(s) 'update_db' retrieved from /opt/airflow/dags/main.py
[2026-09-03T07:32:25.946+0000] {logging_mixin.py:188} INFO - [2026-09-03T07:32:25.936+0000] {dag.py:3096} INFO - Sync 1 DAGs
[2026-09-03T07:32:26.161+0000] {logging_mixin.py:188} INFO - [2026-09-03T07:32:26.161+0000] {dag.py:3954} INFO - Setting next_dagrun for update_db to 2026-09-03 14:00:00+00:00, run_after=2026-09-04 14:00:00+00:00
[2026-09-03T07:32:26.333+0000] {processor.py:183} INFO - Processing /opt/airflow/dags/main.py took 1.408 seconds
[2026-09-03T07:32:58.604+0000] {processor.py:161} INFO - Started process (PID=778) to work on /opt/airflow/dags/main.py
[2026-09-03T07:32:58.617+0000] {processor.py:830} INFO - Processing file /opt/airflow/dags/main.py for tasks to queue
[2026-09-03T07:32:58.638+0000] {logging_mixin.py:188} INFO - [2026-09-03T07:32:58.632+0000] {dagbag.py:545} INFO - Filling up the DagBag from /opt/airflow/dags/main.py
[2026-09-03T07:32:59.083+0000] {logging_mixin.py:188} INFO - channel id is not executed
[2026-09-03T07:32:59.962+0000] {processor.py:840} INFO - DAG(s) 'update_db' retrieved from /opt/airflow/dags/main.py
[2026-09-03T07:33:00.813+0000] {logging_mixin.py:188} INFO - [2026-09-03T07:33:00.813+0000] {dag.py:3096} INFO - Sync 1 DAGs
[2026-09-03T07:33:01.260+0000] {logging_mixin.py:188} INFO - [2026-09-03T07:33:01.259+0000] {dag.py:3954} INFO - Setting next_dagrun for update_db to 2026-09-03 14:00:00+00:00, run_after=2026-09-04 14:00:00+00:00
[2026-09-03T07:33:01.629+0000] {processor.py:183} INFO - Processing /opt/airflow/dags/main.py took 3.043 seconds
[2026-09-03T07:33:32.790+0000] {processor.py:161} INFO - Started process (PID=791) to work on /opt/airflow/dags/main.py
[2026-09-03T07:33:32.797+0000] {processor.py:830} INFO - Processing file /opt/airflow/dags/main.py for tasks to queue
[2026-09-03T07:33:32.805+0000] {logging_mixin.py:188} INFO - [2026-09-03T07:33:32.804+0000] {dagbag.py:545} INFO - Filling up the DagBag from /opt/airflow/dags/main.py
[2026-09-03T07:33:33.755+0000] {logging_mixin.py:188} INFO - channel id is not executed
[2026-09-03T07:33:35.424+0000] {processor.py:840} INFO - DAG(s) 'update_db' retrieved from /opt/airflow/dags/main.py
[2026-09-03T07:33:37.594+0000] {logging_mixin.py:188} INFO - [2026-09-03T07:33:37.593+0000] {dag.py:3096} INFO - Sync 1 DAGs
[2026-09-03T07:33:37.923+0000] {logging_mixin.py:188} INFO - [2026-09-03T07:33:37.922+0000] {dag.py:3954} INFO - Setting next_dagrun for update_db to 2026-09-03 14:00:00+00:00, run_after=2026-09-04 14:00:00+00:00
[2026-09-03T07:33:38.124+0000] {processor.py:183} INFO - Processing /opt/airflow/dags/main.py took 5.376 seconds
[2026-09-03T07:34:08.934+0000] {processor.py:161} INFO - Started process (PID=798) to work on /opt/airflow/dags/main.py
[2026-09-03T07:34:08.936+0000] {processor.py:830} INFO - Processing file /opt/airflow/dags/main.py for tasks to queue
[2026-09-03T07:34:08.940+0000] {logging_mixin.py:188} INFO - [2026-09-03T07:34:08.939+0000] {dagbag.py:545} INFO - Filling up the DagBag from /opt/airflow/dags/main.py
[2026-09-03T07:34:09.011+0000] {logging_mixin.py:188} INFO - channel id is not executed
[2026-09-03T07:34:09.105+0000] {processor.py:840} INFO - DAG(s) 'update_db' retrieved from /opt/airflow/dags/main.py
[2026-09-03T07:34:09.638+0000] {logging_mixin.py:188} INFO - [2026-09-03T07:34:09.637+0000] {dag.py:3096} INFO - Sync 1 DAGs
[2026-09-03T07:34:09.678+0000] {logging_mixin.py:188} INFO - [2026-09-03T07:34:09.677+0000] {dag.py:3954} INFO - Setting next_dagrun for update_db to 2026-09-03 14:00:00+00:00, run_after=2026-09-04 14:00:00+00:00
[2026-09-03T07:34:09.723+0000] {processor.py:183} INFO - Processing /opt/airflow/dags/main.py took 0.799 seconds
[2026-09-03T07:34:39.801+0000] {processor.py:161} INFO - Started process (PID=805) to work on /opt/airflow/dags/main.py
[2026-09-03T07:34:39.806+0000] {processor.py:830} INFO - Processing file /opt/airflow/dags/main.py for tasks to queue
[2026-09-03T07:34:39.810+0000] {logging_mixin.py:188} INFO - [2026-09-03T07:34:39.810+0000] {dagbag.py:545} INFO - Filling up the DagBag from /opt/airflow/dags/main.py
[2026-09-03T07:34:40.064+0000] {logging_mixin.py:188} INFO - channel id is not executed
[2026-09-03T07:34:40.808+0000] {processor.py:840} INFO - DAG(s) 'update_db' retrieved from /opt/airflow/dags/main.py
[2026-09-03T07:34:41.402+0000] {logging_mixin.py:188} INFO - [2026-09-03T07:34:41.402+0000] {dag.py:3096} INFO - Sync 1 DAGs
[2026-09-03T07:34:41.493+0000] {logging_mixin.py:188} INFO - [2026-09-03T07:34:41.493+0000] {dag.py:3954} INFO - Setting next_dagrun for update_db to 2026-09-03 14:00:00+00:00, run_after=2026-09-04 14:00:00+00:00
[2026-09-03T07:34:41.614+0000] {processor.py:183} INFO - Processing /opt/airflow/dags/main.py took 1.825 seconds
[2026-09-03T07:35:11.992+0000] {processor.py:161} INFO - Started process (PID=812) to work on /opt/airflow/dags/main.py
[2026-09-03T07:35:11.994+0000] {processor.py:830} INFO - Processing file /opt/airflow/dags/main.py for tasks to queue
[2026-09-03T07:35:11.998+0000] {logging_mixin.py:188} INFO - [2026-09-03T07:35:11.997+0000] {dagbag.py:545} INFO - Filling up the DagBag from /opt/airflow/dags/main.py
[2026-09-03T07:35:12.079+0000] {logging_mixin.py:188} INFO - channel id is not executed
[2026-09-03T07:35:12.318+0000] {processor.py:840} INFO - DAG(s) 'update_db' retrieved from /opt/airflow/dags/main.py
[2026-09-03T07:35:12.596+0000] {logging_mixin.py:188} INFO - [2026-09-03T07:35:12.596+0000] {dag.py:3096} INFO - Sync 1 DAGs
[2026-09-03T07:35:12.743+0000] {logging_mixin.py:188} INFO - [2026-09-03T07:35:12.743+0000] {dag.py:3954} INFO - Setting next_dagrun for update_db to 2026-09-03 14:00:00+00:00, run_after=2026-09-04 14:00:00+00:00
[2026-09-03T07:35:12.930+0000] {processor.py:183} INFO - Processing /opt/airflow/dags/main.py took 0.950 seconds
[2026-09-03T07:35:44.389+0000] {processor.py:161} INFO - Started process (PID=819) to work on /opt/airflow/dags/main.py
[2026-09-03T07:35:44.394+0000] {processor.py:830} INFO - Processing file /opt/airflow/dags/main.py for tasks to queue
[2026-09-03T07:35:44.418+0000] {logging_mixin.py:188} INFO - [2026-09-03T07:35:44.417+0000] {dagbag.py:545} INFO - Filling up the DagBag from /opt/airflow/dags/main.py
[2026-09-03T07:35:44.599+0000] {logging_mixin.py:188} INFO - channel id is not executed
[2026-09-03T07:35:44.791+0000] {processor.py:840} INFO - DAG(s) 'update_db' retrieved from /opt/airflow/dags/main.py
[2026-09-03T07:35:45.211+0000] {logging_mixin.py:188} INFO - [2026-09-03T07:35:45.210+0000] {dag.py:3096} INFO - Sync 1 DAGs
[2026-09-03T07:35:45.470+0000] {logging_mixin.py:188} INFO - [2026-09-03T07:35:45.436+0000] {dag.py:3954} INFO - Setting next_dagrun for update_db to 2026-09-03 14:00:00+00:00, run_after=2026-09-04 14:00:00+00:00
[2026-09-03T07:35:45.551+0000] {processor.py:183} INFO - Processing /opt/airflow/dags/main.py took 1.183 seconds
[2026-09-03T07:36:16.382+0000] {processor.py:161} INFO - Started process (PID=826) to work on /opt/airflow/dags/main.py
[2026-09-03T07:36:16.385+0000] {processor.py:830} INFO - Processing file /opt/airflow/dags/main.py for tasks to queue
[2026-09-03T07:36:16.399+0000] {logging_mixin.py:188} INFO - [2026-09-03T07:36:16.399+0000] {dagbag.py:545} INFO - Filling up the DagBag from /opt/airflow/dags/main.py
[2026-09-03T07:36:16.651+0000] {logging_mixin.py:188} INFO - channel id is not executed
[2026-09-03T07:36:16.990+0000] {processor.py:840} INFO - DAG(s) 'update_db' retrieved from /opt/airflow/dags/main.py
[2026-09-03T07:36:17.430+0000] {logging_mixin.py:188} INFO - [2026-09-03T07:36:17.429+0000] {dag.py:3096} INFO - Sync 1 DAGs
[2026-09-03T07:36:17.485+0000] {logging_mixin.py:188} INFO - [2026-09-03T07:36:17.485+0000] {dag.py:3954} INFO - Setting next_dagrun for update_db to 2026-09-03 14:00:00+00:00, run_after=2026-09-04 14:00:00+00:00
[2026-09-03T07:36:17.540+0000] {processor.py:183} INFO - Processing /opt/airflow/dags/main.py took 1.182 seconds
[2026-09-03T07:36:55.375+0000] {processor.py:161} INFO - Started process (PID=832) to work on /opt/airflow/dags/main.py
[2026-09-03T07:36:55.544+0000] {processor.py:830} INFO - Processing file /opt/airflow/dags/main.py for tasks to queue
[2026-09-03T07:36:55.848+0000] {logging_mixin.py:188} INFO - [2026-09-03T07:36:55.847+0000] {dagbag.py:545} INFO - Filling up the DagBag from /opt/airflow/dags/main.py
[2026-09-03T07:37:00.150+0000] {logging_mixin.py:188} INFO - channel id is not executed
[2026-09-03T07:37:05.306+0000] {processor.py:840} INFO - DAG(s) 'update_db' retrieved from /opt/airflow/dags/main.py
[2026-09-03T07:37:09.091+0000] {logging_mixin.py:188} INFO - [2026-09-03T07:37:09.086+0000] {dag.py:3096} INFO - Sync 1 DAGs
[2026-09-03T07:37:09.454+0000] {logging_mixin.py:188} INFO - [2026-09-03T07:37:09.454+0000] {dag.py:3954} INFO - Setting next_dagrun for update_db to 2026-09-03 14:00:00+00:00, run_after=2026-09-04 14:00:00+00:00
[2026-09-03T07:37:09.976+0000] {processor.py:183} INFO - Processing /opt/airflow/dags/main.py took 15.304 seconds
[2026-09-03T07:37:44.295+0000] {processor.py:161} INFO - Started process (PID=844) to work on /opt/airflow/dags/main.py
[2026-09-03T07:37:44.314+0000] {processor.py:830} INFO - Processing file /opt/airflow/dags/main.py for tasks to queue
[2026-09-03T07:37:44.464+0000] {logging_mixin.py:188} INFO - [2026-09-03T07:37:44.382+0000] {dagbag.py:545} INFO - Filling up the DagBag from /opt/airflow/dags/main.py
[2026-09-03T07:37:45.852+0000] {logging_mixin.py:188} INFO - channel id is not executed
[2026-09-03T07:37:47.113+0000] {processor.py:840} INFO - DAG(s) 'update_db' retrieved from /opt/airflow/dags/main.py
[2026-09-03T07:37:48.026+0000] {logging_mixin.py:188} INFO - [2026-09-03T07:37:48.025+0000] {dag.py:3096} INFO - Sync 1 DAGs
[2026-09-03T07:37:48.133+0000] {logging_mixin.py:188} INFO - [2026-09-03T07:37:48.132+0000] {dag.py:3954} INFO - Setting next_dagrun for update_db to 2026-09-03 14:00:00+00:00, run_after=2026-09-04 14:00:00+00:00
[2026-09-03T07:37:48.329+0000] {processor.py:183} INFO - Processing /opt/airflow/dags/main.py took 4.382 seconds
[2026-09-03T07:38:19.817+0000] {processor.py:161} INFO - Started process (PID=850) to work on /opt/airflow/dags/main.py
[2026-09-03T07:38:19.823+0000] {processor.py:830} INFO - Processing file /opt/airflow/dags/main.py for tasks to queue
[2026-09-03T07:38:19.855+0000] {logging_mixin.py:188} INFO - [2026-09-03T07:38:19.853+0000] {dagbag.py:545} INFO - Filling up the DagBag from /opt/airflow/dags/main.py
[2026-09-03T07:38:20.164+0000] {logging_mixin.py:188} INFO - channel id is not executed
[2026-09-03T07:38:20.893+0000] {processor.py:840} INFO - DAG(s) 'update_db' retrieved from /opt/airflow/dags/main.py
[2026-09-03T07:38:25.487+0000] {logging_mixin.py:188} INFO - [2026-09-03T07:38:25.487+0000] {dag.py:3096} INFO - Sync 1 DAGs
[2026-09-03T07:38:25.913+0000] {logging_mixin.py:188} INFO - [2026-09-03T07:38:25.912+0000] {dag.py:3954} INFO - Setting next_dagrun for update_db to 2026-09-03 14:00:00+00:00, run_after=2026-09-04 14:00:00+00:00
[2026-09-03T07:38:26.384+0000] {processor.py:183} INFO - Processing /opt/airflow/dags/main.py took 6.613 seconds
[2026-09-03T07:38:59.314+0000] {processor.py:161} INFO - Started process (PID=858) to work on /opt/airflow/dags/main.py
[2026-09-03T07:38:59.361+0000] {processor.py:830} INFO - Processing file /opt/airflow/dags/main.py for tasks to queue
[2026-09-03T07:38:59.452+0000] {logging_mixin.py:188} INFO - [2026-09-03T07:38:59.441+0000] {dagbag.py:545} INFO - Filling up the DagBag from /opt/airflow/dags/main.py
[2026-09-03T07:39:01.706+0000] {logging_mixin.py:188} INFO - channel id is not executed
[2026-09-03T07:39:02.327+0000] {processor.py:840} INFO - DAG(s) 'update_db' retrieved from /opt/airflow/dags/main.py
[2026-09-03T07:39:03.964+0000] {logging_mixin.py:188} INFO - [2026-09-03T07:39:03.957+0000] {dag.py:3096} INFO - Sync 1 DAGs
[2026-09-03T07:39:04.077+0000] {logging_mixin.py:188} INFO - [2026-09-03T07:39:04.077+0000] {dag.py:3954} INFO - Setting next_dagrun for update_db to 2026-09-03 14:00:00+00:00, run_after=2026-09-04 14:00:00+00:00
[2026-09-03T07:39:04.222+0000] {processor.py:183} INFO - Processing /opt/airflow/dags/main.py took 5.755 seconds
[2026-09-03T07:39:38.185+0000] {processor.py:161} INFO - Started process (PID=866) to work on /opt/airflow/dags/main.py
[2026-09-03T07:39:38.469+0000] {processor.py:830} INFO - Processing file /opt/airflow/dags/main.py for tasks to queue
[2026-09-03T07:39:38.923+0000] {logging_mixin.py:188} INFO - [2026-09-03T07:39:38.922+0000] {dagbag.py:545} INFO - Filling up the DagBag from /opt/airflow/dags/main.py
[2026-09-03T07:39:42.153+0000] {logging_mixin.py:188} INFO - channel id is not executed
[2026-09-03T07:39:45.211+0000] {processor.py:840} INFO - DAG(s) 'update_db' retrieved from /opt/airflow/dags/main.py
[2026-09-03T07:39:46.452+0000] {logging_mixin.py:188} INFO - [2026-09-03T07:39:46.426+0000] {dag.py:3096} INFO - Sync 1 DAGs
[2026-09-03T07:39:47.003+0000] {logging_mixin.py:188} INFO - [2026-09-03T07:39:47.003+0000] {dag.py:3954} INFO - Setting next_dagrun for update_db to 2026-09-03 14:00:00+00:00, run_after=2026-09-04 14:00:00+00:00
[2026-09-03T07:39:47.364+0000] {processor.py:183} INFO - Processing /opt/airflow/dags/main.py took 10.741 seconds
[2026-09-03T07:40:19.573+0000] {processor.py:161} INFO - Started process (PID=874) to work on /opt/airflow/dags/main.py
[2026-09-03T07:40:19.613+0000] {processor.py:830} INFO - Processing file /opt/airflow/dags/main.py for tasks to queue
[2026-09-03T07:40:19.665+0000] {logging_mixin.py:188} INFO - [2026-09-03T07:40:19.662+0000] {dagbag.py:545} INFO - Filling up the DagBag from /opt/airflow/dags/main.py
[2026-09-03T07:40:22.319+0000] {logging_mixin.py:188} INFO - channel id is not executed
[2026-09-03T07:40:26.434+0000] {processor.py:840} INFO - DAG(s) 'update_db' retrieved from /opt/airflow/dags/main.py
[2026-09-03T07:40:28.599+0000] {logging_mixin.py:188} INFO - [2026-09-03T07:40:28.598+0000] {dag.py:3096} INFO - Sync 1 DAGs
[2026-09-03T07:40:28.801+0000] {logging_mixin.py:188} INFO - [2026-09-03T07:40:28.801+0000] {dag.py:3954} INFO - Setting next_dagrun for update_db to 2026-09-03 14:00:00+00:00, run_after=2026-09-04 14:00:00+00:00
[2026-09-03T07:40:29.177+0000] {processor.py:183} INFO - Processing /opt/airflow/dags/main.py took 9.679 seconds
[2026-09-03T07:41:04.667+0000] {processor.py:161} INFO - Started process (PID=887) to work on /opt/airflow/dags/main.py
[2026-09-03T07:41:05.642+0000] {processor.py:830} INFO - Processing file /opt/airflow/dags/main.py for tasks to queue
[2026-09-03T07:41:07.019+0000] {logging_mixin.py:188} INFO - [2026-09-03T07:41:06.867+0000] {dagbag.py:545} INFO - Filling up the DagBag from /opt/airflow/dags/main.py
[2026-09-03T07:41:10.408+0000] {logging_mixin.py:188} INFO - channel id is not executed
[2026-09-03T07:41:14.119+0000] {processor.py:840} INFO - DAG(s) 'update_db' retrieved from /opt/airflow/dags/main.py
[2026-09-03T07:41:27.377+0000] {logging_mixin.py:188} INFO - [2026-09-03T07:41:27.153+0000] {dag.py:3096} INFO - Sync 1 DAGs
[2026-09-03T07:41:28.634+0000] {logging_mixin.py:188} INFO - [2026-09-03T07:41:28.633+0000] {dag.py:3954} INFO - Setting next_dagrun for update_db to 2026-09-03 14:00:00+00:00, run_after=2026-09-04 14:00:00+00:00
[2026-09-03T07:41:29.702+0000] {processor.py:183} INFO - Processing /opt/airflow/dags/main.py took 27.940 seconds
[2026-09-03T07:42:00.592+0000] {processor.py:161} INFO - Started process (PID=895) to work on /opt/airflow/dags/main.py
[2026-09-03T07:42:00.611+0000] {processor.py:830} INFO - Processing file /opt/airflow/dags/main.py for tasks to queue
[2026-09-03T07:42:00.618+0000] {logging_mixin.py:188} INFO - [2026-09-03T07:42:00.618+0000] {dagbag.py:545} INFO - Filling up the DagBag from /opt/airflow/dags/main.py
[2026-09-03T07:42:01.740+0000] {logging_mixin.py:188} INFO - channel id is not executed
[2026-09-03T07:42:04.280+0000] {processor.py:840} INFO - DAG(s) 'update_db' retrieved from /opt/airflow/dags/main.py
[2026-09-03T07:42:08.625+0000] {logging_mixin.py:188} INFO - [2026-09-03T07:42:08.480+0000] {dag.py:3096} INFO - Sync 1 DAGs
[2026-09-03T07:42:09.018+0000] {logging_mixin.py:188} INFO - [2026-09-03T07:42:09.001+0000] {dag.py:3954} INFO - Setting next_dagrun for update_db to 2026-09-03 14:00:00+00:00, run_after=2026-09-04 14:00:00+00:00
[2026-09-03T07:42:09.781+0000] {processor.py:183} INFO - Processing /opt/airflow/dags/main.py took 9.241 seconds
[2026-09-03T07:42:40.119+0000] {processor.py:161} INFO - Started process (PID=909) to work on /opt/airflow/dags/main.py
[2026-09-03T07:42:40.121+0000] {processor.py:830} INFO - Processing file /opt/airflow/dags/main.py for tasks to queue
[2026-09-03T07:42:40.125+0000] {logging_mixin.py:188} INFO - [2026-09-03T07:42:40.125+0000] {dagbag.py:545} INFO - Filling up the DagBag from /opt/airflow/dags/main.py
[2026-09-03T07:42:40.250+0000] {logging_mixin.py:188} INFO - channel id is not executed
[2026-09-03T07:42:40.497+0000] {processor.py:840} INFO - DAG(s) 'update_db' retrieved from /opt/airflow/dags/main.py
[2026-09-03T07:42:41.156+0000] {logging_mixin.py:188} INFO - [2026-09-03T07:42:41.156+0000] {dag.py:3096} INFO - Sync 1 DAGs
[2026-09-03T07:42:41.266+0000] {logging_mixin.py:188} INFO - [2026-09-03T07:42:41.266+0000] {dag.py:3954} INFO - Setting next_dagrun for update_db to 2026-09-03 14:00:00+00:00, run_after=2026-09-04 14:00:00+00:00
[2026-09-03T07:42:41.363+0000] {processor.py:183} INFO - Processing /opt/airflow/dags/main.py took 1.262 seconds
[2026-09-03T07:43:12.314+0000] {processor.py:161} INFO - Started process (PID=918) to work on /opt/airflow/dags/main.py
[2026-09-03T07:43:12.332+0000] {processor.py:830} INFO - Processing file /opt/airflow/dags/main.py for tasks to queue
[2026-09-03T07:43:12.346+0000] {logging_mixin.py:188} INFO - [2026-09-03T07:43:12.346+0000] {dagbag.py:545} INFO - Filling up the DagBag from /opt/airflow/dags/main.py
[2026-09-03T07:43:12.783+0000] {logging_mixin.py:188} INFO - channel id is not executed
[2026-09-03T07:43:13.090+0000] {processor.py:840} INFO - DAG(s) 'update_db' retrieved from /opt/airflow/dags/main.py
[2026-09-03T07:43:14.523+0000] {logging_mixin.py:188} INFO - [2026-09-03T07:43:14.523+0000] {dag.py:3096} INFO - Sync 1 DAGs
[2026-09-03T07:43:14.713+0000] {logging_mixin.py:188} INFO - [2026-09-03T07:43:14.712+0000] {dag.py:3954} INFO - Setting next_dagrun for update_db to 2026-09-03 14:00:00+00:00, run_after=2026-09-04 14:00:00+00:00
[2026-09-03T07:43:15.045+0000] {processor.py:183} INFO - Processing /opt/airflow/dags/main.py took 2.757 seconds
[2026-09-03T07:43:46.013+0000] {processor.py:161} INFO - Started process (PID=926) to work on /opt/airflow/dags/main.py
[2026-09-03T07:43:46.036+0000] {processor.py:830} INFO - Processing file /opt/airflow/dags/main.py for tasks to queue
[2026-09-03T07:43:46.056+0000] {logging_mixin.py:188} INFO - [2026-09-03T07:43:46.055+0000] {dagbag.py:545} INFO - Filling up the DagBag from /opt/airflow/dags/main.py
[2026-09-03T07:43:46.439+0000] {logging_mixin.py:188} INFO - channel id is not executed
[2026-09-03T07:43:47.365+0000] {processor.py:840} INFO - DAG(s) 'update_db' retrieved from /opt/airflow/dags/main.py
[2026-09-03T07:43:48.555+0000] {logging_mixin.py:188} INFO - [2026-09-03T07:43:48.552+0000] {dag.py:3096} INFO - Sync 1 DAGs
[2026-09-03T07:43:48.673+0000] {logging_mixin.py:188} INFO - [2026-09-03T07:43:48.673+0000] {dag.py:3954} INFO - Setting next_dagrun for update_db to 2026-09-03 14:00:00+00:00, run_after=2026-09-04 14:00:00+00:00
[2026-09-03T07:43:49.017+0000] {processor.py:183} INFO - Processing /opt/airflow/dags/main.py took 3.107 seconds
[2026-09-03T07:44:21.294+0000] {processor.py:161} INFO - Started process (PID=933) to work on /opt/airflow/dags/main.py
[2026-09-03T07:44:21.337+0000] {processor.py:830} INFO - Processing file /opt/airflow/dags/main.py for tasks to queue
[2026-09-03T07:44:21.469+0000] {logging_mixin.py:188} INFO - [2026-09-03T07:44:21.425+0000] {dagbag.py:545} INFO - Filling up the DagBag from /opt/airflow/dags/main.py
[2026-09-03T07:44:24.765+0000] {logging_mixin.py:188} INFO - channel id is not executed
[2026-09-03T07:44:29.052+0000] {processor.py:840} INFO - DAG(s) 'update_db' retrieved from /opt/airflow/dags/main.py
[2026-09-03T07:45:01.649+0000] {processor.py:186} ERROR - Got an exception! Propagating...
Traceback (most recent call last):
  File "/home/airflow/.local/lib/python3.10/site-packages/sqlalchemy/engine/base.py", line 3371, in _wrap_pool_connect
    return fn()
  File "/home/airflow/.local/lib/python3.10/site-packages/sqlalchemy/pool/base.py", line 327, in connect
    return _ConnectionFairy._checkout(self)
  File "/home/airflow/.local/lib/python3.10/site-packages/sqlalchemy/pool/base.py", line 894, in _checkout
    fairy = _ConnectionRecord.checkout(pool)
  File "/home/airflow/.local/lib/python3.10/site-packages/sqlalchemy/pool/base.py", line 493, in checkout
    rec = pool._do_get()
  File "/home/airflow/.local/lib/python3.10/site-packages/sqlalchemy/pool/impl.py", line 145, in _do_get
    with util.safe_reraise():
  File "/home/airflow/.local/lib/python3.10/site-packages/sqlalchemy/util/langhelpers.py", line 70, in __exit__
    compat.raise_(
  File "/home/airflow/.local/lib/python3.10/site-packages/sqlalchemy/util/compat.py", line 211, in raise_
    raise exception
  File "/home/airflow/.local/lib/python3.10/site-packages/sqlalchemy/pool/impl.py", line 143, in _do_get
    return self._create_connection()
  File "/home/airflow/.local/lib/python3.10/site-packages/sqlalchemy/pool/base.py", line 273, in _create_connection
    return _ConnectionRecord(self)
  File "/home/airflow/.local/lib/python3.10/site-packages/sqlalchemy/pool/base.py", line 388, in __init__
    self.__connect()
  File "/home/airflow/.local/lib/python3.10/site-packages/sqlalchemy/pool/base.py", line 690, in __connect
    with util.safe_reraise():
  File "/home/airflow/.local/lib/python3.10/site-packages/sqlalchemy/util/langhelpers.py", line 70, in __exit__
    compat.raise_(
  File "/home/airflow/.local/lib/python3.10/site-packages/sqlalchemy/util/compat.py", line 211, in raise_
    raise exception
  File "/home/airflow/.local/lib/python3.10/site-packages/sqlalchemy/pool/base.py", line 686, in __connect
    self.dbapi_connection = connection = pool._invoke_creator(self)
  File "/home/airflow/.local/lib/python3.10/site-packages/sqlalchemy/engine/create.py", line 574, in connect
    return dialect.connect(*cargs, **cparams)
  File "/home/airflow/.local/lib/python3.10/site-packages/sqlalchemy/engine/default.py", line 598, in connect
    return self.dbapi.connect(*cargs, **cparams)
  File "/home/airflow/.local/lib/python3.10/site-packages/psycopg2/__init__.py", line 122, in connect
    conn = _connect(dsn, connection_factory=connection_factory, **kwasync)
psycopg2.OperationalError: could not translate host name "postgres" to address: Temporary failure in name resolution


The above exception was the direct cause of the following exception:

Traceback (most recent call last):
  File "/home/airflow/.local/lib/python3.10/site-packages/airflow/dag_processing/processor.py", line 182, in _run_file_processor
    _handle_dag_file_processing()
  File "/home/airflow/.local/lib/python3.10/site-packages/airflow/dag_processing/processor.py", line 163, in _handle_dag_file_processing
    result: tuple[int, int] = dag_file_processor.process_file(
  File "/home/airflow/.local/lib/python3.10/site-packages/airflow/utils/session.py", line 79, in wrapper
    return func(*args, session=session, **kwargs)
  File "/home/airflow/.local/lib/python3.10/site-packages/airflow/dag_processing/processor.py", line 859, in process_file
    serialize_errors = DagFileProcessor.save_dag_to_db(
  File "/home/airflow/.local/lib/python3.10/site-packages/airflow/api_internal/internal_api_call.py", line 115, in wrapper
    return func(*args, **kwargs)
  File "/home/airflow/.local/lib/python3.10/site-packages/airflow/utils/session.py", line 79, in wrapper
    return func(*args, session=session, **kwargs)
  File "/home/airflow/.local/lib/python3.10/site-packages/airflow/dag_processing/processor.py", line 895, in save_dag_to_db
    import_errors = DagBag._sync_to_db(dags=dags, processor_subdir=dag_directory, session=session)
  File "/home/airflow/.local/lib/python3.10/site-packages/airflow/utils/session.py", line 76, in wrapper
    return func(*args, **kwargs)
  File "/home/airflow/.local/lib/python3.10/site-packages/airflow/models/dagbag.py", line 664, in _sync_to_db
    for attempt in run_with_db_retries(logger=log):
  File "/home/airflow/.local/lib/python3.10/site-packages/tenacity/__init__.py", line 435, in __iter__
    do = self.iter(retry_state=retry_state)
  File "/home/airflow/.local/lib/python3.10/site-packages/tenacity/__init__.py", line 368, in iter
    result = action(retry_state)
  File "/home/airflow/.local/lib/python3.10/site-packages/tenacity/__init__.py", line 410, in exc_check
    raise retry_exc.reraise()
  File "/home/airflow/.local/lib/python3.10/site-packages/tenacity/__init__.py", line 183, in reraise
    raise self.last_attempt.result()
  File "/usr/local/lib/python3.10/concurrent/futures/_base.py", line 451, in result
    return self.__get_result()
  File "/usr/local/lib/python3.10/concurrent/futures/_base.py", line 403, in __get_result
    raise self._exception
  File "/home/airflow/.local/lib/python3.10/site-packages/airflow/models/dagbag.py", line 677, in _sync_to_db
    _serialize_dag_capturing_errors(dag, session, processor_subdir)
  File "/home/airflow/.local/lib/python3.10/site-packages/airflow/models/dagbag.py", line 642, in _serialize_dag_capturing_errors
    dag_was_updated = SerializedDagModel.write_dag(
  File "/home/airflow/.local/lib/python3.10/site-packages/airflow/utils/session.py", line 76, in wrapper
    return func(*args, **kwargs)
  File "/home/airflow/.local/lib/python3.10/site-packages/airflow/models/serialized_dag.py", line 158, in write_dag
    if session.scalar(
  File "/home/airflow/.local/lib/python3.10/site-packages/sqlalchemy/orm/session.py", line 1747, in scalar
    return self.execute(
  File "/home/airflow/.local/lib/python3.10/site-packages/sqlalchemy/orm/session.py", line 1716, in execute
    conn = self._connection_for_bind(bind)
  File "/home/airflow/.local/lib/python3.10/site-packages/sqlalchemy/orm/session.py", line 1555, in _connection_for_bind
    return self._transaction._connection_for_bind(
  File "/home/airflow/.local/lib/python3.10/site-packages/sqlalchemy/orm/session.py", line 750, in _connection_for_bind
    conn = bind.connect()
  File "/home/airflow/.local/lib/python3.10/site-packages/sqlalchemy/future/engine.py", line 412, in connect
    return super(Engine, self).connect()
  File "/home/airflow/.local/lib/python3.10/site-packages/sqlalchemy/engine/base.py", line 3325, in connect
    return self._connection_cls(self, close_with_result=close_with_result)
  File "/home/airflow/.local/lib/python3.10/site-packages/sqlalchemy/engine/base.py", line 96, in __init__
    else engine.raw_connection()
  File "/home/airflow/.local/lib/python3.10/site-packages/sqlalchemy/engine/base.py", line 3404, in raw_connection
    return self._wrap_pool_connect(self.pool.connect, _connection)
  File "/home/airflow/.local/lib/python3.10/site-packages/sqlalchemy/engine/base.py", line 3374, in _wrap_pool_connect
    Connection._handle_dbapi_exception_noconnection(
  File "/home/airflow/.local/lib/python3.10/site-packages/sqlalchemy/engine/base.py", line 2208, in _handle_dbapi_exception_noconnection
    util.raise_(
  File "/home/airflow/.local/lib/python3.10/site-packages/sqlalchemy/util/compat.py", line 211, in raise_
    raise exception
  File "/home/airflow/.local/lib/python3.10/site-packages/sqlalchemy/engine/base.py", line 3371, in _wrap_pool_connect
    return fn()
  File "/home/airflow/.local/lib/python3.10/site-packages/sqlalchemy/pool/base.py", line 327, in connect
    return _ConnectionFairy._checkout(self)
  File "/home/airflow/.local/lib/python3.10/site-packages/sqlalchemy/pool/base.py", line 894, in _checkout
    fairy = _ConnectionRecord.checkout(pool)
  File "/home/airflow/.local/lib/python3.10/site-packages/sqlalchemy/pool/base.py", line 493, in checkout
    rec = pool._do_get()
  File "/home/airflow/.local/lib/python3.10/site-packages/sqlalchemy/pool/impl.py", line 145, in _do_get
    with util.safe_reraise():
  File "/home/airflow/.local/lib/python3.10/site-packages/sqlalchemy/util/langhelpers.py", line 70, in __exit__
    compat.raise_(
  File "/home/airflow/.local/lib/python3.10/site-packages/sqlalchemy/util/compat.py", line 211, in raise_
    raise exception
  File "/home/airflow/.local/lib/python3.10/site-packages/sqlalchemy/pool/impl.py", line 143, in _do_get
    return self._create_connection()
  File "/home/airflow/.local/lib/python3.10/site-packages/sqlalchemy/pool/base.py", line 273, in _create_connection
    return _ConnectionRecord(self)
  File "/home/airflow/.local/lib/python3.10/site-packages/sqlalchemy/pool/base.py", line 388, in __init__
    self.__connect()
  File "/home/airflow/.local/lib/python3.10/site-packages/sqlalchemy/pool/base.py", line 690, in __connect
    with util.safe_reraise():
  File "/home/airflow/.local/lib/python3.10/site-packages/sqlalchemy/util/langhelpers.py", line 70, in __exit__
    compat.raise_(
  File "/home/airflow/.local/lib/python3.10/site-packages/sqlalchemy/util/compat.py", line 211, in raise_
    raise exception
  File "/home/airflow/.local/lib/python3.10/site-packages/sqlalchemy/pool/base.py", line 686, in __connect
    self.dbapi_connection = connection = pool._invoke_creator(self)
  File "/home/airflow/.local/lib/python3.10/site-packages/sqlalchemy/engine/create.py", line 574, in connect
    return dialect.connect(*cargs, **cparams)
  File "/home/airflow/.local/lib/python3.10/site-packages/sqlalchemy/engine/default.py", line 598, in connect
    return self.dbapi.connect(*cargs, **cparams)
  File "/home/airflow/.local/lib/python3.10/site-packages/psycopg2/__init__.py", line 122, in connect
    conn = _connect(dsn, connection_factory=connection_factory, **kwasync)
sqlalchemy.exc.OperationalError: (psycopg2.OperationalError) could not translate host name "postgres" to address: Temporary failure in name resolution

(Background on this error at: https://sqlalche.me/e/14/e3q8)
[2026-09-03T07:45:39.331+0000] {processor.py:161} INFO - Started process (PID=935) to work on /opt/airflow/dags/main.py
[2026-09-03T07:45:39.395+0000] {processor.py:830} INFO - Processing file /opt/airflow/dags/main.py for tasks to queue
[2026-09-03T07:45:39.478+0000] {logging_mixin.py:188} INFO - [2026-09-03T07:45:39.444+0000] {dagbag.py:545} INFO - Filling up the DagBag from /opt/airflow/dags/main.py
[2026-09-03T07:45:46.623+0000] {logging_mixin.py:188} INFO - channel id is not executed
[2026-09-03T07:46:11.086+0000] {logging_mixin.py:188} INFO - [2026-09-03T07:46:10.619+0000] {timeout.py:68} ERROR - Process timed out, PID: 935
[2026-09-03T07:47:58.777+0000] {processor.py:161} INFO - Started process (PID=61) to work on /opt/airflow/dags/main.py
[2026-09-03T07:47:58.782+0000] {processor.py:830} INFO - Processing file /opt/airflow/dags/main.py for tasks to queue
[2026-09-03T07:47:58.796+0000] {logging_mixin.py:188} INFO - [2026-09-03T07:47:58.795+0000] {dagbag.py:545} INFO - Filling up the DagBag from /opt/airflow/dags/main.py
[2026-09-03T07:47:58.907+0000] {logging_mixin.py:188} INFO - [2026-09-03T07:47:58.887+0000] {dagbag.py:355} ERROR - Failed to import: /opt/airflow/dags/main.py
Traceback (most recent call last):
  File "/home/airflow/.local/lib/python3.10/site-packages/airflow/models/dagbag.py", line 351, in parse
    loader.exec_module(new_module)
  File "<frozen importlib._bootstrap_external>", line 883, in exec_module
  File "<frozen importlib._bootstrap>", line 241, in _call_with_frames_removed
  File "/opt/airflow/dags/main.py", line 5, in <module>
    from api.video import channel_playlist_id,get_video_id,extract_video_data,save_to_json
  File "<frozen importlib._bootstrap>", line 1027, in _find_and_load
  File "<frozen importlib._bootstrap>", line 1002, in _find_and_load_unlocked
  File "<frozen importlib._bootstrap>", line 945, in _find_spec
  File "<frozen importlib._bootstrap_external>", line 1439, in find_spec
  File "<frozen importlib._bootstrap_external>", line 1411, in _get_spec
  File "<frozen importlib._bootstrap_external>", line 1548, in find_spec
  File "<frozen importlib._bootstrap_external>", line 1591, in _fill_cache
OSError: [Errno 12] Cannot allocate memory: '/opt/airflow/dags/api'
[2026-09-03T07:47:58.910+0000] {processor.py:842} WARNING - No viable dags retrieved from /opt/airflow/dags/main.py
[2026-09-03T07:47:58.961+0000] {processor.py:183} INFO - Processing /opt/airflow/dags/main.py took 0.213 seconds
[2026-09-03T07:48:29.129+0000] {processor.py:161} INFO - Started process (PID=68) to work on /opt/airflow/dags/main.py
[2026-09-03T07:48:29.134+0000] {processor.py:830} INFO - Processing file /opt/airflow/dags/main.py for tasks to queue
[2026-09-03T07:48:29.142+0000] {logging_mixin.py:188} INFO - [2026-09-03T07:48:29.142+0000] {dagbag.py:545} INFO - Filling up the DagBag from /opt/airflow/dags/main.py
[2026-09-03T07:48:29.444+0000] {logging_mixin.py:188} INFO - channel id is not executed
[2026-09-03T07:48:29.862+0000] {processor.py:840} INFO - DAG(s) 'update_db' retrieved from /opt/airflow/dags/main.py
[2026-09-03T07:48:30.722+0000] {logging_mixin.py:188} INFO - [2026-09-03T07:48:30.722+0000] {dag.py:3096} INFO - Sync 1 DAGs
[2026-09-03T07:48:30.825+0000] {logging_mixin.py:188} INFO - [2026-09-03T07:48:30.825+0000] {dag.py:3954} INFO - Setting next_dagrun for update_db to 2026-09-03 14:00:00+00:00, run_after=2026-09-04 14:00:00+00:00
[2026-09-03T07:48:30.985+0000] {processor.py:183} INFO - Processing /opt/airflow/dags/main.py took 1.876 seconds
[2026-09-03T07:49:02.597+0000] {processor.py:161} INFO - Started process (PID=81) to work on /opt/airflow/dags/main.py
[2026-09-03T07:49:02.604+0000] {processor.py:830} INFO - Processing file /opt/airflow/dags/main.py for tasks to queue
[2026-09-03T07:49:02.614+0000] {logging_mixin.py:188} INFO - [2026-09-03T07:49:02.613+0000] {dagbag.py:545} INFO - Filling up the DagBag from /opt/airflow/dags/main.py
[2026-09-03T07:49:03.729+0000] {logging_mixin.py:188} INFO - channel id is not executed
[2026-09-03T07:49:05.469+0000] {processor.py:840} INFO - DAG(s) 'update_db' retrieved from /opt/airflow/dags/main.py
[2026-09-03T07:49:06.838+0000] {logging_mixin.py:188} INFO - [2026-09-03T07:49:06.837+0000] {dag.py:3096} INFO - Sync 1 DAGs
[2026-09-03T07:49:07.000+0000] {logging_mixin.py:188} INFO - [2026-09-03T07:49:07.000+0000] {dag.py:3954} INFO - Setting next_dagrun for update_db to 2026-09-03 14:00:00+00:00, run_after=2026-09-04 14:00:00+00:00
[2026-09-03T07:49:07.137+0000] {processor.py:183} INFO - Processing /opt/airflow/dags/main.py took 4.565 seconds
[2026-09-03T07:49:37.384+0000] {processor.py:161} INFO - Started process (PID=89) to work on /opt/airflow/dags/main.py
[2026-09-03T07:49:37.387+0000] {processor.py:830} INFO - Processing file /opt/airflow/dags/main.py for tasks to queue
[2026-09-03T07:49:37.391+0000] {logging_mixin.py:188} INFO - [2026-09-03T07:49:37.391+0000] {dagbag.py:545} INFO - Filling up the DagBag from /opt/airflow/dags/main.py
[2026-09-03T07:49:37.469+0000] {logging_mixin.py:188} INFO - [2026-09-03T07:49:37.446+0000] {dagbag.py:355} ERROR - Failed to import: /opt/airflow/dags/main.py
Traceback (most recent call last):
  File "/home/airflow/.local/lib/python3.10/site-packages/airflow/models/dagbag.py", line 351, in parse
    loader.exec_module(new_module)
  File "<frozen importlib._bootstrap_external>", line 883, in exec_module
  File "<frozen importlib._bootstrap>", line 241, in _call_with_frames_removed
  File "/opt/airflow/dags/main.py", line 5, in <module>
    from api.video import channel_playlist_id,get_video_id,extract_video_data,save_to_json
  File "<frozen importlib._bootstrap>", line 1027, in _find_and_load
  File "<frozen importlib._bootstrap>", line 1002, in _find_and_load_unlocked
  File "<frozen importlib._bootstrap>", line 945, in _find_spec
  File "<frozen importlib._bootstrap_external>", line 1439, in find_spec
  File "<frozen importlib._bootstrap_external>", line 1411, in _get_spec
  File "<frozen importlib._bootstrap_external>", line 1548, in find_spec
  File "<frozen importlib._bootstrap_external>", line 1591, in _fill_cache
OSError: [Errno 12] Cannot allocate memory: '/opt/airflow/dags/api'
[2026-09-03T07:49:37.473+0000] {processor.py:842} WARNING - No viable dags retrieved from /opt/airflow/dags/main.py
[2026-09-03T07:49:37.517+0000] {processor.py:183} INFO - Processing /opt/airflow/dags/main.py took 0.148 seconds
[2026-09-03T07:50:08.098+0000] {processor.py:161} INFO - Started process (PID=98) to work on /opt/airflow/dags/main.py
[2026-09-03T07:50:08.100+0000] {processor.py:830} INFO - Processing file /opt/airflow/dags/main.py for tasks to queue
[2026-09-03T07:50:08.104+0000] {logging_mixin.py:188} INFO - [2026-09-03T07:50:08.103+0000] {dagbag.py:545} INFO - Filling up the DagBag from /opt/airflow/dags/main.py
[2026-09-03T07:50:08.199+0000] {logging_mixin.py:188} INFO - channel id is not executed
[2026-09-03T07:50:08.419+0000] {processor.py:840} INFO - DAG(s) 'update_db' retrieved from /opt/airflow/dags/main.py
[2026-09-03T07:50:08.749+0000] {logging_mixin.py:188} INFO - [2026-09-03T07:50:08.748+0000] {dag.py:3096} INFO - Sync 1 DAGs
[2026-09-03T07:50:08.797+0000] {logging_mixin.py:188} INFO - [2026-09-03T07:50:08.797+0000] {dag.py:3954} INFO - Setting next_dagrun for update_db to 2026-09-03 14:00:00+00:00, run_after=2026-09-04 14:00:00+00:00
[2026-09-03T07:50:08.848+0000] {processor.py:183} INFO - Processing /opt/airflow/dags/main.py took 0.763 seconds
[2026-09-03T07:50:39.289+0000] {processor.py:161} INFO - Started process (PID=106) to work on /opt/airflow/dags/main.py
[2026-09-03T07:50:39.292+0000] {processor.py:830} INFO - Processing file /opt/airflow/dags/main.py for tasks to queue
[2026-09-03T07:50:39.317+0000] {logging_mixin.py:188} INFO - [2026-09-03T07:50:39.317+0000] {dagbag.py:545} INFO - Filling up the DagBag from /opt/airflow/dags/main.py
[2026-09-03T07:50:39.416+0000] {logging_mixin.py:188} INFO - channel id is not executed
[2026-09-03T07:50:39.606+0000] {processor.py:840} INFO - DAG(s) 'update_db' retrieved from /opt/airflow/dags/main.py
[2026-09-03T07:50:39.829+0000] {logging_mixin.py:188} INFO - [2026-09-03T07:50:39.828+0000] {dag.py:3096} INFO - Sync 1 DAGs
[2026-09-03T07:50:39.915+0000] {logging_mixin.py:188} INFO - [2026-09-03T07:50:39.914+0000] {dag.py:3954} INFO - Setting next_dagrun for update_db to 2026-09-03 14:00:00+00:00, run_after=2026-09-04 14:00:00+00:00
[2026-09-03T07:50:40.020+0000] {processor.py:183} INFO - Processing /opt/airflow/dags/main.py took 0.742 seconds
[2026-09-03T07:51:10.110+0000] {processor.py:161} INFO - Started process (PID=113) to work on /opt/airflow/dags/main.py
[2026-09-03T07:51:10.120+0000] {processor.py:830} INFO - Processing file /opt/airflow/dags/main.py for tasks to queue
[2026-09-03T07:51:10.134+0000] {logging_mixin.py:188} INFO - [2026-09-03T07:51:10.133+0000] {dagbag.py:545} INFO - Filling up the DagBag from /opt/airflow/dags/main.py
[2026-09-03T07:51:10.275+0000] {logging_mixin.py:188} INFO - channel id is not executed
[2026-09-03T07:51:10.467+0000] {processor.py:840} INFO - DAG(s) 'update_db' retrieved from /opt/airflow/dags/main.py
[2026-09-03T07:51:10.824+0000] {logging_mixin.py:188} INFO - [2026-09-03T07:51:10.824+0000] {dag.py:3096} INFO - Sync 1 DAGs
[2026-09-03T07:51:10.882+0000] {logging_mixin.py:188} INFO - [2026-09-03T07:51:10.881+0000] {dag.py:3954} INFO - Setting next_dagrun for update_db to 2026-09-03 14:00:00+00:00, run_after=2026-09-04 14:00:00+00:00
[2026-09-03T07:51:10.926+0000] {processor.py:183} INFO - Processing /opt/airflow/dags/main.py took 0.830 seconds
[2026-09-03T07:51:41.243+0000] {processor.py:161} INFO - Started process (PID=120) to work on /opt/airflow/dags/main.py
[2026-09-03T07:51:41.250+0000] {processor.py:830} INFO - Processing file /opt/airflow/dags/main.py for tasks to queue
[2026-09-03T07:51:41.258+0000] {logging_mixin.py:188} INFO - [2026-09-03T07:51:41.257+0000] {dagbag.py:545} INFO - Filling up the DagBag from /opt/airflow/dags/main.py
[2026-09-03T07:51:41.354+0000] {logging_mixin.py:188} INFO - channel id is not executed
[2026-09-03T07:51:41.532+0000] {processor.py:840} INFO - DAG(s) 'update_db' retrieved from /opt/airflow/dags/main.py
[2026-09-03T07:51:42.392+0000] {logging_mixin.py:188} INFO - [2026-09-03T07:51:42.391+0000] {dag.py:3096} INFO - Sync 1 DAGs
[2026-09-03T07:51:42.502+0000] {logging_mixin.py:188} INFO - [2026-09-03T07:51:42.502+0000] {dag.py:3954} INFO - Setting next_dagrun for update_db to 2026-09-03 14:00:00+00:00, run_after=2026-09-04 14:00:00+00:00
[2026-09-03T07:51:42.588+0000] {processor.py:183} INFO - Processing /opt/airflow/dags/main.py took 1.360 seconds
[2026-09-03T07:52:13.070+0000] {processor.py:161} INFO - Started process (PID=128) to work on /opt/airflow/dags/main.py
[2026-09-03T07:52:13.078+0000] {processor.py:830} INFO - Processing file /opt/airflow/dags/main.py for tasks to queue
[2026-09-03T07:52:13.084+0000] {logging_mixin.py:188} INFO - [2026-09-03T07:52:13.084+0000] {dagbag.py:545} INFO - Filling up the DagBag from /opt/airflow/dags/main.py
[2026-09-03T07:52:13.253+0000] {logging_mixin.py:188} INFO - channel id is not executed
[2026-09-03T07:52:13.625+0000] {processor.py:840} INFO - DAG(s) 'update_db' retrieved from /opt/airflow/dags/main.py
[2026-09-03T07:52:14.442+0000] {logging_mixin.py:188} INFO - [2026-09-03T07:52:14.441+0000] {dag.py:3096} INFO - Sync 1 DAGs
[2026-09-03T07:52:14.521+0000] {logging_mixin.py:188} INFO - [2026-09-03T07:52:14.521+0000] {dag.py:3954} INFO - Setting next_dagrun for update_db to 2026-09-03 14:00:00+00:00, run_after=2026-09-04 14:00:00+00:00
[2026-09-03T07:52:14.617+0000] {processor.py:183} INFO - Processing /opt/airflow/dags/main.py took 1.566 seconds
[2026-09-03T07:52:45.350+0000] {processor.py:161} INFO - Started process (PID=136) to work on /opt/airflow/dags/main.py
[2026-09-03T07:52:45.358+0000] {processor.py:830} INFO - Processing file /opt/airflow/dags/main.py for tasks to queue
[2026-09-03T07:52:45.363+0000] {logging_mixin.py:188} INFO - [2026-09-03T07:52:45.362+0000] {dagbag.py:545} INFO - Filling up the DagBag from /opt/airflow/dags/main.py
[2026-09-03T07:52:45.579+0000] {logging_mixin.py:188} INFO - channel id is not executed
[2026-09-03T07:52:46.343+0000] {processor.py:840} INFO - DAG(s) 'update_db' retrieved from /opt/airflow/dags/main.py
[2026-09-03T07:52:46.732+0000] {logging_mixin.py:188} INFO - [2026-09-03T07:52:46.731+0000] {dag.py:3096} INFO - Sync 1 DAGs
[2026-09-03T07:52:46.814+0000] {logging_mixin.py:188} INFO - [2026-09-03T07:52:46.814+0000] {dag.py:3954} INFO - Setting next_dagrun for update_db to 2026-09-03 14:00:00+00:00, run_after=2026-09-04 14:00:00+00:00
[2026-09-03T07:52:47.123+0000] {processor.py:183} INFO - Processing /opt/airflow/dags/main.py took 1.793 seconds
[2026-09-03T07:53:18.156+0000] {processor.py:161} INFO - Started process (PID=143) to work on /opt/airflow/dags/main.py
[2026-09-03T07:53:18.177+0000] {processor.py:830} INFO - Processing file /opt/airflow/dags/main.py for tasks to queue
[2026-09-03T07:53:18.183+0000] {logging_mixin.py:188} INFO - [2026-09-03T07:53:18.182+0000] {dagbag.py:545} INFO - Filling up the DagBag from /opt/airflow/dags/main.py
[2026-09-03T07:53:18.424+0000] {logging_mixin.py:188} INFO - channel id is not executed
[2026-09-03T07:53:18.974+0000] {processor.py:840} INFO - DAG(s) 'update_db' retrieved from /opt/airflow/dags/main.py
[2026-09-03T07:53:19.642+0000] {logging_mixin.py:188} INFO - [2026-09-03T07:53:19.642+0000] {dag.py:3096} INFO - Sync 1 DAGs
[2026-09-03T07:53:19.748+0000] {logging_mixin.py:188} INFO - [2026-09-03T07:53:19.747+0000] {dag.py:3954} INFO - Setting next_dagrun for update_db to 2026-09-03 14:00:00+00:00, run_after=2026-09-04 14:00:00+00:00
[2026-09-03T07:53:20.103+0000] {processor.py:183} INFO - Processing /opt/airflow/dags/main.py took 1.968 seconds
[2026-09-03T07:53:51.089+0000] {processor.py:161} INFO - Started process (PID=152) to work on /opt/airflow/dags/main.py
[2026-09-03T07:53:51.099+0000] {processor.py:830} INFO - Processing file /opt/airflow/dags/main.py for tasks to queue
[2026-09-03T07:53:51.106+0000] {logging_mixin.py:188} INFO - [2026-09-03T07:53:51.106+0000] {dagbag.py:545} INFO - Filling up the DagBag from /opt/airflow/dags/main.py
[2026-09-03T07:53:51.315+0000] {logging_mixin.py:188} INFO - channel id is not executed
[2026-09-03T07:53:51.597+0000] {processor.py:840} INFO - DAG(s) 'update_db' retrieved from /opt/airflow/dags/main.py
[2026-09-03T07:53:52.518+0000] {logging_mixin.py:188} INFO - [2026-09-03T07:53:52.518+0000] {dag.py:3096} INFO - Sync 1 DAGs
[2026-09-03T07:53:52.625+0000] {logging_mixin.py:188} INFO - [2026-09-03T07:53:52.625+0000] {dag.py:3954} INFO - Setting next_dagrun for update_db to 2026-09-03 14:00:00+00:00, run_after=2026-09-04 14:00:00+00:00
[2026-09-03T07:53:52.789+0000] {processor.py:183} INFO - Processing /opt/airflow/dags/main.py took 1.721 seconds
[2026-09-03T07:54:23.297+0000] {processor.py:161} INFO - Started process (PID=161) to work on /opt/airflow/dags/main.py
[2026-09-03T07:54:23.310+0000] {processor.py:830} INFO - Processing file /opt/airflow/dags/main.py for tasks to queue
[2026-09-03T07:54:23.329+0000] {logging_mixin.py:188} INFO - [2026-09-03T07:54:23.329+0000] {dagbag.py:545} INFO - Filling up the DagBag from /opt/airflow/dags/main.py
[2026-09-03T07:54:23.792+0000] {logging_mixin.py:188} INFO - channel id is not executed
[2026-09-03T07:54:24.021+0000] {processor.py:840} INFO - DAG(s) 'update_db' retrieved from /opt/airflow/dags/main.py
[2026-09-03T07:54:24.516+0000] {logging_mixin.py:188} INFO - [2026-09-03T07:54:24.516+0000] {dag.py:3096} INFO - Sync 1 DAGs
[2026-09-03T07:54:24.678+0000] {logging_mixin.py:188} INFO - [2026-09-03T07:54:24.678+0000] {dag.py:3954} INFO - Setting next_dagrun for update_db to 2026-09-03 14:00:00+00:00, run_after=2026-09-04 14:00:00+00:00
[2026-09-03T07:54:24.822+0000] {processor.py:183} INFO - Processing /opt/airflow/dags/main.py took 1.543 seconds
[2026-09-03T07:54:55.056+0000] {processor.py:161} INFO - Started process (PID=170) to work on /opt/airflow/dags/main.py
[2026-09-03T07:54:55.059+0000] {processor.py:830} INFO - Processing file /opt/airflow/dags/main.py for tasks to queue
[2026-09-03T07:54:55.070+0000] {logging_mixin.py:188} INFO - [2026-09-03T07:54:55.063+0000] {dagbag.py:545} INFO - Filling up the DagBag from /opt/airflow/dags/main.py
[2026-09-03T07:54:55.321+0000] {logging_mixin.py:188} INFO - channel id is not executed
[2026-09-03T07:54:55.446+0000] {logging_mixin.py:188} INFO - [2026-09-03T07:54:55.436+0000] {dagbag.py:355} ERROR - Failed to import: /opt/airflow/dags/main.py
Traceback (most recent call last):
  File "/home/airflow/.local/lib/python3.10/site-packages/airflow/models/dagbag.py", line 351, in parse
    loader.exec_module(new_module)
  File "<frozen importlib._bootstrap_external>", line 883, in exec_module
  File "<frozen importlib._bootstrap>", line 241, in _call_with_frames_removed
  File "/opt/airflow/dags/main.py", line 6, in <module>
    from datawarehouse.dwh import staging_table, core_table
  File "<frozen importlib._bootstrap>", line 1027, in _find_and_load
  File "<frozen importlib._bootstrap>", line 1002, in _find_and_load_unlocked
  File "<frozen importlib._bootstrap>", line 945, in _find_spec
  File "<frozen importlib._bootstrap_external>", line 1439, in find_spec
  File "<frozen importlib._bootstrap_external>", line 1411, in _get_spec
  File "<frozen importlib._bootstrap_external>", line 1548, in find_spec
  File "<frozen importlib._bootstrap_external>", line 1591, in _fill_cache
OSError: [Errno 12] Cannot allocate memory: '/opt/airflow/dags/datawarehouse'
[2026-09-03T07:54:55.452+0000] {processor.py:842} WARNING - No viable dags retrieved from /opt/airflow/dags/main.py
[2026-09-03T07:54:55.565+0000] {processor.py:183} INFO - Processing /opt/airflow/dags/main.py took 0.525 seconds
[2026-09-03T07:55:26.646+0000] {processor.py:161} INFO - Started process (PID=177) to work on /opt/airflow/dags/main.py
[2026-09-03T07:55:26.793+0000] {processor.py:830} INFO - Processing file /opt/airflow/dags/main.py for tasks to queue
[2026-09-03T07:55:26.848+0000] {logging_mixin.py:188} INFO - [2026-09-03T07:55:26.847+0000] {dagbag.py:545} INFO - Filling up the DagBag from /opt/airflow/dags/main.py
[2026-09-03T07:55:27.514+0000] {logging_mixin.py:188} INFO - channel id is not executed
[2026-09-03T07:55:28.625+0000] {processor.py:840} INFO - DAG(s) 'update_db' retrieved from /opt/airflow/dags/main.py
[2026-09-03T07:55:29.172+0000] {logging_mixin.py:188} INFO - [2026-09-03T07:55:29.172+0000] {dag.py:3096} INFO - Sync 1 DAGs
[2026-09-03T07:55:29.246+0000] {logging_mixin.py:188} INFO - [2026-09-03T07:55:29.246+0000] {dag.py:3954} INFO - Setting next_dagrun for update_db to 2026-09-03 14:00:00+00:00, run_after=2026-09-04 14:00:00+00:00
[2026-09-03T07:55:29.352+0000] {processor.py:183} INFO - Processing /opt/airflow/dags/main.py took 2.738 seconds
[2026-09-03T07:56:01.328+0000] {processor.py:161} INFO - Started process (PID=185) to work on /opt/airflow/dags/main.py
[2026-09-03T07:56:01.358+0000] {processor.py:830} INFO - Processing file /opt/airflow/dags/main.py for tasks to queue
[2026-09-03T07:56:01.368+0000] {logging_mixin.py:188} INFO - [2026-09-03T07:56:01.368+0000] {dagbag.py:545} INFO - Filling up the DagBag from /opt/airflow/dags/main.py
[2026-09-03T07:56:02.631+0000] {logging_mixin.py:188} INFO - channel id is not executed
[2026-09-03T07:56:04.858+0000] {processor.py:840} INFO - DAG(s) 'update_db' retrieved from /opt/airflow/dags/main.py
[2026-09-03T07:56:05.796+0000] {logging_mixin.py:188} INFO - [2026-09-03T07:56:05.795+0000] {dag.py:3096} INFO - Sync 1 DAGs
[2026-09-03T07:56:05.943+0000] {logging_mixin.py:188} INFO - [2026-09-03T07:56:05.942+0000] {dag.py:3954} INFO - Setting next_dagrun for update_db to 2026-09-03 14:00:00+00:00, run_after=2026-09-04 14:00:00+00:00
[2026-09-03T07:56:06.132+0000] {processor.py:183} INFO - Processing /opt/airflow/dags/main.py took 4.848 seconds
[2026-09-03T07:56:37.079+0000] {processor.py:161} INFO - Started process (PID=193) to work on /opt/airflow/dags/main.py
[2026-09-03T07:56:37.127+0000] {processor.py:830} INFO - Processing file /opt/airflow/dags/main.py for tasks to queue
[2026-09-03T07:56:37.188+0000] {logging_mixin.py:188} INFO - [2026-09-03T07:56:37.187+0000] {dagbag.py:545} INFO - Filling up the DagBag from /opt/airflow/dags/main.py
[2026-09-03T07:56:40.637+0000] {logging_mixin.py:188} INFO - channel id is not executed
[2026-09-03T07:56:45.280+0000] {processor.py:840} INFO - DAG(s) 'update_db' retrieved from /opt/airflow/dags/main.py
[2026-09-03T07:56:47.084+0000] {logging_mixin.py:188} INFO - [2026-09-03T07:56:47.084+0000] {dag.py:3096} INFO - Sync 1 DAGs
[2026-09-03T07:56:47.275+0000] {logging_mixin.py:188} INFO - [2026-09-03T07:56:47.263+0000] {dag.py:3954} INFO - Setting next_dagrun for update_db to 2026-09-03 14:00:00+00:00, run_after=2026-09-04 14:00:00+00:00
[2026-09-03T07:56:47.592+0000] {processor.py:183} INFO - Processing /opt/airflow/dags/main.py took 10.566 seconds
[2026-09-03T07:57:21.486+0000] {processor.py:161} INFO - Started process (PID=206) to work on /opt/airflow/dags/main.py
[2026-09-03T07:57:21.566+0000] {processor.py:830} INFO - Processing file /opt/airflow/dags/main.py for tasks to queue
[2026-09-03T07:57:21.636+0000] {logging_mixin.py:188} INFO - [2026-09-03T07:57:21.636+0000] {dagbag.py:545} INFO - Filling up the DagBag from /opt/airflow/dags/main.py
[2026-09-03T07:57:25.997+0000] {logging_mixin.py:188} INFO - channel id is not executed
[2026-09-03T07:57:34.304+0000] {processor.py:840} INFO - DAG(s) 'update_db' retrieved from /opt/airflow/dags/main.py
[2026-09-03T07:57:45.469+0000] {logging_mixin.py:188} INFO - [2026-09-03T07:57:45.384+0000] {dag.py:3096} INFO - Sync 1 DAGs
[2026-09-03T07:57:45.804+0000] {logging_mixin.py:188} INFO - [2026-09-03T07:57:45.804+0000] {dag.py:3954} INFO - Setting next_dagrun for update_db to 2026-09-03 14:00:00+00:00, run_after=2026-09-04 14:00:00+00:00
[2026-09-03T07:57:46.467+0000] {processor.py:183} INFO - Processing /opt/airflow/dags/main.py took 25.307 seconds
[2026-09-03T07:58:24.464+0000] {processor.py:161} INFO - Started process (PID=215) to work on /opt/airflow/dags/main.py
[2026-09-03T07:58:24.543+0000] {processor.py:830} INFO - Processing file /opt/airflow/dags/main.py for tasks to queue
[2026-09-03T07:58:24.576+0000] {logging_mixin.py:188} INFO - [2026-09-03T07:58:24.575+0000] {dagbag.py:545} INFO - Filling up the DagBag from /opt/airflow/dags/main.py
[2026-09-03T07:58:29.063+0000] {logging_mixin.py:188} INFO - channel id is not executed
[2026-09-03T07:58:38.788+0000] {processor.py:840} INFO - DAG(s) 'update_db' retrieved from /opt/airflow/dags/main.py
[2026-09-03T07:58:54.765+0000] {logging_mixin.py:188} INFO - [2026-09-03T07:58:54.655+0000] {dag.py:3096} INFO - Sync 1 DAGs
[2026-09-03T07:58:55.055+0000] {logging_mixin.py:188} INFO - [2026-09-03T07:58:55.055+0000] {dag.py:3954} INFO - Setting next_dagrun for update_db to 2026-09-03 14:00:00+00:00, run_after=2026-09-04 14:00:00+00:00
[2026-09-03T07:58:55.427+0000] {processor.py:183} INFO - Processing /opt/airflow/dags/main.py took 31.091 seconds
[2026-09-03T07:59:27.597+0000] {processor.py:161} INFO - Started process (PID=217) to work on /opt/airflow/dags/main.py
[2026-09-03T07:59:27.668+0000] {processor.py:830} INFO - Processing file /opt/airflow/dags/main.py for tasks to queue
[2026-09-03T07:59:27.743+0000] {logging_mixin.py:188} INFO - [2026-09-03T07:59:27.737+0000] {dagbag.py:545} INFO - Filling up the DagBag from /opt/airflow/dags/main.py
[2026-09-03T07:59:30.991+0000] {logging_mixin.py:188} INFO - channel id is not executed
[2026-09-03T07:59:31.207+0000] {logging_mixin.py:188} INFO - [2026-09-03T07:59:31.115+0000] {dagbag.py:355} ERROR - Failed to import: /opt/airflow/dags/main.py
Traceback (most recent call last):
  File "/home/airflow/.local/lib/python3.10/site-packages/airflow/models/dagbag.py", line 351, in parse
    loader.exec_module(new_module)
  File "<frozen importlib._bootstrap_external>", line 883, in exec_module
  File "<frozen importlib._bootstrap>", line 241, in _call_with_frames_removed
  File "/opt/airflow/dags/main.py", line 6, in <module>
    from datawarehouse.dwh import staging_table, core_table
  File "<frozen importlib._bootstrap>", line 1027, in _find_and_load
  File "<frozen importlib._bootstrap>", line 1002, in _find_and_load_unlocked
  File "<frozen importlib._bootstrap>", line 945, in _find_spec
  File "<frozen importlib._bootstrap_external>", line 1439, in find_spec
  File "<frozen importlib._bootstrap_external>", line 1411, in _get_spec
  File "<frozen importlib._bootstrap_external>", line 1548, in find_spec
  File "<frozen importlib._bootstrap_external>", line 1591, in _fill_cache
OSError: [Errno 12] Cannot allocate memory: '/opt/airflow/dags/datawarehouse'
[2026-09-03T07:59:31.228+0000] {processor.py:842} WARNING - No viable dags retrieved from /opt/airflow/dags/main.py
[2026-09-03T07:59:32.184+0000] {processor.py:183} INFO - Processing /opt/airflow/dags/main.py took 4.718 seconds
[2026-09-03T08:00:02.357+0000] {processor.py:161} INFO - Started process (PID=218) to work on /opt/airflow/dags/main.py
[2026-09-03T08:00:02.360+0000] {processor.py:830} INFO - Processing file /opt/airflow/dags/main.py for tasks to queue
[2026-09-03T08:00:02.364+0000] {logging_mixin.py:188} INFO - [2026-09-03T08:00:02.363+0000] {dagbag.py:545} INFO - Filling up the DagBag from /opt/airflow/dags/main.py
[2026-09-03T08:00:02.491+0000] {logging_mixin.py:188} INFO - channel id is not executed
[2026-09-03T08:00:02.787+0000] {processor.py:840} INFO - DAG(s) 'update_db' retrieved from /opt/airflow/dags/main.py
[2026-09-03T08:00:03.858+0000] {logging_mixin.py:188} INFO - [2026-09-03T08:00:03.857+0000] {dag.py:3096} INFO - Sync 1 DAGs
[2026-09-03T08:00:04.121+0000] {logging_mixin.py:188} INFO - [2026-09-03T08:00:04.120+0000] {dag.py:3954} INFO - Setting next_dagrun for update_db to 2026-09-03 14:00:00+00:00, run_after=2026-09-04 14:00:00+00:00
[2026-09-03T08:00:04.644+0000] {processor.py:183} INFO - Processing /opt/airflow/dags/main.py took 2.303 seconds
[2026-09-03T08:00:35.292+0000] {processor.py:161} INFO - Started process (PID=231) to work on /opt/airflow/dags/main.py
[2026-09-03T08:00:35.296+0000] {processor.py:830} INFO - Processing file /opt/airflow/dags/main.py for tasks to queue
[2026-09-03T08:00:35.300+0000] {logging_mixin.py:188} INFO - [2026-09-03T08:00:35.299+0000] {dagbag.py:545} INFO - Filling up the DagBag from /opt/airflow/dags/main.py
[2026-09-03T08:00:35.391+0000] {logging_mixin.py:188} INFO - channel id is not executed
[2026-09-03T08:00:35.521+0000] {processor.py:840} INFO - DAG(s) 'update_db' retrieved from /opt/airflow/dags/main.py
[2026-09-03T08:00:35.853+0000] {logging_mixin.py:188} INFO - [2026-09-03T08:00:35.852+0000] {dag.py:3096} INFO - Sync 1 DAGs
[2026-09-03T08:00:35.896+0000] {logging_mixin.py:188} INFO - [2026-09-03T08:00:35.896+0000] {dag.py:3954} INFO - Setting next_dagrun for update_db to 2026-09-03 14:00:00+00:00, run_after=2026-09-04 14:00:00+00:00
[2026-09-03T08:00:35.932+0000] {processor.py:183} INFO - Processing /opt/airflow/dags/main.py took 0.635 seconds
[2026-09-03T11:53:30.341+0000] {processor.py:161} INFO - Started process (PID=85) to work on /opt/airflow/dags/main.py
[2026-09-03T11:53:30.392+0000] {processor.py:830} INFO - Processing file /opt/airflow/dags/main.py for tasks to queue
[2026-09-03T11:53:30.406+0000] {logging_mixin.py:188} INFO - [2026-09-03T11:53:30.406+0000] {dagbag.py:545} INFO - Filling up the DagBag from /opt/airflow/dags/main.py
[2026-09-03T11:53:37.854+0000] {logging_mixin.py:188} INFO - channel id is not executed
[2026-09-03T11:53:43.745+0000] {processor.py:840} INFO - DAG(s) 'produce_json', 'update_db' retrieved from /opt/airflow/dags/main.py
[2026-09-03T11:53:48.490+0000] {logging_mixin.py:188} INFO - [2026-09-03T11:53:48.490+0000] {dag.py:3096} INFO - Sync 2 DAGs
[2026-09-03T11:53:49.557+0000] {logging_mixin.py:188} INFO - [2026-09-03T11:53:49.557+0000] {dag.py:3954} INFO - Setting next_dagrun for produce_json to 2026-09-03 14:00:00+00:00, run_after=2026-09-04 14:00:00+00:00
[2026-09-03T11:53:49.638+0000] {logging_mixin.py:188} INFO - [2026-09-03T11:53:49.638+0000] {dag.py:3954} INFO - Setting next_dagrun for update_db to 2026-09-03 15:00:00+00:00, run_after=2026-09-04 15:00:00+00:00
[2026-09-03T11:53:50.514+0000] {processor.py:183} INFO - Processing /opt/airflow/dags/main.py took 20.388 seconds
[2026-09-03T11:54:24.054+0000] {processor.py:161} INFO - Started process (PID=96) to work on /opt/airflow/dags/main.py
[2026-09-03T11:54:24.126+0000] {processor.py:830} INFO - Processing file /opt/airflow/dags/main.py for tasks to queue
[2026-09-03T11:54:24.265+0000] {logging_mixin.py:188} INFO - [2026-09-03T11:54:24.225+0000] {dagbag.py:545} INFO - Filling up the DagBag from /opt/airflow/dags/main.py
[2026-09-03T11:54:26.027+0000] {logging_mixin.py:188} INFO - channel id is not executed
[2026-09-03T11:54:31.848+0000] {processor.py:840} INFO - DAG(s) 'update_db', 'produce_json' retrieved from /opt/airflow/dags/main.py
[2026-09-03T11:54:33.935+0000] {logging_mixin.py:188} INFO - [2026-09-03T11:54:33.935+0000] {dag.py:3096} INFO - Sync 2 DAGs
[2026-09-03T11:54:34.367+0000] {logging_mixin.py:188} INFO - [2026-09-03T11:54:34.366+0000] {dag.py:3954} INFO - Setting next_dagrun for produce_json to 2026-09-03 14:00:00+00:00, run_after=2026-09-04 14:00:00+00:00
[2026-09-03T11:54:34.492+0000] {logging_mixin.py:188} INFO - [2026-09-03T11:54:34.491+0000] {dag.py:3954} INFO - Setting next_dagrun for update_db to 2026-09-03 15:00:00+00:00, run_after=2026-09-04 15:00:00+00:00
[2026-09-03T11:54:35.230+0000] {processor.py:183} INFO - Processing /opt/airflow/dags/main.py took 12.071 seconds
[2026-09-03T11:55:06.770+0000] {processor.py:161} INFO - Started process (PID=103) to work on /opt/airflow/dags/main.py
[2026-09-03T11:55:06.795+0000] {processor.py:830} INFO - Processing file /opt/airflow/dags/main.py for tasks to queue
[2026-09-03T11:55:06.816+0000] {logging_mixin.py:188} INFO - [2026-09-03T11:55:06.815+0000] {dagbag.py:545} INFO - Filling up the DagBag from /opt/airflow/dags/main.py
[2026-09-03T11:55:08.074+0000] {logging_mixin.py:188} INFO - channel id is not executed
[2026-09-03T11:55:09.962+0000] {processor.py:840} INFO - DAG(s) 'produce_json', 'update_db' retrieved from /opt/airflow/dags/main.py
[2026-09-03T11:55:11.147+0000] {logging_mixin.py:188} INFO - [2026-09-03T11:55:11.146+0000] {dag.py:3096} INFO - Sync 2 DAGs
[2026-09-03T11:55:11.350+0000] {logging_mixin.py:188} INFO - [2026-09-03T11:55:11.350+0000] {dag.py:3954} INFO - Setting next_dagrun for produce_json to 2026-09-03 14:00:00+00:00, run_after=2026-09-04 14:00:00+00:00
[2026-09-03T11:55:11.373+0000] {logging_mixin.py:188} INFO - [2026-09-03T11:55:11.373+0000] {dag.py:3954} INFO - Setting next_dagrun for update_db to 2026-09-03 15:00:00+00:00, run_after=2026-09-04 15:00:00+00:00
[2026-09-03T11:55:12.491+0000] {processor.py:183} INFO - Processing /opt/airflow/dags/main.py took 5.822 seconds
[2026-09-03T11:55:43.552+0000] {processor.py:161} INFO - Started process (PID=109) to work on /opt/airflow/dags/main.py
[2026-09-03T11:55:43.619+0000] {processor.py:830} INFO - Processing file /opt/airflow/dags/main.py for tasks to queue
[2026-09-03T11:55:43.679+0000] {logging_mixin.py:188} INFO - [2026-09-03T11:55:43.679+0000] {dagbag.py:545} INFO - Filling up the DagBag from /opt/airflow/dags/main.py
[2026-09-03T11:55:44.862+0000] {logging_mixin.py:188} INFO - channel id is not executed
[2026-09-03T11:55:46.933+0000] {processor.py:840} INFO - DAG(s) 'produce_json', 'update_db' retrieved from /opt/airflow/dags/main.py
[2026-09-03T11:55:50.867+0000] {logging_mixin.py:188} INFO - [2026-09-03T11:55:50.866+0000] {dag.py:3096} INFO - Sync 2 DAGs
[2026-09-03T11:55:52.215+0000] {logging_mixin.py:188} INFO - [2026-09-03T11:55:52.214+0000] {dag.py:3954} INFO - Setting next_dagrun for produce_json to 2026-09-03 14:00:00+00:00, run_after=2026-09-04 14:00:00+00:00
[2026-09-03T11:55:52.531+0000] {logging_mixin.py:188} INFO - [2026-09-03T11:55:52.531+0000] {dag.py:3954} INFO - Setting next_dagrun for update_db to 2026-09-03 15:00:00+00:00, run_after=2026-09-04 15:00:00+00:00
[2026-09-03T11:55:53.314+0000] {processor.py:183} INFO - Processing /opt/airflow/dags/main.py took 9.815 seconds
[2026-09-03T11:56:26.016+0000] {processor.py:161} INFO - Started process (PID=122) to work on /opt/airflow/dags/main.py
[2026-09-03T11:56:26.037+0000] {processor.py:830} INFO - Processing file /opt/airflow/dags/main.py for tasks to queue
[2026-09-03T11:56:26.137+0000] {logging_mixin.py:188} INFO - [2026-09-03T11:56:26.128+0000] {dagbag.py:545} INFO - Filling up the DagBag from /opt/airflow/dags/main.py
[2026-09-03T11:56:27.679+0000] {logging_mixin.py:188} INFO - channel id is not executed
[2026-09-03T11:56:28.361+0000] {processor.py:840} INFO - DAG(s) 'produce_json', 'update_db' retrieved from /opt/airflow/dags/main.py
[2026-09-03T11:56:31.428+0000] {logging_mixin.py:188} INFO - [2026-09-03T11:56:31.428+0000] {dag.py:3096} INFO - Sync 2 DAGs
[2026-09-03T11:56:31.972+0000] {logging_mixin.py:188} INFO - [2026-09-03T11:56:31.971+0000] {dag.py:3954} INFO - Setting next_dagrun for produce_json to 2026-09-03 14:00:00+00:00, run_after=2026-09-04 14:00:00+00:00
[2026-09-03T11:56:32.041+0000] {logging_mixin.py:188} INFO - [2026-09-03T11:56:32.040+0000] {dag.py:3954} INFO - Setting next_dagrun for update_db to 2026-09-03 15:00:00+00:00, run_after=2026-09-04 15:00:00+00:00
[2026-09-03T11:56:32.263+0000] {processor.py:183} INFO - Processing /opt/airflow/dags/main.py took 6.315 seconds
[2026-09-03T11:57:03.527+0000] {processor.py:161} INFO - Started process (PID=128) to work on /opt/airflow/dags/main.py
[2026-09-03T11:57:03.573+0000] {processor.py:830} INFO - Processing file /opt/airflow/dags/main.py for tasks to queue
[2026-09-03T11:57:04.247+0000] {logging_mixin.py:188} INFO - [2026-09-03T11:57:04.233+0000] {dagbag.py:545} INFO - Filling up the DagBag from /opt/airflow/dags/main.py
[2026-09-03T11:57:13.785+0000] {logging_mixin.py:188} INFO - channel id is not executed
[2026-09-03T12:01:40.620+0000] {processor.py:161} INFO - Started process (PID=72) to work on /opt/airflow/dags/main.py
[2026-09-03T12:01:40.623+0000] {processor.py:830} INFO - Processing file /opt/airflow/dags/main.py for tasks to queue
[2026-09-03T12:01:40.638+0000] {logging_mixin.py:188} INFO - [2026-09-03T12:01:40.637+0000] {dagbag.py:545} INFO - Filling up the DagBag from /opt/airflow/dags/main.py
[2026-09-03T12:01:40.904+0000] {logging_mixin.py:188} INFO - channel id is not executed
[2026-09-03T12:01:41.609+0000] {processor.py:840} INFO - DAG(s) 'update_db', 'produce_json' retrieved from /opt/airflow/dags/main.py
[2026-09-03T12:01:43.275+0000] {logging_mixin.py:188} INFO - [2026-09-03T12:01:43.275+0000] {dag.py:3096} INFO - Sync 2 DAGs
[2026-09-03T12:01:43.525+0000] {logging_mixin.py:188} INFO - [2026-09-03T12:01:43.524+0000] {dag.py:3954} INFO - Setting next_dagrun for produce_json to 2026-09-03 14:00:00+00:00, run_after=2026-09-04 14:00:00+00:00
[2026-09-03T12:01:43.547+0000] {logging_mixin.py:188} INFO - [2026-09-03T12:01:43.547+0000] {dag.py:3954} INFO - Setting next_dagrun for update_db to 2026-09-03 15:00:00+00:00, run_after=2026-09-04 15:00:00+00:00
[2026-09-03T12:01:44.052+0000] {processor.py:183} INFO - Processing /opt/airflow/dags/main.py took 3.465 seconds
[2026-09-03T12:02:14.832+0000] {processor.py:161} INFO - Started process (PID=78) to work on /opt/airflow/dags/main.py
[2026-09-03T12:02:14.867+0000] {processor.py:830} INFO - Processing file /opt/airflow/dags/main.py for tasks to queue
[2026-09-03T12:02:14.925+0000] {logging_mixin.py:188} INFO - [2026-09-03T12:02:14.922+0000] {dagbag.py:545} INFO - Filling up the DagBag from /opt/airflow/dags/main.py
[2026-09-03T12:02:16.321+0000] {logging_mixin.py:188} INFO - channel id is not executed
[2026-09-03T12:02:18.350+0000] {processor.py:840} INFO - DAG(s) 'produce_json', 'update_db' retrieved from /opt/airflow/dags/main.py
[2026-09-03T12:02:19.233+0000] {logging_mixin.py:188} INFO - [2026-09-03T12:02:19.232+0000] {dag.py:3096} INFO - Sync 2 DAGs
[2026-09-03T12:02:19.558+0000] {logging_mixin.py:188} INFO - [2026-09-03T12:02:19.557+0000] {dag.py:3954} INFO - Setting next_dagrun for produce_json to 2026-09-03 14:00:00+00:00, run_after=2026-09-04 14:00:00+00:00
[2026-09-03T12:02:19.599+0000] {logging_mixin.py:188} INFO - [2026-09-03T12:02:19.599+0000] {dag.py:3954} INFO - Setting next_dagrun for update_db to 2026-09-03 15:00:00+00:00, run_after=2026-09-04 15:00:00+00:00
[2026-09-03T12:02:19.794+0000] {processor.py:183} INFO - Processing /opt/airflow/dags/main.py took 5.076 seconds
[2026-09-03T12:04:17.267+0000] {processor.py:161} INFO - Started process (PID=98) to work on /opt/airflow/dags/main.py
[2026-09-03T12:04:17.302+0000] {processor.py:830} INFO - Processing file /opt/airflow/dags/main.py for tasks to queue
[2026-09-03T12:04:17.510+0000] {logging_mixin.py:188} INFO - [2026-09-03T12:04:17.382+0000] {dagbag.py:545} INFO - Filling up the DagBag from /opt/airflow/dags/main.py
[2026-09-03T12:04:19.655+0000] {logging_mixin.py:188} INFO - channel id is not executed
[2026-09-03T12:04:22.603+0000] {processor.py:840} INFO - DAG(s) 'produce_json', 'update_db' retrieved from /opt/airflow/dags/main.py
[2026-09-03T12:04:25.192+0000] {logging_mixin.py:188} INFO - [2026-09-03T12:04:25.191+0000] {dag.py:3096} INFO - Sync 2 DAGs
[2026-09-03T12:04:25.646+0000] {logging_mixin.py:188} INFO - [2026-09-03T12:04:25.644+0000] {dag.py:3954} INFO - Setting next_dagrun for produce_json to 2026-09-03 14:00:00+00:00, run_after=2026-09-04 14:00:00+00:00
[2026-09-03T12:04:25.679+0000] {logging_mixin.py:188} INFO - [2026-09-03T12:04:25.679+0000] {dag.py:3954} INFO - Setting next_dagrun for update_db to 2026-09-03 15:00:00+00:00, run_after=2026-09-04 15:00:00+00:00
[2026-09-03T12:04:25.765+0000] {processor.py:183} INFO - Processing /opt/airflow/dags/main.py took 8.386 seconds
[2026-09-03T12:04:59.614+0000] {processor.py:161} INFO - Started process (PID=105) to work on /opt/airflow/dags/main.py
[2026-09-03T12:04:59.670+0000] {processor.py:830} INFO - Processing file /opt/airflow/dags/main.py for tasks to queue
[2026-09-03T12:04:59.895+0000] {logging_mixin.py:188} INFO - [2026-09-03T12:04:59.890+0000] {dagbag.py:545} INFO - Filling up the DagBag from /opt/airflow/dags/main.py
[2026-09-03T12:05:01.714+0000] {logging_mixin.py:188} INFO - channel id is not executed
[2026-09-03T12:05:04.704+0000] {processor.py:840} INFO - DAG(s) 'update_db', 'produce_json' retrieved from /opt/airflow/dags/main.py
[2026-09-03T12:05:05.818+0000] {logging_mixin.py:188} INFO - [2026-09-03T12:05:05.816+0000] {dag.py:3096} INFO - Sync 2 DAGs
[2026-09-03T12:05:06.087+0000] {logging_mixin.py:188} INFO - [2026-09-03T12:05:06.087+0000] {dag.py:3954} INFO - Setting next_dagrun for produce_json to 2026-09-03 14:00:00+00:00, run_after=2026-09-04 14:00:00+00:00
[2026-09-03T12:05:06.146+0000] {logging_mixin.py:188} INFO - [2026-09-03T12:05:06.146+0000] {dag.py:3954} INFO - Setting next_dagrun for update_db to 2026-09-03 15:00:00+00:00, run_after=2026-09-04 15:00:00+00:00
[2026-09-03T12:05:06.404+0000] {processor.py:183} INFO - Processing /opt/airflow/dags/main.py took 8.035 seconds
[2026-09-03T12:05:38.832+0000] {processor.py:161} INFO - Started process (PID=117) to work on /opt/airflow/dags/main.py
[2026-09-03T12:05:38.849+0000] {processor.py:830} INFO - Processing file /opt/airflow/dags/main.py for tasks to queue
[2026-09-03T12:05:38.895+0000] {logging_mixin.py:188} INFO - [2026-09-03T12:05:38.894+0000] {dagbag.py:545} INFO - Filling up the DagBag from /opt/airflow/dags/main.py
[2026-09-03T12:05:39.641+0000] {logging_mixin.py:188} INFO - channel id is not executed
[2026-09-03T12:05:41.128+0000] {processor.py:840} INFO - DAG(s) 'produce_json', 'update_db' retrieved from /opt/airflow/dags/main.py
[2026-09-03T12:05:44.282+0000] {logging_mixin.py:188} INFO - [2026-09-03T12:05:44.281+0000] {dag.py:3096} INFO - Sync 2 DAGs
[2026-09-03T12:05:44.914+0000] {logging_mixin.py:188} INFO - [2026-09-03T12:05:44.913+0000] {dag.py:3954} INFO - Setting next_dagrun for produce_json to 2026-09-03 14:00:00+00:00, run_after=2026-09-04 14:00:00+00:00
[2026-09-03T12:05:45.070+0000] {logging_mixin.py:188} INFO - [2026-09-03T12:05:44.981+0000] {dag.py:3954} INFO - Setting next_dagrun for update_db to 2026-09-03 15:00:00+00:00, run_after=2026-09-04 15:00:00+00:00
[2026-09-03T12:05:45.320+0000] {processor.py:183} INFO - Processing /opt/airflow/dags/main.py took 6.540 seconds
[2026-09-03T12:06:18.797+0000] {processor.py:161} INFO - Started process (PID=123) to work on /opt/airflow/dags/main.py
[2026-09-03T12:06:18.915+0000] {processor.py:830} INFO - Processing file /opt/airflow/dags/main.py for tasks to queue
[2026-09-03T12:06:19.086+0000] {logging_mixin.py:188} INFO - [2026-09-03T12:06:19.073+0000] {dagbag.py:545} INFO - Filling up the DagBag from /opt/airflow/dags/main.py
[2026-09-03T12:06:19.705+0000] {logging_mixin.py:188} INFO - channel id is not executed
[2026-09-03T12:06:21.068+0000] {processor.py:840} INFO - DAG(s) 'update_db', 'produce_json' retrieved from /opt/airflow/dags/main.py
[2026-09-03T12:06:24.500+0000] {logging_mixin.py:188} INFO - [2026-09-03T12:06:24.499+0000] {dag.py:3096} INFO - Sync 2 DAGs
[2026-09-03T12:06:30.555+0000] {logging_mixin.py:188} INFO - [2026-09-03T12:06:30.554+0000] {dag.py:3954} INFO - Setting next_dagrun for produce_json to 2026-09-03 14:00:00+00:00, run_after=2026-09-04 14:00:00+00:00
[2026-09-03T12:06:30.851+0000] {logging_mixin.py:188} INFO - [2026-09-03T12:06:30.822+0000] {dag.py:3954} INFO - Setting next_dagrun for update_db to 2026-09-03 15:00:00+00:00, run_after=2026-09-04 15:00:00+00:00
[2026-09-03T12:06:32.136+0000] {processor.py:183} INFO - Processing /opt/airflow/dags/main.py took 13.522 seconds
[2026-09-03T12:07:06.105+0000] {processor.py:161} INFO - Started process (PID=131) to work on /opt/airflow/dags/main.py
[2026-09-03T12:07:06.236+0000] {processor.py:830} INFO - Processing file /opt/airflow/dags/main.py for tasks to queue
[2026-09-03T12:07:06.510+0000] {logging_mixin.py:188} INFO - [2026-09-03T12:07:06.397+0000] {dagbag.py:545} INFO - Filling up the DagBag from /opt/airflow/dags/main.py
[2026-09-03T12:07:11.833+0000] {logging_mixin.py:188} INFO - channel id is not executed
[2026-09-03T12:07:12.586+0000] {processor.py:840} INFO - DAG(s) 'produce_json', 'update_db' retrieved from /opt/airflow/dags/main.py
[2026-09-03T12:07:14.037+0000] {logging_mixin.py:188} INFO - [2026-09-03T12:07:14.037+0000] {dag.py:3096} INFO - Sync 2 DAGs
[2026-09-03T12:07:14.303+0000] {logging_mixin.py:188} INFO - [2026-09-03T12:07:14.303+0000] {dag.py:3954} INFO - Setting next_dagrun for produce_json to 2026-09-03 14:00:00+00:00, run_after=2026-09-04 14:00:00+00:00
[2026-09-03T12:07:14.684+0000] {logging_mixin.py:188} INFO - [2026-09-03T12:07:14.641+0000] {dag.py:3954} INFO - Setting next_dagrun for update_db to 2026-09-03 15:00:00+00:00, run_after=2026-09-04 15:00:00+00:00
[2026-09-03T12:07:15.281+0000] {processor.py:183} INFO - Processing /opt/airflow/dags/main.py took 9.492 seconds
[2026-09-03T12:07:45.893+0000] {processor.py:161} INFO - Started process (PID=143) to work on /opt/airflow/dags/main.py
[2026-09-03T12:07:45.908+0000] {processor.py:830} INFO - Processing file /opt/airflow/dags/main.py for tasks to queue
[2026-09-03T12:07:45.922+0000] {logging_mixin.py:188} INFO - [2026-09-03T12:07:45.921+0000] {dagbag.py:545} INFO - Filling up the DagBag from /opt/airflow/dags/main.py
[2026-09-03T12:07:46.844+0000] {logging_mixin.py:188} INFO - channel id is not executed
[2026-09-03T12:07:47.298+0000] {processor.py:840} INFO - DAG(s) 'update_db', 'produce_json' retrieved from /opt/airflow/dags/main.py
[2026-09-03T12:07:48.189+0000] {logging_mixin.py:188} INFO - [2026-09-03T12:07:48.188+0000] {dag.py:3096} INFO - Sync 2 DAGs
[2026-09-03T12:07:48.382+0000] {logging_mixin.py:188} INFO - [2026-09-03T12:07:48.382+0000] {dag.py:3954} INFO - Setting next_dagrun for produce_json to 2026-09-03 14:00:00+00:00, run_after=2026-09-04 14:00:00+00:00
[2026-09-03T12:07:48.419+0000] {logging_mixin.py:188} INFO - [2026-09-03T12:07:48.418+0000] {dag.py:3954} INFO - Setting next_dagrun for update_db to 2026-09-03 15:00:00+00:00, run_after=2026-09-04 15:00:00+00:00
[2026-09-03T12:07:48.528+0000] {processor.py:183} INFO - Processing /opt/airflow/dags/main.py took 2.681 seconds
[2026-09-03T12:08:18.870+0000] {processor.py:161} INFO - Started process (PID=151) to work on /opt/airflow/dags/main.py
[2026-09-03T12:08:18.952+0000] {processor.py:830} INFO - Processing file /opt/airflow/dags/main.py for tasks to queue
[2026-09-03T12:08:18.984+0000] {logging_mixin.py:188} INFO - [2026-09-03T12:08:18.984+0000] {dagbag.py:545} INFO - Filling up the DagBag from /opt/airflow/dags/main.py
[2026-09-03T12:08:19.510+0000] {logging_mixin.py:188} INFO - channel id is not executed
[2026-09-03T12:08:19.838+0000] {processor.py:840} INFO - DAG(s) 'produce_json', 'update_db' retrieved from /opt/airflow/dags/main.py
[2026-09-03T12:08:20.604+0000] {logging_mixin.py:188} INFO - [2026-09-03T12:08:20.603+0000] {dag.py:3096} INFO - Sync 2 DAGs
[2026-09-03T12:08:20.744+0000] {logging_mixin.py:188} INFO - [2026-09-03T12:08:20.744+0000] {dag.py:3954} INFO - Setting next_dagrun for produce_json to 2026-09-03 14:00:00+00:00, run_after=2026-09-04 14:00:00+00:00
[2026-09-03T12:08:20.773+0000] {logging_mixin.py:188} INFO - [2026-09-03T12:08:20.772+0000] {dag.py:3954} INFO - Setting next_dagrun for update_db to 2026-09-03 15:00:00+00:00, run_after=2026-09-04 15:00:00+00:00
[2026-09-03T12:08:20.911+0000] {processor.py:183} INFO - Processing /opt/airflow/dags/main.py took 2.076 seconds
[2026-09-03T12:08:51.712+0000] {processor.py:161} INFO - Started process (PID=158) to work on /opt/airflow/dags/main.py
[2026-09-03T12:08:51.852+0000] {processor.py:830} INFO - Processing file /opt/airflow/dags/main.py for tasks to queue
[2026-09-03T12:08:51.877+0000] {logging_mixin.py:188} INFO - [2026-09-03T12:08:51.877+0000] {dagbag.py:545} INFO - Filling up the DagBag from /opt/airflow/dags/main.py
[2026-09-03T12:08:52.331+0000] {logging_mixin.py:188} INFO - channel id is not executed
[2026-09-03T12:08:52.556+0000] {processor.py:840} INFO - DAG(s) 'produce_json', 'update_db' retrieved from /opt/airflow/dags/main.py
[2026-09-03T12:08:53.685+0000] {logging_mixin.py:188} INFO - [2026-09-03T12:08:53.684+0000] {dag.py:3096} INFO - Sync 2 DAGs
[2026-09-03T12:08:53.932+0000] {logging_mixin.py:188} INFO - [2026-09-03T12:08:53.931+0000] {dag.py:3954} INFO - Setting next_dagrun for produce_json to 2026-09-03 14:00:00+00:00, run_after=2026-09-04 14:00:00+00:00
[2026-09-03T12:08:53.986+0000] {logging_mixin.py:188} INFO - [2026-09-03T12:08:53.986+0000] {dag.py:3954} INFO - Setting next_dagrun for update_db to 2026-09-03 15:00:00+00:00, run_after=2026-09-04 15:00:00+00:00
[2026-09-03T12:08:54.335+0000] {processor.py:183} INFO - Processing /opt/airflow/dags/main.py took 2.967 seconds
[2026-09-03T12:09:26.122+0000] {processor.py:161} INFO - Started process (PID=164) to work on /opt/airflow/dags/main.py
[2026-09-03T12:09:26.134+0000] {processor.py:830} INFO - Processing file /opt/airflow/dags/main.py for tasks to queue
[2026-09-03T12:09:26.169+0000] {logging_mixin.py:188} INFO - [2026-09-03T12:09:26.164+0000] {dagbag.py:545} INFO - Filling up the DagBag from /opt/airflow/dags/main.py
[2026-09-03T12:09:27.221+0000] {logging_mixin.py:188} INFO - channel id is not executed
[2026-09-03T12:09:28.212+0000] {processor.py:840} INFO - DAG(s) 'produce_json', 'update_db' retrieved from /opt/airflow/dags/main.py
[2026-09-03T12:09:31.845+0000] {logging_mixin.py:188} INFO - [2026-09-03T12:09:31.844+0000] {dag.py:3096} INFO - Sync 2 DAGs
[2026-09-03T12:09:32.115+0000] {logging_mixin.py:188} INFO - [2026-09-03T12:09:32.114+0000] {dag.py:3954} INFO - Setting next_dagrun for produce_json to 2026-09-03 14:00:00+00:00, run_after=2026-09-04 14:00:00+00:00
[2026-09-03T12:09:32.131+0000] {logging_mixin.py:188} INFO - [2026-09-03T12:09:32.131+0000] {dag.py:3954} INFO - Setting next_dagrun for update_db to 2026-09-03 15:00:00+00:00, run_after=2026-09-04 15:00:00+00:00
[2026-09-03T12:09:32.301+0000] {processor.py:183} INFO - Processing /opt/airflow/dags/main.py took 6.532 seconds
[2026-09-03T12:10:02.742+0000] {processor.py:161} INFO - Started process (PID=171) to work on /opt/airflow/dags/main.py
[2026-09-03T12:10:02.781+0000] {processor.py:830} INFO - Processing file /opt/airflow/dags/main.py for tasks to queue
[2026-09-03T12:10:02.787+0000] {logging_mixin.py:188} INFO - [2026-09-03T12:10:02.786+0000] {dagbag.py:545} INFO - Filling up the DagBag from /opt/airflow/dags/main.py
[2026-09-03T12:10:03.358+0000] {logging_mixin.py:188} INFO - channel id is not executed
[2026-09-03T12:10:03.846+0000] {processor.py:840} INFO - DAG(s) 'update_db', 'produce_json' retrieved from /opt/airflow/dags/main.py
[2026-09-03T12:10:04.820+0000] {logging_mixin.py:188} INFO - [2026-09-03T12:10:04.819+0000] {dag.py:3096} INFO - Sync 2 DAGs
[2026-09-03T12:10:04.878+0000] {logging_mixin.py:188} INFO - [2026-09-03T12:10:04.877+0000] {dag.py:3954} INFO - Setting next_dagrun for produce_json to 2026-09-03 14:00:00+00:00, run_after=2026-09-04 14:00:00+00:00
[2026-09-03T12:10:04.910+0000] {logging_mixin.py:188} INFO - [2026-09-03T12:10:04.898+0000] {dag.py:3954} INFO - Setting next_dagrun for update_db to 2026-09-03 15:00:00+00:00, run_after=2026-09-04 15:00:00+00:00
[2026-09-03T12:10:05.040+0000] {processor.py:183} INFO - Processing /opt/airflow/dags/main.py took 2.311 seconds
[2026-09-03T12:10:35.836+0000] {processor.py:161} INFO - Started process (PID=178) to work on /opt/airflow/dags/main.py
[2026-09-03T12:10:35.839+0000] {processor.py:830} INFO - Processing file /opt/airflow/dags/main.py for tasks to queue
[2026-09-03T12:10:35.862+0000] {logging_mixin.py:188} INFO - [2026-09-03T12:10:35.858+0000] {dagbag.py:545} INFO - Filling up the DagBag from /opt/airflow/dags/main.py
[2026-09-03T12:10:36.133+0000] {logging_mixin.py:188} INFO - channel id is not executed
[2026-09-03T12:10:36.585+0000] {processor.py:840} INFO - DAG(s) 'update_db', 'produce_json' retrieved from /opt/airflow/dags/main.py
[2026-09-03T12:10:37.034+0000] {logging_mixin.py:188} INFO - [2026-09-03T12:10:37.033+0000] {dag.py:3096} INFO - Sync 2 DAGs
[2026-09-03T12:10:37.080+0000] {logging_mixin.py:188} INFO - [2026-09-03T12:10:37.079+0000] {dag.py:3954} INFO - Setting next_dagrun for produce_json to 2026-09-03 14:00:00+00:00, run_after=2026-09-04 14:00:00+00:00
[2026-09-03T12:10:37.092+0000] {logging_mixin.py:188} INFO - [2026-09-03T12:10:37.091+0000] {dag.py:3954} INFO - Setting next_dagrun for update_db to 2026-09-03 15:00:00+00:00, run_after=2026-09-04 15:00:00+00:00
[2026-09-03T12:10:37.145+0000] {processor.py:183} INFO - Processing /opt/airflow/dags/main.py took 1.349 seconds
[2026-09-03T12:11:07.533+0000] {processor.py:161} INFO - Started process (PID=185) to work on /opt/airflow/dags/main.py
[2026-09-03T12:11:07.538+0000] {processor.py:830} INFO - Processing file /opt/airflow/dags/main.py for tasks to queue
[2026-09-03T12:11:07.556+0000] {logging_mixin.py:188} INFO - [2026-09-03T12:11:07.551+0000] {dagbag.py:545} INFO - Filling up the DagBag from /opt/airflow/dags/main.py
[2026-09-03T12:11:07.785+0000] {logging_mixin.py:188} INFO - channel id is not executed
[2026-09-03T12:11:08.050+0000] {processor.py:840} INFO - DAG(s) 'produce_json', 'update_db' retrieved from /opt/airflow/dags/main.py
[2026-09-03T12:11:08.412+0000] {logging_mixin.py:188} INFO - [2026-09-03T12:11:08.411+0000] {dag.py:3096} INFO - Sync 2 DAGs
[2026-09-03T12:11:08.479+0000] {logging_mixin.py:188} INFO - [2026-09-03T12:11:08.479+0000] {dag.py:3954} INFO - Setting next_dagrun for produce_json to 2026-09-03 14:00:00+00:00, run_after=2026-09-04 14:00:00+00:00
[2026-09-03T12:11:08.605+0000] {logging_mixin.py:188} INFO - [2026-09-03T12:11:08.605+0000] {dag.py:3954} INFO - Setting next_dagrun for update_db to 2026-09-03 15:00:00+00:00, run_after=2026-09-04 15:00:00+00:00
[2026-09-03T12:11:08.975+0000] {processor.py:183} INFO - Processing /opt/airflow/dags/main.py took 1.459 seconds
[2026-09-03T12:11:39.993+0000] {processor.py:161} INFO - Started process (PID=191) to work on /opt/airflow/dags/main.py
[2026-09-03T12:11:39.995+0000] {processor.py:830} INFO - Processing file /opt/airflow/dags/main.py for tasks to queue
[2026-09-03T12:11:40.001+0000] {logging_mixin.py:188} INFO - [2026-09-03T12:11:40.000+0000] {dagbag.py:545} INFO - Filling up the DagBag from /opt/airflow/dags/main.py
[2026-09-03T12:11:40.244+0000] {logging_mixin.py:188} INFO - channel id is not executed
[2026-09-03T12:11:40.398+0000] {processor.py:840} INFO - DAG(s) 'produce_json', 'update_db' retrieved from /opt/airflow/dags/main.py
[2026-09-03T12:11:40.677+0000] {logging_mixin.py:188} INFO - [2026-09-03T12:11:40.677+0000] {dag.py:3096} INFO - Sync 2 DAGs
[2026-09-03T12:11:40.783+0000] {logging_mixin.py:188} INFO - [2026-09-03T12:11:40.782+0000] {dag.py:3954} INFO - Setting next_dagrun for produce_json to 2026-09-03 14:00:00+00:00, run_after=2026-09-04 14:00:00+00:00
[2026-09-03T12:11:40.804+0000] {logging_mixin.py:188} INFO - [2026-09-03T12:11:40.804+0000] {dag.py:3954} INFO - Setting next_dagrun for update_db to 2026-09-03 15:00:00+00:00, run_after=2026-09-04 15:00:00+00:00
[2026-09-03T12:11:40.865+0000] {processor.py:183} INFO - Processing /opt/airflow/dags/main.py took 0.882 seconds
[2026-09-03T12:12:10.951+0000] {processor.py:161} INFO - Started process (PID=199) to work on /opt/airflow/dags/main.py
[2026-09-03T12:12:10.957+0000] {processor.py:830} INFO - Processing file /opt/airflow/dags/main.py for tasks to queue
[2026-09-03T12:12:10.968+0000] {logging_mixin.py:188} INFO - [2026-09-03T12:12:10.964+0000] {dagbag.py:545} INFO - Filling up the DagBag from /opt/airflow/dags/main.py
[2026-09-03T12:12:11.084+0000] {logging_mixin.py:188} INFO - channel id is not executed
[2026-09-03T12:12:11.263+0000] {processor.py:840} INFO - DAG(s) 'produce_json', 'update_db' retrieved from /opt/airflow/dags/main.py
[2026-09-03T12:12:11.532+0000] {logging_mixin.py:188} INFO - [2026-09-03T12:12:11.531+0000] {dag.py:3096} INFO - Sync 2 DAGs
[2026-09-03T12:12:11.570+0000] {logging_mixin.py:188} INFO - [2026-09-03T12:12:11.570+0000] {dag.py:3954} INFO - Setting next_dagrun for produce_json to 2026-09-03 14:00:00+00:00, run_after=2026-09-04 14:00:00+00:00
[2026-09-03T12:12:11.581+0000] {logging_mixin.py:188} INFO - [2026-09-03T12:12:11.581+0000] {dag.py:3954} INFO - Setting next_dagrun for update_db to 2026-09-03 15:00:00+00:00, run_after=2026-09-04 15:00:00+00:00
[2026-09-03T12:12:11.621+0000] {processor.py:183} INFO - Processing /opt/airflow/dags/main.py took 0.681 seconds
[2026-09-03T12:12:47.343+0000] {processor.py:161} INFO - Started process (PID=210) to work on /opt/airflow/dags/main.py
[2026-09-03T12:12:47.372+0000] {processor.py:830} INFO - Processing file /opt/airflow/dags/main.py for tasks to queue
[2026-09-03T12:12:47.388+0000] {logging_mixin.py:188} INFO - [2026-09-03T12:12:47.388+0000] {dagbag.py:545} INFO - Filling up the DagBag from /opt/airflow/dags/main.py
[2026-09-03T12:12:47.779+0000] {logging_mixin.py:188} INFO - channel id is not executed
[2026-09-03T12:12:48.807+0000] {processor.py:840} INFO - DAG(s) 'update_db', 'produce_json' retrieved from /opt/airflow/dags/main.py
[2026-09-03T12:12:51.150+0000] {logging_mixin.py:188} INFO - [2026-09-03T12:12:51.149+0000] {dag.py:3096} INFO - Sync 2 DAGs
[2026-09-03T12:12:51.446+0000] {logging_mixin.py:188} INFO - [2026-09-03T12:12:51.445+0000] {dag.py:3954} INFO - Setting next_dagrun for produce_json to 2026-09-03 14:00:00+00:00, run_after=2026-09-04 14:00:00+00:00
[2026-09-03T12:12:51.471+0000] {logging_mixin.py:188} INFO - [2026-09-03T12:12:51.471+0000] {dag.py:3954} INFO - Setting next_dagrun for update_db to 2026-09-03 15:00:00+00:00, run_after=2026-09-04 15:00:00+00:00
[2026-09-03T12:12:52.254+0000] {processor.py:183} INFO - Processing /opt/airflow/dags/main.py took 4.938 seconds
[2026-09-03T12:13:22.926+0000] {processor.py:161} INFO - Started process (PID=216) to work on /opt/airflow/dags/main.py
[2026-09-03T12:13:22.929+0000] {processor.py:830} INFO - Processing file /opt/airflow/dags/main.py for tasks to queue
[2026-09-03T12:13:22.937+0000] {logging_mixin.py:188} INFO - [2026-09-03T12:13:22.937+0000] {dagbag.py:545} INFO - Filling up the DagBag from /opt/airflow/dags/main.py
[2026-09-03T12:13:23.073+0000] {logging_mixin.py:188} INFO - channel id is not executed
[2026-09-03T12:13:23.244+0000] {processor.py:840} INFO - DAG(s) 'update_db', 'produce_json' retrieved from /opt/airflow/dags/main.py
[2026-09-03T12:13:23.474+0000] {logging_mixin.py:188} INFO - [2026-09-03T12:13:23.474+0000] {dag.py:3096} INFO - Sync 2 DAGs
[2026-09-03T12:13:23.509+0000] {logging_mixin.py:188} INFO - [2026-09-03T12:13:23.507+0000] {dag.py:3954} INFO - Setting next_dagrun for produce_json to 2026-09-03 14:00:00+00:00, run_after=2026-09-04 14:00:00+00:00
[2026-09-03T12:13:23.520+0000] {logging_mixin.py:188} INFO - [2026-09-03T12:13:23.519+0000] {dag.py:3954} INFO - Setting next_dagrun for update_db to 2026-09-03 15:00:00+00:00, run_after=2026-09-04 15:00:00+00:00
[2026-09-03T12:13:23.561+0000] {processor.py:183} INFO - Processing /opt/airflow/dags/main.py took 0.669 seconds
[2026-09-03T12:13:53.878+0000] {processor.py:161} INFO - Started process (PID=223) to work on /opt/airflow/dags/main.py
[2026-09-03T12:13:53.881+0000] {processor.py:830} INFO - Processing file /opt/airflow/dags/main.py for tasks to queue
[2026-09-03T12:13:53.889+0000] {logging_mixin.py:188} INFO - [2026-09-03T12:13:53.889+0000] {dagbag.py:545} INFO - Filling up the DagBag from /opt/airflow/dags/main.py
[2026-09-03T12:13:53.990+0000] {logging_mixin.py:188} INFO - channel id is not executed
[2026-09-03T12:13:54.294+0000] {processor.py:840} INFO - DAG(s) 'update_db', 'produce_json' retrieved from /opt/airflow/dags/main.py
[2026-09-03T12:13:54.598+0000] {logging_mixin.py:188} INFO - [2026-09-03T12:13:54.597+0000] {dag.py:3096} INFO - Sync 2 DAGs
[2026-09-03T12:13:54.708+0000] {logging_mixin.py:188} INFO - [2026-09-03T12:13:54.707+0000] {dag.py:3954} INFO - Setting next_dagrun for produce_json to 2026-09-03 14:00:00+00:00, run_after=2026-09-04 14:00:00+00:00
[2026-09-03T12:13:54.716+0000] {logging_mixin.py:188} INFO - [2026-09-03T12:13:54.716+0000] {dag.py:3954} INFO - Setting next_dagrun for update_db to 2026-09-03 15:00:00+00:00, run_after=2026-09-04 15:00:00+00:00
[2026-09-03T12:13:54.779+0000] {processor.py:183} INFO - Processing /opt/airflow/dags/main.py took 0.922 seconds
[2026-09-03T12:14:25.866+0000] {processor.py:161} INFO - Started process (PID=230) to work on /opt/airflow/dags/main.py
[2026-09-03T12:14:25.901+0000] {processor.py:830} INFO - Processing file /opt/airflow/dags/main.py for tasks to queue
[2026-09-03T12:14:25.922+0000] {logging_mixin.py:188} INFO - [2026-09-03T12:14:25.922+0000] {dagbag.py:545} INFO - Filling up the DagBag from /opt/airflow/dags/main.py
[2026-09-03T12:14:26.395+0000] {logging_mixin.py:188} INFO - channel id is not executed
[2026-09-03T12:14:28.099+0000] {processor.py:840} INFO - DAG(s) 'produce_json', 'update_db' retrieved from /opt/airflow/dags/main.py
[2026-09-03T12:14:30.939+0000] {logging_mixin.py:188} INFO - [2026-09-03T12:14:30.931+0000] {dag.py:3096} INFO - Sync 2 DAGs
[2026-09-03T12:14:31.163+0000] {logging_mixin.py:188} INFO - [2026-09-03T12:14:31.161+0000] {dag.py:3954} INFO - Setting next_dagrun for produce_json to 2026-09-03 14:00:00+00:00, run_after=2026-09-04 14:00:00+00:00
[2026-09-03T12:14:31.180+0000] {logging_mixin.py:188} INFO - [2026-09-03T12:14:31.180+0000] {dag.py:3954} INFO - Setting next_dagrun for update_db to 2026-09-03 15:00:00+00:00, run_after=2026-09-04 15:00:00+00:00
[2026-09-03T12:14:31.395+0000] {processor.py:183} INFO - Processing /opt/airflow/dags/main.py took 5.650 seconds
[2026-09-03T12:15:01.920+0000] {processor.py:161} INFO - Started process (PID=237) to work on /opt/airflow/dags/main.py
[2026-09-03T12:15:01.923+0000] {processor.py:830} INFO - Processing file /opt/airflow/dags/main.py for tasks to queue
[2026-09-03T12:15:01.938+0000] {logging_mixin.py:188} INFO - [2026-09-03T12:15:01.938+0000] {dagbag.py:545} INFO - Filling up the DagBag from /opt/airflow/dags/main.py
[2026-09-03T12:15:02.063+0000] {logging_mixin.py:188} INFO - channel id is not executed
[2026-09-03T12:15:02.253+0000] {processor.py:840} INFO - DAG(s) 'update_db', 'produce_json' retrieved from /opt/airflow/dags/main.py
[2026-09-03T12:15:02.820+0000] {logging_mixin.py:188} INFO - [2026-09-03T12:15:02.819+0000] {dag.py:3096} INFO - Sync 2 DAGs
[2026-09-03T12:15:02.860+0000] {logging_mixin.py:188} INFO - [2026-09-03T12:15:02.860+0000] {dag.py:3954} INFO - Setting next_dagrun for produce_json to 2026-09-03 14:00:00+00:00, run_after=2026-09-04 14:00:00+00:00
[2026-09-03T12:15:02.872+0000] {logging_mixin.py:188} INFO - [2026-09-03T12:15:02.871+0000] {dag.py:3954} INFO - Setting next_dagrun for update_db to 2026-09-03 15:00:00+00:00, run_after=2026-09-04 15:00:00+00:00
[2026-09-03T12:15:02.913+0000] {processor.py:183} INFO - Processing /opt/airflow/dags/main.py took 1.006 seconds
[2026-09-03T12:15:33.628+0000] {processor.py:161} INFO - Started process (PID=243) to work on /opt/airflow/dags/main.py
[2026-09-03T12:15:33.631+0000] {processor.py:830} INFO - Processing file /opt/airflow/dags/main.py for tasks to queue
[2026-09-03T12:15:33.645+0000] {logging_mixin.py:188} INFO - [2026-09-03T12:15:33.644+0000] {dagbag.py:545} INFO - Filling up the DagBag from /opt/airflow/dags/main.py
[2026-09-03T12:15:33.776+0000] {logging_mixin.py:188} INFO - channel id is not executed
[2026-09-03T12:15:33.909+0000] {processor.py:840} INFO - DAG(s) 'update_db', 'produce_json' retrieved from /opt/airflow/dags/main.py
[2026-09-03T12:15:34.152+0000] {logging_mixin.py:188} INFO - [2026-09-03T12:15:34.152+0000] {dag.py:3096} INFO - Sync 2 DAGs
[2026-09-03T12:15:34.186+0000] {logging_mixin.py:188} INFO - [2026-09-03T12:15:34.185+0000] {dag.py:3954} INFO - Setting next_dagrun for produce_json to 2026-09-03 14:00:00+00:00, run_after=2026-09-04 14:00:00+00:00
[2026-09-03T12:15:34.197+0000] {logging_mixin.py:188} INFO - [2026-09-03T12:15:34.197+0000] {dag.py:3954} INFO - Setting next_dagrun for update_db to 2026-09-03 15:00:00+00:00, run_after=2026-09-04 15:00:00+00:00
[2026-09-03T12:15:34.232+0000] {processor.py:183} INFO - Processing /opt/airflow/dags/main.py took 0.614 seconds
[2026-09-03T12:16:05.103+0000] {processor.py:161} INFO - Started process (PID=251) to work on /opt/airflow/dags/main.py
[2026-09-03T12:16:05.135+0000] {processor.py:830} INFO - Processing file /opt/airflow/dags/main.py for tasks to queue
[2026-09-03T12:16:05.151+0000] {logging_mixin.py:188} INFO - [2026-09-03T12:16:05.150+0000] {dagbag.py:545} INFO - Filling up the DagBag from /opt/airflow/dags/main.py
[2026-09-03T12:16:05.976+0000] {logging_mixin.py:188} INFO - channel id is not executed
[2026-09-03T12:16:07.952+0000] {processor.py:840} INFO - DAG(s) 'produce_json', 'update_db' retrieved from /opt/airflow/dags/main.py
[2026-09-03T12:16:09.480+0000] {logging_mixin.py:188} INFO - [2026-09-03T12:16:09.480+0000] {dag.py:3096} INFO - Sync 2 DAGs
[2026-09-03T12:16:09.637+0000] {logging_mixin.py:188} INFO - [2026-09-03T12:16:09.637+0000] {dag.py:3954} INFO - Setting next_dagrun for produce_json to 2026-09-03 14:00:00+00:00, run_after=2026-09-04 14:00:00+00:00
[2026-09-03T12:16:09.696+0000] {logging_mixin.py:188} INFO - [2026-09-03T12:16:09.695+0000] {dag.py:3954} INFO - Setting next_dagrun for update_db to 2026-09-03 15:00:00+00:00, run_after=2026-09-04 15:00:00+00:00
[2026-09-03T12:16:09.830+0000] {processor.py:183} INFO - Processing /opt/airflow/dags/main.py took 4.745 seconds
[2026-09-03T12:16:40.047+0000] {processor.py:161} INFO - Started process (PID=257) to work on /opt/airflow/dags/main.py
[2026-09-03T12:16:40.053+0000] {processor.py:830} INFO - Processing file /opt/airflow/dags/main.py for tasks to queue
[2026-09-03T12:16:40.058+0000] {logging_mixin.py:188} INFO - [2026-09-03T12:16:40.057+0000] {dagbag.py:545} INFO - Filling up the DagBag from /opt/airflow/dags/main.py
[2026-09-03T12:16:40.151+0000] {logging_mixin.py:188} INFO - channel id is not executed
[2026-09-03T12:16:40.248+0000] {processor.py:840} INFO - DAG(s) 'update_db', 'produce_json' retrieved from /opt/airflow/dags/main.py
[2026-09-03T12:16:40.455+0000] {logging_mixin.py:188} INFO - [2026-09-03T12:16:40.455+0000] {dag.py:3096} INFO - Sync 2 DAGs
[2026-09-03T12:16:40.488+0000] {logging_mixin.py:188} INFO - [2026-09-03T12:16:40.488+0000] {dag.py:3954} INFO - Setting next_dagrun for produce_json to 2026-09-03 14:00:00+00:00, run_after=2026-09-04 14:00:00+00:00
[2026-09-03T12:16:40.506+0000] {logging_mixin.py:188} INFO - [2026-09-03T12:16:40.496+0000] {dag.py:3954} INFO - Setting next_dagrun for update_db to 2026-09-03 15:00:00+00:00, run_after=2026-09-04 15:00:00+00:00
[2026-09-03T12:16:40.583+0000] {processor.py:183} INFO - Processing /opt/airflow/dags/main.py took 0.549 seconds
[2026-09-03T12:17:12.430+0000] {processor.py:161} INFO - Started process (PID=264) to work on /opt/airflow/dags/main.py
[2026-09-03T12:17:12.443+0000] {processor.py:830} INFO - Processing file /opt/airflow/dags/main.py for tasks to queue
[2026-09-03T12:17:12.452+0000] {logging_mixin.py:188} INFO - [2026-09-03T12:17:12.452+0000] {dagbag.py:545} INFO - Filling up the DagBag from /opt/airflow/dags/main.py
[2026-09-03T12:17:14.243+0000] {logging_mixin.py:188} INFO - channel id is not executed
[2026-09-03T12:17:15.226+0000] {processor.py:840} INFO - DAG(s) 'update_db', 'produce_json' retrieved from /opt/airflow/dags/main.py
[2026-09-03T12:17:16.117+0000] {logging_mixin.py:188} INFO - [2026-09-03T12:17:16.116+0000] {dag.py:3096} INFO - Sync 2 DAGs
[2026-09-03T12:17:16.253+0000] {logging_mixin.py:188} INFO - [2026-09-03T12:17:16.253+0000] {dag.py:3954} INFO - Setting next_dagrun for produce_json to 2026-09-03 14:00:00+00:00, run_after=2026-09-04 14:00:00+00:00
[2026-09-03T12:17:16.296+0000] {logging_mixin.py:188} INFO - [2026-09-03T12:17:16.296+0000] {dag.py:3954} INFO - Setting next_dagrun for update_db to 2026-09-03 15:00:00+00:00, run_after=2026-09-04 15:00:00+00:00
[2026-09-03T12:17:16.561+0000] {processor.py:183} INFO - Processing /opt/airflow/dags/main.py took 4.152 seconds
[2026-09-03T12:17:47.668+0000] {processor.py:161} INFO - Started process (PID=271) to work on /opt/airflow/dags/main.py
[2026-09-03T12:17:47.671+0000] {processor.py:830} INFO - Processing file /opt/airflow/dags/main.py for tasks to queue
[2026-09-03T12:17:47.681+0000] {logging_mixin.py:188} INFO - [2026-09-03T12:17:47.681+0000] {dagbag.py:545} INFO - Filling up the DagBag from /opt/airflow/dags/main.py
[2026-09-03T12:17:47.776+0000] {logging_mixin.py:188} INFO - channel id is not executed
[2026-09-03T12:17:47.883+0000] {processor.py:840} INFO - DAG(s) 'update_db', 'produce_json' retrieved from /opt/airflow/dags/main.py
[2026-09-03T12:17:48.271+0000] {logging_mixin.py:188} INFO - [2026-09-03T12:17:48.270+0000] {dag.py:3096} INFO - Sync 2 DAGs
[2026-09-03T12:17:48.324+0000] {logging_mixin.py:188} INFO - [2026-09-03T12:17:48.323+0000] {dag.py:3954} INFO - Setting next_dagrun for produce_json to 2026-09-03 14:00:00+00:00, run_after=2026-09-04 14:00:00+00:00
[2026-09-03T12:17:48.341+0000] {logging_mixin.py:188} INFO - [2026-09-03T12:17:48.341+0000] {dag.py:3954} INFO - Setting next_dagrun for update_db to 2026-09-03 15:00:00+00:00, run_after=2026-09-04 15:00:00+00:00
[2026-09-03T12:17:48.453+0000] {processor.py:183} INFO - Processing /opt/airflow/dags/main.py took 0.804 seconds
[2026-09-03T12:18:18.997+0000] {processor.py:161} INFO - Started process (PID=278) to work on /opt/airflow/dags/main.py
[2026-09-03T12:18:19.000+0000] {processor.py:830} INFO - Processing file /opt/airflow/dags/main.py for tasks to queue
[2026-09-03T12:18:19.004+0000] {logging_mixin.py:188} INFO - [2026-09-03T12:18:19.003+0000] {dagbag.py:545} INFO - Filling up the DagBag from /opt/airflow/dags/main.py
[2026-09-03T12:18:19.119+0000] {logging_mixin.py:188} INFO - channel id is not executed
[2026-09-03T12:18:19.479+0000] {processor.py:840} INFO - DAG(s) 'update_db', 'produce_json' retrieved from /opt/airflow/dags/main.py
[2026-09-03T12:18:19.936+0000] {logging_mixin.py:188} INFO - [2026-09-03T12:18:19.936+0000] {dag.py:3096} INFO - Sync 2 DAGs
[2026-09-03T12:18:20.034+0000] {logging_mixin.py:188} INFO - [2026-09-03T12:18:20.033+0000] {dag.py:3954} INFO - Setting next_dagrun for produce_json to 2026-09-03 14:00:00+00:00, run_after=2026-09-04 14:00:00+00:00
[2026-09-03T12:18:20.063+0000] {logging_mixin.py:188} INFO - [2026-09-03T12:18:20.063+0000] {dag.py:3954} INFO - Setting next_dagrun for update_db to 2026-09-03 15:00:00+00:00, run_after=2026-09-04 15:00:00+00:00
[2026-09-03T12:18:20.153+0000] {processor.py:183} INFO - Processing /opt/airflow/dags/main.py took 1.168 seconds
[2026-09-03T12:18:51.195+0000] {processor.py:161} INFO - Started process (PID=284) to work on /opt/airflow/dags/main.py
[2026-09-03T12:18:51.198+0000] {processor.py:830} INFO - Processing file /opt/airflow/dags/main.py for tasks to queue
[2026-09-03T12:18:51.211+0000] {logging_mixin.py:188} INFO - [2026-09-03T12:18:51.210+0000] {dagbag.py:545} INFO - Filling up the DagBag from /opt/airflow/dags/main.py
[2026-09-03T12:18:51.359+0000] {logging_mixin.py:188} INFO - channel id is not executed
[2026-09-03T12:18:52.137+0000] {processor.py:840} INFO - DAG(s) 'produce_json', 'update_db' retrieved from /opt/airflow/dags/main.py
[2026-09-03T12:18:53.243+0000] {logging_mixin.py:188} INFO - [2026-09-03T12:18:53.243+0000] {dag.py:3096} INFO - Sync 2 DAGs
[2026-09-03T12:18:53.320+0000] {logging_mixin.py:188} INFO - [2026-09-03T12:18:53.319+0000] {dag.py:3954} INFO - Setting next_dagrun for produce_json to 2026-09-03 14:00:00+00:00, run_after=2026-09-04 14:00:00+00:00
[2026-09-03T12:18:53.339+0000] {logging_mixin.py:188} INFO - [2026-09-03T12:18:53.338+0000] {dag.py:3954} INFO - Setting next_dagrun for update_db to 2026-09-03 15:00:00+00:00, run_after=2026-09-04 15:00:00+00:00
[2026-09-03T12:18:53.419+0000] {processor.py:183} INFO - Processing /opt/airflow/dags/main.py took 2.244 seconds
[2026-09-03T12:19:24.214+0000] {processor.py:161} INFO - Started process (PID=296) to work on /opt/airflow/dags/main.py
[2026-09-03T12:19:24.218+0000] {processor.py:830} INFO - Processing file /opt/airflow/dags/main.py for tasks to queue
[2026-09-03T12:19:24.230+0000] {logging_mixin.py:188} INFO - [2026-09-03T12:19:24.229+0000] {dagbag.py:545} INFO - Filling up the DagBag from /opt/airflow/dags/main.py
[2026-09-03T12:19:24.436+0000] {logging_mixin.py:188} INFO - channel id is not executed
[2026-09-03T12:19:24.567+0000] {processor.py:840} INFO - DAG(s) 'produce_json', 'update_db' retrieved from /opt/airflow/dags/main.py
[2026-09-03T12:19:24.991+0000] {logging_mixin.py:188} INFO - [2026-09-03T12:19:24.963+0000] {dag.py:3096} INFO - Sync 2 DAGs
[2026-09-03T12:19:25.077+0000] {logging_mixin.py:188} INFO - [2026-09-03T12:19:25.077+0000] {dag.py:3954} INFO - Setting next_dagrun for produce_json to 2026-09-03 14:00:00+00:00, run_after=2026-09-04 14:00:00+00:00
[2026-09-03T12:19:25.096+0000] {logging_mixin.py:188} INFO - [2026-09-03T12:19:25.096+0000] {dag.py:3954} INFO - Setting next_dagrun for update_db to 2026-09-03 15:00:00+00:00, run_after=2026-09-04 15:00:00+00:00
[2026-09-03T12:19:25.196+0000] {processor.py:183} INFO - Processing /opt/airflow/dags/main.py took 1.000 seconds
[2026-09-03T12:19:56.146+0000] {processor.py:161} INFO - Started process (PID=303) to work on /opt/airflow/dags/main.py
[2026-09-03T12:19:56.185+0000] {processor.py:830} INFO - Processing file /opt/airflow/dags/main.py for tasks to queue
[2026-09-03T12:19:56.230+0000] {logging_mixin.py:188} INFO - [2026-09-03T12:19:56.230+0000] {dagbag.py:545} INFO - Filling up the DagBag from /opt/airflow/dags/main.py
[2026-09-03T12:19:56.772+0000] {logging_mixin.py:188} INFO - channel id is not executed
[2026-09-03T12:19:57.252+0000] {processor.py:840} INFO - DAG(s) 'update_db', 'produce_json' retrieved from /opt/airflow/dags/main.py
[2026-09-03T12:19:58.820+0000] {logging_mixin.py:188} INFO - [2026-09-03T12:19:58.801+0000] {dag.py:3096} INFO - Sync 2 DAGs
[2026-09-03T12:19:59.151+0000] {logging_mixin.py:188} INFO - [2026-09-03T12:19:59.148+0000] {dag.py:3954} INFO - Setting next_dagrun for produce_json to 2026-09-03 14:00:00+00:00, run_after=2026-09-04 14:00:00+00:00
[2026-09-03T12:19:59.172+0000] {logging_mixin.py:188} INFO - [2026-09-03T12:19:59.172+0000] {dag.py:3954} INFO - Setting next_dagrun for update_db to 2026-09-03 15:00:00+00:00, run_after=2026-09-04 15:00:00+00:00
[2026-09-03T12:19:59.216+0000] {processor.py:183} INFO - Processing /opt/airflow/dags/main.py took 3.405 seconds
[2026-09-03T12:20:29.695+0000] {processor.py:161} INFO - Started process (PID=309) to work on /opt/airflow/dags/main.py
[2026-09-03T12:20:29.714+0000] {processor.py:830} INFO - Processing file /opt/airflow/dags/main.py for tasks to queue
[2026-09-03T12:20:29.744+0000] {logging_mixin.py:188} INFO - [2026-09-03T12:20:29.739+0000] {dagbag.py:545} INFO - Filling up the DagBag from /opt/airflow/dags/main.py
[2026-09-03T12:20:29.862+0000] {logging_mixin.py:188} INFO - channel id is not executed
[2026-09-03T12:20:29.994+0000] {processor.py:840} INFO - DAG(s) 'update_db', 'produce_json' retrieved from /opt/airflow/dags/main.py
[2026-09-03T12:20:30.354+0000] {logging_mixin.py:188} INFO - [2026-09-03T12:20:30.351+0000] {dag.py:3096} INFO - Sync 2 DAGs
[2026-09-03T12:20:30.426+0000] {logging_mixin.py:188} INFO - [2026-09-03T12:20:30.426+0000] {dag.py:3954} INFO - Setting next_dagrun for produce_json to 2026-09-03 14:00:00+00:00, run_after=2026-09-04 14:00:00+00:00
[2026-09-03T12:20:30.437+0000] {logging_mixin.py:188} INFO - [2026-09-03T12:20:30.435+0000] {dag.py:3954} INFO - Setting next_dagrun for update_db to 2026-09-03 15:00:00+00:00, run_after=2026-09-04 15:00:00+00:00
[2026-09-03T12:20:30.498+0000] {processor.py:183} INFO - Processing /opt/airflow/dags/main.py took 0.822 seconds
[2026-09-03T12:21:02.841+0000] {processor.py:161} INFO - Started process (PID=317) to work on /opt/airflow/dags/main.py
[2026-09-03T12:21:02.859+0000] {processor.py:830} INFO - Processing file /opt/airflow/dags/main.py for tasks to queue
[2026-09-03T12:21:02.863+0000] {logging_mixin.py:188} INFO - [2026-09-03T12:21:02.862+0000] {dagbag.py:545} INFO - Filling up the DagBag from /opt/airflow/dags/main.py
[2026-09-03T12:21:05.790+0000] {logging_mixin.py:188} INFO - channel id is not executed
[2026-09-03T12:21:09.107+0000] {processor.py:840} INFO - DAG(s) 'produce_json', 'update_db' retrieved from /opt/airflow/dags/main.py
[2026-09-03T12:21:09.659+0000] {logging_mixin.py:188} INFO - [2026-09-03T12:21:09.658+0000] {dag.py:3096} INFO - Sync 2 DAGs
[2026-09-03T12:21:09.743+0000] {logging_mixin.py:188} INFO - [2026-09-03T12:21:09.743+0000] {dag.py:3954} INFO - Setting next_dagrun for produce_json to 2026-09-03 14:00:00+00:00, run_after=2026-09-04 14:00:00+00:00
[2026-09-03T12:21:09.777+0000] {logging_mixin.py:188} INFO - [2026-09-03T12:21:09.776+0000] {dag.py:3954} INFO - Setting next_dagrun for update_db to 2026-09-03 15:00:00+00:00, run_after=2026-09-04 15:00:00+00:00
[2026-09-03T12:21:09.929+0000] {processor.py:183} INFO - Processing /opt/airflow/dags/main.py took 7.296 seconds
[2026-09-03T12:21:40.358+0000] {processor.py:161} INFO - Started process (PID=324) to work on /opt/airflow/dags/main.py
[2026-09-03T12:21:40.372+0000] {processor.py:830} INFO - Processing file /opt/airflow/dags/main.py for tasks to queue
[2026-09-03T12:21:40.382+0000] {logging_mixin.py:188} INFO - [2026-09-03T12:21:40.381+0000] {dagbag.py:545} INFO - Filling up the DagBag from /opt/airflow/dags/main.py
[2026-09-03T12:21:40.738+0000] {logging_mixin.py:188} INFO - channel id is not executed
[2026-09-03T12:21:41.107+0000] {processor.py:840} INFO - DAG(s) 'update_db', 'produce_json' retrieved from /opt/airflow/dags/main.py
[2026-09-03T12:21:41.606+0000] {logging_mixin.py:188} INFO - [2026-09-03T12:21:41.606+0000] {dag.py:3096} INFO - Sync 2 DAGs
[2026-09-03T12:21:41.785+0000] {logging_mixin.py:188} INFO - [2026-09-03T12:21:41.784+0000] {dag.py:3954} INFO - Setting next_dagrun for produce_json to 2026-09-03 14:00:00+00:00, run_after=2026-09-04 14:00:00+00:00
[2026-09-03T12:21:41.809+0000] {logging_mixin.py:188} INFO - [2026-09-03T12:21:41.808+0000] {dag.py:3954} INFO - Setting next_dagrun for update_db to 2026-09-03 15:00:00+00:00, run_after=2026-09-04 15:00:00+00:00
[2026-09-03T12:21:41.869+0000] {processor.py:183} INFO - Processing /opt/airflow/dags/main.py took 1.523 seconds
[2026-09-03T12:22:12.495+0000] {processor.py:161} INFO - Started process (PID=330) to work on /opt/airflow/dags/main.py
[2026-09-03T12:22:12.499+0000] {processor.py:830} INFO - Processing file /opt/airflow/dags/main.py for tasks to queue
[2026-09-03T12:22:12.508+0000] {logging_mixin.py:188} INFO - [2026-09-03T12:22:12.508+0000] {dagbag.py:545} INFO - Filling up the DagBag from /opt/airflow/dags/main.py
[2026-09-03T12:22:12.583+0000] {logging_mixin.py:188} INFO - channel id is not executed
[2026-09-03T12:22:12.724+0000] {processor.py:840} INFO - DAG(s) 'produce_json', 'update_db' retrieved from /opt/airflow/dags/main.py
[2026-09-03T12:22:13.061+0000] {logging_mixin.py:188} INFO - [2026-09-03T12:22:13.061+0000] {dag.py:3096} INFO - Sync 2 DAGs
[2026-09-03T12:22:13.099+0000] {logging_mixin.py:188} INFO - [2026-09-03T12:22:13.098+0000] {dag.py:3954} INFO - Setting next_dagrun for produce_json to 2026-09-03 14:00:00+00:00, run_after=2026-09-04 14:00:00+00:00
[2026-09-03T12:22:13.111+0000] {logging_mixin.py:188} INFO - [2026-09-03T12:22:13.111+0000] {dag.py:3954} INFO - Setting next_dagrun for update_db to 2026-09-03 15:00:00+00:00, run_after=2026-09-04 15:00:00+00:00
[2026-09-03T12:22:13.167+0000] {processor.py:183} INFO - Processing /opt/airflow/dags/main.py took 0.680 seconds
[2026-09-03T12:22:44.255+0000] {processor.py:161} INFO - Started process (PID=337) to work on /opt/airflow/dags/main.py
[2026-09-03T12:22:44.258+0000] {processor.py:830} INFO - Processing file /opt/airflow/dags/main.py for tasks to queue
[2026-09-03T12:22:44.265+0000] {logging_mixin.py:188} INFO - [2026-09-03T12:22:44.264+0000] {dagbag.py:545} INFO - Filling up the DagBag from /opt/airflow/dags/main.py
[2026-09-03T12:22:44.375+0000] {logging_mixin.py:188} INFO - channel id is not executed
[2026-09-03T12:22:44.534+0000] {processor.py:840} INFO - DAG(s) 'update_db', 'produce_json' retrieved from /opt/airflow/dags/main.py
[2026-09-03T12:22:44.902+0000] {logging_mixin.py:188} INFO - [2026-09-03T12:22:44.901+0000] {dag.py:3096} INFO - Sync 2 DAGs
[2026-09-03T12:22:44.936+0000] {logging_mixin.py:188} INFO - [2026-09-03T12:22:44.935+0000] {dag.py:3954} INFO - Setting next_dagrun for produce_json to 2026-09-03 14:00:00+00:00, run_after=2026-09-04 14:00:00+00:00
[2026-09-03T12:22:44.955+0000] {logging_mixin.py:188} INFO - [2026-09-03T12:22:44.955+0000] {dag.py:3954} INFO - Setting next_dagrun for update_db to 2026-09-03 15:00:00+00:00, run_after=2026-09-04 15:00:00+00:00
[2026-09-03T12:22:45.004+0000] {processor.py:183} INFO - Processing /opt/airflow/dags/main.py took 0.758 seconds
[2026-09-03T12:23:16.688+0000] {processor.py:161} INFO - Started process (PID=345) to work on /opt/airflow/dags/main.py
[2026-09-03T12:23:16.690+0000] {processor.py:830} INFO - Processing file /opt/airflow/dags/main.py for tasks to queue
[2026-09-03T12:23:16.699+0000] {logging_mixin.py:188} INFO - [2026-09-03T12:23:16.699+0000] {dagbag.py:545} INFO - Filling up the DagBag from /opt/airflow/dags/main.py
[2026-09-03T12:23:16.947+0000] {logging_mixin.py:188} INFO - channel id is not executed
[2026-09-03T12:23:17.120+0000] {processor.py:840} INFO - DAG(s) 'update_db', 'produce_json' retrieved from /opt/airflow/dags/main.py
[2026-09-03T12:23:17.572+0000] {logging_mixin.py:188} INFO - [2026-09-03T12:23:17.572+0000] {dag.py:3096} INFO - Sync 2 DAGs
[2026-09-03T12:23:17.726+0000] {logging_mixin.py:188} INFO - [2026-09-03T12:23:17.725+0000] {dag.py:3954} INFO - Setting next_dagrun for produce_json to 2026-09-03 14:00:00+00:00, run_after=2026-09-04 14:00:00+00:00
[2026-09-03T12:23:17.747+0000] {logging_mixin.py:188} INFO - [2026-09-03T12:23:17.747+0000] {dag.py:3954} INFO - Setting next_dagrun for update_db to 2026-09-03 15:00:00+00:00, run_after=2026-09-04 15:00:00+00:00
[2026-09-03T12:23:17.786+0000] {processor.py:183} INFO - Processing /opt/airflow/dags/main.py took 1.115 seconds
[2026-09-03T12:23:48.078+0000] {processor.py:161} INFO - Started process (PID=351) to work on /opt/airflow/dags/main.py
[2026-09-03T12:23:48.081+0000] {processor.py:830} INFO - Processing file /opt/airflow/dags/main.py for tasks to queue
[2026-09-03T12:23:48.086+0000] {logging_mixin.py:188} INFO - [2026-09-03T12:23:48.085+0000] {dagbag.py:545} INFO - Filling up the DagBag from /opt/airflow/dags/main.py
[2026-09-03T12:23:48.175+0000] {logging_mixin.py:188} INFO - channel id is not executed
[2026-09-03T12:23:48.308+0000] {processor.py:840} INFO - DAG(s) 'update_db', 'produce_json' retrieved from /opt/airflow/dags/main.py
[2026-09-03T12:23:48.822+0000] {logging_mixin.py:188} INFO - [2026-09-03T12:23:48.821+0000] {dag.py:3096} INFO - Sync 2 DAGs
[2026-09-03T12:23:48.856+0000] {logging_mixin.py:188} INFO - [2026-09-03T12:23:48.856+0000] {dag.py:3954} INFO - Setting next_dagrun for produce_json to 2026-09-03 14:00:00+00:00, run_after=2026-09-04 14:00:00+00:00
[2026-09-03T12:23:48.867+0000] {logging_mixin.py:188} INFO - [2026-09-03T12:23:48.867+0000] {dag.py:3954} INFO - Setting next_dagrun for update_db to 2026-09-03 15:00:00+00:00, run_after=2026-09-04 15:00:00+00:00
[2026-09-03T12:23:48.908+0000] {processor.py:183} INFO - Processing /opt/airflow/dags/main.py took 0.840 seconds
[2026-09-03T12:24:19.639+0000] {processor.py:161} INFO - Started process (PID=359) to work on /opt/airflow/dags/main.py
[2026-09-03T12:24:19.647+0000] {processor.py:830} INFO - Processing file /opt/airflow/dags/main.py for tasks to queue
[2026-09-03T12:24:19.655+0000] {logging_mixin.py:188} INFO - [2026-09-03T12:24:19.654+0000] {dagbag.py:545} INFO - Filling up the DagBag from /opt/airflow/dags/main.py
[2026-09-03T12:24:19.823+0000] {logging_mixin.py:188} INFO - channel id is not executed
[2026-09-03T12:24:19.964+0000] {processor.py:840} INFO - DAG(s) 'update_db', 'produce_json' retrieved from /opt/airflow/dags/main.py
[2026-09-03T12:24:20.226+0000] {logging_mixin.py:188} INFO - [2026-09-03T12:24:20.225+0000] {dag.py:3096} INFO - Sync 2 DAGs
[2026-09-03T12:24:20.271+0000] {logging_mixin.py:188} INFO - [2026-09-03T12:24:20.260+0000] {dag.py:3954} INFO - Setting next_dagrun for produce_json to 2026-09-03 14:00:00+00:00, run_after=2026-09-04 14:00:00+00:00
[2026-09-03T12:24:20.289+0000] {logging_mixin.py:188} INFO - [2026-09-03T12:24:20.289+0000] {dag.py:3954} INFO - Setting next_dagrun for update_db to 2026-09-03 15:00:00+00:00, run_after=2026-09-04 15:00:00+00:00
[2026-09-03T12:24:20.345+0000] {processor.py:183} INFO - Processing /opt/airflow/dags/main.py took 0.727 seconds
[2026-09-03T12:24:50.724+0000] {processor.py:161} INFO - Started process (PID=366) to work on /opt/airflow/dags/main.py
[2026-09-03T12:24:50.730+0000] {processor.py:830} INFO - Processing file /opt/airflow/dags/main.py for tasks to queue
[2026-09-03T12:24:50.734+0000] {logging_mixin.py:188} INFO - [2026-09-03T12:24:50.734+0000] {dagbag.py:545} INFO - Filling up the DagBag from /opt/airflow/dags/main.py
[2026-09-03T12:24:50.806+0000] {logging_mixin.py:188} INFO - channel id is not executed
[2026-09-03T12:24:50.930+0000] {processor.py:840} INFO - DAG(s) 'update_db', 'produce_json' retrieved from /opt/airflow/dags/main.py
[2026-09-03T12:24:51.212+0000] {logging_mixin.py:188} INFO - [2026-09-03T12:24:51.212+0000] {dag.py:3096} INFO - Sync 2 DAGs
[2026-09-03T12:24:51.244+0000] {logging_mixin.py:188} INFO - [2026-09-03T12:24:51.244+0000] {dag.py:3954} INFO - Setting next_dagrun for produce_json to 2026-09-03 14:00:00+00:00, run_after=2026-09-04 14:00:00+00:00
[2026-09-03T12:24:51.255+0000] {logging_mixin.py:188} INFO - [2026-09-03T12:24:51.254+0000] {dag.py:3954} INFO - Setting next_dagrun for update_db to 2026-09-03 15:00:00+00:00, run_after=2026-09-04 15:00:00+00:00
[2026-09-03T12:24:51.302+0000] {processor.py:183} INFO - Processing /opt/airflow/dags/main.py took 0.587 seconds
[2026-09-03T12:25:22.039+0000] {processor.py:161} INFO - Started process (PID=372) to work on /opt/airflow/dags/main.py
[2026-09-03T12:25:22.057+0000] {processor.py:830} INFO - Processing file /opt/airflow/dags/main.py for tasks to queue
[2026-09-03T12:25:22.072+0000] {logging_mixin.py:188} INFO - [2026-09-03T12:25:22.071+0000] {dagbag.py:545} INFO - Filling up the DagBag from /opt/airflow/dags/main.py
[2026-09-03T12:25:23.107+0000] {logging_mixin.py:188} INFO - channel id is not executed
[2026-09-03T12:25:24.158+0000] {processor.py:840} INFO - DAG(s) 'produce_json', 'update_db' retrieved from /opt/airflow/dags/main.py
[2026-09-03T12:25:24.687+0000] {logging_mixin.py:188} INFO - [2026-09-03T12:25:24.687+0000] {dag.py:3096} INFO - Sync 2 DAGs
[2026-09-03T12:25:24.759+0000] {logging_mixin.py:188} INFO - [2026-09-03T12:25:24.759+0000] {dag.py:3954} INFO - Setting next_dagrun for produce_json to 2026-09-03 14:00:00+00:00, run_after=2026-09-04 14:00:00+00:00
[2026-09-03T12:25:24.769+0000] {logging_mixin.py:188} INFO - [2026-09-03T12:25:24.769+0000] {dag.py:3954} INFO - Setting next_dagrun for update_db to 2026-09-03 15:00:00+00:00, run_after=2026-09-04 15:00:00+00:00
[2026-09-03T12:25:24.823+0000] {processor.py:183} INFO - Processing /opt/airflow/dags/main.py took 2.804 seconds
[2026-09-03T12:25:57.767+0000] {processor.py:161} INFO - Started process (PID=379) to work on /opt/airflow/dags/main.py
[2026-09-03T12:25:57.809+0000] {processor.py:830} INFO - Processing file /opt/airflow/dags/main.py for tasks to queue
[2026-09-03T12:25:57.815+0000] {logging_mixin.py:188} INFO - [2026-09-03T12:25:57.815+0000] {dagbag.py:545} INFO - Filling up the DagBag from /opt/airflow/dags/main.py
[2026-09-03T12:25:59.008+0000] {logging_mixin.py:188} INFO - channel id is not executed
[2026-09-03T12:26:01.388+0000] {processor.py:840} INFO - DAG(s) 'produce_json', 'update_db' retrieved from /opt/airflow/dags/main.py
[2026-09-03T12:26:06.472+0000] {logging_mixin.py:188} INFO - [2026-09-03T12:26:06.471+0000] {dag.py:3096} INFO - Sync 2 DAGs
[2026-09-03T12:26:07.817+0000] {logging_mixin.py:188} INFO - [2026-09-03T12:26:07.808+0000] {dag.py:3954} INFO - Setting next_dagrun for produce_json to 2026-09-03 14:00:00+00:00, run_after=2026-09-04 14:00:00+00:00
[2026-09-03T12:26:07.852+0000] {logging_mixin.py:188} INFO - [2026-09-03T12:26:07.851+0000] {dag.py:3954} INFO - Setting next_dagrun for update_db to 2026-09-03 15:00:00+00:00, run_after=2026-09-04 15:00:00+00:00
[2026-09-03T12:26:07.967+0000] {processor.py:183} INFO - Processing /opt/airflow/dags/main.py took 10.296 seconds
[2026-09-03T12:26:43.976+0000] {processor.py:161} INFO - Started process (PID=392) to work on /opt/airflow/dags/main.py
[2026-09-03T12:26:44.047+0000] {processor.py:830} INFO - Processing file /opt/airflow/dags/main.py for tasks to queue
[2026-09-03T12:26:44.336+0000] {logging_mixin.py:188} INFO - [2026-09-03T12:26:44.308+0000] {dagbag.py:545} INFO - Filling up the DagBag from /opt/airflow/dags/main.py
[2026-09-03T12:26:47.606+0000] {logging_mixin.py:188} INFO - channel id is not executed
[2026-09-03T12:26:48.923+0000] {processor.py:840} INFO - DAG(s) 'produce_json', 'update_db' retrieved from /opt/airflow/dags/main.py
[2026-09-03T12:26:52.219+0000] {logging_mixin.py:188} INFO - [2026-09-03T12:26:52.218+0000] {dag.py:3096} INFO - Sync 2 DAGs
[2026-09-03T12:26:52.606+0000] {logging_mixin.py:188} INFO - [2026-09-03T12:26:52.602+0000] {dag.py:3954} INFO - Setting next_dagrun for produce_json to 2026-09-03 14:00:00+00:00, run_after=2026-09-04 14:00:00+00:00
[2026-09-03T12:26:52.645+0000] {logging_mixin.py:188} INFO - [2026-09-03T12:26:52.640+0000] {dag.py:3954} INFO - Setting next_dagrun for update_db to 2026-09-03 15:00:00+00:00, run_after=2026-09-04 15:00:00+00:00
[2026-09-03T12:26:53.447+0000] {processor.py:183} INFO - Processing /opt/airflow/dags/main.py took 10.219 seconds
[2026-09-03T12:27:25.711+0000] {processor.py:161} INFO - Started process (PID=399) to work on /opt/airflow/dags/main.py
[2026-09-03T12:27:25.784+0000] {processor.py:830} INFO - Processing file /opt/airflow/dags/main.py for tasks to queue
[2026-09-03T12:27:25.865+0000] {logging_mixin.py:188} INFO - [2026-09-03T12:27:25.865+0000] {dagbag.py:545} INFO - Filling up the DagBag from /opt/airflow/dags/main.py
[2026-09-03T12:27:28.367+0000] {logging_mixin.py:188} INFO - channel id is not executed
[2026-09-03T12:27:33.017+0000] {processor.py:840} INFO - DAG(s) 'update_db', 'produce_json' retrieved from /opt/airflow/dags/main.py
[2026-09-03T12:27:41.493+0000] {logging_mixin.py:188} INFO - [2026-09-03T12:27:41.340+0000] {dag.py:3096} INFO - Sync 2 DAGs
[2026-09-03T12:27:42.046+0000] {logging_mixin.py:188} INFO - [2026-09-03T12:27:42.045+0000] {dag.py:3954} INFO - Setting next_dagrun for produce_json to 2026-09-03 14:00:00+00:00, run_after=2026-09-04 14:00:00+00:00
[2026-09-03T12:27:42.244+0000] {logging_mixin.py:188} INFO - [2026-09-03T12:27:42.209+0000] {dag.py:3954} INFO - Setting next_dagrun for update_db to 2026-09-03 15:00:00+00:00, run_after=2026-09-04 15:00:00+00:00
[2026-09-03T12:27:42.583+0000] {processor.py:183} INFO - Processing /opt/airflow/dags/main.py took 17.115 seconds
[2026-09-03T12:28:16.228+0000] {processor.py:161} INFO - Started process (PID=400) to work on /opt/airflow/dags/main.py
[2026-09-03T12:28:16.424+0000] {processor.py:830} INFO - Processing file /opt/airflow/dags/main.py for tasks to queue
[2026-09-03T12:28:16.539+0000] {logging_mixin.py:188} INFO - [2026-09-03T12:28:16.531+0000] {dagbag.py:545} INFO - Filling up the DagBag from /opt/airflow/dags/main.py
[2026-09-03T12:28:19.141+0000] {logging_mixin.py:188} INFO - channel id is not executed
[2026-09-03T12:28:21.111+0000] {processor.py:840} INFO - DAG(s) 'produce_json', 'update_db' retrieved from /opt/airflow/dags/main.py
[2026-09-03T12:28:27.032+0000] {logging_mixin.py:188} INFO - [2026-09-03T12:28:26.974+0000] {dag.py:3096} INFO - Sync 2 DAGs
[2026-09-03T12:28:27.613+0000] {logging_mixin.py:188} INFO - [2026-09-03T12:28:27.602+0000] {dag.py:3954} INFO - Setting next_dagrun for produce_json to 2026-09-03 14:00:00+00:00, run_after=2026-09-04 14:00:00+00:00
[2026-09-03T12:28:27.701+0000] {logging_mixin.py:188} INFO - [2026-09-03T12:28:27.700+0000] {dag.py:3954} INFO - Setting next_dagrun for update_db to 2026-09-03 15:00:00+00:00, run_after=2026-09-04 15:00:00+00:00
[2026-09-03T12:28:28.387+0000] {processor.py:183} INFO - Processing /opt/airflow/dags/main.py took 13.422 seconds
[2026-09-03T12:29:00.101+0000] {processor.py:161} INFO - Started process (PID=406) to work on /opt/airflow/dags/main.py
[2026-09-03T12:29:00.117+0000] {processor.py:830} INFO - Processing file /opt/airflow/dags/main.py for tasks to queue
[2026-09-03T12:29:00.127+0000] {logging_mixin.py:188} INFO - [2026-09-03T12:29:00.125+0000] {dagbag.py:545} INFO - Filling up the DagBag from /opt/airflow/dags/main.py
[2026-09-03T12:29:00.382+0000] {logging_mixin.py:188} INFO - channel id is not executed
[2026-09-03T12:29:00.635+0000] {processor.py:840} INFO - DAG(s) 'update_db', 'produce_json' retrieved from /opt/airflow/dags/main.py
[2026-09-03T12:29:01.618+0000] {logging_mixin.py:188} INFO - [2026-09-03T12:29:01.613+0000] {dag.py:3096} INFO - Sync 2 DAGs
[2026-09-03T12:29:01.741+0000] {logging_mixin.py:188} INFO - [2026-09-03T12:29:01.740+0000] {dag.py:3954} INFO - Setting next_dagrun for produce_json to 2026-09-03 14:00:00+00:00, run_after=2026-09-04 14:00:00+00:00
[2026-09-03T12:29:01.772+0000] {logging_mixin.py:188} INFO - [2026-09-03T12:29:01.771+0000] {dag.py:3954} INFO - Setting next_dagrun for update_db to 2026-09-03 15:00:00+00:00, run_after=2026-09-04 15:00:00+00:00
[2026-09-03T12:29:01.894+0000] {processor.py:183} INFO - Processing /opt/airflow/dags/main.py took 1.829 seconds
[2026-09-03T12:29:34.369+0000] {processor.py:161} INFO - Started process (PID=407) to work on /opt/airflow/dags/main.py
[2026-09-03T12:29:34.526+0000] {processor.py:830} INFO - Processing file /opt/airflow/dags/main.py for tasks to queue
[2026-09-03T12:29:34.569+0000] {logging_mixin.py:188} INFO - [2026-09-03T12:29:34.553+0000] {dagbag.py:545} INFO - Filling up the DagBag from /opt/airflow/dags/main.py
[2026-09-03T12:29:38.613+0000] {logging_mixin.py:188} INFO - channel id is not executed
[2026-09-03T12:29:42.144+0000] {processor.py:840} INFO - DAG(s) 'produce_json', 'update_db' retrieved from /opt/airflow/dags/main.py
[2026-09-03T12:29:53.223+0000] {logging_mixin.py:188} INFO - [2026-09-03T12:29:53.148+0000] {dag.py:3096} INFO - Sync 2 DAGs
[2026-09-03T12:29:53.594+0000] {logging_mixin.py:188} INFO - [2026-09-03T12:29:53.587+0000] {dag.py:3954} INFO - Setting next_dagrun for produce_json to 2026-09-03 14:00:00+00:00, run_after=2026-09-04 14:00:00+00:00
[2026-09-03T12:29:53.713+0000] {logging_mixin.py:188} INFO - [2026-09-03T12:29:53.712+0000] {dag.py:3954} INFO - Setting next_dagrun for update_db to 2026-09-03 15:00:00+00:00, run_after=2026-09-04 15:00:00+00:00
[2026-09-03T12:29:54.182+0000] {processor.py:183} INFO - Processing /opt/airflow/dags/main.py took 20.061 seconds
[2026-09-03T12:30:25.668+0000] {processor.py:161} INFO - Started process (PID=408) to work on /opt/airflow/dags/main.py
[2026-09-03T12:30:25.731+0000] {processor.py:830} INFO - Processing file /opt/airflow/dags/main.py for tasks to queue
[2026-09-03T12:30:25.751+0000] {logging_mixin.py:188} INFO - [2026-09-03T12:30:25.749+0000] {dagbag.py:545} INFO - Filling up the DagBag from /opt/airflow/dags/main.py
[2026-09-03T12:30:28.021+0000] {logging_mixin.py:188} INFO - channel id is not executed
[2026-09-03T12:30:29.524+0000] {processor.py:840} INFO - DAG(s) 'produce_json', 'update_db' retrieved from /opt/airflow/dags/main.py
[2026-09-03T12:32:33.697+0000] {processor.py:161} INFO - Started process (PID=54) to work on /opt/airflow/dags/main.py
[2026-09-03T12:32:33.699+0000] {processor.py:830} INFO - Processing file /opt/airflow/dags/main.py for tasks to queue
[2026-09-03T12:32:33.704+0000] {logging_mixin.py:188} INFO - [2026-09-03T12:32:33.704+0000] {dagbag.py:545} INFO - Filling up the DagBag from /opt/airflow/dags/main.py
[2026-09-03T12:32:33.909+0000] {logging_mixin.py:188} INFO - channel id is not executed
[2026-09-03T12:32:34.314+0000] {processor.py:840} INFO - DAG(s) 'produce_json', 'update_db' retrieved from /opt/airflow/dags/main.py
[2026-09-03T12:32:34.858+0000] {logging_mixin.py:188} INFO - [2026-09-03T12:32:34.857+0000] {dag.py:3096} INFO - Sync 2 DAGs
[2026-09-03T12:32:34.903+0000] {logging_mixin.py:188} INFO - [2026-09-03T12:32:34.902+0000] {dag.py:3954} INFO - Setting next_dagrun for produce_json to 2026-09-03 14:00:00+00:00, run_after=2026-09-04 14:00:00+00:00
[2026-09-03T12:32:34.912+0000] {logging_mixin.py:188} INFO - [2026-09-03T12:32:34.912+0000] {dag.py:3954} INFO - Setting next_dagrun for update_db to 2026-09-03 15:00:00+00:00, run_after=2026-09-04 15:00:00+00:00
[2026-09-03T12:32:34.972+0000] {processor.py:183} INFO - Processing /opt/airflow/dags/main.py took 1.297 seconds
[2026-09-03T12:33:05.565+0000] {processor.py:161} INFO - Started process (PID=61) to work on /opt/airflow/dags/main.py
[2026-09-03T12:33:05.568+0000] {processor.py:830} INFO - Processing file /opt/airflow/dags/main.py for tasks to queue
[2026-09-03T12:33:05.572+0000] {logging_mixin.py:188} INFO - [2026-09-03T12:33:05.571+0000] {dagbag.py:545} INFO - Filling up the DagBag from /opt/airflow/dags/main.py
[2026-09-03T12:33:05.762+0000] {logging_mixin.py:188} INFO - channel id is not executed
[2026-09-03T12:33:06.056+0000] {processor.py:840} INFO - DAG(s) 'produce_json', 'update_db' retrieved from /opt/airflow/dags/main.py
[2026-09-03T12:33:06.411+0000] {logging_mixin.py:188} INFO - [2026-09-03T12:33:06.410+0000] {dag.py:3096} INFO - Sync 2 DAGs
[2026-09-03T12:33:06.444+0000] {logging_mixin.py:188} INFO - [2026-09-03T12:33:06.443+0000] {dag.py:3954} INFO - Setting next_dagrun for produce_json to 2026-09-03 14:00:00+00:00, run_after=2026-09-04 14:00:00+00:00
[2026-09-03T12:33:06.453+0000] {logging_mixin.py:188} INFO - [2026-09-03T12:33:06.453+0000] {dag.py:3954} INFO - Setting next_dagrun for update_db to 2026-09-03 15:00:00+00:00, run_after=2026-09-04 15:00:00+00:00
[2026-09-03T12:33:06.498+0000] {processor.py:183} INFO - Processing /opt/airflow/dags/main.py took 0.942 seconds
[2026-09-03T12:33:37.584+0000] {processor.py:161} INFO - Started process (PID=67) to work on /opt/airflow/dags/main.py
[2026-09-03T12:33:37.600+0000] {processor.py:830} INFO - Processing file /opt/airflow/dags/main.py for tasks to queue
[2026-09-03T12:33:37.626+0000] {logging_mixin.py:188} INFO - [2026-09-03T12:33:37.620+0000] {dagbag.py:545} INFO - Filling up the DagBag from /opt/airflow/dags/main.py
[2026-09-03T12:33:38.742+0000] {logging_mixin.py:188} INFO - channel id is not executed
[2026-09-03T12:33:39.255+0000] {processor.py:840} INFO - DAG(s) 'update_db', 'produce_json' retrieved from /opt/airflow/dags/main.py
[2026-09-03T12:33:41.016+0000] {logging_mixin.py:188} INFO - [2026-09-03T12:33:41.006+0000] {dag.py:3096} INFO - Sync 2 DAGs
[2026-09-03T12:33:41.088+0000] {logging_mixin.py:188} INFO - [2026-09-03T12:33:41.087+0000] {dag.py:3954} INFO - Setting next_dagrun for produce_json to 2026-09-03 14:00:00+00:00, run_after=2026-09-04 14:00:00+00:00
[2026-09-03T12:33:41.107+0000] {logging_mixin.py:188} INFO - [2026-09-03T12:33:41.106+0000] {dag.py:3954} INFO - Setting next_dagrun for update_db to 2026-09-03 15:00:00+00:00, run_after=2026-09-04 15:00:00+00:00
[2026-09-03T12:33:41.198+0000] {processor.py:183} INFO - Processing /opt/airflow/dags/main.py took 3.633 seconds
[2026-09-03T12:34:11.870+0000] {processor.py:161} INFO - Started process (PID=74) to work on /opt/airflow/dags/main.py
[2026-09-03T12:34:11.874+0000] {processor.py:830} INFO - Processing file /opt/airflow/dags/main.py for tasks to queue
[2026-09-03T12:34:11.879+0000] {logging_mixin.py:188} INFO - [2026-09-03T12:34:11.878+0000] {dagbag.py:545} INFO - Filling up the DagBag from /opt/airflow/dags/main.py
[2026-09-03T12:34:12.303+0000] {logging_mixin.py:188} INFO - channel id is not executed
[2026-09-03T12:34:12.673+0000] {processor.py:840} INFO - DAG(s) 'update_db', 'produce_json' retrieved from /opt/airflow/dags/main.py
[2026-09-03T12:34:15.549+0000] {logging_mixin.py:188} INFO - [2026-09-03T12:34:15.539+0000] {dag.py:3096} INFO - Sync 2 DAGs
[2026-09-03T12:34:15.680+0000] {logging_mixin.py:188} INFO - [2026-09-03T12:34:15.680+0000] {dag.py:3954} INFO - Setting next_dagrun for produce_json to 2026-09-03 14:00:00+00:00, run_after=2026-09-04 14:00:00+00:00
[2026-09-03T12:34:15.717+0000] {logging_mixin.py:188} INFO - [2026-09-03T12:34:15.717+0000] {dag.py:3954} INFO - Setting next_dagrun for update_db to 2026-09-03 15:00:00+00:00, run_after=2026-09-04 15:00:00+00:00
[2026-09-03T12:34:15.998+0000] {processor.py:183} INFO - Processing /opt/airflow/dags/main.py took 4.154 seconds
[2026-09-03T12:34:46.700+0000] {processor.py:161} INFO - Started process (PID=81) to work on /opt/airflow/dags/main.py
[2026-09-03T12:34:46.702+0000] {processor.py:830} INFO - Processing file /opt/airflow/dags/main.py for tasks to queue
[2026-09-03T12:34:46.706+0000] {logging_mixin.py:188} INFO - [2026-09-03T12:34:46.706+0000] {dagbag.py:545} INFO - Filling up the DagBag from /opt/airflow/dags/main.py
[2026-09-03T12:34:46.814+0000] {logging_mixin.py:188} INFO - channel id is not executed
[2026-09-03T12:34:47.027+0000] {processor.py:840} INFO - DAG(s) 'produce_json', 'update_db' retrieved from /opt/airflow/dags/main.py
[2026-09-03T12:34:47.667+0000] {logging_mixin.py:188} INFO - [2026-09-03T12:34:47.666+0000] {dag.py:3096} INFO - Sync 2 DAGs
[2026-09-03T12:34:47.771+0000] {logging_mixin.py:188} INFO - [2026-09-03T12:34:47.770+0000] {dag.py:3954} INFO - Setting next_dagrun for produce_json to 2026-09-03 14:00:00+00:00, run_after=2026-09-04 14:00:00+00:00
[2026-09-03T12:34:47.780+0000] {logging_mixin.py:188} INFO - [2026-09-03T12:34:47.779+0000] {dag.py:3954} INFO - Setting next_dagrun for update_db to 2026-09-03 15:00:00+00:00, run_after=2026-09-04 15:00:00+00:00
[2026-09-03T12:34:47.865+0000] {processor.py:183} INFO - Processing /opt/airflow/dags/main.py took 1.183 seconds
[2026-09-03T12:35:18.399+0000] {processor.py:161} INFO - Started process (PID=88) to work on /opt/airflow/dags/main.py
[2026-09-03T12:35:18.422+0000] {processor.py:830} INFO - Processing file /opt/airflow/dags/main.py for tasks to queue
[2026-09-03T12:35:18.525+0000] {logging_mixin.py:188} INFO - [2026-09-03T12:35:18.524+0000] {dagbag.py:545} INFO - Filling up the DagBag from /opt/airflow/dags/main.py
[2026-09-03T12:35:19.391+0000] {logging_mixin.py:188} INFO - channel id is not executed
[2026-09-03T12:35:20.192+0000] {processor.py:840} INFO - DAG(s) 'produce_json', 'update_db' retrieved from /opt/airflow/dags/main.py
[2026-09-03T12:35:20.744+0000] {logging_mixin.py:188} INFO - [2026-09-03T12:35:20.744+0000] {dag.py:3096} INFO - Sync 2 DAGs
[2026-09-03T12:35:21.263+0000] {logging_mixin.py:188} INFO - [2026-09-03T12:35:21.262+0000] {dag.py:3954} INFO - Setting next_dagrun for produce_json to 2026-09-03 14:00:00+00:00, run_after=2026-09-04 14:00:00+00:00
[2026-09-03T12:35:21.306+0000] {logging_mixin.py:188} INFO - [2026-09-03T12:35:21.305+0000] {dag.py:3954} INFO - Setting next_dagrun for update_db to 2026-09-03 15:00:00+00:00, run_after=2026-09-04 15:00:00+00:00
[2026-09-03T12:35:21.756+0000] {processor.py:183} INFO - Processing /opt/airflow/dags/main.py took 3.408 seconds
[2026-09-03T12:35:52.322+0000] {processor.py:161} INFO - Started process (PID=100) to work on /opt/airflow/dags/main.py
[2026-09-03T12:35:52.325+0000] {processor.py:830} INFO - Processing file /opt/airflow/dags/main.py for tasks to queue
[2026-09-03T12:35:52.335+0000] {logging_mixin.py:188} INFO - [2026-09-03T12:35:52.334+0000] {dagbag.py:545} INFO - Filling up the DagBag from /opt/airflow/dags/main.py
[2026-09-03T12:35:52.666+0000] {logging_mixin.py:188} INFO - channel id is not executed
[2026-09-03T12:35:53.140+0000] {processor.py:840} INFO - DAG(s) 'produce_json', 'update_db' retrieved from /opt/airflow/dags/main.py
[2026-09-03T12:35:53.618+0000] {logging_mixin.py:188} INFO - [2026-09-03T12:35:53.617+0000] {dag.py:3096} INFO - Sync 2 DAGs
[2026-09-03T12:35:53.685+0000] {logging_mixin.py:188} INFO - [2026-09-03T12:35:53.684+0000] {dag.py:3954} INFO - Setting next_dagrun for produce_json to 2026-09-03 14:00:00+00:00, run_after=2026-09-04 14:00:00+00:00
[2026-09-03T12:35:53.697+0000] {logging_mixin.py:188} INFO - [2026-09-03T12:35:53.697+0000] {dag.py:3954} INFO - Setting next_dagrun for update_db to 2026-09-03 15:00:00+00:00, run_after=2026-09-04 15:00:00+00:00
[2026-09-03T12:35:53.756+0000] {processor.py:183} INFO - Processing /opt/airflow/dags/main.py took 1.447 seconds
[2026-09-03T12:36:23.923+0000] {processor.py:161} INFO - Started process (PID=107) to work on /opt/airflow/dags/main.py
[2026-09-03T12:36:23.929+0000] {processor.py:830} INFO - Processing file /opt/airflow/dags/main.py for tasks to queue
[2026-09-03T12:36:23.936+0000] {logging_mixin.py:188} INFO - [2026-09-03T12:36:23.935+0000] {dagbag.py:545} INFO - Filling up the DagBag from /opt/airflow/dags/main.py
[2026-09-03T12:36:23.985+0000] {logging_mixin.py:188} INFO - [2026-09-03T12:36:23.974+0000] {dagbag.py:355} ERROR - Failed to import: /opt/airflow/dags/main.py
Traceback (most recent call last):
  File "/home/airflow/.local/lib/python3.10/site-packages/airflow/models/dagbag.py", line 351, in parse
    loader.exec_module(new_module)
  File "<frozen importlib._bootstrap_external>", line 883, in exec_module
  File "<frozen importlib._bootstrap>", line 241, in _call_with_frames_removed
  File "/opt/airflow/dags/main.py", line 5, in <module>
    from api.video import channel_playlist_id,get_video_id,extract_video_data,save_to_json
  File "<frozen importlib._bootstrap>", line 1027, in _find_and_load
  File "<frozen importlib._bootstrap>", line 1002, in _find_and_load_unlocked
  File "<frozen importlib._bootstrap>", line 945, in _find_spec
  File "<frozen importlib._bootstrap_external>", line 1439, in find_spec
  File "<frozen importlib._bootstrap_external>", line 1411, in _get_spec
  File "<frozen importlib._bootstrap_external>", line 1548, in find_spec
  File "<frozen importlib._bootstrap_external>", line 1591, in _fill_cache
OSError: [Errno 12] Cannot allocate memory: '/opt/airflow/dags/api'
[2026-09-03T12:36:23.987+0000] {processor.py:842} WARNING - No viable dags retrieved from /opt/airflow/dags/main.py
[2026-09-03T12:36:24.064+0000] {processor.py:183} INFO - Processing /opt/airflow/dags/main.py took 0.150 seconds
[2026-09-03T12:36:54.681+0000] {processor.py:161} INFO - Started process (PID=114) to work on /opt/airflow/dags/main.py
[2026-09-03T12:36:54.704+0000] {processor.py:830} INFO - Processing file /opt/airflow/dags/main.py for tasks to queue
[2026-09-03T12:36:54.716+0000] {logging_mixin.py:188} INFO - [2026-09-03T12:36:54.715+0000] {dagbag.py:545} INFO - Filling up the DagBag from /opt/airflow/dags/main.py
[2026-09-03T12:36:54.973+0000] {logging_mixin.py:188} INFO - channel id is not executed
[2026-09-03T12:36:55.238+0000] {processor.py:840} INFO - DAG(s) 'produce_json', 'update_db' retrieved from /opt/airflow/dags/main.py
[2026-09-03T12:36:55.829+0000] {logging_mixin.py:188} INFO - [2026-09-03T12:36:55.829+0000] {dag.py:3096} INFO - Sync 2 DAGs
[2026-09-03T12:36:55.894+0000] {logging_mixin.py:188} INFO - [2026-09-03T12:36:55.894+0000] {dag.py:3954} INFO - Setting next_dagrun for produce_json to 2026-09-03 14:00:00+00:00, run_after=2026-09-04 14:00:00+00:00
[2026-09-03T12:36:55.903+0000] {logging_mixin.py:188} INFO - [2026-09-03T12:36:55.903+0000] {dag.py:3954} INFO - Setting next_dagrun for update_db to 2026-09-03 15:00:00+00:00, run_after=2026-09-04 15:00:00+00:00
[2026-09-03T12:36:55.990+0000] {processor.py:183} INFO - Processing /opt/airflow/dags/main.py took 1.348 seconds
[2026-09-03T12:37:26.616+0000] {processor.py:161} INFO - Started process (PID=121) to work on /opt/airflow/dags/main.py
[2026-09-03T12:37:26.618+0000] {processor.py:830} INFO - Processing file /opt/airflow/dags/main.py for tasks to queue
[2026-09-03T12:37:26.623+0000] {logging_mixin.py:188} INFO - [2026-09-03T12:37:26.622+0000] {dagbag.py:545} INFO - Filling up the DagBag from /opt/airflow/dags/main.py
[2026-09-03T12:37:26.716+0000] {logging_mixin.py:188} INFO - channel id is not executed
[2026-09-03T12:37:26.844+0000] {processor.py:840} INFO - DAG(s) 'produce_json', 'update_db' retrieved from /opt/airflow/dags/main.py
[2026-09-03T12:37:27.891+0000] {logging_mixin.py:188} INFO - [2026-09-03T12:37:27.891+0000] {dag.py:3096} INFO - Sync 2 DAGs
[2026-09-03T12:37:27.953+0000] {logging_mixin.py:188} INFO - [2026-09-03T12:37:27.952+0000] {dag.py:3954} INFO - Setting next_dagrun for produce_json to 2026-09-03 14:00:00+00:00, run_after=2026-09-04 14:00:00+00:00
[2026-09-03T12:37:27.972+0000] {logging_mixin.py:188} INFO - [2026-09-03T12:37:27.972+0000] {dag.py:3954} INFO - Setting next_dagrun for update_db to 2026-09-03 15:00:00+00:00, run_after=2026-09-04 15:00:00+00:00
[2026-09-03T12:37:28.080+0000] {processor.py:183} INFO - Processing /opt/airflow/dags/main.py took 1.483 seconds
[2026-09-03T12:37:59.193+0000] {processor.py:161} INFO - Started process (PID=127) to work on /opt/airflow/dags/main.py
[2026-09-03T12:37:59.210+0000] {processor.py:830} INFO - Processing file /opt/airflow/dags/main.py for tasks to queue
[2026-09-03T12:37:59.222+0000] {logging_mixin.py:188} INFO - [2026-09-03T12:37:59.221+0000] {dagbag.py:545} INFO - Filling up the DagBag from /opt/airflow/dags/main.py
[2026-09-03T12:37:59.415+0000] {logging_mixin.py:188} INFO - channel id is not executed
[2026-09-03T12:38:00.237+0000] {processor.py:840} INFO - DAG(s) 'produce_json', 'update_db' retrieved from /opt/airflow/dags/main.py
[2026-09-03T12:38:00.928+0000] {logging_mixin.py:188} INFO - [2026-09-03T12:38:00.928+0000] {dag.py:3096} INFO - Sync 2 DAGs
[2026-09-03T12:38:01.055+0000] {logging_mixin.py:188} INFO - [2026-09-03T12:38:01.054+0000] {dag.py:3954} INFO - Setting next_dagrun for produce_json to 2026-09-03 14:00:00+00:00, run_after=2026-09-04 14:00:00+00:00
[2026-09-03T12:38:01.081+0000] {logging_mixin.py:188} INFO - [2026-09-03T12:38:01.081+0000] {dag.py:3954} INFO - Setting next_dagrun for update_db to 2026-09-03 15:00:00+00:00, run_after=2026-09-04 15:00:00+00:00
[2026-09-03T12:38:01.220+0000] {processor.py:183} INFO - Processing /opt/airflow/dags/main.py took 2.048 seconds
[2026-09-03T12:38:34.518+0000] {processor.py:161} INFO - Started process (PID=134) to work on /opt/airflow/dags/main.py
[2026-09-03T12:38:34.619+0000] {processor.py:830} INFO - Processing file /opt/airflow/dags/main.py for tasks to queue
[2026-09-03T12:38:34.707+0000] {logging_mixin.py:188} INFO - [2026-09-03T12:38:34.698+0000] {dagbag.py:545} INFO - Filling up the DagBag from /opt/airflow/dags/main.py
[2026-09-03T12:38:36.152+0000] {logging_mixin.py:188} INFO - channel id is not executed
[2026-09-03T12:38:50.010+0000] {processor.py:840} INFO - DAG(s) 'update_db', 'produce_json' retrieved from /opt/airflow/dags/main.py
[2026-09-03T12:38:53.777+0000] {logging_mixin.py:188} INFO - [2026-09-03T12:38:53.770+0000] {dag.py:3096} INFO - Sync 2 DAGs
[2026-09-03T12:38:54.855+0000] {logging_mixin.py:188} INFO - [2026-09-03T12:38:54.830+0000] {dag.py:3954} INFO - Setting next_dagrun for produce_json to 2026-09-03 14:00:00+00:00, run_after=2026-09-04 14:00:00+00:00
[2026-09-03T12:38:54.923+0000] {logging_mixin.py:188} INFO - [2026-09-03T12:38:54.923+0000] {dag.py:3954} INFO - Setting next_dagrun for update_db to 2026-09-03 15:00:00+00:00, run_after=2026-09-04 15:00:00+00:00
[2026-09-03T12:38:55.427+0000] {processor.py:183} INFO - Processing /opt/airflow/dags/main.py took 21.256 seconds
[2026-09-03T12:39:30.368+0000] {processor.py:161} INFO - Started process (PID=141) to work on /opt/airflow/dags/main.py
[2026-09-03T12:39:30.454+0000] {processor.py:830} INFO - Processing file /opt/airflow/dags/main.py for tasks to queue
[2026-09-03T12:39:30.716+0000] {logging_mixin.py:188} INFO - [2026-09-03T12:39:30.537+0000] {dagbag.py:545} INFO - Filling up the DagBag from /opt/airflow/dags/main.py
[2026-09-03T12:39:34.380+0000] {logging_mixin.py:188} INFO - channel id is not executed
[2026-09-03T12:39:37.874+0000] {processor.py:840} INFO - DAG(s) 'produce_json', 'update_db' retrieved from /opt/airflow/dags/main.py
[2026-09-03T12:39:45.158+0000] {logging_mixin.py:188} INFO - [2026-09-03T12:39:45.135+0000] {dag.py:3096} INFO - Sync 2 DAGs
[2026-09-03T12:39:45.767+0000] {logging_mixin.py:188} INFO - [2026-09-03T12:39:45.765+0000] {dag.py:3954} INFO - Setting next_dagrun for produce_json to 2026-09-03 14:00:00+00:00, run_after=2026-09-04 14:00:00+00:00
[2026-09-03T12:39:45.833+0000] {logging_mixin.py:188} INFO - [2026-09-03T12:39:45.832+0000] {dag.py:3954} INFO - Setting next_dagrun for update_db to 2026-09-03 15:00:00+00:00, run_after=2026-09-04 15:00:00+00:00
[2026-09-03T12:39:46.865+0000] {processor.py:183} INFO - Processing /opt/airflow/dags/main.py took 17.192 seconds
[2026-09-03T12:40:18.103+0000] {processor.py:161} INFO - Started process (PID=148) to work on /opt/airflow/dags/main.py
[2026-09-03T12:40:18.118+0000] {processor.py:830} INFO - Processing file /opt/airflow/dags/main.py for tasks to queue
[2026-09-03T12:40:18.123+0000] {logging_mixin.py:188} INFO - [2026-09-03T12:40:18.123+0000] {dagbag.py:545} INFO - Filling up the DagBag from /opt/airflow/dags/main.py
[2026-09-03T12:40:18.420+0000] {logging_mixin.py:188} INFO - channel id is not executed
[2026-09-03T12:40:18.703+0000] {processor.py:840} INFO - DAG(s) 'update_db', 'produce_json' retrieved from /opt/airflow/dags/main.py
[2026-09-03T12:40:19.593+0000] {logging_mixin.py:188} INFO - [2026-09-03T12:40:19.592+0000] {dag.py:3096} INFO - Sync 2 DAGs
[2026-09-03T12:40:19.685+0000] {logging_mixin.py:188} INFO - [2026-09-03T12:40:19.685+0000] {dag.py:3954} INFO - Setting next_dagrun for produce_json to 2026-09-03 14:00:00+00:00, run_after=2026-09-04 14:00:00+00:00
[2026-09-03T12:40:19.717+0000] {logging_mixin.py:188} INFO - [2026-09-03T12:40:19.717+0000] {dag.py:3954} INFO - Setting next_dagrun for update_db to 2026-09-03 15:00:00+00:00, run_after=2026-09-04 15:00:00+00:00
[2026-09-03T12:40:19.801+0000] {processor.py:183} INFO - Processing /opt/airflow/dags/main.py took 1.718 seconds
[2026-09-03T12:40:50.279+0000] {processor.py:161} INFO - Started process (PID=155) to work on /opt/airflow/dags/main.py
[2026-09-03T12:40:50.282+0000] {processor.py:830} INFO - Processing file /opt/airflow/dags/main.py for tasks to queue
[2026-09-03T12:40:50.300+0000] {logging_mixin.py:188} INFO - [2026-09-03T12:40:50.299+0000] {dagbag.py:545} INFO - Filling up the DagBag from /opt/airflow/dags/main.py
[2026-09-03T12:40:50.687+0000] {logging_mixin.py:188} INFO - channel id is not executed
[2026-09-03T12:40:51.669+0000] {processor.py:840} INFO - DAG(s) 'update_db', 'produce_json' retrieved from /opt/airflow/dags/main.py
[2026-09-03T12:40:52.062+0000] {logging_mixin.py:188} INFO - [2026-09-03T12:40:52.062+0000] {dag.py:3096} INFO - Sync 2 DAGs
[2026-09-03T12:40:52.108+0000] {logging_mixin.py:188} INFO - [2026-09-03T12:40:52.108+0000] {dag.py:3954} INFO - Setting next_dagrun for produce_json to 2026-09-03 14:00:00+00:00, run_after=2026-09-04 14:00:00+00:00
[2026-09-03T12:40:52.123+0000] {logging_mixin.py:188} INFO - [2026-09-03T12:40:52.123+0000] {dag.py:3954} INFO - Setting next_dagrun for update_db to 2026-09-03 15:00:00+00:00, run_after=2026-09-04 15:00:00+00:00
[2026-09-03T12:40:52.249+0000] {processor.py:183} INFO - Processing /opt/airflow/dags/main.py took 2.022 seconds
[2026-09-03T12:41:22.432+0000] {processor.py:161} INFO - Started process (PID=161) to work on /opt/airflow/dags/main.py
[2026-09-03T12:41:22.435+0000] {processor.py:830} INFO - Processing file /opt/airflow/dags/main.py for tasks to queue
[2026-09-03T12:41:22.442+0000] {logging_mixin.py:188} INFO - [2026-09-03T12:41:22.441+0000] {dagbag.py:545} INFO - Filling up the DagBag from /opt/airflow/dags/main.py
[2026-09-03T12:41:22.601+0000] {logging_mixin.py:188} INFO - channel id is not executed
[2026-09-03T12:41:22.743+0000] {processor.py:840} INFO - DAG(s) 'produce_json', 'update_db' retrieved from /opt/airflow/dags/main.py
[2026-09-03T12:41:23.331+0000] {logging_mixin.py:188} INFO - [2026-09-03T12:41:23.330+0000] {dag.py:3096} INFO - Sync 2 DAGs
[2026-09-03T12:41:23.442+0000] {logging_mixin.py:188} INFO - [2026-09-03T12:41:23.441+0000] {dag.py:3954} INFO - Setting next_dagrun for produce_json to 2026-09-03 14:00:00+00:00, run_after=2026-09-04 14:00:00+00:00
[2026-09-03T12:41:23.500+0000] {logging_mixin.py:188} INFO - [2026-09-03T12:41:23.499+0000] {dag.py:3954} INFO - Setting next_dagrun for update_db to 2026-09-03 15:00:00+00:00, run_after=2026-09-04 15:00:00+00:00
[2026-09-03T12:41:23.581+0000] {processor.py:183} INFO - Processing /opt/airflow/dags/main.py took 1.161 seconds
[2026-09-03T12:41:54.134+0000] {processor.py:161} INFO - Started process (PID=169) to work on /opt/airflow/dags/main.py
[2026-09-03T12:41:54.136+0000] {processor.py:830} INFO - Processing file /opt/airflow/dags/main.py for tasks to queue
[2026-09-03T12:41:54.140+0000] {logging_mixin.py:188} INFO - [2026-09-03T12:41:54.140+0000] {dagbag.py:545} INFO - Filling up the DagBag from /opt/airflow/dags/main.py
[2026-09-03T12:41:54.251+0000] {logging_mixin.py:188} INFO - channel id is not executed
[2026-09-03T12:41:54.399+0000] {processor.py:840} INFO - DAG(s) 'produce_json', 'update_db' retrieved from /opt/airflow/dags/main.py
[2026-09-03T12:41:54.893+0000] {logging_mixin.py:188} INFO - [2026-09-03T12:41:54.892+0000] {dag.py:3096} INFO - Sync 2 DAGs
[2026-09-03T12:41:54.971+0000] {logging_mixin.py:188} INFO - [2026-09-03T12:41:54.971+0000] {dag.py:3954} INFO - Setting next_dagrun for produce_json to 2026-09-03 14:00:00+00:00, run_after=2026-09-04 14:00:00+00:00
[2026-09-03T12:41:54.981+0000] {logging_mixin.py:188} INFO - [2026-09-03T12:41:54.980+0000] {dag.py:3954} INFO - Setting next_dagrun for update_db to 2026-09-03 15:00:00+00:00, run_after=2026-09-04 15:00:00+00:00
[2026-09-03T12:41:55.024+0000] {processor.py:183} INFO - Processing /opt/airflow/dags/main.py took 0.916 seconds
[2026-09-03T15:51:46.879+0000] {processor.py:161} INFO - Started process (PID=71) to work on /opt/airflow/dags/main.py
[2026-09-03T15:51:47.005+0000] {processor.py:830} INFO - Processing file /opt/airflow/dags/main.py for tasks to queue
[2026-09-03T15:51:47.211+0000] {logging_mixin.py:188} INFO - [2026-09-03T15:51:47.210+0000] {dagbag.py:545} INFO - Filling up the DagBag from /opt/airflow/dags/main.py
[2026-09-03T15:51:49.101+0000] {logging_mixin.py:188} INFO - channel id is not executed
[2026-09-03T15:51:50.342+0000] {processor.py:840} INFO - DAG(s) 'produce_json', 'update_db' retrieved from /opt/airflow/dags/main.py
[2026-09-03T15:51:51.738+0000] {logging_mixin.py:188} INFO - [2026-09-03T15:51:51.738+0000] {dag.py:3096} INFO - Sync 2 DAGs
[2026-09-03T15:51:52.004+0000] {logging_mixin.py:188} INFO - [2026-09-03T15:51:52.004+0000] {dag.py:3954} INFO - Setting next_dagrun for produce_json to 2026-09-04 14:00:00+00:00, run_after=2026-09-05 14:00:00+00:00
[2026-09-03T15:51:52.025+0000] {logging_mixin.py:188} INFO - [2026-09-03T15:51:52.025+0000] {dag.py:3954} INFO - Setting next_dagrun for update_db to 2026-09-04 15:00:00+00:00, run_after=2026-09-05 15:00:00+00:00
[2026-09-03T15:51:52.265+0000] {processor.py:183} INFO - Processing /opt/airflow/dags/main.py took 5.577 seconds
[2026-09-03T15:52:22.885+0000] {processor.py:161} INFO - Started process (PID=78) to work on /opt/airflow/dags/main.py
[2026-09-03T15:52:22.922+0000] {processor.py:830} INFO - Processing file /opt/airflow/dags/main.py for tasks to queue
[2026-09-03T15:52:23.031+0000] {logging_mixin.py:188} INFO - [2026-09-03T15:52:23.005+0000] {dagbag.py:545} INFO - Filling up the DagBag from /opt/airflow/dags/main.py
[2026-09-03T15:52:23.658+0000] {logging_mixin.py:188} INFO - channel id is not executed
[2026-09-03T15:52:25.926+0000] {processor.py:840} INFO - DAG(s) 'update_db', 'produce_json' retrieved from /opt/airflow/dags/main.py
[2026-09-03T15:52:27.718+0000] {logging_mixin.py:188} INFO - [2026-09-03T15:52:27.718+0000] {dag.py:3096} INFO - Sync 2 DAGs
[2026-09-03T15:52:27.899+0000] {logging_mixin.py:188} INFO - [2026-09-03T15:52:27.899+0000] {dag.py:3954} INFO - Setting next_dagrun for produce_json to 2026-09-04 14:00:00+00:00, run_after=2026-09-05 14:00:00+00:00
[2026-09-03T15:52:27.951+0000] {logging_mixin.py:188} INFO - [2026-09-03T15:52:27.950+0000] {dag.py:3954} INFO - Setting next_dagrun for update_db to 2026-09-04 15:00:00+00:00, run_after=2026-09-05 15:00:00+00:00
[2026-09-03T15:52:28.177+0000] {processor.py:183} INFO - Processing /opt/airflow/dags/main.py took 5.422 seconds
[2026-09-03T15:52:59.359+0000] {processor.py:161} INFO - Started process (PID=84) to work on /opt/airflow/dags/main.py
[2026-09-03T15:52:59.370+0000] {processor.py:830} INFO - Processing file /opt/airflow/dags/main.py for tasks to queue
[2026-09-03T15:52:59.381+0000] {logging_mixin.py:188} INFO - [2026-09-03T15:52:59.380+0000] {dagbag.py:545} INFO - Filling up the DagBag from /opt/airflow/dags/main.py
[2026-09-03T15:52:59.588+0000] {logging_mixin.py:188} INFO - channel id is not executed
[2026-09-03T15:53:03.505+0000] {processor.py:840} INFO - DAG(s) 'produce_json', 'update_db' retrieved from /opt/airflow/dags/main.py
[2026-09-03T15:53:05.725+0000] {logging_mixin.py:188} INFO - [2026-09-03T15:53:05.724+0000] {dag.py:3096} INFO - Sync 2 DAGs
[2026-09-03T15:53:05.960+0000] {logging_mixin.py:188} INFO - [2026-09-03T15:53:05.959+0000] {dag.py:3954} INFO - Setting next_dagrun for produce_json to 2026-09-04 14:00:00+00:00, run_after=2026-09-05 14:00:00+00:00
[2026-09-03T15:53:06.037+0000] {logging_mixin.py:188} INFO - [2026-09-03T15:53:06.034+0000] {dag.py:3954} INFO - Setting next_dagrun for update_db to 2026-09-04 15:00:00+00:00, run_after=2026-09-05 15:00:00+00:00
[2026-09-03T15:53:06.168+0000] {processor.py:183} INFO - Processing /opt/airflow/dags/main.py took 6.863 seconds
[2026-09-03T15:53:39.970+0000] {processor.py:161} INFO - Started process (PID=90) to work on /opt/airflow/dags/main.py
[2026-09-03T15:53:40.066+0000] {processor.py:830} INFO - Processing file /opt/airflow/dags/main.py for tasks to queue
[2026-09-03T15:53:40.207+0000] {logging_mixin.py:188} INFO - [2026-09-03T15:53:40.205+0000] {dagbag.py:545} INFO - Filling up the DagBag from /opt/airflow/dags/main.py
[2026-09-03T15:53:42.380+0000] {logging_mixin.py:188} INFO - channel id is not executed
[2026-09-03T15:53:45.125+0000] {processor.py:840} INFO - DAG(s) 'produce_json', 'update_db' retrieved from /opt/airflow/dags/main.py
[2026-09-03T15:53:47.070+0000] {logging_mixin.py:188} INFO - [2026-09-03T15:53:47.069+0000] {dag.py:3096} INFO - Sync 2 DAGs
[2026-09-03T15:53:47.241+0000] {logging_mixin.py:188} INFO - [2026-09-03T15:53:47.236+0000] {dag.py:3954} INFO - Setting next_dagrun for produce_json to 2026-09-04 14:00:00+00:00, run_after=2026-09-05 14:00:00+00:00
[2026-09-03T15:53:47.268+0000] {logging_mixin.py:188} INFO - [2026-09-03T15:53:47.267+0000] {dag.py:3954} INFO - Setting next_dagrun for update_db to 2026-09-04 15:00:00+00:00, run_after=2026-09-05 15:00:00+00:00
[2026-09-03T15:53:47.524+0000] {processor.py:183} INFO - Processing /opt/airflow/dags/main.py took 8.135 seconds
[2026-09-03T15:54:19.205+0000] {processor.py:161} INFO - Started process (PID=102) to work on /opt/airflow/dags/main.py
[2026-09-03T15:54:19.443+0000] {processor.py:830} INFO - Processing file /opt/airflow/dags/main.py for tasks to queue
[2026-09-03T15:54:19.670+0000] {logging_mixin.py:188} INFO - [2026-09-03T15:54:19.667+0000] {dagbag.py:545} INFO - Filling up the DagBag from /opt/airflow/dags/main.py
[2026-09-03T15:54:24.696+0000] {logging_mixin.py:188} INFO - channel id is not executed
[2026-09-03T15:54:27.771+0000] {processor.py:840} INFO - DAG(s) 'update_db', 'produce_json' retrieved from /opt/airflow/dags/main.py
[2026-09-03T15:54:32.522+0000] {logging_mixin.py:188} INFO - [2026-09-03T15:54:32.522+0000] {dag.py:3096} INFO - Sync 2 DAGs
[2026-09-03T15:54:33.044+0000] {logging_mixin.py:188} INFO - [2026-09-03T15:54:33.043+0000] {dag.py:3954} INFO - Setting next_dagrun for produce_json to 2026-09-04 14:00:00+00:00, run_after=2026-09-05 14:00:00+00:00
[2026-09-03T15:54:33.115+0000] {logging_mixin.py:188} INFO - [2026-09-03T15:54:33.115+0000] {dag.py:3954} INFO - Setting next_dagrun for update_db to 2026-09-04 15:00:00+00:00, run_after=2026-09-05 15:00:00+00:00
[2026-09-03T15:54:33.515+0000] {processor.py:183} INFO - Processing /opt/airflow/dags/main.py took 15.146 seconds
[2026-09-03T15:55:04.402+0000] {processor.py:161} INFO - Started process (PID=108) to work on /opt/airflow/dags/main.py
[2026-09-03T15:55:04.495+0000] {processor.py:830} INFO - Processing file /opt/airflow/dags/main.py for tasks to queue
[2026-09-03T15:55:04.532+0000] {logging_mixin.py:188} INFO - [2026-09-03T15:55:04.531+0000] {dagbag.py:545} INFO - Filling up the DagBag from /opt/airflow/dags/main.py
[2026-09-03T15:55:06.508+0000] {logging_mixin.py:188} INFO - channel id is not executed
[2026-09-03T15:55:11.317+0000] {processor.py:840} INFO - DAG(s) 'produce_json', 'update_db' retrieved from /opt/airflow/dags/main.py
[2026-09-03T15:55:13.354+0000] {logging_mixin.py:188} INFO - [2026-09-03T15:55:13.353+0000] {dag.py:3096} INFO - Sync 2 DAGs
[2026-09-03T15:55:13.817+0000] {logging_mixin.py:188} INFO - [2026-09-03T15:55:13.816+0000] {dag.py:3954} INFO - Setting next_dagrun for produce_json to 2026-09-04 14:00:00+00:00, run_after=2026-09-05 14:00:00+00:00
[2026-09-03T15:55:14.055+0000] {logging_mixin.py:188} INFO - [2026-09-03T15:55:14.054+0000] {dag.py:3954} INFO - Setting next_dagrun for update_db to 2026-09-04 15:00:00+00:00, run_after=2026-09-05 15:00:00+00:00
[2026-09-03T15:55:14.314+0000] {processor.py:183} INFO - Processing /opt/airflow/dags/main.py took 10.025 seconds
[2026-09-03T15:55:59.575+0000] {processor.py:161} INFO - Started process (PID=120) to work on /opt/airflow/dags/main.py
[2026-09-03T15:55:59.719+0000] {processor.py:830} INFO - Processing file /opt/airflow/dags/main.py for tasks to queue
[2026-09-03T15:56:00.869+0000] {logging_mixin.py:188} INFO - [2026-09-03T15:56:00.486+0000] {dagbag.py:545} INFO - Filling up the DagBag from /opt/airflow/dags/main.py
[2026-09-03T15:56:12.260+0000] {logging_mixin.py:188} INFO - channel id is not executed
[2026-09-03T15:56:15.057+0000] {processor.py:840} INFO - DAG(s) 'produce_json', 'update_db' retrieved from /opt/airflow/dags/main.py
[2026-09-03T15:56:17.022+0000] {logging_mixin.py:188} INFO - [2026-09-03T15:56:16.994+0000] {dag.py:3096} INFO - Sync 2 DAGs
[2026-09-03T15:56:17.258+0000] {logging_mixin.py:188} INFO - [2026-09-03T15:56:17.257+0000] {dag.py:3954} INFO - Setting next_dagrun for produce_json to 2026-09-04 14:00:00+00:00, run_after=2026-09-05 14:00:00+00:00
[2026-09-03T15:56:17.321+0000] {logging_mixin.py:188} INFO - [2026-09-03T15:56:17.321+0000] {dag.py:3954} INFO - Setting next_dagrun for update_db to 2026-09-04 15:00:00+00:00, run_after=2026-09-05 15:00:00+00:00
[2026-09-03T15:56:17.701+0000] {processor.py:183} INFO - Processing /opt/airflow/dags/main.py took 23.046 seconds
[2026-09-03T15:56:50.291+0000] {processor.py:161} INFO - Started process (PID=127) to work on /opt/airflow/dags/main.py
[2026-09-03T15:56:50.361+0000] {processor.py:830} INFO - Processing file /opt/airflow/dags/main.py for tasks to queue
[2026-09-03T15:56:50.419+0000] {logging_mixin.py:188} INFO - [2026-09-03T15:56:50.418+0000] {dagbag.py:545} INFO - Filling up the DagBag from /opt/airflow/dags/main.py
[2026-09-03T15:56:50.800+0000] {logging_mixin.py:188} INFO - channel id is not executed
[2026-09-03T15:56:51.095+0000] {processor.py:840} INFO - DAG(s) 'produce_json', 'update_db' retrieved from /opt/airflow/dags/main.py
[2026-09-03T15:56:51.931+0000] {logging_mixin.py:188} INFO - [2026-09-03T15:56:51.930+0000] {dag.py:3096} INFO - Sync 2 DAGs
[2026-09-03T15:56:52.003+0000] {logging_mixin.py:188} INFO - [2026-09-03T15:56:52.003+0000] {dag.py:3954} INFO - Setting next_dagrun for produce_json to 2026-09-04 14:00:00+00:00, run_after=2026-09-05 14:00:00+00:00
[2026-09-03T15:56:52.027+0000] {logging_mixin.py:188} INFO - [2026-09-03T15:56:52.026+0000] {dag.py:3954} INFO - Setting next_dagrun for update_db to 2026-09-04 15:00:00+00:00, run_after=2026-09-05 15:00:00+00:00
[2026-09-03T15:56:52.095+0000] {processor.py:183} INFO - Processing /opt/airflow/dags/main.py took 1.834 seconds
[2026-09-03T15:57:22.373+0000] {processor.py:161} INFO - Started process (PID=141) to work on /opt/airflow/dags/main.py
[2026-09-03T15:57:22.422+0000] {processor.py:830} INFO - Processing file /opt/airflow/dags/main.py for tasks to queue
[2026-09-03T15:57:22.447+0000] {logging_mixin.py:188} INFO - [2026-09-03T15:57:22.446+0000] {dagbag.py:545} INFO - Filling up the DagBag from /opt/airflow/dags/main.py
[2026-09-03T15:57:23.307+0000] {logging_mixin.py:188} INFO - channel id is not executed
[2026-09-03T15:57:24.140+0000] {processor.py:840} INFO - DAG(s) 'update_db', 'produce_json' retrieved from /opt/airflow/dags/main.py
[2026-09-03T15:57:24.952+0000] {logging_mixin.py:188} INFO - [2026-09-03T15:57:24.951+0000] {dag.py:3096} INFO - Sync 2 DAGs
[2026-09-03T15:57:25.141+0000] {logging_mixin.py:188} INFO - [2026-09-03T15:57:25.140+0000] {dag.py:3954} INFO - Setting next_dagrun for produce_json to 2026-09-04 14:00:00+00:00, run_after=2026-09-05 14:00:00+00:00
[2026-09-03T15:57:25.157+0000] {logging_mixin.py:188} INFO - [2026-09-03T15:57:25.156+0000] {dag.py:3954} INFO - Setting next_dagrun for update_db to 2026-09-04 15:00:00+00:00, run_after=2026-09-05 15:00:00+00:00
[2026-09-03T15:57:25.288+0000] {processor.py:183} INFO - Processing /opt/airflow/dags/main.py took 2.963 seconds
[2026-09-03T15:57:58.025+0000] {processor.py:161} INFO - Started process (PID=147) to work on /opt/airflow/dags/main.py
[2026-09-03T15:57:58.043+0000] {processor.py:830} INFO - Processing file /opt/airflow/dags/main.py for tasks to queue
[2026-09-03T15:57:58.089+0000] {logging_mixin.py:188} INFO - [2026-09-03T15:57:58.088+0000] {dagbag.py:545} INFO - Filling up the DagBag from /opt/airflow/dags/main.py
[2026-09-03T15:57:59.766+0000] {logging_mixin.py:188} INFO - channel id is not executed
[2026-09-03T15:58:03.896+0000] {processor.py:840} INFO - DAG(s) 'produce_json', 'update_db' retrieved from /opt/airflow/dags/main.py
[2026-09-03T15:58:15.682+0000] {logging_mixin.py:188} INFO - [2026-09-03T15:58:15.681+0000] {dag.py:3096} INFO - Sync 2 DAGs
[2026-09-03T15:58:16.079+0000] {logging_mixin.py:188} INFO - [2026-09-03T15:58:16.078+0000] {dag.py:3954} INFO - Setting next_dagrun for produce_json to 2026-09-04 14:00:00+00:00, run_after=2026-09-05 14:00:00+00:00
[2026-09-03T15:58:16.193+0000] {logging_mixin.py:188} INFO - [2026-09-03T15:58:16.192+0000] {dag.py:3954} INFO - Setting next_dagrun for update_db to 2026-09-04 15:00:00+00:00, run_after=2026-09-05 15:00:00+00:00
[2026-09-03T15:58:16.708+0000] {processor.py:183} INFO - Processing /opt/airflow/dags/main.py took 18.712 seconds
[2026-09-03T15:58:48.777+0000] {processor.py:161} INFO - Started process (PID=153) to work on /opt/airflow/dags/main.py
[2026-09-03T15:58:48.897+0000] {processor.py:830} INFO - Processing file /opt/airflow/dags/main.py for tasks to queue
[2026-09-03T15:58:49.028+0000] {logging_mixin.py:188} INFO - [2026-09-03T15:58:48.980+0000] {dagbag.py:545} INFO - Filling up the DagBag from /opt/airflow/dags/main.py
[2026-09-03T15:58:52.591+0000] {logging_mixin.py:188} INFO - channel id is not executed
[2026-09-03T15:58:56.470+0000] {processor.py:840} INFO - DAG(s) 'produce_json', 'update_db' retrieved from /opt/airflow/dags/main.py
[2026-09-03T15:58:57.755+0000] {logging_mixin.py:188} INFO - [2026-09-03T15:58:57.754+0000] {dag.py:3096} INFO - Sync 2 DAGs
[2026-09-03T15:58:58.138+0000] {logging_mixin.py:188} INFO - [2026-09-03T15:58:58.138+0000] {dag.py:3954} INFO - Setting next_dagrun for produce_json to 2026-09-04 14:00:00+00:00, run_after=2026-09-05 14:00:00+00:00
[2026-09-03T15:58:58.354+0000] {logging_mixin.py:188} INFO - [2026-09-03T15:58:58.306+0000] {dag.py:3954} INFO - Setting next_dagrun for update_db to 2026-09-04 15:00:00+00:00, run_after=2026-09-05 15:00:00+00:00
[2026-09-03T15:59:00.764+0000] {processor.py:183} INFO - Processing /opt/airflow/dags/main.py took 12.049 seconds
[2026-09-03T15:59:31.816+0000] {processor.py:161} INFO - Started process (PID=165) to work on /opt/airflow/dags/main.py
[2026-09-03T15:59:31.857+0000] {processor.py:830} INFO - Processing file /opt/airflow/dags/main.py for tasks to queue
[2026-09-03T15:59:32.107+0000] {logging_mixin.py:188} INFO - [2026-09-03T15:59:32.105+0000] {dagbag.py:545} INFO - Filling up the DagBag from /opt/airflow/dags/main.py
[2026-09-03T15:59:33.313+0000] {logging_mixin.py:188} INFO - channel id is not executed
[2026-09-03T15:59:35.006+0000] {processor.py:840} INFO - DAG(s) 'update_db', 'produce_json' retrieved from /opt/airflow/dags/main.py
[2026-09-03T15:59:37.918+0000] {logging_mixin.py:188} INFO - [2026-09-03T15:59:37.917+0000] {dag.py:3096} INFO - Sync 2 DAGs
[2026-09-03T15:59:38.214+0000] {logging_mixin.py:188} INFO - [2026-09-03T15:59:38.213+0000] {dag.py:3954} INFO - Setting next_dagrun for produce_json to 2026-09-04 14:00:00+00:00, run_after=2026-09-05 14:00:00+00:00
[2026-09-03T15:59:38.299+0000] {logging_mixin.py:188} INFO - [2026-09-03T15:59:38.298+0000] {dag.py:3954} INFO - Setting next_dagrun for update_db to 2026-09-04 15:00:00+00:00, run_after=2026-09-05 15:00:00+00:00
[2026-09-03T15:59:38.921+0000] {processor.py:183} INFO - Processing /opt/airflow/dags/main.py took 7.245 seconds
[2026-09-03T16:00:09.220+0000] {processor.py:161} INFO - Started process (PID=171) to work on /opt/airflow/dags/main.py
[2026-09-03T16:00:09.251+0000] {processor.py:830} INFO - Processing file /opt/airflow/dags/main.py for tasks to queue
[2026-09-03T16:00:09.280+0000] {logging_mixin.py:188} INFO - [2026-09-03T16:00:09.277+0000] {dagbag.py:545} INFO - Filling up the DagBag from /opt/airflow/dags/main.py
[2026-09-03T16:00:09.812+0000] {logging_mixin.py:188} INFO - channel id is not executed
[2026-09-03T16:00:10.306+0000] {processor.py:840} INFO - DAG(s) 'produce_json', 'update_db' retrieved from /opt/airflow/dags/main.py
[2026-09-03T16:00:11.118+0000] {logging_mixin.py:188} INFO - [2026-09-03T16:00:11.118+0000] {dag.py:3096} INFO - Sync 2 DAGs
[2026-09-03T16:00:11.211+0000] {logging_mixin.py:188} INFO - [2026-09-03T16:00:11.210+0000] {dag.py:3954} INFO - Setting next_dagrun for produce_json to 2026-09-04 14:00:00+00:00, run_after=2026-09-05 14:00:00+00:00
[2026-09-03T16:00:11.259+0000] {logging_mixin.py:188} INFO - [2026-09-03T16:00:11.258+0000] {dag.py:3954} INFO - Setting next_dagrun for update_db to 2026-09-04 15:00:00+00:00, run_after=2026-09-05 15:00:00+00:00
[2026-09-03T16:00:11.526+0000] {processor.py:183} INFO - Processing /opt/airflow/dags/main.py took 2.383 seconds
[2026-09-03T16:00:42.136+0000] {processor.py:161} INFO - Started process (PID=177) to work on /opt/airflow/dags/main.py
[2026-09-03T16:00:42.147+0000] {processor.py:830} INFO - Processing file /opt/airflow/dags/main.py for tasks to queue
[2026-09-03T16:00:42.161+0000] {logging_mixin.py:188} INFO - [2026-09-03T16:00:42.160+0000] {dagbag.py:545} INFO - Filling up the DagBag from /opt/airflow/dags/main.py
[2026-09-03T16:00:42.731+0000] {logging_mixin.py:188} INFO - channel id is not executed
[2026-09-03T16:00:43.698+0000] {processor.py:840} INFO - DAG(s) 'update_db', 'produce_json' retrieved from /opt/airflow/dags/main.py
[2026-09-03T16:00:45.216+0000] {logging_mixin.py:188} INFO - [2026-09-03T16:00:45.215+0000] {dag.py:3096} INFO - Sync 2 DAGs
[2026-09-03T16:00:45.399+0000] {logging_mixin.py:188} INFO - [2026-09-03T16:00:45.399+0000] {dag.py:3954} INFO - Setting next_dagrun for produce_json to 2026-09-04 14:00:00+00:00, run_after=2026-09-05 14:00:00+00:00
[2026-09-03T16:00:45.419+0000] {logging_mixin.py:188} INFO - [2026-09-03T16:00:45.419+0000] {dag.py:3954} INFO - Setting next_dagrun for update_db to 2026-09-04 15:00:00+00:00, run_after=2026-09-05 15:00:00+00:00
[2026-09-03T16:00:45.832+0000] {processor.py:183} INFO - Processing /opt/airflow/dags/main.py took 3.720 seconds
[2026-09-03T16:01:17.981+0000] {processor.py:161} INFO - Started process (PID=184) to work on /opt/airflow/dags/main.py
[2026-09-03T16:01:18.006+0000] {processor.py:830} INFO - Processing file /opt/airflow/dags/main.py for tasks to queue
[2026-09-03T16:01:18.146+0000] {logging_mixin.py:188} INFO - [2026-09-03T16:01:18.143+0000] {dagbag.py:545} INFO - Filling up the DagBag from /opt/airflow/dags/main.py
[2026-09-03T16:01:18.753+0000] {logging_mixin.py:188} INFO - channel id is not executed
[2026-09-03T16:01:19.569+0000] {processor.py:840} INFO - DAG(s) 'update_db', 'produce_json' retrieved from /opt/airflow/dags/main.py
[2026-09-03T16:01:23.264+0000] {logging_mixin.py:188} INFO - [2026-09-03T16:01:23.262+0000] {dag.py:3096} INFO - Sync 2 DAGs
[2026-09-03T16:01:23.414+0000] {logging_mixin.py:188} INFO - [2026-09-03T16:01:23.413+0000] {dag.py:3954} INFO - Setting next_dagrun for produce_json to 2026-09-04 14:00:00+00:00, run_after=2026-09-05 14:00:00+00:00
[2026-09-03T16:01:23.477+0000] {logging_mixin.py:188} INFO - [2026-09-03T16:01:23.476+0000] {dag.py:3954} INFO - Setting next_dagrun for update_db to 2026-09-04 15:00:00+00:00, run_after=2026-09-05 15:00:00+00:00
[2026-09-03T16:01:23.660+0000] {processor.py:183} INFO - Processing /opt/airflow/dags/main.py took 6.314 seconds
[2026-09-03T16:01:53.919+0000] {processor.py:161} INFO - Started process (PID=192) to work on /opt/airflow/dags/main.py
[2026-09-03T16:01:53.922+0000] {processor.py:830} INFO - Processing file /opt/airflow/dags/main.py for tasks to queue
[2026-09-03T16:01:53.929+0000] {logging_mixin.py:188} INFO - [2026-09-03T16:01:53.928+0000] {dagbag.py:545} INFO - Filling up the DagBag from /opt/airflow/dags/main.py
[2026-09-03T16:01:54.022+0000] {logging_mixin.py:188} INFO - channel id is not executed
[2026-09-03T16:01:54.139+0000] {processor.py:840} INFO - DAG(s) 'produce_json', 'update_db' retrieved from /opt/airflow/dags/main.py
[2026-09-03T16:01:54.662+0000] {logging_mixin.py:188} INFO - [2026-09-03T16:01:54.662+0000] {dag.py:3096} INFO - Sync 2 DAGs
[2026-09-03T16:01:54.746+0000] {logging_mixin.py:188} INFO - [2026-09-03T16:01:54.745+0000] {dag.py:3954} INFO - Setting next_dagrun for produce_json to 2026-09-04 14:00:00+00:00, run_after=2026-09-05 14:00:00+00:00
[2026-09-03T16:01:54.758+0000] {logging_mixin.py:188} INFO - [2026-09-03T16:01:54.757+0000] {dag.py:3954} INFO - Setting next_dagrun for update_db to 2026-09-04 15:00:00+00:00, run_after=2026-09-05 15:00:00+00:00
[2026-09-03T16:01:54.818+0000] {processor.py:183} INFO - Processing /opt/airflow/dags/main.py took 0.921 seconds
[2026-09-03T16:02:25.366+0000] {processor.py:161} INFO - Started process (PID=199) to work on /opt/airflow/dags/main.py
[2026-09-03T16:02:25.370+0000] {processor.py:830} INFO - Processing file /opt/airflow/dags/main.py for tasks to queue
[2026-09-03T16:02:25.398+0000] {logging_mixin.py:188} INFO - [2026-09-03T16:02:25.396+0000] {dagbag.py:545} INFO - Filling up the DagBag from /opt/airflow/dags/main.py
[2026-09-03T16:02:25.586+0000] {logging_mixin.py:188} INFO - channel id is not executed
[2026-09-03T16:02:25.746+0000] {processor.py:840} INFO - DAG(s) 'update_db', 'produce_json' retrieved from /opt/airflow/dags/main.py
[2026-09-03T16:02:29.348+0000] {logging_mixin.py:188} INFO - [2026-09-03T16:02:29.348+0000] {dag.py:3096} INFO - Sync 2 DAGs
[2026-09-03T16:02:29.444+0000] {logging_mixin.py:188} INFO - [2026-09-03T16:02:29.443+0000] {dag.py:3954} INFO - Setting next_dagrun for produce_json to 2026-09-04 14:00:00+00:00, run_after=2026-09-05 14:00:00+00:00
[2026-09-03T16:02:29.506+0000] {logging_mixin.py:188} INFO - [2026-09-03T16:02:29.505+0000] {dag.py:3954} INFO - Setting next_dagrun for update_db to 2026-09-04 15:00:00+00:00, run_after=2026-09-05 15:00:00+00:00
[2026-09-03T16:02:30.291+0000] {processor.py:183} INFO - Processing /opt/airflow/dags/main.py took 4.938 seconds
[2026-09-03T16:03:01.971+0000] {processor.py:161} INFO - Started process (PID=211) to work on /opt/airflow/dags/main.py
[2026-09-03T16:03:01.984+0000] {processor.py:830} INFO - Processing file /opt/airflow/dags/main.py for tasks to queue
[2026-09-03T16:03:02.000+0000] {logging_mixin.py:188} INFO - [2026-09-03T16:03:01.998+0000] {dagbag.py:545} INFO - Filling up the DagBag from /opt/airflow/dags/main.py
[2026-09-03T16:03:02.609+0000] {logging_mixin.py:188} INFO - channel id is not executed
[2026-09-03T16:03:05.790+0000] {processor.py:840} INFO - DAG(s) 'update_db', 'produce_json' retrieved from /opt/airflow/dags/main.py
[2026-09-03T16:03:09.210+0000] {logging_mixin.py:188} INFO - [2026-09-03T16:03:09.199+0000] {dag.py:3096} INFO - Sync 2 DAGs
[2026-09-03T16:03:10.529+0000] {logging_mixin.py:188} INFO - [2026-09-03T16:03:10.519+0000] {dag.py:3954} INFO - Setting next_dagrun for produce_json to 2026-09-04 14:00:00+00:00, run_after=2026-09-05 14:00:00+00:00
[2026-09-03T16:03:11.130+0000] {logging_mixin.py:188} INFO - [2026-09-03T16:03:11.129+0000] {dag.py:3954} INFO - Setting next_dagrun for update_db to 2026-09-04 15:00:00+00:00, run_after=2026-09-05 15:00:00+00:00
[2026-09-03T16:03:12.069+0000] {processor.py:183} INFO - Processing /opt/airflow/dags/main.py took 10.149 seconds
[2026-09-03T16:03:46.251+0000] {processor.py:161} INFO - Started process (PID=217) to work on /opt/airflow/dags/main.py
[2026-09-03T16:03:46.295+0000] {processor.py:830} INFO - Processing file /opt/airflow/dags/main.py for tasks to queue
[2026-09-03T16:03:46.341+0000] {logging_mixin.py:188} INFO - [2026-09-03T16:03:46.339+0000] {dagbag.py:545} INFO - Filling up the DagBag from /opt/airflow/dags/main.py
[2026-09-03T16:03:47.207+0000] {logging_mixin.py:188} INFO - channel id is not executed
[2026-09-03T16:03:48.269+0000] {processor.py:840} INFO - DAG(s) 'update_db', 'produce_json' retrieved from /opt/airflow/dags/main.py
[2026-09-03T16:03:50.118+0000] {logging_mixin.py:188} INFO - [2026-09-03T16:03:50.105+0000] {dag.py:3096} INFO - Sync 2 DAGs
[2026-09-03T16:03:50.375+0000] {logging_mixin.py:188} INFO - [2026-09-03T16:03:50.374+0000] {dag.py:3954} INFO - Setting next_dagrun for produce_json to 2026-09-04 14:00:00+00:00, run_after=2026-09-05 14:00:00+00:00
[2026-09-03T16:03:50.476+0000] {logging_mixin.py:188} INFO - [2026-09-03T16:03:50.455+0000] {dag.py:3954} INFO - Setting next_dagrun for update_db to 2026-09-04 15:00:00+00:00, run_after=2026-09-05 15:00:00+00:00
[2026-09-03T16:03:51.180+0000] {processor.py:183} INFO - Processing /opt/airflow/dags/main.py took 5.040 seconds
[2026-09-03T16:04:21.734+0000] {processor.py:161} INFO - Started process (PID=225) to work on /opt/airflow/dags/main.py
[2026-09-03T16:04:21.737+0000] {processor.py:830} INFO - Processing file /opt/airflow/dags/main.py for tasks to queue
[2026-09-03T16:04:21.744+0000] {logging_mixin.py:188} INFO - [2026-09-03T16:04:21.744+0000] {dagbag.py:545} INFO - Filling up the DagBag from /opt/airflow/dags/main.py
[2026-09-03T16:04:21.947+0000] {logging_mixin.py:188} INFO - channel id is not executed
[2026-09-03T16:04:22.242+0000] {processor.py:840} INFO - DAG(s) 'update_db', 'produce_json' retrieved from /opt/airflow/dags/main.py
[2026-09-03T16:04:22.779+0000] {logging_mixin.py:188} INFO - [2026-09-03T16:04:22.778+0000] {dag.py:3096} INFO - Sync 2 DAGs
[2026-09-03T16:04:22.843+0000] {logging_mixin.py:188} INFO - [2026-09-03T16:04:22.842+0000] {dag.py:3954} INFO - Setting next_dagrun for produce_json to 2026-09-04 14:00:00+00:00, run_after=2026-09-05 14:00:00+00:00
[2026-09-03T16:04:22.855+0000] {logging_mixin.py:188} INFO - [2026-09-03T16:04:22.855+0000] {dag.py:3954} INFO - Setting next_dagrun for update_db to 2026-09-04 15:00:00+00:00, run_after=2026-09-05 15:00:00+00:00
[2026-09-03T16:04:22.962+0000] {processor.py:183} INFO - Processing /opt/airflow/dags/main.py took 1.244 seconds
[2026-09-03T16:04:53.165+0000] {processor.py:161} INFO - Started process (PID=233) to work on /opt/airflow/dags/main.py
[2026-09-03T16:04:53.177+0000] {processor.py:830} INFO - Processing file /opt/airflow/dags/main.py for tasks to queue
[2026-09-03T16:04:53.187+0000] {logging_mixin.py:188} INFO - [2026-09-03T16:04:53.187+0000] {dagbag.py:545} INFO - Filling up the DagBag from /opt/airflow/dags/main.py
[2026-09-03T16:04:53.405+0000] {logging_mixin.py:188} INFO - channel id is not executed
[2026-09-03T16:04:53.682+0000] {processor.py:840} INFO - DAG(s) 'update_db', 'produce_json' retrieved from /opt/airflow/dags/main.py
[2026-09-03T16:04:54.211+0000] {logging_mixin.py:188} INFO - [2026-09-03T16:04:54.210+0000] {dag.py:3096} INFO - Sync 2 DAGs
[2026-09-03T16:04:54.336+0000] {logging_mixin.py:188} INFO - [2026-09-03T16:04:54.335+0000] {dag.py:3954} INFO - Setting next_dagrun for produce_json to 2026-09-04 14:00:00+00:00, run_after=2026-09-05 14:00:00+00:00
[2026-09-03T16:04:54.364+0000] {logging_mixin.py:188} INFO - [2026-09-03T16:04:54.364+0000] {dag.py:3954} INFO - Setting next_dagrun for update_db to 2026-09-04 15:00:00+00:00, run_after=2026-09-05 15:00:00+00:00
[2026-09-03T16:04:54.492+0000] {processor.py:183} INFO - Processing /opt/airflow/dags/main.py took 1.356 seconds
[2026-09-03T16:05:25.528+0000] {processor.py:161} INFO - Started process (PID=240) to work on /opt/airflow/dags/main.py
[2026-09-03T16:05:25.538+0000] {processor.py:830} INFO - Processing file /opt/airflow/dags/main.py for tasks to queue
[2026-09-03T16:05:25.546+0000] {logging_mixin.py:188} INFO - [2026-09-03T16:05:25.545+0000] {dagbag.py:545} INFO - Filling up the DagBag from /opt/airflow/dags/main.py
[2026-09-03T16:05:26.108+0000] {logging_mixin.py:188} INFO - channel id is not executed
[2026-09-03T16:05:26.306+0000] {processor.py:840} INFO - DAG(s) 'update_db', 'produce_json' retrieved from /opt/airflow/dags/main.py
[2026-09-03T16:05:27.522+0000] {logging_mixin.py:188} INFO - [2026-09-03T16:05:27.518+0000] {dag.py:3096} INFO - Sync 2 DAGs
[2026-09-03T16:05:28.086+0000] {logging_mixin.py:188} INFO - [2026-09-03T16:05:28.085+0000] {dag.py:3954} INFO - Setting next_dagrun for produce_json to 2026-09-04 14:00:00+00:00, run_after=2026-09-05 14:00:00+00:00
[2026-09-03T16:05:28.621+0000] {logging_mixin.py:188} INFO - [2026-09-03T16:05:28.621+0000] {dag.py:3954} INFO - Setting next_dagrun for update_db to 2026-09-04 15:00:00+00:00, run_after=2026-09-05 15:00:00+00:00
[2026-09-03T16:05:29.103+0000] {processor.py:183} INFO - Processing /opt/airflow/dags/main.py took 3.599 seconds
[2026-09-03T16:06:00.860+0000] {processor.py:161} INFO - Started process (PID=247) to work on /opt/airflow/dags/main.py
[2026-09-03T16:06:01.009+0000] {processor.py:830} INFO - Processing file /opt/airflow/dags/main.py for tasks to queue
[2026-09-03T16:06:01.058+0000] {logging_mixin.py:188} INFO - [2026-09-03T16:06:01.057+0000] {dagbag.py:545} INFO - Filling up the DagBag from /opt/airflow/dags/main.py
[2026-09-03T16:06:01.600+0000] {logging_mixin.py:188} INFO - channel id is not executed
[2026-09-03T16:06:01.881+0000] {processor.py:840} INFO - DAG(s) 'update_db', 'produce_json' retrieved from /opt/airflow/dags/main.py
[2026-09-03T16:06:02.742+0000] {logging_mixin.py:188} INFO - [2026-09-03T16:06:02.741+0000] {dag.py:3096} INFO - Sync 2 DAGs
[2026-09-03T16:06:02.885+0000] {logging_mixin.py:188} INFO - [2026-09-03T16:06:02.875+0000] {dag.py:3954} INFO - Setting next_dagrun for produce_json to 2026-09-04 14:00:00+00:00, run_after=2026-09-05 14:00:00+00:00
[2026-09-03T16:06:02.919+0000] {logging_mixin.py:188} INFO - [2026-09-03T16:06:02.918+0000] {dag.py:3954} INFO - Setting next_dagrun for update_db to 2026-09-04 15:00:00+00:00, run_after=2026-09-05 15:00:00+00:00
[2026-09-03T16:06:03.045+0000] {processor.py:183} INFO - Processing /opt/airflow/dags/main.py took 2.295 seconds
[2026-09-03T16:06:44.700+0000] {processor.py:161} INFO - Started process (PID=254) to work on /opt/airflow/dags/main.py
[2026-09-03T16:06:44.731+0000] {processor.py:830} INFO - Processing file /opt/airflow/dags/main.py for tasks to queue
[2026-09-03T16:06:44.797+0000] {logging_mixin.py:188} INFO - [2026-09-03T16:06:44.797+0000] {dagbag.py:545} INFO - Filling up the DagBag from /opt/airflow/dags/main.py
[2026-09-03T16:07:00.102+0000] {logging_mixin.py:188} INFO - channel id is not executed
[2026-09-03T16:07:04.800+0000] {processor.py:840} INFO - DAG(s) 'produce_json', 'update_db' retrieved from /opt/airflow/dags/main.py
[2026-09-03T16:07:16.748+0000] {logging_mixin.py:188} INFO - [2026-09-03T16:07:16.748+0000] {dag.py:3096} INFO - Sync 2 DAGs
[2026-09-03T16:07:17.400+0000] {logging_mixin.py:188} INFO - [2026-09-03T16:07:17.399+0000] {dag.py:3954} INFO - Setting next_dagrun for produce_json to 2026-09-04 14:00:00+00:00, run_after=2026-09-05 14:00:00+00:00
[2026-09-03T16:07:18.099+0000] {logging_mixin.py:188} INFO - [2026-09-03T16:07:18.099+0000] {dag.py:3954} INFO - Setting next_dagrun for update_db to 2026-09-04 15:00:00+00:00, run_after=2026-09-05 15:00:00+00:00
[2026-09-03T16:07:18.430+0000] {processor.py:183} INFO - Processing /opt/airflow/dags/main.py took 34.260 seconds
[2026-09-03T16:07:58.091+0000] {processor.py:161} INFO - Started process (PID=274) to work on /opt/airflow/dags/main.py
[2026-09-03T16:07:58.119+0000] {processor.py:830} INFO - Processing file /opt/airflow/dags/main.py for tasks to queue
[2026-09-03T16:07:58.152+0000] {logging_mixin.py:188} INFO - [2026-09-03T16:07:58.151+0000] {dagbag.py:545} INFO - Filling up the DagBag from /opt/airflow/dags/main.py
[2026-09-03T16:07:59.353+0000] {logging_mixin.py:188} INFO - channel id is not executed
[2026-09-03T16:08:03.084+0000] {processor.py:840} INFO - DAG(s) 'update_db', 'produce_json' retrieved from /opt/airflow/dags/main.py
[2026-09-03T16:08:04.534+0000] {logging_mixin.py:188} INFO - [2026-09-03T16:08:04.533+0000] {dag.py:3096} INFO - Sync 2 DAGs
[2026-09-03T16:08:05.227+0000] {logging_mixin.py:188} INFO - [2026-09-03T16:08:05.226+0000] {dag.py:3954} INFO - Setting next_dagrun for produce_json to 2026-09-04 14:00:00+00:00, run_after=2026-09-05 14:00:00+00:00
[2026-09-03T16:08:05.382+0000] {logging_mixin.py:188} INFO - [2026-09-03T16:08:05.369+0000] {dag.py:3954} INFO - Setting next_dagrun for update_db to 2026-09-04 15:00:00+00:00, run_after=2026-09-05 15:00:00+00:00
[2026-09-03T16:08:05.665+0000] {processor.py:183} INFO - Processing /opt/airflow/dags/main.py took 7.609 seconds
[2026-09-03T16:08:40.517+0000] {processor.py:161} INFO - Started process (PID=280) to work on /opt/airflow/dags/main.py
[2026-09-03T16:08:40.542+0000] {processor.py:830} INFO - Processing file /opt/airflow/dags/main.py for tasks to queue
[2026-09-03T16:08:40.606+0000] {logging_mixin.py:188} INFO - [2026-09-03T16:08:40.605+0000] {dagbag.py:545} INFO - Filling up the DagBag from /opt/airflow/dags/main.py
[2026-09-03T16:08:46.709+0000] {logging_mixin.py:188} INFO - channel id is not executed
[2026-09-03T16:08:51.215+0000] {processor.py:840} INFO - DAG(s) 'update_db', 'produce_json' retrieved from /opt/airflow/dags/main.py
[2026-09-03T16:08:55.638+0000] {logging_mixin.py:188} INFO - [2026-09-03T16:08:55.614+0000] {dag.py:3096} INFO - Sync 2 DAGs
[2026-09-03T16:08:56.187+0000] {logging_mixin.py:188} INFO - [2026-09-03T16:08:56.178+0000] {dag.py:3954} INFO - Setting next_dagrun for produce_json to 2026-09-04 14:00:00+00:00, run_after=2026-09-05 14:00:00+00:00
[2026-09-03T16:08:56.236+0000] {logging_mixin.py:188} INFO - [2026-09-03T16:08:56.235+0000] {dag.py:3954} INFO - Setting next_dagrun for update_db to 2026-09-04 15:00:00+00:00, run_after=2026-09-05 15:00:00+00:00
[2026-09-03T16:08:56.466+0000] {processor.py:183} INFO - Processing /opt/airflow/dags/main.py took 16.000 seconds
[2026-09-03T16:09:28.341+0000] {processor.py:161} INFO - Started process (PID=293) to work on /opt/airflow/dags/main.py
[2026-09-03T16:09:28.464+0000] {processor.py:830} INFO - Processing file /opt/airflow/dags/main.py for tasks to queue
[2026-09-03T16:09:28.546+0000] {logging_mixin.py:188} INFO - [2026-09-03T16:09:28.545+0000] {dagbag.py:545} INFO - Filling up the DagBag from /opt/airflow/dags/main.py
[2026-09-03T16:09:30.133+0000] {logging_mixin.py:188} INFO - channel id is not executed
[2026-09-03T16:09:31.797+0000] {processor.py:840} INFO - DAG(s) 'produce_json', 'update_db' retrieved from /opt/airflow/dags/main.py
[2026-09-03T16:09:32.278+0000] {logging_mixin.py:188} INFO - [2026-09-03T16:09:32.277+0000] {dag.py:3096} INFO - Sync 2 DAGs
[2026-09-03T16:09:32.381+0000] {logging_mixin.py:188} INFO - [2026-09-03T16:09:32.380+0000] {dag.py:3954} INFO - Setting next_dagrun for produce_json to 2026-09-04 14:00:00+00:00, run_after=2026-09-05 14:00:00+00:00
[2026-09-03T16:09:32.582+0000] {logging_mixin.py:188} INFO - [2026-09-03T16:09:32.582+0000] {dag.py:3954} INFO - Setting next_dagrun for update_db to 2026-09-04 15:00:00+00:00, run_after=2026-09-05 15:00:00+00:00
[2026-09-03T16:09:33.498+0000] {processor.py:183} INFO - Processing /opt/airflow/dags/main.py took 5.195 seconds
[2026-09-03T16:10:07.204+0000] {processor.py:161} INFO - Started process (PID=301) to work on /opt/airflow/dags/main.py
[2026-09-03T16:10:07.216+0000] {processor.py:830} INFO - Processing file /opt/airflow/dags/main.py for tasks to queue
[2026-09-03T16:10:07.240+0000] {logging_mixin.py:188} INFO - [2026-09-03T16:10:07.239+0000] {dagbag.py:545} INFO - Filling up the DagBag from /opt/airflow/dags/main.py
[2026-09-03T16:10:08.261+0000] {logging_mixin.py:188} INFO - channel id is not executed
[2026-09-03T16:10:09.303+0000] {processor.py:840} INFO - DAG(s) 'update_db', 'produce_json' retrieved from /opt/airflow/dags/main.py
[2026-09-03T16:10:10.542+0000] {logging_mixin.py:188} INFO - [2026-09-03T16:10:10.530+0000] {dag.py:3096} INFO - Sync 2 DAGs
[2026-09-03T16:10:10.923+0000] {logging_mixin.py:188} INFO - [2026-09-03T16:10:10.922+0000] {dag.py:3954} INFO - Setting next_dagrun for produce_json to 2026-09-04 14:00:00+00:00, run_after=2026-09-05 14:00:00+00:00
[2026-09-03T16:10:10.989+0000] {logging_mixin.py:188} INFO - [2026-09-03T16:10:10.989+0000] {dag.py:3954} INFO - Setting next_dagrun for update_db to 2026-09-04 15:00:00+00:00, run_after=2026-09-05 15:00:00+00:00
[2026-09-03T16:10:12.011+0000] {processor.py:183} INFO - Processing /opt/airflow/dags/main.py took 4.853 seconds
[2026-09-03T16:10:47.755+0000] {processor.py:161} INFO - Started process (PID=308) to work on /opt/airflow/dags/main.py
[2026-09-03T16:10:47.790+0000] {processor.py:830} INFO - Processing file /opt/airflow/dags/main.py for tasks to queue
[2026-09-03T16:10:47.840+0000] {logging_mixin.py:188} INFO - [2026-09-03T16:10:47.839+0000] {dagbag.py:545} INFO - Filling up the DagBag from /opt/airflow/dags/main.py
[2026-09-03T16:10:50.220+0000] {logging_mixin.py:188} INFO - channel id is not executed
[2026-09-03T16:10:55.107+0000] {processor.py:840} INFO - DAG(s) 'produce_json', 'update_db' retrieved from /opt/airflow/dags/main.py
[2026-09-03T16:10:58.648+0000] {logging_mixin.py:188} INFO - [2026-09-03T16:10:58.647+0000] {dag.py:3096} INFO - Sync 2 DAGs
[2026-09-03T16:10:59.369+0000] {logging_mixin.py:188} INFO - [2026-09-03T16:10:59.368+0000] {dag.py:3954} INFO - Setting next_dagrun for produce_json to 2026-09-04 14:00:00+00:00, run_after=2026-09-05 14:00:00+00:00
[2026-09-03T16:10:59.459+0000] {logging_mixin.py:188} INFO - [2026-09-03T16:10:59.459+0000] {dag.py:3954} INFO - Setting next_dagrun for update_db to 2026-09-04 15:00:00+00:00, run_after=2026-09-05 15:00:00+00:00
[2026-09-03T16:10:59.875+0000] {processor.py:183} INFO - Processing /opt/airflow/dags/main.py took 12.155 seconds
[2026-09-03T16:11:31.618+0000] {processor.py:161} INFO - Started process (PID=320) to work on /opt/airflow/dags/main.py
[2026-09-03T16:11:31.633+0000] {processor.py:830} INFO - Processing file /opt/airflow/dags/main.py for tasks to queue
[2026-09-03T16:11:31.649+0000] {logging_mixin.py:188} INFO - [2026-09-03T16:11:31.648+0000] {dagbag.py:545} INFO - Filling up the DagBag from /opt/airflow/dags/main.py
[2026-09-03T16:11:31.965+0000] {logging_mixin.py:188} INFO - channel id is not executed
[2026-09-03T16:11:32.428+0000] {processor.py:840} INFO - DAG(s) 'produce_json', 'update_db' retrieved from /opt/airflow/dags/main.py
[2026-09-03T16:11:33.243+0000] {logging_mixin.py:188} INFO - [2026-09-03T16:11:33.232+0000] {dag.py:3096} INFO - Sync 2 DAGs
[2026-09-03T16:11:33.487+0000] {logging_mixin.py:188} INFO - [2026-09-03T16:11:33.487+0000] {dag.py:3954} INFO - Setting next_dagrun for produce_json to 2026-09-04 14:00:00+00:00, run_after=2026-09-05 14:00:00+00:00
[2026-09-03T16:11:33.692+0000] {logging_mixin.py:188} INFO - [2026-09-03T16:11:33.692+0000] {dag.py:3954} INFO - Setting next_dagrun for update_db to 2026-09-04 15:00:00+00:00, run_after=2026-09-05 15:00:00+00:00
[2026-09-03T16:11:34.029+0000] {processor.py:183} INFO - Processing /opt/airflow/dags/main.py took 2.469 seconds
[2026-09-03T16:12:04.443+0000] {processor.py:161} INFO - Started process (PID=329) to work on /opt/airflow/dags/main.py
[2026-09-03T16:12:04.447+0000] {processor.py:830} INFO - Processing file /opt/airflow/dags/main.py for tasks to queue
[2026-09-03T16:12:04.457+0000] {logging_mixin.py:188} INFO - [2026-09-03T16:12:04.456+0000] {dagbag.py:545} INFO - Filling up the DagBag from /opt/airflow/dags/main.py
[2026-09-03T16:12:05.161+0000] {logging_mixin.py:188} INFO - channel id is not executed
[2026-09-03T16:12:05.751+0000] {processor.py:840} INFO - DAG(s) 'update_db', 'produce_json' retrieved from /opt/airflow/dags/main.py
[2026-09-03T16:12:06.090+0000] {logging_mixin.py:188} INFO - [2026-09-03T16:12:06.089+0000] {dag.py:3096} INFO - Sync 2 DAGs
[2026-09-03T16:12:06.224+0000] {logging_mixin.py:188} INFO - [2026-09-03T16:12:06.213+0000] {dag.py:3954} INFO - Setting next_dagrun for produce_json to 2026-09-04 14:00:00+00:00, run_after=2026-09-05 14:00:00+00:00
[2026-09-03T16:12:06.252+0000] {logging_mixin.py:188} INFO - [2026-09-03T16:12:06.251+0000] {dag.py:3954} INFO - Setting next_dagrun for update_db to 2026-09-04 15:00:00+00:00, run_after=2026-09-05 15:00:00+00:00
[2026-09-03T16:12:06.339+0000] {processor.py:183} INFO - Processing /opt/airflow/dags/main.py took 1.914 seconds
[2026-09-03T16:12:37.843+0000] {processor.py:161} INFO - Started process (PID=335) to work on /opt/airflow/dags/main.py
[2026-09-03T16:12:37.847+0000] {processor.py:830} INFO - Processing file /opt/airflow/dags/main.py for tasks to queue
[2026-09-03T16:12:37.855+0000] {logging_mixin.py:188} INFO - [2026-09-03T16:12:37.854+0000] {dagbag.py:545} INFO - Filling up the DagBag from /opt/airflow/dags/main.py
[2026-09-03T16:12:37.997+0000] {logging_mixin.py:188} INFO - channel id is not executed
[2026-09-03T16:12:38.222+0000] {processor.py:840} INFO - DAG(s) 'produce_json', 'update_db' retrieved from /opt/airflow/dags/main.py
[2026-09-03T16:12:38.974+0000] {logging_mixin.py:188} INFO - [2026-09-03T16:12:38.974+0000] {dag.py:3096} INFO - Sync 2 DAGs
[2026-09-03T16:12:39.286+0000] {logging_mixin.py:188} INFO - [2026-09-03T16:12:39.283+0000] {dag.py:3954} INFO - Setting next_dagrun for produce_json to 2026-09-04 14:00:00+00:00, run_after=2026-09-05 14:00:00+00:00
[2026-09-03T16:12:39.303+0000] {logging_mixin.py:188} INFO - [2026-09-03T16:12:39.303+0000] {dag.py:3954} INFO - Setting next_dagrun for update_db to 2026-09-04 15:00:00+00:00, run_after=2026-09-05 15:00:00+00:00
[2026-09-03T16:12:39.389+0000] {processor.py:183} INFO - Processing /opt/airflow/dags/main.py took 1.564 seconds
[2026-09-03T16:13:10.545+0000] {processor.py:161} INFO - Started process (PID=342) to work on /opt/airflow/dags/main.py
[2026-09-03T16:13:10.570+0000] {processor.py:830} INFO - Processing file /opt/airflow/dags/main.py for tasks to queue
[2026-09-03T16:13:10.604+0000] {logging_mixin.py:188} INFO - [2026-09-03T16:13:10.603+0000] {dagbag.py:545} INFO - Filling up the DagBag from /opt/airflow/dags/main.py
[2026-09-03T16:13:22.290+0000] {logging_mixin.py:188} INFO - channel id is not executed
[2026-09-03T16:13:24.721+0000] {processor.py:840} INFO - DAG(s) 'update_db', 'produce_json' retrieved from /opt/airflow/dags/main.py
[2026-09-03T16:13:25.961+0000] {logging_mixin.py:188} INFO - [2026-09-03T16:13:25.961+0000] {dag.py:3096} INFO - Sync 2 DAGs
[2026-09-03T16:13:26.122+0000] {logging_mixin.py:188} INFO - [2026-09-03T16:13:26.121+0000] {dag.py:3954} INFO - Setting next_dagrun for produce_json to 2026-09-04 14:00:00+00:00, run_after=2026-09-05 14:00:00+00:00
[2026-09-03T16:13:26.151+0000] {logging_mixin.py:188} INFO - [2026-09-03T16:13:26.151+0000] {dag.py:3954} INFO - Setting next_dagrun for update_db to 2026-09-04 15:00:00+00:00, run_after=2026-09-05 15:00:00+00:00
[2026-09-03T16:13:26.289+0000] {processor.py:183} INFO - Processing /opt/airflow/dags/main.py took 15.789 seconds
[2026-09-03T16:13:57.309+0000] {processor.py:161} INFO - Started process (PID=353) to work on /opt/airflow/dags/main.py
[2026-09-03T16:13:57.313+0000] {processor.py:830} INFO - Processing file /opt/airflow/dags/main.py for tasks to queue
[2026-09-03T16:13:57.319+0000] {logging_mixin.py:188} INFO - [2026-09-03T16:13:57.318+0000] {dagbag.py:545} INFO - Filling up the DagBag from /opt/airflow/dags/main.py
[2026-09-03T16:13:57.513+0000] {logging_mixin.py:188} INFO - channel id is not executed
[2026-09-03T16:13:57.670+0000] {processor.py:840} INFO - DAG(s) 'update_db', 'produce_json' retrieved from /opt/airflow/dags/main.py
[2026-09-03T16:13:58.669+0000] {logging_mixin.py:188} INFO - [2026-09-03T16:13:58.668+0000] {dag.py:3096} INFO - Sync 2 DAGs
[2026-09-03T16:13:58.830+0000] {logging_mixin.py:188} INFO - [2026-09-03T16:13:58.819+0000] {dag.py:3954} INFO - Setting next_dagrun for produce_json to 2026-09-04 14:00:00+00:00, run_after=2026-09-05 14:00:00+00:00
[2026-09-03T16:13:58.867+0000] {logging_mixin.py:188} INFO - [2026-09-03T16:13:58.858+0000] {dag.py:3954} INFO - Setting next_dagrun for update_db to 2026-09-04 15:00:00+00:00, run_after=2026-09-05 15:00:00+00:00
[2026-09-03T16:14:01.021+0000] {processor.py:183} INFO - Processing /opt/airflow/dags/main.py took 3.725 seconds
[2026-09-03T16:14:31.825+0000] {processor.py:161} INFO - Started process (PID=359) to work on /opt/airflow/dags/main.py
[2026-09-03T16:14:31.952+0000] {processor.py:830} INFO - Processing file /opt/airflow/dags/main.py for tasks to queue
[2026-09-03T16:14:32.462+0000] {logging_mixin.py:188} INFO - [2026-09-03T16:14:32.461+0000] {dagbag.py:545} INFO - Filling up the DagBag from /opt/airflow/dags/main.py
[2026-09-03T16:14:33.435+0000] {logging_mixin.py:188} INFO - channel id is not executed
[2026-09-03T16:14:33.965+0000] {processor.py:840} INFO - DAG(s) 'produce_json', 'update_db' retrieved from /opt/airflow/dags/main.py
[2026-09-03T16:14:34.650+0000] {logging_mixin.py:188} INFO - [2026-09-03T16:14:34.650+0000] {dag.py:3096} INFO - Sync 2 DAGs
[2026-09-03T16:14:34.700+0000] {logging_mixin.py:188} INFO - [2026-09-03T16:14:34.699+0000] {dag.py:3954} INFO - Setting next_dagrun for produce_json to 2026-09-04 14:00:00+00:00, run_after=2026-09-05 14:00:00+00:00
[2026-09-03T16:14:34.719+0000] {logging_mixin.py:188} INFO - [2026-09-03T16:14:34.717+0000] {dag.py:3954} INFO - Setting next_dagrun for update_db to 2026-09-04 15:00:00+00:00, run_after=2026-09-05 15:00:00+00:00
[2026-09-03T16:14:34.902+0000] {processor.py:183} INFO - Processing /opt/airflow/dags/main.py took 3.114 seconds
[2026-09-03T16:15:05.593+0000] {processor.py:161} INFO - Started process (PID=365) to work on /opt/airflow/dags/main.py
[2026-09-03T16:15:05.596+0000] {processor.py:830} INFO - Processing file /opt/airflow/dags/main.py for tasks to queue
[2026-09-03T16:15:05.608+0000] {logging_mixin.py:188} INFO - [2026-09-03T16:15:05.607+0000] {dagbag.py:545} INFO - Filling up the DagBag from /opt/airflow/dags/main.py
[2026-09-03T16:15:05.740+0000] {logging_mixin.py:188} INFO - channel id is not executed
[2026-09-03T16:15:06.126+0000] {processor.py:840} INFO - DAG(s) 'produce_json', 'update_db' retrieved from /opt/airflow/dags/main.py
[2026-09-03T16:15:06.556+0000] {logging_mixin.py:188} INFO - [2026-09-03T16:15:06.555+0000] {dag.py:3096} INFO - Sync 2 DAGs
[2026-09-03T16:15:06.636+0000] {logging_mixin.py:188} INFO - [2026-09-03T16:15:06.635+0000] {dag.py:3954} INFO - Setting next_dagrun for produce_json to 2026-09-04 14:00:00+00:00, run_after=2026-09-05 14:00:00+00:00
[2026-09-03T16:15:06.649+0000] {logging_mixin.py:188} INFO - [2026-09-03T16:15:06.648+0000] {dag.py:3954} INFO - Setting next_dagrun for update_db to 2026-09-04 15:00:00+00:00, run_after=2026-09-05 15:00:00+00:00
[2026-09-03T16:15:06.740+0000] {processor.py:183} INFO - Processing /opt/airflow/dags/main.py took 1.583 seconds
[2026-09-03T16:15:37.088+0000] {processor.py:161} INFO - Started process (PID=372) to work on /opt/airflow/dags/main.py
[2026-09-03T16:15:37.112+0000] {processor.py:830} INFO - Processing file /opt/airflow/dags/main.py for tasks to queue
[2026-09-03T16:15:37.140+0000] {logging_mixin.py:188} INFO - [2026-09-03T16:15:37.139+0000] {dagbag.py:545} INFO - Filling up the DagBag from /opt/airflow/dags/main.py
[2026-09-03T16:15:37.253+0000] {logging_mixin.py:188} INFO - channel id is not executed
[2026-09-03T16:15:37.982+0000] {processor.py:840} INFO - DAG(s) 'produce_json', 'update_db' retrieved from /opt/airflow/dags/main.py
[2026-09-03T16:15:39.463+0000] {logging_mixin.py:188} INFO - [2026-09-03T16:15:39.463+0000] {dag.py:3096} INFO - Sync 2 DAGs
[2026-09-03T16:15:39.706+0000] {logging_mixin.py:188} INFO - [2026-09-03T16:15:39.705+0000] {dag.py:3954} INFO - Setting next_dagrun for produce_json to 2026-09-04 14:00:00+00:00, run_after=2026-09-05 14:00:00+00:00
[2026-09-03T16:15:39.756+0000] {logging_mixin.py:188} INFO - [2026-09-03T16:15:39.755+0000] {dag.py:3954} INFO - Setting next_dagrun for update_db to 2026-09-04 15:00:00+00:00, run_after=2026-09-05 15:00:00+00:00
[2026-09-03T16:15:39.985+0000] {processor.py:183} INFO - Processing /opt/airflow/dags/main.py took 3.048 seconds
[2026-09-03T16:16:10.190+0000] {processor.py:161} INFO - Started process (PID=379) to work on /opt/airflow/dags/main.py
[2026-09-03T16:16:10.197+0000] {processor.py:830} INFO - Processing file /opt/airflow/dags/main.py for tasks to queue
[2026-09-03T16:16:10.206+0000] {logging_mixin.py:188} INFO - [2026-09-03T16:16:10.205+0000] {dagbag.py:545} INFO - Filling up the DagBag from /opt/airflow/dags/main.py
[2026-09-03T16:16:10.303+0000] {logging_mixin.py:188} INFO - channel id is not executed
[2026-09-03T16:16:10.433+0000] {processor.py:840} INFO - DAG(s) 'produce_json', 'update_db' retrieved from /opt/airflow/dags/main.py
[2026-09-03T16:16:10.887+0000] {logging_mixin.py:188} INFO - [2026-09-03T16:16:10.882+0000] {dag.py:3096} INFO - Sync 2 DAGs
[2026-09-03T16:16:11.102+0000] {logging_mixin.py:188} INFO - [2026-09-03T16:16:11.101+0000] {dag.py:3954} INFO - Setting next_dagrun for produce_json to 2026-09-04 14:00:00+00:00, run_after=2026-09-05 14:00:00+00:00
[2026-09-03T16:16:11.123+0000] {logging_mixin.py:188} INFO - [2026-09-03T16:16:11.121+0000] {dag.py:3954} INFO - Setting next_dagrun for update_db to 2026-09-04 15:00:00+00:00, run_after=2026-09-05 15:00:00+00:00
[2026-09-03T16:16:11.205+0000] {processor.py:183} INFO - Processing /opt/airflow/dags/main.py took 1.038 seconds
[2026-09-03T16:16:42.096+0000] {processor.py:161} INFO - Started process (PID=385) to work on /opt/airflow/dags/main.py
[2026-09-03T16:16:42.101+0000] {processor.py:830} INFO - Processing file /opt/airflow/dags/main.py for tasks to queue
[2026-09-03T16:16:42.110+0000] {logging_mixin.py:188} INFO - [2026-09-03T16:16:42.109+0000] {dagbag.py:545} INFO - Filling up the DagBag from /opt/airflow/dags/main.py
[2026-09-03T16:16:42.315+0000] {logging_mixin.py:188} INFO - channel id is not executed
[2026-09-03T16:16:42.599+0000] {processor.py:840} INFO - DAG(s) 'update_db', 'produce_json' retrieved from /opt/airflow/dags/main.py
[2026-09-03T16:16:43.164+0000] {logging_mixin.py:188} INFO - [2026-09-03T16:16:43.154+0000] {dag.py:3096} INFO - Sync 2 DAGs
[2026-09-03T16:16:43.252+0000] {logging_mixin.py:188} INFO - [2026-09-03T16:16:43.252+0000] {dag.py:3954} INFO - Setting next_dagrun for produce_json to 2026-09-04 14:00:00+00:00, run_after=2026-09-05 14:00:00+00:00
[2026-09-03T16:16:43.264+0000] {logging_mixin.py:188} INFO - [2026-09-03T16:16:43.264+0000] {dag.py:3954} INFO - Setting next_dagrun for update_db to 2026-09-04 15:00:00+00:00, run_after=2026-09-05 15:00:00+00:00
[2026-09-03T16:16:43.322+0000] {processor.py:183} INFO - Processing /opt/airflow/dags/main.py took 1.248 seconds
[2026-09-03T16:17:16.637+0000] {processor.py:161} INFO - Started process (PID=391) to work on /opt/airflow/dags/main.py
[2026-09-03T16:17:16.654+0000] {processor.py:830} INFO - Processing file /opt/airflow/dags/main.py for tasks to queue
[2026-09-03T16:17:16.661+0000] {logging_mixin.py:188} INFO - [2026-09-03T16:17:16.660+0000] {dagbag.py:545} INFO - Filling up the DagBag from /opt/airflow/dags/main.py
[2026-09-03T16:17:19.620+0000] {logging_mixin.py:188} INFO - channel id is not executed
[2026-09-03T16:17:22.177+0000] {processor.py:840} INFO - DAG(s) 'produce_json', 'update_db' retrieved from /opt/airflow/dags/main.py
[2026-09-03T16:17:23.019+0000] {logging_mixin.py:188} INFO - [2026-09-03T16:17:23.019+0000] {dag.py:3096} INFO - Sync 2 DAGs
[2026-09-03T16:17:23.166+0000] {logging_mixin.py:188} INFO - [2026-09-03T16:17:23.165+0000] {dag.py:3954} INFO - Setting next_dagrun for produce_json to 2026-09-04 14:00:00+00:00, run_after=2026-09-05 14:00:00+00:00
[2026-09-03T16:17:23.232+0000] {logging_mixin.py:188} INFO - [2026-09-03T16:17:23.232+0000] {dag.py:3954} INFO - Setting next_dagrun for update_db to 2026-09-04 15:00:00+00:00, run_after=2026-09-05 15:00:00+00:00
[2026-09-03T16:17:23.427+0000] {processor.py:183} INFO - Processing /opt/airflow/dags/main.py took 6.824 seconds
[2026-09-03T16:17:54.376+0000] {processor.py:161} INFO - Started process (PID=398) to work on /opt/airflow/dags/main.py
[2026-09-03T16:17:54.379+0000] {processor.py:830} INFO - Processing file /opt/airflow/dags/main.py for tasks to queue
[2026-09-03T16:17:54.393+0000] {logging_mixin.py:188} INFO - [2026-09-03T16:17:54.392+0000] {dagbag.py:545} INFO - Filling up the DagBag from /opt/airflow/dags/main.py
[2026-09-03T16:17:54.826+0000] {logging_mixin.py:188} INFO - channel id is not executed
[2026-09-03T16:17:55.052+0000] {processor.py:840} INFO - DAG(s) 'produce_json', 'update_db' retrieved from /opt/airflow/dags/main.py
[2026-09-03T16:17:55.597+0000] {logging_mixin.py:188} INFO - [2026-09-03T16:17:55.596+0000] {dag.py:3096} INFO - Sync 2 DAGs
[2026-09-03T16:17:55.691+0000] {logging_mixin.py:188} INFO - [2026-09-03T16:17:55.679+0000] {dag.py:3954} INFO - Setting next_dagrun for produce_json to 2026-09-04 14:00:00+00:00, run_after=2026-09-05 14:00:00+00:00
[2026-09-03T16:17:55.727+0000] {logging_mixin.py:188} INFO - [2026-09-03T16:17:55.718+0000] {dag.py:3954} INFO - Setting next_dagrun for update_db to 2026-09-04 15:00:00+00:00, run_after=2026-09-05 15:00:00+00:00
[2026-09-03T16:17:55.814+0000] {processor.py:183} INFO - Processing /opt/airflow/dags/main.py took 1.465 seconds
[2026-09-03T16:18:27.306+0000] {processor.py:161} INFO - Started process (PID=406) to work on /opt/airflow/dags/main.py
[2026-09-03T16:18:27.350+0000] {processor.py:830} INFO - Processing file /opt/airflow/dags/main.py for tasks to queue
[2026-09-03T16:18:27.522+0000] {logging_mixin.py:188} INFO - [2026-09-03T16:18:27.521+0000] {dagbag.py:545} INFO - Filling up the DagBag from /opt/airflow/dags/main.py
[2026-09-03T16:18:32.693+0000] {logging_mixin.py:188} INFO - channel id is not executed
[2026-09-03T16:18:42.116+0000] {processor.py:840} INFO - DAG(s) 'produce_json', 'update_db' retrieved from /opt/airflow/dags/main.py
[2026-09-03T16:18:43.659+0000] {logging_mixin.py:188} INFO - [2026-09-03T16:18:43.658+0000] {dag.py:3096} INFO - Sync 2 DAGs
[2026-09-03T16:18:43.906+0000] {logging_mixin.py:188} INFO - [2026-09-03T16:18:43.906+0000] {dag.py:3954} INFO - Setting next_dagrun for produce_json to 2026-09-04 14:00:00+00:00, run_after=2026-09-05 14:00:00+00:00
[2026-09-03T16:18:44.062+0000] {logging_mixin.py:188} INFO - [2026-09-03T16:18:44.061+0000] {dag.py:3954} INFO - Setting next_dagrun for update_db to 2026-09-04 15:00:00+00:00, run_after=2026-09-05 15:00:00+00:00
[2026-09-03T16:18:44.760+0000] {processor.py:183} INFO - Processing /opt/airflow/dags/main.py took 17.557 seconds
[2026-09-03T16:19:18.178+0000] {processor.py:161} INFO - Started process (PID=417) to work on /opt/airflow/dags/main.py
[2026-09-03T16:19:18.214+0000] {processor.py:830} INFO - Processing file /opt/airflow/dags/main.py for tasks to queue
[2026-09-03T16:19:18.382+0000] {logging_mixin.py:188} INFO - [2026-09-03T16:19:18.381+0000] {dagbag.py:545} INFO - Filling up the DagBag from /opt/airflow/dags/main.py
[2026-09-03T16:19:22.189+0000] {logging_mixin.py:188} INFO - channel id is not executed
[2026-09-03T16:19:24.385+0000] {processor.py:840} INFO - DAG(s) 'produce_json', 'update_db' retrieved from /opt/airflow/dags/main.py
[2026-09-03T16:19:34.862+0000] {logging_mixin.py:188} INFO - [2026-09-03T16:19:34.861+0000] {dag.py:3096} INFO - Sync 2 DAGs
[2026-09-03T16:19:35.295+0000] {logging_mixin.py:188} INFO - [2026-09-03T16:19:35.270+0000] {dag.py:3954} INFO - Setting next_dagrun for produce_json to 2026-09-04 14:00:00+00:00, run_after=2026-09-05 14:00:00+00:00
[2026-09-03T16:19:35.404+0000] {logging_mixin.py:188} INFO - [2026-09-03T16:19:35.404+0000] {dag.py:3954} INFO - Setting next_dagrun for update_db to 2026-09-04 15:00:00+00:00, run_after=2026-09-05 15:00:00+00:00
[2026-09-03T16:19:35.865+0000] {processor.py:183} INFO - Processing /opt/airflow/dags/main.py took 17.755 seconds
[2026-09-03T16:20:06.746+0000] {processor.py:161} INFO - Started process (PID=431) to work on /opt/airflow/dags/main.py
[2026-09-03T16:20:06.763+0000] {processor.py:830} INFO - Processing file /opt/airflow/dags/main.py for tasks to queue
[2026-09-03T16:20:06.801+0000] {logging_mixin.py:188} INFO - [2026-09-03T16:20:06.800+0000] {dagbag.py:545} INFO - Filling up the DagBag from /opt/airflow/dags/main.py
[2026-09-03T16:20:08.414+0000] {logging_mixin.py:188} INFO - channel id is not executed
[2026-09-03T16:20:09.604+0000] {processor.py:840} INFO - DAG(s) 'update_db', 'produce_json' retrieved from /opt/airflow/dags/main.py
[2026-09-03T16:20:11.110+0000] {logging_mixin.py:188} INFO - [2026-09-03T16:20:11.109+0000] {dag.py:3096} INFO - Sync 2 DAGs
[2026-09-03T16:20:11.834+0000] {logging_mixin.py:188} INFO - [2026-09-03T16:20:11.821+0000] {dag.py:3954} INFO - Setting next_dagrun for produce_json to 2026-09-04 14:00:00+00:00, run_after=2026-09-05 14:00:00+00:00
[2026-09-03T16:20:11.964+0000] {logging_mixin.py:188} INFO - [2026-09-03T16:20:11.963+0000] {dag.py:3954} INFO - Setting next_dagrun for update_db to 2026-09-04 15:00:00+00:00, run_after=2026-09-05 15:00:00+00:00
[2026-09-03T16:20:12.317+0000] {processor.py:183} INFO - Processing /opt/airflow/dags/main.py took 5.625 seconds
[2026-09-03T16:20:50.064+0000] {processor.py:161} INFO - Started process (PID=438) to work on /opt/airflow/dags/main.py
[2026-09-03T16:20:50.134+0000] {processor.py:830} INFO - Processing file /opt/airflow/dags/main.py for tasks to queue
[2026-09-03T16:20:50.199+0000] {logging_mixin.py:188} INFO - [2026-09-03T16:20:50.198+0000] {dagbag.py:545} INFO - Filling up the DagBag from /opt/airflow/dags/main.py
[2026-09-03T16:20:52.665+0000] {logging_mixin.py:188} INFO - channel id is not executed
[2026-09-03T16:21:06.419+0000] {processor.py:840} INFO - DAG(s) 'update_db', 'produce_json' retrieved from /opt/airflow/dags/main.py
[2026-09-03T16:21:18.360+0000] {logging_mixin.py:188} INFO - [2026-09-03T16:21:18.360+0000] {dag.py:3096} INFO - Sync 2 DAGs
[2026-09-03T16:21:19.209+0000] {logging_mixin.py:188} INFO - [2026-09-03T16:21:19.208+0000] {dag.py:3954} INFO - Setting next_dagrun for produce_json to 2026-09-04 14:00:00+00:00, run_after=2026-09-05 14:00:00+00:00
[2026-09-03T16:21:19.390+0000] {logging_mixin.py:188} INFO - [2026-09-03T16:21:19.389+0000] {dag.py:3954} INFO - Setting next_dagrun for update_db to 2026-09-04 15:00:00+00:00, run_after=2026-09-05 15:00:00+00:00
[2026-09-03T16:21:20.761+0000] {processor.py:183} INFO - Processing /opt/airflow/dags/main.py took 30.820 seconds
[2026-09-03T16:21:52.392+0000] {processor.py:161} INFO - Started process (PID=450) to work on /opt/airflow/dags/main.py
[2026-09-03T16:21:52.434+0000] {processor.py:830} INFO - Processing file /opt/airflow/dags/main.py for tasks to queue
[2026-09-03T16:21:52.495+0000] {logging_mixin.py:188} INFO - [2026-09-03T16:21:52.494+0000] {dagbag.py:545} INFO - Filling up the DagBag from /opt/airflow/dags/main.py
[2026-09-03T16:21:53.145+0000] {logging_mixin.py:188} INFO - channel id is not executed
[2026-09-03T16:21:57.947+0000] {processor.py:840} INFO - DAG(s) 'update_db', 'produce_json' retrieved from /opt/airflow/dags/main.py
[2026-09-03T16:22:01.524+0000] {logging_mixin.py:188} INFO - [2026-09-03T16:22:01.523+0000] {dag.py:3096} INFO - Sync 2 DAGs
[2026-09-03T16:22:02.364+0000] {logging_mixin.py:188} INFO - [2026-09-03T16:22:02.363+0000] {dag.py:3954} INFO - Setting next_dagrun for produce_json to 2026-09-04 14:00:00+00:00, run_after=2026-09-05 14:00:00+00:00
[2026-09-03T16:22:02.861+0000] {logging_mixin.py:188} INFO - [2026-09-03T16:22:02.861+0000] {dag.py:3954} INFO - Setting next_dagrun for update_db to 2026-09-04 15:00:00+00:00, run_after=2026-09-05 15:00:00+00:00
[2026-09-03T16:22:04.449+0000] {processor.py:183} INFO - Processing /opt/airflow/dags/main.py took 12.093 seconds
[2026-09-03T16:22:36.189+0000] {processor.py:161} INFO - Started process (PID=458) to work on /opt/airflow/dags/main.py
[2026-09-03T16:22:36.245+0000] {processor.py:830} INFO - Processing file /opt/airflow/dags/main.py for tasks to queue
[2026-09-03T16:22:36.266+0000] {logging_mixin.py:188} INFO - [2026-09-03T16:22:36.266+0000] {dagbag.py:545} INFO - Filling up the DagBag from /opt/airflow/dags/main.py
[2026-09-03T16:22:37.296+0000] {logging_mixin.py:188} INFO - channel id is not executed
[2026-09-03T16:22:37.731+0000] {processor.py:840} INFO - DAG(s) 'update_db', 'produce_json' retrieved from /opt/airflow/dags/main.py
[2026-09-03T16:22:40.653+0000] {logging_mixin.py:188} INFO - [2026-09-03T16:22:40.652+0000] {dag.py:3096} INFO - Sync 2 DAGs
[2026-09-03T16:22:40.855+0000] {logging_mixin.py:188} INFO - [2026-09-03T16:22:40.854+0000] {dag.py:3954} INFO - Setting next_dagrun for produce_json to 2026-09-04 14:00:00+00:00, run_after=2026-09-05 14:00:00+00:00
[2026-09-03T16:22:41.062+0000] {logging_mixin.py:188} INFO - [2026-09-03T16:22:41.061+0000] {dag.py:3954} INFO - Setting next_dagrun for update_db to 2026-09-04 15:00:00+00:00, run_after=2026-09-05 15:00:00+00:00
[2026-09-03T16:22:41.877+0000] {processor.py:183} INFO - Processing /opt/airflow/dags/main.py took 5.823 seconds
[2026-09-03T16:23:16.716+0000] {processor.py:161} INFO - Started process (PID=465) to work on /opt/airflow/dags/main.py
[2026-09-03T16:23:16.920+0000] {processor.py:830} INFO - Processing file /opt/airflow/dags/main.py for tasks to queue
[2026-09-03T16:23:17.040+0000] {logging_mixin.py:188} INFO - [2026-09-03T16:23:17.039+0000] {dagbag.py:545} INFO - Filling up the DagBag from /opt/airflow/dags/main.py
[2026-09-03T16:23:26.750+0000] {logging_mixin.py:188} INFO - channel id is not executed
[2026-09-03T16:23:42.885+0000] {processor.py:840} INFO - DAG(s) 'update_db', 'produce_json' retrieved from /opt/airflow/dags/main.py
[2026-09-03T16:23:47.666+0000] {logging_mixin.py:188} INFO - [2026-09-03T16:23:47.666+0000] {dag.py:3096} INFO - Sync 2 DAGs
[2026-09-03T16:23:48.024+0000] {logging_mixin.py:188} INFO - [2026-09-03T16:23:48.023+0000] {dag.py:3954} INFO - Setting next_dagrun for produce_json to 2026-09-04 14:00:00+00:00, run_after=2026-09-05 14:00:00+00:00
[2026-09-03T16:23:49.110+0000] {logging_mixin.py:188} INFO - [2026-09-03T16:23:49.109+0000] {dag.py:3954} INFO - Setting next_dagrun for update_db to 2026-09-04 15:00:00+00:00, run_after=2026-09-05 15:00:00+00:00
[2026-09-03T16:23:49.457+0000] {processor.py:183} INFO - Processing /opt/airflow/dags/main.py took 33.132 seconds
[2026-09-03T16:24:20.392+0000] {processor.py:161} INFO - Started process (PID=479) to work on /opt/airflow/dags/main.py
[2026-09-03T16:24:20.397+0000] {processor.py:830} INFO - Processing file /opt/airflow/dags/main.py for tasks to queue
[2026-09-03T16:24:20.428+0000] {logging_mixin.py:188} INFO - [2026-09-03T16:24:20.427+0000] {dagbag.py:545} INFO - Filling up the DagBag from /opt/airflow/dags/main.py
[2026-09-03T16:24:20.746+0000] {logging_mixin.py:188} INFO - channel id is not executed
[2026-09-03T16:24:21.164+0000] {processor.py:840} INFO - DAG(s) 'update_db', 'produce_json' retrieved from /opt/airflow/dags/main.py
[2026-09-03T16:24:22.174+0000] {logging_mixin.py:188} INFO - [2026-09-03T16:24:22.173+0000] {dag.py:3096} INFO - Sync 2 DAGs
[2026-09-03T16:24:22.352+0000] {logging_mixin.py:188} INFO - [2026-09-03T16:24:22.351+0000] {dag.py:3954} INFO - Setting next_dagrun for produce_json to 2026-09-04 14:00:00+00:00, run_after=2026-09-05 14:00:00+00:00
[2026-09-03T16:24:22.386+0000] {logging_mixin.py:188} INFO - [2026-09-03T16:24:22.385+0000] {dag.py:3954} INFO - Setting next_dagrun for update_db to 2026-09-04 15:00:00+00:00, run_after=2026-09-05 15:00:00+00:00
[2026-09-03T16:24:22.516+0000] {processor.py:183} INFO - Processing /opt/airflow/dags/main.py took 2.149 seconds
[2026-09-03T16:24:57.165+0000] {processor.py:161} INFO - Started process (PID=485) to work on /opt/airflow/dags/main.py
[2026-09-03T16:24:57.181+0000] {processor.py:830} INFO - Processing file /opt/airflow/dags/main.py for tasks to queue
[2026-09-03T16:24:57.245+0000] {logging_mixin.py:188} INFO - [2026-09-03T16:24:57.243+0000] {dagbag.py:545} INFO - Filling up the DagBag from /opt/airflow/dags/main.py
[2026-09-03T16:25:13.845+0000] {logging_mixin.py:188} INFO - channel id is not executed
[2026-09-03T16:25:19.527+0000] {processor.py:840} INFO - DAG(s) 'update_db', 'produce_json' retrieved from /opt/airflow/dags/main.py
[2026-09-03T16:25:20.561+0000] {logging_mixin.py:188} INFO - [2026-09-03T16:25:20.560+0000] {dag.py:3096} INFO - Sync 2 DAGs
[2026-09-03T16:25:20.990+0000] {logging_mixin.py:188} INFO - [2026-09-03T16:25:20.990+0000] {dag.py:3954} INFO - Setting next_dagrun for produce_json to 2026-09-04 14:00:00+00:00, run_after=2026-09-05 14:00:00+00:00
[2026-09-03T16:25:21.056+0000] {logging_mixin.py:188} INFO - [2026-09-03T16:25:21.055+0000] {dag.py:3954} INFO - Setting next_dagrun for update_db to 2026-09-04 15:00:00+00:00, run_after=2026-09-05 15:00:00+00:00
[2026-09-03T16:25:21.761+0000] {processor.py:183} INFO - Processing /opt/airflow/dags/main.py took 25.721 seconds
[2026-09-03T16:25:53.043+0000] {processor.py:161} INFO - Started process (PID=497) to work on /opt/airflow/dags/main.py
[2026-09-03T16:25:53.086+0000] {processor.py:830} INFO - Processing file /opt/airflow/dags/main.py for tasks to queue
[2026-09-03T16:25:53.093+0000] {logging_mixin.py:188} INFO - [2026-09-03T16:25:53.092+0000] {dagbag.py:545} INFO - Filling up the DagBag from /opt/airflow/dags/main.py
[2026-09-03T16:25:53.562+0000] {logging_mixin.py:188} INFO - channel id is not executed
[2026-09-03T16:25:54.261+0000] {processor.py:840} INFO - DAG(s) 'produce_json', 'update_db' retrieved from /opt/airflow/dags/main.py
[2026-09-03T16:25:57.840+0000] {logging_mixin.py:188} INFO - [2026-09-03T16:25:57.824+0000] {dag.py:3096} INFO - Sync 2 DAGs
[2026-09-03T16:25:58.294+0000] {logging_mixin.py:188} INFO - [2026-09-03T16:25:58.293+0000] {dag.py:3954} INFO - Setting next_dagrun for produce_json to 2026-09-04 14:00:00+00:00, run_after=2026-09-05 14:00:00+00:00
[2026-09-03T16:25:58.499+0000] {logging_mixin.py:188} INFO - [2026-09-03T16:25:58.498+0000] {dag.py:3954} INFO - Setting next_dagrun for update_db to 2026-09-04 15:00:00+00:00, run_after=2026-09-05 15:00:00+00:00
[2026-09-03T16:25:58.894+0000] {processor.py:183} INFO - Processing /opt/airflow/dags/main.py took 5.862 seconds
[2026-09-03T16:26:36.414+0000] {processor.py:161} INFO - Started process (PID=503) to work on /opt/airflow/dags/main.py
[2026-09-03T16:26:36.582+0000] {processor.py:830} INFO - Processing file /opt/airflow/dags/main.py for tasks to queue
[2026-09-03T16:26:36.667+0000] {logging_mixin.py:188} INFO - [2026-09-03T16:26:36.665+0000] {dagbag.py:545} INFO - Filling up the DagBag from /opt/airflow/dags/main.py
[2026-09-03T16:26:39.660+0000] {logging_mixin.py:188} INFO - channel id is not executed
[2026-09-03T16:27:01.305+0000] {processor.py:840} INFO - DAG(s) 'update_db', 'produce_json' retrieved from /opt/airflow/dags/main.py
[2026-09-03T16:27:04.534+0000] {logging_mixin.py:188} INFO - [2026-09-03T16:27:04.371+0000] {dag.py:3096} INFO - Sync 2 DAGs
[2026-09-03T16:27:04.833+0000] {logging_mixin.py:188} INFO - [2026-09-03T16:27:04.832+0000] {dag.py:3954} INFO - Setting next_dagrun for produce_json to 2026-09-04 14:00:00+00:00, run_after=2026-09-05 14:00:00+00:00
[2026-09-03T16:27:04.933+0000] {logging_mixin.py:188} INFO - [2026-09-03T16:27:04.932+0000] {dag.py:3954} INFO - Setting next_dagrun for update_db to 2026-09-04 15:00:00+00:00, run_after=2026-09-05 15:00:00+00:00
[2026-09-03T16:27:06.032+0000] {processor.py:183} INFO - Processing /opt/airflow/dags/main.py took 29.409 seconds
[2026-09-03T16:28:01.453+0000] {processor.py:161} INFO - Started process (PID=515) to work on /opt/airflow/dags/main.py
[2026-09-03T16:28:01.484+0000] {processor.py:830} INFO - Processing file /opt/airflow/dags/main.py for tasks to queue
[2026-09-03T16:28:01.498+0000] {logging_mixin.py:188} INFO - [2026-09-03T16:28:01.497+0000] {dagbag.py:545} INFO - Filling up the DagBag from /opt/airflow/dags/main.py
[2026-09-03T16:28:05.762+0000] {logging_mixin.py:188} INFO - channel id is not executed
[2026-09-03T16:28:26.453+0000] {processor.py:840} INFO - DAG(s) 'produce_json', 'update_db' retrieved from /opt/airflow/dags/main.py
[2026-09-03T16:29:28.120+0000] {processor.py:161} INFO - Started process (PID=528) to work on /opt/airflow/dags/main.py
[2026-09-03T16:29:28.193+0000] {processor.py:830} INFO - Processing file /opt/airflow/dags/main.py for tasks to queue
[2026-09-03T16:29:28.221+0000] {logging_mixin.py:188} INFO - [2026-09-03T16:29:28.214+0000] {dagbag.py:545} INFO - Filling up the DagBag from /opt/airflow/dags/main.py
[2026-09-03T16:29:35.054+0000] {logging_mixin.py:188} INFO - channel id is not executed
[2026-09-03T16:29:44.237+0000] {processor.py:840} INFO - DAG(s) 'update_db', 'produce_json' retrieved from /opt/airflow/dags/main.py
[2026-09-03T16:29:46.472+0000] {logging_mixin.py:188} INFO - [2026-09-03T16:29:46.471+0000] {dag.py:3096} INFO - Sync 2 DAGs
[2026-09-03T16:29:47.982+0000] {logging_mixin.py:188} INFO - [2026-09-03T16:29:47.980+0000] {dag.py:3954} INFO - Setting next_dagrun for produce_json to 2026-09-04 14:00:00+00:00, run_after=2026-09-05 14:00:00+00:00
[2026-09-03T16:29:48.132+0000] {logging_mixin.py:188} INFO - [2026-09-03T16:29:48.131+0000] {dag.py:3954} INFO - Setting next_dagrun for update_db to 2026-09-04 15:00:00+00:00, run_after=2026-09-05 15:00:00+00:00
[2026-09-03T16:29:48.828+0000] {processor.py:183} INFO - Processing /opt/airflow/dags/main.py took 20.894 seconds
[2026-09-03T16:30:21.002+0000] {processor.py:161} INFO - Started process (PID=541) to work on /opt/airflow/dags/main.py
[2026-09-03T16:30:21.024+0000] {processor.py:830} INFO - Processing file /opt/airflow/dags/main.py for tasks to queue
[2026-09-03T16:30:21.039+0000] {logging_mixin.py:188} INFO - [2026-09-03T16:30:21.038+0000] {dagbag.py:545} INFO - Filling up the DagBag from /opt/airflow/dags/main.py
[2026-09-03T16:30:23.220+0000] {logging_mixin.py:188} INFO - channel id is not executed
[2026-09-03T16:30:25.773+0000] {processor.py:840} INFO - DAG(s) 'produce_json', 'update_db' retrieved from /opt/airflow/dags/main.py
[2026-09-03T16:30:28.201+0000] {logging_mixin.py:188} INFO - [2026-09-03T16:30:28.200+0000] {dag.py:3096} INFO - Sync 2 DAGs
[2026-09-03T16:30:29.207+0000] {logging_mixin.py:188} INFO - [2026-09-03T16:30:29.206+0000] {dag.py:3954} INFO - Setting next_dagrun for produce_json to 2026-09-04 14:00:00+00:00, run_after=2026-09-05 14:00:00+00:00
[2026-09-03T16:30:29.304+0000] {logging_mixin.py:188} INFO - [2026-09-03T16:30:29.286+0000] {dag.py:3954} INFO - Setting next_dagrun for update_db to 2026-09-04 15:00:00+00:00, run_after=2026-09-05 15:00:00+00:00
[2026-09-03T16:30:29.770+0000] {processor.py:183} INFO - Processing /opt/airflow/dags/main.py took 8.844 seconds
[2026-09-03T16:31:00.801+0000] {processor.py:161} INFO - Started process (PID=549) to work on /opt/airflow/dags/main.py
[2026-09-03T16:31:00.868+0000] {processor.py:830} INFO - Processing file /opt/airflow/dags/main.py for tasks to queue
[2026-09-03T16:31:00.899+0000] {logging_mixin.py:188} INFO - [2026-09-03T16:31:00.898+0000] {dagbag.py:545} INFO - Filling up the DagBag from /opt/airflow/dags/main.py
[2026-09-03T16:31:01.422+0000] {logging_mixin.py:188} INFO - channel id is not executed
[2026-09-03T16:31:02.136+0000] {processor.py:840} INFO - DAG(s) 'update_db', 'produce_json' retrieved from /opt/airflow/dags/main.py
[2026-09-03T16:31:03.953+0000] {logging_mixin.py:188} INFO - [2026-09-03T16:31:03.953+0000] {dag.py:3096} INFO - Sync 2 DAGs
[2026-09-03T16:31:04.201+0000] {logging_mixin.py:188} INFO - [2026-09-03T16:31:04.200+0000] {dag.py:3954} INFO - Setting next_dagrun for produce_json to 2026-09-04 14:00:00+00:00, run_after=2026-09-05 14:00:00+00:00
[2026-09-03T16:31:04.254+0000] {logging_mixin.py:188} INFO - [2026-09-03T16:31:04.253+0000] {dag.py:3954} INFO - Setting next_dagrun for update_db to 2026-09-04 15:00:00+00:00, run_after=2026-09-05 15:00:00+00:00
[2026-09-03T16:31:04.558+0000] {processor.py:183} INFO - Processing /opt/airflow/dags/main.py took 3.825 seconds
[2026-09-03T16:31:37.756+0000] {processor.py:161} INFO - Started process (PID=555) to work on /opt/airflow/dags/main.py
[2026-09-03T16:31:37.822+0000] {processor.py:830} INFO - Processing file /opt/airflow/dags/main.py for tasks to queue
[2026-09-03T16:31:37.860+0000] {logging_mixin.py:188} INFO - [2026-09-03T16:31:37.835+0000] {dagbag.py:545} INFO - Filling up the DagBag from /opt/airflow/dags/main.py
[2026-09-03T16:31:39.509+0000] {logging_mixin.py:188} INFO - channel id is not executed
[2026-09-03T16:31:40.472+0000] {processor.py:840} INFO - DAG(s) 'update_db', 'produce_json' retrieved from /opt/airflow/dags/main.py
[2026-09-03T16:31:42.014+0000] {logging_mixin.py:188} INFO - [2026-09-03T16:31:42.014+0000] {dag.py:3096} INFO - Sync 2 DAGs
[2026-09-03T16:31:42.191+0000] {logging_mixin.py:188} INFO - [2026-09-03T16:31:42.190+0000] {dag.py:3954} INFO - Setting next_dagrun for produce_json to 2026-09-04 14:00:00+00:00, run_after=2026-09-05 14:00:00+00:00
[2026-09-03T16:31:42.216+0000] {logging_mixin.py:188} INFO - [2026-09-03T16:31:42.215+0000] {dag.py:3954} INFO - Setting next_dagrun for update_db to 2026-09-04 15:00:00+00:00, run_after=2026-09-05 15:00:00+00:00
[2026-09-03T16:31:42.475+0000] {processor.py:183} INFO - Processing /opt/airflow/dags/main.py took 5.348 seconds
[2026-09-03T16:32:12.942+0000] {processor.py:161} INFO - Started process (PID=568) to work on /opt/airflow/dags/main.py
[2026-09-03T16:32:12.949+0000] {processor.py:830} INFO - Processing file /opt/airflow/dags/main.py for tasks to queue
[2026-09-03T16:32:12.956+0000] {logging_mixin.py:188} INFO - [2026-09-03T16:32:12.955+0000] {dagbag.py:545} INFO - Filling up the DagBag from /opt/airflow/dags/main.py
[2026-09-03T16:32:13.076+0000] {logging_mixin.py:188} INFO - channel id is not executed
[2026-09-03T16:32:13.718+0000] {processor.py:840} INFO - DAG(s) 'update_db', 'produce_json' retrieved from /opt/airflow/dags/main.py
[2026-09-03T16:32:14.413+0000] {logging_mixin.py:188} INFO - [2026-09-03T16:32:14.413+0000] {dag.py:3096} INFO - Sync 2 DAGs
[2026-09-03T16:32:15.205+0000] {logging_mixin.py:188} INFO - [2026-09-03T16:32:15.197+0000] {dag.py:3954} INFO - Setting next_dagrun for produce_json to 2026-09-04 14:00:00+00:00, run_after=2026-09-05 14:00:00+00:00
[2026-09-03T16:32:15.367+0000] {logging_mixin.py:188} INFO - [2026-09-03T16:32:15.339+0000] {dag.py:3954} INFO - Setting next_dagrun for update_db to 2026-09-04 15:00:00+00:00, run_after=2026-09-05 15:00:00+00:00
[2026-09-03T16:32:15.637+0000] {processor.py:183} INFO - Processing /opt/airflow/dags/main.py took 2.715 seconds
[2026-09-03T16:32:46.524+0000] {processor.py:161} INFO - Started process (PID=574) to work on /opt/airflow/dags/main.py
[2026-09-03T16:32:46.530+0000] {processor.py:830} INFO - Processing file /opt/airflow/dags/main.py for tasks to queue
[2026-09-03T16:32:46.537+0000] {logging_mixin.py:188} INFO - [2026-09-03T16:32:46.533+0000] {dagbag.py:545} INFO - Filling up the DagBag from /opt/airflow/dags/main.py
[2026-09-03T16:32:46.711+0000] {logging_mixin.py:188} INFO - channel id is not executed
[2026-09-03T16:32:46.861+0000] {processor.py:840} INFO - DAG(s) 'update_db', 'produce_json' retrieved from /opt/airflow/dags/main.py
[2026-09-03T16:32:47.555+0000] {logging_mixin.py:188} INFO - [2026-09-03T16:32:47.554+0000] {dag.py:3096} INFO - Sync 2 DAGs
[2026-09-03T16:32:47.635+0000] {logging_mixin.py:188} INFO - [2026-09-03T16:32:47.630+0000] {dag.py:3954} INFO - Setting next_dagrun for produce_json to 2026-09-04 14:00:00+00:00, run_after=2026-09-05 14:00:00+00:00
[2026-09-03T16:32:47.649+0000] {logging_mixin.py:188} INFO - [2026-09-03T16:32:47.648+0000] {dag.py:3954} INFO - Setting next_dagrun for update_db to 2026-09-04 15:00:00+00:00, run_after=2026-09-05 15:00:00+00:00
[2026-09-03T16:32:47.761+0000] {processor.py:183} INFO - Processing /opt/airflow/dags/main.py took 1.266 seconds
[2026-09-03T16:33:18.259+0000] {processor.py:161} INFO - Started process (PID=580) to work on /opt/airflow/dags/main.py
[2026-09-03T16:33:18.263+0000] {processor.py:830} INFO - Processing file /opt/airflow/dags/main.py for tasks to queue
[2026-09-03T16:33:18.271+0000] {logging_mixin.py:188} INFO - [2026-09-03T16:33:18.267+0000] {dagbag.py:545} INFO - Filling up the DagBag from /opt/airflow/dags/main.py
[2026-09-03T16:33:18.375+0000] {logging_mixin.py:188} INFO - channel id is not executed
[2026-09-03T16:33:18.536+0000] {processor.py:840} INFO - DAG(s) 'update_db', 'produce_json' retrieved from /opt/airflow/dags/main.py
[2026-09-03T16:33:19.245+0000] {logging_mixin.py:188} INFO - [2026-09-03T16:33:19.244+0000] {dag.py:3096} INFO - Sync 2 DAGs
[2026-09-03T16:33:19.396+0000] {logging_mixin.py:188} INFO - [2026-09-03T16:33:19.395+0000] {dag.py:3954} INFO - Setting next_dagrun for produce_json to 2026-09-04 14:00:00+00:00, run_after=2026-09-05 14:00:00+00:00
[2026-09-03T16:33:19.417+0000] {logging_mixin.py:188} INFO - [2026-09-03T16:33:19.416+0000] {dag.py:3954} INFO - Setting next_dagrun for update_db to 2026-09-04 15:00:00+00:00, run_after=2026-09-05 15:00:00+00:00
[2026-09-03T16:33:19.528+0000] {processor.py:183} INFO - Processing /opt/airflow/dags/main.py took 1.287 seconds
[2026-09-03T16:33:50.578+0000] {processor.py:161} INFO - Started process (PID=587) to work on /opt/airflow/dags/main.py
[2026-09-03T16:33:50.593+0000] {processor.py:830} INFO - Processing file /opt/airflow/dags/main.py for tasks to queue
[2026-09-03T16:33:50.601+0000] {logging_mixin.py:188} INFO - [2026-09-03T16:33:50.600+0000] {dagbag.py:545} INFO - Filling up the DagBag from /opt/airflow/dags/main.py
[2026-09-03T16:33:51.216+0000] {logging_mixin.py:188} INFO - channel id is not executed
[2026-09-03T16:33:51.869+0000] {processor.py:840} INFO - DAG(s) 'produce_json', 'update_db' retrieved from /opt/airflow/dags/main.py
[2026-09-03T16:33:53.102+0000] {logging_mixin.py:188} INFO - [2026-09-03T16:33:53.101+0000] {dag.py:3096} INFO - Sync 2 DAGs
[2026-09-03T16:33:53.277+0000] {logging_mixin.py:188} INFO - [2026-09-03T16:33:53.276+0000] {dag.py:3954} INFO - Setting next_dagrun for produce_json to 2026-09-04 14:00:00+00:00, run_after=2026-09-05 14:00:00+00:00
[2026-09-03T16:33:53.774+0000] {logging_mixin.py:188} INFO - [2026-09-03T16:33:53.773+0000] {dag.py:3954} INFO - Setting next_dagrun for update_db to 2026-09-04 15:00:00+00:00, run_after=2026-09-05 15:00:00+00:00
[2026-09-03T16:33:54.267+0000] {processor.py:183} INFO - Processing /opt/airflow/dags/main.py took 4.130 seconds
[2026-09-03T16:34:24.581+0000] {processor.py:161} INFO - Started process (PID=594) to work on /opt/airflow/dags/main.py
[2026-09-03T16:34:24.584+0000] {processor.py:830} INFO - Processing file /opt/airflow/dags/main.py for tasks to queue
[2026-09-03T16:34:24.590+0000] {logging_mixin.py:188} INFO - [2026-09-03T16:34:24.588+0000] {dagbag.py:545} INFO - Filling up the DagBag from /opt/airflow/dags/main.py
[2026-09-03T16:34:25.017+0000] {logging_mixin.py:188} INFO - channel id is not executed
[2026-09-03T16:34:26.815+0000] {processor.py:840} INFO - DAG(s) 'produce_json', 'update_db' retrieved from /opt/airflow/dags/main.py
[2026-09-03T16:34:28.783+0000] {logging_mixin.py:188} INFO - [2026-09-03T16:34:28.782+0000] {dag.py:3096} INFO - Sync 2 DAGs
[2026-09-03T16:34:29.365+0000] {logging_mixin.py:188} INFO - [2026-09-03T16:34:29.364+0000] {dag.py:3954} INFO - Setting next_dagrun for produce_json to 2026-09-04 14:00:00+00:00, run_after=2026-09-05 14:00:00+00:00
[2026-09-03T16:34:29.917+0000] {logging_mixin.py:188} INFO - [2026-09-03T16:34:29.916+0000] {dag.py:3954} INFO - Setting next_dagrun for update_db to 2026-09-04 15:00:00+00:00, run_after=2026-09-05 15:00:00+00:00
[2026-09-03T16:34:30.929+0000] {processor.py:183} INFO - Processing /opt/airflow/dags/main.py took 6.529 seconds
[2026-09-03T16:35:01.818+0000] {processor.py:161} INFO - Started process (PID=601) to work on /opt/airflow/dags/main.py
[2026-09-03T16:35:01.824+0000] {processor.py:830} INFO - Processing file /opt/airflow/dags/main.py for tasks to queue
[2026-09-03T16:35:01.833+0000] {logging_mixin.py:188} INFO - [2026-09-03T16:35:01.832+0000] {dagbag.py:545} INFO - Filling up the DagBag from /opt/airflow/dags/main.py
[2026-09-03T16:35:01.991+0000] {logging_mixin.py:188} INFO - channel id is not executed
[2026-09-03T16:35:02.280+0000] {processor.py:840} INFO - DAG(s) 'produce_json', 'update_db' retrieved from /opt/airflow/dags/main.py
[2026-09-03T16:35:03.932+0000] {logging_mixin.py:188} INFO - [2026-09-03T16:35:03.931+0000] {dag.py:3096} INFO - Sync 2 DAGs
[2026-09-03T16:35:04.092+0000] {logging_mixin.py:188} INFO - [2026-09-03T16:35:04.091+0000] {dag.py:3954} INFO - Setting next_dagrun for produce_json to 2026-09-04 14:00:00+00:00, run_after=2026-09-05 14:00:00+00:00
[2026-09-03T16:35:04.649+0000] {logging_mixin.py:188} INFO - [2026-09-03T16:35:04.648+0000] {dag.py:3954} INFO - Setting next_dagrun for update_db to 2026-09-04 15:00:00+00:00, run_after=2026-09-05 15:00:00+00:00
[2026-09-03T16:35:04.892+0000] {processor.py:183} INFO - Processing /opt/airflow/dags/main.py took 3.113 seconds
[2026-09-03T16:35:35.384+0000] {processor.py:161} INFO - Started process (PID=608) to work on /opt/airflow/dags/main.py
[2026-09-03T16:35:35.387+0000] {processor.py:830} INFO - Processing file /opt/airflow/dags/main.py for tasks to queue
[2026-09-03T16:35:35.392+0000] {logging_mixin.py:188} INFO - [2026-09-03T16:35:35.391+0000] {dagbag.py:545} INFO - Filling up the DagBag from /opt/airflow/dags/main.py
[2026-09-03T16:35:35.534+0000] {logging_mixin.py:188} INFO - channel id is not executed
[2026-09-03T16:35:35.934+0000] {processor.py:840} INFO - DAG(s) 'update_db', 'produce_json' retrieved from /opt/airflow/dags/main.py
[2026-09-03T16:35:36.419+0000] {logging_mixin.py:188} INFO - [2026-09-03T16:35:36.418+0000] {dag.py:3096} INFO - Sync 2 DAGs
[2026-09-03T16:35:36.512+0000] {logging_mixin.py:188} INFO - [2026-09-03T16:35:36.512+0000] {dag.py:3954} INFO - Setting next_dagrun for produce_json to 2026-09-04 14:00:00+00:00, run_after=2026-09-05 14:00:00+00:00
[2026-09-03T16:35:36.542+0000] {logging_mixin.py:188} INFO - [2026-09-03T16:35:36.541+0000] {dag.py:3954} INFO - Setting next_dagrun for update_db to 2026-09-04 15:00:00+00:00, run_after=2026-09-05 15:00:00+00:00
[2026-09-03T16:35:36.604+0000] {processor.py:183} INFO - Processing /opt/airflow/dags/main.py took 1.237 seconds
[2026-09-03T16:36:08.046+0000] {processor.py:161} INFO - Started process (PID=616) to work on /opt/airflow/dags/main.py
[2026-09-03T16:36:08.054+0000] {processor.py:830} INFO - Processing file /opt/airflow/dags/main.py for tasks to queue
[2026-09-03T16:36:08.062+0000] {logging_mixin.py:188} INFO - [2026-09-03T16:36:08.061+0000] {dagbag.py:545} INFO - Filling up the DagBag from /opt/airflow/dags/main.py
[2026-09-03T16:36:08.216+0000] {logging_mixin.py:188} INFO - channel id is not executed
[2026-09-03T16:36:08.434+0000] {processor.py:840} INFO - DAG(s) 'update_db', 'produce_json' retrieved from /opt/airflow/dags/main.py
[2026-09-03T16:36:08.976+0000] {logging_mixin.py:188} INFO - [2026-09-03T16:36:08.975+0000] {dag.py:3096} INFO - Sync 2 DAGs
[2026-09-03T16:36:09.058+0000] {logging_mixin.py:188} INFO - [2026-09-03T16:36:09.057+0000] {dag.py:3954} INFO - Setting next_dagrun for produce_json to 2026-09-04 14:00:00+00:00, run_after=2026-09-05 14:00:00+00:00
[2026-09-03T16:36:09.072+0000] {logging_mixin.py:188} INFO - [2026-09-03T16:36:09.072+0000] {dag.py:3954} INFO - Setting next_dagrun for update_db to 2026-09-04 15:00:00+00:00, run_after=2026-09-05 15:00:00+00:00
[2026-09-03T16:36:10.161+0000] {processor.py:183} INFO - Processing /opt/airflow/dags/main.py took 2.137 seconds
[2026-09-03T16:36:40.380+0000] {processor.py:161} INFO - Started process (PID=622) to work on /opt/airflow/dags/main.py
[2026-09-03T16:36:40.384+0000] {processor.py:830} INFO - Processing file /opt/airflow/dags/main.py for tasks to queue
[2026-09-03T16:36:40.389+0000] {logging_mixin.py:188} INFO - [2026-09-03T16:36:40.388+0000] {dagbag.py:545} INFO - Filling up the DagBag from /opt/airflow/dags/main.py
[2026-09-03T16:36:40.513+0000] {logging_mixin.py:188} INFO - channel id is not executed
[2026-09-03T16:36:40.674+0000] {processor.py:840} INFO - DAG(s) 'update_db', 'produce_json' retrieved from /opt/airflow/dags/main.py
[2026-09-03T16:36:41.416+0000] {logging_mixin.py:188} INFO - [2026-09-03T16:36:41.415+0000] {dag.py:3096} INFO - Sync 2 DAGs
[2026-09-03T16:36:41.603+0000] {logging_mixin.py:188} INFO - [2026-09-03T16:36:41.601+0000] {dag.py:3954} INFO - Setting next_dagrun for produce_json to 2026-09-04 14:00:00+00:00, run_after=2026-09-05 14:00:00+00:00
[2026-09-03T16:36:41.665+0000] {logging_mixin.py:188} INFO - [2026-09-03T16:36:41.665+0000] {dag.py:3954} INFO - Setting next_dagrun for update_db to 2026-09-04 15:00:00+00:00, run_after=2026-09-05 15:00:00+00:00
[2026-09-03T16:36:41.949+0000] {processor.py:183} INFO - Processing /opt/airflow/dags/main.py took 1.588 seconds
[2026-09-03T16:37:12.115+0000] {processor.py:161} INFO - Started process (PID=628) to work on /opt/airflow/dags/main.py
[2026-09-03T16:37:12.118+0000] {processor.py:830} INFO - Processing file /opt/airflow/dags/main.py for tasks to queue
[2026-09-03T16:37:12.123+0000] {logging_mixin.py:188} INFO - [2026-09-03T16:37:12.122+0000] {dagbag.py:545} INFO - Filling up the DagBag from /opt/airflow/dags/main.py
[2026-09-03T16:37:12.367+0000] {logging_mixin.py:188} INFO - channel id is not executed
[2026-09-03T16:37:12.529+0000] {processor.py:840} INFO - DAG(s) 'produce_json', 'update_db' retrieved from /opt/airflow/dags/main.py
[2026-09-03T16:37:13.818+0000] {logging_mixin.py:188} INFO - [2026-09-03T16:37:13.817+0000] {dag.py:3096} INFO - Sync 2 DAGs
[2026-09-03T16:37:13.921+0000] {logging_mixin.py:188} INFO - [2026-09-03T16:37:13.919+0000] {dag.py:3954} INFO - Setting next_dagrun for produce_json to 2026-09-04 14:00:00+00:00, run_after=2026-09-05 14:00:00+00:00
[2026-09-03T16:37:13.944+0000] {logging_mixin.py:188} INFO - [2026-09-03T16:37:13.944+0000] {dag.py:3954} INFO - Setting next_dagrun for update_db to 2026-09-04 15:00:00+00:00, run_after=2026-09-05 15:00:00+00:00
[2026-09-03T16:37:14.033+0000] {processor.py:183} INFO - Processing /opt/airflow/dags/main.py took 1.949 seconds
[2026-09-03T16:37:44.239+0000] {processor.py:161} INFO - Started process (PID=635) to work on /opt/airflow/dags/main.py
[2026-09-03T16:37:44.243+0000] {processor.py:830} INFO - Processing file /opt/airflow/dags/main.py for tasks to queue
[2026-09-03T16:37:44.247+0000] {logging_mixin.py:188} INFO - [2026-09-03T16:37:44.246+0000] {dagbag.py:545} INFO - Filling up the DagBag from /opt/airflow/dags/main.py
[2026-09-03T16:37:44.552+0000] {logging_mixin.py:188} INFO - channel id is not executed
[2026-09-03T16:37:44.694+0000] {processor.py:840} INFO - DAG(s) 'update_db', 'produce_json' retrieved from /opt/airflow/dags/main.py
[2026-09-03T16:37:45.186+0000] {logging_mixin.py:188} INFO - [2026-09-03T16:37:45.186+0000] {dag.py:3096} INFO - Sync 2 DAGs
[2026-09-03T16:37:45.287+0000] {logging_mixin.py:188} INFO - [2026-09-03T16:37:45.286+0000] {dag.py:3954} INFO - Setting next_dagrun for produce_json to 2026-09-04 14:00:00+00:00, run_after=2026-09-05 14:00:00+00:00
[2026-09-03T16:37:45.300+0000] {logging_mixin.py:188} INFO - [2026-09-03T16:37:45.299+0000] {dag.py:3954} INFO - Setting next_dagrun for update_db to 2026-09-04 15:00:00+00:00, run_after=2026-09-05 15:00:00+00:00
[2026-09-03T16:37:45.377+0000] {processor.py:183} INFO - Processing /opt/airflow/dags/main.py took 1.150 seconds
[2026-09-03T16:38:17.070+0000] {processor.py:161} INFO - Started process (PID=648) to work on /opt/airflow/dags/main.py
[2026-09-03T16:38:17.087+0000] {processor.py:830} INFO - Processing file /opt/airflow/dags/main.py for tasks to queue
[2026-09-03T16:38:17.097+0000] {logging_mixin.py:188} INFO - [2026-09-03T16:38:17.096+0000] {dagbag.py:545} INFO - Filling up the DagBag from /opt/airflow/dags/main.py
[2026-09-03T16:38:17.916+0000] {logging_mixin.py:188} INFO - channel id is not executed
[2026-09-03T16:38:18.642+0000] {processor.py:840} INFO - DAG(s) 'update_db', 'produce_json' retrieved from /opt/airflow/dags/main.py
[2026-09-03T16:38:19.346+0000] {logging_mixin.py:188} INFO - [2026-09-03T16:38:19.346+0000] {dag.py:3096} INFO - Sync 2 DAGs
[2026-09-03T16:38:19.707+0000] {logging_mixin.py:188} INFO - [2026-09-03T16:38:19.706+0000] {dag.py:3954} INFO - Setting next_dagrun for produce_json to 2026-09-04 14:00:00+00:00, run_after=2026-09-05 14:00:00+00:00
[2026-09-03T16:38:19.815+0000] {logging_mixin.py:188} INFO - [2026-09-03T16:38:19.815+0000] {dag.py:3954} INFO - Setting next_dagrun for update_db to 2026-09-04 15:00:00+00:00, run_after=2026-09-05 15:00:00+00:00
[2026-09-03T16:38:20.004+0000] {processor.py:183} INFO - Processing /opt/airflow/dags/main.py took 2.961 seconds
[2026-09-03T16:38:50.975+0000] {processor.py:161} INFO - Started process (PID=655) to work on /opt/airflow/dags/main.py
[2026-09-03T16:38:51.055+0000] {processor.py:830} INFO - Processing file /opt/airflow/dags/main.py for tasks to queue
[2026-09-03T16:38:51.064+0000] {logging_mixin.py:188} INFO - [2026-09-03T16:38:51.062+0000] {dagbag.py:545} INFO - Filling up the DagBag from /opt/airflow/dags/main.py
[2026-09-03T16:38:52.169+0000] {logging_mixin.py:188} INFO - channel id is not executed
[2026-09-03T16:38:53.951+0000] {processor.py:840} INFO - DAG(s) 'update_db', 'produce_json' retrieved from /opt/airflow/dags/main.py
[2026-09-03T16:38:54.857+0000] {logging_mixin.py:188} INFO - [2026-09-03T16:38:54.856+0000] {dag.py:3096} INFO - Sync 2 DAGs
[2026-09-03T16:38:54.980+0000] {logging_mixin.py:188} INFO - [2026-09-03T16:38:54.979+0000] {dag.py:3954} INFO - Setting next_dagrun for produce_json to 2026-09-04 14:00:00+00:00, run_after=2026-09-05 14:00:00+00:00
[2026-09-03T16:38:55.012+0000] {logging_mixin.py:188} INFO - [2026-09-03T16:38:55.012+0000] {dag.py:3954} INFO - Setting next_dagrun for update_db to 2026-09-04 15:00:00+00:00, run_after=2026-09-05 15:00:00+00:00
[2026-09-03T16:38:55.152+0000] {processor.py:183} INFO - Processing /opt/airflow/dags/main.py took 4.200 seconds
[2026-09-03T16:39:25.638+0000] {processor.py:161} INFO - Started process (PID=662) to work on /opt/airflow/dags/main.py
[2026-09-03T16:39:25.642+0000] {processor.py:830} INFO - Processing file /opt/airflow/dags/main.py for tasks to queue
[2026-09-03T16:39:25.648+0000] {logging_mixin.py:188} INFO - [2026-09-03T16:39:25.647+0000] {dagbag.py:545} INFO - Filling up the DagBag from /opt/airflow/dags/main.py
[2026-09-03T16:39:26.165+0000] {logging_mixin.py:188} INFO - channel id is not executed
[2026-09-03T16:39:26.354+0000] {processor.py:840} INFO - DAG(s) 'update_db', 'produce_json' retrieved from /opt/airflow/dags/main.py
[2026-09-03T16:39:26.788+0000] {logging_mixin.py:188} INFO - [2026-09-03T16:39:26.787+0000] {dag.py:3096} INFO - Sync 2 DAGs
[2026-09-03T16:39:26.845+0000] {logging_mixin.py:188} INFO - [2026-09-03T16:39:26.845+0000] {dag.py:3954} INFO - Setting next_dagrun for produce_json to 2026-09-04 14:00:00+00:00, run_after=2026-09-05 14:00:00+00:00
[2026-09-03T16:39:26.870+0000] {logging_mixin.py:188} INFO - [2026-09-03T16:39:26.869+0000] {dag.py:3954} INFO - Setting next_dagrun for update_db to 2026-09-04 15:00:00+00:00, run_after=2026-09-05 15:00:00+00:00
[2026-09-03T16:39:27.047+0000] {processor.py:183} INFO - Processing /opt/airflow/dags/main.py took 1.431 seconds
[2026-09-03T16:39:57.749+0000] {processor.py:161} INFO - Started process (PID=669) to work on /opt/airflow/dags/main.py
[2026-09-03T16:39:57.794+0000] {processor.py:830} INFO - Processing file /opt/airflow/dags/main.py for tasks to queue
[2026-09-03T16:39:57.831+0000] {logging_mixin.py:188} INFO - [2026-09-03T16:39:57.830+0000] {dagbag.py:545} INFO - Filling up the DagBag from /opt/airflow/dags/main.py
[2026-09-03T16:39:58.863+0000] {logging_mixin.py:188} INFO - channel id is not executed
[2026-09-03T16:39:59.125+0000] {processor.py:840} INFO - DAG(s) 'produce_json', 'update_db' retrieved from /opt/airflow/dags/main.py
[2026-09-03T16:40:00.823+0000] {logging_mixin.py:188} INFO - [2026-09-03T16:40:00.822+0000] {dag.py:3096} INFO - Sync 2 DAGs
[2026-09-03T16:40:01.147+0000] {logging_mixin.py:188} INFO - [2026-09-03T16:40:01.146+0000] {dag.py:3954} INFO - Setting next_dagrun for produce_json to 2026-09-04 14:00:00+00:00, run_after=2026-09-05 14:00:00+00:00
[2026-09-03T16:40:01.281+0000] {logging_mixin.py:188} INFO - [2026-09-03T16:40:01.280+0000] {dag.py:3954} INFO - Setting next_dagrun for update_db to 2026-09-04 15:00:00+00:00, run_after=2026-09-05 15:00:00+00:00
[2026-09-03T16:40:01.568+0000] {processor.py:183} INFO - Processing /opt/airflow/dags/main.py took 3.842 seconds
[2026-09-03T16:40:32.187+0000] {processor.py:161} INFO - Started process (PID=676) to work on /opt/airflow/dags/main.py
[2026-09-03T16:40:32.191+0000] {processor.py:830} INFO - Processing file /opt/airflow/dags/main.py for tasks to queue
[2026-09-03T16:40:32.197+0000] {logging_mixin.py:188} INFO - [2026-09-03T16:40:32.196+0000] {dagbag.py:545} INFO - Filling up the DagBag from /opt/airflow/dags/main.py
[2026-09-03T16:40:32.337+0000] {logging_mixin.py:188} INFO - channel id is not executed
[2026-09-03T16:40:32.570+0000] {processor.py:840} INFO - DAG(s) 'update_db', 'produce_json' retrieved from /opt/airflow/dags/main.py
[2026-09-03T16:40:33.192+0000] {logging_mixin.py:188} INFO - [2026-09-03T16:40:33.191+0000] {dag.py:3096} INFO - Sync 2 DAGs
[2026-09-03T16:40:33.249+0000] {logging_mixin.py:188} INFO - [2026-09-03T16:40:33.248+0000] {dag.py:3954} INFO - Setting next_dagrun for produce_json to 2026-09-04 14:00:00+00:00, run_after=2026-09-05 14:00:00+00:00
[2026-09-03T16:40:33.271+0000] {logging_mixin.py:188} INFO - [2026-09-03T16:40:33.271+0000] {dag.py:3954} INFO - Setting next_dagrun for update_db to 2026-09-04 15:00:00+00:00, run_after=2026-09-05 15:00:00+00:00
[2026-09-03T16:40:33.425+0000] {processor.py:183} INFO - Processing /opt/airflow/dags/main.py took 1.255 seconds
[2026-09-03T16:41:03.986+0000] {processor.py:161} INFO - Started process (PID=682) to work on /opt/airflow/dags/main.py
[2026-09-03T16:41:03.989+0000] {processor.py:830} INFO - Processing file /opt/airflow/dags/main.py for tasks to queue
[2026-09-03T16:41:03.993+0000] {logging_mixin.py:188} INFO - [2026-09-03T16:41:03.992+0000] {dagbag.py:545} INFO - Filling up the DagBag from /opt/airflow/dags/main.py
[2026-09-03T16:41:04.108+0000] {logging_mixin.py:188} INFO - channel id is not executed
[2026-09-03T16:41:04.531+0000] {processor.py:840} INFO - DAG(s) 'update_db', 'produce_json' retrieved from /opt/airflow/dags/main.py
[2026-09-03T16:41:05.080+0000] {logging_mixin.py:188} INFO - [2026-09-03T16:41:05.078+0000] {dag.py:3096} INFO - Sync 2 DAGs
[2026-09-03T16:41:05.152+0000] {logging_mixin.py:188} INFO - [2026-09-03T16:41:05.151+0000] {dag.py:3954} INFO - Setting next_dagrun for produce_json to 2026-09-04 14:00:00+00:00, run_after=2026-09-05 14:00:00+00:00
[2026-09-03T16:41:05.174+0000] {logging_mixin.py:188} INFO - [2026-09-03T16:41:05.173+0000] {dag.py:3954} INFO - Setting next_dagrun for update_db to 2026-09-04 15:00:00+00:00, run_after=2026-09-05 15:00:00+00:00
[2026-09-03T16:41:05.293+0000] {processor.py:183} INFO - Processing /opt/airflow/dags/main.py took 1.322 seconds
[2026-09-03T16:41:35.918+0000] {processor.py:161} INFO - Started process (PID=690) to work on /opt/airflow/dags/main.py
[2026-09-03T16:41:35.926+0000] {processor.py:830} INFO - Processing file /opt/airflow/dags/main.py for tasks to queue
[2026-09-03T16:41:35.933+0000] {logging_mixin.py:188} INFO - [2026-09-03T16:41:35.932+0000] {dagbag.py:545} INFO - Filling up the DagBag from /opt/airflow/dags/main.py
[2026-09-03T16:41:36.047+0000] {logging_mixin.py:188} INFO - channel id is not executed
[2026-09-03T16:41:36.383+0000] {processor.py:840} INFO - DAG(s) 'update_db', 'produce_json' retrieved from /opt/airflow/dags/main.py
[2026-09-03T16:41:36.836+0000] {logging_mixin.py:188} INFO - [2026-09-03T16:41:36.835+0000] {dag.py:3096} INFO - Sync 2 DAGs
[2026-09-03T16:41:36.902+0000] {logging_mixin.py:188} INFO - [2026-09-03T16:41:36.901+0000] {dag.py:3954} INFO - Setting next_dagrun for produce_json to 2026-09-04 14:00:00+00:00, run_after=2026-09-05 14:00:00+00:00
[2026-09-03T16:41:36.915+0000] {logging_mixin.py:188} INFO - [2026-09-03T16:41:36.914+0000] {dag.py:3954} INFO - Setting next_dagrun for update_db to 2026-09-04 15:00:00+00:00, run_after=2026-09-05 15:00:00+00:00
[2026-09-03T16:41:36.985+0000] {processor.py:183} INFO - Processing /opt/airflow/dags/main.py took 1.102 seconds
[2026-09-03T16:42:07.596+0000] {processor.py:161} INFO - Started process (PID=697) to work on /opt/airflow/dags/main.py
[2026-09-03T16:42:07.621+0000] {processor.py:830} INFO - Processing file /opt/airflow/dags/main.py for tasks to queue
[2026-09-03T16:42:07.641+0000] {logging_mixin.py:188} INFO - [2026-09-03T16:42:07.640+0000] {dagbag.py:545} INFO - Filling up the DagBag from /opt/airflow/dags/main.py
[2026-09-03T16:42:09.525+0000] {logging_mixin.py:188} INFO - channel id is not executed
[2026-09-03T16:42:10.209+0000] {processor.py:840} INFO - DAG(s) 'produce_json', 'update_db' retrieved from /opt/airflow/dags/main.py
[2026-09-03T16:42:12.771+0000] {logging_mixin.py:188} INFO - [2026-09-03T16:42:12.770+0000] {dag.py:3096} INFO - Sync 2 DAGs
[2026-09-03T16:42:12.978+0000] {logging_mixin.py:188} INFO - [2026-09-03T16:42:12.977+0000] {dag.py:3954} INFO - Setting next_dagrun for produce_json to 2026-09-04 14:00:00+00:00, run_after=2026-09-05 14:00:00+00:00
[2026-09-03T16:42:13.087+0000] {logging_mixin.py:188} INFO - [2026-09-03T16:42:13.075+0000] {dag.py:3954} INFO - Setting next_dagrun for update_db to 2026-09-04 15:00:00+00:00, run_after=2026-09-05 15:00:00+00:00
[2026-09-03T16:42:13.536+0000] {processor.py:183} INFO - Processing /opt/airflow/dags/main.py took 5.988 seconds
[2026-09-03T16:42:44.304+0000] {processor.py:161} INFO - Started process (PID=704) to work on /opt/airflow/dags/main.py
[2026-09-03T16:42:44.330+0000] {processor.py:830} INFO - Processing file /opt/airflow/dags/main.py for tasks to queue
[2026-09-03T16:42:44.363+0000] {logging_mixin.py:188} INFO - [2026-09-03T16:42:44.356+0000] {dagbag.py:545} INFO - Filling up the DagBag from /opt/airflow/dags/main.py
[2026-09-03T16:42:44.667+0000] {logging_mixin.py:188} INFO - channel id is not executed
[2026-09-03T16:42:44.880+0000] {processor.py:840} INFO - DAG(s) 'produce_json', 'update_db' retrieved from /opt/airflow/dags/main.py
[2026-09-03T16:42:45.824+0000] {logging_mixin.py:188} INFO - [2026-09-03T16:42:45.823+0000] {dag.py:3096} INFO - Sync 2 DAGs
[2026-09-03T16:42:46.005+0000] {logging_mixin.py:188} INFO - [2026-09-03T16:42:45.998+0000] {dag.py:3954} INFO - Setting next_dagrun for produce_json to 2026-09-04 14:00:00+00:00, run_after=2026-09-05 14:00:00+00:00
[2026-09-03T16:42:46.021+0000] {logging_mixin.py:188} INFO - [2026-09-03T16:42:46.020+0000] {dag.py:3954} INFO - Setting next_dagrun for update_db to 2026-09-04 15:00:00+00:00, run_after=2026-09-05 15:00:00+00:00
[2026-09-03T16:42:46.390+0000] {processor.py:183} INFO - Processing /opt/airflow/dags/main.py took 2.134 seconds
[2026-09-03T16:43:17.642+0000] {processor.py:161} INFO - Started process (PID=711) to work on /opt/airflow/dags/main.py
[2026-09-03T16:43:17.664+0000] {processor.py:830} INFO - Processing file /opt/airflow/dags/main.py for tasks to queue
[2026-09-03T16:43:17.673+0000] {logging_mixin.py:188} INFO - [2026-09-03T16:43:17.672+0000] {dagbag.py:545} INFO - Filling up the DagBag from /opt/airflow/dags/main.py
[2026-09-03T16:43:18.610+0000] {logging_mixin.py:188} INFO - channel id is not executed
[2026-09-03T16:43:19.543+0000] {processor.py:840} INFO - DAG(s) 'update_db', 'produce_json' retrieved from /opt/airflow/dags/main.py
[2026-09-03T16:43:21.111+0000] {logging_mixin.py:188} INFO - [2026-09-03T16:43:21.110+0000] {dag.py:3096} INFO - Sync 2 DAGs
[2026-09-03T16:43:21.421+0000] {logging_mixin.py:188} INFO - [2026-09-03T16:43:21.420+0000] {dag.py:3954} INFO - Setting next_dagrun for produce_json to 2026-09-04 14:00:00+00:00, run_after=2026-09-05 14:00:00+00:00
[2026-09-03T16:43:21.435+0000] {logging_mixin.py:188} INFO - [2026-09-03T16:43:21.435+0000] {dag.py:3954} INFO - Setting next_dagrun for update_db to 2026-09-04 15:00:00+00:00, run_after=2026-09-05 15:00:00+00:00
[2026-09-03T16:43:21.511+0000] {processor.py:183} INFO - Processing /opt/airflow/dags/main.py took 4.046 seconds
[2026-09-03T16:43:53.529+0000] {processor.py:161} INFO - Started process (PID=725) to work on /opt/airflow/dags/main.py
[2026-09-03T16:43:53.548+0000] {processor.py:830} INFO - Processing file /opt/airflow/dags/main.py for tasks to queue
[2026-09-03T16:43:53.558+0000] {logging_mixin.py:188} INFO - [2026-09-03T16:43:53.557+0000] {dagbag.py:545} INFO - Filling up the DagBag from /opt/airflow/dags/main.py
[2026-09-03T16:43:53.804+0000] {logging_mixin.py:188} INFO - channel id is not executed
[2026-09-03T16:43:54.292+0000] {processor.py:840} INFO - DAG(s) 'produce_json', 'update_db' retrieved from /opt/airflow/dags/main.py
[2026-09-03T16:43:56.845+0000] {logging_mixin.py:188} INFO - [2026-09-03T16:43:56.845+0000] {dag.py:3096} INFO - Sync 2 DAGs
[2026-09-03T16:43:57.039+0000] {logging_mixin.py:188} INFO - [2026-09-03T16:43:57.038+0000] {dag.py:3954} INFO - Setting next_dagrun for produce_json to 2026-09-04 14:00:00+00:00, run_after=2026-09-05 14:00:00+00:00
[2026-09-03T16:43:57.334+0000] {logging_mixin.py:188} INFO - [2026-09-03T16:43:57.333+0000] {dag.py:3954} INFO - Setting next_dagrun for update_db to 2026-09-04 15:00:00+00:00, run_after=2026-09-05 15:00:00+00:00
[2026-09-03T16:43:58.167+0000] {processor.py:183} INFO - Processing /opt/airflow/dags/main.py took 4.666 seconds
[2026-09-03T16:44:31.004+0000] {processor.py:161} INFO - Started process (PID=733) to work on /opt/airflow/dags/main.py
[2026-09-03T16:44:31.041+0000] {processor.py:830} INFO - Processing file /opt/airflow/dags/main.py for tasks to queue
[2026-09-03T16:44:31.048+0000] {logging_mixin.py:188} INFO - [2026-09-03T16:44:31.047+0000] {dagbag.py:545} INFO - Filling up the DagBag from /opt/airflow/dags/main.py
[2026-09-03T16:44:32.860+0000] {logging_mixin.py:188} INFO - channel id is not executed
[2026-09-03T16:44:43.206+0000] {processor.py:840} INFO - DAG(s) 'update_db', 'produce_json' retrieved from /opt/airflow/dags/main.py
[2026-09-03T16:44:45.302+0000] {logging_mixin.py:188} INFO - [2026-09-03T16:44:45.302+0000] {dag.py:3096} INFO - Sync 2 DAGs
[2026-09-03T16:44:45.707+0000] {logging_mixin.py:188} INFO - [2026-09-03T16:44:45.707+0000] {dag.py:3954} INFO - Setting next_dagrun for produce_json to 2026-09-04 14:00:00+00:00, run_after=2026-09-05 14:00:00+00:00
[2026-09-03T16:44:45.806+0000] {logging_mixin.py:188} INFO - [2026-09-03T16:44:45.793+0000] {dag.py:3954} INFO - Setting next_dagrun for update_db to 2026-09-04 15:00:00+00:00, run_after=2026-09-05 15:00:00+00:00
[2026-09-03T16:44:46.039+0000] {processor.py:183} INFO - Processing /opt/airflow/dags/main.py took 15.071 seconds
[2026-09-03T16:45:17.126+0000] {processor.py:161} INFO - Started process (PID=740) to work on /opt/airflow/dags/main.py
[2026-09-03T16:45:17.129+0000] {processor.py:830} INFO - Processing file /opt/airflow/dags/main.py for tasks to queue
[2026-09-03T16:45:17.133+0000] {logging_mixin.py:188} INFO - [2026-09-03T16:45:17.132+0000] {dagbag.py:545} INFO - Filling up the DagBag from /opt/airflow/dags/main.py
[2026-09-03T16:45:17.266+0000] {logging_mixin.py:188} INFO - channel id is not executed
[2026-09-03T16:45:17.473+0000] {processor.py:840} INFO - DAG(s) 'produce_json', 'update_db' retrieved from /opt/airflow/dags/main.py
[2026-09-03T16:45:18.044+0000] {logging_mixin.py:188} INFO - [2026-09-03T16:45:18.042+0000] {dag.py:3096} INFO - Sync 2 DAGs
[2026-09-03T16:45:18.287+0000] {logging_mixin.py:188} INFO - [2026-09-03T16:45:18.287+0000] {dag.py:3954} INFO - Setting next_dagrun for produce_json to 2026-09-04 14:00:00+00:00, run_after=2026-09-05 14:00:00+00:00
[2026-09-03T16:45:18.302+0000] {logging_mixin.py:188} INFO - [2026-09-03T16:45:18.301+0000] {dag.py:3954} INFO - Setting next_dagrun for update_db to 2026-09-04 15:00:00+00:00, run_after=2026-09-05 15:00:00+00:00
[2026-09-03T16:45:18.376+0000] {processor.py:183} INFO - Processing /opt/airflow/dags/main.py took 1.264 seconds
[2026-09-03T16:45:49.147+0000] {processor.py:161} INFO - Started process (PID=748) to work on /opt/airflow/dags/main.py
[2026-09-03T16:45:49.154+0000] {processor.py:830} INFO - Processing file /opt/airflow/dags/main.py for tasks to queue
[2026-09-03T16:45:49.160+0000] {logging_mixin.py:188} INFO - [2026-09-03T16:45:49.159+0000] {dagbag.py:545} INFO - Filling up the DagBag from /opt/airflow/dags/main.py
[2026-09-03T16:45:50.203+0000] {logging_mixin.py:188} INFO - channel id is not executed
[2026-09-03T16:45:51.360+0000] {processor.py:840} INFO - DAG(s) 'update_db', 'produce_json' retrieved from /opt/airflow/dags/main.py
[2026-09-03T16:45:52.538+0000] {logging_mixin.py:188} INFO - [2026-09-03T16:45:52.537+0000] {dag.py:3096} INFO - Sync 2 DAGs
[2026-09-03T16:45:52.692+0000] {logging_mixin.py:188} INFO - [2026-09-03T16:45:52.691+0000] {dag.py:3954} INFO - Setting next_dagrun for produce_json to 2026-09-04 14:00:00+00:00, run_after=2026-09-05 14:00:00+00:00
[2026-09-03T16:45:52.737+0000] {logging_mixin.py:188} INFO - [2026-09-03T16:45:52.737+0000] {dag.py:3954} INFO - Setting next_dagrun for update_db to 2026-09-04 15:00:00+00:00, run_after=2026-09-05 15:00:00+00:00
[2026-09-03T16:45:52.894+0000] {processor.py:183} INFO - Processing /opt/airflow/dags/main.py took 3.781 seconds
[2026-09-03T16:46:23.669+0000] {processor.py:161} INFO - Started process (PID=754) to work on /opt/airflow/dags/main.py
[2026-09-03T16:46:23.676+0000] {processor.py:830} INFO - Processing file /opt/airflow/dags/main.py for tasks to queue
[2026-09-03T16:46:23.682+0000] {logging_mixin.py:188} INFO - [2026-09-03T16:46:23.681+0000] {dagbag.py:545} INFO - Filling up the DagBag from /opt/airflow/dags/main.py
[2026-09-03T16:46:23.809+0000] {logging_mixin.py:188} INFO - channel id is not executed
[2026-09-03T16:46:23.918+0000] {processor.py:840} INFO - DAG(s) 'update_db', 'produce_json' retrieved from /opt/airflow/dags/main.py
[2026-09-03T16:46:24.276+0000] {logging_mixin.py:188} INFO - [2026-09-03T16:46:24.275+0000] {dag.py:3096} INFO - Sync 2 DAGs
[2026-09-03T16:46:24.382+0000] {logging_mixin.py:188} INFO - [2026-09-03T16:46:24.381+0000] {dag.py:3954} INFO - Setting next_dagrun for produce_json to 2026-09-04 14:00:00+00:00, run_after=2026-09-05 14:00:00+00:00
[2026-09-03T16:46:24.398+0000] {logging_mixin.py:188} INFO - [2026-09-03T16:46:24.397+0000] {dag.py:3954} INFO - Setting next_dagrun for update_db to 2026-09-04 15:00:00+00:00, run_after=2026-09-05 15:00:00+00:00
[2026-09-03T16:46:24.458+0000] {processor.py:183} INFO - Processing /opt/airflow/dags/main.py took 0.811 seconds
[2026-09-03T16:47:06.592+0000] {processor.py:161} INFO - Started process (PID=767) to work on /opt/airflow/dags/main.py
[2026-09-03T16:47:06.600+0000] {processor.py:830} INFO - Processing file /opt/airflow/dags/main.py for tasks to queue
[2026-09-03T16:47:06.607+0000] {logging_mixin.py:188} INFO - [2026-09-03T16:47:06.606+0000] {dagbag.py:545} INFO - Filling up the DagBag from /opt/airflow/dags/main.py
[2026-09-03T16:47:06.821+0000] {logging_mixin.py:188} INFO - channel id is not executed
[2026-09-03T16:47:07.231+0000] {processor.py:840} INFO - DAG(s) 'update_db', 'produce_json' retrieved from /opt/airflow/dags/main.py
[2026-09-03T16:47:08.306+0000] {logging_mixin.py:188} INFO - [2026-09-03T16:47:08.305+0000] {dag.py:3096} INFO - Sync 2 DAGs
[2026-09-03T16:47:08.444+0000] {logging_mixin.py:188} INFO - [2026-09-03T16:47:08.443+0000] {dag.py:3954} INFO - Setting next_dagrun for produce_json to 2026-09-04 14:00:00+00:00, run_after=2026-09-05 14:00:00+00:00
[2026-09-03T16:47:08.488+0000] {logging_mixin.py:188} INFO - [2026-09-03T16:47:08.478+0000] {dag.py:3954} INFO - Setting next_dagrun for update_db to 2026-09-04 15:00:00+00:00, run_after=2026-09-05 15:00:00+00:00
[2026-09-03T16:47:08.607+0000] {processor.py:183} INFO - Processing /opt/airflow/dags/main.py took 2.051 seconds
[2026-09-03T16:47:39.257+0000] {processor.py:161} INFO - Started process (PID=774) to work on /opt/airflow/dags/main.py
[2026-09-03T16:47:39.261+0000] {processor.py:830} INFO - Processing file /opt/airflow/dags/main.py for tasks to queue
[2026-09-03T16:47:39.265+0000] {logging_mixin.py:188} INFO - [2026-09-03T16:47:39.264+0000] {dagbag.py:545} INFO - Filling up the DagBag from /opt/airflow/dags/main.py
[2026-09-03T16:47:39.358+0000] {logging_mixin.py:188} INFO - channel id is not executed
[2026-09-03T16:47:39.819+0000] {processor.py:840} INFO - DAG(s) 'produce_json', 'update_db' retrieved from /opt/airflow/dags/main.py
[2026-09-03T16:47:40.376+0000] {logging_mixin.py:188} INFO - [2026-09-03T16:47:40.376+0000] {dag.py:3096} INFO - Sync 2 DAGs
[2026-09-03T16:47:40.467+0000] {logging_mixin.py:188} INFO - [2026-09-03T16:47:40.467+0000] {dag.py:3954} INFO - Setting next_dagrun for produce_json to 2026-09-04 14:00:00+00:00, run_after=2026-09-05 14:00:00+00:00
[2026-09-03T16:47:40.481+0000] {logging_mixin.py:188} INFO - [2026-09-03T16:47:40.480+0000] {dag.py:3954} INFO - Setting next_dagrun for update_db to 2026-09-04 15:00:00+00:00, run_after=2026-09-05 15:00:00+00:00
[2026-09-03T16:47:40.603+0000] {processor.py:183} INFO - Processing /opt/airflow/dags/main.py took 1.365 seconds
[2026-09-03T16:48:11.260+0000] {processor.py:161} INFO - Started process (PID=782) to work on /opt/airflow/dags/main.py
[2026-09-03T16:48:11.265+0000] {processor.py:830} INFO - Processing file /opt/airflow/dags/main.py for tasks to queue
[2026-09-03T16:48:11.278+0000] {logging_mixin.py:188} INFO - [2026-09-03T16:48:11.276+0000] {dagbag.py:545} INFO - Filling up the DagBag from /opt/airflow/dags/main.py
[2026-09-03T16:48:11.511+0000] {logging_mixin.py:188} INFO - channel id is not executed
[2026-09-03T16:48:11.712+0000] {processor.py:840} INFO - DAG(s) 'update_db', 'produce_json' retrieved from /opt/airflow/dags/main.py
[2026-09-03T16:48:12.140+0000] {logging_mixin.py:188} INFO - [2026-09-03T16:48:12.139+0000] {dag.py:3096} INFO - Sync 2 DAGs
[2026-09-03T16:48:12.283+0000] {logging_mixin.py:188} INFO - [2026-09-03T16:48:12.282+0000] {dag.py:3954} INFO - Setting next_dagrun for produce_json to 2026-09-04 14:00:00+00:00, run_after=2026-09-05 14:00:00+00:00
[2026-09-03T16:48:12.360+0000] {logging_mixin.py:188} INFO - [2026-09-03T16:48:12.352+0000] {dag.py:3954} INFO - Setting next_dagrun for update_db to 2026-09-04 15:00:00+00:00, run_after=2026-09-05 15:00:00+00:00
[2026-09-03T16:48:12.662+0000] {processor.py:183} INFO - Processing /opt/airflow/dags/main.py took 1.434 seconds
[2026-09-03T16:48:43.217+0000] {processor.py:161} INFO - Started process (PID=788) to work on /opt/airflow/dags/main.py
[2026-09-03T16:48:43.231+0000] {processor.py:830} INFO - Processing file /opt/airflow/dags/main.py for tasks to queue
[2026-09-03T16:48:43.244+0000] {logging_mixin.py:188} INFO - [2026-09-03T16:48:43.243+0000] {dagbag.py:545} INFO - Filling up the DagBag from /opt/airflow/dags/main.py
[2026-09-03T16:48:43.549+0000] {logging_mixin.py:188} INFO - channel id is not executed
[2026-09-03T16:48:44.044+0000] {processor.py:840} INFO - DAG(s) 'update_db', 'produce_json' retrieved from /opt/airflow/dags/main.py
[2026-09-03T16:48:44.975+0000] {logging_mixin.py:188} INFO - [2026-09-03T16:48:44.974+0000] {dag.py:3096} INFO - Sync 2 DAGs
[2026-09-03T16:48:45.326+0000] {logging_mixin.py:188} INFO - [2026-09-03T16:48:45.325+0000] {dag.py:3954} INFO - Setting next_dagrun for produce_json to 2026-09-04 14:00:00+00:00, run_after=2026-09-05 14:00:00+00:00
[2026-09-03T16:48:45.377+0000] {logging_mixin.py:188} INFO - [2026-09-03T16:48:45.376+0000] {dag.py:3954} INFO - Setting next_dagrun for update_db to 2026-09-04 15:00:00+00:00, run_after=2026-09-05 15:00:00+00:00
[2026-09-03T16:48:45.545+0000] {processor.py:183} INFO - Processing /opt/airflow/dags/main.py took 2.375 seconds
[2026-09-03T16:49:16.306+0000] {processor.py:161} INFO - Started process (PID=795) to work on /opt/airflow/dags/main.py
[2026-09-03T16:49:16.314+0000] {processor.py:830} INFO - Processing file /opt/airflow/dags/main.py for tasks to queue
[2026-09-03T16:49:16.317+0000] {logging_mixin.py:188} INFO - [2026-09-03T16:49:16.316+0000] {dagbag.py:545} INFO - Filling up the DagBag from /opt/airflow/dags/main.py
[2026-09-03T16:49:16.546+0000] {logging_mixin.py:188} INFO - channel id is not executed
[2026-09-03T16:49:16.709+0000] {processor.py:840} INFO - DAG(s) 'produce_json', 'update_db' retrieved from /opt/airflow/dags/main.py
[2026-09-03T16:49:17.139+0000] {logging_mixin.py:188} INFO - [2026-09-03T16:49:17.138+0000] {dag.py:3096} INFO - Sync 2 DAGs
[2026-09-03T16:49:17.329+0000] {logging_mixin.py:188} INFO - [2026-09-03T16:49:17.328+0000] {dag.py:3954} INFO - Setting next_dagrun for produce_json to 2026-09-04 14:00:00+00:00, run_after=2026-09-05 14:00:00+00:00
[2026-09-03T16:49:17.349+0000] {logging_mixin.py:188} INFO - [2026-09-03T16:49:17.349+0000] {dag.py:3954} INFO - Setting next_dagrun for update_db to 2026-09-04 15:00:00+00:00, run_after=2026-09-05 15:00:00+00:00
[2026-09-03T16:49:17.404+0000] {processor.py:183} INFO - Processing /opt/airflow/dags/main.py took 1.111 seconds
[2026-09-03T16:49:47.906+0000] {processor.py:161} INFO - Started process (PID=803) to work on /opt/airflow/dags/main.py
[2026-09-03T16:49:47.922+0000] {processor.py:830} INFO - Processing file /opt/airflow/dags/main.py for tasks to queue
[2026-09-03T16:49:47.926+0000] {logging_mixin.py:188} INFO - [2026-09-03T16:49:47.925+0000] {dagbag.py:545} INFO - Filling up the DagBag from /opt/airflow/dags/main.py
[2026-09-03T16:49:48.780+0000] {logging_mixin.py:188} INFO - channel id is not executed
[2026-09-03T16:49:50.239+0000] {processor.py:840} INFO - DAG(s) 'produce_json', 'update_db' retrieved from /opt/airflow/dags/main.py
[2026-09-03T16:49:51.627+0000] {logging_mixin.py:188} INFO - [2026-09-03T16:49:51.626+0000] {dag.py:3096} INFO - Sync 2 DAGs
[2026-09-03T16:49:52.041+0000] {logging_mixin.py:188} INFO - [2026-09-03T16:49:52.041+0000] {dag.py:3954} INFO - Setting next_dagrun for produce_json to 2026-09-04 14:00:00+00:00, run_after=2026-09-05 14:00:00+00:00
[2026-09-03T16:49:52.096+0000] {logging_mixin.py:188} INFO - [2026-09-03T16:49:52.095+0000] {dag.py:3954} INFO - Setting next_dagrun for update_db to 2026-09-04 15:00:00+00:00, run_after=2026-09-05 15:00:00+00:00
[2026-09-03T16:49:52.277+0000] {processor.py:183} INFO - Processing /opt/airflow/dags/main.py took 4.404 seconds
[2026-09-03T16:50:24.393+0000] {processor.py:161} INFO - Started process (PID=810) to work on /opt/airflow/dags/main.py
[2026-09-03T16:50:24.398+0000] {processor.py:830} INFO - Processing file /opt/airflow/dags/main.py for tasks to queue
[2026-09-03T16:50:24.409+0000] {logging_mixin.py:188} INFO - [2026-09-03T16:50:24.408+0000] {dagbag.py:545} INFO - Filling up the DagBag from /opt/airflow/dags/main.py
[2026-09-03T16:50:24.815+0000] {logging_mixin.py:188} INFO - channel id is not executed
[2026-09-03T16:50:25.824+0000] {processor.py:840} INFO - DAG(s) 'produce_json', 'update_db' retrieved from /opt/airflow/dags/main.py
[2026-09-03T16:50:26.754+0000] {logging_mixin.py:188} INFO - [2026-09-03T16:50:26.754+0000] {dag.py:3096} INFO - Sync 2 DAGs
[2026-09-03T16:50:27.042+0000] {logging_mixin.py:188} INFO - [2026-09-03T16:50:27.041+0000] {dag.py:3954} INFO - Setting next_dagrun for produce_json to 2026-09-04 14:00:00+00:00, run_after=2026-09-05 14:00:00+00:00
[2026-09-03T16:50:27.098+0000] {logging_mixin.py:188} INFO - [2026-09-03T16:50:27.097+0000] {dag.py:3954} INFO - Setting next_dagrun for update_db to 2026-09-04 15:00:00+00:00, run_after=2026-09-05 15:00:00+00:00
[2026-09-03T16:50:27.235+0000] {processor.py:183} INFO - Processing /opt/airflow/dags/main.py took 2.870 seconds
[2026-09-03T16:50:58.362+0000] {processor.py:161} INFO - Started process (PID=817) to work on /opt/airflow/dags/main.py
[2026-09-03T16:50:58.366+0000] {processor.py:830} INFO - Processing file /opt/airflow/dags/main.py for tasks to queue
[2026-09-03T16:50:58.371+0000] {logging_mixin.py:188} INFO - [2026-09-03T16:50:58.370+0000] {dagbag.py:545} INFO - Filling up the DagBag from /opt/airflow/dags/main.py
[2026-09-03T16:50:58.490+0000] {logging_mixin.py:188} INFO - channel id is not executed
[2026-09-03T16:50:58.801+0000] {processor.py:840} INFO - DAG(s) 'produce_json', 'update_db' retrieved from /opt/airflow/dags/main.py
[2026-09-03T16:50:59.279+0000] {logging_mixin.py:188} INFO - [2026-09-03T16:50:59.278+0000] {dag.py:3096} INFO - Sync 2 DAGs
[2026-09-03T16:50:59.424+0000] {logging_mixin.py:188} INFO - [2026-09-03T16:50:59.424+0000] {dag.py:3954} INFO - Setting next_dagrun for produce_json to 2026-09-04 14:00:00+00:00, run_after=2026-09-05 14:00:00+00:00
[2026-09-03T16:50:59.449+0000] {logging_mixin.py:188} INFO - [2026-09-03T16:50:59.448+0000] {dag.py:3954} INFO - Setting next_dagrun for update_db to 2026-09-04 15:00:00+00:00, run_after=2026-09-05 15:00:00+00:00
[2026-09-03T16:50:59.588+0000] {processor.py:183} INFO - Processing /opt/airflow/dags/main.py took 1.241 seconds
[2026-09-03T16:51:31.095+0000] {processor.py:161} INFO - Started process (PID=824) to work on /opt/airflow/dags/main.py
[2026-09-03T16:51:31.099+0000] {processor.py:830} INFO - Processing file /opt/airflow/dags/main.py for tasks to queue
[2026-09-03T16:51:31.104+0000] {logging_mixin.py:188} INFO - [2026-09-03T16:51:31.103+0000] {dagbag.py:545} INFO - Filling up the DagBag from /opt/airflow/dags/main.py
[2026-09-03T16:51:31.337+0000] {logging_mixin.py:188} INFO - channel id is not executed
[2026-09-03T16:51:31.475+0000] {processor.py:840} INFO - DAG(s) 'update_db', 'produce_json' retrieved from /opt/airflow/dags/main.py
[2026-09-03T16:51:31.879+0000] {logging_mixin.py:188} INFO - [2026-09-03T16:51:31.878+0000] {dag.py:3096} INFO - Sync 2 DAGs
[2026-09-03T16:51:32.041+0000] {logging_mixin.py:188} INFO - [2026-09-03T16:51:32.040+0000] {dag.py:3954} INFO - Setting next_dagrun for produce_json to 2026-09-04 14:00:00+00:00, run_after=2026-09-05 14:00:00+00:00
[2026-09-03T16:51:32.054+0000] {logging_mixin.py:188} INFO - [2026-09-03T16:51:32.054+0000] {dag.py:3954} INFO - Setting next_dagrun for update_db to 2026-09-04 15:00:00+00:00, run_after=2026-09-05 15:00:00+00:00
[2026-09-03T16:51:32.111+0000] {processor.py:183} INFO - Processing /opt/airflow/dags/main.py took 1.054 seconds
[2026-09-03T16:52:03.328+0000] {processor.py:161} INFO - Started process (PID=832) to work on /opt/airflow/dags/main.py
[2026-09-03T16:52:03.332+0000] {processor.py:830} INFO - Processing file /opt/airflow/dags/main.py for tasks to queue
[2026-09-03T16:52:03.342+0000] {logging_mixin.py:188} INFO - [2026-09-03T16:52:03.340+0000] {dagbag.py:545} INFO - Filling up the DagBag from /opt/airflow/dags/main.py
[2026-09-03T16:52:03.960+0000] {logging_mixin.py:188} INFO - channel id is not executed
[2026-09-03T16:52:08.672+0000] {processor.py:840} INFO - DAG(s) 'produce_json', 'update_db' retrieved from /opt/airflow/dags/main.py
[2026-09-03T16:52:09.990+0000] {logging_mixin.py:188} INFO - [2026-09-03T16:52:09.989+0000] {dag.py:3096} INFO - Sync 2 DAGs
[2026-09-03T16:52:10.391+0000] {logging_mixin.py:188} INFO - [2026-09-03T16:52:10.391+0000] {dag.py:3954} INFO - Setting next_dagrun for produce_json to 2026-09-04 14:00:00+00:00, run_after=2026-09-05 14:00:00+00:00
[2026-09-03T16:52:10.428+0000] {logging_mixin.py:188} INFO - [2026-09-03T16:52:10.428+0000] {dag.py:3954} INFO - Setting next_dagrun for update_db to 2026-09-04 15:00:00+00:00, run_after=2026-09-05 15:00:00+00:00
[2026-09-03T16:52:10.675+0000] {processor.py:183} INFO - Processing /opt/airflow/dags/main.py took 7.368 seconds
[2026-09-03T16:52:42.414+0000] {processor.py:161} INFO - Started process (PID=839) to work on /opt/airflow/dags/main.py
[2026-09-03T16:52:42.449+0000] {processor.py:830} INFO - Processing file /opt/airflow/dags/main.py for tasks to queue
[2026-09-03T16:52:42.575+0000] {logging_mixin.py:188} INFO - [2026-09-03T16:52:42.573+0000] {dagbag.py:545} INFO - Filling up the DagBag from /opt/airflow/dags/main.py
[2026-09-03T16:52:56.806+0000] {logging_mixin.py:188} INFO - channel id is not executed
[2026-09-03T16:53:05.681+0000] {processor.py:840} INFO - DAG(s) 'produce_json', 'update_db' retrieved from /opt/airflow/dags/main.py
[2026-09-03T16:53:19.973+0000] {logging_mixin.py:188} INFO - [2026-09-03T16:53:19.971+0000] {dag.py:3096} INFO - Sync 2 DAGs
[2026-09-03T16:53:21.449+0000] {logging_mixin.py:188} INFO - [2026-09-03T16:53:21.448+0000] {dag.py:3954} INFO - Setting next_dagrun for produce_json to 2026-09-04 14:00:00+00:00, run_after=2026-09-05 14:00:00+00:00
[2026-09-03T16:53:21.603+0000] {logging_mixin.py:188} INFO - [2026-09-03T16:53:21.603+0000] {dag.py:3954} INFO - Setting next_dagrun for update_db to 2026-09-04 15:00:00+00:00, run_after=2026-09-05 15:00:00+00:00
[2026-09-03T16:53:22.516+0000] {processor.py:183} INFO - Processing /opt/airflow/dags/main.py took 40.215 seconds
[2026-09-03T16:53:53.761+0000] {processor.py:161} INFO - Started process (PID=860) to work on /opt/airflow/dags/main.py
[2026-09-03T16:53:53.766+0000] {processor.py:830} INFO - Processing file /opt/airflow/dags/main.py for tasks to queue
[2026-09-03T16:53:53.770+0000] {logging_mixin.py:188} INFO - [2026-09-03T16:53:53.769+0000] {dagbag.py:545} INFO - Filling up the DagBag from /opt/airflow/dags/main.py
[2026-09-03T16:53:53.929+0000] {logging_mixin.py:188} INFO - channel id is not executed
[2026-09-03T16:53:54.135+0000] {processor.py:840} INFO - DAG(s) 'update_db', 'produce_json' retrieved from /opt/airflow/dags/main.py
[2026-09-03T16:53:54.934+0000] {logging_mixin.py:188} INFO - [2026-09-03T16:53:54.933+0000] {dag.py:3096} INFO - Sync 2 DAGs
[2026-09-03T16:53:55.050+0000] {logging_mixin.py:188} INFO - [2026-09-03T16:53:55.050+0000] {dag.py:3954} INFO - Setting next_dagrun for produce_json to 2026-09-04 14:00:00+00:00, run_after=2026-09-05 14:00:00+00:00
[2026-09-03T16:53:55.071+0000] {logging_mixin.py:188} INFO - [2026-09-03T16:53:55.071+0000] {dag.py:3954} INFO - Setting next_dagrun for update_db to 2026-09-04 15:00:00+00:00, run_after=2026-09-05 15:00:00+00:00
[2026-09-03T16:53:55.134+0000] {processor.py:183} INFO - Processing /opt/airflow/dags/main.py took 1.410 seconds
[2026-09-03T16:54:26.019+0000] {processor.py:161} INFO - Started process (PID=866) to work on /opt/airflow/dags/main.py
[2026-09-03T16:54:26.023+0000] {processor.py:830} INFO - Processing file /opt/airflow/dags/main.py for tasks to queue
[2026-09-03T16:54:26.028+0000] {logging_mixin.py:188} INFO - [2026-09-03T16:54:26.027+0000] {dagbag.py:545} INFO - Filling up the DagBag from /opt/airflow/dags/main.py
[2026-09-03T16:54:26.237+0000] {logging_mixin.py:188} INFO - channel id is not executed
[2026-09-03T16:54:26.577+0000] {processor.py:840} INFO - DAG(s) 'update_db', 'produce_json' retrieved from /opt/airflow/dags/main.py
[2026-09-03T16:54:27.001+0000] {logging_mixin.py:188} INFO - [2026-09-03T16:54:27.000+0000] {dag.py:3096} INFO - Sync 2 DAGs
[2026-09-03T16:54:27.054+0000] {logging_mixin.py:188} INFO - [2026-09-03T16:54:27.053+0000] {dag.py:3954} INFO - Setting next_dagrun for produce_json to 2026-09-04 14:00:00+00:00, run_after=2026-09-05 14:00:00+00:00
[2026-09-03T16:54:27.067+0000] {logging_mixin.py:188} INFO - [2026-09-03T16:54:27.065+0000] {dag.py:3954} INFO - Setting next_dagrun for update_db to 2026-09-04 15:00:00+00:00, run_after=2026-09-05 15:00:00+00:00
[2026-09-03T16:54:27.123+0000] {processor.py:183} INFO - Processing /opt/airflow/dags/main.py took 1.120 seconds
[2026-09-03T16:54:58.003+0000] {processor.py:161} INFO - Started process (PID=874) to work on /opt/airflow/dags/main.py
[2026-09-03T16:54:58.010+0000] {processor.py:830} INFO - Processing file /opt/airflow/dags/main.py for tasks to queue
[2026-09-03T16:54:58.014+0000] {logging_mixin.py:188} INFO - [2026-09-03T16:54:58.013+0000] {dagbag.py:545} INFO - Filling up the DagBag from /opt/airflow/dags/main.py
[2026-09-03T16:54:58.156+0000] {logging_mixin.py:188} INFO - channel id is not executed
[2026-09-03T16:54:58.339+0000] {processor.py:840} INFO - DAG(s) 'produce_json', 'update_db' retrieved from /opt/airflow/dags/main.py
[2026-09-03T16:54:58.873+0000] {logging_mixin.py:188} INFO - [2026-09-03T16:54:58.873+0000] {dag.py:3096} INFO - Sync 2 DAGs
[2026-09-03T16:54:58.929+0000] {logging_mixin.py:188} INFO - [2026-09-03T16:54:58.929+0000] {dag.py:3954} INFO - Setting next_dagrun for produce_json to 2026-09-04 14:00:00+00:00, run_after=2026-09-05 14:00:00+00:00
[2026-09-03T16:54:58.952+0000] {logging_mixin.py:188} INFO - [2026-09-03T16:54:58.951+0000] {dag.py:3954} INFO - Setting next_dagrun for update_db to 2026-09-04 15:00:00+00:00, run_after=2026-09-05 15:00:00+00:00
[2026-09-03T16:54:59.038+0000] {processor.py:183} INFO - Processing /opt/airflow/dags/main.py took 1.056 seconds
[2026-09-03T16:55:30.084+0000] {processor.py:161} INFO - Started process (PID=881) to work on /opt/airflow/dags/main.py
[2026-09-03T16:55:30.087+0000] {processor.py:830} INFO - Processing file /opt/airflow/dags/main.py for tasks to queue
[2026-09-03T16:55:30.093+0000] {logging_mixin.py:188} INFO - [2026-09-03T16:55:30.092+0000] {dagbag.py:545} INFO - Filling up the DagBag from /opt/airflow/dags/main.py
[2026-09-03T16:55:30.274+0000] {logging_mixin.py:188} INFO - channel id is not executed
[2026-09-03T16:55:30.539+0000] {processor.py:840} INFO - DAG(s) 'produce_json', 'update_db' retrieved from /opt/airflow/dags/main.py
[2026-09-03T16:55:30.951+0000] {logging_mixin.py:188} INFO - [2026-09-03T16:55:30.951+0000] {dag.py:3096} INFO - Sync 2 DAGs
[2026-09-03T16:55:31.009+0000] {logging_mixin.py:188} INFO - [2026-09-03T16:55:31.008+0000] {dag.py:3954} INFO - Setting next_dagrun for produce_json to 2026-09-04 14:00:00+00:00, run_after=2026-09-05 14:00:00+00:00
[2026-09-03T16:55:31.026+0000] {logging_mixin.py:188} INFO - [2026-09-03T16:55:31.026+0000] {dag.py:3954} INFO - Setting next_dagrun for update_db to 2026-09-04 15:00:00+00:00, run_after=2026-09-05 15:00:00+00:00
[2026-09-03T16:55:31.080+0000] {processor.py:183} INFO - Processing /opt/airflow/dags/main.py took 1.014 seconds
[2026-09-03T16:56:01.275+0000] {processor.py:161} INFO - Started process (PID=887) to work on /opt/airflow/dags/main.py
[2026-09-03T16:56:01.277+0000] {processor.py:830} INFO - Processing file /opt/airflow/dags/main.py for tasks to queue
[2026-09-03T16:56:01.281+0000] {logging_mixin.py:188} INFO - [2026-09-03T16:56:01.280+0000] {dagbag.py:545} INFO - Filling up the DagBag from /opt/airflow/dags/main.py
[2026-09-03T16:56:01.389+0000] {logging_mixin.py:188} INFO - channel id is not executed
[2026-09-03T16:56:01.537+0000] {processor.py:840} INFO - DAG(s) 'update_db', 'produce_json' retrieved from /opt/airflow/dags/main.py
[2026-09-03T16:56:01.910+0000] {logging_mixin.py:188} INFO - [2026-09-03T16:56:01.910+0000] {dag.py:3096} INFO - Sync 2 DAGs
[2026-09-03T16:56:01.981+0000] {logging_mixin.py:188} INFO - [2026-09-03T16:56:01.981+0000] {dag.py:3954} INFO - Setting next_dagrun for produce_json to 2026-09-04 14:00:00+00:00, run_after=2026-09-05 14:00:00+00:00
[2026-09-03T16:56:02.004+0000] {logging_mixin.py:188} INFO - [2026-09-03T16:56:02.004+0000] {dag.py:3954} INFO - Setting next_dagrun for update_db to 2026-09-04 15:00:00+00:00, run_after=2026-09-05 15:00:00+00:00
[2026-09-03T16:56:02.073+0000] {processor.py:183} INFO - Processing /opt/airflow/dags/main.py took 0.811 seconds
[2026-09-03T16:56:32.994+0000] {processor.py:161} INFO - Started process (PID=894) to work on /opt/airflow/dags/main.py
[2026-09-03T16:56:32.998+0000] {processor.py:830} INFO - Processing file /opt/airflow/dags/main.py for tasks to queue
[2026-09-03T16:56:33.003+0000] {logging_mixin.py:188} INFO - [2026-09-03T16:56:33.002+0000] {dagbag.py:545} INFO - Filling up the DagBag from /opt/airflow/dags/main.py
[2026-09-03T16:56:33.286+0000] {logging_mixin.py:188} INFO - channel id is not executed
[2026-09-03T16:56:33.959+0000] {processor.py:840} INFO - DAG(s) 'update_db', 'produce_json' retrieved from /opt/airflow/dags/main.py
[2026-09-03T16:56:34.392+0000] {logging_mixin.py:188} INFO - [2026-09-03T16:56:34.391+0000] {dag.py:3096} INFO - Sync 2 DAGs
[2026-09-03T16:56:34.641+0000] {logging_mixin.py:188} INFO - [2026-09-03T16:56:34.641+0000] {dag.py:3954} INFO - Setting next_dagrun for produce_json to 2026-09-04 14:00:00+00:00, run_after=2026-09-05 14:00:00+00:00
[2026-09-03T16:56:34.661+0000] {logging_mixin.py:188} INFO - [2026-09-03T16:56:34.661+0000] {dag.py:3954} INFO - Setting next_dagrun for update_db to 2026-09-04 15:00:00+00:00, run_after=2026-09-05 15:00:00+00:00
[2026-09-03T16:56:34.738+0000] {processor.py:183} INFO - Processing /opt/airflow/dags/main.py took 1.762 seconds
[2026-09-03T16:57:04.921+0000] {processor.py:161} INFO - Started process (PID=901) to work on /opt/airflow/dags/main.py
[2026-09-03T16:57:04.923+0000] {processor.py:830} INFO - Processing file /opt/airflow/dags/main.py for tasks to queue
[2026-09-03T16:57:04.929+0000] {logging_mixin.py:188} INFO - [2026-09-03T16:57:04.929+0000] {dagbag.py:545} INFO - Filling up the DagBag from /opt/airflow/dags/main.py
[2026-09-03T16:57:05.034+0000] {logging_mixin.py:188} INFO - channel id is not executed
[2026-09-03T16:57:05.185+0000] {processor.py:840} INFO - DAG(s) 'update_db', 'produce_json' retrieved from /opt/airflow/dags/main.py
[2026-09-03T16:57:05.513+0000] {logging_mixin.py:188} INFO - [2026-09-03T16:57:05.513+0000] {dag.py:3096} INFO - Sync 2 DAGs
[2026-09-03T16:57:05.575+0000] {logging_mixin.py:188} INFO - [2026-09-03T16:57:05.574+0000] {dag.py:3954} INFO - Setting next_dagrun for produce_json to 2026-09-04 14:00:00+00:00, run_after=2026-09-05 14:00:00+00:00
[2026-09-03T16:57:05.599+0000] {logging_mixin.py:188} INFO - [2026-09-03T16:57:05.598+0000] {dag.py:3954} INFO - Setting next_dagrun for update_db to 2026-09-04 15:00:00+00:00, run_after=2026-09-05 15:00:00+00:00
[2026-09-03T16:57:05.651+0000] {processor.py:183} INFO - Processing /opt/airflow/dags/main.py took 0.740 seconds
[2026-09-03T16:57:36.064+0000] {processor.py:161} INFO - Started process (PID=908) to work on /opt/airflow/dags/main.py
[2026-09-03T16:57:36.067+0000] {processor.py:830} INFO - Processing file /opt/airflow/dags/main.py for tasks to queue
[2026-09-03T16:57:36.071+0000] {logging_mixin.py:188} INFO - [2026-09-03T16:57:36.070+0000] {dagbag.py:545} INFO - Filling up the DagBag from /opt/airflow/dags/main.py
[2026-09-03T16:57:36.197+0000] {logging_mixin.py:188} INFO - channel id is not executed
[2026-09-03T16:57:36.327+0000] {processor.py:840} INFO - DAG(s) 'produce_json', 'update_db' retrieved from /opt/airflow/dags/main.py
[2026-09-03T16:57:36.645+0000] {logging_mixin.py:188} INFO - [2026-09-03T16:57:36.645+0000] {dag.py:3096} INFO - Sync 2 DAGs
[2026-09-03T16:57:36.706+0000] {logging_mixin.py:188} INFO - [2026-09-03T16:57:36.704+0000] {dag.py:3954} INFO - Setting next_dagrun for produce_json to 2026-09-04 14:00:00+00:00, run_after=2026-09-05 14:00:00+00:00
[2026-09-03T16:57:36.721+0000] {logging_mixin.py:188} INFO - [2026-09-03T16:57:36.720+0000] {dag.py:3954} INFO - Setting next_dagrun for update_db to 2026-09-04 15:00:00+00:00, run_after=2026-09-05 15:00:00+00:00
[2026-09-03T16:57:36.784+0000] {processor.py:183} INFO - Processing /opt/airflow/dags/main.py took 0.735 seconds
[2026-09-03T16:58:07.142+0000] {processor.py:161} INFO - Started process (PID=914) to work on /opt/airflow/dags/main.py
[2026-09-03T16:58:07.156+0000] {processor.py:830} INFO - Processing file /opt/airflow/dags/main.py for tasks to queue
[2026-09-03T16:58:07.164+0000] {logging_mixin.py:188} INFO - [2026-09-03T16:58:07.162+0000] {dagbag.py:545} INFO - Filling up the DagBag from /opt/airflow/dags/main.py
[2026-09-03T16:58:07.484+0000] {logging_mixin.py:188} INFO - channel id is not executed
[2026-09-03T16:58:07.877+0000] {processor.py:840} INFO - DAG(s) 'produce_json', 'update_db' retrieved from /opt/airflow/dags/main.py
[2026-09-03T16:58:08.481+0000] {logging_mixin.py:188} INFO - [2026-09-03T16:58:08.481+0000] {dag.py:3096} INFO - Sync 2 DAGs
[2026-09-03T16:58:08.560+0000] {logging_mixin.py:188} INFO - [2026-09-03T16:58:08.559+0000] {dag.py:3954} INFO - Setting next_dagrun for produce_json to 2026-09-04 14:00:00+00:00, run_after=2026-09-05 14:00:00+00:00
[2026-09-03T16:58:08.577+0000] {logging_mixin.py:188} INFO - [2026-09-03T16:58:08.577+0000] {dag.py:3954} INFO - Setting next_dagrun for update_db to 2026-09-04 15:00:00+00:00, run_after=2026-09-05 15:00:00+00:00
[2026-09-03T16:58:08.659+0000] {processor.py:183} INFO - Processing /opt/airflow/dags/main.py took 1.582 seconds
[2026-09-03T16:58:39.541+0000] {processor.py:161} INFO - Started process (PID=922) to work on /opt/airflow/dags/main.py
[2026-09-03T16:58:39.565+0000] {processor.py:830} INFO - Processing file /opt/airflow/dags/main.py for tasks to queue
[2026-09-03T16:58:39.618+0000] {logging_mixin.py:188} INFO - [2026-09-03T16:58:39.617+0000] {dagbag.py:545} INFO - Filling up the DagBag from /opt/airflow/dags/main.py
[2026-09-03T16:58:40.384+0000] {logging_mixin.py:188} INFO - channel id is not executed
[2026-09-03T16:58:40.913+0000] {processor.py:840} INFO - DAG(s) 'update_db', 'produce_json' retrieved from /opt/airflow/dags/main.py
[2026-09-03T16:58:41.448+0000] {logging_mixin.py:188} INFO - [2026-09-03T16:58:41.441+0000] {dag.py:3096} INFO - Sync 2 DAGs
[2026-09-03T16:58:41.552+0000] {logging_mixin.py:188} INFO - [2026-09-03T16:58:41.551+0000] {dag.py:3954} INFO - Setting next_dagrun for produce_json to 2026-09-04 14:00:00+00:00, run_after=2026-09-05 14:00:00+00:00
[2026-09-03T16:58:41.703+0000] {logging_mixin.py:188} INFO - [2026-09-03T16:58:41.703+0000] {dag.py:3954} INFO - Setting next_dagrun for update_db to 2026-09-04 15:00:00+00:00, run_after=2026-09-05 15:00:00+00:00
[2026-09-03T16:58:41.880+0000] {processor.py:183} INFO - Processing /opt/airflow/dags/main.py took 2.408 seconds
[2026-09-03T16:59:12.940+0000] {processor.py:161} INFO - Started process (PID=928) to work on /opt/airflow/dags/main.py
[2026-09-03T16:59:12.943+0000] {processor.py:830} INFO - Processing file /opt/airflow/dags/main.py for tasks to queue
[2026-09-03T16:59:12.945+0000] {logging_mixin.py:188} INFO - [2026-09-03T16:59:12.945+0000] {dagbag.py:545} INFO - Filling up the DagBag from /opt/airflow/dags/main.py
[2026-09-03T16:59:13.044+0000] {logging_mixin.py:188} INFO - channel id is not executed
[2026-09-03T16:59:13.158+0000] {processor.py:840} INFO - DAG(s) 'update_db', 'produce_json' retrieved from /opt/airflow/dags/main.py
[2026-09-03T16:59:15.247+0000] {logging_mixin.py:188} INFO - [2026-09-03T16:59:15.246+0000] {dag.py:3096} INFO - Sync 2 DAGs
[2026-09-03T16:59:15.349+0000] {logging_mixin.py:188} INFO - [2026-09-03T16:59:15.349+0000] {dag.py:3954} INFO - Setting next_dagrun for produce_json to 2026-09-04 14:00:00+00:00, run_after=2026-09-05 14:00:00+00:00
[2026-09-03T16:59:15.509+0000] {logging_mixin.py:188} INFO - [2026-09-03T16:59:15.480+0000] {dag.py:3954} INFO - Setting next_dagrun for update_db to 2026-09-04 15:00:00+00:00, run_after=2026-09-05 15:00:00+00:00
[2026-09-03T16:59:15.693+0000] {processor.py:183} INFO - Processing /opt/airflow/dags/main.py took 2.763 seconds
[2026-09-03T16:59:46.817+0000] {processor.py:161} INFO - Started process (PID=935) to work on /opt/airflow/dags/main.py
[2026-09-03T16:59:46.821+0000] {processor.py:830} INFO - Processing file /opt/airflow/dags/main.py for tasks to queue
[2026-09-03T16:59:46.829+0000] {logging_mixin.py:188} INFO - [2026-09-03T16:59:46.828+0000] {dagbag.py:545} INFO - Filling up the DagBag from /opt/airflow/dags/main.py
[2026-09-03T16:59:47.014+0000] {logging_mixin.py:188} INFO - channel id is not executed
[2026-09-03T16:59:47.595+0000] {processor.py:840} INFO - DAG(s) 'produce_json', 'update_db' retrieved from /opt/airflow/dags/main.py
[2026-09-03T16:59:47.956+0000] {logging_mixin.py:188} INFO - [2026-09-03T16:59:47.956+0000] {dag.py:3096} INFO - Sync 2 DAGs
[2026-09-03T16:59:48.048+0000] {logging_mixin.py:188} INFO - [2026-09-03T16:59:48.047+0000] {dag.py:3954} INFO - Setting next_dagrun for produce_json to 2026-09-04 14:00:00+00:00, run_after=2026-09-05 14:00:00+00:00
[2026-09-03T16:59:48.104+0000] {logging_mixin.py:188} INFO - [2026-09-03T16:59:48.103+0000] {dag.py:3954} INFO - Setting next_dagrun for update_db to 2026-09-04 15:00:00+00:00, run_after=2026-09-05 15:00:00+00:00
[2026-09-03T16:59:48.301+0000] {processor.py:183} INFO - Processing /opt/airflow/dags/main.py took 1.501 seconds
[2026-09-03T17:00:18.585+0000] {processor.py:161} INFO - Started process (PID=941) to work on /opt/airflow/dags/main.py
[2026-09-03T17:00:18.589+0000] {processor.py:830} INFO - Processing file /opt/airflow/dags/main.py for tasks to queue
[2026-09-03T17:00:18.598+0000] {logging_mixin.py:188} INFO - [2026-09-03T17:00:18.597+0000] {dagbag.py:545} INFO - Filling up the DagBag from /opt/airflow/dags/main.py
[2026-09-03T17:00:18.722+0000] {logging_mixin.py:188} INFO - channel id is not executed
[2026-09-03T17:00:18.870+0000] {processor.py:840} INFO - DAG(s) 'produce_json', 'update_db' retrieved from /opt/airflow/dags/main.py
[2026-09-03T17:00:19.181+0000] {logging_mixin.py:188} INFO - [2026-09-03T17:00:19.181+0000] {dag.py:3096} INFO - Sync 2 DAGs
[2026-09-03T17:00:19.251+0000] {logging_mixin.py:188} INFO - [2026-09-03T17:00:19.250+0000] {dag.py:3954} INFO - Setting next_dagrun for produce_json to 2026-09-04 14:00:00+00:00, run_after=2026-09-05 14:00:00+00:00
[2026-09-03T17:00:19.266+0000] {logging_mixin.py:188} INFO - [2026-09-03T17:00:19.265+0000] {dag.py:3954} INFO - Setting next_dagrun for update_db to 2026-09-04 15:00:00+00:00, run_after=2026-09-05 15:00:00+00:00
[2026-09-03T17:00:19.327+0000] {processor.py:183} INFO - Processing /opt/airflow/dags/main.py took 0.758 seconds
[2026-09-03T17:00:50.086+0000] {processor.py:161} INFO - Started process (PID=948) to work on /opt/airflow/dags/main.py
[2026-09-03T17:00:50.095+0000] {processor.py:830} INFO - Processing file /opt/airflow/dags/main.py for tasks to queue
[2026-09-03T17:00:50.109+0000] {logging_mixin.py:188} INFO - [2026-09-03T17:00:50.102+0000] {dagbag.py:545} INFO - Filling up the DagBag from /opt/airflow/dags/main.py
[2026-09-03T17:00:50.248+0000] {logging_mixin.py:188} INFO - channel id is not executed
[2026-09-03T17:00:50.412+0000] {processor.py:840} INFO - DAG(s) 'produce_json', 'update_db' retrieved from /opt/airflow/dags/main.py
[2026-09-03T17:00:50.829+0000] {logging_mixin.py:188} INFO - [2026-09-03T17:00:50.829+0000] {dag.py:3096} INFO - Sync 2 DAGs
[2026-09-03T17:00:50.893+0000] {logging_mixin.py:188} INFO - [2026-09-03T17:00:50.893+0000] {dag.py:3954} INFO - Setting next_dagrun for produce_json to 2026-09-04 14:00:00+00:00, run_after=2026-09-05 14:00:00+00:00
[2026-09-03T17:00:50.910+0000] {logging_mixin.py:188} INFO - [2026-09-03T17:00:50.910+0000] {dag.py:3954} INFO - Setting next_dagrun for update_db to 2026-09-04 15:00:00+00:00, run_after=2026-09-05 15:00:00+00:00
[2026-09-03T17:00:50.964+0000] {processor.py:183} INFO - Processing /opt/airflow/dags/main.py took 0.901 seconds
[2026-09-03T17:01:21.964+0000] {processor.py:161} INFO - Started process (PID=954) to work on /opt/airflow/dags/main.py
[2026-09-03T17:01:21.968+0000] {processor.py:830} INFO - Processing file /opt/airflow/dags/main.py for tasks to queue
[2026-09-03T17:01:21.973+0000] {logging_mixin.py:188} INFO - [2026-09-03T17:01:21.972+0000] {dagbag.py:545} INFO - Filling up the DagBag from /opt/airflow/dags/main.py
[2026-09-03T17:01:22.113+0000] {logging_mixin.py:188} INFO - channel id is not executed
[2026-09-03T17:01:22.282+0000] {processor.py:840} INFO - DAG(s) 'produce_json', 'update_db' retrieved from /opt/airflow/dags/main.py
[2026-09-03T17:01:22.712+0000] {logging_mixin.py:188} INFO - [2026-09-03T17:01:22.711+0000] {dag.py:3096} INFO - Sync 2 DAGs
[2026-09-03T17:01:22.764+0000] {logging_mixin.py:188} INFO - [2026-09-03T17:01:22.764+0000] {dag.py:3954} INFO - Setting next_dagrun for produce_json to 2026-09-04 14:00:00+00:00, run_after=2026-09-05 14:00:00+00:00
[2026-09-03T17:01:22.775+0000] {logging_mixin.py:188} INFO - [2026-09-03T17:01:22.774+0000] {dag.py:3954} INFO - Setting next_dagrun for update_db to 2026-09-04 15:00:00+00:00, run_after=2026-09-05 15:00:00+00:00
[2026-09-03T17:01:22.822+0000] {processor.py:183} INFO - Processing /opt/airflow/dags/main.py took 0.882 seconds
[2026-09-03T17:01:53.725+0000] {processor.py:161} INFO - Started process (PID=961) to work on /opt/airflow/dags/main.py
[2026-09-03T17:01:53.739+0000] {processor.py:830} INFO - Processing file /opt/airflow/dags/main.py for tasks to queue
[2026-09-03T17:01:53.776+0000] {logging_mixin.py:188} INFO - [2026-09-03T17:01:53.771+0000] {dagbag.py:545} INFO - Filling up the DagBag from /opt/airflow/dags/main.py
[2026-09-03T17:01:54.054+0000] {logging_mixin.py:188} INFO - channel id is not executed
[2026-09-03T17:01:54.221+0000] {processor.py:840} INFO - DAG(s) 'produce_json', 'update_db' retrieved from /opt/airflow/dags/main.py
[2026-09-03T17:01:54.632+0000] {logging_mixin.py:188} INFO - [2026-09-03T17:01:54.631+0000] {dag.py:3096} INFO - Sync 2 DAGs
[2026-09-03T17:01:54.759+0000] {logging_mixin.py:188} INFO - [2026-09-03T17:01:54.759+0000] {dag.py:3954} INFO - Setting next_dagrun for produce_json to 2026-09-04 14:00:00+00:00, run_after=2026-09-05 14:00:00+00:00
[2026-09-03T17:01:54.781+0000] {logging_mixin.py:188} INFO - [2026-09-03T17:01:54.781+0000] {dag.py:3954} INFO - Setting next_dagrun for update_db to 2026-09-04 15:00:00+00:00, run_after=2026-09-05 15:00:00+00:00
[2026-09-03T17:01:54.860+0000] {processor.py:183} INFO - Processing /opt/airflow/dags/main.py took 1.158 seconds
[2026-09-03T17:02:25.023+0000] {processor.py:161} INFO - Started process (PID=968) to work on /opt/airflow/dags/main.py
[2026-09-03T17:02:25.026+0000] {processor.py:830} INFO - Processing file /opt/airflow/dags/main.py for tasks to queue
[2026-09-03T17:02:25.032+0000] {logging_mixin.py:188} INFO - [2026-09-03T17:02:25.031+0000] {dagbag.py:545} INFO - Filling up the DagBag from /opt/airflow/dags/main.py
[2026-09-03T17:02:25.165+0000] {logging_mixin.py:188} INFO - channel id is not executed
[2026-09-03T17:02:25.297+0000] {processor.py:840} INFO - DAG(s) 'produce_json', 'update_db' retrieved from /opt/airflow/dags/main.py
[2026-09-03T17:02:25.656+0000] {logging_mixin.py:188} INFO - [2026-09-03T17:02:25.646+0000] {dag.py:3096} INFO - Sync 2 DAGs
[2026-09-03T17:02:25.746+0000] {logging_mixin.py:188} INFO - [2026-09-03T17:02:25.745+0000] {dag.py:3954} INFO - Setting next_dagrun for produce_json to 2026-09-04 14:00:00+00:00, run_after=2026-09-05 14:00:00+00:00
[2026-09-03T17:02:25.756+0000] {logging_mixin.py:188} INFO - [2026-09-03T17:02:25.756+0000] {dag.py:3954} INFO - Setting next_dagrun for update_db to 2026-09-04 15:00:00+00:00, run_after=2026-09-05 15:00:00+00:00
[2026-09-03T17:02:25.807+0000] {processor.py:183} INFO - Processing /opt/airflow/dags/main.py took 0.802 seconds
[2026-09-03T17:02:56.022+0000] {processor.py:161} INFO - Started process (PID=975) to work on /opt/airflow/dags/main.py
[2026-09-03T17:02:56.024+0000] {processor.py:830} INFO - Processing file /opt/airflow/dags/main.py for tasks to queue
[2026-09-03T17:02:56.027+0000] {logging_mixin.py:188} INFO - [2026-09-03T17:02:56.027+0000] {dagbag.py:545} INFO - Filling up the DagBag from /opt/airflow/dags/main.py
[2026-09-03T17:02:56.119+0000] {logging_mixin.py:188} INFO - channel id is not executed
[2026-09-03T17:02:56.254+0000] {processor.py:840} INFO - DAG(s) 'produce_json', 'update_db' retrieved from /opt/airflow/dags/main.py
[2026-09-03T17:02:57.141+0000] {logging_mixin.py:188} INFO - [2026-09-03T17:02:57.141+0000] {dag.py:3096} INFO - Sync 2 DAGs
[2026-09-03T17:02:57.283+0000] {logging_mixin.py:188} INFO - [2026-09-03T17:02:57.282+0000] {dag.py:3954} INFO - Setting next_dagrun for produce_json to 2026-09-04 14:00:00+00:00, run_after=2026-09-05 14:00:00+00:00
[2026-09-03T17:02:57.318+0000] {logging_mixin.py:188} INFO - [2026-09-03T17:02:57.317+0000] {dag.py:3954} INFO - Setting next_dagrun for update_db to 2026-09-04 15:00:00+00:00, run_after=2026-09-05 15:00:00+00:00
[2026-09-03T17:02:57.448+0000] {processor.py:183} INFO - Processing /opt/airflow/dags/main.py took 1.443 seconds
[2026-09-03T17:03:28.151+0000] {processor.py:161} INFO - Started process (PID=986) to work on /opt/airflow/dags/main.py
[2026-09-03T17:03:28.158+0000] {processor.py:830} INFO - Processing file /opt/airflow/dags/main.py for tasks to queue
[2026-09-03T17:03:28.163+0000] {logging_mixin.py:188} INFO - [2026-09-03T17:03:28.162+0000] {dagbag.py:545} INFO - Filling up the DagBag from /opt/airflow/dags/main.py
[2026-09-03T17:03:28.298+0000] {logging_mixin.py:188} INFO - channel id is not executed
[2026-09-03T17:03:28.480+0000] {processor.py:840} INFO - DAG(s) 'update_db', 'produce_json' retrieved from /opt/airflow/dags/main.py
[2026-09-03T17:03:28.835+0000] {logging_mixin.py:188} INFO - [2026-09-03T17:03:28.834+0000] {dag.py:3096} INFO - Sync 2 DAGs
[2026-09-03T17:03:28.890+0000] {logging_mixin.py:188} INFO - [2026-09-03T17:03:28.889+0000] {dag.py:3954} INFO - Setting next_dagrun for produce_json to 2026-09-04 14:00:00+00:00, run_after=2026-09-05 14:00:00+00:00
[2026-09-03T17:03:28.912+0000] {logging_mixin.py:188} INFO - [2026-09-03T17:03:28.911+0000] {dag.py:3954} INFO - Setting next_dagrun for update_db to 2026-09-04 15:00:00+00:00, run_after=2026-09-05 15:00:00+00:00
[2026-09-03T17:03:29.048+0000] {processor.py:183} INFO - Processing /opt/airflow/dags/main.py took 0.922 seconds
[2026-09-03T17:03:59.245+0000] {processor.py:161} INFO - Started process (PID=992) to work on /opt/airflow/dags/main.py
[2026-09-03T17:03:59.249+0000] {processor.py:830} INFO - Processing file /opt/airflow/dags/main.py for tasks to queue
[2026-09-03T17:03:59.254+0000] {logging_mixin.py:188} INFO - [2026-09-03T17:03:59.252+0000] {dagbag.py:545} INFO - Filling up the DagBag from /opt/airflow/dags/main.py
[2026-09-03T17:03:59.379+0000] {logging_mixin.py:188} INFO - channel id is not executed
[2026-09-03T17:03:59.544+0000] {processor.py:840} INFO - DAG(s) 'update_db', 'produce_json' retrieved from /opt/airflow/dags/main.py
[2026-09-03T17:03:59.898+0000] {logging_mixin.py:188} INFO - [2026-09-03T17:03:59.898+0000] {dag.py:3096} INFO - Sync 2 DAGs
[2026-09-03T17:04:00.064+0000] {logging_mixin.py:188} INFO - [2026-09-03T17:04:00.063+0000] {dag.py:3954} INFO - Setting next_dagrun for produce_json to 2026-09-04 14:00:00+00:00, run_after=2026-09-05 14:00:00+00:00
[2026-09-03T17:04:00.079+0000] {logging_mixin.py:188} INFO - [2026-09-03T17:04:00.079+0000] {dag.py:3954} INFO - Setting next_dagrun for update_db to 2026-09-04 15:00:00+00:00, run_after=2026-09-05 15:00:00+00:00
[2026-09-03T17:04:00.129+0000] {processor.py:183} INFO - Processing /opt/airflow/dags/main.py took 0.904 seconds
[2026-09-03T17:04:30.795+0000] {processor.py:161} INFO - Started process (PID=998) to work on /opt/airflow/dags/main.py
[2026-09-03T17:04:30.800+0000] {processor.py:830} INFO - Processing file /opt/airflow/dags/main.py for tasks to queue
[2026-09-03T17:04:30.805+0000] {logging_mixin.py:188} INFO - [2026-09-03T17:04:30.804+0000] {dagbag.py:545} INFO - Filling up the DagBag from /opt/airflow/dags/main.py
[2026-09-03T17:04:30.983+0000] {logging_mixin.py:188} INFO - channel id is not executed
[2026-09-03T17:04:31.225+0000] {processor.py:840} INFO - DAG(s) 'update_db', 'produce_json' retrieved from /opt/airflow/dags/main.py
[2026-09-03T17:04:31.537+0000] {logging_mixin.py:188} INFO - [2026-09-03T17:04:31.536+0000] {dag.py:3096} INFO - Sync 2 DAGs
[2026-09-03T17:04:31.595+0000] {logging_mixin.py:188} INFO - [2026-09-03T17:04:31.594+0000] {dag.py:3954} INFO - Setting next_dagrun for produce_json to 2026-09-04 14:00:00+00:00, run_after=2026-09-05 14:00:00+00:00
[2026-09-03T17:04:31.605+0000] {logging_mixin.py:188} INFO - [2026-09-03T17:04:31.604+0000] {dag.py:3954} INFO - Setting next_dagrun for update_db to 2026-09-04 15:00:00+00:00, run_after=2026-09-05 15:00:00+00:00
[2026-09-03T17:04:31.660+0000] {processor.py:183} INFO - Processing /opt/airflow/dags/main.py took 0.887 seconds
[2026-09-03T17:05:02.283+0000] {processor.py:161} INFO - Started process (PID=1004) to work on /opt/airflow/dags/main.py
[2026-09-03T17:05:02.308+0000] {processor.py:830} INFO - Processing file /opt/airflow/dags/main.py for tasks to queue
[2026-09-03T17:05:02.326+0000] {logging_mixin.py:188} INFO - [2026-09-03T17:05:02.325+0000] {dagbag.py:545} INFO - Filling up the DagBag from /opt/airflow/dags/main.py
[2026-09-03T17:05:02.449+0000] {logging_mixin.py:188} INFO - channel id is not executed
[2026-09-03T17:05:02.626+0000] {processor.py:840} INFO - DAG(s) 'produce_json', 'update_db' retrieved from /opt/airflow/dags/main.py
[2026-09-03T17:05:02.930+0000] {logging_mixin.py:188} INFO - [2026-09-03T17:05:02.929+0000] {dag.py:3096} INFO - Sync 2 DAGs
[2026-09-03T17:05:02.988+0000] {logging_mixin.py:188} INFO - [2026-09-03T17:05:02.987+0000] {dag.py:3954} INFO - Setting next_dagrun for produce_json to 2026-09-04 14:00:00+00:00, run_after=2026-09-05 14:00:00+00:00
[2026-09-03T17:05:03.013+0000] {logging_mixin.py:188} INFO - [2026-09-03T17:05:03.002+0000] {dag.py:3954} INFO - Setting next_dagrun for update_db to 2026-09-04 15:00:00+00:00, run_after=2026-09-05 15:00:00+00:00
[2026-09-03T17:05:03.171+0000] {processor.py:183} INFO - Processing /opt/airflow/dags/main.py took 0.901 seconds
[2026-09-03T17:05:33.463+0000] {processor.py:161} INFO - Started process (PID=1010) to work on /opt/airflow/dags/main.py
[2026-09-03T17:05:33.467+0000] {processor.py:830} INFO - Processing file /opt/airflow/dags/main.py for tasks to queue
[2026-09-03T17:05:33.470+0000] {logging_mixin.py:188} INFO - [2026-09-03T17:05:33.469+0000] {dagbag.py:545} INFO - Filling up the DagBag from /opt/airflow/dags/main.py
[2026-09-03T17:05:33.651+0000] {logging_mixin.py:188} INFO - channel id is not executed
[2026-09-03T17:05:33.948+0000] {processor.py:840} INFO - DAG(s) 'produce_json', 'update_db' retrieved from /opt/airflow/dags/main.py
[2026-09-03T17:05:34.523+0000] {logging_mixin.py:188} INFO - [2026-09-03T17:05:34.521+0000] {dag.py:3096} INFO - Sync 2 DAGs
[2026-09-03T17:05:34.568+0000] {logging_mixin.py:188} INFO - [2026-09-03T17:05:34.567+0000] {dag.py:3954} INFO - Setting next_dagrun for produce_json to 2026-09-04 14:00:00+00:00, run_after=2026-09-05 14:00:00+00:00
[2026-09-03T17:05:34.582+0000] {logging_mixin.py:188} INFO - [2026-09-03T17:05:34.581+0000] {dag.py:3954} INFO - Setting next_dagrun for update_db to 2026-09-04 15:00:00+00:00, run_after=2026-09-05 15:00:00+00:00
[2026-09-03T17:05:34.668+0000] {processor.py:183} INFO - Processing /opt/airflow/dags/main.py took 1.225 seconds
[2026-09-03T17:06:04.839+0000] {processor.py:161} INFO - Started process (PID=1016) to work on /opt/airflow/dags/main.py
[2026-09-03T17:06:04.848+0000] {processor.py:830} INFO - Processing file /opt/airflow/dags/main.py for tasks to queue
[2026-09-03T17:06:04.938+0000] {logging_mixin.py:188} INFO - [2026-09-03T17:06:04.937+0000] {dagbag.py:545} INFO - Filling up the DagBag from /opt/airflow/dags/main.py
[2026-09-03T17:06:05.094+0000] {logging_mixin.py:188} INFO - channel id is not executed
[2026-09-03T17:06:05.354+0000] {processor.py:840} INFO - DAG(s) 'produce_json', 'update_db' retrieved from /opt/airflow/dags/main.py
[2026-09-03T17:06:05.769+0000] {logging_mixin.py:188} INFO - [2026-09-03T17:06:05.768+0000] {dag.py:3096} INFO - Sync 2 DAGs
[2026-09-03T17:06:05.839+0000] {logging_mixin.py:188} INFO - [2026-09-03T17:06:05.839+0000] {dag.py:3954} INFO - Setting next_dagrun for produce_json to 2026-09-04 14:00:00+00:00, run_after=2026-09-05 14:00:00+00:00
[2026-09-03T17:06:05.874+0000] {logging_mixin.py:188} INFO - [2026-09-03T17:06:05.873+0000] {dag.py:3954} INFO - Setting next_dagrun for update_db to 2026-09-04 15:00:00+00:00, run_after=2026-09-05 15:00:00+00:00
[2026-09-03T17:06:06.005+0000] {processor.py:183} INFO - Processing /opt/airflow/dags/main.py took 1.176 seconds
[2026-09-03T17:06:36.405+0000] {processor.py:161} INFO - Started process (PID=1023) to work on /opt/airflow/dags/main.py
[2026-09-03T17:06:36.410+0000] {processor.py:830} INFO - Processing file /opt/airflow/dags/main.py for tasks to queue
[2026-09-03T17:06:36.413+0000] {logging_mixin.py:188} INFO - [2026-09-03T17:06:36.412+0000] {dagbag.py:545} INFO - Filling up the DagBag from /opt/airflow/dags/main.py
[2026-09-03T17:06:36.549+0000] {logging_mixin.py:188} INFO - channel id is not executed
[2026-09-03T17:06:36.714+0000] {processor.py:840} INFO - DAG(s) 'update_db', 'produce_json' retrieved from /opt/airflow/dags/main.py
[2026-09-03T17:06:37.216+0000] {logging_mixin.py:188} INFO - [2026-09-03T17:06:37.216+0000] {dag.py:3096} INFO - Sync 2 DAGs
[2026-09-03T17:06:37.301+0000] {logging_mixin.py:188} INFO - [2026-09-03T17:06:37.301+0000] {dag.py:3954} INFO - Setting next_dagrun for produce_json to 2026-09-04 14:00:00+00:00, run_after=2026-09-05 14:00:00+00:00
[2026-09-03T17:06:37.318+0000] {logging_mixin.py:188} INFO - [2026-09-03T17:06:37.318+0000] {dag.py:3954} INFO - Setting next_dagrun for update_db to 2026-09-04 15:00:00+00:00, run_after=2026-09-05 15:00:00+00:00
[2026-09-03T17:06:37.405+0000] {processor.py:183} INFO - Processing /opt/airflow/dags/main.py took 1.011 seconds
[2026-09-03T17:07:08.126+0000] {processor.py:161} INFO - Started process (PID=1030) to work on /opt/airflow/dags/main.py
[2026-09-03T17:07:08.130+0000] {processor.py:830} INFO - Processing file /opt/airflow/dags/main.py for tasks to queue
[2026-09-03T17:07:08.135+0000] {logging_mixin.py:188} INFO - [2026-09-03T17:07:08.135+0000] {dagbag.py:545} INFO - Filling up the DagBag from /opt/airflow/dags/main.py
[2026-09-03T17:07:08.246+0000] {logging_mixin.py:188} INFO - channel id is not executed
[2026-09-03T17:07:08.412+0000] {processor.py:840} INFO - DAG(s) 'update_db', 'produce_json' retrieved from /opt/airflow/dags/main.py
[2026-09-03T17:07:08.724+0000] {logging_mixin.py:188} INFO - [2026-09-03T17:07:08.723+0000] {dag.py:3096} INFO - Sync 2 DAGs
[2026-09-03T17:07:08.779+0000] {logging_mixin.py:188} INFO - [2026-09-03T17:07:08.778+0000] {dag.py:3954} INFO - Setting next_dagrun for produce_json to 2026-09-04 14:00:00+00:00, run_after=2026-09-05 14:00:00+00:00
[2026-09-03T17:07:08.796+0000] {logging_mixin.py:188} INFO - [2026-09-03T17:07:08.795+0000] {dag.py:3954} INFO - Setting next_dagrun for update_db to 2026-09-04 15:00:00+00:00, run_after=2026-09-05 15:00:00+00:00
[2026-09-03T17:07:08.864+0000] {processor.py:183} INFO - Processing /opt/airflow/dags/main.py took 0.763 seconds
[2026-09-03T17:07:39.098+0000] {processor.py:161} INFO - Started process (PID=1037) to work on /opt/airflow/dags/main.py
[2026-09-03T17:07:39.102+0000] {processor.py:830} INFO - Processing file /opt/airflow/dags/main.py for tasks to queue
[2026-09-03T17:07:39.111+0000] {logging_mixin.py:188} INFO - [2026-09-03T17:07:39.109+0000] {dagbag.py:545} INFO - Filling up the DagBag from /opt/airflow/dags/main.py
[2026-09-03T17:07:39.224+0000] {logging_mixin.py:188} INFO - channel id is not executed
[2026-09-03T17:07:39.409+0000] {processor.py:840} INFO - DAG(s) 'update_db', 'produce_json' retrieved from /opt/airflow/dags/main.py
[2026-09-03T17:07:39.730+0000] {logging_mixin.py:188} INFO - [2026-09-03T17:07:39.729+0000] {dag.py:3096} INFO - Sync 2 DAGs
[2026-09-03T17:07:39.797+0000] {logging_mixin.py:188} INFO - [2026-09-03T17:07:39.795+0000] {dag.py:3954} INFO - Setting next_dagrun for produce_json to 2026-09-04 14:00:00+00:00, run_after=2026-09-05 14:00:00+00:00
[2026-09-03T17:07:39.807+0000] {logging_mixin.py:188} INFO - [2026-09-03T17:07:39.806+0000] {dag.py:3954} INFO - Setting next_dagrun for update_db to 2026-09-04 15:00:00+00:00, run_after=2026-09-05 15:00:00+00:00
[2026-09-03T17:07:39.869+0000] {processor.py:183} INFO - Processing /opt/airflow/dags/main.py took 0.794 seconds
[2026-09-03T17:08:10.815+0000] {processor.py:161} INFO - Started process (PID=1044) to work on /opt/airflow/dags/main.py
[2026-09-03T17:08:10.819+0000] {processor.py:830} INFO - Processing file /opt/airflow/dags/main.py for tasks to queue
[2026-09-03T17:08:10.822+0000] {logging_mixin.py:188} INFO - [2026-09-03T17:08:10.822+0000] {dagbag.py:545} INFO - Filling up the DagBag from /opt/airflow/dags/main.py
[2026-09-03T17:08:10.951+0000] {logging_mixin.py:188} INFO - channel id is not executed
[2026-09-03T17:08:11.199+0000] {processor.py:840} INFO - DAG(s) 'produce_json', 'update_db' retrieved from /opt/airflow/dags/main.py
[2026-09-03T17:08:11.521+0000] {logging_mixin.py:188} INFO - [2026-09-03T17:08:11.520+0000] {dag.py:3096} INFO - Sync 2 DAGs
[2026-09-03T17:08:11.581+0000] {logging_mixin.py:188} INFO - [2026-09-03T17:08:11.581+0000] {dag.py:3954} INFO - Setting next_dagrun for produce_json to 2026-09-04 14:00:00+00:00, run_after=2026-09-05 14:00:00+00:00
[2026-09-03T17:08:11.590+0000] {logging_mixin.py:188} INFO - [2026-09-03T17:08:11.590+0000] {dag.py:3954} INFO - Setting next_dagrun for update_db to 2026-09-04 15:00:00+00:00, run_after=2026-09-05 15:00:00+00:00
[2026-09-03T17:08:11.645+0000] {processor.py:183} INFO - Processing /opt/airflow/dags/main.py took 0.847 seconds
[2026-09-03T17:08:41.882+0000] {processor.py:161} INFO - Started process (PID=1051) to work on /opt/airflow/dags/main.py
[2026-09-03T17:08:41.975+0000] {processor.py:830} INFO - Processing file /opt/airflow/dags/main.py for tasks to queue
[2026-09-03T17:08:42.017+0000] {logging_mixin.py:188} INFO - [2026-09-03T17:08:42.016+0000] {dagbag.py:545} INFO - Filling up the DagBag from /opt/airflow/dags/main.py
[2026-09-03T17:08:42.124+0000] {logging_mixin.py:188} INFO - channel id is not executed
[2026-09-03T17:08:42.288+0000] {processor.py:840} INFO - DAG(s) 'update_db', 'produce_json' retrieved from /opt/airflow/dags/main.py
[2026-09-03T17:08:42.603+0000] {logging_mixin.py:188} INFO - [2026-09-03T17:08:42.603+0000] {dag.py:3096} INFO - Sync 2 DAGs
[2026-09-03T17:08:42.663+0000] {logging_mixin.py:188} INFO - [2026-09-03T17:08:42.662+0000] {dag.py:3954} INFO - Setting next_dagrun for produce_json to 2026-09-04 14:00:00+00:00, run_after=2026-09-05 14:00:00+00:00
[2026-09-03T17:08:42.685+0000] {logging_mixin.py:188} INFO - [2026-09-03T17:08:42.685+0000] {dag.py:3954} INFO - Setting next_dagrun for update_db to 2026-09-04 15:00:00+00:00, run_after=2026-09-05 15:00:00+00:00
[2026-09-03T17:08:42.730+0000] {processor.py:183} INFO - Processing /opt/airflow/dags/main.py took 0.905 seconds
[2026-09-03T17:09:13.562+0000] {processor.py:161} INFO - Started process (PID=1058) to work on /opt/airflow/dags/main.py
[2026-09-03T17:09:13.568+0000] {processor.py:830} INFO - Processing file /opt/airflow/dags/main.py for tasks to queue
[2026-09-03T17:09:13.571+0000] {logging_mixin.py:188} INFO - [2026-09-03T17:09:13.571+0000] {dagbag.py:545} INFO - Filling up the DagBag from /opt/airflow/dags/main.py
[2026-09-03T17:09:13.699+0000] {logging_mixin.py:188} INFO - channel id is not executed
[2026-09-03T17:09:13.842+0000] {processor.py:840} INFO - DAG(s) 'produce_json', 'update_db' retrieved from /opt/airflow/dags/main.py
[2026-09-03T17:09:14.509+0000] {logging_mixin.py:188} INFO - [2026-09-03T17:09:14.498+0000] {dag.py:3096} INFO - Sync 2 DAGs
[2026-09-03T17:09:14.738+0000] {logging_mixin.py:188} INFO - [2026-09-03T17:09:14.737+0000] {dag.py:3954} INFO - Setting next_dagrun for produce_json to 2026-09-04 14:00:00+00:00, run_after=2026-09-05 14:00:00+00:00
[2026-09-03T17:09:14.774+0000] {logging_mixin.py:188} INFO - [2026-09-03T17:09:14.770+0000] {dag.py:3954} INFO - Setting next_dagrun for update_db to 2026-09-04 15:00:00+00:00, run_after=2026-09-05 15:00:00+00:00
[2026-09-03T17:09:14.936+0000] {processor.py:183} INFO - Processing /opt/airflow/dags/main.py took 1.390 seconds
[2026-09-03T17:09:45.749+0000] {processor.py:161} INFO - Started process (PID=1066) to work on /opt/airflow/dags/main.py
[2026-09-03T17:09:45.761+0000] {processor.py:830} INFO - Processing file /opt/airflow/dags/main.py for tasks to queue
[2026-09-03T17:09:45.765+0000] {logging_mixin.py:188} INFO - [2026-09-03T17:09:45.764+0000] {dagbag.py:545} INFO - Filling up the DagBag from /opt/airflow/dags/main.py
[2026-09-03T17:09:45.994+0000] {logging_mixin.py:188} INFO - channel id is not executed
[2026-09-03T17:09:46.142+0000] {processor.py:840} INFO - DAG(s) 'produce_json', 'update_db' retrieved from /opt/airflow/dags/main.py
[2026-09-03T17:09:46.674+0000] {logging_mixin.py:188} INFO - [2026-09-03T17:09:46.673+0000] {dag.py:3096} INFO - Sync 2 DAGs
[2026-09-03T17:09:46.751+0000] {logging_mixin.py:188} INFO - [2026-09-03T17:09:46.750+0000] {dag.py:3954} INFO - Setting next_dagrun for produce_json to 2026-09-04 14:00:00+00:00, run_after=2026-09-05 14:00:00+00:00
[2026-09-03T17:09:46.788+0000] {logging_mixin.py:188} INFO - [2026-09-03T17:09:46.788+0000] {dag.py:3954} INFO - Setting next_dagrun for update_db to 2026-09-04 15:00:00+00:00, run_after=2026-09-05 15:00:00+00:00
[2026-09-03T17:09:46.833+0000] {processor.py:183} INFO - Processing /opt/airflow/dags/main.py took 1.104 seconds
[2026-09-03T17:10:17.335+0000] {processor.py:161} INFO - Started process (PID=1073) to work on /opt/airflow/dags/main.py
[2026-09-03T17:10:17.342+0000] {processor.py:830} INFO - Processing file /opt/airflow/dags/main.py for tasks to queue
[2026-09-03T17:10:17.347+0000] {logging_mixin.py:188} INFO - [2026-09-03T17:10:17.346+0000] {dagbag.py:545} INFO - Filling up the DagBag from /opt/airflow/dags/main.py
[2026-09-03T17:10:17.479+0000] {logging_mixin.py:188} INFO - channel id is not executed
[2026-09-03T17:10:17.644+0000] {processor.py:840} INFO - DAG(s) 'update_db', 'produce_json' retrieved from /opt/airflow/dags/main.py
[2026-09-03T17:10:18.026+0000] {logging_mixin.py:188} INFO - [2026-09-03T17:10:18.025+0000] {dag.py:3096} INFO - Sync 2 DAGs
[2026-09-03T17:10:18.085+0000] {logging_mixin.py:188} INFO - [2026-09-03T17:10:18.085+0000] {dag.py:3954} INFO - Setting next_dagrun for produce_json to 2026-09-04 14:00:00+00:00, run_after=2026-09-05 14:00:00+00:00
[2026-09-03T17:10:18.097+0000] {logging_mixin.py:188} INFO - [2026-09-03T17:10:18.096+0000] {dag.py:3954} INFO - Setting next_dagrun for update_db to 2026-09-04 15:00:00+00:00, run_after=2026-09-05 15:00:00+00:00
[2026-09-03T17:10:18.155+0000] {processor.py:183} INFO - Processing /opt/airflow/dags/main.py took 0.859 seconds
[2026-09-03T17:10:49.156+0000] {processor.py:161} INFO - Started process (PID=1080) to work on /opt/airflow/dags/main.py
[2026-09-03T17:10:49.160+0000] {processor.py:830} INFO - Processing file /opt/airflow/dags/main.py for tasks to queue
[2026-09-03T17:10:49.164+0000] {logging_mixin.py:188} INFO - [2026-09-03T17:10:49.163+0000] {dagbag.py:545} INFO - Filling up the DagBag from /opt/airflow/dags/main.py
[2026-09-03T17:10:49.264+0000] {logging_mixin.py:188} INFO - channel id is not executed
[2026-09-03T17:10:49.601+0000] {processor.py:840} INFO - DAG(s) 'produce_json', 'update_db' retrieved from /opt/airflow/dags/main.py
[2026-09-03T17:10:49.952+0000] {logging_mixin.py:188} INFO - [2026-09-03T17:10:49.951+0000] {dag.py:3096} INFO - Sync 2 DAGs
[2026-09-03T17:10:50.013+0000] {logging_mixin.py:188} INFO - [2026-09-03T17:10:50.013+0000] {dag.py:3954} INFO - Setting next_dagrun for produce_json to 2026-09-04 14:00:00+00:00, run_after=2026-09-05 14:00:00+00:00
[2026-09-03T17:10:50.024+0000] {logging_mixin.py:188} INFO - [2026-09-03T17:10:50.023+0000] {dag.py:3954} INFO - Setting next_dagrun for update_db to 2026-09-04 15:00:00+00:00, run_after=2026-09-05 15:00:00+00:00
[2026-09-03T17:10:50.109+0000] {processor.py:183} INFO - Processing /opt/airflow/dags/main.py took 0.963 seconds
[2026-09-03T17:11:20.332+0000] {processor.py:161} INFO - Started process (PID=1086) to work on /opt/airflow/dags/main.py
[2026-09-03T17:11:20.335+0000] {processor.py:830} INFO - Processing file /opt/airflow/dags/main.py for tasks to queue
[2026-09-03T17:11:20.340+0000] {logging_mixin.py:188} INFO - [2026-09-03T17:11:20.339+0000] {dagbag.py:545} INFO - Filling up the DagBag from /opt/airflow/dags/main.py
[2026-09-03T17:11:20.603+0000] {logging_mixin.py:188} INFO - channel id is not executed
[2026-09-03T17:11:20.744+0000] {processor.py:840} INFO - DAG(s) 'update_db', 'produce_json' retrieved from /opt/airflow/dags/main.py
[2026-09-03T17:11:21.203+0000] {logging_mixin.py:188} INFO - [2026-09-03T17:11:21.202+0000] {dag.py:3096} INFO - Sync 2 DAGs
[2026-09-03T17:11:21.271+0000] {logging_mixin.py:188} INFO - [2026-09-03T17:11:21.270+0000] {dag.py:3954} INFO - Setting next_dagrun for produce_json to 2026-09-04 14:00:00+00:00, run_after=2026-09-05 14:00:00+00:00
[2026-09-03T17:11:21.292+0000] {logging_mixin.py:188} INFO - [2026-09-03T17:11:21.292+0000] {dag.py:3954} INFO - Setting next_dagrun for update_db to 2026-09-04 15:00:00+00:00, run_after=2026-09-05 15:00:00+00:00
[2026-09-03T17:11:21.365+0000] {processor.py:183} INFO - Processing /opt/airflow/dags/main.py took 1.058 seconds
[2026-09-03T17:11:52.086+0000] {processor.py:161} INFO - Started process (PID=1093) to work on /opt/airflow/dags/main.py
[2026-09-03T17:11:52.089+0000] {processor.py:830} INFO - Processing file /opt/airflow/dags/main.py for tasks to queue
[2026-09-03T17:11:52.093+0000] {logging_mixin.py:188} INFO - [2026-09-03T17:11:52.092+0000] {dagbag.py:545} INFO - Filling up the DagBag from /opt/airflow/dags/main.py
[2026-09-03T17:11:52.257+0000] {logging_mixin.py:188} INFO - channel id is not executed
[2026-09-03T17:11:52.429+0000] {processor.py:840} INFO - DAG(s) 'update_db', 'produce_json' retrieved from /opt/airflow/dags/main.py
[2026-09-03T17:11:52.928+0000] {logging_mixin.py:188} INFO - [2026-09-03T17:11:52.928+0000] {dag.py:3096} INFO - Sync 2 DAGs
[2026-09-03T17:11:52.978+0000] {logging_mixin.py:188} INFO - [2026-09-03T17:11:52.977+0000] {dag.py:3954} INFO - Setting next_dagrun for produce_json to 2026-09-04 14:00:00+00:00, run_after=2026-09-05 14:00:00+00:00
[2026-09-03T17:11:52.992+0000] {logging_mixin.py:188} INFO - [2026-09-03T17:11:52.991+0000] {dag.py:3954} INFO - Setting next_dagrun for update_db to 2026-09-04 15:00:00+00:00, run_after=2026-09-05 15:00:00+00:00
[2026-09-03T17:11:53.050+0000] {processor.py:183} INFO - Processing /opt/airflow/dags/main.py took 0.978 seconds
[2026-09-03T17:12:23.303+0000] {processor.py:161} INFO - Started process (PID=1100) to work on /opt/airflow/dags/main.py
[2026-09-03T17:12:23.307+0000] {processor.py:830} INFO - Processing file /opt/airflow/dags/main.py for tasks to queue
[2026-09-03T17:12:23.313+0000] {logging_mixin.py:188} INFO - [2026-09-03T17:12:23.312+0000] {dagbag.py:545} INFO - Filling up the DagBag from /opt/airflow/dags/main.py
[2026-09-03T17:12:23.453+0000] {logging_mixin.py:188} INFO - channel id is not executed
[2026-09-03T17:12:23.706+0000] {processor.py:840} INFO - DAG(s) 'update_db', 'produce_json' retrieved from /opt/airflow/dags/main.py
[2026-09-03T17:12:24.092+0000] {logging_mixin.py:188} INFO - [2026-09-03T17:12:24.091+0000] {dag.py:3096} INFO - Sync 2 DAGs
[2026-09-03T17:12:24.164+0000] {logging_mixin.py:188} INFO - [2026-09-03T17:12:24.163+0000] {dag.py:3954} INFO - Setting next_dagrun for produce_json to 2026-09-04 14:00:00+00:00, run_after=2026-09-05 14:00:00+00:00
[2026-09-03T17:12:24.176+0000] {logging_mixin.py:188} INFO - [2026-09-03T17:12:24.175+0000] {dag.py:3954} INFO - Setting next_dagrun for update_db to 2026-09-04 15:00:00+00:00, run_after=2026-09-05 15:00:00+00:00
[2026-09-03T17:12:24.256+0000] {processor.py:183} INFO - Processing /opt/airflow/dags/main.py took 0.975 seconds
[2026-09-03T17:12:54.669+0000] {processor.py:161} INFO - Started process (PID=1107) to work on /opt/airflow/dags/main.py
[2026-09-03T17:12:54.673+0000] {processor.py:830} INFO - Processing file /opt/airflow/dags/main.py for tasks to queue
[2026-09-03T17:12:54.688+0000] {logging_mixin.py:188} INFO - [2026-09-03T17:12:54.683+0000] {dagbag.py:545} INFO - Filling up the DagBag from /opt/airflow/dags/main.py
[2026-09-03T17:12:55.078+0000] {logging_mixin.py:188} INFO - channel id is not executed
[2026-09-03T17:12:55.251+0000] {processor.py:840} INFO - DAG(s) 'produce_json', 'update_db' retrieved from /opt/airflow/dags/main.py
[2026-09-03T17:12:55.833+0000] {logging_mixin.py:188} INFO - [2026-09-03T17:12:55.822+0000] {dag.py:3096} INFO - Sync 2 DAGs
[2026-09-03T17:12:55.968+0000] {logging_mixin.py:188} INFO - [2026-09-03T17:12:55.967+0000] {dag.py:3954} INFO - Setting next_dagrun for produce_json to 2026-09-04 14:00:00+00:00, run_after=2026-09-05 14:00:00+00:00
[2026-09-03T17:12:56.003+0000] {logging_mixin.py:188} INFO - [2026-09-03T17:12:56.003+0000] {dag.py:3954} INFO - Setting next_dagrun for update_db to 2026-09-04 15:00:00+00:00, run_after=2026-09-05 15:00:00+00:00
[2026-09-03T17:12:56.151+0000] {processor.py:183} INFO - Processing /opt/airflow/dags/main.py took 1.532 seconds
[2026-09-03T17:13:26.633+0000] {processor.py:161} INFO - Started process (PID=1114) to work on /opt/airflow/dags/main.py
[2026-09-03T17:13:26.640+0000] {processor.py:830} INFO - Processing file /opt/airflow/dags/main.py for tasks to queue
[2026-09-03T17:13:26.643+0000] {logging_mixin.py:188} INFO - [2026-09-03T17:13:26.643+0000] {dagbag.py:545} INFO - Filling up the DagBag from /opt/airflow/dags/main.py
[2026-09-03T17:13:26.765+0000] {logging_mixin.py:188} INFO - channel id is not executed
[2026-09-03T17:13:27.018+0000] {processor.py:840} INFO - DAG(s) 'produce_json', 'update_db' retrieved from /opt/airflow/dags/main.py
[2026-09-03T17:13:27.435+0000] {logging_mixin.py:188} INFO - [2026-09-03T17:13:27.434+0000] {dag.py:3096} INFO - Sync 2 DAGs
[2026-09-03T17:13:27.487+0000] {logging_mixin.py:188} INFO - [2026-09-03T17:13:27.486+0000] {dag.py:3954} INFO - Setting next_dagrun for produce_json to 2026-09-04 14:00:00+00:00, run_after=2026-09-05 14:00:00+00:00
[2026-09-03T17:13:27.506+0000] {logging_mixin.py:188} INFO - [2026-09-03T17:13:27.506+0000] {dag.py:3954} INFO - Setting next_dagrun for update_db to 2026-09-04 15:00:00+00:00, run_after=2026-09-05 15:00:00+00:00
[2026-09-03T17:13:27.593+0000] {processor.py:183} INFO - Processing /opt/airflow/dags/main.py took 0.989 seconds
[2026-09-03T17:13:58.572+0000] {processor.py:161} INFO - Started process (PID=1121) to work on /opt/airflow/dags/main.py
[2026-09-03T17:13:58.575+0000] {processor.py:830} INFO - Processing file /opt/airflow/dags/main.py for tasks to queue
[2026-09-03T17:13:58.582+0000] {logging_mixin.py:188} INFO - [2026-09-03T17:13:58.581+0000] {dagbag.py:545} INFO - Filling up the DagBag from /opt/airflow/dags/main.py
[2026-09-03T17:13:58.677+0000] {logging_mixin.py:188} INFO - channel id is not executed
[2026-09-03T17:13:58.870+0000] {processor.py:840} INFO - DAG(s) 'produce_json', 'update_db' retrieved from /opt/airflow/dags/main.py
[2026-09-03T17:13:59.221+0000] {logging_mixin.py:188} INFO - [2026-09-03T17:13:59.220+0000] {dag.py:3096} INFO - Sync 2 DAGs
[2026-09-03T17:13:59.335+0000] {logging_mixin.py:188} INFO - [2026-09-03T17:13:59.335+0000] {dag.py:3954} INFO - Setting next_dagrun for produce_json to 2026-09-04 14:00:00+00:00, run_after=2026-09-05 14:00:00+00:00
[2026-09-03T17:13:59.418+0000] {logging_mixin.py:188} INFO - [2026-09-03T17:13:59.371+0000] {dag.py:3954} INFO - Setting next_dagrun for update_db to 2026-09-04 15:00:00+00:00, run_after=2026-09-05 15:00:00+00:00
[2026-09-03T17:13:59.533+0000] {processor.py:183} INFO - Processing /opt/airflow/dags/main.py took 0.980 seconds
[2026-09-03T17:14:30.073+0000] {processor.py:161} INFO - Started process (PID=1128) to work on /opt/airflow/dags/main.py
[2026-09-03T17:14:30.077+0000] {processor.py:830} INFO - Processing file /opt/airflow/dags/main.py for tasks to queue
[2026-09-03T17:14:30.093+0000] {logging_mixin.py:188} INFO - [2026-09-03T17:14:30.092+0000] {dagbag.py:545} INFO - Filling up the DagBag from /opt/airflow/dags/main.py
[2026-09-03T17:14:30.197+0000] {logging_mixin.py:188} INFO - channel id is not executed
[2026-09-03T17:14:30.383+0000] {processor.py:840} INFO - DAG(s) 'produce_json', 'update_db' retrieved from /opt/airflow/dags/main.py
[2026-09-03T17:14:30.885+0000] {logging_mixin.py:188} INFO - [2026-09-03T17:14:30.885+0000] {dag.py:3096} INFO - Sync 2 DAGs
[2026-09-03T17:14:30.947+0000] {logging_mixin.py:188} INFO - [2026-09-03T17:14:30.947+0000] {dag.py:3954} INFO - Setting next_dagrun for produce_json to 2026-09-04 14:00:00+00:00, run_after=2026-09-05 14:00:00+00:00
[2026-09-03T17:14:30.958+0000] {logging_mixin.py:188} INFO - [2026-09-03T17:14:30.958+0000] {dag.py:3954} INFO - Setting next_dagrun for update_db to 2026-09-04 15:00:00+00:00, run_after=2026-09-05 15:00:00+00:00
[2026-09-03T17:14:31.042+0000] {processor.py:183} INFO - Processing /opt/airflow/dags/main.py took 0.989 seconds
[2026-09-03T17:15:01.172+0000] {processor.py:161} INFO - Started process (PID=1135) to work on /opt/airflow/dags/main.py
[2026-09-03T17:15:01.182+0000] {processor.py:830} INFO - Processing file /opt/airflow/dags/main.py for tasks to queue
[2026-09-03T17:15:01.251+0000] {logging_mixin.py:188} INFO - [2026-09-03T17:15:01.250+0000] {dagbag.py:545} INFO - Filling up the DagBag from /opt/airflow/dags/main.py
[2026-09-03T17:15:01.456+0000] {logging_mixin.py:188} INFO - channel id is not executed
[2026-09-03T17:15:01.642+0000] {processor.py:840} INFO - DAG(s) 'update_db', 'produce_json' retrieved from /opt/airflow/dags/main.py
[2026-09-03T17:15:02.075+0000] {logging_mixin.py:188} INFO - [2026-09-03T17:15:02.074+0000] {dag.py:3096} INFO - Sync 2 DAGs
[2026-09-03T17:15:02.136+0000] {logging_mixin.py:188} INFO - [2026-09-03T17:15:02.135+0000] {dag.py:3954} INFO - Setting next_dagrun for produce_json to 2026-09-04 14:00:00+00:00, run_after=2026-09-05 14:00:00+00:00
[2026-09-03T17:15:02.146+0000] {logging_mixin.py:188} INFO - [2026-09-03T17:15:02.145+0000] {dag.py:3954} INFO - Setting next_dagrun for update_db to 2026-09-04 15:00:00+00:00, run_after=2026-09-05 15:00:00+00:00
[2026-09-03T17:15:02.219+0000] {processor.py:183} INFO - Processing /opt/airflow/dags/main.py took 1.065 seconds
[2026-09-03T17:15:33.210+0000] {processor.py:161} INFO - Started process (PID=1148) to work on /opt/airflow/dags/main.py
[2026-09-03T17:15:33.212+0000] {processor.py:830} INFO - Processing file /opt/airflow/dags/main.py for tasks to queue
[2026-09-03T17:15:33.215+0000] {logging_mixin.py:188} INFO - [2026-09-03T17:15:33.215+0000] {dagbag.py:545} INFO - Filling up the DagBag from /opt/airflow/dags/main.py
[2026-09-03T17:15:33.333+0000] {logging_mixin.py:188} INFO - channel id is not executed
[2026-09-03T17:15:33.714+0000] {processor.py:840} INFO - DAG(s) 'update_db', 'produce_json' retrieved from /opt/airflow/dags/main.py
[2026-09-03T17:15:34.090+0000] {logging_mixin.py:188} INFO - [2026-09-03T17:15:34.090+0000] {dag.py:3096} INFO - Sync 2 DAGs
[2026-09-03T17:15:34.157+0000] {logging_mixin.py:188} INFO - [2026-09-03T17:15:34.156+0000] {dag.py:3954} INFO - Setting next_dagrun for produce_json to 2026-09-04 14:00:00+00:00, run_after=2026-09-05 14:00:00+00:00
[2026-09-03T17:15:34.175+0000] {logging_mixin.py:188} INFO - [2026-09-03T17:15:34.175+0000] {dag.py:3954} INFO - Setting next_dagrun for update_db to 2026-09-04 15:00:00+00:00, run_after=2026-09-05 15:00:00+00:00
[2026-09-03T17:15:34.219+0000] {processor.py:183} INFO - Processing /opt/airflow/dags/main.py took 1.026 seconds
[2026-09-03T17:16:05.781+0000] {processor.py:161} INFO - Started process (PID=1154) to work on /opt/airflow/dags/main.py
[2026-09-03T17:16:05.794+0000] {processor.py:830} INFO - Processing file /opt/airflow/dags/main.py for tasks to queue
[2026-09-03T17:16:05.799+0000] {logging_mixin.py:188} INFO - [2026-09-03T17:16:05.798+0000] {dagbag.py:545} INFO - Filling up the DagBag from /opt/airflow/dags/main.py
[2026-09-03T17:16:06.020+0000] {logging_mixin.py:188} INFO - channel id is not executed
[2026-09-03T17:16:06.323+0000] {processor.py:840} INFO - DAG(s) 'update_db', 'produce_json' retrieved from /opt/airflow/dags/main.py
[2026-09-03T17:16:07.004+0000] {logging_mixin.py:188} INFO - [2026-09-03T17:16:07.004+0000] {dag.py:3096} INFO - Sync 2 DAGs
[2026-09-03T17:16:07.054+0000] {logging_mixin.py:188} INFO - [2026-09-03T17:16:07.054+0000] {dag.py:3954} INFO - Setting next_dagrun for produce_json to 2026-09-04 14:00:00+00:00, run_after=2026-09-05 14:00:00+00:00
[2026-09-03T17:16:07.065+0000] {logging_mixin.py:188} INFO - [2026-09-03T17:16:07.065+0000] {dag.py:3954} INFO - Setting next_dagrun for update_db to 2026-09-04 15:00:00+00:00, run_after=2026-09-05 15:00:00+00:00
[2026-09-03T17:16:07.162+0000] {processor.py:183} INFO - Processing /opt/airflow/dags/main.py took 1.415 seconds
[2026-09-03T17:16:37.453+0000] {processor.py:161} INFO - Started process (PID=1162) to work on /opt/airflow/dags/main.py
[2026-09-03T17:16:37.458+0000] {processor.py:830} INFO - Processing file /opt/airflow/dags/main.py for tasks to queue
[2026-09-03T17:16:37.468+0000] {logging_mixin.py:188} INFO - [2026-09-03T17:16:37.466+0000] {dagbag.py:545} INFO - Filling up the DagBag from /opt/airflow/dags/main.py
[2026-09-03T17:16:37.609+0000] {logging_mixin.py:188} INFO - channel id is not executed
[2026-09-03T17:16:37.749+0000] {processor.py:840} INFO - DAG(s) 'produce_json', 'update_db' retrieved from /opt/airflow/dags/main.py
[2026-09-03T17:16:38.095+0000] {logging_mixin.py:188} INFO - [2026-09-03T17:16:38.095+0000] {dag.py:3096} INFO - Sync 2 DAGs
[2026-09-03T17:16:38.149+0000] {logging_mixin.py:188} INFO - [2026-09-03T17:16:38.149+0000] {dag.py:3954} INFO - Setting next_dagrun for produce_json to 2026-09-04 14:00:00+00:00, run_after=2026-09-05 14:00:00+00:00
[2026-09-03T17:16:38.175+0000] {logging_mixin.py:188} INFO - [2026-09-03T17:16:38.174+0000] {dag.py:3954} INFO - Setting next_dagrun for update_db to 2026-09-04 15:00:00+00:00, run_after=2026-09-05 15:00:00+00:00
[2026-09-03T17:16:38.279+0000] {processor.py:183} INFO - Processing /opt/airflow/dags/main.py took 0.846 seconds
[2026-09-03T17:17:08.848+0000] {processor.py:161} INFO - Started process (PID=1169) to work on /opt/airflow/dags/main.py
[2026-09-03T17:17:08.852+0000] {processor.py:830} INFO - Processing file /opt/airflow/dags/main.py for tasks to queue
[2026-09-03T17:17:08.855+0000] {logging_mixin.py:188} INFO - [2026-09-03T17:17:08.855+0000] {dagbag.py:545} INFO - Filling up the DagBag from /opt/airflow/dags/main.py
[2026-09-03T17:17:08.977+0000] {logging_mixin.py:188} INFO - channel id is not executed
[2026-09-03T17:17:09.120+0000] {processor.py:840} INFO - DAG(s) 'produce_json', 'update_db' retrieved from /opt/airflow/dags/main.py
[2026-09-03T17:17:09.571+0000] {logging_mixin.py:188} INFO - [2026-09-03T17:17:09.570+0000] {dag.py:3096} INFO - Sync 2 DAGs
[2026-09-03T17:17:09.626+0000] {logging_mixin.py:188} INFO - [2026-09-03T17:17:09.626+0000] {dag.py:3954} INFO - Setting next_dagrun for produce_json to 2026-09-04 14:00:00+00:00, run_after=2026-09-05 14:00:00+00:00
[2026-09-03T17:17:09.640+0000] {logging_mixin.py:188} INFO - [2026-09-03T17:17:09.639+0000] {dag.py:3954} INFO - Setting next_dagrun for update_db to 2026-09-04 15:00:00+00:00, run_after=2026-09-05 15:00:00+00:00
[2026-09-03T17:17:09.719+0000] {processor.py:183} INFO - Processing /opt/airflow/dags/main.py took 0.912 seconds
[2026-09-03T17:17:40.679+0000] {processor.py:161} INFO - Started process (PID=1176) to work on /opt/airflow/dags/main.py
[2026-09-03T17:17:40.686+0000] {processor.py:830} INFO - Processing file /opt/airflow/dags/main.py for tasks to queue
[2026-09-03T17:17:40.705+0000] {logging_mixin.py:188} INFO - [2026-09-03T17:17:40.702+0000] {dagbag.py:545} INFO - Filling up the DagBag from /opt/airflow/dags/main.py
[2026-09-03T17:17:40.855+0000] {logging_mixin.py:188} INFO - channel id is not executed
[2026-09-03T17:17:41.006+0000] {processor.py:840} INFO - DAG(s) 'update_db', 'produce_json' retrieved from /opt/airflow/dags/main.py
[2026-09-03T17:17:41.461+0000] {logging_mixin.py:188} INFO - [2026-09-03T17:17:41.460+0000] {dag.py:3096} INFO - Sync 2 DAGs
[2026-09-03T17:17:41.521+0000] {logging_mixin.py:188} INFO - [2026-09-03T17:17:41.521+0000] {dag.py:3954} INFO - Setting next_dagrun for produce_json to 2026-09-04 14:00:00+00:00, run_after=2026-09-05 14:00:00+00:00
[2026-09-03T17:17:41.535+0000] {logging_mixin.py:188} INFO - [2026-09-03T17:17:41.534+0000] {dag.py:3954} INFO - Setting next_dagrun for update_db to 2026-09-04 15:00:00+00:00, run_after=2026-09-05 15:00:00+00:00
[2026-09-03T17:17:41.639+0000] {processor.py:183} INFO - Processing /opt/airflow/dags/main.py took 0.989 seconds
[2026-09-03T17:18:12.231+0000] {processor.py:161} INFO - Started process (PID=1183) to work on /opt/airflow/dags/main.py
[2026-09-03T17:18:12.233+0000] {processor.py:830} INFO - Processing file /opt/airflow/dags/main.py for tasks to queue
[2026-09-03T17:18:12.239+0000] {logging_mixin.py:188} INFO - [2026-09-03T17:18:12.238+0000] {dagbag.py:545} INFO - Filling up the DagBag from /opt/airflow/dags/main.py
[2026-09-03T17:18:12.425+0000] {logging_mixin.py:188} INFO - channel id is not executed
[2026-09-03T17:18:12.575+0000] {processor.py:840} INFO - DAG(s) 'produce_json', 'update_db' retrieved from /opt/airflow/dags/main.py
[2026-09-03T17:18:12.994+0000] {logging_mixin.py:188} INFO - [2026-09-03T17:18:12.993+0000] {dag.py:3096} INFO - Sync 2 DAGs
[2026-09-03T17:18:13.095+0000] {logging_mixin.py:188} INFO - [2026-09-03T17:18:13.094+0000] {dag.py:3954} INFO - Setting next_dagrun for produce_json to 2026-09-04 14:00:00+00:00, run_after=2026-09-05 14:00:00+00:00
[2026-09-03T17:18:13.148+0000] {logging_mixin.py:188} INFO - [2026-09-03T17:18:13.147+0000] {dag.py:3954} INFO - Setting next_dagrun for update_db to 2026-09-04 15:00:00+00:00, run_after=2026-09-05 15:00:00+00:00
[2026-09-03T17:18:13.249+0000] {processor.py:183} INFO - Processing /opt/airflow/dags/main.py took 1.030 seconds
[2026-09-03T17:18:43.648+0000] {processor.py:161} INFO - Started process (PID=1190) to work on /opt/airflow/dags/main.py
[2026-09-03T17:18:43.652+0000] {processor.py:830} INFO - Processing file /opt/airflow/dags/main.py for tasks to queue
[2026-09-03T17:18:43.658+0000] {logging_mixin.py:188} INFO - [2026-09-03T17:18:43.657+0000] {dagbag.py:545} INFO - Filling up the DagBag from /opt/airflow/dags/main.py
[2026-09-03T17:18:43.775+0000] {logging_mixin.py:188} INFO - channel id is not executed
[2026-09-03T17:18:44.081+0000] {processor.py:840} INFO - DAG(s) 'produce_json', 'update_db' retrieved from /opt/airflow/dags/main.py
[2026-09-03T17:18:44.440+0000] {logging_mixin.py:188} INFO - [2026-09-03T17:18:44.439+0000] {dag.py:3096} INFO - Sync 2 DAGs
[2026-09-03T17:18:44.498+0000] {logging_mixin.py:188} INFO - [2026-09-03T17:18:44.498+0000] {dag.py:3954} INFO - Setting next_dagrun for produce_json to 2026-09-04 14:00:00+00:00, run_after=2026-09-05 14:00:00+00:00
[2026-09-03T17:18:44.530+0000] {logging_mixin.py:188} INFO - [2026-09-03T17:18:44.530+0000] {dag.py:3954} INFO - Setting next_dagrun for update_db to 2026-09-04 15:00:00+00:00, run_after=2026-09-05 15:00:00+00:00
[2026-09-03T17:18:44.646+0000] {processor.py:183} INFO - Processing /opt/airflow/dags/main.py took 1.012 seconds
[2026-09-03T17:19:14.975+0000] {processor.py:161} INFO - Started process (PID=1198) to work on /opt/airflow/dags/main.py
[2026-09-03T17:19:14.987+0000] {processor.py:830} INFO - Processing file /opt/airflow/dags/main.py for tasks to queue
[2026-09-03T17:19:15.023+0000] {logging_mixin.py:188} INFO - [2026-09-03T17:19:15.019+0000] {dagbag.py:545} INFO - Filling up the DagBag from /opt/airflow/dags/main.py
[2026-09-03T17:19:15.437+0000] {logging_mixin.py:188} INFO - channel id is not executed
[2026-09-03T17:19:15.664+0000] {processor.py:840} INFO - DAG(s) 'update_db', 'produce_json' retrieved from /opt/airflow/dags/main.py
[2026-09-03T17:19:16.199+0000] {logging_mixin.py:188} INFO - [2026-09-03T17:19:16.198+0000] {dag.py:3096} INFO - Sync 2 DAGs
[2026-09-03T17:19:16.253+0000] {logging_mixin.py:188} INFO - [2026-09-03T17:19:16.252+0000] {dag.py:3954} INFO - Setting next_dagrun for produce_json to 2026-09-04 14:00:00+00:00, run_after=2026-09-05 14:00:00+00:00
[2026-09-03T17:19:16.266+0000] {logging_mixin.py:188} INFO - [2026-09-03T17:19:16.266+0000] {dag.py:3954} INFO - Setting next_dagrun for update_db to 2026-09-04 15:00:00+00:00, run_after=2026-09-05 15:00:00+00:00
[2026-09-03T17:19:16.400+0000] {processor.py:183} INFO - Processing /opt/airflow/dags/main.py took 1.488 seconds
[2026-09-03T17:19:49.836+0000] {processor.py:161} INFO - Started process (PID=1204) to work on /opt/airflow/dags/main.py
[2026-09-03T17:19:49.930+0000] {processor.py:830} INFO - Processing file /opt/airflow/dags/main.py for tasks to queue
[2026-09-03T17:19:50.130+0000] {logging_mixin.py:188} INFO - [2026-09-03T17:19:50.129+0000] {dagbag.py:545} INFO - Filling up the DagBag from /opt/airflow/dags/main.py
[2026-09-03T17:19:50.790+0000] {logging_mixin.py:188} INFO - channel id is not executed
[2026-09-03T17:19:51.830+0000] {processor.py:840} INFO - DAG(s) 'produce_json', 'update_db' retrieved from /opt/airflow/dags/main.py
[2026-09-03T17:19:52.920+0000] {logging_mixin.py:188} INFO - [2026-09-03T17:19:52.919+0000] {dag.py:3096} INFO - Sync 2 DAGs
[2026-09-03T17:19:53.194+0000] {logging_mixin.py:188} INFO - [2026-09-03T17:19:53.193+0000] {dag.py:3954} INFO - Setting next_dagrun for produce_json to 2026-09-04 14:00:00+00:00, run_after=2026-09-05 14:00:00+00:00
[2026-09-03T17:19:53.244+0000] {logging_mixin.py:188} INFO - [2026-09-03T17:19:53.243+0000] {dag.py:3954} INFO - Setting next_dagrun for update_db to 2026-09-04 15:00:00+00:00, run_after=2026-09-05 15:00:00+00:00
[2026-09-03T17:19:53.419+0000] {processor.py:183} INFO - Processing /opt/airflow/dags/main.py took 3.608 seconds
[2026-09-03T17:20:23.617+0000] {processor.py:161} INFO - Started process (PID=1211) to work on /opt/airflow/dags/main.py
[2026-09-03T17:20:23.621+0000] {processor.py:830} INFO - Processing file /opt/airflow/dags/main.py for tasks to queue
[2026-09-03T17:20:23.627+0000] {logging_mixin.py:188} INFO - [2026-09-03T17:20:23.626+0000] {dagbag.py:545} INFO - Filling up the DagBag from /opt/airflow/dags/main.py
[2026-09-03T17:20:23.743+0000] {logging_mixin.py:188} INFO - channel id is not executed
[2026-09-03T17:20:23.999+0000] {processor.py:840} INFO - DAG(s) 'produce_json', 'update_db' retrieved from /opt/airflow/dags/main.py
[2026-09-03T17:20:24.352+0000] {logging_mixin.py:188} INFO - [2026-09-03T17:20:24.351+0000] {dag.py:3096} INFO - Sync 2 DAGs
[2026-09-03T17:20:24.438+0000] {logging_mixin.py:188} INFO - [2026-09-03T17:20:24.437+0000] {dag.py:3954} INFO - Setting next_dagrun for produce_json to 2026-09-04 14:00:00+00:00, run_after=2026-09-05 14:00:00+00:00
[2026-09-03T17:20:24.450+0000] {logging_mixin.py:188} INFO - [2026-09-03T17:20:24.450+0000] {dag.py:3954} INFO - Setting next_dagrun for update_db to 2026-09-04 15:00:00+00:00, run_after=2026-09-05 15:00:00+00:00
[2026-09-03T17:20:24.665+0000] {processor.py:183} INFO - Processing /opt/airflow/dags/main.py took 1.062 seconds
[2026-09-03T17:20:55.601+0000] {processor.py:161} INFO - Started process (PID=1218) to work on /opt/airflow/dags/main.py
[2026-09-03T17:20:55.604+0000] {processor.py:830} INFO - Processing file /opt/airflow/dags/main.py for tasks to queue
[2026-09-03T17:20:55.610+0000] {logging_mixin.py:188} INFO - [2026-09-03T17:20:55.609+0000] {dagbag.py:545} INFO - Filling up the DagBag from /opt/airflow/dags/main.py
[2026-09-03T17:20:55.766+0000] {logging_mixin.py:188} INFO - channel id is not executed
[2026-09-03T17:20:55.906+0000] {processor.py:840} INFO - DAG(s) 'update_db', 'produce_json' retrieved from /opt/airflow/dags/main.py
[2026-09-03T17:20:56.272+0000] {logging_mixin.py:188} INFO - [2026-09-03T17:20:56.271+0000] {dag.py:3096} INFO - Sync 2 DAGs
[2026-09-03T17:20:56.435+0000] {logging_mixin.py:188} INFO - [2026-09-03T17:20:56.434+0000] {dag.py:3954} INFO - Setting next_dagrun for produce_json to 2026-09-04 14:00:00+00:00, run_after=2026-09-05 14:00:00+00:00
[2026-09-03T17:20:56.452+0000] {logging_mixin.py:188} INFO - [2026-09-03T17:20:56.451+0000] {dag.py:3954} INFO - Setting next_dagrun for update_db to 2026-09-04 15:00:00+00:00, run_after=2026-09-05 15:00:00+00:00
[2026-09-03T17:20:56.524+0000] {processor.py:183} INFO - Processing /opt/airflow/dags/main.py took 0.944 seconds
[2026-09-03T17:21:28.115+0000] {processor.py:161} INFO - Started process (PID=1225) to work on /opt/airflow/dags/main.py
[2026-09-03T17:21:28.125+0000] {processor.py:830} INFO - Processing file /opt/airflow/dags/main.py for tasks to queue
[2026-09-03T17:21:28.136+0000] {logging_mixin.py:188} INFO - [2026-09-03T17:21:28.135+0000] {dagbag.py:545} INFO - Filling up the DagBag from /opt/airflow/dags/main.py
[2026-09-03T17:21:28.543+0000] {logging_mixin.py:188} INFO - channel id is not executed
[2026-09-03T17:21:28.844+0000] {processor.py:840} INFO - DAG(s) 'update_db', 'produce_json' retrieved from /opt/airflow/dags/main.py
[2026-09-03T17:21:29.414+0000] {logging_mixin.py:188} INFO - [2026-09-03T17:21:29.413+0000] {dag.py:3096} INFO - Sync 2 DAGs
[2026-09-03T17:21:29.602+0000] {logging_mixin.py:188} INFO - [2026-09-03T17:21:29.602+0000] {dag.py:3954} INFO - Setting next_dagrun for produce_json to 2026-09-04 14:00:00+00:00, run_after=2026-09-05 14:00:00+00:00
[2026-09-03T17:21:29.634+0000] {logging_mixin.py:188} INFO - [2026-09-03T17:21:29.633+0000] {dag.py:3954} INFO - Setting next_dagrun for update_db to 2026-09-04 15:00:00+00:00, run_after=2026-09-05 15:00:00+00:00
[2026-09-03T17:21:29.847+0000] {processor.py:183} INFO - Processing /opt/airflow/dags/main.py took 1.742 seconds
[2026-09-03T17:22:00.781+0000] {processor.py:161} INFO - Started process (PID=1232) to work on /opt/airflow/dags/main.py
[2026-09-03T17:22:00.787+0000] {processor.py:830} INFO - Processing file /opt/airflow/dags/main.py for tasks to queue
[2026-09-03T17:22:00.792+0000] {logging_mixin.py:188} INFO - [2026-09-03T17:22:00.790+0000] {dagbag.py:545} INFO - Filling up the DagBag from /opt/airflow/dags/main.py
[2026-09-03T17:22:01.101+0000] {logging_mixin.py:188} INFO - channel id is not executed
[2026-09-03T17:22:01.210+0000] {processor.py:840} INFO - DAG(s) 'update_db', 'produce_json' retrieved from /opt/airflow/dags/main.py
[2026-09-03T17:22:01.542+0000] {logging_mixin.py:188} INFO - [2026-09-03T17:22:01.541+0000] {dag.py:3096} INFO - Sync 2 DAGs
[2026-09-03T17:22:01.704+0000] {logging_mixin.py:188} INFO - [2026-09-03T17:22:01.703+0000] {dag.py:3954} INFO - Setting next_dagrun for produce_json to 2026-09-04 14:00:00+00:00, run_after=2026-09-05 14:00:00+00:00
[2026-09-03T17:22:01.734+0000] {logging_mixin.py:188} INFO - [2026-09-03T17:22:01.733+0000] {dag.py:3954} INFO - Setting next_dagrun for update_db to 2026-09-04 15:00:00+00:00, run_after=2026-09-05 15:00:00+00:00
[2026-09-03T17:22:01.773+0000] {processor.py:183} INFO - Processing /opt/airflow/dags/main.py took 1.063 seconds
[2026-09-03T17:22:32.106+0000] {processor.py:161} INFO - Started process (PID=1239) to work on /opt/airflow/dags/main.py
[2026-09-03T17:22:32.112+0000] {processor.py:830} INFO - Processing file /opt/airflow/dags/main.py for tasks to queue
[2026-09-03T17:22:32.114+0000] {logging_mixin.py:188} INFO - [2026-09-03T17:22:32.114+0000] {dagbag.py:545} INFO - Filling up the DagBag from /opt/airflow/dags/main.py
[2026-09-03T17:22:32.206+0000] {logging_mixin.py:188} INFO - channel id is not executed
[2026-09-03T17:22:32.392+0000] {processor.py:840} INFO - DAG(s) 'produce_json', 'update_db' retrieved from /opt/airflow/dags/main.py
[2026-09-03T17:22:33.314+0000] {logging_mixin.py:188} INFO - [2026-09-03T17:22:33.313+0000] {dag.py:3096} INFO - Sync 2 DAGs
[2026-09-03T17:22:33.612+0000] {logging_mixin.py:188} INFO - [2026-09-03T17:22:33.611+0000] {dag.py:3954} INFO - Setting next_dagrun for produce_json to 2026-09-04 14:00:00+00:00, run_after=2026-09-05 14:00:00+00:00
[2026-09-03T17:22:34.042+0000] {logging_mixin.py:188} INFO - [2026-09-03T17:22:34.041+0000] {dag.py:3954} INFO - Setting next_dagrun for update_db to 2026-09-04 15:00:00+00:00, run_after=2026-09-05 15:00:00+00:00
[2026-09-03T17:22:34.882+0000] {processor.py:183} INFO - Processing /opt/airflow/dags/main.py took 2.839 seconds
[2026-09-03T17:23:05.372+0000] {processor.py:161} INFO - Started process (PID=1246) to work on /opt/airflow/dags/main.py
[2026-09-03T17:23:05.378+0000] {processor.py:830} INFO - Processing file /opt/airflow/dags/main.py for tasks to queue
[2026-09-03T17:23:05.390+0000] {logging_mixin.py:188} INFO - [2026-09-03T17:23:05.390+0000] {dagbag.py:545} INFO - Filling up the DagBag from /opt/airflow/dags/main.py
[2026-09-03T17:23:05.715+0000] {logging_mixin.py:188} INFO - channel id is not executed
[2026-09-03T17:23:06.232+0000] {processor.py:840} INFO - DAG(s) 'update_db', 'produce_json' retrieved from /opt/airflow/dags/main.py
[2026-09-03T17:23:07.588+0000] {logging_mixin.py:188} INFO - [2026-09-03T17:23:07.588+0000] {dag.py:3096} INFO - Sync 2 DAGs
[2026-09-03T17:23:07.686+0000] {logging_mixin.py:188} INFO - [2026-09-03T17:23:07.686+0000] {dag.py:3954} INFO - Setting next_dagrun for produce_json to 2026-09-04 14:00:00+00:00, run_after=2026-09-05 14:00:00+00:00
[2026-09-03T17:23:07.733+0000] {logging_mixin.py:188} INFO - [2026-09-03T17:23:07.733+0000] {dag.py:3954} INFO - Setting next_dagrun for update_db to 2026-09-04 15:00:00+00:00, run_after=2026-09-05 15:00:00+00:00
[2026-09-03T17:23:07.890+0000] {processor.py:183} INFO - Processing /opt/airflow/dags/main.py took 2.537 seconds
[2026-09-03T17:23:38.614+0000] {processor.py:161} INFO - Started process (PID=1258) to work on /opt/airflow/dags/main.py
[2026-09-03T17:23:38.628+0000] {processor.py:830} INFO - Processing file /opt/airflow/dags/main.py for tasks to queue
[2026-09-03T17:23:38.632+0000] {logging_mixin.py:188} INFO - [2026-09-03T17:23:38.631+0000] {dagbag.py:545} INFO - Filling up the DagBag from /opt/airflow/dags/main.py
[2026-09-03T17:23:39.092+0000] {logging_mixin.py:188} INFO - channel id is not executed
[2026-09-03T17:23:39.431+0000] {processor.py:840} INFO - DAG(s) 'update_db', 'produce_json' retrieved from /opt/airflow/dags/main.py
[2026-09-03T17:23:40.275+0000] {logging_mixin.py:188} INFO - [2026-09-03T17:23:40.275+0000] {dag.py:3096} INFO - Sync 2 DAGs
[2026-09-03T17:23:40.459+0000] {logging_mixin.py:188} INFO - [2026-09-03T17:23:40.448+0000] {dag.py:3954} INFO - Setting next_dagrun for produce_json to 2026-09-04 14:00:00+00:00, run_after=2026-09-05 14:00:00+00:00
[2026-09-03T17:23:40.479+0000] {logging_mixin.py:188} INFO - [2026-09-03T17:23:40.479+0000] {dag.py:3954} INFO - Setting next_dagrun for update_db to 2026-09-04 15:00:00+00:00, run_after=2026-09-05 15:00:00+00:00
[2026-09-03T17:23:40.625+0000] {processor.py:183} INFO - Processing /opt/airflow/dags/main.py took 2.035 seconds
[2026-09-03T17:24:11.201+0000] {processor.py:161} INFO - Started process (PID=1264) to work on /opt/airflow/dags/main.py
[2026-09-03T17:24:11.204+0000] {processor.py:830} INFO - Processing file /opt/airflow/dags/main.py for tasks to queue
[2026-09-03T17:24:11.210+0000] {logging_mixin.py:188} INFO - [2026-09-03T17:24:11.209+0000] {dagbag.py:545} INFO - Filling up the DagBag from /opt/airflow/dags/main.py
[2026-09-03T17:24:11.629+0000] {logging_mixin.py:188} INFO - [2026-09-03T17:24:11.598+0000] {dagbag.py:355} ERROR - Failed to import: /opt/airflow/dags/main.py
Traceback (most recent call last):
  File "/home/airflow/.local/lib/python3.10/site-packages/airflow/models/dagbag.py", line 351, in parse
    loader.exec_module(new_module)
  File "<frozen importlib._bootstrap_external>", line 883, in exec_module
  File "<frozen importlib._bootstrap>", line 241, in _call_with_frames_removed
  File "/opt/airflow/dags/main.py", line 5, in <module>
    from api.video import channel_playlist_id,get_video_id,extract_video_data,save_to_json
  File "<frozen importlib._bootstrap>", line 1027, in _find_and_load
  File "<frozen importlib._bootstrap>", line 1002, in _find_and_load_unlocked
  File "<frozen importlib._bootstrap>", line 945, in _find_spec
  File "<frozen importlib._bootstrap_external>", line 1439, in find_spec
  File "<frozen importlib._bootstrap_external>", line 1411, in _get_spec
  File "<frozen importlib._bootstrap_external>", line 1548, in find_spec
  File "<frozen importlib._bootstrap_external>", line 1591, in _fill_cache
OSError: [Errno 12] Cannot allocate memory: '/opt/airflow/dags/api'
[2026-09-03T17:24:11.639+0000] {processor.py:842} WARNING - No viable dags retrieved from /opt/airflow/dags/main.py
[2026-09-03T17:24:12.129+0000] {processor.py:183} INFO - Processing /opt/airflow/dags/main.py took 0.946 seconds
[2026-09-03T17:24:42.623+0000] {processor.py:161} INFO - Started process (PID=1271) to work on /opt/airflow/dags/main.py
[2026-09-03T17:24:42.627+0000] {processor.py:830} INFO - Processing file /opt/airflow/dags/main.py for tasks to queue
[2026-09-03T17:24:42.630+0000] {logging_mixin.py:188} INFO - [2026-09-03T17:24:42.629+0000] {dagbag.py:545} INFO - Filling up the DagBag from /opt/airflow/dags/main.py
[2026-09-03T17:24:42.764+0000] {logging_mixin.py:188} INFO - channel id is not executed
[2026-09-03T17:24:42.898+0000] {processor.py:840} INFO - DAG(s) 'produce_json', 'update_db' retrieved from /opt/airflow/dags/main.py
[2026-09-03T17:24:43.226+0000] {logging_mixin.py:188} INFO - [2026-09-03T17:24:43.226+0000] {dag.py:3096} INFO - Sync 2 DAGs
[2026-09-03T17:24:43.359+0000] {logging_mixin.py:188} INFO - [2026-09-03T17:24:43.359+0000] {dag.py:3954} INFO - Setting next_dagrun for produce_json to 2026-09-04 14:00:00+00:00, run_after=2026-09-05 14:00:00+00:00
[2026-09-03T17:24:43.392+0000] {logging_mixin.py:188} INFO - [2026-09-03T17:24:43.391+0000] {dag.py:3954} INFO - Setting next_dagrun for update_db to 2026-09-04 15:00:00+00:00, run_after=2026-09-05 15:00:00+00:00
[2026-09-03T17:24:43.484+0000] {processor.py:183} INFO - Processing /opt/airflow/dags/main.py took 0.877 seconds
[2026-09-03T17:25:15.786+0000] {processor.py:161} INFO - Started process (PID=1277) to work on /opt/airflow/dags/main.py
[2026-09-03T17:25:15.821+0000] {processor.py:830} INFO - Processing file /opt/airflow/dags/main.py for tasks to queue
[2026-09-03T17:25:15.854+0000] {logging_mixin.py:188} INFO - [2026-09-03T17:25:15.853+0000] {dagbag.py:545} INFO - Filling up the DagBag from /opt/airflow/dags/main.py
[2026-09-03T17:25:17.539+0000] {logging_mixin.py:188} INFO - channel id is not executed
[2026-09-03T17:25:20.566+0000] {processor.py:840} INFO - DAG(s) 'update_db', 'produce_json' retrieved from /opt/airflow/dags/main.py
[2026-09-03T17:25:21.918+0000] {logging_mixin.py:188} INFO - [2026-09-03T17:25:21.918+0000] {dag.py:3096} INFO - Sync 2 DAGs
[2026-09-03T17:25:22.109+0000] {logging_mixin.py:188} INFO - [2026-09-03T17:25:22.108+0000] {dag.py:3954} INFO - Setting next_dagrun for produce_json to 2026-09-04 14:00:00+00:00, run_after=2026-09-05 14:00:00+00:00
[2026-09-03T17:25:22.194+0000] {logging_mixin.py:188} INFO - [2026-09-03T17:25:22.193+0000] {dag.py:3954} INFO - Setting next_dagrun for update_db to 2026-09-04 15:00:00+00:00, run_after=2026-09-05 15:00:00+00:00
[2026-09-03T17:25:22.347+0000] {processor.py:183} INFO - Processing /opt/airflow/dags/main.py took 6.610 seconds
[2026-09-03T17:25:52.924+0000] {processor.py:161} INFO - Started process (PID=1284) to work on /opt/airflow/dags/main.py
[2026-09-03T17:25:52.926+0000] {processor.py:830} INFO - Processing file /opt/airflow/dags/main.py for tasks to queue
[2026-09-03T17:25:52.930+0000] {logging_mixin.py:188} INFO - [2026-09-03T17:25:52.929+0000] {dagbag.py:545} INFO - Filling up the DagBag from /opt/airflow/dags/main.py
[2026-09-03T17:25:53.058+0000] {logging_mixin.py:188} INFO - channel id is not executed
[2026-09-03T17:25:53.236+0000] {processor.py:840} INFO - DAG(s) 'update_db', 'produce_json' retrieved from /opt/airflow/dags/main.py
[2026-09-03T17:25:53.750+0000] {logging_mixin.py:188} INFO - [2026-09-03T17:25:53.750+0000] {dag.py:3096} INFO - Sync 2 DAGs
[2026-09-03T17:25:53.806+0000] {logging_mixin.py:188} INFO - [2026-09-03T17:25:53.805+0000] {dag.py:3954} INFO - Setting next_dagrun for produce_json to 2026-09-04 14:00:00+00:00, run_after=2026-09-05 14:00:00+00:00
[2026-09-03T17:25:53.815+0000] {logging_mixin.py:188} INFO - [2026-09-03T17:25:53.814+0000] {dag.py:3954} INFO - Setting next_dagrun for update_db to 2026-09-04 15:00:00+00:00, run_after=2026-09-05 15:00:00+00:00
[2026-09-03T17:25:53.963+0000] {processor.py:183} INFO - Processing /opt/airflow/dags/main.py took 1.052 seconds
[2026-09-03T17:26:25.170+0000] {processor.py:161} INFO - Started process (PID=1291) to work on /opt/airflow/dags/main.py
[2026-09-03T17:26:25.172+0000] {processor.py:830} INFO - Processing file /opt/airflow/dags/main.py for tasks to queue
[2026-09-03T17:26:25.176+0000] {logging_mixin.py:188} INFO - [2026-09-03T17:26:25.176+0000] {dagbag.py:545} INFO - Filling up the DagBag from /opt/airflow/dags/main.py
[2026-09-03T17:26:25.306+0000] {logging_mixin.py:188} INFO - channel id is not executed
[2026-09-03T17:26:25.769+0000] {processor.py:840} INFO - DAG(s) 'produce_json', 'update_db' retrieved from /opt/airflow/dags/main.py
[2026-09-03T17:26:26.752+0000] {logging_mixin.py:188} INFO - [2026-09-03T17:26:26.751+0000] {dag.py:3096} INFO - Sync 2 DAGs
[2026-09-03T17:26:26.964+0000] {logging_mixin.py:188} INFO - [2026-09-03T17:26:26.964+0000] {dag.py:3954} INFO - Setting next_dagrun for produce_json to 2026-09-04 14:00:00+00:00, run_after=2026-09-05 14:00:00+00:00
[2026-09-03T17:26:27.244+0000] {logging_mixin.py:188} INFO - [2026-09-03T17:26:27.244+0000] {dag.py:3954} INFO - Setting next_dagrun for update_db to 2026-09-04 15:00:00+00:00, run_after=2026-09-05 15:00:00+00:00
[2026-09-03T17:26:28.228+0000] {processor.py:183} INFO - Processing /opt/airflow/dags/main.py took 3.074 seconds
[2026-09-03T17:26:59.144+0000] {processor.py:161} INFO - Started process (PID=1297) to work on /opt/airflow/dags/main.py
[2026-09-03T17:26:59.158+0000] {processor.py:830} INFO - Processing file /opt/airflow/dags/main.py for tasks to queue
[2026-09-03T17:26:59.162+0000] {logging_mixin.py:188} INFO - [2026-09-03T17:26:59.162+0000] {dagbag.py:545} INFO - Filling up the DagBag from /opt/airflow/dags/main.py
[2026-09-03T17:26:59.426+0000] {logging_mixin.py:188} INFO - channel id is not executed
[2026-09-03T17:26:59.965+0000] {processor.py:840} INFO - DAG(s) 'produce_json', 'update_db' retrieved from /opt/airflow/dags/main.py
[2026-09-03T17:27:00.344+0000] {logging_mixin.py:188} INFO - [2026-09-03T17:27:00.343+0000] {dag.py:3096} INFO - Sync 2 DAGs
[2026-09-03T17:27:00.426+0000] {logging_mixin.py:188} INFO - [2026-09-03T17:27:00.425+0000] {dag.py:3954} INFO - Setting next_dagrun for produce_json to 2026-09-04 14:00:00+00:00, run_after=2026-09-05 14:00:00+00:00
[2026-09-03T17:27:00.442+0000] {logging_mixin.py:188} INFO - [2026-09-03T17:27:00.440+0000] {dag.py:3954} INFO - Setting next_dagrun for update_db to 2026-09-04 15:00:00+00:00, run_after=2026-09-05 15:00:00+00:00
[2026-09-03T17:27:00.504+0000] {processor.py:183} INFO - Processing /opt/airflow/dags/main.py took 1.376 seconds
[2026-09-03T17:27:31.101+0000] {processor.py:161} INFO - Started process (PID=1305) to work on /opt/airflow/dags/main.py
[2026-09-03T17:27:31.104+0000] {processor.py:830} INFO - Processing file /opt/airflow/dags/main.py for tasks to queue
[2026-09-03T17:27:31.107+0000] {logging_mixin.py:188} INFO - [2026-09-03T17:27:31.106+0000] {dagbag.py:545} INFO - Filling up the DagBag from /opt/airflow/dags/main.py
[2026-09-03T17:27:31.283+0000] {logging_mixin.py:188} INFO - channel id is not executed
[2026-09-03T17:27:31.651+0000] {processor.py:840} INFO - DAG(s) 'produce_json', 'update_db' retrieved from /opt/airflow/dags/main.py
[2026-09-03T17:27:32.349+0000] {logging_mixin.py:188} INFO - [2026-09-03T17:27:32.341+0000] {dag.py:3096} INFO - Sync 2 DAGs
[2026-09-03T17:27:32.390+0000] {logging_mixin.py:188} INFO - [2026-09-03T17:27:32.389+0000] {dag.py:3954} INFO - Setting next_dagrun for produce_json to 2026-09-04 14:00:00+00:00, run_after=2026-09-05 14:00:00+00:00
[2026-09-03T17:27:32.399+0000] {logging_mixin.py:188} INFO - [2026-09-03T17:27:32.398+0000] {dag.py:3954} INFO - Setting next_dagrun for update_db to 2026-09-04 15:00:00+00:00, run_after=2026-09-05 15:00:00+00:00
[2026-09-03T17:27:32.433+0000] {processor.py:183} INFO - Processing /opt/airflow/dags/main.py took 1.349 seconds
[2026-09-03T17:28:03.097+0000] {processor.py:161} INFO - Started process (PID=1311) to work on /opt/airflow/dags/main.py
[2026-09-03T17:28:03.106+0000] {processor.py:830} INFO - Processing file /opt/airflow/dags/main.py for tasks to queue
[2026-09-03T17:28:03.111+0000] {logging_mixin.py:188} INFO - [2026-09-03T17:28:03.111+0000] {dagbag.py:545} INFO - Filling up the DagBag from /opt/airflow/dags/main.py
[2026-09-03T17:28:03.680+0000] {logging_mixin.py:188} INFO - channel id is not executed
[2026-09-03T17:28:04.142+0000] {processor.py:840} INFO - DAG(s) 'update_db', 'produce_json' retrieved from /opt/airflow/dags/main.py
[2026-09-03T17:28:04.722+0000] {logging_mixin.py:188} INFO - [2026-09-03T17:28:04.722+0000] {dag.py:3096} INFO - Sync 2 DAGs
[2026-09-03T17:28:04.784+0000] {logging_mixin.py:188} INFO - [2026-09-03T17:28:04.783+0000] {dag.py:3954} INFO - Setting next_dagrun for produce_json to 2026-09-04 14:00:00+00:00, run_after=2026-09-05 14:00:00+00:00
[2026-09-03T17:28:04.798+0000] {logging_mixin.py:188} INFO - [2026-09-03T17:28:04.794+0000] {dag.py:3954} INFO - Setting next_dagrun for update_db to 2026-09-04 15:00:00+00:00, run_after=2026-09-05 15:00:00+00:00
[2026-09-03T17:28:04.891+0000] {processor.py:183} INFO - Processing /opt/airflow/dags/main.py took 1.830 seconds
[2026-09-03T17:28:35.153+0000] {processor.py:161} INFO - Started process (PID=1319) to work on /opt/airflow/dags/main.py
[2026-09-03T17:28:35.157+0000] {processor.py:830} INFO - Processing file /opt/airflow/dags/main.py for tasks to queue
[2026-09-03T17:28:35.160+0000] {logging_mixin.py:188} INFO - [2026-09-03T17:28:35.160+0000] {dagbag.py:545} INFO - Filling up the DagBag from /opt/airflow/dags/main.py
[2026-09-03T17:28:35.308+0000] {logging_mixin.py:188} INFO - channel id is not executed
[2026-09-03T17:28:36.121+0000] {processor.py:840} INFO - DAG(s) 'update_db', 'produce_json' retrieved from /opt/airflow/dags/main.py
[2026-09-03T17:28:38.084+0000] {logging_mixin.py:188} INFO - [2026-09-03T17:28:38.084+0000] {dag.py:3096} INFO - Sync 2 DAGs
[2026-09-03T17:28:38.241+0000] {logging_mixin.py:188} INFO - [2026-09-03T17:28:38.241+0000] {dag.py:3954} INFO - Setting next_dagrun for produce_json to 2026-09-04 14:00:00+00:00, run_after=2026-09-05 14:00:00+00:00
[2026-09-03T17:28:38.403+0000] {logging_mixin.py:188} INFO - [2026-09-03T17:28:38.403+0000] {dag.py:3954} INFO - Setting next_dagrun for update_db to 2026-09-04 15:00:00+00:00, run_after=2026-09-05 15:00:00+00:00
[2026-09-03T17:28:38.520+0000] {processor.py:183} INFO - Processing /opt/airflow/dags/main.py took 3.399 seconds
[2026-09-03T17:29:09.178+0000] {processor.py:161} INFO - Started process (PID=1326) to work on /opt/airflow/dags/main.py
[2026-09-03T17:29:09.181+0000] {processor.py:830} INFO - Processing file /opt/airflow/dags/main.py for tasks to queue
[2026-09-03T17:29:09.184+0000] {logging_mixin.py:188} INFO - [2026-09-03T17:29:09.183+0000] {dagbag.py:545} INFO - Filling up the DagBag from /opt/airflow/dags/main.py
[2026-09-03T17:29:09.269+0000] {logging_mixin.py:188} INFO - channel id is not executed
[2026-09-03T17:29:09.453+0000] {processor.py:840} INFO - DAG(s) 'produce_json', 'update_db' retrieved from /opt/airflow/dags/main.py
[2026-09-03T17:29:10.007+0000] {logging_mixin.py:188} INFO - [2026-09-03T17:29:10.006+0000] {dag.py:3096} INFO - Sync 2 DAGs
[2026-09-03T17:29:10.075+0000] {logging_mixin.py:188} INFO - [2026-09-03T17:29:10.074+0000] {dag.py:3954} INFO - Setting next_dagrun for produce_json to 2026-09-04 14:00:00+00:00, run_after=2026-09-05 14:00:00+00:00
[2026-09-03T17:29:10.088+0000] {logging_mixin.py:188} INFO - [2026-09-03T17:29:10.088+0000] {dag.py:3954} INFO - Setting next_dagrun for update_db to 2026-09-04 15:00:00+00:00, run_after=2026-09-05 15:00:00+00:00
[2026-09-03T17:29:10.131+0000] {processor.py:183} INFO - Processing /opt/airflow/dags/main.py took 0.963 seconds
[2026-09-03T17:29:40.611+0000] {processor.py:161} INFO - Started process (PID=1333) to work on /opt/airflow/dags/main.py
[2026-09-03T17:29:40.617+0000] {processor.py:830} INFO - Processing file /opt/airflow/dags/main.py for tasks to queue
[2026-09-03T17:29:40.623+0000] {logging_mixin.py:188} INFO - [2026-09-03T17:29:40.622+0000] {dagbag.py:545} INFO - Filling up the DagBag from /opt/airflow/dags/main.py
[2026-09-03T17:29:40.805+0000] {logging_mixin.py:188} INFO - [2026-09-03T17:29:40.797+0000] {dagbag.py:355} ERROR - Failed to import: /opt/airflow/dags/main.py
Traceback (most recent call last):
  File "/home/airflow/.local/lib/python3.10/site-packages/airflow/models/dagbag.py", line 351, in parse
    loader.exec_module(new_module)
  File "<frozen importlib._bootstrap_external>", line 883, in exec_module
  File "<frozen importlib._bootstrap>", line 241, in _call_with_frames_removed
  File "/opt/airflow/dags/main.py", line 5, in <module>
    from api.video import channel_playlist_id,get_video_id,extract_video_data,save_to_json
  File "<frozen importlib._bootstrap>", line 1027, in _find_and_load
  File "<frozen importlib._bootstrap>", line 1002, in _find_and_load_unlocked
  File "<frozen importlib._bootstrap>", line 945, in _find_spec
  File "<frozen importlib._bootstrap_external>", line 1439, in find_spec
  File "<frozen importlib._bootstrap_external>", line 1411, in _get_spec
  File "<frozen importlib._bootstrap_external>", line 1548, in find_spec
  File "<frozen importlib._bootstrap_external>", line 1591, in _fill_cache
OSError: [Errno 12] Cannot allocate memory: '/opt/airflow/dags/api'
[2026-09-03T17:29:40.807+0000] {processor.py:842} WARNING - No viable dags retrieved from /opt/airflow/dags/main.py
[2026-09-03T17:29:40.859+0000] {processor.py:183} INFO - Processing /opt/airflow/dags/main.py took 0.262 seconds
[2026-09-03T17:30:11.240+0000] {processor.py:161} INFO - Started process (PID=1340) to work on /opt/airflow/dags/main.py
[2026-09-03T17:30:11.243+0000] {processor.py:830} INFO - Processing file /opt/airflow/dags/main.py for tasks to queue
[2026-09-03T17:30:11.247+0000] {logging_mixin.py:188} INFO - [2026-09-03T17:30:11.246+0000] {dagbag.py:545} INFO - Filling up the DagBag from /opt/airflow/dags/main.py
[2026-09-03T17:30:11.489+0000] {logging_mixin.py:188} INFO - channel id is not executed
[2026-09-03T17:30:11.619+0000] {processor.py:840} INFO - DAG(s) 'update_db', 'produce_json' retrieved from /opt/airflow/dags/main.py
[2026-09-03T17:30:11.940+0000] {logging_mixin.py:188} INFO - [2026-09-03T17:30:11.939+0000] {dag.py:3096} INFO - Sync 2 DAGs
[2026-09-03T17:30:11.995+0000] {logging_mixin.py:188} INFO - [2026-09-03T17:30:11.995+0000] {dag.py:3954} INFO - Setting next_dagrun for produce_json to 2026-09-04 14:00:00+00:00, run_after=2026-09-05 14:00:00+00:00
[2026-09-03T17:30:12.005+0000] {logging_mixin.py:188} INFO - [2026-09-03T17:30:12.004+0000] {dag.py:3954} INFO - Setting next_dagrun for update_db to 2026-09-04 15:00:00+00:00, run_after=2026-09-05 15:00:00+00:00
[2026-09-03T17:30:12.048+0000] {processor.py:183} INFO - Processing /opt/airflow/dags/main.py took 0.831 seconds
[2026-09-03T17:30:42.630+0000] {processor.py:161} INFO - Started process (PID=1347) to work on /opt/airflow/dags/main.py
[2026-09-03T17:30:42.632+0000] {processor.py:830} INFO - Processing file /opt/airflow/dags/main.py for tasks to queue
[2026-09-03T17:30:42.635+0000] {logging_mixin.py:188} INFO - [2026-09-03T17:30:42.634+0000] {dagbag.py:545} INFO - Filling up the DagBag from /opt/airflow/dags/main.py
[2026-09-03T17:30:42.714+0000] {logging_mixin.py:188} INFO - channel id is not executed
[2026-09-03T17:30:43.156+0000] {processor.py:840} INFO - DAG(s) 'produce_json', 'update_db' retrieved from /opt/airflow/dags/main.py
[2026-09-03T17:30:43.404+0000] {logging_mixin.py:188} INFO - [2026-09-03T17:30:43.404+0000] {dag.py:3096} INFO - Sync 2 DAGs
[2026-09-03T17:30:43.445+0000] {logging_mixin.py:188} INFO - [2026-09-03T17:30:43.444+0000] {dag.py:3954} INFO - Setting next_dagrun for produce_json to 2026-09-04 14:00:00+00:00, run_after=2026-09-05 14:00:00+00:00
[2026-09-03T17:30:43.454+0000] {logging_mixin.py:188} INFO - [2026-09-03T17:30:43.454+0000] {dag.py:3954} INFO - Setting next_dagrun for update_db to 2026-09-04 15:00:00+00:00, run_after=2026-09-05 15:00:00+00:00
[2026-09-03T17:30:43.495+0000] {processor.py:183} INFO - Processing /opt/airflow/dags/main.py took 0.875 seconds
[2026-09-03T17:31:14.249+0000] {processor.py:161} INFO - Started process (PID=1362) to work on /opt/airflow/dags/main.py
[2026-09-03T17:31:14.252+0000] {processor.py:830} INFO - Processing file /opt/airflow/dags/main.py for tasks to queue
[2026-09-03T17:31:14.255+0000] {logging_mixin.py:188} INFO - [2026-09-03T17:31:14.254+0000] {dagbag.py:545} INFO - Filling up the DagBag from /opt/airflow/dags/main.py
[2026-09-03T17:31:14.334+0000] {logging_mixin.py:188} INFO - channel id is not executed
[2026-09-03T17:31:14.458+0000] {processor.py:840} INFO - DAG(s) 'produce_json', 'update_db' retrieved from /opt/airflow/dags/main.py
[2026-09-03T17:31:14.728+0000] {logging_mixin.py:188} INFO - [2026-09-03T17:31:14.728+0000] {dag.py:3096} INFO - Sync 2 DAGs
[2026-09-03T17:31:14.770+0000] {logging_mixin.py:188} INFO - [2026-09-03T17:31:14.770+0000] {dag.py:3954} INFO - Setting next_dagrun for produce_json to 2026-09-04 14:00:00+00:00, run_after=2026-09-05 14:00:00+00:00
[2026-09-03T17:31:14.780+0000] {logging_mixin.py:188} INFO - [2026-09-03T17:31:14.780+0000] {dag.py:3954} INFO - Setting next_dagrun for update_db to 2026-09-04 15:00:00+00:00, run_after=2026-09-05 15:00:00+00:00
[2026-09-03T17:31:14.818+0000] {processor.py:183} INFO - Processing /opt/airflow/dags/main.py took 0.582 seconds
[2026-09-03T17:31:45.279+0000] {processor.py:161} INFO - Started process (PID=1369) to work on /opt/airflow/dags/main.py
[2026-09-03T17:31:45.282+0000] {processor.py:830} INFO - Processing file /opt/airflow/dags/main.py for tasks to queue
[2026-09-03T17:31:45.285+0000] {logging_mixin.py:188} INFO - [2026-09-03T17:31:45.285+0000] {dagbag.py:545} INFO - Filling up the DagBag from /opt/airflow/dags/main.py
[2026-09-03T17:31:45.366+0000] {logging_mixin.py:188} INFO - channel id is not executed
[2026-09-03T17:31:45.597+0000] {processor.py:840} INFO - DAG(s) 'update_db', 'produce_json' retrieved from /opt/airflow/dags/main.py
[2026-09-03T17:31:45.890+0000] {logging_mixin.py:188} INFO - [2026-09-03T17:31:45.890+0000] {dag.py:3096} INFO - Sync 2 DAGs
[2026-09-03T17:31:46.019+0000] {logging_mixin.py:188} INFO - [2026-09-03T17:31:46.019+0000] {dag.py:3954} INFO - Setting next_dagrun for produce_json to 2026-09-04 14:00:00+00:00, run_after=2026-09-05 14:00:00+00:00
[2026-09-03T17:31:46.033+0000] {logging_mixin.py:188} INFO - [2026-09-03T17:31:46.032+0000] {dag.py:3954} INFO - Setting next_dagrun for update_db to 2026-09-04 15:00:00+00:00, run_after=2026-09-05 15:00:00+00:00
[2026-09-03T17:31:46.123+0000] {processor.py:183} INFO - Processing /opt/airflow/dags/main.py took 0.857 seconds
[2026-09-03T17:32:16.490+0000] {processor.py:161} INFO - Started process (PID=1377) to work on /opt/airflow/dags/main.py
[2026-09-03T17:32:16.500+0000] {processor.py:830} INFO - Processing file /opt/airflow/dags/main.py for tasks to queue
[2026-09-03T17:32:16.504+0000] {logging_mixin.py:188} INFO - [2026-09-03T17:32:16.503+0000] {dagbag.py:545} INFO - Filling up the DagBag from /opt/airflow/dags/main.py
[2026-09-03T17:32:16.595+0000] {logging_mixin.py:188} INFO - channel id is not executed
[2026-09-03T17:32:16.699+0000] {processor.py:840} INFO - DAG(s) 'produce_json', 'update_db' retrieved from /opt/airflow/dags/main.py
[2026-09-03T17:32:17.011+0000] {logging_mixin.py:188} INFO - [2026-09-03T17:32:17.010+0000] {dag.py:3096} INFO - Sync 2 DAGs
[2026-09-03T17:32:17.066+0000] {logging_mixin.py:188} INFO - [2026-09-03T17:32:17.066+0000] {dag.py:3954} INFO - Setting next_dagrun for produce_json to 2026-09-04 14:00:00+00:00, run_after=2026-09-05 14:00:00+00:00
[2026-09-03T17:32:17.075+0000] {logging_mixin.py:188} INFO - [2026-09-03T17:32:17.075+0000] {dag.py:3954} INFO - Setting next_dagrun for update_db to 2026-09-04 15:00:00+00:00, run_after=2026-09-05 15:00:00+00:00
[2026-09-03T17:32:17.113+0000] {processor.py:183} INFO - Processing /opt/airflow/dags/main.py took 0.634 seconds
[2026-09-03T17:32:47.646+0000] {processor.py:161} INFO - Started process (PID=1385) to work on /opt/airflow/dags/main.py
[2026-09-03T17:32:47.648+0000] {processor.py:830} INFO - Processing file /opt/airflow/dags/main.py for tasks to queue
[2026-09-03T17:32:47.651+0000] {logging_mixin.py:188} INFO - [2026-09-03T17:32:47.650+0000] {dagbag.py:545} INFO - Filling up the DagBag from /opt/airflow/dags/main.py
[2026-09-03T17:32:47.762+0000] {logging_mixin.py:188} INFO - channel id is not executed
[2026-09-03T17:32:47.929+0000] {processor.py:840} INFO - DAG(s) 'update_db', 'produce_json' retrieved from /opt/airflow/dags/main.py
[2026-09-03T17:32:48.307+0000] {logging_mixin.py:188} INFO - [2026-09-03T17:32:48.307+0000] {dag.py:3096} INFO - Sync 2 DAGs
[2026-09-03T17:32:48.352+0000] {logging_mixin.py:188} INFO - [2026-09-03T17:32:48.351+0000] {dag.py:3954} INFO - Setting next_dagrun for produce_json to 2026-09-04 14:00:00+00:00, run_after=2026-09-05 14:00:00+00:00
[2026-09-03T17:32:48.362+0000] {logging_mixin.py:188} INFO - [2026-09-03T17:32:48.362+0000] {dag.py:3954} INFO - Setting next_dagrun for update_db to 2026-09-04 15:00:00+00:00, run_after=2026-09-05 15:00:00+00:00
[2026-09-03T17:32:48.400+0000] {processor.py:183} INFO - Processing /opt/airflow/dags/main.py took 0.766 seconds
[2026-09-03T17:33:18.531+0000] {processor.py:161} INFO - Started process (PID=1393) to work on /opt/airflow/dags/main.py
[2026-09-03T17:33:18.533+0000] {processor.py:830} INFO - Processing file /opt/airflow/dags/main.py for tasks to queue
[2026-09-03T17:33:18.536+0000] {logging_mixin.py:188} INFO - [2026-09-03T17:33:18.535+0000] {dagbag.py:545} INFO - Filling up the DagBag from /opt/airflow/dags/main.py
[2026-09-03T17:33:18.618+0000] {logging_mixin.py:188} INFO - channel id is not executed
[2026-09-03T17:33:18.725+0000] {processor.py:840} INFO - DAG(s) 'update_db', 'produce_json' retrieved from /opt/airflow/dags/main.py
[2026-09-03T17:33:19.129+0000] {logging_mixin.py:188} INFO - [2026-09-03T17:33:19.128+0000] {dag.py:3096} INFO - Sync 2 DAGs
[2026-09-03T17:33:19.178+0000] {logging_mixin.py:188} INFO - [2026-09-03T17:33:19.178+0000] {dag.py:3954} INFO - Setting next_dagrun for produce_json to 2026-09-04 14:00:00+00:00, run_after=2026-09-05 14:00:00+00:00
[2026-09-03T17:33:19.195+0000] {logging_mixin.py:188} INFO - [2026-09-03T17:33:19.194+0000] {dag.py:3954} INFO - Setting next_dagrun for update_db to 2026-09-04 15:00:00+00:00, run_after=2026-09-05 15:00:00+00:00
[2026-09-03T17:33:19.231+0000] {processor.py:183} INFO - Processing /opt/airflow/dags/main.py took 0.713 seconds
[2026-09-03T17:33:49.635+0000] {processor.py:161} INFO - Started process (PID=1399) to work on /opt/airflow/dags/main.py
[2026-09-03T17:33:49.637+0000] {processor.py:830} INFO - Processing file /opt/airflow/dags/main.py for tasks to queue
[2026-09-03T17:33:49.641+0000] {logging_mixin.py:188} INFO - [2026-09-03T17:33:49.640+0000] {dagbag.py:545} INFO - Filling up the DagBag from /opt/airflow/dags/main.py
[2026-09-03T17:33:49.760+0000] {logging_mixin.py:188} INFO - [2026-09-03T17:33:49.754+0000] {dagbag.py:355} ERROR - Failed to import: /opt/airflow/dags/main.py
Traceback (most recent call last):
  File "/home/airflow/.local/lib/python3.10/site-packages/airflow/models/dagbag.py", line 351, in parse
    loader.exec_module(new_module)
  File "<frozen importlib._bootstrap_external>", line 883, in exec_module
  File "<frozen importlib._bootstrap>", line 241, in _call_with_frames_removed
  File "/opt/airflow/dags/main.py", line 5, in <module>
    from api.video import channel_playlist_id,get_video_id,extract_video_data,save_to_json
  File "<frozen importlib._bootstrap>", line 1027, in _find_and_load
  File "<frozen importlib._bootstrap>", line 1002, in _find_and_load_unlocked
  File "<frozen importlib._bootstrap>", line 945, in _find_spec
  File "<frozen importlib._bootstrap_external>", line 1439, in find_spec
  File "<frozen importlib._bootstrap_external>", line 1411, in _get_spec
  File "<frozen importlib._bootstrap_external>", line 1548, in find_spec
  File "<frozen importlib._bootstrap_external>", line 1591, in _fill_cache
OSError: [Errno 12] Cannot allocate memory: '/opt/airflow/dags/api'
[2026-09-03T17:33:49.762+0000] {processor.py:842} WARNING - No viable dags retrieved from /opt/airflow/dags/main.py
[2026-09-03T17:33:49.798+0000] {processor.py:183} INFO - Processing /opt/airflow/dags/main.py took 0.172 seconds
[2026-09-03T17:34:20.151+0000] {processor.py:161} INFO - Started process (PID=1407) to work on /opt/airflow/dags/main.py
[2026-09-03T17:34:20.154+0000] {processor.py:830} INFO - Processing file /opt/airflow/dags/main.py for tasks to queue
[2026-09-03T17:34:20.157+0000] {logging_mixin.py:188} INFO - [2026-09-03T17:34:20.156+0000] {dagbag.py:545} INFO - Filling up the DagBag from /opt/airflow/dags/main.py
[2026-09-03T17:34:20.316+0000] {logging_mixin.py:188} INFO - channel id is not executed
[2026-09-03T17:34:20.443+0000] {processor.py:840} INFO - DAG(s) 'produce_json', 'update_db' retrieved from /opt/airflow/dags/main.py
[2026-09-03T17:34:20.735+0000] {logging_mixin.py:188} INFO - [2026-09-03T17:34:20.734+0000] {dag.py:3096} INFO - Sync 2 DAGs
[2026-09-03T17:34:20.776+0000] {logging_mixin.py:188} INFO - [2026-09-03T17:34:20.776+0000] {dag.py:3954} INFO - Setting next_dagrun for produce_json to 2026-09-04 14:00:00+00:00, run_after=2026-09-05 14:00:00+00:00
[2026-09-03T17:34:20.786+0000] {logging_mixin.py:188} INFO - [2026-09-03T17:34:20.786+0000] {dag.py:3954} INFO - Setting next_dagrun for update_db to 2026-09-04 15:00:00+00:00, run_after=2026-09-05 15:00:00+00:00
[2026-09-03T17:34:20.828+0000] {processor.py:183} INFO - Processing /opt/airflow/dags/main.py took 0.690 seconds
[2026-09-03T17:34:51.254+0000] {processor.py:161} INFO - Started process (PID=1414) to work on /opt/airflow/dags/main.py
[2026-09-03T17:34:51.256+0000] {processor.py:830} INFO - Processing file /opt/airflow/dags/main.py for tasks to queue
[2026-09-03T17:34:51.259+0000] {logging_mixin.py:188} INFO - [2026-09-03T17:34:51.259+0000] {dagbag.py:545} INFO - Filling up the DagBag from /opt/airflow/dags/main.py
[2026-09-03T17:34:51.429+0000] {logging_mixin.py:188} INFO - channel id is not executed
[2026-09-03T17:34:51.573+0000] {processor.py:840} INFO - DAG(s) 'update_db', 'produce_json' retrieved from /opt/airflow/dags/main.py
[2026-09-03T17:34:51.912+0000] {logging_mixin.py:188} INFO - [2026-09-03T17:34:51.912+0000] {dag.py:3096} INFO - Sync 2 DAGs
[2026-09-03T17:34:52.007+0000] {logging_mixin.py:188} INFO - [2026-09-03T17:34:52.006+0000] {dag.py:3954} INFO - Setting next_dagrun for produce_json to 2026-09-04 14:00:00+00:00, run_after=2026-09-05 14:00:00+00:00
[2026-09-03T17:34:52.025+0000] {logging_mixin.py:188} INFO - [2026-09-03T17:34:52.024+0000] {dag.py:3954} INFO - Setting next_dagrun for update_db to 2026-09-04 15:00:00+00:00, run_after=2026-09-05 15:00:00+00:00
[2026-09-03T17:34:52.097+0000] {processor.py:183} INFO - Processing /opt/airflow/dags/main.py took 0.854 seconds
[2026-09-03T17:35:22.261+0000] {processor.py:161} INFO - Started process (PID=1420) to work on /opt/airflow/dags/main.py
[2026-09-03T17:35:22.264+0000] {processor.py:830} INFO - Processing file /opt/airflow/dags/main.py for tasks to queue
[2026-09-03T17:35:22.267+0000] {logging_mixin.py:188} INFO - [2026-09-03T17:35:22.267+0000] {dagbag.py:545} INFO - Filling up the DagBag from /opt/airflow/dags/main.py
[2026-09-03T17:35:22.342+0000] {logging_mixin.py:188} INFO - channel id is not executed
[2026-09-03T17:35:22.426+0000] {processor.py:840} INFO - DAG(s) 'update_db', 'produce_json' retrieved from /opt/airflow/dags/main.py
[2026-09-03T17:35:22.702+0000] {logging_mixin.py:188} INFO - [2026-09-03T17:35:22.701+0000] {dag.py:3096} INFO - Sync 2 DAGs
[2026-09-03T17:35:22.745+0000] {logging_mixin.py:188} INFO - [2026-09-03T17:35:22.745+0000] {dag.py:3954} INFO - Setting next_dagrun for produce_json to 2026-09-04 14:00:00+00:00, run_after=2026-09-05 14:00:00+00:00
[2026-09-03T17:35:22.755+0000] {logging_mixin.py:188} INFO - [2026-09-03T17:35:22.754+0000] {dag.py:3954} INFO - Setting next_dagrun for update_db to 2026-09-04 15:00:00+00:00, run_after=2026-09-05 15:00:00+00:00
[2026-09-03T17:35:22.795+0000] {processor.py:183} INFO - Processing /opt/airflow/dags/main.py took 0.543 seconds
[2026-09-03T17:35:53.169+0000] {processor.py:161} INFO - Started process (PID=1426) to work on /opt/airflow/dags/main.py
[2026-09-03T17:35:53.171+0000] {processor.py:830} INFO - Processing file /opt/airflow/dags/main.py for tasks to queue
[2026-09-03T17:35:53.175+0000] {logging_mixin.py:188} INFO - [2026-09-03T17:35:53.174+0000] {dagbag.py:545} INFO - Filling up the DagBag from /opt/airflow/dags/main.py
[2026-09-03T17:35:53.263+0000] {logging_mixin.py:188} INFO - channel id is not executed
[2026-09-03T17:35:53.421+0000] {processor.py:840} INFO - DAG(s) 'produce_json', 'update_db' retrieved from /opt/airflow/dags/main.py
[2026-09-03T17:35:53.656+0000] {logging_mixin.py:188} INFO - [2026-09-03T17:35:53.655+0000] {dag.py:3096} INFO - Sync 2 DAGs
[2026-09-03T17:35:53.696+0000] {logging_mixin.py:188} INFO - [2026-09-03T17:35:53.696+0000] {dag.py:3954} INFO - Setting next_dagrun for produce_json to 2026-09-04 14:00:00+00:00, run_after=2026-09-05 14:00:00+00:00
[2026-09-03T17:35:53.706+0000] {logging_mixin.py:188} INFO - [2026-09-03T17:35:53.706+0000] {dag.py:3954} INFO - Setting next_dagrun for update_db to 2026-09-04 15:00:00+00:00, run_after=2026-09-05 15:00:00+00:00
[2026-09-03T17:35:53.757+0000] {processor.py:183} INFO - Processing /opt/airflow/dags/main.py took 0.597 seconds
[2026-09-03T17:36:24.390+0000] {processor.py:161} INFO - Started process (PID=1433) to work on /opt/airflow/dags/main.py
[2026-09-03T17:36:24.392+0000] {processor.py:830} INFO - Processing file /opt/airflow/dags/main.py for tasks to queue
[2026-09-03T17:36:24.395+0000] {logging_mixin.py:188} INFO - [2026-09-03T17:36:24.394+0000] {dagbag.py:545} INFO - Filling up the DagBag from /opt/airflow/dags/main.py
[2026-09-03T17:36:24.490+0000] {logging_mixin.py:188} INFO - channel id is not executed
[2026-09-03T17:36:24.709+0000] {processor.py:840} INFO - DAG(s) 'update_db', 'produce_json' retrieved from /opt/airflow/dags/main.py
[2026-09-03T17:36:24.933+0000] {logging_mixin.py:188} INFO - [2026-09-03T17:36:24.932+0000] {dag.py:3096} INFO - Sync 2 DAGs
[2026-09-03T17:36:24.974+0000] {logging_mixin.py:188} INFO - [2026-09-03T17:36:24.973+0000] {dag.py:3954} INFO - Setting next_dagrun for produce_json to 2026-09-04 14:00:00+00:00, run_after=2026-09-05 14:00:00+00:00
[2026-09-03T17:36:24.984+0000] {logging_mixin.py:188} INFO - [2026-09-03T17:36:24.983+0000] {dag.py:3954} INFO - Setting next_dagrun for update_db to 2026-09-04 15:00:00+00:00, run_after=2026-09-05 15:00:00+00:00
[2026-09-03T17:36:25.040+0000] {processor.py:183} INFO - Processing /opt/airflow/dags/main.py took 0.659 seconds
[2026-09-03T17:36:55.542+0000] {processor.py:161} INFO - Started process (PID=1439) to work on /opt/airflow/dags/main.py
[2026-09-03T17:36:55.544+0000] {processor.py:830} INFO - Processing file /opt/airflow/dags/main.py for tasks to queue
[2026-09-03T17:36:55.548+0000] {logging_mixin.py:188} INFO - [2026-09-03T17:36:55.547+0000] {dagbag.py:545} INFO - Filling up the DagBag from /opt/airflow/dags/main.py
[2026-09-03T17:36:55.632+0000] {logging_mixin.py:188} INFO - channel id is not executed
[2026-09-03T17:36:55.751+0000] {processor.py:840} INFO - DAG(s) 'update_db', 'produce_json' retrieved from /opt/airflow/dags/main.py
[2026-09-03T17:36:56.161+0000] {logging_mixin.py:188} INFO - [2026-09-03T17:36:56.160+0000] {dag.py:3096} INFO - Sync 2 DAGs
[2026-09-03T17:36:56.234+0000] {logging_mixin.py:188} INFO - [2026-09-03T17:36:56.231+0000] {dag.py:3954} INFO - Setting next_dagrun for produce_json to 2026-09-04 14:00:00+00:00, run_after=2026-09-05 14:00:00+00:00
[2026-09-03T17:36:56.254+0000] {logging_mixin.py:188} INFO - [2026-09-03T17:36:56.254+0000] {dag.py:3954} INFO - Setting next_dagrun for update_db to 2026-09-04 15:00:00+00:00, run_after=2026-09-05 15:00:00+00:00
[2026-09-03T17:36:56.315+0000] {processor.py:183} INFO - Processing /opt/airflow/dags/main.py took 0.787 seconds
[2026-09-03T17:37:26.850+0000] {processor.py:161} INFO - Started process (PID=1446) to work on /opt/airflow/dags/main.py
[2026-09-03T17:37:26.853+0000] {processor.py:830} INFO - Processing file /opt/airflow/dags/main.py for tasks to queue
[2026-09-03T17:37:26.856+0000] {logging_mixin.py:188} INFO - [2026-09-03T17:37:26.855+0000] {dagbag.py:545} INFO - Filling up the DagBag from /opt/airflow/dags/main.py
[2026-09-03T17:37:26.935+0000] {logging_mixin.py:188} INFO - channel id is not executed
[2026-09-03T17:37:27.071+0000] {processor.py:840} INFO - DAG(s) 'produce_json', 'update_db' retrieved from /opt/airflow/dags/main.py
[2026-09-03T17:37:27.367+0000] {logging_mixin.py:188} INFO - [2026-09-03T17:37:27.367+0000] {dag.py:3096} INFO - Sync 2 DAGs
[2026-09-03T17:37:27.427+0000] {logging_mixin.py:188} INFO - [2026-09-03T17:37:27.426+0000] {dag.py:3954} INFO - Setting next_dagrun for produce_json to 2026-09-04 14:00:00+00:00, run_after=2026-09-05 14:00:00+00:00
[2026-09-03T17:37:27.444+0000] {logging_mixin.py:188} INFO - [2026-09-03T17:37:27.444+0000] {dag.py:3954} INFO - Setting next_dagrun for update_db to 2026-09-04 15:00:00+00:00, run_after=2026-09-05 15:00:00+00:00
[2026-09-03T17:37:27.496+0000] {processor.py:183} INFO - Processing /opt/airflow/dags/main.py took 0.656 seconds
[2026-09-03T17:37:57.703+0000] {processor.py:161} INFO - Started process (PID=1453) to work on /opt/airflow/dags/main.py
[2026-09-03T17:37:57.705+0000] {processor.py:830} INFO - Processing file /opt/airflow/dags/main.py for tasks to queue
[2026-09-03T17:37:57.708+0000] {logging_mixin.py:188} INFO - [2026-09-03T17:37:57.707+0000] {dagbag.py:545} INFO - Filling up the DagBag from /opt/airflow/dags/main.py
[2026-09-03T17:37:57.791+0000] {logging_mixin.py:188} INFO - channel id is not executed
[2026-09-03T17:37:57.882+0000] {processor.py:840} INFO - DAG(s) 'produce_json', 'update_db' retrieved from /opt/airflow/dags/main.py
[2026-09-03T17:37:58.124+0000] {logging_mixin.py:188} INFO - [2026-09-03T17:37:58.123+0000] {dag.py:3096} INFO - Sync 2 DAGs
[2026-09-03T17:37:58.222+0000] {logging_mixin.py:188} INFO - [2026-09-03T17:37:58.222+0000] {dag.py:3954} INFO - Setting next_dagrun for produce_json to 2026-09-04 14:00:00+00:00, run_after=2026-09-05 14:00:00+00:00
[2026-09-03T17:37:58.231+0000] {logging_mixin.py:188} INFO - [2026-09-03T17:37:58.231+0000] {dag.py:3954} INFO - Setting next_dagrun for update_db to 2026-09-04 15:00:00+00:00, run_after=2026-09-05 15:00:00+00:00
[2026-09-03T17:37:58.267+0000] {processor.py:183} INFO - Processing /opt/airflow/dags/main.py took 0.574 seconds
[2026-09-03T17:38:28.706+0000] {processor.py:161} INFO - Started process (PID=1459) to work on /opt/airflow/dags/main.py
[2026-09-03T17:38:28.709+0000] {processor.py:830} INFO - Processing file /opt/airflow/dags/main.py for tasks to queue
[2026-09-03T17:38:28.713+0000] {logging_mixin.py:188} INFO - [2026-09-03T17:38:28.712+0000] {dagbag.py:545} INFO - Filling up the DagBag from /opt/airflow/dags/main.py
[2026-09-03T17:38:28.794+0000] {logging_mixin.py:188} INFO - channel id is not executed
[2026-09-03T17:38:28.891+0000] {processor.py:840} INFO - DAG(s) 'produce_json', 'update_db' retrieved from /opt/airflow/dags/main.py
[2026-09-03T17:38:29.119+0000] {logging_mixin.py:188} INFO - [2026-09-03T17:38:29.119+0000] {dag.py:3096} INFO - Sync 2 DAGs
[2026-09-03T17:38:29.158+0000] {logging_mixin.py:188} INFO - [2026-09-03T17:38:29.157+0000] {dag.py:3954} INFO - Setting next_dagrun for produce_json to 2026-09-04 14:00:00+00:00, run_after=2026-09-05 14:00:00+00:00
[2026-09-03T17:38:29.168+0000] {logging_mixin.py:188} INFO - [2026-09-03T17:38:29.167+0000] {dag.py:3954} INFO - Setting next_dagrun for update_db to 2026-09-04 15:00:00+00:00, run_after=2026-09-05 15:00:00+00:00
[2026-09-03T17:38:29.246+0000] {processor.py:183} INFO - Processing /opt/airflow/dags/main.py took 0.550 seconds
[2026-09-03T17:38:59.856+0000] {processor.py:161} INFO - Started process (PID=1465) to work on /opt/airflow/dags/main.py
[2026-09-03T17:38:59.858+0000] {processor.py:830} INFO - Processing file /opt/airflow/dags/main.py for tasks to queue
[2026-09-03T17:38:59.861+0000] {logging_mixin.py:188} INFO - [2026-09-03T17:38:59.861+0000] {dagbag.py:545} INFO - Filling up the DagBag from /opt/airflow/dags/main.py
[2026-09-03T17:39:00.234+0000] {logging_mixin.py:188} INFO - [2026-09-03T17:39:00.225+0000] {dagbag.py:355} ERROR - Failed to import: /opt/airflow/dags/main.py
Traceback (most recent call last):
  File "/home/airflow/.local/lib/python3.10/site-packages/airflow/models/dagbag.py", line 351, in parse
    loader.exec_module(new_module)
  File "<frozen importlib._bootstrap_external>", line 883, in exec_module
  File "<frozen importlib._bootstrap>", line 241, in _call_with_frames_removed
  File "/opt/airflow/dags/main.py", line 5, in <module>
    from api.video import channel_playlist_id,get_video_id,extract_video_data,save_to_json
  File "<frozen importlib._bootstrap>", line 1027, in _find_and_load
  File "<frozen importlib._bootstrap>", line 1002, in _find_and_load_unlocked
  File "<frozen importlib._bootstrap>", line 945, in _find_spec
  File "<frozen importlib._bootstrap_external>", line 1439, in find_spec
  File "<frozen importlib._bootstrap_external>", line 1411, in _get_spec
  File "<frozen importlib._bootstrap_external>", line 1548, in find_spec
  File "<frozen importlib._bootstrap_external>", line 1591, in _fill_cache
OSError: [Errno 12] Cannot allocate memory: '/opt/airflow/dags/api'
[2026-09-03T17:39:00.236+0000] {processor.py:842} WARNING - No viable dags retrieved from /opt/airflow/dags/main.py
[2026-09-03T17:39:00.287+0000] {processor.py:183} INFO - Processing /opt/airflow/dags/main.py took 0.444 seconds
[2026-09-03T17:39:30.722+0000] {processor.py:161} INFO - Started process (PID=1472) to work on /opt/airflow/dags/main.py
[2026-09-03T17:39:30.724+0000] {processor.py:830} INFO - Processing file /opt/airflow/dags/main.py for tasks to queue
[2026-09-03T17:39:30.726+0000] {logging_mixin.py:188} INFO - [2026-09-03T17:39:30.726+0000] {dagbag.py:545} INFO - Filling up the DagBag from /opt/airflow/dags/main.py
[2026-09-03T17:39:30.835+0000] {logging_mixin.py:188} INFO - [2026-09-03T17:39:30.829+0000] {dagbag.py:355} ERROR - Failed to import: /opt/airflow/dags/main.py
Traceback (most recent call last):
  File "/home/airflow/.local/lib/python3.10/site-packages/airflow/models/dagbag.py", line 351, in parse
    loader.exec_module(new_module)
  File "<frozen importlib._bootstrap_external>", line 883, in exec_module
  File "<frozen importlib._bootstrap>", line 241, in _call_with_frames_removed
  File "/opt/airflow/dags/main.py", line 5, in <module>
    from api.video import channel_playlist_id,get_video_id,extract_video_data,save_to_json
  File "<frozen importlib._bootstrap>", line 1027, in _find_and_load
  File "<frozen importlib._bootstrap>", line 1002, in _find_and_load_unlocked
  File "<frozen importlib._bootstrap>", line 945, in _find_spec
  File "<frozen importlib._bootstrap_external>", line 1439, in find_spec
  File "<frozen importlib._bootstrap_external>", line 1411, in _get_spec
  File "<frozen importlib._bootstrap_external>", line 1548, in find_spec
  File "<frozen importlib._bootstrap_external>", line 1591, in _fill_cache
OSError: [Errno 12] Cannot allocate memory: '/opt/airflow/dags/api'
[2026-09-03T17:39:30.837+0000] {processor.py:842} WARNING - No viable dags retrieved from /opt/airflow/dags/main.py
[2026-09-03T17:39:30.871+0000] {processor.py:183} INFO - Processing /opt/airflow/dags/main.py took 0.160 seconds
[2026-09-03T17:40:01.426+0000] {processor.py:161} INFO - Started process (PID=1480) to work on /opt/airflow/dags/main.py
[2026-09-03T17:40:01.429+0000] {processor.py:830} INFO - Processing file /opt/airflow/dags/main.py for tasks to queue
[2026-09-03T17:40:01.433+0000] {logging_mixin.py:188} INFO - [2026-09-03T17:40:01.433+0000] {dagbag.py:545} INFO - Filling up the DagBag from /opt/airflow/dags/main.py
[2026-09-03T17:40:01.529+0000] {logging_mixin.py:188} INFO - channel id is not executed
[2026-09-03T17:40:01.692+0000] {processor.py:840} INFO - DAG(s) 'update_db', 'produce_json' retrieved from /opt/airflow/dags/main.py
[2026-09-03T17:40:02.021+0000] {logging_mixin.py:188} INFO - [2026-09-03T17:40:02.020+0000] {dag.py:3096} INFO - Sync 2 DAGs
[2026-09-03T17:40:02.062+0000] {logging_mixin.py:188} INFO - [2026-09-03T17:40:02.061+0000] {dag.py:3954} INFO - Setting next_dagrun for produce_json to 2026-09-04 14:00:00+00:00, run_after=2026-09-05 14:00:00+00:00
[2026-09-03T17:40:02.072+0000] {logging_mixin.py:188} INFO - [2026-09-03T17:40:02.071+0000] {dag.py:3954} INFO - Setting next_dagrun for update_db to 2026-09-04 15:00:00+00:00, run_after=2026-09-05 15:00:00+00:00
[2026-09-03T17:40:02.127+0000] {processor.py:183} INFO - Processing /opt/airflow/dags/main.py took 0.710 seconds
[2026-09-03T17:40:32.749+0000] {processor.py:161} INFO - Started process (PID=1486) to work on /opt/airflow/dags/main.py
[2026-09-03T17:40:32.752+0000] {processor.py:830} INFO - Processing file /opt/airflow/dags/main.py for tasks to queue
[2026-09-03T17:40:32.764+0000] {logging_mixin.py:188} INFO - [2026-09-03T17:40:32.761+0000] {dagbag.py:545} INFO - Filling up the DagBag from /opt/airflow/dags/main.py
[2026-09-03T17:40:33.439+0000] {logging_mixin.py:188} INFO - channel id is not executed
[2026-09-03T17:40:34.890+0000] {processor.py:840} INFO - DAG(s) 'produce_json', 'update_db' retrieved from /opt/airflow/dags/main.py
[2026-09-03T17:40:36.048+0000] {logging_mixin.py:188} INFO - [2026-09-03T17:40:36.038+0000] {dag.py:3096} INFO - Sync 2 DAGs
[2026-09-03T17:40:36.208+0000] {logging_mixin.py:188} INFO - [2026-09-03T17:40:36.207+0000] {dag.py:3954} INFO - Setting next_dagrun for produce_json to 2026-09-04 14:00:00+00:00, run_after=2026-09-05 14:00:00+00:00
[2026-09-03T17:40:36.256+0000] {logging_mixin.py:188} INFO - [2026-09-03T17:40:36.256+0000] {dag.py:3954} INFO - Setting next_dagrun for update_db to 2026-09-04 15:00:00+00:00, run_after=2026-09-05 15:00:00+00:00
[2026-09-03T17:40:36.620+0000] {processor.py:183} INFO - Processing /opt/airflow/dags/main.py took 3.922 seconds
[2026-09-03T17:41:07.169+0000] {processor.py:161} INFO - Started process (PID=1493) to work on /opt/airflow/dags/main.py
[2026-09-03T17:41:07.175+0000] {processor.py:830} INFO - Processing file /opt/airflow/dags/main.py for tasks to queue
[2026-09-03T17:41:07.180+0000] {logging_mixin.py:188} INFO - [2026-09-03T17:41:07.180+0000] {dagbag.py:545} INFO - Filling up the DagBag from /opt/airflow/dags/main.py
[2026-09-03T17:41:07.294+0000] {logging_mixin.py:188} INFO - channel id is not executed
[2026-09-03T17:41:07.468+0000] {processor.py:840} INFO - DAG(s) 'produce_json', 'update_db' retrieved from /opt/airflow/dags/main.py
[2026-09-03T17:41:07.936+0000] {logging_mixin.py:188} INFO - [2026-09-03T17:41:07.936+0000] {dag.py:3096} INFO - Sync 2 DAGs
[2026-09-03T17:41:07.994+0000] {logging_mixin.py:188} INFO - [2026-09-03T17:41:07.994+0000] {dag.py:3954} INFO - Setting next_dagrun for produce_json to 2026-09-04 14:00:00+00:00, run_after=2026-09-05 14:00:00+00:00
[2026-09-03T17:41:08.188+0000] {logging_mixin.py:188} INFO - [2026-09-03T17:41:08.188+0000] {dag.py:3954} INFO - Setting next_dagrun for update_db to 2026-09-04 15:00:00+00:00, run_after=2026-09-05 15:00:00+00:00
[2026-09-03T17:41:08.382+0000] {processor.py:183} INFO - Processing /opt/airflow/dags/main.py took 1.229 seconds
[2026-09-03T17:41:38.845+0000] {processor.py:161} INFO - Started process (PID=1500) to work on /opt/airflow/dags/main.py
[2026-09-03T17:41:38.867+0000] {processor.py:830} INFO - Processing file /opt/airflow/dags/main.py for tasks to queue
[2026-09-03T17:41:38.916+0000] {logging_mixin.py:188} INFO - [2026-09-03T17:41:38.899+0000] {dagbag.py:545} INFO - Filling up the DagBag from /opt/airflow/dags/main.py
[2026-09-03T17:41:39.121+0000] {logging_mixin.py:188} INFO - channel id is not executed
[2026-09-03T17:41:39.231+0000] {processor.py:840} INFO - DAG(s) 'update_db', 'produce_json' retrieved from /opt/airflow/dags/main.py
[2026-09-03T17:41:39.627+0000] {logging_mixin.py:188} INFO - [2026-09-03T17:41:39.626+0000] {dag.py:3096} INFO - Sync 2 DAGs
[2026-09-03T17:41:39.683+0000] {logging_mixin.py:188} INFO - [2026-09-03T17:41:39.682+0000] {dag.py:3954} INFO - Setting next_dagrun for produce_json to 2026-09-04 14:00:00+00:00, run_after=2026-09-05 14:00:00+00:00
[2026-09-03T17:41:39.692+0000] {logging_mixin.py:188} INFO - [2026-09-03T17:41:39.692+0000] {dag.py:3954} INFO - Setting next_dagrun for update_db to 2026-09-04 15:00:00+00:00, run_after=2026-09-05 15:00:00+00:00
[2026-09-03T17:41:39.731+0000] {processor.py:183} INFO - Processing /opt/airflow/dags/main.py took 0.899 seconds
[2026-09-03T17:42:10.168+0000] {processor.py:161} INFO - Started process (PID=1506) to work on /opt/airflow/dags/main.py
[2026-09-03T17:42:10.171+0000] {processor.py:830} INFO - Processing file /opt/airflow/dags/main.py for tasks to queue
[2026-09-03T17:42:10.174+0000] {logging_mixin.py:188} INFO - [2026-09-03T17:42:10.173+0000] {dagbag.py:545} INFO - Filling up the DagBag from /opt/airflow/dags/main.py
[2026-09-03T17:42:10.263+0000] {logging_mixin.py:188} INFO - channel id is not executed
[2026-09-03T17:42:10.385+0000] {processor.py:840} INFO - DAG(s) 'update_db', 'produce_json' retrieved from /opt/airflow/dags/main.py
[2026-09-03T17:42:10.837+0000] {logging_mixin.py:188} INFO - [2026-09-03T17:42:10.837+0000] {dag.py:3096} INFO - Sync 2 DAGs
[2026-09-03T17:42:10.883+0000] {logging_mixin.py:188} INFO - [2026-09-03T17:42:10.883+0000] {dag.py:3954} INFO - Setting next_dagrun for produce_json to 2026-09-04 14:00:00+00:00, run_after=2026-09-05 14:00:00+00:00
[2026-09-03T17:42:10.892+0000] {logging_mixin.py:188} INFO - [2026-09-03T17:42:10.892+0000] {dag.py:3954} INFO - Setting next_dagrun for update_db to 2026-09-04 15:00:00+00:00, run_after=2026-09-05 15:00:00+00:00
[2026-09-03T17:42:10.939+0000] {processor.py:183} INFO - Processing /opt/airflow/dags/main.py took 0.781 seconds
[2026-09-03T17:42:41.806+0000] {processor.py:161} INFO - Started process (PID=1513) to work on /opt/airflow/dags/main.py
[2026-09-03T17:42:41.808+0000] {processor.py:830} INFO - Processing file /opt/airflow/dags/main.py for tasks to queue
[2026-09-03T17:42:41.810+0000] {logging_mixin.py:188} INFO - [2026-09-03T17:42:41.810+0000] {dagbag.py:545} INFO - Filling up the DagBag from /opt/airflow/dags/main.py
[2026-09-03T17:42:41.888+0000] {logging_mixin.py:188} INFO - channel id is not executed
[2026-09-03T17:42:41.984+0000] {processor.py:840} INFO - DAG(s) 'produce_json', 'update_db' retrieved from /opt/airflow/dags/main.py
[2026-09-03T17:42:42.364+0000] {logging_mixin.py:188} INFO - [2026-09-03T17:42:42.363+0000] {dag.py:3096} INFO - Sync 2 DAGs
[2026-09-03T17:42:42.423+0000] {logging_mixin.py:188} INFO - [2026-09-03T17:42:42.422+0000] {dag.py:3954} INFO - Setting next_dagrun for produce_json to 2026-09-04 14:00:00+00:00, run_after=2026-09-05 14:00:00+00:00
[2026-09-03T17:42:42.431+0000] {logging_mixin.py:188} INFO - [2026-09-03T17:42:42.431+0000] {dag.py:3954} INFO - Setting next_dagrun for update_db to 2026-09-04 15:00:00+00:00, run_after=2026-09-05 15:00:00+00:00
[2026-09-03T17:42:42.468+0000] {processor.py:183} INFO - Processing /opt/airflow/dags/main.py took 0.676 seconds
[2026-09-03T17:43:12.879+0000] {processor.py:161} INFO - Started process (PID=1520) to work on /opt/airflow/dags/main.py
[2026-09-03T17:43:12.882+0000] {processor.py:830} INFO - Processing file /opt/airflow/dags/main.py for tasks to queue
[2026-09-03T17:43:12.885+0000] {logging_mixin.py:188} INFO - [2026-09-03T17:43:12.884+0000] {dagbag.py:545} INFO - Filling up the DagBag from /opt/airflow/dags/main.py
[2026-09-03T17:43:12.980+0000] {logging_mixin.py:188} INFO - channel id is not executed
[2026-09-03T17:43:13.109+0000] {processor.py:840} INFO - DAG(s) 'produce_json', 'update_db' retrieved from /opt/airflow/dags/main.py
[2026-09-03T17:43:13.614+0000] {logging_mixin.py:188} INFO - [2026-09-03T17:43:13.614+0000] {dag.py:3096} INFO - Sync 2 DAGs
[2026-09-03T17:43:13.884+0000] {logging_mixin.py:188} INFO - [2026-09-03T17:43:13.884+0000] {dag.py:3954} INFO - Setting next_dagrun for produce_json to 2026-09-04 14:00:00+00:00, run_after=2026-09-05 14:00:00+00:00
[2026-09-03T17:43:13.902+0000] {logging_mixin.py:188} INFO - [2026-09-03T17:43:13.902+0000] {dag.py:3954} INFO - Setting next_dagrun for update_db to 2026-09-04 15:00:00+00:00, run_after=2026-09-05 15:00:00+00:00
[2026-09-03T17:43:13.979+0000] {processor.py:183} INFO - Processing /opt/airflow/dags/main.py took 1.112 seconds
[2026-09-03T17:43:44.718+0000] {processor.py:161} INFO - Started process (PID=1528) to work on /opt/airflow/dags/main.py
[2026-09-03T17:43:44.723+0000] {processor.py:830} INFO - Processing file /opt/airflow/dags/main.py for tasks to queue
[2026-09-03T17:43:44.726+0000] {logging_mixin.py:188} INFO - [2026-09-03T17:43:44.725+0000] {dagbag.py:545} INFO - Filling up the DagBag from /opt/airflow/dags/main.py
[2026-09-03T17:43:44.850+0000] {logging_mixin.py:188} INFO - channel id is not executed
[2026-09-03T17:43:45.243+0000] {processor.py:840} INFO - DAG(s) 'update_db', 'produce_json' retrieved from /opt/airflow/dags/main.py
[2026-09-03T17:43:45.706+0000] {logging_mixin.py:188} INFO - [2026-09-03T17:43:45.705+0000] {dag.py:3096} INFO - Sync 2 DAGs
[2026-09-03T17:43:45.785+0000] {logging_mixin.py:188} INFO - [2026-09-03T17:43:45.785+0000] {dag.py:3954} INFO - Setting next_dagrun for produce_json to 2026-09-04 14:00:00+00:00, run_after=2026-09-05 14:00:00+00:00
[2026-09-03T17:43:45.798+0000] {logging_mixin.py:188} INFO - [2026-09-03T17:43:45.797+0000] {dag.py:3954} INFO - Setting next_dagrun for update_db to 2026-09-04 15:00:00+00:00, run_after=2026-09-05 15:00:00+00:00
[2026-09-03T17:43:45.851+0000] {processor.py:183} INFO - Processing /opt/airflow/dags/main.py took 1.155 seconds
[2026-09-03T17:44:16.293+0000] {processor.py:161} INFO - Started process (PID=1535) to work on /opt/airflow/dags/main.py
[2026-09-03T17:44:16.314+0000] {processor.py:830} INFO - Processing file /opt/airflow/dags/main.py for tasks to queue
[2026-09-03T17:44:16.373+0000] {logging_mixin.py:188} INFO - [2026-09-03T17:44:16.373+0000] {dagbag.py:545} INFO - Filling up the DagBag from /opt/airflow/dags/main.py
[2026-09-03T17:44:16.650+0000] {logging_mixin.py:188} INFO - channel id is not executed
[2026-09-03T17:44:17.323+0000] {processor.py:840} INFO - DAG(s) 'update_db', 'produce_json' retrieved from /opt/airflow/dags/main.py
[2026-09-03T17:44:18.000+0000] {logging_mixin.py:188} INFO - [2026-09-03T17:44:18.000+0000] {dag.py:3096} INFO - Sync 2 DAGs
[2026-09-03T17:44:18.143+0000] {logging_mixin.py:188} INFO - [2026-09-03T17:44:18.142+0000] {dag.py:3954} INFO - Setting next_dagrun for produce_json to 2026-09-04 14:00:00+00:00, run_after=2026-09-05 14:00:00+00:00
[2026-09-03T17:44:18.175+0000] {logging_mixin.py:188} INFO - [2026-09-03T17:44:18.174+0000] {dag.py:3954} INFO - Setting next_dagrun for update_db to 2026-09-04 15:00:00+00:00, run_after=2026-09-05 15:00:00+00:00
[2026-09-03T17:44:18.282+0000] {processor.py:183} INFO - Processing /opt/airflow/dags/main.py took 2.049 seconds
[2026-09-03T17:44:48.588+0000] {processor.py:161} INFO - Started process (PID=1542) to work on /opt/airflow/dags/main.py
[2026-09-03T17:44:48.592+0000] {processor.py:830} INFO - Processing file /opt/airflow/dags/main.py for tasks to queue
[2026-09-03T17:44:48.599+0000] {logging_mixin.py:188} INFO - [2026-09-03T17:44:48.595+0000] {dagbag.py:545} INFO - Filling up the DagBag from /opt/airflow/dags/main.py
[2026-09-03T17:44:48.720+0000] {logging_mixin.py:188} INFO - channel id is not executed
[2026-09-03T17:44:48.881+0000] {processor.py:840} INFO - DAG(s) 'produce_json', 'update_db' retrieved from /opt/airflow/dags/main.py
[2026-09-03T17:44:49.339+0000] {logging_mixin.py:188} INFO - [2026-09-03T17:44:49.338+0000] {dag.py:3096} INFO - Sync 2 DAGs
[2026-09-03T17:44:49.401+0000] {logging_mixin.py:188} INFO - [2026-09-03T17:44:49.401+0000] {dag.py:3954} INFO - Setting next_dagrun for produce_json to 2026-09-04 14:00:00+00:00, run_after=2026-09-05 14:00:00+00:00
[2026-09-03T17:44:49.411+0000] {logging_mixin.py:188} INFO - [2026-09-03T17:44:49.411+0000] {dag.py:3954} INFO - Setting next_dagrun for update_db to 2026-09-04 15:00:00+00:00, run_after=2026-09-05 15:00:00+00:00
[2026-09-03T17:44:49.456+0000] {processor.py:183} INFO - Processing /opt/airflow/dags/main.py took 0.888 seconds
[2026-09-03T17:45:20.416+0000] {processor.py:161} INFO - Started process (PID=1554) to work on /opt/airflow/dags/main.py
[2026-09-03T17:45:20.419+0000] {processor.py:830} INFO - Processing file /opt/airflow/dags/main.py for tasks to queue
[2026-09-03T17:45:20.422+0000] {logging_mixin.py:188} INFO - [2026-09-03T17:45:20.422+0000] {dagbag.py:545} INFO - Filling up the DagBag from /opt/airflow/dags/main.py
[2026-09-03T17:45:20.518+0000] {logging_mixin.py:188} INFO - channel id is not executed
[2026-09-03T17:45:20.873+0000] {processor.py:840} INFO - DAG(s) 'produce_json', 'update_db' retrieved from /opt/airflow/dags/main.py
[2026-09-03T17:45:21.238+0000] {logging_mixin.py:188} INFO - [2026-09-03T17:45:21.238+0000] {dag.py:3096} INFO - Sync 2 DAGs
[2026-09-03T17:45:21.286+0000] {logging_mixin.py:188} INFO - [2026-09-03T17:45:21.285+0000] {dag.py:3954} INFO - Setting next_dagrun for produce_json to 2026-09-04 14:00:00+00:00, run_after=2026-09-05 14:00:00+00:00
[2026-09-03T17:45:21.295+0000] {logging_mixin.py:188} INFO - [2026-09-03T17:45:21.295+0000] {dag.py:3954} INFO - Setting next_dagrun for update_db to 2026-09-04 15:00:00+00:00, run_after=2026-09-05 15:00:00+00:00
[2026-09-03T17:45:21.332+0000] {processor.py:183} INFO - Processing /opt/airflow/dags/main.py took 0.932 seconds
[2026-09-03T17:45:54.679+0000] {processor.py:161} INFO - Started process (PID=1561) to work on /opt/airflow/dags/main.py
[2026-09-03T17:45:54.731+0000] {processor.py:830} INFO - Processing file /opt/airflow/dags/main.py for tasks to queue
[2026-09-03T17:45:54.782+0000] {logging_mixin.py:188} INFO - [2026-09-03T17:45:54.773+0000] {dagbag.py:545} INFO - Filling up the DagBag from /opt/airflow/dags/main.py
[2026-09-03T17:45:57.461+0000] {logging_mixin.py:188} INFO - channel id is not executed
[2026-09-03T17:46:00.173+0000] {processor.py:840} INFO - DAG(s) 'update_db', 'produce_json' retrieved from /opt/airflow/dags/main.py
[2026-09-03T17:46:01.883+0000] {logging_mixin.py:188} INFO - [2026-09-03T17:46:01.883+0000] {dag.py:3096} INFO - Sync 2 DAGs
[2026-09-03T17:46:02.107+0000] {logging_mixin.py:188} INFO - [2026-09-03T17:46:02.107+0000] {dag.py:3954} INFO - Setting next_dagrun for produce_json to 2026-09-04 14:00:00+00:00, run_after=2026-09-05 14:00:00+00:00
[2026-09-03T17:46:02.170+0000] {logging_mixin.py:188} INFO - [2026-09-03T17:46:02.170+0000] {dag.py:3954} INFO - Setting next_dagrun for update_db to 2026-09-04 15:00:00+00:00, run_after=2026-09-05 15:00:00+00:00
[2026-09-03T17:46:02.546+0000] {processor.py:183} INFO - Processing /opt/airflow/dags/main.py took 7.990 seconds
[2026-09-03T17:46:33.008+0000] {processor.py:161} INFO - Started process (PID=1569) to work on /opt/airflow/dags/main.py
[2026-09-03T17:46:33.015+0000] {processor.py:830} INFO - Processing file /opt/airflow/dags/main.py for tasks to queue
[2026-09-03T17:46:33.019+0000] {logging_mixin.py:188} INFO - [2026-09-03T17:46:33.018+0000] {dagbag.py:545} INFO - Filling up the DagBag from /opt/airflow/dags/main.py
[2026-09-03T17:46:33.135+0000] {logging_mixin.py:188} INFO - channel id is not executed
[2026-09-03T17:46:33.421+0000] {processor.py:840} INFO - DAG(s) 'produce_json', 'update_db' retrieved from /opt/airflow/dags/main.py
[2026-09-03T17:46:33.888+0000] {logging_mixin.py:188} INFO - [2026-09-03T17:46:33.888+0000] {dag.py:3096} INFO - Sync 2 DAGs
[2026-09-03T17:46:33.941+0000] {logging_mixin.py:188} INFO - [2026-09-03T17:46:33.940+0000] {dag.py:3954} INFO - Setting next_dagrun for produce_json to 2026-09-04 14:00:00+00:00, run_after=2026-09-05 14:00:00+00:00
[2026-09-03T17:46:33.955+0000] {logging_mixin.py:188} INFO - [2026-09-03T17:46:33.955+0000] {dag.py:3954} INFO - Setting next_dagrun for update_db to 2026-09-04 15:00:00+00:00, run_after=2026-09-05 15:00:00+00:00
[2026-09-03T17:46:34.004+0000] {processor.py:183} INFO - Processing /opt/airflow/dags/main.py took 1.009 seconds
[2026-09-03T17:47:04.895+0000] {processor.py:161} INFO - Started process (PID=1576) to work on /opt/airflow/dags/main.py
[2026-09-03T17:47:04.898+0000] {processor.py:830} INFO - Processing file /opt/airflow/dags/main.py for tasks to queue
[2026-09-03T17:47:04.901+0000] {logging_mixin.py:188} INFO - [2026-09-03T17:47:04.901+0000] {dagbag.py:545} INFO - Filling up the DagBag from /opt/airflow/dags/main.py
[2026-09-03T17:47:05.021+0000] {logging_mixin.py:188} INFO - channel id is not executed
[2026-09-03T17:47:05.186+0000] {processor.py:840} INFO - DAG(s) 'update_db', 'produce_json' retrieved from /opt/airflow/dags/main.py
[2026-09-03T17:47:05.501+0000] {logging_mixin.py:188} INFO - [2026-09-03T17:47:05.501+0000] {dag.py:3096} INFO - Sync 2 DAGs
[2026-09-03T17:47:05.549+0000] {logging_mixin.py:188} INFO - [2026-09-03T17:47:05.549+0000] {dag.py:3954} INFO - Setting next_dagrun for produce_json to 2026-09-04 14:00:00+00:00, run_after=2026-09-05 14:00:00+00:00
[2026-09-03T17:47:05.561+0000] {logging_mixin.py:188} INFO - [2026-09-03T17:47:05.561+0000] {dag.py:3954} INFO - Setting next_dagrun for update_db to 2026-09-04 15:00:00+00:00, run_after=2026-09-05 15:00:00+00:00
[2026-09-03T17:47:05.605+0000] {processor.py:183} INFO - Processing /opt/airflow/dags/main.py took 0.722 seconds
[2026-09-03T17:47:36.080+0000] {processor.py:161} INFO - Started process (PID=1584) to work on /opt/airflow/dags/main.py
[2026-09-03T17:47:36.082+0000] {processor.py:830} INFO - Processing file /opt/airflow/dags/main.py for tasks to queue
[2026-09-03T17:47:36.085+0000] {logging_mixin.py:188} INFO - [2026-09-03T17:47:36.085+0000] {dagbag.py:545} INFO - Filling up the DagBag from /opt/airflow/dags/main.py
[2026-09-03T17:47:36.156+0000] {logging_mixin.py:188} INFO - channel id is not executed
[2026-09-03T17:47:36.251+0000] {processor.py:840} INFO - DAG(s) 'produce_json', 'update_db' retrieved from /opt/airflow/dags/main.py
[2026-09-03T17:47:36.559+0000] {logging_mixin.py:188} INFO - [2026-09-03T17:47:36.558+0000] {dag.py:3096} INFO - Sync 2 DAGs
[2026-09-03T17:47:36.595+0000] {logging_mixin.py:188} INFO - [2026-09-03T17:47:36.594+0000] {dag.py:3954} INFO - Setting next_dagrun for produce_json to 2026-09-04 14:00:00+00:00, run_after=2026-09-05 14:00:00+00:00
[2026-09-03T17:47:36.607+0000] {logging_mixin.py:188} INFO - [2026-09-03T17:47:36.607+0000] {dag.py:3954} INFO - Setting next_dagrun for update_db to 2026-09-04 15:00:00+00:00, run_after=2026-09-05 15:00:00+00:00
[2026-09-03T17:47:36.642+0000] {processor.py:183} INFO - Processing /opt/airflow/dags/main.py took 0.572 seconds
[2026-09-03T17:48:07.300+0000] {processor.py:161} INFO - Started process (PID=1592) to work on /opt/airflow/dags/main.py
[2026-09-03T17:48:07.303+0000] {processor.py:830} INFO - Processing file /opt/airflow/dags/main.py for tasks to queue
[2026-09-03T17:48:07.308+0000] {logging_mixin.py:188} INFO - [2026-09-03T17:48:07.306+0000] {dagbag.py:545} INFO - Filling up the DagBag from /opt/airflow/dags/main.py
[2026-09-03T17:48:07.450+0000] {logging_mixin.py:188} INFO - channel id is not executed
[2026-09-03T17:48:08.143+0000] {logging_mixin.py:188} INFO - [2026-09-03T17:48:07.864+0000] {dagbag.py:355} ERROR - Failed to import: /opt/airflow/dags/main.py
Traceback (most recent call last):
  File "/home/airflow/.local/lib/python3.10/site-packages/airflow/models/dagbag.py", line 351, in parse
    loader.exec_module(new_module)
  File "<frozen importlib._bootstrap_external>", line 883, in exec_module
  File "<frozen importlib._bootstrap>", line 241, in _call_with_frames_removed
  File "/opt/airflow/dags/main.py", line 6, in <module>
    from datawarehouse.dwh import staging_table, core_table
  File "/opt/airflow/dags/datawarehouse/dwh.py", line 4, in <module>
    from datawarehouse.data_transformation import transform_data
  File "/opt/airflow/dags/datawarehouse/data_transformation.py", line 1, in <module>
    v
NameError: name 'v' is not defined
[2026-09-03T17:48:08.267+0000] {processor.py:842} WARNING - No viable dags retrieved from /opt/airflow/dags/main.py
[2026-09-03T17:48:08.607+0000] {processor.py:183} INFO - Processing /opt/airflow/dags/main.py took 1.335 seconds
[2026-09-03T17:48:39.615+0000] {processor.py:161} INFO - Started process (PID=1598) to work on /opt/airflow/dags/main.py
[2026-09-03T17:48:39.619+0000] {processor.py:830} INFO - Processing file /opt/airflow/dags/main.py for tasks to queue
[2026-09-03T17:48:39.630+0000] {logging_mixin.py:188} INFO - [2026-09-03T17:48:39.629+0000] {dagbag.py:545} INFO - Filling up the DagBag from /opt/airflow/dags/main.py
[2026-09-03T17:48:39.851+0000] {logging_mixin.py:188} INFO - channel id is not executed
[2026-09-03T17:48:40.462+0000] {processor.py:840} INFO - DAG(s) 'produce_json', 'update_db' retrieved from /opt/airflow/dags/main.py
[2026-09-03T17:48:40.953+0000] {logging_mixin.py:188} INFO - [2026-09-03T17:48:40.953+0000] {dag.py:3096} INFO - Sync 2 DAGs
[2026-09-03T17:48:40.995+0000] {logging_mixin.py:188} INFO - [2026-09-03T17:48:40.995+0000] {dag.py:3954} INFO - Setting next_dagrun for produce_json to 2026-09-04 14:00:00+00:00, run_after=2026-09-05 14:00:00+00:00
[2026-09-03T17:48:41.005+0000] {logging_mixin.py:188} INFO - [2026-09-03T17:48:41.004+0000] {dag.py:3954} INFO - Setting next_dagrun for update_db to 2026-09-04 15:00:00+00:00, run_after=2026-09-05 15:00:00+00:00
[2026-09-03T17:48:41.071+0000] {processor.py:183} INFO - Processing /opt/airflow/dags/main.py took 1.490 seconds
[2026-09-03T17:49:11.799+0000] {processor.py:161} INFO - Started process (PID=1606) to work on /opt/airflow/dags/main.py
[2026-09-03T17:49:11.801+0000] {processor.py:830} INFO - Processing file /opt/airflow/dags/main.py for tasks to queue
[2026-09-03T17:49:11.804+0000] {logging_mixin.py:188} INFO - [2026-09-03T17:49:11.804+0000] {dagbag.py:545} INFO - Filling up the DagBag from /opt/airflow/dags/main.py
[2026-09-03T17:49:11.899+0000] {logging_mixin.py:188} INFO - channel id is not executed
[2026-09-03T17:49:12.187+0000] {processor.py:840} INFO - DAG(s) 'update_db', 'produce_json' retrieved from /opt/airflow/dags/main.py
[2026-09-03T17:49:12.668+0000] {logging_mixin.py:188} INFO - [2026-09-03T17:49:12.667+0000] {dag.py:3096} INFO - Sync 2 DAGs
[2026-09-03T17:49:12.750+0000] {logging_mixin.py:188} INFO - [2026-09-03T17:49:12.750+0000] {dag.py:3954} INFO - Setting next_dagrun for produce_json to 2026-09-04 14:00:00+00:00, run_after=2026-09-05 14:00:00+00:00
[2026-09-03T17:49:12.882+0000] {logging_mixin.py:188} INFO - [2026-09-03T17:49:12.881+0000] {dag.py:3954} INFO - Setting next_dagrun for update_db to 2026-09-04 15:00:00+00:00, run_after=2026-09-05 15:00:00+00:00
[2026-09-03T17:49:13.124+0000] {processor.py:183} INFO - Processing /opt/airflow/dags/main.py took 1.337 seconds
[2026-09-03T17:49:43.891+0000] {processor.py:161} INFO - Started process (PID=1613) to work on /opt/airflow/dags/main.py
[2026-09-03T17:49:43.894+0000] {processor.py:830} INFO - Processing file /opt/airflow/dags/main.py for tasks to queue
[2026-09-03T17:49:43.897+0000] {logging_mixin.py:188} INFO - [2026-09-03T17:49:43.896+0000] {dagbag.py:545} INFO - Filling up the DagBag from /opt/airflow/dags/main.py
[2026-09-03T17:49:44.026+0000] {logging_mixin.py:188} INFO - channel id is not executed
[2026-09-03T17:49:44.226+0000] {processor.py:840} INFO - DAG(s) 'update_db', 'produce_json' retrieved from /opt/airflow/dags/main.py
[2026-09-03T17:49:44.681+0000] {logging_mixin.py:188} INFO - [2026-09-03T17:49:44.681+0000] {dag.py:3096} INFO - Sync 2 DAGs
[2026-09-03T17:49:44.897+0000] {logging_mixin.py:188} INFO - [2026-09-03T17:49:44.896+0000] {dag.py:3954} INFO - Setting next_dagrun for produce_json to 2026-09-04 14:00:00+00:00, run_after=2026-09-05 14:00:00+00:00
[2026-09-03T17:49:45.031+0000] {logging_mixin.py:188} INFO - [2026-09-03T17:49:45.030+0000] {dag.py:3954} INFO - Setting next_dagrun for update_db to 2026-09-04 15:00:00+00:00, run_after=2026-09-05 15:00:00+00:00
[2026-09-03T17:49:45.180+0000] {processor.py:183} INFO - Processing /opt/airflow/dags/main.py took 1.304 seconds
[2026-09-03T17:50:15.668+0000] {processor.py:161} INFO - Started process (PID=1619) to work on /opt/airflow/dags/main.py
[2026-09-03T17:50:15.676+0000] {processor.py:830} INFO - Processing file /opt/airflow/dags/main.py for tasks to queue
[2026-09-03T17:50:15.679+0000] {logging_mixin.py:188} INFO - [2026-09-03T17:50:15.678+0000] {dagbag.py:545} INFO - Filling up the DagBag from /opt/airflow/dags/main.py
[2026-09-03T17:50:15.808+0000] {logging_mixin.py:188} INFO - channel id is not executed
[2026-09-03T17:50:15.924+0000] {processor.py:840} INFO - DAG(s) 'update_db', 'produce_json' retrieved from /opt/airflow/dags/main.py
[2026-09-03T17:50:16.256+0000] {logging_mixin.py:188} INFO - [2026-09-03T17:50:16.256+0000] {dag.py:3096} INFO - Sync 2 DAGs
[2026-09-03T17:50:16.302+0000] {logging_mixin.py:188} INFO - [2026-09-03T17:50:16.302+0000] {dag.py:3954} INFO - Setting next_dagrun for produce_json to 2026-09-04 14:00:00+00:00, run_after=2026-09-05 14:00:00+00:00
[2026-09-03T17:50:16.313+0000] {logging_mixin.py:188} INFO - [2026-09-03T17:50:16.313+0000] {dag.py:3954} INFO - Setting next_dagrun for update_db to 2026-09-04 15:00:00+00:00, run_after=2026-09-05 15:00:00+00:00
[2026-09-03T17:50:16.356+0000] {processor.py:183} INFO - Processing /opt/airflow/dags/main.py took 0.708 seconds
[2026-09-03T17:50:47.922+0000] {processor.py:161} INFO - Started process (PID=1625) to work on /opt/airflow/dags/main.py
[2026-09-03T17:50:48.117+0000] {processor.py:830} INFO - Processing file /opt/airflow/dags/main.py for tasks to queue
[2026-09-03T17:50:48.131+0000] {logging_mixin.py:188} INFO - [2026-09-03T17:50:48.131+0000] {dagbag.py:545} INFO - Filling up the DagBag from /opt/airflow/dags/main.py
[2026-09-03T17:50:48.448+0000] {logging_mixin.py:188} INFO - channel id is not executed
[2026-09-03T17:50:48.699+0000] {processor.py:840} INFO - DAG(s) 'produce_json', 'update_db' retrieved from /opt/airflow/dags/main.py
[2026-09-03T17:50:49.336+0000] {logging_mixin.py:188} INFO - [2026-09-03T17:50:49.336+0000] {dag.py:3096} INFO - Sync 2 DAGs
[2026-09-03T17:50:49.599+0000] {logging_mixin.py:188} INFO - [2026-09-03T17:50:49.598+0000] {dag.py:3954} INFO - Setting next_dagrun for produce_json to 2026-09-04 14:00:00+00:00, run_after=2026-09-05 14:00:00+00:00
[2026-09-03T17:50:49.660+0000] {logging_mixin.py:188} INFO - [2026-09-03T17:50:49.649+0000] {dag.py:3954} INFO - Setting next_dagrun for update_db to 2026-09-04 15:00:00+00:00, run_after=2026-09-05 15:00:00+00:00
[2026-09-03T17:50:49.833+0000] {processor.py:183} INFO - Processing /opt/airflow/dags/main.py took 1.945 seconds
[2026-09-03T17:51:20.850+0000] {processor.py:161} INFO - Started process (PID=1632) to work on /opt/airflow/dags/main.py
[2026-09-03T17:51:20.860+0000] {processor.py:830} INFO - Processing file /opt/airflow/dags/main.py for tasks to queue
[2026-09-03T17:51:20.915+0000] {logging_mixin.py:188} INFO - [2026-09-03T17:51:20.914+0000] {dagbag.py:545} INFO - Filling up the DagBag from /opt/airflow/dags/main.py
[2026-09-03T17:51:21.791+0000] {logging_mixin.py:188} INFO - channel id is not executed
[2026-09-03T17:51:22.747+0000] {processor.py:840} INFO - DAG(s) 'produce_json', 'update_db' retrieved from /opt/airflow/dags/main.py
[2026-09-03T17:51:23.616+0000] {logging_mixin.py:188} INFO - [2026-09-03T17:51:23.616+0000] {dag.py:3096} INFO - Sync 2 DAGs
[2026-09-03T17:51:23.899+0000] {logging_mixin.py:188} INFO - [2026-09-03T17:51:23.898+0000] {dag.py:3954} INFO - Setting next_dagrun for produce_json to 2026-09-04 14:00:00+00:00, run_after=2026-09-05 14:00:00+00:00
[2026-09-03T17:51:23.951+0000] {logging_mixin.py:188} INFO - [2026-09-03T17:51:23.951+0000] {dag.py:3954} INFO - Setting next_dagrun for update_db to 2026-09-04 15:00:00+00:00, run_after=2026-09-05 15:00:00+00:00
[2026-09-03T17:51:24.061+0000] {processor.py:183} INFO - Processing /opt/airflow/dags/main.py took 3.234 seconds
[2026-09-03T17:51:55.295+0000] {processor.py:161} INFO - Started process (PID=1638) to work on /opt/airflow/dags/main.py
[2026-09-03T17:51:55.298+0000] {processor.py:830} INFO - Processing file /opt/airflow/dags/main.py for tasks to queue
[2026-09-03T17:51:55.301+0000] {logging_mixin.py:188} INFO - [2026-09-03T17:51:55.300+0000] {dagbag.py:545} INFO - Filling up the DagBag from /opt/airflow/dags/main.py
[2026-09-03T17:51:55.402+0000] {logging_mixin.py:188} INFO - channel id is not executed
[2026-09-03T17:51:55.939+0000] {processor.py:840} INFO - DAG(s) 'produce_json', 'update_db' retrieved from /opt/airflow/dags/main.py
[2026-09-03T17:51:56.402+0000] {logging_mixin.py:188} INFO - [2026-09-03T17:51:56.402+0000] {dag.py:3096} INFO - Sync 2 DAGs
[2026-09-03T17:51:56.454+0000] {logging_mixin.py:188} INFO - [2026-09-03T17:51:56.454+0000] {dag.py:3954} INFO - Setting next_dagrun for produce_json to 2026-09-04 14:00:00+00:00, run_after=2026-09-05 14:00:00+00:00
[2026-09-03T17:51:56.465+0000] {logging_mixin.py:188} INFO - [2026-09-03T17:51:56.465+0000] {dag.py:3954} INFO - Setting next_dagrun for update_db to 2026-09-04 15:00:00+00:00, run_after=2026-09-05 15:00:00+00:00
[2026-09-03T17:51:56.561+0000] {processor.py:183} INFO - Processing /opt/airflow/dags/main.py took 1.278 seconds
[2026-09-03T17:52:27.615+0000] {processor.py:161} INFO - Started process (PID=1651) to work on /opt/airflow/dags/main.py
[2026-09-03T17:52:27.637+0000] {processor.py:830} INFO - Processing file /opt/airflow/dags/main.py for tasks to queue
[2026-09-03T17:52:27.647+0000] {logging_mixin.py:188} INFO - [2026-09-03T17:52:27.646+0000] {dagbag.py:545} INFO - Filling up the DagBag from /opt/airflow/dags/main.py
[2026-09-03T17:52:27.951+0000] {logging_mixin.py:188} INFO - channel id is not executed
[2026-09-03T17:52:29.562+0000] {processor.py:840} INFO - DAG(s) 'update_db', 'produce_json' retrieved from /opt/airflow/dags/main.py
[2026-09-03T17:52:30.638+0000] {logging_mixin.py:188} INFO - [2026-09-03T17:52:30.638+0000] {dag.py:3096} INFO - Sync 2 DAGs
[2026-09-03T17:52:30.727+0000] {logging_mixin.py:188} INFO - [2026-09-03T17:52:30.724+0000] {dag.py:3954} INFO - Setting next_dagrun for produce_json to 2026-09-04 14:00:00+00:00, run_after=2026-09-05 14:00:00+00:00
[2026-09-03T17:52:30.738+0000] {logging_mixin.py:188} INFO - [2026-09-03T17:52:30.738+0000] {dag.py:3954} INFO - Setting next_dagrun for update_db to 2026-09-04 15:00:00+00:00, run_after=2026-09-05 15:00:00+00:00
[2026-09-03T17:52:30.920+0000] {processor.py:183} INFO - Processing /opt/airflow/dags/main.py took 3.333 seconds
[2026-09-03T17:53:03.125+0000] {processor.py:161} INFO - Started process (PID=1652) to work on /opt/airflow/dags/main.py
[2026-09-03T17:53:03.259+0000] {processor.py:830} INFO - Processing file /opt/airflow/dags/main.py for tasks to queue
[2026-09-03T17:53:03.446+0000] {logging_mixin.py:188} INFO - [2026-09-03T17:53:03.440+0000] {dagbag.py:545} INFO - Filling up the DagBag from /opt/airflow/dags/main.py
[2026-09-03T17:53:05.145+0000] {logging_mixin.py:188} INFO - channel id is not executed
[2026-09-03T17:53:08.366+0000] {processor.py:840} INFO - DAG(s) 'update_db', 'produce_json' retrieved from /opt/airflow/dags/main.py
[2026-09-03T17:53:12.242+0000] {logging_mixin.py:188} INFO - [2026-09-03T17:53:12.174+0000] {dag.py:3096} INFO - Sync 2 DAGs
[2026-09-03T17:53:12.635+0000] {logging_mixin.py:188} INFO - [2026-09-03T17:53:12.616+0000] {dag.py:3954} INFO - Setting next_dagrun for produce_json to 2026-09-04 14:00:00+00:00, run_after=2026-09-05 14:00:00+00:00
[2026-09-03T17:53:12.702+0000] {logging_mixin.py:188} INFO - [2026-09-03T17:53:12.702+0000] {dag.py:3954} INFO - Setting next_dagrun for update_db to 2026-09-04 15:00:00+00:00, run_after=2026-09-05 15:00:00+00:00
[2026-09-03T17:53:13.028+0000] {processor.py:183} INFO - Processing /opt/airflow/dags/main.py took 10.728 seconds
[2026-09-03T17:53:44.017+0000] {processor.py:161} INFO - Started process (PID=1659) to work on /opt/airflow/dags/main.py
[2026-09-03T17:53:44.100+0000] {processor.py:830} INFO - Processing file /opt/airflow/dags/main.py for tasks to queue
[2026-09-03T17:53:44.159+0000] {logging_mixin.py:188} INFO - [2026-09-03T17:53:44.126+0000] {dagbag.py:545} INFO - Filling up the DagBag from /opt/airflow/dags/main.py
[2026-09-03T17:53:45.342+0000] {logging_mixin.py:188} INFO - channel id is not executed
[2026-09-03T17:53:47.435+0000] {processor.py:840} INFO - DAG(s) 'update_db', 'produce_json' retrieved from /opt/airflow/dags/main.py
[2026-09-03T17:54:03.873+0000] {logging_mixin.py:188} INFO - [2026-09-03T17:54:03.777+0000] {dag.py:3096} INFO - Sync 2 DAGs
[2026-09-03T17:54:04.446+0000] {logging_mixin.py:188} INFO - [2026-09-03T17:54:04.403+0000] {dag.py:3954} INFO - Setting next_dagrun for produce_json to 2026-09-04 14:00:00+00:00, run_after=2026-09-05 14:00:00+00:00
[2026-09-03T17:54:04.555+0000] {logging_mixin.py:188} INFO - [2026-09-03T17:54:04.554+0000] {dag.py:3954} INFO - Setting next_dagrun for update_db to 2026-09-04 15:00:00+00:00, run_after=2026-09-05 15:00:00+00:00
[2026-09-03T17:54:05.636+0000] {processor.py:183} INFO - Processing /opt/airflow/dags/main.py took 21.710 seconds
[2026-09-03T17:54:36.914+0000] {processor.py:161} INFO - Started process (PID=1660) to work on /opt/airflow/dags/main.py
[2026-09-03T17:54:36.936+0000] {processor.py:830} INFO - Processing file /opt/airflow/dags/main.py for tasks to queue
[2026-09-03T17:54:36.965+0000] {logging_mixin.py:188} INFO - [2026-09-03T17:54:36.949+0000] {dagbag.py:545} INFO - Filling up the DagBag from /opt/airflow/dags/main.py
[2026-09-03T17:54:37.840+0000] {logging_mixin.py:188} INFO - channel id is not executed
[2026-09-03T17:54:40.806+0000] {processor.py:840} INFO - DAG(s) 'produce_json', 'update_db' retrieved from /opt/airflow/dags/main.py
[2026-09-03T17:55:17.841+0000] {processor.py:186} ERROR - Got an exception! Propagating...
Traceback (most recent call last):
  File "/home/airflow/.local/lib/python3.10/site-packages/sqlalchemy/engine/base.py", line 3371, in _wrap_pool_connect
    return fn()
  File "/home/airflow/.local/lib/python3.10/site-packages/sqlalchemy/pool/base.py", line 327, in connect
    return _ConnectionFairy._checkout(self)
  File "/home/airflow/.local/lib/python3.10/site-packages/sqlalchemy/pool/base.py", line 894, in _checkout
    fairy = _ConnectionRecord.checkout(pool)
  File "/home/airflow/.local/lib/python3.10/site-packages/sqlalchemy/pool/base.py", line 493, in checkout
    rec = pool._do_get()
  File "/home/airflow/.local/lib/python3.10/site-packages/sqlalchemy/pool/impl.py", line 145, in _do_get
    with util.safe_reraise():
  File "/home/airflow/.local/lib/python3.10/site-packages/sqlalchemy/util/langhelpers.py", line 70, in __exit__
    compat.raise_(
  File "/home/airflow/.local/lib/python3.10/site-packages/sqlalchemy/util/compat.py", line 211, in raise_
    raise exception
  File "/home/airflow/.local/lib/python3.10/site-packages/sqlalchemy/pool/impl.py", line 143, in _do_get
    return self._create_connection()
  File "/home/airflow/.local/lib/python3.10/site-packages/sqlalchemy/pool/base.py", line 273, in _create_connection
    return _ConnectionRecord(self)
  File "/home/airflow/.local/lib/python3.10/site-packages/sqlalchemy/pool/base.py", line 388, in __init__
    self.__connect()
  File "/home/airflow/.local/lib/python3.10/site-packages/sqlalchemy/pool/base.py", line 690, in __connect
    with util.safe_reraise():
  File "/home/airflow/.local/lib/python3.10/site-packages/sqlalchemy/util/langhelpers.py", line 70, in __exit__
    compat.raise_(
  File "/home/airflow/.local/lib/python3.10/site-packages/sqlalchemy/util/compat.py", line 211, in raise_
    raise exception
  File "/home/airflow/.local/lib/python3.10/site-packages/sqlalchemy/pool/base.py", line 686, in __connect
    self.dbapi_connection = connection = pool._invoke_creator(self)
  File "/home/airflow/.local/lib/python3.10/site-packages/sqlalchemy/engine/create.py", line 574, in connect
    return dialect.connect(*cargs, **cparams)
  File "/home/airflow/.local/lib/python3.10/site-packages/sqlalchemy/engine/default.py", line 598, in connect
    return self.dbapi.connect(*cargs, **cparams)
  File "/home/airflow/.local/lib/python3.10/site-packages/psycopg2/__init__.py", line 122, in connect
    conn = _connect(dsn, connection_factory=connection_factory, **kwasync)
psycopg2.OperationalError: could not translate host name "postgres" to address: Temporary failure in name resolution


The above exception was the direct cause of the following exception:

Traceback (most recent call last):
  File "/home/airflow/.local/lib/python3.10/site-packages/airflow/dag_processing/processor.py", line 182, in _run_file_processor
    _handle_dag_file_processing()
  File "/home/airflow/.local/lib/python3.10/site-packages/airflow/dag_processing/processor.py", line 163, in _handle_dag_file_processing
    result: tuple[int, int] = dag_file_processor.process_file(
  File "/home/airflow/.local/lib/python3.10/site-packages/airflow/utils/session.py", line 79, in wrapper
    return func(*args, session=session, **kwargs)
  File "/home/airflow/.local/lib/python3.10/site-packages/airflow/dag_processing/processor.py", line 859, in process_file
    serialize_errors = DagFileProcessor.save_dag_to_db(
  File "/home/airflow/.local/lib/python3.10/site-packages/airflow/api_internal/internal_api_call.py", line 115, in wrapper
    return func(*args, **kwargs)
  File "/home/airflow/.local/lib/python3.10/site-packages/airflow/utils/session.py", line 79, in wrapper
    return func(*args, session=session, **kwargs)
  File "/home/airflow/.local/lib/python3.10/site-packages/airflow/dag_processing/processor.py", line 895, in save_dag_to_db
    import_errors = DagBag._sync_to_db(dags=dags, processor_subdir=dag_directory, session=session)
  File "/home/airflow/.local/lib/python3.10/site-packages/airflow/utils/session.py", line 76, in wrapper
    return func(*args, **kwargs)
  File "/home/airflow/.local/lib/python3.10/site-packages/airflow/models/dagbag.py", line 664, in _sync_to_db
    for attempt in run_with_db_retries(logger=log):
  File "/home/airflow/.local/lib/python3.10/site-packages/tenacity/__init__.py", line 435, in __iter__
    do = self.iter(retry_state=retry_state)
  File "/home/airflow/.local/lib/python3.10/site-packages/tenacity/__init__.py", line 368, in iter
    result = action(retry_state)
  File "/home/airflow/.local/lib/python3.10/site-packages/tenacity/__init__.py", line 410, in exc_check
    raise retry_exc.reraise()
  File "/home/airflow/.local/lib/python3.10/site-packages/tenacity/__init__.py", line 183, in reraise
    raise self.last_attempt.result()
  File "/usr/local/lib/python3.10/concurrent/futures/_base.py", line 451, in result
    return self.__get_result()
  File "/usr/local/lib/python3.10/concurrent/futures/_base.py", line 403, in __get_result
    raise self._exception
  File "/home/airflow/.local/lib/python3.10/site-packages/airflow/models/dagbag.py", line 677, in _sync_to_db
    _serialize_dag_capturing_errors(dag, session, processor_subdir)
  File "/home/airflow/.local/lib/python3.10/site-packages/airflow/models/dagbag.py", line 642, in _serialize_dag_capturing_errors
    dag_was_updated = SerializedDagModel.write_dag(
  File "/home/airflow/.local/lib/python3.10/site-packages/airflow/utils/session.py", line 76, in wrapper
    return func(*args, **kwargs)
  File "/home/airflow/.local/lib/python3.10/site-packages/airflow/models/serialized_dag.py", line 158, in write_dag
    if session.scalar(
  File "/home/airflow/.local/lib/python3.10/site-packages/sqlalchemy/orm/session.py", line 1747, in scalar
    return self.execute(
  File "/home/airflow/.local/lib/python3.10/site-packages/sqlalchemy/orm/session.py", line 1716, in execute
    conn = self._connection_for_bind(bind)
  File "/home/airflow/.local/lib/python3.10/site-packages/sqlalchemy/orm/session.py", line 1555, in _connection_for_bind
    return self._transaction._connection_for_bind(
  File "/home/airflow/.local/lib/python3.10/site-packages/sqlalchemy/orm/session.py", line 750, in _connection_for_bind
    conn = bind.connect()
  File "/home/airflow/.local/lib/python3.10/site-packages/sqlalchemy/future/engine.py", line 412, in connect
    return super(Engine, self).connect()
  File "/home/airflow/.local/lib/python3.10/site-packages/sqlalchemy/engine/base.py", line 3325, in connect
    return self._connection_cls(self, close_with_result=close_with_result)
  File "/home/airflow/.local/lib/python3.10/site-packages/sqlalchemy/engine/base.py", line 96, in __init__
    else engine.raw_connection()
  File "/home/airflow/.local/lib/python3.10/site-packages/sqlalchemy/engine/base.py", line 3404, in raw_connection
    return self._wrap_pool_connect(self.pool.connect, _connection)
  File "/home/airflow/.local/lib/python3.10/site-packages/sqlalchemy/engine/base.py", line 3374, in _wrap_pool_connect
    Connection._handle_dbapi_exception_noconnection(
  File "/home/airflow/.local/lib/python3.10/site-packages/sqlalchemy/engine/base.py", line 2208, in _handle_dbapi_exception_noconnection
    util.raise_(
  File "/home/airflow/.local/lib/python3.10/site-packages/sqlalchemy/util/compat.py", line 211, in raise_
    raise exception
  File "/home/airflow/.local/lib/python3.10/site-packages/sqlalchemy/engine/base.py", line 3371, in _wrap_pool_connect
    return fn()
  File "/home/airflow/.local/lib/python3.10/site-packages/sqlalchemy/pool/base.py", line 327, in connect
    return _ConnectionFairy._checkout(self)
  File "/home/airflow/.local/lib/python3.10/site-packages/sqlalchemy/pool/base.py", line 894, in _checkout
    fairy = _ConnectionRecord.checkout(pool)
  File "/home/airflow/.local/lib/python3.10/site-packages/sqlalchemy/pool/base.py", line 493, in checkout
    rec = pool._do_get()
  File "/home/airflow/.local/lib/python3.10/site-packages/sqlalchemy/pool/impl.py", line 145, in _do_get
    with util.safe_reraise():
  File "/home/airflow/.local/lib/python3.10/site-packages/sqlalchemy/util/langhelpers.py", line 70, in __exit__
    compat.raise_(
  File "/home/airflow/.local/lib/python3.10/site-packages/sqlalchemy/util/compat.py", line 211, in raise_
    raise exception
  File "/home/airflow/.local/lib/python3.10/site-packages/sqlalchemy/pool/impl.py", line 143, in _do_get
    return self._create_connection()
  File "/home/airflow/.local/lib/python3.10/site-packages/sqlalchemy/pool/base.py", line 273, in _create_connection
    return _ConnectionRecord(self)
  File "/home/airflow/.local/lib/python3.10/site-packages/sqlalchemy/pool/base.py", line 388, in __init__
    self.__connect()
  File "/home/airflow/.local/lib/python3.10/site-packages/sqlalchemy/pool/base.py", line 690, in __connect
    with util.safe_reraise():
  File "/home/airflow/.local/lib/python3.10/site-packages/sqlalchemy/util/langhelpers.py", line 70, in __exit__
    compat.raise_(
  File "/home/airflow/.local/lib/python3.10/site-packages/sqlalchemy/util/compat.py", line 211, in raise_
    raise exception
  File "/home/airflow/.local/lib/python3.10/site-packages/sqlalchemy/pool/base.py", line 686, in __connect
    self.dbapi_connection = connection = pool._invoke_creator(self)
  File "/home/airflow/.local/lib/python3.10/site-packages/sqlalchemy/engine/create.py", line 574, in connect
    return dialect.connect(*cargs, **cparams)
  File "/home/airflow/.local/lib/python3.10/site-packages/sqlalchemy/engine/default.py", line 598, in connect
    return self.dbapi.connect(*cargs, **cparams)
  File "/home/airflow/.local/lib/python3.10/site-packages/psycopg2/__init__.py", line 122, in connect
    conn = _connect(dsn, connection_factory=connection_factory, **kwasync)
sqlalchemy.exc.OperationalError: (psycopg2.OperationalError) could not translate host name "postgres" to address: Temporary failure in name resolution

(Background on this error at: https://sqlalche.me/e/14/e3q8)
[2026-09-03T17:56:14.197+0000] {processor.py:161} INFO - Started process (PID=1661) to work on /opt/airflow/dags/main.py
[2026-09-03T17:56:14.216+0000] {processor.py:830} INFO - Processing file /opt/airflow/dags/main.py for tasks to queue
[2026-09-03T17:56:14.258+0000] {logging_mixin.py:188} INFO - [2026-09-03T17:56:14.237+0000] {dagbag.py:545} INFO - Filling up the DagBag from /opt/airflow/dags/main.py
[2026-09-03T17:56:15.540+0000] {logging_mixin.py:188} INFO - [2026-09-03T17:56:15.404+0000] {dagbag.py:355} ERROR - Failed to import: /opt/airflow/dags/main.py
Traceback (most recent call last):
  File "/home/airflow/.local/lib/python3.10/site-packages/airflow/models/dagbag.py", line 351, in parse
    loader.exec_module(new_module)
  File "<frozen importlib._bootstrap_external>", line 883, in exec_module
  File "<frozen importlib._bootstrap>", line 241, in _call_with_frames_removed
  File "/opt/airflow/dags/main.py", line 5, in <module>
    from api.video import channel_playlist_id,get_video_id,extract_video_data,save_to_json
  File "<frozen importlib._bootstrap>", line 1027, in _find_and_load
  File "<frozen importlib._bootstrap>", line 1002, in _find_and_load_unlocked
  File "<frozen importlib._bootstrap>", line 945, in _find_spec
  File "<frozen importlib._bootstrap_external>", line 1439, in find_spec
  File "<frozen importlib._bootstrap_external>", line 1411, in _get_spec
  File "<frozen importlib._bootstrap_external>", line 1548, in find_spec
  File "<frozen importlib._bootstrap_external>", line 1591, in _fill_cache
OSError: [Errno 12] Cannot allocate memory: '/opt/airflow/dags/api'
[2026-09-03T17:56:15.551+0000] {processor.py:842} WARNING - No viable dags retrieved from /opt/airflow/dags/main.py
[2026-09-03T17:56:25.614+0000] {processor.py:186} ERROR - Got an exception! Propagating...
Traceback (most recent call last):
  File "/home/airflow/.local/lib/python3.10/site-packages/sqlalchemy/engine/base.py", line 3371, in _wrap_pool_connect
    return fn()
  File "/home/airflow/.local/lib/python3.10/site-packages/sqlalchemy/pool/base.py", line 327, in connect
    return _ConnectionFairy._checkout(self)
  File "/home/airflow/.local/lib/python3.10/site-packages/sqlalchemy/pool/base.py", line 894, in _checkout
    fairy = _ConnectionRecord.checkout(pool)
  File "/home/airflow/.local/lib/python3.10/site-packages/sqlalchemy/pool/base.py", line 493, in checkout
    rec = pool._do_get()
  File "/home/airflow/.local/lib/python3.10/site-packages/sqlalchemy/pool/impl.py", line 145, in _do_get
    with util.safe_reraise():
  File "/home/airflow/.local/lib/python3.10/site-packages/sqlalchemy/util/langhelpers.py", line 70, in __exit__
    compat.raise_(
  File "/home/airflow/.local/lib/python3.10/site-packages/sqlalchemy/util/compat.py", line 211, in raise_
    raise exception
  File "/home/airflow/.local/lib/python3.10/site-packages/sqlalchemy/pool/impl.py", line 143, in _do_get
    return self._create_connection()
  File "/home/airflow/.local/lib/python3.10/site-packages/sqlalchemy/pool/base.py", line 273, in _create_connection
    return _ConnectionRecord(self)
  File "/home/airflow/.local/lib/python3.10/site-packages/sqlalchemy/pool/base.py", line 388, in __init__
    self.__connect()
  File "/home/airflow/.local/lib/python3.10/site-packages/sqlalchemy/pool/base.py", line 690, in __connect
    with util.safe_reraise():
  File "/home/airflow/.local/lib/python3.10/site-packages/sqlalchemy/util/langhelpers.py", line 70, in __exit__
    compat.raise_(
  File "/home/airflow/.local/lib/python3.10/site-packages/sqlalchemy/util/compat.py", line 211, in raise_
    raise exception
  File "/home/airflow/.local/lib/python3.10/site-packages/sqlalchemy/pool/base.py", line 686, in __connect
    self.dbapi_connection = connection = pool._invoke_creator(self)
  File "/home/airflow/.local/lib/python3.10/site-packages/sqlalchemy/engine/create.py", line 574, in connect
    return dialect.connect(*cargs, **cparams)
  File "/home/airflow/.local/lib/python3.10/site-packages/sqlalchemy/engine/default.py", line 598, in connect
    return self.dbapi.connect(*cargs, **cparams)
  File "/home/airflow/.local/lib/python3.10/site-packages/psycopg2/__init__.py", line 122, in connect
    conn = _connect(dsn, connection_factory=connection_factory, **kwasync)
psycopg2.OperationalError: could not translate host name "postgres" to address: Temporary failure in name resolution


The above exception was the direct cause of the following exception:

Traceback (most recent call last):
  File "/home/airflow/.local/lib/python3.10/site-packages/airflow/dag_processing/processor.py", line 182, in _run_file_processor
    _handle_dag_file_processing()
  File "/home/airflow/.local/lib/python3.10/site-packages/airflow/dag_processing/processor.py", line 163, in _handle_dag_file_processing
    result: tuple[int, int] = dag_file_processor.process_file(
  File "/home/airflow/.local/lib/python3.10/site-packages/airflow/utils/session.py", line 79, in wrapper
    return func(*args, session=session, **kwargs)
  File "/home/airflow/.local/lib/python3.10/site-packages/airflow/dag_processing/processor.py", line 843, in process_file
    DagFileProcessor.update_import_errors(
  File "/home/airflow/.local/lib/python3.10/site-packages/airflow/api_internal/internal_api_call.py", line 115, in wrapper
    return func(*args, **kwargs)
  File "/home/airflow/.local/lib/python3.10/site-packages/airflow/utils/session.py", line 76, in wrapper
    return func(*args, **kwargs)
  File "/home/airflow/.local/lib/python3.10/site-packages/airflow/dag_processing/processor.py", line 622, in update_import_errors
    existing_import_error_files = [x.filename for x in session.query(errors.ImportError.filename).all()]
  File "/home/airflow/.local/lib/python3.10/site-packages/sqlalchemy/orm/query.py", line 2773, in all
    return self._iter().all()
  File "/home/airflow/.local/lib/python3.10/site-packages/sqlalchemy/orm/query.py", line 2916, in _iter
    result = self.session.execute(
  File "/home/airflow/.local/lib/python3.10/site-packages/sqlalchemy/orm/session.py", line 1716, in execute
    conn = self._connection_for_bind(bind)
  File "/home/airflow/.local/lib/python3.10/site-packages/sqlalchemy/orm/session.py", line 1555, in _connection_for_bind
    return self._transaction._connection_for_bind(
  File "/home/airflow/.local/lib/python3.10/site-packages/sqlalchemy/orm/session.py", line 750, in _connection_for_bind
    conn = bind.connect()
  File "/home/airflow/.local/lib/python3.10/site-packages/sqlalchemy/future/engine.py", line 412, in connect
    return super(Engine, self).connect()
  File "/home/airflow/.local/lib/python3.10/site-packages/sqlalchemy/engine/base.py", line 3325, in connect
    return self._connection_cls(self, close_with_result=close_with_result)
  File "/home/airflow/.local/lib/python3.10/site-packages/sqlalchemy/engine/base.py", line 96, in __init__
    else engine.raw_connection()
  File "/home/airflow/.local/lib/python3.10/site-packages/sqlalchemy/engine/base.py", line 3404, in raw_connection
    return self._wrap_pool_connect(self.pool.connect, _connection)
  File "/home/airflow/.local/lib/python3.10/site-packages/sqlalchemy/engine/base.py", line 3374, in _wrap_pool_connect
    Connection._handle_dbapi_exception_noconnection(
  File "/home/airflow/.local/lib/python3.10/site-packages/sqlalchemy/engine/base.py", line 2208, in _handle_dbapi_exception_noconnection
    util.raise_(
  File "/home/airflow/.local/lib/python3.10/site-packages/sqlalchemy/util/compat.py", line 211, in raise_
    raise exception
  File "/home/airflow/.local/lib/python3.10/site-packages/sqlalchemy/engine/base.py", line 3371, in _wrap_pool_connect
    return fn()
  File "/home/airflow/.local/lib/python3.10/site-packages/sqlalchemy/pool/base.py", line 327, in connect
    return _ConnectionFairy._checkout(self)
  File "/home/airflow/.local/lib/python3.10/site-packages/sqlalchemy/pool/base.py", line 894, in _checkout
    fairy = _ConnectionRecord.checkout(pool)
  File "/home/airflow/.local/lib/python3.10/site-packages/sqlalchemy/pool/base.py", line 493, in checkout
    rec = pool._do_get()
  File "/home/airflow/.local/lib/python3.10/site-packages/sqlalchemy/pool/impl.py", line 145, in _do_get
    with util.safe_reraise():
  File "/home/airflow/.local/lib/python3.10/site-packages/sqlalchemy/util/langhelpers.py", line 70, in __exit__
    compat.raise_(
  File "/home/airflow/.local/lib/python3.10/site-packages/sqlalchemy/util/compat.py", line 211, in raise_
    raise exception
  File "/home/airflow/.local/lib/python3.10/site-packages/sqlalchemy/pool/impl.py", line 143, in _do_get
    return self._create_connection()
  File "/home/airflow/.local/lib/python3.10/site-packages/sqlalchemy/pool/base.py", line 273, in _create_connection
    return _ConnectionRecord(self)
  File "/home/airflow/.local/lib/python3.10/site-packages/sqlalchemy/pool/base.py", line 388, in __init__
    self.__connect()
  File "/home/airflow/.local/lib/python3.10/site-packages/sqlalchemy/pool/base.py", line 690, in __connect
    with util.safe_reraise():
  File "/home/airflow/.local/lib/python3.10/site-packages/sqlalchemy/util/langhelpers.py", line 70, in __exit__
    compat.raise_(
  File "/home/airflow/.local/lib/python3.10/site-packages/sqlalchemy/util/compat.py", line 211, in raise_
    raise exception
  File "/home/airflow/.local/lib/python3.10/site-packages/sqlalchemy/pool/base.py", line 686, in __connect
    self.dbapi_connection = connection = pool._invoke_creator(self)
  File "/home/airflow/.local/lib/python3.10/site-packages/sqlalchemy/engine/create.py", line 574, in connect
    return dialect.connect(*cargs, **cparams)
  File "/home/airflow/.local/lib/python3.10/site-packages/sqlalchemy/engine/default.py", line 598, in connect
    return self.dbapi.connect(*cargs, **cparams)
  File "/home/airflow/.local/lib/python3.10/site-packages/psycopg2/__init__.py", line 122, in connect
    conn = _connect(dsn, connection_factory=connection_factory, **kwasync)
sqlalchemy.exc.OperationalError: (psycopg2.OperationalError) could not translate host name "postgres" to address: Temporary failure in name resolution

(Background on this error at: https://sqlalche.me/e/14/e3q8)
[2026-09-03T17:56:56.644+0000] {processor.py:161} INFO - Started process (PID=1662) to work on /opt/airflow/dags/main.py
[2026-09-03T17:56:56.669+0000] {processor.py:830} INFO - Processing file /opt/airflow/dags/main.py for tasks to queue
[2026-09-03T17:56:56.681+0000] {logging_mixin.py:188} INFO - [2026-09-03T17:56:56.671+0000] {dagbag.py:545} INFO - Filling up the DagBag from /opt/airflow/dags/main.py
[2026-09-03T17:56:57.257+0000] {logging_mixin.py:188} INFO - channel id is not executed
[2026-09-03T17:56:58.875+0000] {processor.py:840} INFO - DAG(s) 'produce_json', 'update_db' retrieved from /opt/airflow/dags/main.py
[2026-09-03T17:57:29.844+0000] {processor.py:186} ERROR - Got an exception! Propagating...
Traceback (most recent call last):
  File "/home/airflow/.local/lib/python3.10/site-packages/sqlalchemy/engine/base.py", line 3371, in _wrap_pool_connect
    return fn()
  File "/home/airflow/.local/lib/python3.10/site-packages/sqlalchemy/pool/base.py", line 327, in connect
    return _ConnectionFairy._checkout(self)
  File "/home/airflow/.local/lib/python3.10/site-packages/sqlalchemy/pool/base.py", line 894, in _checkout
    fairy = _ConnectionRecord.checkout(pool)
  File "/home/airflow/.local/lib/python3.10/site-packages/sqlalchemy/pool/base.py", line 493, in checkout
    rec = pool._do_get()
  File "/home/airflow/.local/lib/python3.10/site-packages/sqlalchemy/pool/impl.py", line 145, in _do_get
    with util.safe_reraise():
  File "/home/airflow/.local/lib/python3.10/site-packages/sqlalchemy/util/langhelpers.py", line 70, in __exit__
    compat.raise_(
  File "/home/airflow/.local/lib/python3.10/site-packages/sqlalchemy/util/compat.py", line 211, in raise_
    raise exception
  File "/home/airflow/.local/lib/python3.10/site-packages/sqlalchemy/pool/impl.py", line 143, in _do_get
    return self._create_connection()
  File "/home/airflow/.local/lib/python3.10/site-packages/sqlalchemy/pool/base.py", line 273, in _create_connection
    return _ConnectionRecord(self)
  File "/home/airflow/.local/lib/python3.10/site-packages/sqlalchemy/pool/base.py", line 388, in __init__
    self.__connect()
  File "/home/airflow/.local/lib/python3.10/site-packages/sqlalchemy/pool/base.py", line 690, in __connect
    with util.safe_reraise():
  File "/home/airflow/.local/lib/python3.10/site-packages/sqlalchemy/util/langhelpers.py", line 70, in __exit__
    compat.raise_(
  File "/home/airflow/.local/lib/python3.10/site-packages/sqlalchemy/util/compat.py", line 211, in raise_
    raise exception
  File "/home/airflow/.local/lib/python3.10/site-packages/sqlalchemy/pool/base.py", line 686, in __connect
    self.dbapi_connection = connection = pool._invoke_creator(self)
  File "/home/airflow/.local/lib/python3.10/site-packages/sqlalchemy/engine/create.py", line 574, in connect
    return dialect.connect(*cargs, **cparams)
  File "/home/airflow/.local/lib/python3.10/site-packages/sqlalchemy/engine/default.py", line 598, in connect
    return self.dbapi.connect(*cargs, **cparams)
  File "/home/airflow/.local/lib/python3.10/site-packages/psycopg2/__init__.py", line 122, in connect
    conn = _connect(dsn, connection_factory=connection_factory, **kwasync)
psycopg2.OperationalError: could not translate host name "postgres" to address: Temporary failure in name resolution


The above exception was the direct cause of the following exception:

Traceback (most recent call last):
  File "/home/airflow/.local/lib/python3.10/site-packages/airflow/dag_processing/processor.py", line 182, in _run_file_processor
    _handle_dag_file_processing()
  File "/home/airflow/.local/lib/python3.10/site-packages/airflow/dag_processing/processor.py", line 163, in _handle_dag_file_processing
    result: tuple[int, int] = dag_file_processor.process_file(
  File "/home/airflow/.local/lib/python3.10/site-packages/airflow/utils/session.py", line 79, in wrapper
    return func(*args, session=session, **kwargs)
  File "/home/airflow/.local/lib/python3.10/site-packages/airflow/dag_processing/processor.py", line 859, in process_file
    serialize_errors = DagFileProcessor.save_dag_to_db(
  File "/home/airflow/.local/lib/python3.10/site-packages/airflow/api_internal/internal_api_call.py", line 115, in wrapper
    return func(*args, **kwargs)
  File "/home/airflow/.local/lib/python3.10/site-packages/airflow/utils/session.py", line 79, in wrapper
    return func(*args, session=session, **kwargs)
  File "/home/airflow/.local/lib/python3.10/site-packages/airflow/dag_processing/processor.py", line 895, in save_dag_to_db
    import_errors = DagBag._sync_to_db(dags=dags, processor_subdir=dag_directory, session=session)
  File "/home/airflow/.local/lib/python3.10/site-packages/airflow/utils/session.py", line 76, in wrapper
    return func(*args, **kwargs)
  File "/home/airflow/.local/lib/python3.10/site-packages/airflow/models/dagbag.py", line 664, in _sync_to_db
    for attempt in run_with_db_retries(logger=log):
  File "/home/airflow/.local/lib/python3.10/site-packages/tenacity/__init__.py", line 435, in __iter__
    do = self.iter(retry_state=retry_state)
  File "/home/airflow/.local/lib/python3.10/site-packages/tenacity/__init__.py", line 368, in iter
    result = action(retry_state)
  File "/home/airflow/.local/lib/python3.10/site-packages/tenacity/__init__.py", line 410, in exc_check
    raise retry_exc.reraise()
  File "/home/airflow/.local/lib/python3.10/site-packages/tenacity/__init__.py", line 183, in reraise
    raise self.last_attempt.result()
  File "/usr/local/lib/python3.10/concurrent/futures/_base.py", line 451, in result
    return self.__get_result()
  File "/usr/local/lib/python3.10/concurrent/futures/_base.py", line 403, in __get_result
    raise self._exception
  File "/home/airflow/.local/lib/python3.10/site-packages/airflow/models/dagbag.py", line 677, in _sync_to_db
    _serialize_dag_capturing_errors(dag, session, processor_subdir)
  File "/home/airflow/.local/lib/python3.10/site-packages/airflow/models/dagbag.py", line 642, in _serialize_dag_capturing_errors
    dag_was_updated = SerializedDagModel.write_dag(
  File "/home/airflow/.local/lib/python3.10/site-packages/airflow/utils/session.py", line 76, in wrapper
    return func(*args, **kwargs)
  File "/home/airflow/.local/lib/python3.10/site-packages/airflow/models/serialized_dag.py", line 158, in write_dag
    if session.scalar(
  File "/home/airflow/.local/lib/python3.10/site-packages/sqlalchemy/orm/session.py", line 1747, in scalar
    return self.execute(
  File "/home/airflow/.local/lib/python3.10/site-packages/sqlalchemy/orm/session.py", line 1716, in execute
    conn = self._connection_for_bind(bind)
  File "/home/airflow/.local/lib/python3.10/site-packages/sqlalchemy/orm/session.py", line 1555, in _connection_for_bind
    return self._transaction._connection_for_bind(
  File "/home/airflow/.local/lib/python3.10/site-packages/sqlalchemy/orm/session.py", line 750, in _connection_for_bind
    conn = bind.connect()
  File "/home/airflow/.local/lib/python3.10/site-packages/sqlalchemy/future/engine.py", line 412, in connect
    return super(Engine, self).connect()
  File "/home/airflow/.local/lib/python3.10/site-packages/sqlalchemy/engine/base.py", line 3325, in connect
    return self._connection_cls(self, close_with_result=close_with_result)
  File "/home/airflow/.local/lib/python3.10/site-packages/sqlalchemy/engine/base.py", line 96, in __init__
    else engine.raw_connection()
  File "/home/airflow/.local/lib/python3.10/site-packages/sqlalchemy/engine/base.py", line 3404, in raw_connection
    return self._wrap_pool_connect(self.pool.connect, _connection)
  File "/home/airflow/.local/lib/python3.10/site-packages/sqlalchemy/engine/base.py", line 3374, in _wrap_pool_connect
    Connection._handle_dbapi_exception_noconnection(
  File "/home/airflow/.local/lib/python3.10/site-packages/sqlalchemy/engine/base.py", line 2208, in _handle_dbapi_exception_noconnection
    util.raise_(
  File "/home/airflow/.local/lib/python3.10/site-packages/sqlalchemy/util/compat.py", line 211, in raise_
    raise exception
  File "/home/airflow/.local/lib/python3.10/site-packages/sqlalchemy/engine/base.py", line 3371, in _wrap_pool_connect
    return fn()
  File "/home/airflow/.local/lib/python3.10/site-packages/sqlalchemy/pool/base.py", line 327, in connect
    return _ConnectionFairy._checkout(self)
  File "/home/airflow/.local/lib/python3.10/site-packages/sqlalchemy/pool/base.py", line 894, in _checkout
    fairy = _ConnectionRecord.checkout(pool)
  File "/home/airflow/.local/lib/python3.10/site-packages/sqlalchemy/pool/base.py", line 493, in checkout
    rec = pool._do_get()
  File "/home/airflow/.local/lib/python3.10/site-packages/sqlalchemy/pool/impl.py", line 145, in _do_get
    with util.safe_reraise():
  File "/home/airflow/.local/lib/python3.10/site-packages/sqlalchemy/util/langhelpers.py", line 70, in __exit__
    compat.raise_(
  File "/home/airflow/.local/lib/python3.10/site-packages/sqlalchemy/util/compat.py", line 211, in raise_
    raise exception
  File "/home/airflow/.local/lib/python3.10/site-packages/sqlalchemy/pool/impl.py", line 143, in _do_get
    return self._create_connection()
  File "/home/airflow/.local/lib/python3.10/site-packages/sqlalchemy/pool/base.py", line 273, in _create_connection
    return _ConnectionRecord(self)
  File "/home/airflow/.local/lib/python3.10/site-packages/sqlalchemy/pool/base.py", line 388, in __init__
    self.__connect()
  File "/home/airflow/.local/lib/python3.10/site-packages/sqlalchemy/pool/base.py", line 690, in __connect
    with util.safe_reraise():
  File "/home/airflow/.local/lib/python3.10/site-packages/sqlalchemy/util/langhelpers.py", line 70, in __exit__
    compat.raise_(
  File "/home/airflow/.local/lib/python3.10/site-packages/sqlalchemy/util/compat.py", line 211, in raise_
    raise exception
  File "/home/airflow/.local/lib/python3.10/site-packages/sqlalchemy/pool/base.py", line 686, in __connect
    self.dbapi_connection = connection = pool._invoke_creator(self)
  File "/home/airflow/.local/lib/python3.10/site-packages/sqlalchemy/engine/create.py", line 574, in connect
    return dialect.connect(*cargs, **cparams)
  File "/home/airflow/.local/lib/python3.10/site-packages/sqlalchemy/engine/default.py", line 598, in connect
    return self.dbapi.connect(*cargs, **cparams)
  File "/home/airflow/.local/lib/python3.10/site-packages/psycopg2/__init__.py", line 122, in connect
    conn = _connect(dsn, connection_factory=connection_factory, **kwasync)
sqlalchemy.exc.OperationalError: (psycopg2.OperationalError) could not translate host name "postgres" to address: Temporary failure in name resolution

(Background on this error at: https://sqlalche.me/e/14/e3q8)
[2026-09-03T17:58:00.997+0000] {processor.py:161} INFO - Started process (PID=1663) to work on /opt/airflow/dags/main.py
[2026-09-03T17:58:01.006+0000] {processor.py:830} INFO - Processing file /opt/airflow/dags/main.py for tasks to queue
[2026-09-03T17:58:01.012+0000] {logging_mixin.py:188} INFO - [2026-09-03T17:58:01.009+0000] {dagbag.py:545} INFO - Filling up the DagBag from /opt/airflow/dags/main.py
[2026-09-03T17:58:01.257+0000] {logging_mixin.py:188} INFO - channel id is not executed
[2026-09-03T17:58:01.514+0000] {processor.py:840} INFO - DAG(s) 'produce_json', 'update_db' retrieved from /opt/airflow/dags/main.py
[2026-09-03T17:58:06.402+0000] {logging_mixin.py:188} INFO - [2026-09-03T17:58:06.397+0000] {dag.py:3096} INFO - Sync 2 DAGs
[2026-09-03T17:58:06.545+0000] {logging_mixin.py:188} INFO - [2026-09-03T17:58:06.544+0000] {dag.py:3954} INFO - Setting next_dagrun for produce_json to 2026-09-04 14:00:00+00:00, run_after=2026-09-05 14:00:00+00:00
[2026-09-03T17:58:06.565+0000] {logging_mixin.py:188} INFO - [2026-09-03T17:58:06.564+0000] {dag.py:3954} INFO - Setting next_dagrun for update_db to 2026-09-04 15:00:00+00:00, run_after=2026-09-05 15:00:00+00:00
[2026-09-03T17:58:07.047+0000] {processor.py:183} INFO - Processing /opt/airflow/dags/main.py took 6.090 seconds
[2026-09-03T17:58:37.999+0000] {processor.py:161} INFO - Started process (PID=1670) to work on /opt/airflow/dags/main.py
[2026-09-03T17:58:38.058+0000] {processor.py:830} INFO - Processing file /opt/airflow/dags/main.py for tasks to queue
[2026-09-03T17:58:38.072+0000] {logging_mixin.py:188} INFO - [2026-09-03T17:58:38.071+0000] {dagbag.py:545} INFO - Filling up the DagBag from /opt/airflow/dags/main.py
[2026-09-03T17:58:39.304+0000] {logging_mixin.py:188} INFO - channel id is not executed
[2026-09-03T17:58:43.308+0000] {processor.py:840} INFO - DAG(s) 'produce_json', 'update_db' retrieved from /opt/airflow/dags/main.py
[2026-09-03T17:58:51.414+0000] {logging_mixin.py:188} INFO - [2026-09-03T17:58:51.377+0000] {dag.py:3096} INFO - Sync 2 DAGs
[2026-09-03T17:58:51.673+0000] {logging_mixin.py:188} INFO - [2026-09-03T17:58:51.673+0000] {dag.py:3954} INFO - Setting next_dagrun for produce_json to 2026-09-04 14:00:00+00:00, run_after=2026-09-05 14:00:00+00:00
[2026-09-03T17:58:51.787+0000] {logging_mixin.py:188} INFO - [2026-09-03T17:58:51.787+0000] {dag.py:3954} INFO - Setting next_dagrun for update_db to 2026-09-04 15:00:00+00:00, run_after=2026-09-05 15:00:00+00:00
[2026-09-03T17:58:52.455+0000] {processor.py:183} INFO - Processing /opt/airflow/dags/main.py took 14.543 seconds
[2026-09-03T17:59:24.321+0000] {processor.py:161} INFO - Started process (PID=1671) to work on /opt/airflow/dags/main.py
[2026-09-03T17:59:24.347+0000] {processor.py:830} INFO - Processing file /opt/airflow/dags/main.py for tasks to queue
[2026-09-03T17:59:24.417+0000] {logging_mixin.py:188} INFO - [2026-09-03T17:59:24.362+0000] {dagbag.py:545} INFO - Filling up the DagBag from /opt/airflow/dags/main.py
[2026-09-03T17:59:26.084+0000] {logging_mixin.py:188} INFO - channel id is not executed
[2026-09-03T17:59:27.816+0000] {processor.py:840} INFO - DAG(s) 'update_db', 'produce_json' retrieved from /opt/airflow/dags/main.py
[2026-09-03T17:59:36.029+0000] {logging_mixin.py:188} INFO - [2026-09-03T17:59:35.998+0000] {dag.py:3096} INFO - Sync 2 DAGs
[2026-09-03T17:59:36.245+0000] {logging_mixin.py:188} INFO - [2026-09-03T17:59:36.244+0000] {dag.py:3954} INFO - Setting next_dagrun for produce_json to 2026-09-04 14:00:00+00:00, run_after=2026-09-05 14:00:00+00:00
[2026-09-03T17:59:36.274+0000] {logging_mixin.py:188} INFO - [2026-09-03T17:59:36.274+0000] {dag.py:3954} INFO - Setting next_dagrun for update_db to 2026-09-04 15:00:00+00:00, run_after=2026-09-05 15:00:00+00:00
[2026-09-03T17:59:36.664+0000] {processor.py:183} INFO - Processing /opt/airflow/dags/main.py took 12.488 seconds
[2026-09-03T18:00:08.040+0000] {processor.py:161} INFO - Started process (PID=1672) to work on /opt/airflow/dags/main.py
[2026-09-03T18:00:08.077+0000] {processor.py:830} INFO - Processing file /opt/airflow/dags/main.py for tasks to queue
[2026-09-03T18:00:08.212+0000] {logging_mixin.py:188} INFO - [2026-09-03T18:00:08.197+0000] {dagbag.py:545} INFO - Filling up the DagBag from /opt/airflow/dags/main.py
[2026-09-03T18:00:09.543+0000] {logging_mixin.py:188} INFO - channel id is not executed
[2026-09-03T18:00:10.999+0000] {processor.py:840} INFO - DAG(s) 'produce_json', 'update_db' retrieved from /opt/airflow/dags/main.py
[2026-09-03T18:00:29.878+0000] {logging_mixin.py:188} INFO - [2026-09-03T18:00:29.848+0000] {dag.py:3096} INFO - Sync 2 DAGs
[2026-09-03T18:00:30.192+0000] {logging_mixin.py:188} INFO - [2026-09-03T18:00:30.190+0000] {dag.py:3954} INFO - Setting next_dagrun for produce_json to 2026-09-04 14:00:00+00:00, run_after=2026-09-05 14:00:00+00:00
[2026-09-03T18:00:30.332+0000] {logging_mixin.py:188} INFO - [2026-09-03T18:00:30.320+0000] {dag.py:3954} INFO - Setting next_dagrun for update_db to 2026-09-04 15:00:00+00:00, run_after=2026-09-05 15:00:00+00:00
[2026-09-03T18:00:31.086+0000] {processor.py:183} INFO - Processing /opt/airflow/dags/main.py took 23.158 seconds
[2026-09-03T18:01:02.169+0000] {processor.py:161} INFO - Started process (PID=1679) to work on /opt/airflow/dags/main.py
[2026-09-03T18:01:02.177+0000] {processor.py:830} INFO - Processing file /opt/airflow/dags/main.py for tasks to queue
[2026-09-03T18:01:02.181+0000] {logging_mixin.py:188} INFO - [2026-09-03T18:01:02.181+0000] {dagbag.py:545} INFO - Filling up the DagBag from /opt/airflow/dags/main.py
[2026-09-03T18:01:03.140+0000] {logging_mixin.py:188} INFO - channel id is not executed
[2026-09-03T18:01:05.906+0000] {processor.py:840} INFO - DAG(s) 'update_db', 'produce_json' retrieved from /opt/airflow/dags/main.py
[2026-09-03T18:01:37.561+0000] {processor.py:186} ERROR - Got an exception! Propagating...
Traceback (most recent call last):
  File "/home/airflow/.local/lib/python3.10/site-packages/sqlalchemy/engine/base.py", line 3371, in _wrap_pool_connect
    return fn()
  File "/home/airflow/.local/lib/python3.10/site-packages/sqlalchemy/pool/base.py", line 327, in connect
    return _ConnectionFairy._checkout(self)
  File "/home/airflow/.local/lib/python3.10/site-packages/sqlalchemy/pool/base.py", line 894, in _checkout
    fairy = _ConnectionRecord.checkout(pool)
  File "/home/airflow/.local/lib/python3.10/site-packages/sqlalchemy/pool/base.py", line 493, in checkout
    rec = pool._do_get()
  File "/home/airflow/.local/lib/python3.10/site-packages/sqlalchemy/pool/impl.py", line 145, in _do_get
    with util.safe_reraise():
  File "/home/airflow/.local/lib/python3.10/site-packages/sqlalchemy/util/langhelpers.py", line 70, in __exit__
    compat.raise_(
  File "/home/airflow/.local/lib/python3.10/site-packages/sqlalchemy/util/compat.py", line 211, in raise_
    raise exception
  File "/home/airflow/.local/lib/python3.10/site-packages/sqlalchemy/pool/impl.py", line 143, in _do_get
    return self._create_connection()
  File "/home/airflow/.local/lib/python3.10/site-packages/sqlalchemy/pool/base.py", line 273, in _create_connection
    return _ConnectionRecord(self)
  File "/home/airflow/.local/lib/python3.10/site-packages/sqlalchemy/pool/base.py", line 388, in __init__
    self.__connect()
  File "/home/airflow/.local/lib/python3.10/site-packages/sqlalchemy/pool/base.py", line 690, in __connect
    with util.safe_reraise():
  File "/home/airflow/.local/lib/python3.10/site-packages/sqlalchemy/util/langhelpers.py", line 70, in __exit__
    compat.raise_(
  File "/home/airflow/.local/lib/python3.10/site-packages/sqlalchemy/util/compat.py", line 211, in raise_
    raise exception
  File "/home/airflow/.local/lib/python3.10/site-packages/sqlalchemy/pool/base.py", line 686, in __connect
    self.dbapi_connection = connection = pool._invoke_creator(self)
  File "/home/airflow/.local/lib/python3.10/site-packages/sqlalchemy/engine/create.py", line 574, in connect
    return dialect.connect(*cargs, **cparams)
  File "/home/airflow/.local/lib/python3.10/site-packages/sqlalchemy/engine/default.py", line 598, in connect
    return self.dbapi.connect(*cargs, **cparams)
  File "/home/airflow/.local/lib/python3.10/site-packages/psycopg2/__init__.py", line 122, in connect
    conn = _connect(dsn, connection_factory=connection_factory, **kwasync)
psycopg2.OperationalError: could not translate host name "postgres" to address: Temporary failure in name resolution


The above exception was the direct cause of the following exception:

Traceback (most recent call last):
  File "/home/airflow/.local/lib/python3.10/site-packages/airflow/dag_processing/processor.py", line 182, in _run_file_processor
    _handle_dag_file_processing()
  File "/home/airflow/.local/lib/python3.10/site-packages/airflow/dag_processing/processor.py", line 163, in _handle_dag_file_processing
    result: tuple[int, int] = dag_file_processor.process_file(
  File "/home/airflow/.local/lib/python3.10/site-packages/airflow/utils/session.py", line 79, in wrapper
    return func(*args, session=session, **kwargs)
  File "/home/airflow/.local/lib/python3.10/site-packages/airflow/dag_processing/processor.py", line 859, in process_file
    serialize_errors = DagFileProcessor.save_dag_to_db(
  File "/home/airflow/.local/lib/python3.10/site-packages/airflow/api_internal/internal_api_call.py", line 115, in wrapper
    return func(*args, **kwargs)
  File "/home/airflow/.local/lib/python3.10/site-packages/airflow/utils/session.py", line 79, in wrapper
    return func(*args, session=session, **kwargs)
  File "/home/airflow/.local/lib/python3.10/site-packages/airflow/dag_processing/processor.py", line 895, in save_dag_to_db
    import_errors = DagBag._sync_to_db(dags=dags, processor_subdir=dag_directory, session=session)
  File "/home/airflow/.local/lib/python3.10/site-packages/airflow/utils/session.py", line 76, in wrapper
    return func(*args, **kwargs)
  File "/home/airflow/.local/lib/python3.10/site-packages/airflow/models/dagbag.py", line 664, in _sync_to_db
    for attempt in run_with_db_retries(logger=log):
  File "/home/airflow/.local/lib/python3.10/site-packages/tenacity/__init__.py", line 435, in __iter__
    do = self.iter(retry_state=retry_state)
  File "/home/airflow/.local/lib/python3.10/site-packages/tenacity/__init__.py", line 368, in iter
    result = action(retry_state)
  File "/home/airflow/.local/lib/python3.10/site-packages/tenacity/__init__.py", line 410, in exc_check
    raise retry_exc.reraise()
  File "/home/airflow/.local/lib/python3.10/site-packages/tenacity/__init__.py", line 183, in reraise
    raise self.last_attempt.result()
  File "/usr/local/lib/python3.10/concurrent/futures/_base.py", line 451, in result
    return self.__get_result()
  File "/usr/local/lib/python3.10/concurrent/futures/_base.py", line 403, in __get_result
    raise self._exception
  File "/home/airflow/.local/lib/python3.10/site-packages/airflow/models/dagbag.py", line 677, in _sync_to_db
    _serialize_dag_capturing_errors(dag, session, processor_subdir)
  File "/home/airflow/.local/lib/python3.10/site-packages/airflow/models/dagbag.py", line 642, in _serialize_dag_capturing_errors
    dag_was_updated = SerializedDagModel.write_dag(
  File "/home/airflow/.local/lib/python3.10/site-packages/airflow/utils/session.py", line 76, in wrapper
    return func(*args, **kwargs)
  File "/home/airflow/.local/lib/python3.10/site-packages/airflow/models/serialized_dag.py", line 158, in write_dag
    if session.scalar(
  File "/home/airflow/.local/lib/python3.10/site-packages/sqlalchemy/orm/session.py", line 1747, in scalar
    return self.execute(
  File "/home/airflow/.local/lib/python3.10/site-packages/sqlalchemy/orm/session.py", line 1716, in execute
    conn = self._connection_for_bind(bind)
  File "/home/airflow/.local/lib/python3.10/site-packages/sqlalchemy/orm/session.py", line 1555, in _connection_for_bind
    return self._transaction._connection_for_bind(
  File "/home/airflow/.local/lib/python3.10/site-packages/sqlalchemy/orm/session.py", line 750, in _connection_for_bind
    conn = bind.connect()
  File "/home/airflow/.local/lib/python3.10/site-packages/sqlalchemy/future/engine.py", line 412, in connect
    return super(Engine, self).connect()
  File "/home/airflow/.local/lib/python3.10/site-packages/sqlalchemy/engine/base.py", line 3325, in connect
    return self._connection_cls(self, close_with_result=close_with_result)
  File "/home/airflow/.local/lib/python3.10/site-packages/sqlalchemy/engine/base.py", line 96, in __init__
    else engine.raw_connection()
  File "/home/airflow/.local/lib/python3.10/site-packages/sqlalchemy/engine/base.py", line 3404, in raw_connection
    return self._wrap_pool_connect(self.pool.connect, _connection)
  File "/home/airflow/.local/lib/python3.10/site-packages/sqlalchemy/engine/base.py", line 3374, in _wrap_pool_connect
    Connection._handle_dbapi_exception_noconnection(
  File "/home/airflow/.local/lib/python3.10/site-packages/sqlalchemy/engine/base.py", line 2208, in _handle_dbapi_exception_noconnection
    util.raise_(
  File "/home/airflow/.local/lib/python3.10/site-packages/sqlalchemy/util/compat.py", line 211, in raise_
    raise exception
  File "/home/airflow/.local/lib/python3.10/site-packages/sqlalchemy/engine/base.py", line 3371, in _wrap_pool_connect
    return fn()
  File "/home/airflow/.local/lib/python3.10/site-packages/sqlalchemy/pool/base.py", line 327, in connect
    return _ConnectionFairy._checkout(self)
  File "/home/airflow/.local/lib/python3.10/site-packages/sqlalchemy/pool/base.py", line 894, in _checkout
    fairy = _ConnectionRecord.checkout(pool)
  File "/home/airflow/.local/lib/python3.10/site-packages/sqlalchemy/pool/base.py", line 493, in checkout
    rec = pool._do_get()
  File "/home/airflow/.local/lib/python3.10/site-packages/sqlalchemy/pool/impl.py", line 145, in _do_get
    with util.safe_reraise():
  File "/home/airflow/.local/lib/python3.10/site-packages/sqlalchemy/util/langhelpers.py", line 70, in __exit__
    compat.raise_(
  File "/home/airflow/.local/lib/python3.10/site-packages/sqlalchemy/util/compat.py", line 211, in raise_
    raise exception
  File "/home/airflow/.local/lib/python3.10/site-packages/sqlalchemy/pool/impl.py", line 143, in _do_get
    return self._create_connection()
  File "/home/airflow/.local/lib/python3.10/site-packages/sqlalchemy/pool/base.py", line 273, in _create_connection
    return _ConnectionRecord(self)
  File "/home/airflow/.local/lib/python3.10/site-packages/sqlalchemy/pool/base.py", line 388, in __init__
    self.__connect()
  File "/home/airflow/.local/lib/python3.10/site-packages/sqlalchemy/pool/base.py", line 690, in __connect
    with util.safe_reraise():
  File "/home/airflow/.local/lib/python3.10/site-packages/sqlalchemy/util/langhelpers.py", line 70, in __exit__
    compat.raise_(
  File "/home/airflow/.local/lib/python3.10/site-packages/sqlalchemy/util/compat.py", line 211, in raise_
    raise exception
  File "/home/airflow/.local/lib/python3.10/site-packages/sqlalchemy/pool/base.py", line 686, in __connect
    self.dbapi_connection = connection = pool._invoke_creator(self)
  File "/home/airflow/.local/lib/python3.10/site-packages/sqlalchemy/engine/create.py", line 574, in connect
    return dialect.connect(*cargs, **cparams)
  File "/home/airflow/.local/lib/python3.10/site-packages/sqlalchemy/engine/default.py", line 598, in connect
    return self.dbapi.connect(*cargs, **cparams)
  File "/home/airflow/.local/lib/python3.10/site-packages/psycopg2/__init__.py", line 122, in connect
    conn = _connect(dsn, connection_factory=connection_factory, **kwasync)
sqlalchemy.exc.OperationalError: (psycopg2.OperationalError) could not translate host name "postgres" to address: Temporary failure in name resolution

(Background on this error at: https://sqlalche.me/e/14/e3q8)
[2026-09-03T18:02:09.196+0000] {processor.py:161} INFO - Started process (PID=1685) to work on /opt/airflow/dags/main.py
[2026-09-03T18:02:09.219+0000] {processor.py:830} INFO - Processing file /opt/airflow/dags/main.py for tasks to queue
[2026-09-03T18:02:09.251+0000] {logging_mixin.py:188} INFO - [2026-09-03T18:02:09.248+0000] {dagbag.py:545} INFO - Filling up the DagBag from /opt/airflow/dags/main.py
[2026-09-03T18:02:10.135+0000] {logging_mixin.py:188} INFO - channel id is not executed
[2026-09-03T18:02:12.189+0000] {processor.py:840} INFO - DAG(s) 'update_db', 'produce_json' retrieved from /opt/airflow/dags/main.py
[2026-09-03T18:02:39.184+0000] {logging_mixin.py:188} INFO - [2026-09-03T18:02:39.175+0000] {dag.py:3096} INFO - Sync 2 DAGs
[2026-09-03T18:02:39.292+0000] {logging_mixin.py:188} INFO - [2026-09-03T18:02:39.291+0000] {dag.py:3954} INFO - Setting next_dagrun for produce_json to 2026-09-04 14:00:00+00:00, run_after=2026-09-05 14:00:00+00:00
[2026-09-03T18:02:39.315+0000] {logging_mixin.py:188} INFO - [2026-09-03T18:02:39.314+0000] {dag.py:3954} INFO - Setting next_dagrun for update_db to 2026-09-04 15:00:00+00:00, run_after=2026-09-05 15:00:00+00:00
[2026-09-03T18:02:39.604+0000] {processor.py:183} INFO - Processing /opt/airflow/dags/main.py took 30.647 seconds
[2026-09-03T18:03:10.665+0000] {processor.py:161} INFO - Started process (PID=1692) to work on /opt/airflow/dags/main.py
[2026-09-03T18:03:10.677+0000] {processor.py:830} INFO - Processing file /opt/airflow/dags/main.py for tasks to queue
[2026-09-03T18:03:10.685+0000] {logging_mixin.py:188} INFO - [2026-09-03T18:03:10.682+0000] {dagbag.py:545} INFO - Filling up the DagBag from /opt/airflow/dags/main.py
[2026-09-03T18:03:11.702+0000] {logging_mixin.py:188} INFO - channel id is not executed
[2026-09-03T18:03:12.618+0000] {processor.py:840} INFO - DAG(s) 'produce_json', 'update_db' retrieved from /opt/airflow/dags/main.py
[2026-09-03T18:03:19.113+0000] {logging_mixin.py:188} INFO - [2026-09-03T18:03:18.894+0000] {dag.py:3096} INFO - Sync 2 DAGs
[2026-09-03T18:03:19.580+0000] {logging_mixin.py:188} INFO - [2026-09-03T18:03:19.578+0000] {dag.py:3954} INFO - Setting next_dagrun for produce_json to 2026-09-04 14:00:00+00:00, run_after=2026-09-05 14:00:00+00:00
[2026-09-03T18:03:19.668+0000] {logging_mixin.py:188} INFO - [2026-09-03T18:03:19.667+0000] {dag.py:3954} INFO - Setting next_dagrun for update_db to 2026-09-04 15:00:00+00:00, run_after=2026-09-05 15:00:00+00:00
[2026-09-03T18:03:19.876+0000] {processor.py:183} INFO - Processing /opt/airflow/dags/main.py took 9.273 seconds
[2026-09-03T18:03:50.642+0000] {processor.py:161} INFO - Started process (PID=1700) to work on /opt/airflow/dags/main.py
[2026-09-03T18:03:51.033+0000] {processor.py:830} INFO - Processing file /opt/airflow/dags/main.py for tasks to queue
[2026-09-03T18:03:51.422+0000] {logging_mixin.py:188} INFO - [2026-09-03T18:03:51.379+0000] {dagbag.py:545} INFO - Filling up the DagBag from /opt/airflow/dags/main.py
[2026-09-03T18:03:52.197+0000] {logging_mixin.py:188} INFO - channel id is not executed
[2026-09-03T18:03:53.543+0000] {processor.py:840} INFO - DAG(s) 'update_db', 'produce_json' retrieved from /opt/airflow/dags/main.py
[2026-09-03T18:03:55.921+0000] {logging_mixin.py:188} INFO - [2026-09-03T18:03:55.899+0000] {dag.py:3096} INFO - Sync 2 DAGs
[2026-09-03T18:03:56.446+0000] {logging_mixin.py:188} INFO - [2026-09-03T18:03:56.446+0000] {dag.py:3954} INFO - Setting next_dagrun for produce_json to 2026-09-04 14:00:00+00:00, run_after=2026-09-05 14:00:00+00:00
[2026-09-03T18:03:56.645+0000] {logging_mixin.py:188} INFO - [2026-09-03T18:03:56.644+0000] {dag.py:3954} INFO - Setting next_dagrun for update_db to 2026-09-04 15:00:00+00:00, run_after=2026-09-05 15:00:00+00:00
[2026-09-03T18:03:57.065+0000] {processor.py:183} INFO - Processing /opt/airflow/dags/main.py took 6.605 seconds
[2026-09-03T18:04:28.358+0000] {processor.py:161} INFO - Started process (PID=1701) to work on /opt/airflow/dags/main.py
[2026-09-03T18:04:28.596+0000] {processor.py:830} INFO - Processing file /opt/airflow/dags/main.py for tasks to queue
[2026-09-03T18:04:28.750+0000] {logging_mixin.py:188} INFO - [2026-09-03T18:04:28.683+0000] {dagbag.py:545} INFO - Filling up the DagBag from /opt/airflow/dags/main.py
[2026-09-03T18:04:30.756+0000] {logging_mixin.py:188} INFO - channel id is not executed
[2026-09-03T18:04:47.470+0000] {processor.py:840} INFO - DAG(s) 'update_db', 'produce_json' retrieved from /opt/airflow/dags/main.py
[2026-09-03T18:04:51.455+0000] {logging_mixin.py:188} INFO - [2026-09-03T18:04:51.449+0000] {dag.py:3096} INFO - Sync 2 DAGs
[2026-09-03T18:04:51.777+0000] {logging_mixin.py:188} INFO - [2026-09-03T18:04:51.777+0000] {dag.py:3954} INFO - Setting next_dagrun for produce_json to 2026-09-04 14:00:00+00:00, run_after=2026-09-05 14:00:00+00:00
[2026-09-03T18:04:52.355+0000] {logging_mixin.py:188} INFO - [2026-09-03T18:04:52.355+0000] {dag.py:3954} INFO - Setting next_dagrun for update_db to 2026-09-04 15:00:00+00:00, run_after=2026-09-05 15:00:00+00:00
[2026-09-03T18:04:53.817+0000] {processor.py:183} INFO - Processing /opt/airflow/dags/main.py took 25.710 seconds
[2026-09-03T18:05:26.491+0000] {processor.py:161} INFO - Started process (PID=1702) to work on /opt/airflow/dags/main.py
[2026-09-03T18:05:26.652+0000] {processor.py:830} INFO - Processing file /opt/airflow/dags/main.py for tasks to queue
[2026-09-03T18:05:26.715+0000] {logging_mixin.py:188} INFO - [2026-09-03T18:05:26.714+0000] {dagbag.py:545} INFO - Filling up the DagBag from /opt/airflow/dags/main.py
[2026-09-03T18:05:29.373+0000] {logging_mixin.py:188} INFO - channel id is not executed
[2026-09-03T18:05:36.490+0000] {processor.py:840} INFO - DAG(s) 'update_db', 'produce_json' retrieved from /opt/airflow/dags/main.py
[2026-09-03T18:05:47.065+0000] {logging_mixin.py:188} INFO - [2026-09-03T18:05:46.893+0000] {dag.py:3096} INFO - Sync 2 DAGs
[2026-09-03T18:05:47.575+0000] {logging_mixin.py:188} INFO - [2026-09-03T18:05:47.573+0000] {dag.py:3954} INFO - Setting next_dagrun for produce_json to 2026-09-04 14:00:00+00:00, run_after=2026-09-05 14:00:00+00:00
[2026-09-03T18:05:47.671+0000] {logging_mixin.py:188} INFO - [2026-09-03T18:05:47.670+0000] {dag.py:3954} INFO - Setting next_dagrun for update_db to 2026-09-04 15:00:00+00:00, run_after=2026-09-05 15:00:00+00:00
[2026-09-03T18:05:47.948+0000] {processor.py:183} INFO - Processing /opt/airflow/dags/main.py took 21.825 seconds
[2026-09-03T18:06:19.373+0000] {processor.py:161} INFO - Started process (PID=1703) to work on /opt/airflow/dags/main.py
[2026-09-03T18:06:19.392+0000] {processor.py:830} INFO - Processing file /opt/airflow/dags/main.py for tasks to queue
[2026-09-03T18:06:19.418+0000] {logging_mixin.py:188} INFO - [2026-09-03T18:06:19.405+0000] {dagbag.py:545} INFO - Filling up the DagBag from /opt/airflow/dags/main.py
[2026-09-03T18:06:20.724+0000] {logging_mixin.py:188} INFO - channel id is not executed
[2026-09-03T18:06:23.464+0000] {processor.py:840} INFO - DAG(s) 'update_db', 'produce_json' retrieved from /opt/airflow/dags/main.py
[2026-09-03T18:06:39.411+0000] {logging_mixin.py:188} INFO - [2026-09-03T18:06:39.364+0000] {dag.py:3096} INFO - Sync 2 DAGs
[2026-09-03T18:06:39.858+0000] {logging_mixin.py:188} INFO - [2026-09-03T18:06:39.858+0000] {dag.py:3954} INFO - Setting next_dagrun for produce_json to 2026-09-04 14:00:00+00:00, run_after=2026-09-05 14:00:00+00:00
[2026-09-03T18:06:40.134+0000] {logging_mixin.py:188} INFO - [2026-09-03T18:06:40.132+0000] {dag.py:3954} INFO - Setting next_dagrun for update_db to 2026-09-04 15:00:00+00:00, run_after=2026-09-05 15:00:00+00:00
[2026-09-03T18:06:40.494+0000] {processor.py:183} INFO - Processing /opt/airflow/dags/main.py took 21.241 seconds
[2026-09-03T18:07:11.381+0000] {processor.py:161} INFO - Started process (PID=1710) to work on /opt/airflow/dags/main.py
[2026-09-03T18:07:11.627+0000] {processor.py:830} INFO - Processing file /opt/airflow/dags/main.py for tasks to queue
[2026-09-03T18:07:11.714+0000] {logging_mixin.py:188} INFO - [2026-09-03T18:07:11.702+0000] {dagbag.py:545} INFO - Filling up the DagBag from /opt/airflow/dags/main.py
[2026-09-03T18:07:13.137+0000] {logging_mixin.py:188} INFO - channel id is not executed
[2026-09-03T18:07:15.235+0000] {processor.py:840} INFO - DAG(s) 'update_db', 'produce_json' retrieved from /opt/airflow/dags/main.py
[2026-09-03T18:07:18.269+0000] {logging_mixin.py:188} INFO - [2026-09-03T18:07:18.194+0000] {dag.py:3096} INFO - Sync 2 DAGs
[2026-09-03T18:07:18.431+0000] {logging_mixin.py:188} INFO - [2026-09-03T18:07:18.430+0000] {dag.py:3954} INFO - Setting next_dagrun for produce_json to 2026-09-04 14:00:00+00:00, run_after=2026-09-05 14:00:00+00:00
[2026-09-03T18:07:18.455+0000] {logging_mixin.py:188} INFO - [2026-09-03T18:07:18.454+0000] {dag.py:3954} INFO - Setting next_dagrun for update_db to 2026-09-04 15:00:00+00:00, run_after=2026-09-05 15:00:00+00:00
[2026-09-03T18:07:18.550+0000] {processor.py:183} INFO - Processing /opt/airflow/dags/main.py took 7.361 seconds
[2026-09-03T18:07:50.028+0000] {processor.py:161} INFO - Started process (PID=1717) to work on /opt/airflow/dags/main.py
[2026-09-03T18:07:50.044+0000] {processor.py:830} INFO - Processing file /opt/airflow/dags/main.py for tasks to queue
[2026-09-03T18:07:50.095+0000] {logging_mixin.py:188} INFO - [2026-09-03T18:07:50.060+0000] {dagbag.py:545} INFO - Filling up the DagBag from /opt/airflow/dags/main.py
[2026-09-03T18:07:51.505+0000] {logging_mixin.py:188} INFO - channel id is not executed
[2026-09-03T18:07:56.000+0000] {processor.py:840} INFO - DAG(s) 'produce_json', 'update_db' retrieved from /opt/airflow/dags/main.py
[2026-09-03T18:08:08.739+0000] {logging_mixin.py:188} INFO - [2026-09-03T18:08:08.685+0000] {dag.py:3096} INFO - Sync 2 DAGs
[2026-09-03T18:08:09.066+0000] {logging_mixin.py:188} INFO - [2026-09-03T18:08:09.066+0000] {dag.py:3954} INFO - Setting next_dagrun for produce_json to 2026-09-04 14:00:00+00:00, run_after=2026-09-05 14:00:00+00:00
[2026-09-03T18:08:09.546+0000] {logging_mixin.py:188} INFO - [2026-09-03T18:08:09.519+0000] {dag.py:3954} INFO - Setting next_dagrun for update_db to 2026-09-04 15:00:00+00:00, run_after=2026-09-05 15:00:00+00:00
[2026-09-03T18:08:09.992+0000] {processor.py:183} INFO - Processing /opt/airflow/dags/main.py took 20.041 seconds
[2026-09-03T18:08:42.226+0000] {processor.py:161} INFO - Started process (PID=1718) to work on /opt/airflow/dags/main.py
[2026-09-03T18:08:42.244+0000] {processor.py:830} INFO - Processing file /opt/airflow/dags/main.py for tasks to queue
[2026-09-03T18:08:42.258+0000] {logging_mixin.py:188} INFO - [2026-09-03T18:08:42.253+0000] {dagbag.py:545} INFO - Filling up the DagBag from /opt/airflow/dags/main.py
[2026-09-03T18:08:43.575+0000] {logging_mixin.py:188} INFO - channel id is not executed
[2026-09-03T18:08:46.442+0000] {processor.py:840} INFO - DAG(s) 'update_db', 'produce_json' retrieved from /opt/airflow/dags/main.py
[2026-09-03T18:09:18.399+0000] {processor.py:186} ERROR - Got an exception! Propagating...
Traceback (most recent call last):
  File "/home/airflow/.local/lib/python3.10/site-packages/sqlalchemy/engine/base.py", line 3371, in _wrap_pool_connect
    return fn()
  File "/home/airflow/.local/lib/python3.10/site-packages/sqlalchemy/pool/base.py", line 327, in connect
    return _ConnectionFairy._checkout(self)
  File "/home/airflow/.local/lib/python3.10/site-packages/sqlalchemy/pool/base.py", line 894, in _checkout
    fairy = _ConnectionRecord.checkout(pool)
  File "/home/airflow/.local/lib/python3.10/site-packages/sqlalchemy/pool/base.py", line 493, in checkout
    rec = pool._do_get()
  File "/home/airflow/.local/lib/python3.10/site-packages/sqlalchemy/pool/impl.py", line 145, in _do_get
    with util.safe_reraise():
  File "/home/airflow/.local/lib/python3.10/site-packages/sqlalchemy/util/langhelpers.py", line 70, in __exit__
    compat.raise_(
  File "/home/airflow/.local/lib/python3.10/site-packages/sqlalchemy/util/compat.py", line 211, in raise_
    raise exception
  File "/home/airflow/.local/lib/python3.10/site-packages/sqlalchemy/pool/impl.py", line 143, in _do_get
    return self._create_connection()
  File "/home/airflow/.local/lib/python3.10/site-packages/sqlalchemy/pool/base.py", line 273, in _create_connection
    return _ConnectionRecord(self)
  File "/home/airflow/.local/lib/python3.10/site-packages/sqlalchemy/pool/base.py", line 388, in __init__
    self.__connect()
  File "/home/airflow/.local/lib/python3.10/site-packages/sqlalchemy/pool/base.py", line 690, in __connect
    with util.safe_reraise():
  File "/home/airflow/.local/lib/python3.10/site-packages/sqlalchemy/util/langhelpers.py", line 70, in __exit__
    compat.raise_(
  File "/home/airflow/.local/lib/python3.10/site-packages/sqlalchemy/util/compat.py", line 211, in raise_
    raise exception
  File "/home/airflow/.local/lib/python3.10/site-packages/sqlalchemy/pool/base.py", line 686, in __connect
    self.dbapi_connection = connection = pool._invoke_creator(self)
  File "/home/airflow/.local/lib/python3.10/site-packages/sqlalchemy/engine/create.py", line 574, in connect
    return dialect.connect(*cargs, **cparams)
  File "/home/airflow/.local/lib/python3.10/site-packages/sqlalchemy/engine/default.py", line 598, in connect
    return self.dbapi.connect(*cargs, **cparams)
  File "/home/airflow/.local/lib/python3.10/site-packages/psycopg2/__init__.py", line 122, in connect
    conn = _connect(dsn, connection_factory=connection_factory, **kwasync)
psycopg2.OperationalError: could not translate host name "postgres" to address: Temporary failure in name resolution


The above exception was the direct cause of the following exception:

Traceback (most recent call last):
  File "/home/airflow/.local/lib/python3.10/site-packages/airflow/dag_processing/processor.py", line 182, in _run_file_processor
    _handle_dag_file_processing()
  File "/home/airflow/.local/lib/python3.10/site-packages/airflow/dag_processing/processor.py", line 163, in _handle_dag_file_processing
    result: tuple[int, int] = dag_file_processor.process_file(
  File "/home/airflow/.local/lib/python3.10/site-packages/airflow/utils/session.py", line 79, in wrapper
    return func(*args, session=session, **kwargs)
  File "/home/airflow/.local/lib/python3.10/site-packages/airflow/dag_processing/processor.py", line 859, in process_file
    serialize_errors = DagFileProcessor.save_dag_to_db(
  File "/home/airflow/.local/lib/python3.10/site-packages/airflow/api_internal/internal_api_call.py", line 115, in wrapper
    return func(*args, **kwargs)
  File "/home/airflow/.local/lib/python3.10/site-packages/airflow/utils/session.py", line 79, in wrapper
    return func(*args, session=session, **kwargs)
  File "/home/airflow/.local/lib/python3.10/site-packages/airflow/dag_processing/processor.py", line 895, in save_dag_to_db
    import_errors = DagBag._sync_to_db(dags=dags, processor_subdir=dag_directory, session=session)
  File "/home/airflow/.local/lib/python3.10/site-packages/airflow/utils/session.py", line 76, in wrapper
    return func(*args, **kwargs)
  File "/home/airflow/.local/lib/python3.10/site-packages/airflow/models/dagbag.py", line 664, in _sync_to_db
    for attempt in run_with_db_retries(logger=log):
  File "/home/airflow/.local/lib/python3.10/site-packages/tenacity/__init__.py", line 435, in __iter__
    do = self.iter(retry_state=retry_state)
  File "/home/airflow/.local/lib/python3.10/site-packages/tenacity/__init__.py", line 368, in iter
    result = action(retry_state)
  File "/home/airflow/.local/lib/python3.10/site-packages/tenacity/__init__.py", line 410, in exc_check
    raise retry_exc.reraise()
  File "/home/airflow/.local/lib/python3.10/site-packages/tenacity/__init__.py", line 183, in reraise
    raise self.last_attempt.result()
  File "/usr/local/lib/python3.10/concurrent/futures/_base.py", line 451, in result
    return self.__get_result()
  File "/usr/local/lib/python3.10/concurrent/futures/_base.py", line 403, in __get_result
    raise self._exception
  File "/home/airflow/.local/lib/python3.10/site-packages/airflow/models/dagbag.py", line 677, in _sync_to_db
    _serialize_dag_capturing_errors(dag, session, processor_subdir)
  File "/home/airflow/.local/lib/python3.10/site-packages/airflow/models/dagbag.py", line 642, in _serialize_dag_capturing_errors
    dag_was_updated = SerializedDagModel.write_dag(
  File "/home/airflow/.local/lib/python3.10/site-packages/airflow/utils/session.py", line 76, in wrapper
    return func(*args, **kwargs)
  File "/home/airflow/.local/lib/python3.10/site-packages/airflow/models/serialized_dag.py", line 158, in write_dag
    if session.scalar(
  File "/home/airflow/.local/lib/python3.10/site-packages/sqlalchemy/orm/session.py", line 1747, in scalar
    return self.execute(
  File "/home/airflow/.local/lib/python3.10/site-packages/sqlalchemy/orm/session.py", line 1716, in execute
    conn = self._connection_for_bind(bind)
  File "/home/airflow/.local/lib/python3.10/site-packages/sqlalchemy/orm/session.py", line 1555, in _connection_for_bind
    return self._transaction._connection_for_bind(
  File "/home/airflow/.local/lib/python3.10/site-packages/sqlalchemy/orm/session.py", line 750, in _connection_for_bind
    conn = bind.connect()
  File "/home/airflow/.local/lib/python3.10/site-packages/sqlalchemy/future/engine.py", line 412, in connect
    return super(Engine, self).connect()
  File "/home/airflow/.local/lib/python3.10/site-packages/sqlalchemy/engine/base.py", line 3325, in connect
    return self._connection_cls(self, close_with_result=close_with_result)
  File "/home/airflow/.local/lib/python3.10/site-packages/sqlalchemy/engine/base.py", line 96, in __init__
    else engine.raw_connection()
  File "/home/airflow/.local/lib/python3.10/site-packages/sqlalchemy/engine/base.py", line 3404, in raw_connection
    return self._wrap_pool_connect(self.pool.connect, _connection)
  File "/home/airflow/.local/lib/python3.10/site-packages/sqlalchemy/engine/base.py", line 3374, in _wrap_pool_connect
    Connection._handle_dbapi_exception_noconnection(
  File "/home/airflow/.local/lib/python3.10/site-packages/sqlalchemy/engine/base.py", line 2208, in _handle_dbapi_exception_noconnection
    util.raise_(
  File "/home/airflow/.local/lib/python3.10/site-packages/sqlalchemy/util/compat.py", line 211, in raise_
    raise exception
  File "/home/airflow/.local/lib/python3.10/site-packages/sqlalchemy/engine/base.py", line 3371, in _wrap_pool_connect
    return fn()
  File "/home/airflow/.local/lib/python3.10/site-packages/sqlalchemy/pool/base.py", line 327, in connect
    return _ConnectionFairy._checkout(self)
  File "/home/airflow/.local/lib/python3.10/site-packages/sqlalchemy/pool/base.py", line 894, in _checkout
    fairy = _ConnectionRecord.checkout(pool)
  File "/home/airflow/.local/lib/python3.10/site-packages/sqlalchemy/pool/base.py", line 493, in checkout
    rec = pool._do_get()
  File "/home/airflow/.local/lib/python3.10/site-packages/sqlalchemy/pool/impl.py", line 145, in _do_get
    with util.safe_reraise():
  File "/home/airflow/.local/lib/python3.10/site-packages/sqlalchemy/util/langhelpers.py", line 70, in __exit__
    compat.raise_(
  File "/home/airflow/.local/lib/python3.10/site-packages/sqlalchemy/util/compat.py", line 211, in raise_
    raise exception
  File "/home/airflow/.local/lib/python3.10/site-packages/sqlalchemy/pool/impl.py", line 143, in _do_get
    return self._create_connection()
  File "/home/airflow/.local/lib/python3.10/site-packages/sqlalchemy/pool/base.py", line 273, in _create_connection
    return _ConnectionRecord(self)
  File "/home/airflow/.local/lib/python3.10/site-packages/sqlalchemy/pool/base.py", line 388, in __init__
    self.__connect()
  File "/home/airflow/.local/lib/python3.10/site-packages/sqlalchemy/pool/base.py", line 690, in __connect
    with util.safe_reraise():
  File "/home/airflow/.local/lib/python3.10/site-packages/sqlalchemy/util/langhelpers.py", line 70, in __exit__
    compat.raise_(
  File "/home/airflow/.local/lib/python3.10/site-packages/sqlalchemy/util/compat.py", line 211, in raise_
    raise exception
  File "/home/airflow/.local/lib/python3.10/site-packages/sqlalchemy/pool/base.py", line 686, in __connect
    self.dbapi_connection = connection = pool._invoke_creator(self)
  File "/home/airflow/.local/lib/python3.10/site-packages/sqlalchemy/engine/create.py", line 574, in connect
    return dialect.connect(*cargs, **cparams)
  File "/home/airflow/.local/lib/python3.10/site-packages/sqlalchemy/engine/default.py", line 598, in connect
    return self.dbapi.connect(*cargs, **cparams)
  File "/home/airflow/.local/lib/python3.10/site-packages/psycopg2/__init__.py", line 122, in connect
    conn = _connect(dsn, connection_factory=connection_factory, **kwasync)
sqlalchemy.exc.OperationalError: (psycopg2.OperationalError) could not translate host name "postgres" to address: Temporary failure in name resolution

(Background on this error at: https://sqlalche.me/e/14/e3q8)
[2026-09-03T18:09:49.756+0000] {processor.py:161} INFO - Started process (PID=1719) to work on /opt/airflow/dags/main.py
[2026-09-03T18:09:49.775+0000] {processor.py:830} INFO - Processing file /opt/airflow/dags/main.py for tasks to queue
[2026-09-03T18:09:49.826+0000] {logging_mixin.py:188} INFO - [2026-09-03T18:09:49.823+0000] {dagbag.py:545} INFO - Filling up the DagBag from /opt/airflow/dags/main.py
[2026-09-03T18:09:50.852+0000] {logging_mixin.py:188} INFO - channel id is not executed
[2026-09-03T18:09:54.908+0000] {processor.py:840} INFO - DAG(s) 'update_db', 'produce_json' retrieved from /opt/airflow/dags/main.py
[2026-09-03T18:10:26.511+0000] {processor.py:186} ERROR - Got an exception! Propagating...
Traceback (most recent call last):
  File "/home/airflow/.local/lib/python3.10/site-packages/sqlalchemy/engine/base.py", line 3371, in _wrap_pool_connect
    return fn()
  File "/home/airflow/.local/lib/python3.10/site-packages/sqlalchemy/pool/base.py", line 327, in connect
    return _ConnectionFairy._checkout(self)
  File "/home/airflow/.local/lib/python3.10/site-packages/sqlalchemy/pool/base.py", line 894, in _checkout
    fairy = _ConnectionRecord.checkout(pool)
  File "/home/airflow/.local/lib/python3.10/site-packages/sqlalchemy/pool/base.py", line 493, in checkout
    rec = pool._do_get()
  File "/home/airflow/.local/lib/python3.10/site-packages/sqlalchemy/pool/impl.py", line 145, in _do_get
    with util.safe_reraise():
  File "/home/airflow/.local/lib/python3.10/site-packages/sqlalchemy/util/langhelpers.py", line 70, in __exit__
    compat.raise_(
  File "/home/airflow/.local/lib/python3.10/site-packages/sqlalchemy/util/compat.py", line 211, in raise_
    raise exception
  File "/home/airflow/.local/lib/python3.10/site-packages/sqlalchemy/pool/impl.py", line 143, in _do_get
    return self._create_connection()
  File "/home/airflow/.local/lib/python3.10/site-packages/sqlalchemy/pool/base.py", line 273, in _create_connection
    return _ConnectionRecord(self)
  File "/home/airflow/.local/lib/python3.10/site-packages/sqlalchemy/pool/base.py", line 388, in __init__
    self.__connect()
  File "/home/airflow/.local/lib/python3.10/site-packages/sqlalchemy/pool/base.py", line 690, in __connect
    with util.safe_reraise():
  File "/home/airflow/.local/lib/python3.10/site-packages/sqlalchemy/util/langhelpers.py", line 70, in __exit__
    compat.raise_(
  File "/home/airflow/.local/lib/python3.10/site-packages/sqlalchemy/util/compat.py", line 211, in raise_
    raise exception
  File "/home/airflow/.local/lib/python3.10/site-packages/sqlalchemy/pool/base.py", line 686, in __connect
    self.dbapi_connection = connection = pool._invoke_creator(self)
  File "/home/airflow/.local/lib/python3.10/site-packages/sqlalchemy/engine/create.py", line 574, in connect
    return dialect.connect(*cargs, **cparams)
  File "/home/airflow/.local/lib/python3.10/site-packages/sqlalchemy/engine/default.py", line 598, in connect
    return self.dbapi.connect(*cargs, **cparams)
  File "/home/airflow/.local/lib/python3.10/site-packages/psycopg2/__init__.py", line 122, in connect
    conn = _connect(dsn, connection_factory=connection_factory, **kwasync)
psycopg2.OperationalError: could not translate host name "postgres" to address: Temporary failure in name resolution


The above exception was the direct cause of the following exception:

Traceback (most recent call last):
  File "/home/airflow/.local/lib/python3.10/site-packages/airflow/dag_processing/processor.py", line 182, in _run_file_processor
    _handle_dag_file_processing()
  File "/home/airflow/.local/lib/python3.10/site-packages/airflow/dag_processing/processor.py", line 163, in _handle_dag_file_processing
    result: tuple[int, int] = dag_file_processor.process_file(
  File "/home/airflow/.local/lib/python3.10/site-packages/airflow/utils/session.py", line 79, in wrapper
    return func(*args, session=session, **kwargs)
  File "/home/airflow/.local/lib/python3.10/site-packages/airflow/dag_processing/processor.py", line 859, in process_file
    serialize_errors = DagFileProcessor.save_dag_to_db(
  File "/home/airflow/.local/lib/python3.10/site-packages/airflow/api_internal/internal_api_call.py", line 115, in wrapper
    return func(*args, **kwargs)
  File "/home/airflow/.local/lib/python3.10/site-packages/airflow/utils/session.py", line 79, in wrapper
    return func(*args, session=session, **kwargs)
  File "/home/airflow/.local/lib/python3.10/site-packages/airflow/dag_processing/processor.py", line 895, in save_dag_to_db
    import_errors = DagBag._sync_to_db(dags=dags, processor_subdir=dag_directory, session=session)
  File "/home/airflow/.local/lib/python3.10/site-packages/airflow/utils/session.py", line 76, in wrapper
    return func(*args, **kwargs)
  File "/home/airflow/.local/lib/python3.10/site-packages/airflow/models/dagbag.py", line 664, in _sync_to_db
    for attempt in run_with_db_retries(logger=log):
  File "/home/airflow/.local/lib/python3.10/site-packages/tenacity/__init__.py", line 435, in __iter__
    do = self.iter(retry_state=retry_state)
  File "/home/airflow/.local/lib/python3.10/site-packages/tenacity/__init__.py", line 368, in iter
    result = action(retry_state)
  File "/home/airflow/.local/lib/python3.10/site-packages/tenacity/__init__.py", line 410, in exc_check
    raise retry_exc.reraise()
  File "/home/airflow/.local/lib/python3.10/site-packages/tenacity/__init__.py", line 183, in reraise
    raise self.last_attempt.result()
  File "/usr/local/lib/python3.10/concurrent/futures/_base.py", line 451, in result
    return self.__get_result()
  File "/usr/local/lib/python3.10/concurrent/futures/_base.py", line 403, in __get_result
    raise self._exception
  File "/home/airflow/.local/lib/python3.10/site-packages/airflow/models/dagbag.py", line 677, in _sync_to_db
    _serialize_dag_capturing_errors(dag, session, processor_subdir)
  File "/home/airflow/.local/lib/python3.10/site-packages/airflow/models/dagbag.py", line 642, in _serialize_dag_capturing_errors
    dag_was_updated = SerializedDagModel.write_dag(
  File "/home/airflow/.local/lib/python3.10/site-packages/airflow/utils/session.py", line 76, in wrapper
    return func(*args, **kwargs)
  File "/home/airflow/.local/lib/python3.10/site-packages/airflow/models/serialized_dag.py", line 158, in write_dag
    if session.scalar(
  File "/home/airflow/.local/lib/python3.10/site-packages/sqlalchemy/orm/session.py", line 1747, in scalar
    return self.execute(
  File "/home/airflow/.local/lib/python3.10/site-packages/sqlalchemy/orm/session.py", line 1716, in execute
    conn = self._connection_for_bind(bind)
  File "/home/airflow/.local/lib/python3.10/site-packages/sqlalchemy/orm/session.py", line 1555, in _connection_for_bind
    return self._transaction._connection_for_bind(
  File "/home/airflow/.local/lib/python3.10/site-packages/sqlalchemy/orm/session.py", line 750, in _connection_for_bind
    conn = bind.connect()
  File "/home/airflow/.local/lib/python3.10/site-packages/sqlalchemy/future/engine.py", line 412, in connect
    return super(Engine, self).connect()
  File "/home/airflow/.local/lib/python3.10/site-packages/sqlalchemy/engine/base.py", line 3325, in connect
    return self._connection_cls(self, close_with_result=close_with_result)
  File "/home/airflow/.local/lib/python3.10/site-packages/sqlalchemy/engine/base.py", line 96, in __init__
    else engine.raw_connection()
  File "/home/airflow/.local/lib/python3.10/site-packages/sqlalchemy/engine/base.py", line 3404, in raw_connection
    return self._wrap_pool_connect(self.pool.connect, _connection)
  File "/home/airflow/.local/lib/python3.10/site-packages/sqlalchemy/engine/base.py", line 3374, in _wrap_pool_connect
    Connection._handle_dbapi_exception_noconnection(
  File "/home/airflow/.local/lib/python3.10/site-packages/sqlalchemy/engine/base.py", line 2208, in _handle_dbapi_exception_noconnection
    util.raise_(
  File "/home/airflow/.local/lib/python3.10/site-packages/sqlalchemy/util/compat.py", line 211, in raise_
    raise exception
  File "/home/airflow/.local/lib/python3.10/site-packages/sqlalchemy/engine/base.py", line 3371, in _wrap_pool_connect
    return fn()
  File "/home/airflow/.local/lib/python3.10/site-packages/sqlalchemy/pool/base.py", line 327, in connect
    return _ConnectionFairy._checkout(self)
  File "/home/airflow/.local/lib/python3.10/site-packages/sqlalchemy/pool/base.py", line 894, in _checkout
    fairy = _ConnectionRecord.checkout(pool)
  File "/home/airflow/.local/lib/python3.10/site-packages/sqlalchemy/pool/base.py", line 493, in checkout
    rec = pool._do_get()
  File "/home/airflow/.local/lib/python3.10/site-packages/sqlalchemy/pool/impl.py", line 145, in _do_get
    with util.safe_reraise():
  File "/home/airflow/.local/lib/python3.10/site-packages/sqlalchemy/util/langhelpers.py", line 70, in __exit__
    compat.raise_(
  File "/home/airflow/.local/lib/python3.10/site-packages/sqlalchemy/util/compat.py", line 211, in raise_
    raise exception
  File "/home/airflow/.local/lib/python3.10/site-packages/sqlalchemy/pool/impl.py", line 143, in _do_get
    return self._create_connection()
  File "/home/airflow/.local/lib/python3.10/site-packages/sqlalchemy/pool/base.py", line 273, in _create_connection
    return _ConnectionRecord(self)
  File "/home/airflow/.local/lib/python3.10/site-packages/sqlalchemy/pool/base.py", line 388, in __init__
    self.__connect()
  File "/home/airflow/.local/lib/python3.10/site-packages/sqlalchemy/pool/base.py", line 690, in __connect
    with util.safe_reraise():
  File "/home/airflow/.local/lib/python3.10/site-packages/sqlalchemy/util/langhelpers.py", line 70, in __exit__
    compat.raise_(
  File "/home/airflow/.local/lib/python3.10/site-packages/sqlalchemy/util/compat.py", line 211, in raise_
    raise exception
  File "/home/airflow/.local/lib/python3.10/site-packages/sqlalchemy/pool/base.py", line 686, in __connect
    self.dbapi_connection = connection = pool._invoke_creator(self)
  File "/home/airflow/.local/lib/python3.10/site-packages/sqlalchemy/engine/create.py", line 574, in connect
    return dialect.connect(*cargs, **cparams)
  File "/home/airflow/.local/lib/python3.10/site-packages/sqlalchemy/engine/default.py", line 598, in connect
    return self.dbapi.connect(*cargs, **cparams)
  File "/home/airflow/.local/lib/python3.10/site-packages/psycopg2/__init__.py", line 122, in connect
    conn = _connect(dsn, connection_factory=connection_factory, **kwasync)
sqlalchemy.exc.OperationalError: (psycopg2.OperationalError) could not translate host name "postgres" to address: Temporary failure in name resolution

(Background on this error at: https://sqlalche.me/e/14/e3q8)
[2026-09-03T18:10:58.252+0000] {processor.py:161} INFO - Started process (PID=1720) to work on /opt/airflow/dags/main.py
[2026-09-03T18:10:58.259+0000] {processor.py:830} INFO - Processing file /opt/airflow/dags/main.py for tasks to queue
[2026-09-03T18:10:58.334+0000] {logging_mixin.py:188} INFO - [2026-09-03T18:10:58.304+0000] {dagbag.py:545} INFO - Filling up the DagBag from /opt/airflow/dags/main.py
[2026-09-03T18:10:59.652+0000] {logging_mixin.py:188} INFO - channel id is not executed
[2026-09-03T18:11:03.404+0000] {processor.py:840} INFO - DAG(s) 'update_db', 'produce_json' retrieved from /opt/airflow/dags/main.py
[2026-09-03T18:11:35.237+0000] {processor.py:186} ERROR - Got an exception! Propagating...
Traceback (most recent call last):
  File "/home/airflow/.local/lib/python3.10/site-packages/sqlalchemy/engine/base.py", line 3371, in _wrap_pool_connect
    return fn()
  File "/home/airflow/.local/lib/python3.10/site-packages/sqlalchemy/pool/base.py", line 327, in connect
    return _ConnectionFairy._checkout(self)
  File "/home/airflow/.local/lib/python3.10/site-packages/sqlalchemy/pool/base.py", line 894, in _checkout
    fairy = _ConnectionRecord.checkout(pool)
  File "/home/airflow/.local/lib/python3.10/site-packages/sqlalchemy/pool/base.py", line 493, in checkout
    rec = pool._do_get()
  File "/home/airflow/.local/lib/python3.10/site-packages/sqlalchemy/pool/impl.py", line 145, in _do_get
    with util.safe_reraise():
  File "/home/airflow/.local/lib/python3.10/site-packages/sqlalchemy/util/langhelpers.py", line 70, in __exit__
    compat.raise_(
  File "/home/airflow/.local/lib/python3.10/site-packages/sqlalchemy/util/compat.py", line 211, in raise_
    raise exception
  File "/home/airflow/.local/lib/python3.10/site-packages/sqlalchemy/pool/impl.py", line 143, in _do_get
    return self._create_connection()
  File "/home/airflow/.local/lib/python3.10/site-packages/sqlalchemy/pool/base.py", line 273, in _create_connection
    return _ConnectionRecord(self)
  File "/home/airflow/.local/lib/python3.10/site-packages/sqlalchemy/pool/base.py", line 388, in __init__
    self.__connect()
  File "/home/airflow/.local/lib/python3.10/site-packages/sqlalchemy/pool/base.py", line 690, in __connect
    with util.safe_reraise():
  File "/home/airflow/.local/lib/python3.10/site-packages/sqlalchemy/util/langhelpers.py", line 70, in __exit__
    compat.raise_(
  File "/home/airflow/.local/lib/python3.10/site-packages/sqlalchemy/util/compat.py", line 211, in raise_
    raise exception
  File "/home/airflow/.local/lib/python3.10/site-packages/sqlalchemy/pool/base.py", line 686, in __connect
    self.dbapi_connection = connection = pool._invoke_creator(self)
  File "/home/airflow/.local/lib/python3.10/site-packages/sqlalchemy/engine/create.py", line 574, in connect
    return dialect.connect(*cargs, **cparams)
  File "/home/airflow/.local/lib/python3.10/site-packages/sqlalchemy/engine/default.py", line 598, in connect
    return self.dbapi.connect(*cargs, **cparams)
  File "/home/airflow/.local/lib/python3.10/site-packages/psycopg2/__init__.py", line 122, in connect
    conn = _connect(dsn, connection_factory=connection_factory, **kwasync)
psycopg2.OperationalError: could not translate host name "postgres" to address: Temporary failure in name resolution


The above exception was the direct cause of the following exception:

Traceback (most recent call last):
  File "/home/airflow/.local/lib/python3.10/site-packages/airflow/dag_processing/processor.py", line 182, in _run_file_processor
    _handle_dag_file_processing()
  File "/home/airflow/.local/lib/python3.10/site-packages/airflow/dag_processing/processor.py", line 163, in _handle_dag_file_processing
    result: tuple[int, int] = dag_file_processor.process_file(
  File "/home/airflow/.local/lib/python3.10/site-packages/airflow/utils/session.py", line 79, in wrapper
    return func(*args, session=session, **kwargs)
  File "/home/airflow/.local/lib/python3.10/site-packages/airflow/dag_processing/processor.py", line 859, in process_file
    serialize_errors = DagFileProcessor.save_dag_to_db(
  File "/home/airflow/.local/lib/python3.10/site-packages/airflow/api_internal/internal_api_call.py", line 115, in wrapper
    return func(*args, **kwargs)
  File "/home/airflow/.local/lib/python3.10/site-packages/airflow/utils/session.py", line 79, in wrapper
    return func(*args, session=session, **kwargs)
  File "/home/airflow/.local/lib/python3.10/site-packages/airflow/dag_processing/processor.py", line 895, in save_dag_to_db
    import_errors = DagBag._sync_to_db(dags=dags, processor_subdir=dag_directory, session=session)
  File "/home/airflow/.local/lib/python3.10/site-packages/airflow/utils/session.py", line 76, in wrapper
    return func(*args, **kwargs)
  File "/home/airflow/.local/lib/python3.10/site-packages/airflow/models/dagbag.py", line 664, in _sync_to_db
    for attempt in run_with_db_retries(logger=log):
  File "/home/airflow/.local/lib/python3.10/site-packages/tenacity/__init__.py", line 435, in __iter__
    do = self.iter(retry_state=retry_state)
  File "/home/airflow/.local/lib/python3.10/site-packages/tenacity/__init__.py", line 368, in iter
    result = action(retry_state)
  File "/home/airflow/.local/lib/python3.10/site-packages/tenacity/__init__.py", line 410, in exc_check
    raise retry_exc.reraise()
  File "/home/airflow/.local/lib/python3.10/site-packages/tenacity/__init__.py", line 183, in reraise
    raise self.last_attempt.result()
  File "/usr/local/lib/python3.10/concurrent/futures/_base.py", line 451, in result
    return self.__get_result()
  File "/usr/local/lib/python3.10/concurrent/futures/_base.py", line 403, in __get_result
    raise self._exception
  File "/home/airflow/.local/lib/python3.10/site-packages/airflow/models/dagbag.py", line 677, in _sync_to_db
    _serialize_dag_capturing_errors(dag, session, processor_subdir)
  File "/home/airflow/.local/lib/python3.10/site-packages/airflow/models/dagbag.py", line 642, in _serialize_dag_capturing_errors
    dag_was_updated = SerializedDagModel.write_dag(
  File "/home/airflow/.local/lib/python3.10/site-packages/airflow/utils/session.py", line 76, in wrapper
    return func(*args, **kwargs)
  File "/home/airflow/.local/lib/python3.10/site-packages/airflow/models/serialized_dag.py", line 158, in write_dag
    if session.scalar(
  File "/home/airflow/.local/lib/python3.10/site-packages/sqlalchemy/orm/session.py", line 1747, in scalar
    return self.execute(
  File "/home/airflow/.local/lib/python3.10/site-packages/sqlalchemy/orm/session.py", line 1716, in execute
    conn = self._connection_for_bind(bind)
  File "/home/airflow/.local/lib/python3.10/site-packages/sqlalchemy/orm/session.py", line 1555, in _connection_for_bind
    return self._transaction._connection_for_bind(
  File "/home/airflow/.local/lib/python3.10/site-packages/sqlalchemy/orm/session.py", line 750, in _connection_for_bind
    conn = bind.connect()
  File "/home/airflow/.local/lib/python3.10/site-packages/sqlalchemy/future/engine.py", line 412, in connect
    return super(Engine, self).connect()
  File "/home/airflow/.local/lib/python3.10/site-packages/sqlalchemy/engine/base.py", line 3325, in connect
    return self._connection_cls(self, close_with_result=close_with_result)
  File "/home/airflow/.local/lib/python3.10/site-packages/sqlalchemy/engine/base.py", line 96, in __init__
    else engine.raw_connection()
  File "/home/airflow/.local/lib/python3.10/site-packages/sqlalchemy/engine/base.py", line 3404, in raw_connection
    return self._wrap_pool_connect(self.pool.connect, _connection)
  File "/home/airflow/.local/lib/python3.10/site-packages/sqlalchemy/engine/base.py", line 3374, in _wrap_pool_connect
    Connection._handle_dbapi_exception_noconnection(
  File "/home/airflow/.local/lib/python3.10/site-packages/sqlalchemy/engine/base.py", line 2208, in _handle_dbapi_exception_noconnection
    util.raise_(
  File "/home/airflow/.local/lib/python3.10/site-packages/sqlalchemy/util/compat.py", line 211, in raise_
    raise exception
  File "/home/airflow/.local/lib/python3.10/site-packages/sqlalchemy/engine/base.py", line 3371, in _wrap_pool_connect
    return fn()
  File "/home/airflow/.local/lib/python3.10/site-packages/sqlalchemy/pool/base.py", line 327, in connect
    return _ConnectionFairy._checkout(self)
  File "/home/airflow/.local/lib/python3.10/site-packages/sqlalchemy/pool/base.py", line 894, in _checkout
    fairy = _ConnectionRecord.checkout(pool)
  File "/home/airflow/.local/lib/python3.10/site-packages/sqlalchemy/pool/base.py", line 493, in checkout
    rec = pool._do_get()
  File "/home/airflow/.local/lib/python3.10/site-packages/sqlalchemy/pool/impl.py", line 145, in _do_get
    with util.safe_reraise():
  File "/home/airflow/.local/lib/python3.10/site-packages/sqlalchemy/util/langhelpers.py", line 70, in __exit__
    compat.raise_(
  File "/home/airflow/.local/lib/python3.10/site-packages/sqlalchemy/util/compat.py", line 211, in raise_
    raise exception
  File "/home/airflow/.local/lib/python3.10/site-packages/sqlalchemy/pool/impl.py", line 143, in _do_get
    return self._create_connection()
  File "/home/airflow/.local/lib/python3.10/site-packages/sqlalchemy/pool/base.py", line 273, in _create_connection
    return _ConnectionRecord(self)
  File "/home/airflow/.local/lib/python3.10/site-packages/sqlalchemy/pool/base.py", line 388, in __init__
    self.__connect()
  File "/home/airflow/.local/lib/python3.10/site-packages/sqlalchemy/pool/base.py", line 690, in __connect
    with util.safe_reraise():
  File "/home/airflow/.local/lib/python3.10/site-packages/sqlalchemy/util/langhelpers.py", line 70, in __exit__
    compat.raise_(
  File "/home/airflow/.local/lib/python3.10/site-packages/sqlalchemy/util/compat.py", line 211, in raise_
    raise exception
  File "/home/airflow/.local/lib/python3.10/site-packages/sqlalchemy/pool/base.py", line 686, in __connect
    self.dbapi_connection = connection = pool._invoke_creator(self)
  File "/home/airflow/.local/lib/python3.10/site-packages/sqlalchemy/engine/create.py", line 574, in connect
    return dialect.connect(*cargs, **cparams)
  File "/home/airflow/.local/lib/python3.10/site-packages/sqlalchemy/engine/default.py", line 598, in connect
    return self.dbapi.connect(*cargs, **cparams)
  File "/home/airflow/.local/lib/python3.10/site-packages/psycopg2/__init__.py", line 122, in connect
    conn = _connect(dsn, connection_factory=connection_factory, **kwasync)
sqlalchemy.exc.OperationalError: (psycopg2.OperationalError) could not translate host name "postgres" to address: Temporary failure in name resolution

(Background on this error at: https://sqlalche.me/e/14/e3q8)
[2026-09-03T18:12:06.812+0000] {processor.py:161} INFO - Started process (PID=1721) to work on /opt/airflow/dags/main.py
[2026-09-03T18:12:06.823+0000] {processor.py:830} INFO - Processing file /opt/airflow/dags/main.py for tasks to queue
[2026-09-03T18:12:06.835+0000] {logging_mixin.py:188} INFO - [2026-09-03T18:12:06.828+0000] {dagbag.py:545} INFO - Filling up the DagBag from /opt/airflow/dags/main.py
[2026-09-03T18:12:07.558+0000] {logging_mixin.py:188} INFO - channel id is not executed
[2026-09-03T18:12:08.505+0000] {processor.py:840} INFO - DAG(s) 'produce_json', 'update_db' retrieved from /opt/airflow/dags/main.py
[2026-09-03T18:12:40.102+0000] {processor.py:186} ERROR - Got an exception! Propagating...
Traceback (most recent call last):
  File "/home/airflow/.local/lib/python3.10/site-packages/sqlalchemy/engine/base.py", line 3371, in _wrap_pool_connect
    return fn()
  File "/home/airflow/.local/lib/python3.10/site-packages/sqlalchemy/pool/base.py", line 327, in connect
    return _ConnectionFairy._checkout(self)
  File "/home/airflow/.local/lib/python3.10/site-packages/sqlalchemy/pool/base.py", line 894, in _checkout
    fairy = _ConnectionRecord.checkout(pool)
  File "/home/airflow/.local/lib/python3.10/site-packages/sqlalchemy/pool/base.py", line 493, in checkout
    rec = pool._do_get()
  File "/home/airflow/.local/lib/python3.10/site-packages/sqlalchemy/pool/impl.py", line 145, in _do_get
    with util.safe_reraise():
  File "/home/airflow/.local/lib/python3.10/site-packages/sqlalchemy/util/langhelpers.py", line 70, in __exit__
    compat.raise_(
  File "/home/airflow/.local/lib/python3.10/site-packages/sqlalchemy/util/compat.py", line 211, in raise_
    raise exception
  File "/home/airflow/.local/lib/python3.10/site-packages/sqlalchemy/pool/impl.py", line 143, in _do_get
    return self._create_connection()
  File "/home/airflow/.local/lib/python3.10/site-packages/sqlalchemy/pool/base.py", line 273, in _create_connection
    return _ConnectionRecord(self)
  File "/home/airflow/.local/lib/python3.10/site-packages/sqlalchemy/pool/base.py", line 388, in __init__
    self.__connect()
  File "/home/airflow/.local/lib/python3.10/site-packages/sqlalchemy/pool/base.py", line 690, in __connect
    with util.safe_reraise():
  File "/home/airflow/.local/lib/python3.10/site-packages/sqlalchemy/util/langhelpers.py", line 70, in __exit__
    compat.raise_(
  File "/home/airflow/.local/lib/python3.10/site-packages/sqlalchemy/util/compat.py", line 211, in raise_
    raise exception
  File "/home/airflow/.local/lib/python3.10/site-packages/sqlalchemy/pool/base.py", line 686, in __connect
    self.dbapi_connection = connection = pool._invoke_creator(self)
  File "/home/airflow/.local/lib/python3.10/site-packages/sqlalchemy/engine/create.py", line 574, in connect
    return dialect.connect(*cargs, **cparams)
  File "/home/airflow/.local/lib/python3.10/site-packages/sqlalchemy/engine/default.py", line 598, in connect
    return self.dbapi.connect(*cargs, **cparams)
  File "/home/airflow/.local/lib/python3.10/site-packages/psycopg2/__init__.py", line 122, in connect
    conn = _connect(dsn, connection_factory=connection_factory, **kwasync)
psycopg2.OperationalError: could not translate host name "postgres" to address: Temporary failure in name resolution


The above exception was the direct cause of the following exception:

Traceback (most recent call last):
  File "/home/airflow/.local/lib/python3.10/site-packages/airflow/dag_processing/processor.py", line 182, in _run_file_processor
    _handle_dag_file_processing()
  File "/home/airflow/.local/lib/python3.10/site-packages/airflow/dag_processing/processor.py", line 163, in _handle_dag_file_processing
    result: tuple[int, int] = dag_file_processor.process_file(
  File "/home/airflow/.local/lib/python3.10/site-packages/airflow/utils/session.py", line 79, in wrapper
    return func(*args, session=session, **kwargs)
  File "/home/airflow/.local/lib/python3.10/site-packages/airflow/dag_processing/processor.py", line 859, in process_file
    serialize_errors = DagFileProcessor.save_dag_to_db(
  File "/home/airflow/.local/lib/python3.10/site-packages/airflow/api_internal/internal_api_call.py", line 115, in wrapper
    return func(*args, **kwargs)
  File "/home/airflow/.local/lib/python3.10/site-packages/airflow/utils/session.py", line 79, in wrapper
    return func(*args, session=session, **kwargs)
  File "/home/airflow/.local/lib/python3.10/site-packages/airflow/dag_processing/processor.py", line 895, in save_dag_to_db
    import_errors = DagBag._sync_to_db(dags=dags, processor_subdir=dag_directory, session=session)
  File "/home/airflow/.local/lib/python3.10/site-packages/airflow/utils/session.py", line 76, in wrapper
    return func(*args, **kwargs)
  File "/home/airflow/.local/lib/python3.10/site-packages/airflow/models/dagbag.py", line 664, in _sync_to_db
    for attempt in run_with_db_retries(logger=log):
  File "/home/airflow/.local/lib/python3.10/site-packages/tenacity/__init__.py", line 435, in __iter__
    do = self.iter(retry_state=retry_state)
  File "/home/airflow/.local/lib/python3.10/site-packages/tenacity/__init__.py", line 368, in iter
    result = action(retry_state)
  File "/home/airflow/.local/lib/python3.10/site-packages/tenacity/__init__.py", line 410, in exc_check
    raise retry_exc.reraise()
  File "/home/airflow/.local/lib/python3.10/site-packages/tenacity/__init__.py", line 183, in reraise
    raise self.last_attempt.result()
  File "/usr/local/lib/python3.10/concurrent/futures/_base.py", line 451, in result
    return self.__get_result()
  File "/usr/local/lib/python3.10/concurrent/futures/_base.py", line 403, in __get_result
    raise self._exception
  File "/home/airflow/.local/lib/python3.10/site-packages/airflow/models/dagbag.py", line 677, in _sync_to_db
    _serialize_dag_capturing_errors(dag, session, processor_subdir)
  File "/home/airflow/.local/lib/python3.10/site-packages/airflow/models/dagbag.py", line 642, in _serialize_dag_capturing_errors
    dag_was_updated = SerializedDagModel.write_dag(
  File "/home/airflow/.local/lib/python3.10/site-packages/airflow/utils/session.py", line 76, in wrapper
    return func(*args, **kwargs)
  File "/home/airflow/.local/lib/python3.10/site-packages/airflow/models/serialized_dag.py", line 158, in write_dag
    if session.scalar(
  File "/home/airflow/.local/lib/python3.10/site-packages/sqlalchemy/orm/session.py", line 1747, in scalar
    return self.execute(
  File "/home/airflow/.local/lib/python3.10/site-packages/sqlalchemy/orm/session.py", line 1716, in execute
    conn = self._connection_for_bind(bind)
  File "/home/airflow/.local/lib/python3.10/site-packages/sqlalchemy/orm/session.py", line 1555, in _connection_for_bind
    return self._transaction._connection_for_bind(
  File "/home/airflow/.local/lib/python3.10/site-packages/sqlalchemy/orm/session.py", line 750, in _connection_for_bind
    conn = bind.connect()
  File "/home/airflow/.local/lib/python3.10/site-packages/sqlalchemy/future/engine.py", line 412, in connect
    return super(Engine, self).connect()
  File "/home/airflow/.local/lib/python3.10/site-packages/sqlalchemy/engine/base.py", line 3325, in connect
    return self._connection_cls(self, close_with_result=close_with_result)
  File "/home/airflow/.local/lib/python3.10/site-packages/sqlalchemy/engine/base.py", line 96, in __init__
    else engine.raw_connection()
  File "/home/airflow/.local/lib/python3.10/site-packages/sqlalchemy/engine/base.py", line 3404, in raw_connection
    return self._wrap_pool_connect(self.pool.connect, _connection)
  File "/home/airflow/.local/lib/python3.10/site-packages/sqlalchemy/engine/base.py", line 3374, in _wrap_pool_connect
    Connection._handle_dbapi_exception_noconnection(
  File "/home/airflow/.local/lib/python3.10/site-packages/sqlalchemy/engine/base.py", line 2208, in _handle_dbapi_exception_noconnection
    util.raise_(
  File "/home/airflow/.local/lib/python3.10/site-packages/sqlalchemy/util/compat.py", line 211, in raise_
    raise exception
  File "/home/airflow/.local/lib/python3.10/site-packages/sqlalchemy/engine/base.py", line 3371, in _wrap_pool_connect
    return fn()
  File "/home/airflow/.local/lib/python3.10/site-packages/sqlalchemy/pool/base.py", line 327, in connect
    return _ConnectionFairy._checkout(self)
  File "/home/airflow/.local/lib/python3.10/site-packages/sqlalchemy/pool/base.py", line 894, in _checkout
    fairy = _ConnectionRecord.checkout(pool)
  File "/home/airflow/.local/lib/python3.10/site-packages/sqlalchemy/pool/base.py", line 493, in checkout
    rec = pool._do_get()
  File "/home/airflow/.local/lib/python3.10/site-packages/sqlalchemy/pool/impl.py", line 145, in _do_get
    with util.safe_reraise():
  File "/home/airflow/.local/lib/python3.10/site-packages/sqlalchemy/util/langhelpers.py", line 70, in __exit__
    compat.raise_(
  File "/home/airflow/.local/lib/python3.10/site-packages/sqlalchemy/util/compat.py", line 211, in raise_
    raise exception
  File "/home/airflow/.local/lib/python3.10/site-packages/sqlalchemy/pool/impl.py", line 143, in _do_get
    return self._create_connection()
  File "/home/airflow/.local/lib/python3.10/site-packages/sqlalchemy/pool/base.py", line 273, in _create_connection
    return _ConnectionRecord(self)
  File "/home/airflow/.local/lib/python3.10/site-packages/sqlalchemy/pool/base.py", line 388, in __init__
    self.__connect()
  File "/home/airflow/.local/lib/python3.10/site-packages/sqlalchemy/pool/base.py", line 690, in __connect
    with util.safe_reraise():
  File "/home/airflow/.local/lib/python3.10/site-packages/sqlalchemy/util/langhelpers.py", line 70, in __exit__
    compat.raise_(
  File "/home/airflow/.local/lib/python3.10/site-packages/sqlalchemy/util/compat.py", line 211, in raise_
    raise exception
  File "/home/airflow/.local/lib/python3.10/site-packages/sqlalchemy/pool/base.py", line 686, in __connect
    self.dbapi_connection = connection = pool._invoke_creator(self)
  File "/home/airflow/.local/lib/python3.10/site-packages/sqlalchemy/engine/create.py", line 574, in connect
    return dialect.connect(*cargs, **cparams)
  File "/home/airflow/.local/lib/python3.10/site-packages/sqlalchemy/engine/default.py", line 598, in connect
    return self.dbapi.connect(*cargs, **cparams)
  File "/home/airflow/.local/lib/python3.10/site-packages/psycopg2/__init__.py", line 122, in connect
    conn = _connect(dsn, connection_factory=connection_factory, **kwasync)
sqlalchemy.exc.OperationalError: (psycopg2.OperationalError) could not translate host name "postgres" to address: Temporary failure in name resolution

(Background on this error at: https://sqlalche.me/e/14/e3q8)
[2026-09-03T18:13:12.268+0000] {processor.py:161} INFO - Started process (PID=1722) to work on /opt/airflow/dags/main.py
[2026-09-03T18:13:12.317+0000] {processor.py:830} INFO - Processing file /opt/airflow/dags/main.py for tasks to queue
[2026-09-03T18:13:12.333+0000] {logging_mixin.py:188} INFO - [2026-09-03T18:13:12.322+0000] {dagbag.py:545} INFO - Filling up the DagBag from /opt/airflow/dags/main.py
[2026-09-03T18:13:12.853+0000] {logging_mixin.py:188} INFO - [2026-09-03T18:13:12.574+0000] {dagbag.py:355} ERROR - Failed to import: /opt/airflow/dags/main.py
Traceback (most recent call last):
  File "/home/airflow/.local/lib/python3.10/site-packages/airflow/models/dagbag.py", line 351, in parse
    loader.exec_module(new_module)
  File "<frozen importlib._bootstrap_external>", line 883, in exec_module
  File "<frozen importlib._bootstrap>", line 241, in _call_with_frames_removed
  File "/opt/airflow/dags/main.py", line 5, in <module>
    from api.video import channel_playlist_id,get_video_id,extract_video_data,save_to_json
  File "<frozen importlib._bootstrap>", line 1027, in _find_and_load
  File "<frozen importlib._bootstrap>", line 1002, in _find_and_load_unlocked
  File "<frozen importlib._bootstrap>", line 945, in _find_spec
  File "<frozen importlib._bootstrap_external>", line 1439, in find_spec
  File "<frozen importlib._bootstrap_external>", line 1411, in _get_spec
  File "<frozen importlib._bootstrap_external>", line 1548, in find_spec
  File "<frozen importlib._bootstrap_external>", line 1591, in _fill_cache
OSError: [Errno 12] Cannot allocate memory: '/opt/airflow/dags/api'
[2026-09-03T18:13:12.867+0000] {processor.py:842} WARNING - No viable dags retrieved from /opt/airflow/dags/main.py
[2026-09-03T18:13:13.561+0000] {processor.py:183} INFO - Processing /opt/airflow/dags/main.py took 1.445 seconds
[2026-09-03T18:13:45.437+0000] {processor.py:161} INFO - Started process (PID=1729) to work on /opt/airflow/dags/main.py
[2026-09-03T18:13:45.503+0000] {processor.py:830} INFO - Processing file /opt/airflow/dags/main.py for tasks to queue
[2026-09-03T18:13:45.509+0000] {logging_mixin.py:188} INFO - [2026-09-03T18:13:45.506+0000] {dagbag.py:545} INFO - Filling up the DagBag from /opt/airflow/dags/main.py
[2026-09-03T18:13:46.982+0000] {logging_mixin.py:188} INFO - channel id is not executed
[2026-09-03T18:13:48.458+0000] {processor.py:840} INFO - DAG(s) 'update_db', 'produce_json' retrieved from /opt/airflow/dags/main.py
[2026-09-03T18:13:52.857+0000] {logging_mixin.py:188} INFO - [2026-09-03T18:13:52.722+0000] {dag.py:3096} INFO - Sync 2 DAGs
[2026-09-03T18:13:53.262+0000] {logging_mixin.py:188} INFO - [2026-09-03T18:13:53.144+0000] {dag.py:3954} INFO - Setting next_dagrun for produce_json to 2026-09-04 14:00:00+00:00, run_after=2026-09-05 14:00:00+00:00
[2026-09-03T18:13:53.456+0000] {logging_mixin.py:188} INFO - [2026-09-03T18:13:53.456+0000] {dag.py:3954} INFO - Setting next_dagrun for update_db to 2026-09-04 15:00:00+00:00, run_after=2026-09-05 15:00:00+00:00
[2026-09-03T18:13:54.546+0000] {processor.py:183} INFO - Processing /opt/airflow/dags/main.py took 9.208 seconds
[2026-09-03T18:14:25.560+0000] {processor.py:161} INFO - Started process (PID=1730) to work on /opt/airflow/dags/main.py
[2026-09-03T18:14:25.579+0000] {processor.py:830} INFO - Processing file /opt/airflow/dags/main.py for tasks to queue
[2026-09-03T18:14:25.608+0000] {logging_mixin.py:188} INFO - [2026-09-03T18:14:25.587+0000] {dagbag.py:545} INFO - Filling up the DagBag from /opt/airflow/dags/main.py
[2026-09-03T18:14:26.632+0000] {logging_mixin.py:188} INFO - channel id is not executed
[2026-09-03T18:14:27.333+0000] {processor.py:840} INFO - DAG(s) 'produce_json', 'update_db' retrieved from /opt/airflow/dags/main.py
[2026-09-03T18:14:37.181+0000] {logging_mixin.py:188} INFO - [2026-09-03T18:14:37.116+0000] {dag.py:3096} INFO - Sync 2 DAGs
[2026-09-03T18:14:37.436+0000] {logging_mixin.py:188} INFO - [2026-09-03T18:14:37.435+0000] {dag.py:3954} INFO - Setting next_dagrun for produce_json to 2026-09-04 14:00:00+00:00, run_after=2026-09-05 14:00:00+00:00
[2026-09-03T18:14:37.469+0000] {logging_mixin.py:188} INFO - [2026-09-03T18:14:37.457+0000] {dag.py:3954} INFO - Setting next_dagrun for update_db to 2026-09-04 15:00:00+00:00, run_after=2026-09-05 15:00:00+00:00
[2026-09-03T18:14:37.597+0000] {processor.py:183} INFO - Processing /opt/airflow/dags/main.py took 12.094 seconds
[2026-09-03T18:15:09.326+0000] {processor.py:161} INFO - Started process (PID=1738) to work on /opt/airflow/dags/main.py
[2026-09-03T18:15:09.350+0000] {processor.py:830} INFO - Processing file /opt/airflow/dags/main.py for tasks to queue
[2026-09-03T18:15:09.361+0000] {logging_mixin.py:188} INFO - [2026-09-03T18:15:09.352+0000] {dagbag.py:545} INFO - Filling up the DagBag from /opt/airflow/dags/main.py
[2026-09-03T18:15:10.850+0000] {logging_mixin.py:188} INFO - channel id is not executed
[2026-09-03T18:15:13.923+0000] {processor.py:840} INFO - DAG(s) 'update_db', 'produce_json' retrieved from /opt/airflow/dags/main.py
[2026-09-03T18:15:19.265+0000] {logging_mixin.py:188} INFO - [2026-09-03T18:15:19.238+0000] {dag.py:3096} INFO - Sync 2 DAGs
[2026-09-03T18:15:19.448+0000] {logging_mixin.py:188} INFO - [2026-09-03T18:15:19.447+0000] {dag.py:3954} INFO - Setting next_dagrun for produce_json to 2026-09-04 14:00:00+00:00, run_after=2026-09-05 14:00:00+00:00
[2026-09-03T18:15:19.463+0000] {logging_mixin.py:188} INFO - [2026-09-03T18:15:19.463+0000] {dag.py:3954} INFO - Setting next_dagrun for update_db to 2026-09-04 15:00:00+00:00, run_after=2026-09-05 15:00:00+00:00
[2026-09-03T18:15:19.516+0000] {processor.py:183} INFO - Processing /opt/airflow/dags/main.py took 10.313 seconds
[2026-09-03T18:15:50.810+0000] {processor.py:161} INFO - Started process (PID=1745) to work on /opt/airflow/dags/main.py
[2026-09-03T18:15:50.875+0000] {processor.py:830} INFO - Processing file /opt/airflow/dags/main.py for tasks to queue
[2026-09-03T18:15:50.933+0000] {logging_mixin.py:188} INFO - [2026-09-03T18:15:50.921+0000] {dagbag.py:545} INFO - Filling up the DagBag from /opt/airflow/dags/main.py
[2026-09-03T18:15:52.070+0000] {logging_mixin.py:188} INFO - channel id is not executed
[2026-09-03T18:15:56.848+0000] {processor.py:840} INFO - DAG(s) 'produce_json', 'update_db' retrieved from /opt/airflow/dags/main.py
[2026-09-03T18:16:28.948+0000] {logging_mixin.py:188} INFO - [2026-09-03T18:16:28.922+0000] {dag.py:3096} INFO - Sync 2 DAGs
[2026-09-03T18:16:29.114+0000] {logging_mixin.py:188} INFO - [2026-09-03T18:16:29.114+0000] {dag.py:3954} INFO - Setting next_dagrun for produce_json to 2026-09-04 14:00:00+00:00, run_after=2026-09-05 14:00:00+00:00
[2026-09-03T18:16:29.154+0000] {logging_mixin.py:188} INFO - [2026-09-03T18:16:29.153+0000] {dag.py:3954} INFO - Setting next_dagrun for update_db to 2026-09-04 15:00:00+00:00, run_after=2026-09-05 15:00:00+00:00
[2026-09-03T18:16:29.225+0000] {processor.py:183} INFO - Processing /opt/airflow/dags/main.py took 38.680 seconds
[2026-09-03T18:17:03.043+0000] {processor.py:161} INFO - Started process (PID=1751) to work on /opt/airflow/dags/main.py
[2026-09-03T18:17:03.078+0000] {processor.py:830} INFO - Processing file /opt/airflow/dags/main.py for tasks to queue
[2026-09-03T18:17:03.108+0000] {logging_mixin.py:188} INFO - [2026-09-03T18:17:03.085+0000] {dagbag.py:545} INFO - Filling up the DagBag from /opt/airflow/dags/main.py
[2026-09-03T18:17:04.547+0000] {logging_mixin.py:188} INFO - channel id is not executed
[2026-09-03T18:17:06.115+0000] {processor.py:840} INFO - DAG(s) 'produce_json', 'update_db' retrieved from /opt/airflow/dags/main.py
[2026-09-03T18:17:37.665+0000] {processor.py:186} ERROR - Got an exception! Propagating...
Traceback (most recent call last):
  File "/home/airflow/.local/lib/python3.10/site-packages/sqlalchemy/engine/base.py", line 3371, in _wrap_pool_connect
    return fn()
  File "/home/airflow/.local/lib/python3.10/site-packages/sqlalchemy/pool/base.py", line 327, in connect
    return _ConnectionFairy._checkout(self)
  File "/home/airflow/.local/lib/python3.10/site-packages/sqlalchemy/pool/base.py", line 894, in _checkout
    fairy = _ConnectionRecord.checkout(pool)
  File "/home/airflow/.local/lib/python3.10/site-packages/sqlalchemy/pool/base.py", line 493, in checkout
    rec = pool._do_get()
  File "/home/airflow/.local/lib/python3.10/site-packages/sqlalchemy/pool/impl.py", line 145, in _do_get
    with util.safe_reraise():
  File "/home/airflow/.local/lib/python3.10/site-packages/sqlalchemy/util/langhelpers.py", line 70, in __exit__
    compat.raise_(
  File "/home/airflow/.local/lib/python3.10/site-packages/sqlalchemy/util/compat.py", line 211, in raise_
    raise exception
  File "/home/airflow/.local/lib/python3.10/site-packages/sqlalchemy/pool/impl.py", line 143, in _do_get
    return self._create_connection()
  File "/home/airflow/.local/lib/python3.10/site-packages/sqlalchemy/pool/base.py", line 273, in _create_connection
    return _ConnectionRecord(self)
  File "/home/airflow/.local/lib/python3.10/site-packages/sqlalchemy/pool/base.py", line 388, in __init__
    self.__connect()
  File "/home/airflow/.local/lib/python3.10/site-packages/sqlalchemy/pool/base.py", line 690, in __connect
    with util.safe_reraise():
  File "/home/airflow/.local/lib/python3.10/site-packages/sqlalchemy/util/langhelpers.py", line 70, in __exit__
    compat.raise_(
  File "/home/airflow/.local/lib/python3.10/site-packages/sqlalchemy/util/compat.py", line 211, in raise_
    raise exception
  File "/home/airflow/.local/lib/python3.10/site-packages/sqlalchemy/pool/base.py", line 686, in __connect
    self.dbapi_connection = connection = pool._invoke_creator(self)
  File "/home/airflow/.local/lib/python3.10/site-packages/sqlalchemy/engine/create.py", line 574, in connect
    return dialect.connect(*cargs, **cparams)
  File "/home/airflow/.local/lib/python3.10/site-packages/sqlalchemy/engine/default.py", line 598, in connect
    return self.dbapi.connect(*cargs, **cparams)
  File "/home/airflow/.local/lib/python3.10/site-packages/psycopg2/__init__.py", line 122, in connect
    conn = _connect(dsn, connection_factory=connection_factory, **kwasync)
psycopg2.OperationalError: could not translate host name "postgres" to address: Temporary failure in name resolution


The above exception was the direct cause of the following exception:

Traceback (most recent call last):
  File "/home/airflow/.local/lib/python3.10/site-packages/airflow/dag_processing/processor.py", line 182, in _run_file_processor
    _handle_dag_file_processing()
  File "/home/airflow/.local/lib/python3.10/site-packages/airflow/dag_processing/processor.py", line 163, in _handle_dag_file_processing
    result: tuple[int, int] = dag_file_processor.process_file(
  File "/home/airflow/.local/lib/python3.10/site-packages/airflow/utils/session.py", line 79, in wrapper
    return func(*args, session=session, **kwargs)
  File "/home/airflow/.local/lib/python3.10/site-packages/airflow/dag_processing/processor.py", line 859, in process_file
    serialize_errors = DagFileProcessor.save_dag_to_db(
  File "/home/airflow/.local/lib/python3.10/site-packages/airflow/api_internal/internal_api_call.py", line 115, in wrapper
    return func(*args, **kwargs)
  File "/home/airflow/.local/lib/python3.10/site-packages/airflow/utils/session.py", line 79, in wrapper
    return func(*args, session=session, **kwargs)
  File "/home/airflow/.local/lib/python3.10/site-packages/airflow/dag_processing/processor.py", line 895, in save_dag_to_db
    import_errors = DagBag._sync_to_db(dags=dags, processor_subdir=dag_directory, session=session)
  File "/home/airflow/.local/lib/python3.10/site-packages/airflow/utils/session.py", line 76, in wrapper
    return func(*args, **kwargs)
  File "/home/airflow/.local/lib/python3.10/site-packages/airflow/models/dagbag.py", line 664, in _sync_to_db
    for attempt in run_with_db_retries(logger=log):
  File "/home/airflow/.local/lib/python3.10/site-packages/tenacity/__init__.py", line 435, in __iter__
    do = self.iter(retry_state=retry_state)
  File "/home/airflow/.local/lib/python3.10/site-packages/tenacity/__init__.py", line 368, in iter
    result = action(retry_state)
  File "/home/airflow/.local/lib/python3.10/site-packages/tenacity/__init__.py", line 410, in exc_check
    raise retry_exc.reraise()
  File "/home/airflow/.local/lib/python3.10/site-packages/tenacity/__init__.py", line 183, in reraise
    raise self.last_attempt.result()
  File "/usr/local/lib/python3.10/concurrent/futures/_base.py", line 451, in result
    return self.__get_result()
  File "/usr/local/lib/python3.10/concurrent/futures/_base.py", line 403, in __get_result
    raise self._exception
  File "/home/airflow/.local/lib/python3.10/site-packages/airflow/models/dagbag.py", line 677, in _sync_to_db
    _serialize_dag_capturing_errors(dag, session, processor_subdir)
  File "/home/airflow/.local/lib/python3.10/site-packages/airflow/models/dagbag.py", line 642, in _serialize_dag_capturing_errors
    dag_was_updated = SerializedDagModel.write_dag(
  File "/home/airflow/.local/lib/python3.10/site-packages/airflow/utils/session.py", line 76, in wrapper
    return func(*args, **kwargs)
  File "/home/airflow/.local/lib/python3.10/site-packages/airflow/models/serialized_dag.py", line 158, in write_dag
    if session.scalar(
  File "/home/airflow/.local/lib/python3.10/site-packages/sqlalchemy/orm/session.py", line 1747, in scalar
    return self.execute(
  File "/home/airflow/.local/lib/python3.10/site-packages/sqlalchemy/orm/session.py", line 1716, in execute
    conn = self._connection_for_bind(bind)
  File "/home/airflow/.local/lib/python3.10/site-packages/sqlalchemy/orm/session.py", line 1555, in _connection_for_bind
    return self._transaction._connection_for_bind(
  File "/home/airflow/.local/lib/python3.10/site-packages/sqlalchemy/orm/session.py", line 750, in _connection_for_bind
    conn = bind.connect()
  File "/home/airflow/.local/lib/python3.10/site-packages/sqlalchemy/future/engine.py", line 412, in connect
    return super(Engine, self).connect()
  File "/home/airflow/.local/lib/python3.10/site-packages/sqlalchemy/engine/base.py", line 3325, in connect
    return self._connection_cls(self, close_with_result=close_with_result)
  File "/home/airflow/.local/lib/python3.10/site-packages/sqlalchemy/engine/base.py", line 96, in __init__
    else engine.raw_connection()
  File "/home/airflow/.local/lib/python3.10/site-packages/sqlalchemy/engine/base.py", line 3404, in raw_connection
    return self._wrap_pool_connect(self.pool.connect, _connection)
  File "/home/airflow/.local/lib/python3.10/site-packages/sqlalchemy/engine/base.py", line 3374, in _wrap_pool_connect
    Connection._handle_dbapi_exception_noconnection(
  File "/home/airflow/.local/lib/python3.10/site-packages/sqlalchemy/engine/base.py", line 2208, in _handle_dbapi_exception_noconnection
    util.raise_(
  File "/home/airflow/.local/lib/python3.10/site-packages/sqlalchemy/util/compat.py", line 211, in raise_
    raise exception
  File "/home/airflow/.local/lib/python3.10/site-packages/sqlalchemy/engine/base.py", line 3371, in _wrap_pool_connect
    return fn()
  File "/home/airflow/.local/lib/python3.10/site-packages/sqlalchemy/pool/base.py", line 327, in connect
    return _ConnectionFairy._checkout(self)
  File "/home/airflow/.local/lib/python3.10/site-packages/sqlalchemy/pool/base.py", line 894, in _checkout
    fairy = _ConnectionRecord.checkout(pool)
  File "/home/airflow/.local/lib/python3.10/site-packages/sqlalchemy/pool/base.py", line 493, in checkout
    rec = pool._do_get()
  File "/home/airflow/.local/lib/python3.10/site-packages/sqlalchemy/pool/impl.py", line 145, in _do_get
    with util.safe_reraise():
  File "/home/airflow/.local/lib/python3.10/site-packages/sqlalchemy/util/langhelpers.py", line 70, in __exit__
    compat.raise_(
  File "/home/airflow/.local/lib/python3.10/site-packages/sqlalchemy/util/compat.py", line 211, in raise_
    raise exception
  File "/home/airflow/.local/lib/python3.10/site-packages/sqlalchemy/pool/impl.py", line 143, in _do_get
    return self._create_connection()
  File "/home/airflow/.local/lib/python3.10/site-packages/sqlalchemy/pool/base.py", line 273, in _create_connection
    return _ConnectionRecord(self)
  File "/home/airflow/.local/lib/python3.10/site-packages/sqlalchemy/pool/base.py", line 388, in __init__
    self.__connect()
  File "/home/airflow/.local/lib/python3.10/site-packages/sqlalchemy/pool/base.py", line 690, in __connect
    with util.safe_reraise():
  File "/home/airflow/.local/lib/python3.10/site-packages/sqlalchemy/util/langhelpers.py", line 70, in __exit__
    compat.raise_(
  File "/home/airflow/.local/lib/python3.10/site-packages/sqlalchemy/util/compat.py", line 211, in raise_
    raise exception
  File "/home/airflow/.local/lib/python3.10/site-packages/sqlalchemy/pool/base.py", line 686, in __connect
    self.dbapi_connection = connection = pool._invoke_creator(self)
  File "/home/airflow/.local/lib/python3.10/site-packages/sqlalchemy/engine/create.py", line 574, in connect
    return dialect.connect(*cargs, **cparams)
  File "/home/airflow/.local/lib/python3.10/site-packages/sqlalchemy/engine/default.py", line 598, in connect
    return self.dbapi.connect(*cargs, **cparams)
  File "/home/airflow/.local/lib/python3.10/site-packages/psycopg2/__init__.py", line 122, in connect
    conn = _connect(dsn, connection_factory=connection_factory, **kwasync)
sqlalchemy.exc.OperationalError: (psycopg2.OperationalError) could not translate host name "postgres" to address: Temporary failure in name resolution

(Background on this error at: https://sqlalche.me/e/14/e3q8)
[2026-09-03T18:18:10.243+0000] {processor.py:161} INFO - Started process (PID=1757) to work on /opt/airflow/dags/main.py
[2026-09-03T18:18:10.347+0000] {processor.py:830} INFO - Processing file /opt/airflow/dags/main.py for tasks to queue
[2026-09-03T18:18:10.432+0000] {logging_mixin.py:188} INFO - [2026-09-03T18:18:10.431+0000] {dagbag.py:545} INFO - Filling up the DagBag from /opt/airflow/dags/main.py
[2026-09-03T18:18:10.910+0000] {logging_mixin.py:188} INFO - channel id is not executed
[2026-09-03T18:18:12.495+0000] {processor.py:840} INFO - DAG(s) 'produce_json', 'update_db' retrieved from /opt/airflow/dags/main.py
[2026-09-03T18:18:18.678+0000] {logging_mixin.py:188} INFO - [2026-09-03T18:18:18.598+0000] {dag.py:3096} INFO - Sync 2 DAGs
[2026-09-03T18:18:18.950+0000] {logging_mixin.py:188} INFO - [2026-09-03T18:18:18.950+0000] {dag.py:3954} INFO - Setting next_dagrun for produce_json to 2026-09-04 14:00:00+00:00, run_after=2026-09-05 14:00:00+00:00
[2026-09-03T18:18:19.058+0000] {logging_mixin.py:188} INFO - [2026-09-03T18:18:19.032+0000] {dag.py:3954} INFO - Setting next_dagrun for update_db to 2026-09-04 15:00:00+00:00, run_after=2026-09-05 15:00:00+00:00
[2026-09-03T18:18:19.358+0000] {processor.py:183} INFO - Processing /opt/airflow/dags/main.py took 9.415 seconds
[2026-09-03T18:18:51.321+0000] {processor.py:161} INFO - Started process (PID=1758) to work on /opt/airflow/dags/main.py
[2026-09-03T18:18:51.392+0000] {processor.py:830} INFO - Processing file /opt/airflow/dags/main.py for tasks to queue
[2026-09-03T18:18:51.440+0000] {logging_mixin.py:188} INFO - [2026-09-03T18:18:51.403+0000] {dagbag.py:545} INFO - Filling up the DagBag from /opt/airflow/dags/main.py
[2026-09-03T18:18:52.826+0000] {logging_mixin.py:188} INFO - channel id is not executed
[2026-09-03T18:18:54.571+0000] {processor.py:840} INFO - DAG(s) 'produce_json', 'update_db' retrieved from /opt/airflow/dags/main.py
[2026-09-03T18:18:56.381+0000] {logging_mixin.py:188} INFO - [2026-09-03T18:18:56.361+0000] {dag.py:3096} INFO - Sync 2 DAGs
[2026-09-03T18:18:56.619+0000] {logging_mixin.py:188} INFO - [2026-09-03T18:18:56.618+0000] {dag.py:3954} INFO - Setting next_dagrun for produce_json to 2026-09-04 14:00:00+00:00, run_after=2026-09-05 14:00:00+00:00
[2026-09-03T18:18:56.656+0000] {logging_mixin.py:188} INFO - [2026-09-03T18:18:56.656+0000] {dag.py:3954} INFO - Setting next_dagrun for update_db to 2026-09-04 15:00:00+00:00, run_after=2026-09-05 15:00:00+00:00
[2026-09-03T18:18:56.843+0000] {processor.py:183} INFO - Processing /opt/airflow/dags/main.py took 5.836 seconds
[2026-09-03T18:19:27.407+0000] {processor.py:161} INFO - Started process (PID=1764) to work on /opt/airflow/dags/main.py
[2026-09-03T18:19:27.412+0000] {processor.py:830} INFO - Processing file /opt/airflow/dags/main.py for tasks to queue
[2026-09-03T18:19:27.416+0000] {logging_mixin.py:188} INFO - [2026-09-03T18:19:27.415+0000] {dagbag.py:545} INFO - Filling up the DagBag from /opt/airflow/dags/main.py
[2026-09-03T18:19:27.547+0000] {logging_mixin.py:188} INFO - channel id is not executed
[2026-09-03T18:19:27.691+0000] {processor.py:840} INFO - DAG(s) 'produce_json', 'update_db' retrieved from /opt/airflow/dags/main.py
[2026-09-03T18:19:28.221+0000] {logging_mixin.py:188} INFO - [2026-09-03T18:19:28.221+0000] {dag.py:3096} INFO - Sync 2 DAGs
[2026-09-03T18:19:28.272+0000] {logging_mixin.py:188} INFO - [2026-09-03T18:19:28.271+0000] {dag.py:3954} INFO - Setting next_dagrun for produce_json to 2026-09-04 14:00:00+00:00, run_after=2026-09-05 14:00:00+00:00
[2026-09-03T18:19:28.294+0000] {logging_mixin.py:188} INFO - [2026-09-03T18:19:28.293+0000] {dag.py:3954} INFO - Setting next_dagrun for update_db to 2026-09-04 15:00:00+00:00, run_after=2026-09-05 15:00:00+00:00
[2026-09-03T18:19:28.428+0000] {processor.py:183} INFO - Processing /opt/airflow/dags/main.py took 1.051 seconds
[2026-09-03T18:19:59.409+0000] {processor.py:161} INFO - Started process (PID=1772) to work on /opt/airflow/dags/main.py
[2026-09-03T18:19:59.415+0000] {processor.py:830} INFO - Processing file /opt/airflow/dags/main.py for tasks to queue
[2026-09-03T18:19:59.419+0000] {logging_mixin.py:188} INFO - [2026-09-03T18:19:59.418+0000] {dagbag.py:545} INFO - Filling up the DagBag from /opt/airflow/dags/main.py
[2026-09-03T18:19:59.684+0000] {logging_mixin.py:188} INFO - channel id is not executed
[2026-09-03T18:20:00.970+0000] {processor.py:840} INFO - DAG(s) 'update_db', 'produce_json' retrieved from /opt/airflow/dags/main.py
[2026-09-03T18:20:07.304+0000] {logging_mixin.py:188} INFO - [2026-09-03T18:20:07.212+0000] {dag.py:3096} INFO - Sync 2 DAGs
[2026-09-03T18:20:07.670+0000] {logging_mixin.py:188} INFO - [2026-09-03T18:20:07.652+0000] {dag.py:3954} INFO - Setting next_dagrun for produce_json to 2026-09-04 14:00:00+00:00, run_after=2026-09-05 14:00:00+00:00
[2026-09-03T18:20:07.744+0000] {logging_mixin.py:188} INFO - [2026-09-03T18:20:07.744+0000] {dag.py:3954} INFO - Setting next_dagrun for update_db to 2026-09-04 15:00:00+00:00, run_after=2026-09-05 15:00:00+00:00
[2026-09-03T18:20:08.180+0000] {processor.py:183} INFO - Processing /opt/airflow/dags/main.py took 8.843 seconds
[2026-09-03T18:20:38.850+0000] {processor.py:161} INFO - Started process (PID=1779) to work on /opt/airflow/dags/main.py
[2026-09-03T18:20:38.857+0000] {processor.py:830} INFO - Processing file /opt/airflow/dags/main.py for tasks to queue
[2026-09-03T18:20:38.866+0000] {logging_mixin.py:188} INFO - [2026-09-03T18:20:38.864+0000] {dagbag.py:545} INFO - Filling up the DagBag from /opt/airflow/dags/main.py
[2026-09-03T18:20:39.478+0000] {logging_mixin.py:188} INFO - channel id is not executed
[2026-09-03T18:20:40.721+0000] {processor.py:840} INFO - DAG(s) 'produce_json', 'update_db' retrieved from /opt/airflow/dags/main.py
[2026-09-03T18:21:12.532+0000] {processor.py:186} ERROR - Got an exception! Propagating...
Traceback (most recent call last):
  File "/home/airflow/.local/lib/python3.10/site-packages/sqlalchemy/engine/base.py", line 3371, in _wrap_pool_connect
    return fn()
  File "/home/airflow/.local/lib/python3.10/site-packages/sqlalchemy/pool/base.py", line 327, in connect
    return _ConnectionFairy._checkout(self)
  File "/home/airflow/.local/lib/python3.10/site-packages/sqlalchemy/pool/base.py", line 894, in _checkout
    fairy = _ConnectionRecord.checkout(pool)
  File "/home/airflow/.local/lib/python3.10/site-packages/sqlalchemy/pool/base.py", line 493, in checkout
    rec = pool._do_get()
  File "/home/airflow/.local/lib/python3.10/site-packages/sqlalchemy/pool/impl.py", line 145, in _do_get
    with util.safe_reraise():
  File "/home/airflow/.local/lib/python3.10/site-packages/sqlalchemy/util/langhelpers.py", line 70, in __exit__
    compat.raise_(
  File "/home/airflow/.local/lib/python3.10/site-packages/sqlalchemy/util/compat.py", line 211, in raise_
    raise exception
  File "/home/airflow/.local/lib/python3.10/site-packages/sqlalchemy/pool/impl.py", line 143, in _do_get
    return self._create_connection()
  File "/home/airflow/.local/lib/python3.10/site-packages/sqlalchemy/pool/base.py", line 273, in _create_connection
    return _ConnectionRecord(self)
  File "/home/airflow/.local/lib/python3.10/site-packages/sqlalchemy/pool/base.py", line 388, in __init__
    self.__connect()
  File "/home/airflow/.local/lib/python3.10/site-packages/sqlalchemy/pool/base.py", line 690, in __connect
    with util.safe_reraise():
  File "/home/airflow/.local/lib/python3.10/site-packages/sqlalchemy/util/langhelpers.py", line 70, in __exit__
    compat.raise_(
  File "/home/airflow/.local/lib/python3.10/site-packages/sqlalchemy/util/compat.py", line 211, in raise_
    raise exception
  File "/home/airflow/.local/lib/python3.10/site-packages/sqlalchemy/pool/base.py", line 686, in __connect
    self.dbapi_connection = connection = pool._invoke_creator(self)
  File "/home/airflow/.local/lib/python3.10/site-packages/sqlalchemy/engine/create.py", line 574, in connect
    return dialect.connect(*cargs, **cparams)
  File "/home/airflow/.local/lib/python3.10/site-packages/sqlalchemy/engine/default.py", line 598, in connect
    return self.dbapi.connect(*cargs, **cparams)
  File "/home/airflow/.local/lib/python3.10/site-packages/psycopg2/__init__.py", line 122, in connect
    conn = _connect(dsn, connection_factory=connection_factory, **kwasync)
psycopg2.OperationalError: could not translate host name "postgres" to address: Temporary failure in name resolution


The above exception was the direct cause of the following exception:

Traceback (most recent call last):
  File "/home/airflow/.local/lib/python3.10/site-packages/airflow/dag_processing/processor.py", line 182, in _run_file_processor
    _handle_dag_file_processing()
  File "/home/airflow/.local/lib/python3.10/site-packages/airflow/dag_processing/processor.py", line 163, in _handle_dag_file_processing
    result: tuple[int, int] = dag_file_processor.process_file(
  File "/home/airflow/.local/lib/python3.10/site-packages/airflow/utils/session.py", line 79, in wrapper
    return func(*args, session=session, **kwargs)
  File "/home/airflow/.local/lib/python3.10/site-packages/airflow/dag_processing/processor.py", line 859, in process_file
    serialize_errors = DagFileProcessor.save_dag_to_db(
  File "/home/airflow/.local/lib/python3.10/site-packages/airflow/api_internal/internal_api_call.py", line 115, in wrapper
    return func(*args, **kwargs)
  File "/home/airflow/.local/lib/python3.10/site-packages/airflow/utils/session.py", line 79, in wrapper
    return func(*args, session=session, **kwargs)
  File "/home/airflow/.local/lib/python3.10/site-packages/airflow/dag_processing/processor.py", line 895, in save_dag_to_db
    import_errors = DagBag._sync_to_db(dags=dags, processor_subdir=dag_directory, session=session)
  File "/home/airflow/.local/lib/python3.10/site-packages/airflow/utils/session.py", line 76, in wrapper
    return func(*args, **kwargs)
  File "/home/airflow/.local/lib/python3.10/site-packages/airflow/models/dagbag.py", line 664, in _sync_to_db
    for attempt in run_with_db_retries(logger=log):
  File "/home/airflow/.local/lib/python3.10/site-packages/tenacity/__init__.py", line 435, in __iter__
    do = self.iter(retry_state=retry_state)
  File "/home/airflow/.local/lib/python3.10/site-packages/tenacity/__init__.py", line 368, in iter
    result = action(retry_state)
  File "/home/airflow/.local/lib/python3.10/site-packages/tenacity/__init__.py", line 410, in exc_check
    raise retry_exc.reraise()
  File "/home/airflow/.local/lib/python3.10/site-packages/tenacity/__init__.py", line 183, in reraise
    raise self.last_attempt.result()
  File "/usr/local/lib/python3.10/concurrent/futures/_base.py", line 451, in result
    return self.__get_result()
  File "/usr/local/lib/python3.10/concurrent/futures/_base.py", line 403, in __get_result
    raise self._exception
  File "/home/airflow/.local/lib/python3.10/site-packages/airflow/models/dagbag.py", line 677, in _sync_to_db
    _serialize_dag_capturing_errors(dag, session, processor_subdir)
  File "/home/airflow/.local/lib/python3.10/site-packages/airflow/models/dagbag.py", line 642, in _serialize_dag_capturing_errors
    dag_was_updated = SerializedDagModel.write_dag(
  File "/home/airflow/.local/lib/python3.10/site-packages/airflow/utils/session.py", line 76, in wrapper
    return func(*args, **kwargs)
  File "/home/airflow/.local/lib/python3.10/site-packages/airflow/models/serialized_dag.py", line 158, in write_dag
    if session.scalar(
  File "/home/airflow/.local/lib/python3.10/site-packages/sqlalchemy/orm/session.py", line 1747, in scalar
    return self.execute(
  File "/home/airflow/.local/lib/python3.10/site-packages/sqlalchemy/orm/session.py", line 1716, in execute
    conn = self._connection_for_bind(bind)
  File "/home/airflow/.local/lib/python3.10/site-packages/sqlalchemy/orm/session.py", line 1555, in _connection_for_bind
    return self._transaction._connection_for_bind(
  File "/home/airflow/.local/lib/python3.10/site-packages/sqlalchemy/orm/session.py", line 750, in _connection_for_bind
    conn = bind.connect()
  File "/home/airflow/.local/lib/python3.10/site-packages/sqlalchemy/future/engine.py", line 412, in connect
    return super(Engine, self).connect()
  File "/home/airflow/.local/lib/python3.10/site-packages/sqlalchemy/engine/base.py", line 3325, in connect
    return self._connection_cls(self, close_with_result=close_with_result)
  File "/home/airflow/.local/lib/python3.10/site-packages/sqlalchemy/engine/base.py", line 96, in __init__
    else engine.raw_connection()
  File "/home/airflow/.local/lib/python3.10/site-packages/sqlalchemy/engine/base.py", line 3404, in raw_connection
    return self._wrap_pool_connect(self.pool.connect, _connection)
  File "/home/airflow/.local/lib/python3.10/site-packages/sqlalchemy/engine/base.py", line 3374, in _wrap_pool_connect
    Connection._handle_dbapi_exception_noconnection(
  File "/home/airflow/.local/lib/python3.10/site-packages/sqlalchemy/engine/base.py", line 2208, in _handle_dbapi_exception_noconnection
    util.raise_(
  File "/home/airflow/.local/lib/python3.10/site-packages/sqlalchemy/util/compat.py", line 211, in raise_
    raise exception
  File "/home/airflow/.local/lib/python3.10/site-packages/sqlalchemy/engine/base.py", line 3371, in _wrap_pool_connect
    return fn()
  File "/home/airflow/.local/lib/python3.10/site-packages/sqlalchemy/pool/base.py", line 327, in connect
    return _ConnectionFairy._checkout(self)
  File "/home/airflow/.local/lib/python3.10/site-packages/sqlalchemy/pool/base.py", line 894, in _checkout
    fairy = _ConnectionRecord.checkout(pool)
  File "/home/airflow/.local/lib/python3.10/site-packages/sqlalchemy/pool/base.py", line 493, in checkout
    rec = pool._do_get()
  File "/home/airflow/.local/lib/python3.10/site-packages/sqlalchemy/pool/impl.py", line 145, in _do_get
    with util.safe_reraise():
  File "/home/airflow/.local/lib/python3.10/site-packages/sqlalchemy/util/langhelpers.py", line 70, in __exit__
    compat.raise_(
  File "/home/airflow/.local/lib/python3.10/site-packages/sqlalchemy/util/compat.py", line 211, in raise_
    raise exception
  File "/home/airflow/.local/lib/python3.10/site-packages/sqlalchemy/pool/impl.py", line 143, in _do_get
    return self._create_connection()
  File "/home/airflow/.local/lib/python3.10/site-packages/sqlalchemy/pool/base.py", line 273, in _create_connection
    return _ConnectionRecord(self)
  File "/home/airflow/.local/lib/python3.10/site-packages/sqlalchemy/pool/base.py", line 388, in __init__
    self.__connect()
  File "/home/airflow/.local/lib/python3.10/site-packages/sqlalchemy/pool/base.py", line 690, in __connect
    with util.safe_reraise():
  File "/home/airflow/.local/lib/python3.10/site-packages/sqlalchemy/util/langhelpers.py", line 70, in __exit__
    compat.raise_(
  File "/home/airflow/.local/lib/python3.10/site-packages/sqlalchemy/util/compat.py", line 211, in raise_
    raise exception
  File "/home/airflow/.local/lib/python3.10/site-packages/sqlalchemy/pool/base.py", line 686, in __connect
    self.dbapi_connection = connection = pool._invoke_creator(self)
  File "/home/airflow/.local/lib/python3.10/site-packages/sqlalchemy/engine/create.py", line 574, in connect
    return dialect.connect(*cargs, **cparams)
  File "/home/airflow/.local/lib/python3.10/site-packages/sqlalchemy/engine/default.py", line 598, in connect
    return self.dbapi.connect(*cargs, **cparams)
  File "/home/airflow/.local/lib/python3.10/site-packages/psycopg2/__init__.py", line 122, in connect
    conn = _connect(dsn, connection_factory=connection_factory, **kwasync)
sqlalchemy.exc.OperationalError: (psycopg2.OperationalError) could not translate host name "postgres" to address: Temporary failure in name resolution

(Background on this error at: https://sqlalche.me/e/14/e3q8)
[2026-09-03T18:21:44.123+0000] {processor.py:161} INFO - Started process (PID=1785) to work on /opt/airflow/dags/main.py
[2026-09-03T18:21:44.125+0000] {processor.py:830} INFO - Processing file /opt/airflow/dags/main.py for tasks to queue
[2026-09-03T18:21:44.129+0000] {logging_mixin.py:188} INFO - [2026-09-03T18:21:44.127+0000] {dagbag.py:545} INFO - Filling up the DagBag from /opt/airflow/dags/main.py
[2026-09-03T18:21:44.272+0000] {logging_mixin.py:188} INFO - channel id is not executed
[2026-09-03T18:21:44.460+0000] {processor.py:840} INFO - DAG(s) 'produce_json', 'update_db' retrieved from /opt/airflow/dags/main.py
[2026-09-03T18:21:45.309+0000] {logging_mixin.py:188} INFO - [2026-09-03T18:21:45.296+0000] {dag.py:3096} INFO - Sync 2 DAGs
[2026-09-03T18:21:45.381+0000] {logging_mixin.py:188} INFO - [2026-09-03T18:21:45.381+0000] {dag.py:3954} INFO - Setting next_dagrun for produce_json to 2026-09-04 14:00:00+00:00, run_after=2026-09-05 14:00:00+00:00
[2026-09-03T18:21:45.401+0000] {logging_mixin.py:188} INFO - [2026-09-03T18:21:45.400+0000] {dag.py:3954} INFO - Setting next_dagrun for update_db to 2026-09-04 15:00:00+00:00, run_after=2026-09-05 15:00:00+00:00
[2026-09-03T18:21:45.558+0000] {processor.py:183} INFO - Processing /opt/airflow/dags/main.py took 1.453 seconds
[2026-09-03T18:22:16.653+0000] {processor.py:161} INFO - Started process (PID=1792) to work on /opt/airflow/dags/main.py
[2026-09-03T18:22:16.705+0000] {processor.py:830} INFO - Processing file /opt/airflow/dags/main.py for tasks to queue
[2026-09-03T18:22:16.754+0000] {logging_mixin.py:188} INFO - [2026-09-03T18:22:16.751+0000] {dagbag.py:545} INFO - Filling up the DagBag from /opt/airflow/dags/main.py
[2026-09-03T18:22:17.482+0000] {logging_mixin.py:188} INFO - channel id is not executed
[2026-09-03T18:22:18.908+0000] {processor.py:840} INFO - DAG(s) 'update_db', 'produce_json' retrieved from /opt/airflow/dags/main.py
[2026-09-03T18:22:50.236+0000] {processor.py:186} ERROR - Got an exception! Propagating...
Traceback (most recent call last):
  File "/home/airflow/.local/lib/python3.10/site-packages/sqlalchemy/engine/base.py", line 3371, in _wrap_pool_connect
    return fn()
  File "/home/airflow/.local/lib/python3.10/site-packages/sqlalchemy/pool/base.py", line 327, in connect
    return _ConnectionFairy._checkout(self)
  File "/home/airflow/.local/lib/python3.10/site-packages/sqlalchemy/pool/base.py", line 894, in _checkout
    fairy = _ConnectionRecord.checkout(pool)
  File "/home/airflow/.local/lib/python3.10/site-packages/sqlalchemy/pool/base.py", line 493, in checkout
    rec = pool._do_get()
  File "/home/airflow/.local/lib/python3.10/site-packages/sqlalchemy/pool/impl.py", line 145, in _do_get
    with util.safe_reraise():
  File "/home/airflow/.local/lib/python3.10/site-packages/sqlalchemy/util/langhelpers.py", line 70, in __exit__
    compat.raise_(
  File "/home/airflow/.local/lib/python3.10/site-packages/sqlalchemy/util/compat.py", line 211, in raise_
    raise exception
  File "/home/airflow/.local/lib/python3.10/site-packages/sqlalchemy/pool/impl.py", line 143, in _do_get
    return self._create_connection()
  File "/home/airflow/.local/lib/python3.10/site-packages/sqlalchemy/pool/base.py", line 273, in _create_connection
    return _ConnectionRecord(self)
  File "/home/airflow/.local/lib/python3.10/site-packages/sqlalchemy/pool/base.py", line 388, in __init__
    self.__connect()
  File "/home/airflow/.local/lib/python3.10/site-packages/sqlalchemy/pool/base.py", line 690, in __connect
    with util.safe_reraise():
  File "/home/airflow/.local/lib/python3.10/site-packages/sqlalchemy/util/langhelpers.py", line 70, in __exit__
    compat.raise_(
  File "/home/airflow/.local/lib/python3.10/site-packages/sqlalchemy/util/compat.py", line 211, in raise_
    raise exception
  File "/home/airflow/.local/lib/python3.10/site-packages/sqlalchemy/pool/base.py", line 686, in __connect
    self.dbapi_connection = connection = pool._invoke_creator(self)
  File "/home/airflow/.local/lib/python3.10/site-packages/sqlalchemy/engine/create.py", line 574, in connect
    return dialect.connect(*cargs, **cparams)
  File "/home/airflow/.local/lib/python3.10/site-packages/sqlalchemy/engine/default.py", line 598, in connect
    return self.dbapi.connect(*cargs, **cparams)
  File "/home/airflow/.local/lib/python3.10/site-packages/psycopg2/__init__.py", line 122, in connect
    conn = _connect(dsn, connection_factory=connection_factory, **kwasync)
psycopg2.OperationalError: could not translate host name "postgres" to address: Temporary failure in name resolution


The above exception was the direct cause of the following exception:

Traceback (most recent call last):
  File "/home/airflow/.local/lib/python3.10/site-packages/airflow/dag_processing/processor.py", line 182, in _run_file_processor
    _handle_dag_file_processing()
  File "/home/airflow/.local/lib/python3.10/site-packages/airflow/dag_processing/processor.py", line 163, in _handle_dag_file_processing
    result: tuple[int, int] = dag_file_processor.process_file(
  File "/home/airflow/.local/lib/python3.10/site-packages/airflow/utils/session.py", line 79, in wrapper
    return func(*args, session=session, **kwargs)
  File "/home/airflow/.local/lib/python3.10/site-packages/airflow/dag_processing/processor.py", line 859, in process_file
    serialize_errors = DagFileProcessor.save_dag_to_db(
  File "/home/airflow/.local/lib/python3.10/site-packages/airflow/api_internal/internal_api_call.py", line 115, in wrapper
    return func(*args, **kwargs)
  File "/home/airflow/.local/lib/python3.10/site-packages/airflow/utils/session.py", line 79, in wrapper
    return func(*args, session=session, **kwargs)
  File "/home/airflow/.local/lib/python3.10/site-packages/airflow/dag_processing/processor.py", line 895, in save_dag_to_db
    import_errors = DagBag._sync_to_db(dags=dags, processor_subdir=dag_directory, session=session)
  File "/home/airflow/.local/lib/python3.10/site-packages/airflow/utils/session.py", line 76, in wrapper
    return func(*args, **kwargs)
  File "/home/airflow/.local/lib/python3.10/site-packages/airflow/models/dagbag.py", line 664, in _sync_to_db
    for attempt in run_with_db_retries(logger=log):
  File "/home/airflow/.local/lib/python3.10/site-packages/tenacity/__init__.py", line 435, in __iter__
    do = self.iter(retry_state=retry_state)
  File "/home/airflow/.local/lib/python3.10/site-packages/tenacity/__init__.py", line 368, in iter
    result = action(retry_state)
  File "/home/airflow/.local/lib/python3.10/site-packages/tenacity/__init__.py", line 410, in exc_check
    raise retry_exc.reraise()
  File "/home/airflow/.local/lib/python3.10/site-packages/tenacity/__init__.py", line 183, in reraise
    raise self.last_attempt.result()
  File "/usr/local/lib/python3.10/concurrent/futures/_base.py", line 451, in result
    return self.__get_result()
  File "/usr/local/lib/python3.10/concurrent/futures/_base.py", line 403, in __get_result
    raise self._exception
  File "/home/airflow/.local/lib/python3.10/site-packages/airflow/models/dagbag.py", line 677, in _sync_to_db
    _serialize_dag_capturing_errors(dag, session, processor_subdir)
  File "/home/airflow/.local/lib/python3.10/site-packages/airflow/models/dagbag.py", line 642, in _serialize_dag_capturing_errors
    dag_was_updated = SerializedDagModel.write_dag(
  File "/home/airflow/.local/lib/python3.10/site-packages/airflow/utils/session.py", line 76, in wrapper
    return func(*args, **kwargs)
  File "/home/airflow/.local/lib/python3.10/site-packages/airflow/models/serialized_dag.py", line 158, in write_dag
    if session.scalar(
  File "/home/airflow/.local/lib/python3.10/site-packages/sqlalchemy/orm/session.py", line 1747, in scalar
    return self.execute(
  File "/home/airflow/.local/lib/python3.10/site-packages/sqlalchemy/orm/session.py", line 1716, in execute
    conn = self._connection_for_bind(bind)
  File "/home/airflow/.local/lib/python3.10/site-packages/sqlalchemy/orm/session.py", line 1555, in _connection_for_bind
    return self._transaction._connection_for_bind(
  File "/home/airflow/.local/lib/python3.10/site-packages/sqlalchemy/orm/session.py", line 750, in _connection_for_bind
    conn = bind.connect()
  File "/home/airflow/.local/lib/python3.10/site-packages/sqlalchemy/future/engine.py", line 412, in connect
    return super(Engine, self).connect()
  File "/home/airflow/.local/lib/python3.10/site-packages/sqlalchemy/engine/base.py", line 3325, in connect
    return self._connection_cls(self, close_with_result=close_with_result)
  File "/home/airflow/.local/lib/python3.10/site-packages/sqlalchemy/engine/base.py", line 96, in __init__
    else engine.raw_connection()
  File "/home/airflow/.local/lib/python3.10/site-packages/sqlalchemy/engine/base.py", line 3404, in raw_connection
    return self._wrap_pool_connect(self.pool.connect, _connection)
  File "/home/airflow/.local/lib/python3.10/site-packages/sqlalchemy/engine/base.py", line 3374, in _wrap_pool_connect
    Connection._handle_dbapi_exception_noconnection(
  File "/home/airflow/.local/lib/python3.10/site-packages/sqlalchemy/engine/base.py", line 2208, in _handle_dbapi_exception_noconnection
    util.raise_(
  File "/home/airflow/.local/lib/python3.10/site-packages/sqlalchemy/util/compat.py", line 211, in raise_
    raise exception
  File "/home/airflow/.local/lib/python3.10/site-packages/sqlalchemy/engine/base.py", line 3371, in _wrap_pool_connect
    return fn()
  File "/home/airflow/.local/lib/python3.10/site-packages/sqlalchemy/pool/base.py", line 327, in connect
    return _ConnectionFairy._checkout(self)
  File "/home/airflow/.local/lib/python3.10/site-packages/sqlalchemy/pool/base.py", line 894, in _checkout
    fairy = _ConnectionRecord.checkout(pool)
  File "/home/airflow/.local/lib/python3.10/site-packages/sqlalchemy/pool/base.py", line 493, in checkout
    rec = pool._do_get()
  File "/home/airflow/.local/lib/python3.10/site-packages/sqlalchemy/pool/impl.py", line 145, in _do_get
    with util.safe_reraise():
  File "/home/airflow/.local/lib/python3.10/site-packages/sqlalchemy/util/langhelpers.py", line 70, in __exit__
    compat.raise_(
  File "/home/airflow/.local/lib/python3.10/site-packages/sqlalchemy/util/compat.py", line 211, in raise_
    raise exception
  File "/home/airflow/.local/lib/python3.10/site-packages/sqlalchemy/pool/impl.py", line 143, in _do_get
    return self._create_connection()
  File "/home/airflow/.local/lib/python3.10/site-packages/sqlalchemy/pool/base.py", line 273, in _create_connection
    return _ConnectionRecord(self)
  File "/home/airflow/.local/lib/python3.10/site-packages/sqlalchemy/pool/base.py", line 388, in __init__
    self.__connect()
  File "/home/airflow/.local/lib/python3.10/site-packages/sqlalchemy/pool/base.py", line 690, in __connect
    with util.safe_reraise():
  File "/home/airflow/.local/lib/python3.10/site-packages/sqlalchemy/util/langhelpers.py", line 70, in __exit__
    compat.raise_(
  File "/home/airflow/.local/lib/python3.10/site-packages/sqlalchemy/util/compat.py", line 211, in raise_
    raise exception
  File "/home/airflow/.local/lib/python3.10/site-packages/sqlalchemy/pool/base.py", line 686, in __connect
    self.dbapi_connection = connection = pool._invoke_creator(self)
  File "/home/airflow/.local/lib/python3.10/site-packages/sqlalchemy/engine/create.py", line 574, in connect
    return dialect.connect(*cargs, **cparams)
  File "/home/airflow/.local/lib/python3.10/site-packages/sqlalchemy/engine/default.py", line 598, in connect
    return self.dbapi.connect(*cargs, **cparams)
  File "/home/airflow/.local/lib/python3.10/site-packages/psycopg2/__init__.py", line 122, in connect
    conn = _connect(dsn, connection_factory=connection_factory, **kwasync)
sqlalchemy.exc.OperationalError: (psycopg2.OperationalError) could not translate host name "postgres" to address: Temporary failure in name resolution

(Background on this error at: https://sqlalche.me/e/14/e3q8)
[2026-09-03T18:23:22.050+0000] {processor.py:161} INFO - Started process (PID=1798) to work on /opt/airflow/dags/main.py
[2026-09-03T18:23:22.067+0000] {processor.py:830} INFO - Processing file /opt/airflow/dags/main.py for tasks to queue
[2026-09-03T18:23:22.086+0000] {logging_mixin.py:188} INFO - [2026-09-03T18:23:22.076+0000] {dagbag.py:545} INFO - Filling up the DagBag from /opt/airflow/dags/main.py
[2026-09-03T18:23:23.749+0000] {logging_mixin.py:188} INFO - channel id is not executed
[2026-09-03T18:23:25.691+0000] {processor.py:840} INFO - DAG(s) 'produce_json', 'update_db' retrieved from /opt/airflow/dags/main.py
[2026-09-03T18:23:27.445+0000] {logging_mixin.py:188} INFO - [2026-09-03T18:23:27.445+0000] {dag.py:3096} INFO - Sync 2 DAGs
[2026-09-03T18:23:27.583+0000] {logging_mixin.py:188} INFO - [2026-09-03T18:23:27.583+0000] {dag.py:3954} INFO - Setting next_dagrun for produce_json to 2026-09-04 14:00:00+00:00, run_after=2026-09-05 14:00:00+00:00
[2026-09-03T18:23:27.600+0000] {logging_mixin.py:188} INFO - [2026-09-03T18:23:27.600+0000] {dag.py:3954} INFO - Setting next_dagrun for update_db to 2026-09-04 15:00:00+00:00, run_after=2026-09-05 15:00:00+00:00
[2026-09-03T18:23:27.727+0000] {processor.py:183} INFO - Processing /opt/airflow/dags/main.py took 5.889 seconds
[2026-09-03T18:23:58.425+0000] {processor.py:161} INFO - Started process (PID=1812) to work on /opt/airflow/dags/main.py
[2026-09-03T18:23:58.428+0000] {processor.py:830} INFO - Processing file /opt/airflow/dags/main.py for tasks to queue
[2026-09-03T18:23:58.431+0000] {logging_mixin.py:188} INFO - [2026-09-03T18:23:58.431+0000] {dagbag.py:545} INFO - Filling up the DagBag from /opt/airflow/dags/main.py
[2026-09-03T18:23:58.521+0000] {logging_mixin.py:188} INFO - channel id is not executed
[2026-09-03T18:23:58.712+0000] {processor.py:840} INFO - DAG(s) 'produce_json', 'update_db' retrieved from /opt/airflow/dags/main.py
[2026-09-03T18:23:59.713+0000] {logging_mixin.py:188} INFO - [2026-09-03T18:23:59.711+0000] {dag.py:3096} INFO - Sync 2 DAGs
[2026-09-03T18:23:59.901+0000] {logging_mixin.py:188} INFO - [2026-09-03T18:23:59.900+0000] {dag.py:3954} INFO - Setting next_dagrun for produce_json to 2026-09-04 14:00:00+00:00, run_after=2026-09-05 14:00:00+00:00
[2026-09-03T18:23:59.918+0000] {logging_mixin.py:188} INFO - [2026-09-03T18:23:59.917+0000] {dag.py:3954} INFO - Setting next_dagrun for update_db to 2026-09-04 15:00:00+00:00, run_after=2026-09-05 15:00:00+00:00
[2026-09-03T18:24:00.028+0000] {processor.py:183} INFO - Processing /opt/airflow/dags/main.py took 1.613 seconds
[2026-09-03T18:24:30.300+0000] {processor.py:161} INFO - Started process (PID=1818) to work on /opt/airflow/dags/main.py
[2026-09-03T18:24:30.303+0000] {processor.py:830} INFO - Processing file /opt/airflow/dags/main.py for tasks to queue
[2026-09-03T18:24:30.305+0000] {logging_mixin.py:188} INFO - [2026-09-03T18:24:30.305+0000] {dagbag.py:545} INFO - Filling up the DagBag from /opt/airflow/dags/main.py
[2026-09-03T18:24:30.587+0000] {logging_mixin.py:188} INFO - channel id is not executed
[2026-09-03T18:24:30.690+0000] {processor.py:840} INFO - DAG(s) 'update_db', 'produce_json' retrieved from /opt/airflow/dags/main.py
[2026-09-03T18:24:31.551+0000] {logging_mixin.py:188} INFO - [2026-09-03T18:24:31.550+0000] {dag.py:3096} INFO - Sync 2 DAGs
[2026-09-03T18:24:31.676+0000] {logging_mixin.py:188} INFO - [2026-09-03T18:24:31.675+0000] {dag.py:3954} INFO - Setting next_dagrun for produce_json to 2026-09-04 14:00:00+00:00, run_after=2026-09-05 14:00:00+00:00
[2026-09-03T18:24:31.689+0000] {logging_mixin.py:188} INFO - [2026-09-03T18:24:31.689+0000] {dag.py:3954} INFO - Setting next_dagrun for update_db to 2026-09-04 15:00:00+00:00, run_after=2026-09-05 15:00:00+00:00
[2026-09-03T18:24:31.788+0000] {processor.py:183} INFO - Processing /opt/airflow/dags/main.py took 1.498 seconds
[2026-09-03T18:25:02.419+0000] {processor.py:161} INFO - Started process (PID=1824) to work on /opt/airflow/dags/main.py
[2026-09-03T18:25:02.423+0000] {processor.py:830} INFO - Processing file /opt/airflow/dags/main.py for tasks to queue
[2026-09-03T18:25:02.425+0000] {logging_mixin.py:188} INFO - [2026-09-03T18:25:02.425+0000] {dagbag.py:545} INFO - Filling up the DagBag from /opt/airflow/dags/main.py
[2026-09-03T18:25:02.503+0000] {logging_mixin.py:188} INFO - channel id is not executed
[2026-09-03T18:25:02.605+0000] {processor.py:840} INFO - DAG(s) 'produce_json', 'update_db' retrieved from /opt/airflow/dags/main.py
[2026-09-03T18:25:02.901+0000] {logging_mixin.py:188} INFO - [2026-09-03T18:25:02.900+0000] {dag.py:3096} INFO - Sync 2 DAGs
[2026-09-03T18:25:02.943+0000] {logging_mixin.py:188} INFO - [2026-09-03T18:25:02.943+0000] {dag.py:3954} INFO - Setting next_dagrun for produce_json to 2026-09-04 14:00:00+00:00, run_after=2026-09-05 14:00:00+00:00
[2026-09-03T18:25:02.952+0000] {logging_mixin.py:188} INFO - [2026-09-03T18:25:02.952+0000] {dag.py:3954} INFO - Setting next_dagrun for update_db to 2026-09-04 15:00:00+00:00, run_after=2026-09-05 15:00:00+00:00
[2026-09-03T18:25:02.992+0000] {processor.py:183} INFO - Processing /opt/airflow/dags/main.py took 0.600 seconds
[2026-09-03T18:25:33.357+0000] {processor.py:161} INFO - Started process (PID=1830) to work on /opt/airflow/dags/main.py
[2026-09-03T18:25:33.360+0000] {processor.py:830} INFO - Processing file /opt/airflow/dags/main.py for tasks to queue
[2026-09-03T18:25:33.363+0000] {logging_mixin.py:188} INFO - [2026-09-03T18:25:33.362+0000] {dagbag.py:545} INFO - Filling up the DagBag from /opt/airflow/dags/main.py
[2026-09-03T18:25:33.443+0000] {logging_mixin.py:188} INFO - channel id is not executed
[2026-09-03T18:25:33.705+0000] {processor.py:840} INFO - DAG(s) 'produce_json', 'update_db' retrieved from /opt/airflow/dags/main.py
[2026-09-03T18:25:33.998+0000] {logging_mixin.py:188} INFO - [2026-09-03T18:25:33.997+0000] {dag.py:3096} INFO - Sync 2 DAGs
[2026-09-03T18:25:34.040+0000] {logging_mixin.py:188} INFO - [2026-09-03T18:25:34.040+0000] {dag.py:3954} INFO - Setting next_dagrun for produce_json to 2026-09-04 14:00:00+00:00, run_after=2026-09-05 14:00:00+00:00
[2026-09-03T18:25:34.054+0000] {logging_mixin.py:188} INFO - [2026-09-03T18:25:34.053+0000] {dag.py:3954} INFO - Setting next_dagrun for update_db to 2026-09-04 15:00:00+00:00, run_after=2026-09-05 15:00:00+00:00
[2026-09-03T18:25:34.150+0000] {processor.py:183} INFO - Processing /opt/airflow/dags/main.py took 0.803 seconds
[2026-09-03T18:26:04.842+0000] {processor.py:161} INFO - Started process (PID=1836) to work on /opt/airflow/dags/main.py
[2026-09-03T18:26:04.847+0000] {processor.py:830} INFO - Processing file /opt/airflow/dags/main.py for tasks to queue
[2026-09-03T18:26:04.851+0000] {logging_mixin.py:188} INFO - [2026-09-03T18:26:04.850+0000] {dagbag.py:545} INFO - Filling up the DagBag from /opt/airflow/dags/main.py
[2026-09-03T18:26:04.985+0000] {logging_mixin.py:188} INFO - channel id is not executed
[2026-09-03T18:26:05.081+0000] {processor.py:840} INFO - DAG(s) 'update_db', 'produce_json' retrieved from /opt/airflow/dags/main.py
[2026-09-03T18:26:05.388+0000] {logging_mixin.py:188} INFO - [2026-09-03T18:26:05.388+0000] {dag.py:3096} INFO - Sync 2 DAGs
[2026-09-03T18:26:05.430+0000] {logging_mixin.py:188} INFO - [2026-09-03T18:26:05.429+0000] {dag.py:3954} INFO - Setting next_dagrun for produce_json to 2026-09-04 14:00:00+00:00, run_after=2026-09-05 14:00:00+00:00
[2026-09-03T18:26:05.441+0000] {logging_mixin.py:188} INFO - [2026-09-03T18:26:05.441+0000] {dag.py:3954} INFO - Setting next_dagrun for update_db to 2026-09-04 15:00:00+00:00, run_after=2026-09-05 15:00:00+00:00
[2026-09-03T18:26:05.498+0000] {processor.py:183} INFO - Processing /opt/airflow/dags/main.py took 0.666 seconds
[2026-09-03T18:26:36.380+0000] {processor.py:161} INFO - Started process (PID=1843) to work on /opt/airflow/dags/main.py
[2026-09-03T18:26:36.382+0000] {processor.py:830} INFO - Processing file /opt/airflow/dags/main.py for tasks to queue
[2026-09-03T18:26:36.385+0000] {logging_mixin.py:188} INFO - [2026-09-03T18:26:36.384+0000] {dagbag.py:545} INFO - Filling up the DagBag from /opt/airflow/dags/main.py
[2026-09-03T18:26:36.493+0000] {logging_mixin.py:188} INFO - channel id is not executed
[2026-09-03T18:26:36.631+0000] {processor.py:840} INFO - DAG(s) 'produce_json', 'update_db' retrieved from /opt/airflow/dags/main.py
[2026-09-03T18:26:37.060+0000] {logging_mixin.py:188} INFO - [2026-09-03T18:26:37.060+0000] {dag.py:3096} INFO - Sync 2 DAGs
[2026-09-03T18:26:37.147+0000] {logging_mixin.py:188} INFO - [2026-09-03T18:26:37.146+0000] {dag.py:3954} INFO - Setting next_dagrun for produce_json to 2026-09-04 14:00:00+00:00, run_after=2026-09-05 14:00:00+00:00
[2026-09-03T18:26:37.156+0000] {logging_mixin.py:188} INFO - [2026-09-03T18:26:37.156+0000] {dag.py:3954} INFO - Setting next_dagrun for update_db to 2026-09-04 15:00:00+00:00, run_after=2026-09-05 15:00:00+00:00
[2026-09-03T18:26:37.251+0000] {processor.py:183} INFO - Processing /opt/airflow/dags/main.py took 0.881 seconds
[2026-09-03T18:27:08.053+0000] {processor.py:161} INFO - Started process (PID=1851) to work on /opt/airflow/dags/main.py
[2026-09-03T18:27:08.056+0000] {processor.py:830} INFO - Processing file /opt/airflow/dags/main.py for tasks to queue
[2026-09-03T18:27:08.059+0000] {logging_mixin.py:188} INFO - [2026-09-03T18:27:08.058+0000] {dagbag.py:545} INFO - Filling up the DagBag from /opt/airflow/dags/main.py
[2026-09-03T18:27:08.160+0000] {logging_mixin.py:188} INFO - channel id is not executed
[2026-09-03T18:27:08.343+0000] {processor.py:840} INFO - DAG(s) 'update_db', 'produce_json' retrieved from /opt/airflow/dags/main.py
[2026-09-03T18:27:08.566+0000] {logging_mixin.py:188} INFO - [2026-09-03T18:27:08.566+0000] {dag.py:3096} INFO - Sync 2 DAGs
[2026-09-03T18:27:08.615+0000] {logging_mixin.py:188} INFO - [2026-09-03T18:27:08.615+0000] {dag.py:3954} INFO - Setting next_dagrun for produce_json to 2026-09-04 14:00:00+00:00, run_after=2026-09-05 14:00:00+00:00
[2026-09-03T18:27:08.625+0000] {logging_mixin.py:188} INFO - [2026-09-03T18:27:08.625+0000] {dag.py:3954} INFO - Setting next_dagrun for update_db to 2026-09-04 15:00:00+00:00, run_after=2026-09-05 15:00:00+00:00
[2026-09-03T18:27:08.661+0000] {processor.py:183} INFO - Processing /opt/airflow/dags/main.py took 0.618 seconds
[2026-09-03T18:27:39.311+0000] {processor.py:161} INFO - Started process (PID=1858) to work on /opt/airflow/dags/main.py
[2026-09-03T18:27:39.314+0000] {processor.py:830} INFO - Processing file /opt/airflow/dags/main.py for tasks to queue
[2026-09-03T18:27:39.320+0000] {logging_mixin.py:188} INFO - [2026-09-03T18:27:39.320+0000] {dagbag.py:545} INFO - Filling up the DagBag from /opt/airflow/dags/main.py
[2026-09-03T18:27:39.406+0000] {logging_mixin.py:188} INFO - channel id is not executed
[2026-09-03T18:27:39.621+0000] {processor.py:840} INFO - DAG(s) 'produce_json', 'update_db' retrieved from /opt/airflow/dags/main.py
[2026-09-03T18:27:40.127+0000] {logging_mixin.py:188} INFO - [2026-09-03T18:27:40.127+0000] {dag.py:3096} INFO - Sync 2 DAGs
[2026-09-03T18:27:40.259+0000] {logging_mixin.py:188} INFO - [2026-09-03T18:27:40.258+0000] {dag.py:3954} INFO - Setting next_dagrun for produce_json to 2026-09-04 14:00:00+00:00, run_after=2026-09-05 14:00:00+00:00
[2026-09-03T18:27:40.275+0000] {logging_mixin.py:188} INFO - [2026-09-03T18:27:40.274+0000] {dag.py:3954} INFO - Setting next_dagrun for update_db to 2026-09-04 15:00:00+00:00, run_after=2026-09-05 15:00:00+00:00
[2026-09-03T18:27:40.371+0000] {processor.py:183} INFO - Processing /opt/airflow/dags/main.py took 1.070 seconds
[2026-09-03T18:28:10.938+0000] {processor.py:161} INFO - Started process (PID=1864) to work on /opt/airflow/dags/main.py
[2026-09-03T18:28:10.941+0000] {processor.py:830} INFO - Processing file /opt/airflow/dags/main.py for tasks to queue
[2026-09-03T18:28:10.944+0000] {logging_mixin.py:188} INFO - [2026-09-03T18:28:10.944+0000] {dagbag.py:545} INFO - Filling up the DagBag from /opt/airflow/dags/main.py
[2026-09-03T18:28:11.062+0000] {logging_mixin.py:188} INFO - channel id is not executed
[2026-09-03T18:28:11.317+0000] {processor.py:840} INFO - DAG(s) 'update_db', 'produce_json' retrieved from /opt/airflow/dags/main.py
[2026-09-03T18:28:12.094+0000] {logging_mixin.py:188} INFO - [2026-09-03T18:28:12.094+0000] {dag.py:3096} INFO - Sync 2 DAGs
[2026-09-03T18:28:12.234+0000] {logging_mixin.py:188} INFO - [2026-09-03T18:28:12.233+0000] {dag.py:3954} INFO - Setting next_dagrun for produce_json to 2026-09-04 14:00:00+00:00, run_after=2026-09-05 14:00:00+00:00
[2026-09-03T18:28:12.249+0000] {logging_mixin.py:188} INFO - [2026-09-03T18:28:12.249+0000] {dag.py:3954} INFO - Setting next_dagrun for update_db to 2026-09-04 15:00:00+00:00, run_after=2026-09-05 15:00:00+00:00
[2026-09-03T18:28:12.339+0000] {processor.py:183} INFO - Processing /opt/airflow/dags/main.py took 1.428 seconds
[2026-09-03T18:28:42.553+0000] {processor.py:161} INFO - Started process (PID=1871) to work on /opt/airflow/dags/main.py
[2026-09-03T18:28:42.555+0000] {processor.py:830} INFO - Processing file /opt/airflow/dags/main.py for tasks to queue
[2026-09-03T18:28:42.558+0000] {logging_mixin.py:188} INFO - [2026-09-03T18:28:42.557+0000] {dagbag.py:545} INFO - Filling up the DagBag from /opt/airflow/dags/main.py
[2026-09-03T18:28:42.630+0000] {logging_mixin.py:188} INFO - channel id is not executed
[2026-09-03T18:28:42.742+0000] {processor.py:840} INFO - DAG(s) 'produce_json', 'update_db' retrieved from /opt/airflow/dags/main.py
[2026-09-03T18:28:42.971+0000] {logging_mixin.py:188} INFO - [2026-09-03T18:28:42.971+0000] {dag.py:3096} INFO - Sync 2 DAGs
[2026-09-03T18:28:43.077+0000] {logging_mixin.py:188} INFO - [2026-09-03T18:28:43.075+0000] {dag.py:3954} INFO - Setting next_dagrun for produce_json to 2026-09-04 14:00:00+00:00, run_after=2026-09-05 14:00:00+00:00
[2026-09-03T18:28:43.090+0000] {logging_mixin.py:188} INFO - [2026-09-03T18:28:43.089+0000] {dag.py:3954} INFO - Setting next_dagrun for update_db to 2026-09-04 15:00:00+00:00, run_after=2026-09-05 15:00:00+00:00
[2026-09-03T18:28:43.271+0000] {processor.py:183} INFO - Processing /opt/airflow/dags/main.py took 0.728 seconds
