[2026-09-05T05:10:57.319+0000] {processor.py:161} INFO - Started process (PID=78) to work on /opt/airflow/dags/main.py
[2026-09-05T05:10:57.369+0000] {processor.py:830} INFO - Processing file /opt/airflow/dags/main.py for tasks to queue
[2026-09-05T05:10:57.400+0000] {logging_mixin.py:188} INFO - [2026-09-05T05:10:57.399+0000] {dagbag.py:545} INFO - Filling up the DagBag from /opt/airflow/dags/main.py
[2026-09-05T05:10:59.431+0000] {logging_mixin.py:188} INFO - channel id is not executed
[2026-09-05T05:11:01.179+0000] {processor.py:840} INFO - DAG(s) 'produce_json', 'update_db' retrieved from /opt/airflow/dags/main.py
[2026-09-05T05:11:03.768+0000] {logging_mixin.py:188} INFO - [2026-09-05T05:11:03.768+0000] {dag.py:3096} INFO - Sync 2 DAGs
[2026-09-05T05:11:04.025+0000] {logging_mixin.py:188} INFO - [2026-09-05T05:11:04.008+0000] {dag.py:3954} INFO - Setting next_dagrun for produce_json to 2026-09-05 14:00:00+00:00, run_after=2026-09-06 14:00:00+00:00
[2026-09-05T05:11:04.090+0000] {logging_mixin.py:188} INFO - [2026-09-05T05:11:04.090+0000] {dag.py:3954} INFO - Setting next_dagrun for update_db to 2026-09-05 15:00:00+00:00, run_after=2026-09-06 15:00:00+00:00
[2026-09-05T05:11:04.221+0000] {processor.py:183} INFO - Processing /opt/airflow/dags/main.py took 7.043 seconds
[2026-09-05T05:11:35.692+0000] {processor.py:161} INFO - Started process (PID=90) to work on /opt/airflow/dags/main.py
[2026-09-05T05:11:35.733+0000] {processor.py:830} INFO - Processing file /opt/airflow/dags/main.py for tasks to queue
[2026-09-05T05:11:35.807+0000] {logging_mixin.py:188} INFO - [2026-09-05T05:11:35.806+0000] {dagbag.py:545} INFO - Filling up the DagBag from /opt/airflow/dags/main.py
[2026-09-05T05:11:36.088+0000] {logging_mixin.py:188} INFO - channel id is not executed
[2026-09-05T05:11:36.592+0000] {processor.py:840} INFO - DAG(s) 'update_db', 'produce_json' retrieved from /opt/airflow/dags/main.py
[2026-09-05T05:11:37.675+0000] {logging_mixin.py:188} INFO - [2026-09-05T05:11:37.675+0000] {dag.py:3096} INFO - Sync 2 DAGs
[2026-09-05T05:11:37.884+0000] {logging_mixin.py:188} INFO - [2026-09-05T05:11:37.876+0000] {dag.py:3954} INFO - Setting next_dagrun for produce_json to 2026-09-05 14:00:00+00:00, run_after=2026-09-06 14:00:00+00:00
[2026-09-05T05:11:37.954+0000] {logging_mixin.py:188} INFO - [2026-09-05T05:11:37.954+0000] {dag.py:3954} INFO - Setting next_dagrun for update_db to 2026-09-05 15:00:00+00:00, run_after=2026-09-06 15:00:00+00:00
[2026-09-05T05:11:38.249+0000] {processor.py:183} INFO - Processing /opt/airflow/dags/main.py took 2.698 seconds
[2026-09-05T05:12:11.880+0000] {processor.py:161} INFO - Started process (PID=97) to work on /opt/airflow/dags/main.py
[2026-09-05T05:12:12.011+0000] {processor.py:830} INFO - Processing file /opt/airflow/dags/main.py for tasks to queue
[2026-09-05T05:12:12.111+0000] {logging_mixin.py:188} INFO - [2026-09-05T05:12:12.085+0000] {dagbag.py:545} INFO - Filling up the DagBag from /opt/airflow/dags/main.py
[2026-09-05T05:12:12.626+0000] {logging_mixin.py:188} INFO - channel id is not executed
[2026-09-05T05:12:13.309+0000] {processor.py:840} INFO - DAG(s) 'update_db', 'produce_json' retrieved from /opt/airflow/dags/main.py
[2026-09-05T05:12:16.928+0000] {logging_mixin.py:188} INFO - [2026-09-05T05:12:16.928+0000] {dag.py:3096} INFO - Sync 2 DAGs
[2026-09-05T05:12:17.347+0000] {logging_mixin.py:188} INFO - [2026-09-05T05:12:17.346+0000] {dag.py:3954} INFO - Setting next_dagrun for produce_json to 2026-09-05 14:00:00+00:00, run_after=2026-09-06 14:00:00+00:00
[2026-09-05T05:12:17.411+0000] {logging_mixin.py:188} INFO - [2026-09-05T05:12:17.410+0000] {dag.py:3954} INFO - Setting next_dagrun for update_db to 2026-09-05 15:00:00+00:00, run_after=2026-09-06 15:00:00+00:00
[2026-09-05T05:12:18.069+0000] {processor.py:183} INFO - Processing /opt/airflow/dags/main.py took 6.396 seconds
[2026-09-05T05:12:51.419+0000] {processor.py:161} INFO - Started process (PID=104) to work on /opt/airflow/dags/main.py
[2026-09-05T05:12:51.494+0000] {processor.py:830} INFO - Processing file /opt/airflow/dags/main.py for tasks to queue
[2026-09-05T05:12:51.666+0000] {logging_mixin.py:188} INFO - [2026-09-05T05:12:51.665+0000] {dagbag.py:545} INFO - Filling up the DagBag from /opt/airflow/dags/main.py
[2026-09-05T05:12:52.507+0000] {logging_mixin.py:188} INFO - channel id is not executed
[2026-09-05T05:12:52.943+0000] {processor.py:840} INFO - DAG(s) 'produce_json', 'update_db' retrieved from /opt/airflow/dags/main.py
[2026-09-05T05:12:54.384+0000] {logging_mixin.py:188} INFO - [2026-09-05T05:12:54.384+0000] {dag.py:3096} INFO - Sync 2 DAGs
[2026-09-05T05:12:54.593+0000] {logging_mixin.py:188} INFO - [2026-09-05T05:12:54.593+0000] {dag.py:3954} INFO - Setting next_dagrun for produce_json to 2026-09-05 14:00:00+00:00, run_after=2026-09-06 14:00:00+00:00
[2026-09-05T05:12:54.744+0000] {logging_mixin.py:188} INFO - [2026-09-05T05:12:54.743+0000] {dag.py:3954} INFO - Setting next_dagrun for update_db to 2026-09-05 15:00:00+00:00, run_after=2026-09-06 15:00:00+00:00
[2026-09-05T05:12:54.919+0000] {processor.py:183} INFO - Processing /opt/airflow/dags/main.py took 4.728 seconds
[2026-09-05T05:13:26.016+0000] {processor.py:161} INFO - Started process (PID=111) to work on /opt/airflow/dags/main.py
[2026-09-05T05:13:26.046+0000] {processor.py:830} INFO - Processing file /opt/airflow/dags/main.py for tasks to queue
[2026-09-05T05:13:26.157+0000] {logging_mixin.py:188} INFO - [2026-09-05T05:13:26.156+0000] {dagbag.py:545} INFO - Filling up the DagBag from /opt/airflow/dags/main.py
[2026-09-05T05:13:26.378+0000] {logging_mixin.py:188} INFO - channel id is not executed
[2026-09-05T05:13:26.686+0000] {processor.py:840} INFO - DAG(s) 'produce_json', 'update_db' retrieved from /opt/airflow/dags/main.py
[2026-09-05T05:13:27.769+0000] {logging_mixin.py:188} INFO - [2026-09-05T05:13:27.769+0000] {dag.py:3096} INFO - Sync 2 DAGs
[2026-09-05T05:13:28.100+0000] {logging_mixin.py:188} INFO - [2026-09-05T05:13:28.100+0000] {dag.py:3954} INFO - Setting next_dagrun for produce_json to 2026-09-05 14:00:00+00:00, run_after=2026-09-06 14:00:00+00:00
[2026-09-05T05:13:28.122+0000] {logging_mixin.py:188} INFO - [2026-09-05T05:13:28.122+0000] {dag.py:3954} INFO - Setting next_dagrun for update_db to 2026-09-05 15:00:00+00:00, run_after=2026-09-06 15:00:00+00:00
[2026-09-05T05:13:28.216+0000] {processor.py:183} INFO - Processing /opt/airflow/dags/main.py took 2.212 seconds
[2026-09-05T05:14:00.096+0000] {processor.py:161} INFO - Started process (PID=118) to work on /opt/airflow/dags/main.py
[2026-09-05T05:14:00.106+0000] {processor.py:830} INFO - Processing file /opt/airflow/dags/main.py for tasks to queue
[2026-09-05T05:14:00.153+0000] {logging_mixin.py:188} INFO - [2026-09-05T05:14:00.147+0000] {dagbag.py:545} INFO - Filling up the DagBag from /opt/airflow/dags/main.py
[2026-09-05T05:14:01.638+0000] {logging_mixin.py:188} INFO - channel id is not executed
[2026-09-05T05:14:03.373+0000] {processor.py:840} INFO - DAG(s) 'update_db', 'produce_json' retrieved from /opt/airflow/dags/main.py
[2026-09-05T05:14:04.303+0000] {logging_mixin.py:188} INFO - [2026-09-05T05:14:04.303+0000] {dag.py:3096} INFO - Sync 2 DAGs
[2026-09-05T05:14:04.496+0000] {logging_mixin.py:188} INFO - [2026-09-05T05:14:04.496+0000] {dag.py:3954} INFO - Setting next_dagrun for produce_json to 2026-09-05 14:00:00+00:00, run_after=2026-09-06 14:00:00+00:00
[2026-09-05T05:14:04.515+0000] {logging_mixin.py:188} INFO - [2026-09-05T05:14:04.515+0000] {dag.py:3954} INFO - Setting next_dagrun for update_db to 2026-09-05 15:00:00+00:00, run_after=2026-09-06 15:00:00+00:00
[2026-09-05T05:14:04.771+0000] {processor.py:183} INFO - Processing /opt/airflow/dags/main.py took 4.762 seconds
[2026-09-05T05:14:39.140+0000] {processor.py:161} INFO - Started process (PID=124) to work on /opt/airflow/dags/main.py
[2026-09-05T05:14:39.691+0000] {processor.py:830} INFO - Processing file /opt/airflow/dags/main.py for tasks to queue
[2026-09-05T05:14:39.908+0000] {logging_mixin.py:188} INFO - [2026-09-05T05:14:39.907+0000] {dagbag.py:545} INFO - Filling up the DagBag from /opt/airflow/dags/main.py
[2026-09-05T05:14:41.919+0000] {logging_mixin.py:188} INFO - channel id is not executed
[2026-09-05T05:14:43.608+0000] {processor.py:840} INFO - DAG(s) 'produce_json', 'update_db' retrieved from /opt/airflow/dags/main.py
[2026-09-05T05:14:45.803+0000] {logging_mixin.py:188} INFO - [2026-09-05T05:14:45.803+0000] {dag.py:3096} INFO - Sync 2 DAGs
[2026-09-05T05:14:46.035+0000] {logging_mixin.py:188} INFO - [2026-09-05T05:14:46.035+0000] {dag.py:3954} INFO - Setting next_dagrun for produce_json to 2026-09-05 14:00:00+00:00, run_after=2026-09-06 14:00:00+00:00
[2026-09-05T05:14:46.121+0000] {logging_mixin.py:188} INFO - [2026-09-05T05:14:46.121+0000] {dag.py:3954} INFO - Setting next_dagrun for update_db to 2026-09-05 15:00:00+00:00, run_after=2026-09-06 15:00:00+00:00
[2026-09-05T05:14:46.374+0000] {processor.py:183} INFO - Processing /opt/airflow/dags/main.py took 7.781 seconds
[2026-09-05T05:15:17.940+0000] {processor.py:161} INFO - Started process (PID=137) to work on /opt/airflow/dags/main.py
[2026-09-05T05:15:17.976+0000] {processor.py:830} INFO - Processing file /opt/airflow/dags/main.py for tasks to queue
[2026-09-05T05:15:18.062+0000] {logging_mixin.py:188} INFO - [2026-09-05T05:15:18.010+0000] {dagbag.py:545} INFO - Filling up the DagBag from /opt/airflow/dags/main.py
[2026-09-05T05:15:20.482+0000] {logging_mixin.py:188} INFO - channel id is not executed
[2026-09-05T05:15:22.045+0000] {processor.py:840} INFO - DAG(s) 'produce_json', 'update_db' retrieved from /opt/airflow/dags/main.py
[2026-09-05T05:15:23.233+0000] {logging_mixin.py:188} INFO - [2026-09-05T05:15:23.233+0000] {dag.py:3096} INFO - Sync 2 DAGs
[2026-09-05T05:15:23.302+0000] {logging_mixin.py:188} INFO - [2026-09-05T05:15:23.302+0000] {dag.py:3954} INFO - Setting next_dagrun for produce_json to 2026-09-05 14:00:00+00:00, run_after=2026-09-06 14:00:00+00:00
[2026-09-05T05:15:23.318+0000] {logging_mixin.py:188} INFO - [2026-09-05T05:15:23.317+0000] {dag.py:3954} INFO - Setting next_dagrun for update_db to 2026-09-05 15:00:00+00:00, run_after=2026-09-06 15:00:00+00:00
[2026-09-05T05:15:23.402+0000] {processor.py:183} INFO - Processing /opt/airflow/dags/main.py took 5.575 seconds
[2026-09-05T05:15:55.056+0000] {processor.py:161} INFO - Started process (PID=144) to work on /opt/airflow/dags/main.py
[2026-09-05T05:15:55.059+0000] {processor.py:830} INFO - Processing file /opt/airflow/dags/main.py for tasks to queue
[2026-09-05T05:15:55.069+0000] {logging_mixin.py:188} INFO - [2026-09-05T05:15:55.068+0000] {dagbag.py:545} INFO - Filling up the DagBag from /opt/airflow/dags/main.py
[2026-09-05T05:15:55.160+0000] {logging_mixin.py:188} INFO - channel id is not executed
[2026-09-05T05:15:55.252+0000] {processor.py:840} INFO - DAG(s) 'produce_json', 'update_db' retrieved from /opt/airflow/dags/main.py
[2026-09-05T05:15:55.576+0000] {logging_mixin.py:188} INFO - [2026-09-05T05:15:55.576+0000] {dag.py:3096} INFO - Sync 2 DAGs
[2026-09-05T05:15:55.660+0000] {logging_mixin.py:188} INFO - [2026-09-05T05:15:55.660+0000] {dag.py:3954} INFO - Setting next_dagrun for produce_json to 2026-09-05 14:00:00+00:00, run_after=2026-09-06 14:00:00+00:00
[2026-09-05T05:15:55.680+0000] {logging_mixin.py:188} INFO - [2026-09-05T05:15:55.680+0000] {dag.py:3954} INFO - Setting next_dagrun for update_db to 2026-09-05 15:00:00+00:00, run_after=2026-09-06 15:00:00+00:00
[2026-09-05T05:15:55.746+0000] {processor.py:183} INFO - Processing /opt/airflow/dags/main.py took 0.705 seconds
[2026-09-05T05:16:26.990+0000] {processor.py:161} INFO - Started process (PID=150) to work on /opt/airflow/dags/main.py
[2026-09-05T05:16:27.066+0000] {processor.py:830} INFO - Processing file /opt/airflow/dags/main.py for tasks to queue
[2026-09-05T05:16:27.103+0000] {logging_mixin.py:188} INFO - [2026-09-05T05:16:27.101+0000] {dagbag.py:545} INFO - Filling up the DagBag from /opt/airflow/dags/main.py
[2026-09-05T05:16:30.468+0000] {logging_mixin.py:188} INFO - channel id is not executed
[2026-09-05T05:16:34.748+0000] {processor.py:840} INFO - DAG(s) 'produce_json', 'update_db' retrieved from /opt/airflow/dags/main.py
[2026-09-05T05:16:35.409+0000] {logging_mixin.py:188} INFO - [2026-09-05T05:16:35.409+0000] {dag.py:3096} INFO - Sync 2 DAGs
[2026-09-05T05:16:35.496+0000] {logging_mixin.py:188} INFO - [2026-09-05T05:16:35.495+0000] {dag.py:3954} INFO - Setting next_dagrun for produce_json to 2026-09-05 14:00:00+00:00, run_after=2026-09-06 14:00:00+00:00
[2026-09-05T05:16:35.506+0000] {logging_mixin.py:188} INFO - [2026-09-05T05:16:35.505+0000] {dag.py:3954} INFO - Setting next_dagrun for update_db to 2026-09-05 15:00:00+00:00, run_after=2026-09-06 15:00:00+00:00
[2026-09-05T05:16:35.556+0000] {processor.py:183} INFO - Processing /opt/airflow/dags/main.py took 8.728 seconds
[2026-09-05T05:17:06.092+0000] {processor.py:161} INFO - Started process (PID=156) to work on /opt/airflow/dags/main.py
[2026-09-05T05:17:06.100+0000] {processor.py:830} INFO - Processing file /opt/airflow/dags/main.py for tasks to queue
[2026-09-05T05:17:06.105+0000] {logging_mixin.py:188} INFO - [2026-09-05T05:17:06.105+0000] {dagbag.py:545} INFO - Filling up the DagBag from /opt/airflow/dags/main.py
[2026-09-05T05:17:06.514+0000] {logging_mixin.py:188} INFO - channel id is not executed
[2026-09-05T05:17:06.696+0000] {processor.py:840} INFO - DAG(s) 'produce_json', 'update_db' retrieved from /opt/airflow/dags/main.py
[2026-09-05T05:17:07.021+0000] {logging_mixin.py:188} INFO - [2026-09-05T05:17:07.020+0000] {dag.py:3096} INFO - Sync 2 DAGs
[2026-09-05T05:17:07.129+0000] {logging_mixin.py:188} INFO - [2026-09-05T05:17:07.128+0000] {dag.py:3954} INFO - Setting next_dagrun for produce_json to 2026-09-05 14:00:00+00:00, run_after=2026-09-06 14:00:00+00:00
[2026-09-05T05:17:07.137+0000] {logging_mixin.py:188} INFO - [2026-09-05T05:17:07.137+0000] {dag.py:3954} INFO - Setting next_dagrun for update_db to 2026-09-05 15:00:00+00:00, run_after=2026-09-06 15:00:00+00:00
[2026-09-05T05:17:07.201+0000] {processor.py:183} INFO - Processing /opt/airflow/dags/main.py took 1.128 seconds
[2026-09-05T05:17:38.035+0000] {processor.py:161} INFO - Started process (PID=164) to work on /opt/airflow/dags/main.py
[2026-09-05T05:17:38.052+0000] {processor.py:830} INFO - Processing file /opt/airflow/dags/main.py for tasks to queue
[2026-09-05T05:17:38.057+0000] {logging_mixin.py:188} INFO - [2026-09-05T05:17:38.057+0000] {dagbag.py:545} INFO - Filling up the DagBag from /opt/airflow/dags/main.py
[2026-09-05T05:17:38.173+0000] {logging_mixin.py:188} INFO - channel id is not executed
[2026-09-05T05:17:38.585+0000] {processor.py:840} INFO - DAG(s) 'produce_json', 'update_db' retrieved from /opt/airflow/dags/main.py
[2026-09-05T05:17:39.161+0000] {logging_mixin.py:188} INFO - [2026-09-05T05:17:39.160+0000] {dag.py:3096} INFO - Sync 2 DAGs
[2026-09-05T05:17:39.240+0000] {logging_mixin.py:188} INFO - [2026-09-05T05:17:39.240+0000] {dag.py:3954} INFO - Setting next_dagrun for produce_json to 2026-09-05 14:00:00+00:00, run_after=2026-09-06 14:00:00+00:00
[2026-09-05T05:17:39.249+0000] {logging_mixin.py:188} INFO - [2026-09-05T05:17:39.249+0000] {dag.py:3954} INFO - Setting next_dagrun for update_db to 2026-09-05 15:00:00+00:00, run_after=2026-09-06 15:00:00+00:00
[2026-09-05T05:17:39.355+0000] {processor.py:183} INFO - Processing /opt/airflow/dags/main.py took 1.352 seconds
[2026-09-05T05:18:10.521+0000] {processor.py:161} INFO - Started process (PID=177) to work on /opt/airflow/dags/main.py
[2026-09-05T05:18:10.523+0000] {processor.py:830} INFO - Processing file /opt/airflow/dags/main.py for tasks to queue
[2026-09-05T05:18:10.536+0000] {logging_mixin.py:188} INFO - [2026-09-05T05:18:10.532+0000] {dagbag.py:545} INFO - Filling up the DagBag from /opt/airflow/dags/main.py
[2026-09-05T05:18:10.618+0000] {logging_mixin.py:188} INFO - channel id is not executed
[2026-09-05T05:18:10.794+0000] {processor.py:840} INFO - DAG(s) 'produce_json', 'update_db' retrieved from /opt/airflow/dags/main.py
[2026-09-05T05:18:11.009+0000] {logging_mixin.py:188} INFO - [2026-09-05T05:18:11.009+0000] {dag.py:3096} INFO - Sync 2 DAGs
[2026-09-05T05:18:11.048+0000] {logging_mixin.py:188} INFO - [2026-09-05T05:18:11.048+0000] {dag.py:3954} INFO - Setting next_dagrun for produce_json to 2026-09-05 14:00:00+00:00, run_after=2026-09-06 14:00:00+00:00
[2026-09-05T05:18:11.059+0000] {logging_mixin.py:188} INFO - [2026-09-05T05:18:11.058+0000] {dag.py:3954} INFO - Setting next_dagrun for update_db to 2026-09-05 15:00:00+00:00, run_after=2026-09-06 15:00:00+00:00
[2026-09-05T05:18:11.113+0000] {processor.py:183} INFO - Processing /opt/airflow/dags/main.py took 0.607 seconds
[2026-09-05T05:18:41.343+0000] {processor.py:161} INFO - Started process (PID=184) to work on /opt/airflow/dags/main.py
[2026-09-05T05:18:41.347+0000] {processor.py:830} INFO - Processing file /opt/airflow/dags/main.py for tasks to queue
[2026-09-05T05:18:41.353+0000] {logging_mixin.py:188} INFO - [2026-09-05T05:18:41.352+0000] {dagbag.py:545} INFO - Filling up the DagBag from /opt/airflow/dags/main.py
[2026-09-05T05:18:41.493+0000] {logging_mixin.py:188} INFO - channel id is not executed
[2026-09-05T05:18:41.621+0000] {processor.py:840} INFO - DAG(s) 'update_db', 'produce_json' retrieved from /opt/airflow/dags/main.py
[2026-09-05T05:18:42.086+0000] {logging_mixin.py:188} INFO - [2026-09-05T05:18:42.086+0000] {dag.py:3096} INFO - Sync 2 DAGs
[2026-09-05T05:18:42.198+0000] {logging_mixin.py:188} INFO - [2026-09-05T05:18:42.198+0000] {dag.py:3954} INFO - Setting next_dagrun for produce_json to 2026-09-05 14:00:00+00:00, run_after=2026-09-06 14:00:00+00:00
[2026-09-05T05:18:42.236+0000] {logging_mixin.py:188} INFO - [2026-09-05T05:18:42.236+0000] {dag.py:3954} INFO - Setting next_dagrun for update_db to 2026-09-05 15:00:00+00:00, run_after=2026-09-06 15:00:00+00:00
[2026-09-05T05:18:42.381+0000] {processor.py:183} INFO - Processing /opt/airflow/dags/main.py took 1.059 seconds
[2026-09-05T05:19:13.686+0000] {processor.py:161} INFO - Started process (PID=191) to work on /opt/airflow/dags/main.py
[2026-09-05T05:19:13.720+0000] {processor.py:830} INFO - Processing file /opt/airflow/dags/main.py for tasks to queue
[2026-09-05T05:19:13.731+0000] {logging_mixin.py:188} INFO - [2026-09-05T05:19:13.730+0000] {dagbag.py:545} INFO - Filling up the DagBag from /opt/airflow/dags/main.py
[2026-09-05T05:19:14.092+0000] {logging_mixin.py:188} INFO - channel id is not executed
[2026-09-05T05:19:14.928+0000] {processor.py:840} INFO - DAG(s) 'update_db', 'produce_json' retrieved from /opt/airflow/dags/main.py
[2026-09-05T05:19:15.485+0000] {logging_mixin.py:188} INFO - [2026-09-05T05:19:15.485+0000] {dag.py:3096} INFO - Sync 2 DAGs
[2026-09-05T05:19:15.581+0000] {logging_mixin.py:188} INFO - [2026-09-05T05:19:15.581+0000] {dag.py:3954} INFO - Setting next_dagrun for produce_json to 2026-09-05 14:00:00+00:00, run_after=2026-09-06 14:00:00+00:00
[2026-09-05T05:19:15.600+0000] {logging_mixin.py:188} INFO - [2026-09-05T05:19:15.599+0000] {dag.py:3954} INFO - Setting next_dagrun for update_db to 2026-09-05 15:00:00+00:00, run_after=2026-09-06 15:00:00+00:00
[2026-09-05T05:19:15.697+0000] {processor.py:183} INFO - Processing /opt/airflow/dags/main.py took 2.042 seconds
[2026-09-05T05:19:46.042+0000] {processor.py:161} INFO - Started process (PID=198) to work on /opt/airflow/dags/main.py
[2026-09-05T05:19:46.044+0000] {processor.py:830} INFO - Processing file /opt/airflow/dags/main.py for tasks to queue
[2026-09-05T05:19:46.054+0000] {logging_mixin.py:188} INFO - [2026-09-05T05:19:46.054+0000] {dagbag.py:545} INFO - Filling up the DagBag from /opt/airflow/dags/main.py
[2026-09-05T05:19:46.145+0000] {logging_mixin.py:188} INFO - channel id is not executed
[2026-09-05T05:19:46.286+0000] {processor.py:840} INFO - DAG(s) 'update_db', 'produce_json' retrieved from /opt/airflow/dags/main.py
[2026-09-05T05:19:46.619+0000] {logging_mixin.py:188} INFO - [2026-09-05T05:19:46.619+0000] {dag.py:3096} INFO - Sync 2 DAGs
[2026-09-05T05:19:46.666+0000] {logging_mixin.py:188} INFO - [2026-09-05T05:19:46.666+0000] {dag.py:3954} INFO - Setting next_dagrun for produce_json to 2026-09-05 14:00:00+00:00, run_after=2026-09-06 14:00:00+00:00
[2026-09-05T05:19:46.686+0000] {logging_mixin.py:188} INFO - [2026-09-05T05:19:46.685+0000] {dag.py:3954} INFO - Setting next_dagrun for update_db to 2026-09-05 15:00:00+00:00, run_after=2026-09-06 15:00:00+00:00
[2026-09-05T05:19:46.737+0000] {processor.py:183} INFO - Processing /opt/airflow/dags/main.py took 0.703 seconds
[2026-09-05T05:20:17.039+0000] {processor.py:161} INFO - Started process (PID=205) to work on /opt/airflow/dags/main.py
[2026-09-05T05:20:17.041+0000] {processor.py:830} INFO - Processing file /opt/airflow/dags/main.py for tasks to queue
[2026-09-05T05:20:17.057+0000] {logging_mixin.py:188} INFO - [2026-09-05T05:20:17.056+0000] {dagbag.py:545} INFO - Filling up the DagBag from /opt/airflow/dags/main.py
[2026-09-05T05:20:17.210+0000] {logging_mixin.py:188} INFO - channel id is not executed
[2026-09-05T05:20:17.465+0000] {processor.py:840} INFO - DAG(s) 'update_db', 'produce_json' retrieved from /opt/airflow/dags/main.py
[2026-09-05T05:20:18.313+0000] {logging_mixin.py:188} INFO - [2026-09-05T05:20:18.313+0000] {dag.py:3096} INFO - Sync 2 DAGs
[2026-09-05T05:20:18.382+0000] {logging_mixin.py:188} INFO - [2026-09-05T05:20:18.382+0000] {dag.py:3954} INFO - Setting next_dagrun for produce_json to 2026-09-05 14:00:00+00:00, run_after=2026-09-06 14:00:00+00:00
[2026-09-05T05:20:18.417+0000] {logging_mixin.py:188} INFO - [2026-09-05T05:20:18.416+0000] {dag.py:3954} INFO - Setting next_dagrun for update_db to 2026-09-05 15:00:00+00:00, run_after=2026-09-06 15:00:00+00:00
[2026-09-05T05:20:18.549+0000] {processor.py:183} INFO - Processing /opt/airflow/dags/main.py took 1.536 seconds
[2026-09-05T05:20:49.027+0000] {processor.py:161} INFO - Started process (PID=213) to work on /opt/airflow/dags/main.py
[2026-09-05T05:20:49.029+0000] {processor.py:830} INFO - Processing file /opt/airflow/dags/main.py for tasks to queue
[2026-09-05T05:20:49.035+0000] {logging_mixin.py:188} INFO - [2026-09-05T05:20:49.035+0000] {dagbag.py:545} INFO - Filling up the DagBag from /opt/airflow/dags/main.py
[2026-09-05T05:20:49.184+0000] {logging_mixin.py:188} INFO - channel id is not executed
[2026-09-05T05:20:49.325+0000] {processor.py:840} INFO - DAG(s) 'produce_json', 'update_db' retrieved from /opt/airflow/dags/main.py
[2026-09-05T05:20:49.722+0000] {logging_mixin.py:188} INFO - [2026-09-05T05:20:49.722+0000] {dag.py:3096} INFO - Sync 2 DAGs
[2026-09-05T05:20:49.822+0000] {logging_mixin.py:188} INFO - [2026-09-05T05:20:49.822+0000] {dag.py:3954} INFO - Setting next_dagrun for produce_json to 2026-09-05 14:00:00+00:00, run_after=2026-09-06 14:00:00+00:00
[2026-09-05T05:20:49.830+0000] {logging_mixin.py:188} INFO - [2026-09-05T05:20:49.830+0000] {dag.py:3954} INFO - Setting next_dagrun for update_db to 2026-09-05 15:00:00+00:00, run_after=2026-09-06 15:00:00+00:00
[2026-09-05T05:20:49.874+0000] {processor.py:183} INFO - Processing /opt/airflow/dags/main.py took 0.863 seconds
[2026-09-05T05:21:20.035+0000] {processor.py:161} INFO - Started process (PID=220) to work on /opt/airflow/dags/main.py
[2026-09-05T05:21:20.038+0000] {processor.py:830} INFO - Processing file /opt/airflow/dags/main.py for tasks to queue
[2026-09-05T05:21:20.046+0000] {logging_mixin.py:188} INFO - [2026-09-05T05:21:20.045+0000] {dagbag.py:545} INFO - Filling up the DagBag from /opt/airflow/dags/main.py
[2026-09-05T05:21:20.116+0000] {logging_mixin.py:188} INFO - channel id is not executed
[2026-09-05T05:21:20.213+0000] {processor.py:840} INFO - DAG(s) 'produce_json', 'update_db' retrieved from /opt/airflow/dags/main.py
[2026-09-05T05:21:20.471+0000] {logging_mixin.py:188} INFO - [2026-09-05T05:21:20.471+0000] {dag.py:3096} INFO - Sync 2 DAGs
[2026-09-05T05:21:20.530+0000] {logging_mixin.py:188} INFO - [2026-09-05T05:21:20.529+0000] {dag.py:3954} INFO - Setting next_dagrun for produce_json to 2026-09-05 14:00:00+00:00, run_after=2026-09-06 14:00:00+00:00
[2026-09-05T05:21:20.538+0000] {logging_mixin.py:188} INFO - [2026-09-05T05:21:20.538+0000] {dag.py:3954} INFO - Setting next_dagrun for update_db to 2026-09-05 15:00:00+00:00, run_after=2026-09-06 15:00:00+00:00
[2026-09-05T05:21:20.586+0000] {processor.py:183} INFO - Processing /opt/airflow/dags/main.py took 0.568 seconds
[2026-09-05T05:21:51.858+0000] {processor.py:161} INFO - Started process (PID=227) to work on /opt/airflow/dags/main.py
[2026-09-05T05:21:51.868+0000] {processor.py:830} INFO - Processing file /opt/airflow/dags/main.py for tasks to queue
[2026-09-05T05:21:51.932+0000] {logging_mixin.py:188} INFO - [2026-09-05T05:21:51.931+0000] {dagbag.py:545} INFO - Filling up the DagBag from /opt/airflow/dags/main.py
[2026-09-05T05:21:52.074+0000] {logging_mixin.py:188} INFO - channel id is not executed
[2026-09-05T05:21:52.862+0000] {processor.py:840} INFO - DAG(s) 'produce_json', 'update_db' retrieved from /opt/airflow/dags/main.py
[2026-09-05T05:21:53.885+0000] {logging_mixin.py:188} INFO - [2026-09-05T05:21:53.885+0000] {dag.py:3096} INFO - Sync 2 DAGs
[2026-09-05T05:21:54.004+0000] {logging_mixin.py:188} INFO - [2026-09-05T05:21:54.003+0000] {dag.py:3954} INFO - Setting next_dagrun for produce_json to 2026-09-05 14:00:00+00:00, run_after=2026-09-06 14:00:00+00:00
[2026-09-05T05:21:54.044+0000] {logging_mixin.py:188} INFO - [2026-09-05T05:21:54.044+0000] {dag.py:3954} INFO - Setting next_dagrun for update_db to 2026-09-05 15:00:00+00:00, run_after=2026-09-06 15:00:00+00:00
[2026-09-05T05:21:54.181+0000] {processor.py:183} INFO - Processing /opt/airflow/dags/main.py took 2.334 seconds
[2026-09-05T05:22:25.365+0000] {processor.py:161} INFO - Started process (PID=233) to work on /opt/airflow/dags/main.py
[2026-09-05T05:22:25.369+0000] {processor.py:830} INFO - Processing file /opt/airflow/dags/main.py for tasks to queue
[2026-09-05T05:22:25.389+0000] {logging_mixin.py:188} INFO - [2026-09-05T05:22:25.389+0000] {dagbag.py:545} INFO - Filling up the DagBag from /opt/airflow/dags/main.py
[2026-09-05T05:22:25.477+0000] {logging_mixin.py:188} INFO - channel id is not executed
[2026-09-05T05:22:25.571+0000] {processor.py:840} INFO - DAG(s) 'update_db', 'produce_json' retrieved from /opt/airflow/dags/main.py
[2026-09-05T05:22:25.846+0000] {logging_mixin.py:188} INFO - [2026-09-05T05:22:25.846+0000] {dag.py:3096} INFO - Sync 2 DAGs
[2026-09-05T05:22:25.881+0000] {logging_mixin.py:188} INFO - [2026-09-05T05:22:25.881+0000] {dag.py:3954} INFO - Setting next_dagrun for produce_json to 2026-09-05 14:00:00+00:00, run_after=2026-09-06 14:00:00+00:00
[2026-09-05T05:22:25.890+0000] {logging_mixin.py:188} INFO - [2026-09-05T05:22:25.889+0000] {dag.py:3954} INFO - Setting next_dagrun for update_db to 2026-09-05 15:00:00+00:00, run_after=2026-09-06 15:00:00+00:00
[2026-09-05T05:22:25.951+0000] {processor.py:183} INFO - Processing /opt/airflow/dags/main.py took 0.613 seconds
[2026-09-05T05:22:56.683+0000] {processor.py:161} INFO - Started process (PID=240) to work on /opt/airflow/dags/main.py
[2026-09-05T05:22:56.687+0000] {processor.py:830} INFO - Processing file /opt/airflow/dags/main.py for tasks to queue
[2026-09-05T05:22:56.696+0000] {logging_mixin.py:188} INFO - [2026-09-05T05:22:56.696+0000] {dagbag.py:545} INFO - Filling up the DagBag from /opt/airflow/dags/main.py
[2026-09-05T05:22:56.770+0000] {logging_mixin.py:188} INFO - channel id is not executed
[2026-09-05T05:22:56.870+0000] {processor.py:840} INFO - DAG(s) 'produce_json', 'update_db' retrieved from /opt/airflow/dags/main.py
[2026-09-05T05:22:57.256+0000] {logging_mixin.py:188} INFO - [2026-09-05T05:22:57.255+0000] {dag.py:3096} INFO - Sync 2 DAGs
[2026-09-05T05:22:57.294+0000] {logging_mixin.py:188} INFO - [2026-09-05T05:22:57.293+0000] {dag.py:3954} INFO - Setting next_dagrun for produce_json to 2026-09-05 14:00:00+00:00, run_after=2026-09-06 14:00:00+00:00
[2026-09-05T05:22:57.302+0000] {logging_mixin.py:188} INFO - [2026-09-05T05:22:57.301+0000] {dag.py:3954} INFO - Setting next_dagrun for update_db to 2026-09-05 15:00:00+00:00, run_after=2026-09-06 15:00:00+00:00
[2026-09-05T05:22:57.352+0000] {processor.py:183} INFO - Processing /opt/airflow/dags/main.py took 0.684 seconds
[2026-09-05T05:23:28.604+0000] {processor.py:161} INFO - Started process (PID=247) to work on /opt/airflow/dags/main.py
[2026-09-05T05:23:28.629+0000] {processor.py:830} INFO - Processing file /opt/airflow/dags/main.py for tasks to queue
[2026-09-05T05:23:29.032+0000] {logging_mixin.py:188} INFO - [2026-09-05T05:23:29.021+0000] {dagbag.py:545} INFO - Filling up the DagBag from /opt/airflow/dags/main.py
[2026-09-05T05:23:30.345+0000] {logging_mixin.py:188} INFO - channel id is not executed
[2026-09-05T05:23:33.022+0000] {processor.py:840} INFO - DAG(s) 'produce_json', 'update_db' retrieved from /opt/airflow/dags/main.py
[2026-09-05T05:23:34.265+0000] {logging_mixin.py:188} INFO - [2026-09-05T05:23:34.265+0000] {dag.py:3096} INFO - Sync 2 DAGs
[2026-09-05T05:23:34.580+0000] {logging_mixin.py:188} INFO - [2026-09-05T05:23:34.574+0000] {dag.py:3954} INFO - Setting next_dagrun for produce_json to 2026-09-05 14:00:00+00:00, run_after=2026-09-06 14:00:00+00:00
[2026-09-05T05:23:34.617+0000] {logging_mixin.py:188} INFO - [2026-09-05T05:23:34.616+0000] {dag.py:3954} INFO - Setting next_dagrun for update_db to 2026-09-05 15:00:00+00:00, run_after=2026-09-06 15:00:00+00:00
[2026-09-05T05:23:34.724+0000] {processor.py:183} INFO - Processing /opt/airflow/dags/main.py took 6.244 seconds
[2026-09-05T05:24:05.830+0000] {processor.py:161} INFO - Started process (PID=253) to work on /opt/airflow/dags/main.py
[2026-09-05T05:24:05.832+0000] {processor.py:830} INFO - Processing file /opt/airflow/dags/main.py for tasks to queue
[2026-09-05T05:24:05.842+0000] {logging_mixin.py:188} INFO - [2026-09-05T05:24:05.841+0000] {dagbag.py:545} INFO - Filling up the DagBag from /opt/airflow/dags/main.py
[2026-09-05T05:24:05.948+0000] {logging_mixin.py:188} INFO - channel id is not executed
[2026-09-05T05:24:06.059+0000] {processor.py:840} INFO - DAG(s) 'update_db', 'produce_json' retrieved from /opt/airflow/dags/main.py
[2026-09-05T05:24:06.357+0000] {logging_mixin.py:188} INFO - [2026-09-05T05:24:06.357+0000] {dag.py:3096} INFO - Sync 2 DAGs
[2026-09-05T05:24:06.425+0000] {logging_mixin.py:188} INFO - [2026-09-05T05:24:06.425+0000] {dag.py:3954} INFO - Setting next_dagrun for produce_json to 2026-09-05 14:00:00+00:00, run_after=2026-09-06 14:00:00+00:00
[2026-09-05T05:24:06.450+0000] {logging_mixin.py:188} INFO - [2026-09-05T05:24:06.449+0000] {dag.py:3954} INFO - Setting next_dagrun for update_db to 2026-09-05 15:00:00+00:00, run_after=2026-09-06 15:00:00+00:00
[2026-09-05T05:24:06.692+0000] {processor.py:183} INFO - Processing /opt/airflow/dags/main.py took 0.887 seconds
[2026-09-05T05:24:37.346+0000] {processor.py:161} INFO - Started process (PID=260) to work on /opt/airflow/dags/main.py
[2026-09-05T05:24:37.349+0000] {processor.py:830} INFO - Processing file /opt/airflow/dags/main.py for tasks to queue
[2026-09-05T05:24:37.354+0000] {logging_mixin.py:188} INFO - [2026-09-05T05:24:37.353+0000] {dagbag.py:545} INFO - Filling up the DagBag from /opt/airflow/dags/main.py
[2026-09-05T05:24:37.534+0000] {logging_mixin.py:188} INFO - channel id is not executed
[2026-09-05T05:24:37.848+0000] {processor.py:840} INFO - DAG(s) 'produce_json', 'update_db' retrieved from /opt/airflow/dags/main.py
[2026-09-05T05:24:38.249+0000] {logging_mixin.py:188} INFO - [2026-09-05T05:24:38.248+0000] {dag.py:3096} INFO - Sync 2 DAGs
[2026-09-05T05:24:38.292+0000] {logging_mixin.py:188} INFO - [2026-09-05T05:24:38.292+0000] {dag.py:3954} INFO - Setting next_dagrun for produce_json to 2026-09-05 14:00:00+00:00, run_after=2026-09-06 14:00:00+00:00
[2026-09-05T05:24:38.302+0000] {logging_mixin.py:188} INFO - [2026-09-05T05:24:38.301+0000] {dag.py:3954} INFO - Setting next_dagrun for update_db to 2026-09-05 15:00:00+00:00, run_after=2026-09-06 15:00:00+00:00
[2026-09-05T05:24:38.346+0000] {processor.py:183} INFO - Processing /opt/airflow/dags/main.py took 1.010 seconds
[2026-09-05T05:25:08.854+0000] {processor.py:161} INFO - Started process (PID=266) to work on /opt/airflow/dags/main.py
[2026-09-05T05:25:08.856+0000] {processor.py:830} INFO - Processing file /opt/airflow/dags/main.py for tasks to queue
[2026-09-05T05:25:08.861+0000] {logging_mixin.py:188} INFO - [2026-09-05T05:25:08.860+0000] {dagbag.py:545} INFO - Filling up the DagBag from /opt/airflow/dags/main.py
[2026-09-05T05:25:08.977+0000] {logging_mixin.py:188} INFO - channel id is not executed
[2026-09-05T05:25:09.112+0000] {processor.py:840} INFO - DAG(s) 'produce_json', 'update_db' retrieved from /opt/airflow/dags/main.py
[2026-09-05T05:25:09.340+0000] {logging_mixin.py:188} INFO - [2026-09-05T05:25:09.339+0000] {dag.py:3096} INFO - Sync 2 DAGs
[2026-09-05T05:25:09.388+0000] {logging_mixin.py:188} INFO - [2026-09-05T05:25:09.388+0000] {dag.py:3954} INFO - Setting next_dagrun for produce_json to 2026-09-05 14:00:00+00:00, run_after=2026-09-06 14:00:00+00:00
[2026-09-05T05:25:09.396+0000] {logging_mixin.py:188} INFO - [2026-09-05T05:25:09.396+0000] {dag.py:3954} INFO - Setting next_dagrun for update_db to 2026-09-05 15:00:00+00:00, run_after=2026-09-06 15:00:00+00:00
[2026-09-05T05:25:09.437+0000] {processor.py:183} INFO - Processing /opt/airflow/dags/main.py took 0.592 seconds
[2026-09-05T05:25:39.833+0000] {processor.py:161} INFO - Started process (PID=273) to work on /opt/airflow/dags/main.py
[2026-09-05T05:25:39.836+0000] {processor.py:830} INFO - Processing file /opt/airflow/dags/main.py for tasks to queue
[2026-09-05T05:25:39.840+0000] {logging_mixin.py:188} INFO - [2026-09-05T05:25:39.839+0000] {dagbag.py:545} INFO - Filling up the DagBag from /opt/airflow/dags/main.py
[2026-09-05T05:25:39.909+0000] {logging_mixin.py:188} INFO - channel id is not executed
[2026-09-05T05:25:39.999+0000] {processor.py:840} INFO - DAG(s) 'update_db', 'produce_json' retrieved from /opt/airflow/dags/main.py
[2026-09-05T05:25:40.396+0000] {logging_mixin.py:188} INFO - [2026-09-05T05:25:40.396+0000] {dag.py:3096} INFO - Sync 2 DAGs
[2026-09-05T05:25:40.452+0000] {logging_mixin.py:188} INFO - [2026-09-05T05:25:40.452+0000] {dag.py:3954} INFO - Setting next_dagrun for produce_json to 2026-09-05 14:00:00+00:00, run_after=2026-09-06 14:00:00+00:00
[2026-09-05T05:25:40.469+0000] {logging_mixin.py:188} INFO - [2026-09-05T05:25:40.469+0000] {dag.py:3954} INFO - Setting next_dagrun for update_db to 2026-09-05 15:00:00+00:00, run_after=2026-09-06 15:00:00+00:00
[2026-09-05T05:25:40.555+0000] {processor.py:183} INFO - Processing /opt/airflow/dags/main.py took 0.731 seconds
[2026-09-05T05:26:11.096+0000] {processor.py:161} INFO - Started process (PID=281) to work on /opt/airflow/dags/main.py
[2026-09-05T05:26:11.100+0000] {processor.py:830} INFO - Processing file /opt/airflow/dags/main.py for tasks to queue
[2026-09-05T05:26:11.104+0000] {logging_mixin.py:188} INFO - [2026-09-05T05:26:11.103+0000] {dagbag.py:545} INFO - Filling up the DagBag from /opt/airflow/dags/main.py
[2026-09-05T05:26:11.180+0000] {logging_mixin.py:188} INFO - channel id is not executed
[2026-09-05T05:26:11.296+0000] {processor.py:840} INFO - DAG(s) 'produce_json', 'update_db' retrieved from /opt/airflow/dags/main.py
[2026-09-05T05:26:11.620+0000] {logging_mixin.py:188} INFO - [2026-09-05T05:26:11.620+0000] {dag.py:3096} INFO - Sync 2 DAGs
[2026-09-05T05:26:11.657+0000] {logging_mixin.py:188} INFO - [2026-09-05T05:26:11.657+0000] {dag.py:3954} INFO - Setting next_dagrun for produce_json to 2026-09-05 14:00:00+00:00, run_after=2026-09-06 14:00:00+00:00
[2026-09-05T05:26:11.668+0000] {logging_mixin.py:188} INFO - [2026-09-05T05:26:11.667+0000] {dag.py:3954} INFO - Setting next_dagrun for update_db to 2026-09-05 15:00:00+00:00, run_after=2026-09-06 15:00:00+00:00
[2026-09-05T05:26:11.702+0000] {processor.py:183} INFO - Processing /opt/airflow/dags/main.py took 0.614 seconds
[2026-09-05T05:26:41.972+0000] {processor.py:161} INFO - Started process (PID=288) to work on /opt/airflow/dags/main.py
[2026-09-05T05:26:41.986+0000] {processor.py:830} INFO - Processing file /opt/airflow/dags/main.py for tasks to queue
[2026-09-05T05:26:41.997+0000] {logging_mixin.py:188} INFO - [2026-09-05T05:26:41.996+0000] {dagbag.py:545} INFO - Filling up the DagBag from /opt/airflow/dags/main.py
[2026-09-05T05:26:42.146+0000] {logging_mixin.py:188} INFO - channel id is not executed
[2026-09-05T05:26:42.255+0000] {processor.py:840} INFO - DAG(s) 'produce_json', 'update_db' retrieved from /opt/airflow/dags/main.py
[2026-09-05T05:26:42.601+0000] {logging_mixin.py:188} INFO - [2026-09-05T05:26:42.600+0000] {dag.py:3096} INFO - Sync 2 DAGs
[2026-09-05T05:26:42.650+0000] {logging_mixin.py:188} INFO - [2026-09-05T05:26:42.649+0000] {dag.py:3954} INFO - Setting next_dagrun for produce_json to 2026-09-05 14:00:00+00:00, run_after=2026-09-06 14:00:00+00:00
[2026-09-05T05:26:42.662+0000] {logging_mixin.py:188} INFO - [2026-09-05T05:26:42.662+0000] {dag.py:3954} INFO - Setting next_dagrun for update_db to 2026-09-05 15:00:00+00:00, run_after=2026-09-06 15:00:00+00:00
[2026-09-05T05:26:42.720+0000] {processor.py:183} INFO - Processing /opt/airflow/dags/main.py took 0.771 seconds
[2026-09-05T05:27:13.321+0000] {processor.py:161} INFO - Started process (PID=294) to work on /opt/airflow/dags/main.py
[2026-09-05T05:27:13.324+0000] {processor.py:830} INFO - Processing file /opt/airflow/dags/main.py for tasks to queue
[2026-09-05T05:27:13.333+0000] {logging_mixin.py:188} INFO - [2026-09-05T05:27:13.332+0000] {dagbag.py:545} INFO - Filling up the DagBag from /opt/airflow/dags/main.py
[2026-09-05T05:27:13.449+0000] {logging_mixin.py:188} INFO - channel id is not executed
[2026-09-05T05:27:13.545+0000] {processor.py:840} INFO - DAG(s) 'produce_json', 'update_db' retrieved from /opt/airflow/dags/main.py
[2026-09-05T05:27:13.924+0000] {logging_mixin.py:188} INFO - [2026-09-05T05:27:13.924+0000] {dag.py:3096} INFO - Sync 2 DAGs
[2026-09-05T05:27:13.982+0000] {logging_mixin.py:188} INFO - [2026-09-05T05:27:13.982+0000] {dag.py:3954} INFO - Setting next_dagrun for produce_json to 2026-09-05 14:00:00+00:00, run_after=2026-09-06 14:00:00+00:00
[2026-09-05T05:27:13.990+0000] {logging_mixin.py:188} INFO - [2026-09-05T05:27:13.989+0000] {dag.py:3954} INFO - Setting next_dagrun for update_db to 2026-09-05 15:00:00+00:00, run_after=2026-09-06 15:00:00+00:00
[2026-09-05T05:27:14.027+0000] {processor.py:183} INFO - Processing /opt/airflow/dags/main.py took 0.732 seconds
[2026-09-05T05:27:44.969+0000] {processor.py:161} INFO - Started process (PID=301) to work on /opt/airflow/dags/main.py
[2026-09-05T05:27:44.971+0000] {processor.py:830} INFO - Processing file /opt/airflow/dags/main.py for tasks to queue
[2026-09-05T05:27:44.976+0000] {logging_mixin.py:188} INFO - [2026-09-05T05:27:44.976+0000] {dagbag.py:545} INFO - Filling up the DagBag from /opt/airflow/dags/main.py
[2026-09-05T05:27:45.059+0000] {logging_mixin.py:188} INFO - channel id is not executed
[2026-09-05T05:27:45.163+0000] {processor.py:840} INFO - DAG(s) 'produce_json', 'update_db' retrieved from /opt/airflow/dags/main.py
[2026-09-05T05:27:45.430+0000] {logging_mixin.py:188} INFO - [2026-09-05T05:27:45.429+0000] {dag.py:3096} INFO - Sync 2 DAGs
[2026-09-05T05:27:45.475+0000] {logging_mixin.py:188} INFO - [2026-09-05T05:27:45.474+0000] {dag.py:3954} INFO - Setting next_dagrun for produce_json to 2026-09-05 14:00:00+00:00, run_after=2026-09-06 14:00:00+00:00
[2026-09-05T05:27:45.507+0000] {logging_mixin.py:188} INFO - [2026-09-05T05:27:45.498+0000] {dag.py:3954} INFO - Setting next_dagrun for update_db to 2026-09-05 15:00:00+00:00, run_after=2026-09-06 15:00:00+00:00
[2026-09-05T05:27:45.705+0000] {processor.py:183} INFO - Processing /opt/airflow/dags/main.py took 0.773 seconds
[2026-09-05T05:28:16.303+0000] {processor.py:161} INFO - Started process (PID=313) to work on /opt/airflow/dags/main.py
[2026-09-05T05:28:16.305+0000] {processor.py:830} INFO - Processing file /opt/airflow/dags/main.py for tasks to queue
[2026-09-05T05:28:16.309+0000] {logging_mixin.py:188} INFO - [2026-09-05T05:28:16.308+0000] {dagbag.py:545} INFO - Filling up the DagBag from /opt/airflow/dags/main.py
[2026-09-05T05:28:16.388+0000] {logging_mixin.py:188} INFO - channel id is not executed
[2026-09-05T05:28:16.517+0000] {processor.py:840} INFO - DAG(s) 'produce_json', 'update_db' retrieved from /opt/airflow/dags/main.py
[2026-09-05T05:28:16.984+0000] {logging_mixin.py:188} INFO - [2026-09-05T05:28:16.984+0000] {dag.py:3096} INFO - Sync 2 DAGs
[2026-09-05T05:28:17.045+0000] {logging_mixin.py:188} INFO - [2026-09-05T05:28:17.045+0000] {dag.py:3954} INFO - Setting next_dagrun for produce_json to 2026-09-05 14:00:00+00:00, run_after=2026-09-06 14:00:00+00:00
[2026-09-05T05:28:17.055+0000] {logging_mixin.py:188} INFO - [2026-09-05T05:28:17.054+0000] {dag.py:3954} INFO - Setting next_dagrun for update_db to 2026-09-05 15:00:00+00:00, run_after=2026-09-06 15:00:00+00:00
[2026-09-05T05:28:17.095+0000] {processor.py:183} INFO - Processing /opt/airflow/dags/main.py took 0.801 seconds
[2026-09-05T05:28:47.939+0000] {processor.py:161} INFO - Started process (PID=320) to work on /opt/airflow/dags/main.py
[2026-09-05T05:28:47.941+0000] {processor.py:830} INFO - Processing file /opt/airflow/dags/main.py for tasks to queue
[2026-09-05T05:28:47.946+0000] {logging_mixin.py:188} INFO - [2026-09-05T05:28:47.946+0000] {dagbag.py:545} INFO - Filling up the DagBag from /opt/airflow/dags/main.py
[2026-09-05T05:28:48.019+0000] {logging_mixin.py:188} INFO - channel id is not executed
[2026-09-05T05:28:48.186+0000] {processor.py:840} INFO - DAG(s) 'produce_json', 'update_db' retrieved from /opt/airflow/dags/main.py
[2026-09-05T05:28:48.433+0000] {logging_mixin.py:188} INFO - [2026-09-05T05:28:48.433+0000] {dag.py:3096} INFO - Sync 2 DAGs
[2026-09-05T05:28:48.476+0000] {logging_mixin.py:188} INFO - [2026-09-05T05:28:48.476+0000] {dag.py:3954} INFO - Setting next_dagrun for produce_json to 2026-09-05 14:00:00+00:00, run_after=2026-09-06 14:00:00+00:00
[2026-09-05T05:28:48.486+0000] {logging_mixin.py:188} INFO - [2026-09-05T05:28:48.486+0000] {dag.py:3954} INFO - Setting next_dagrun for update_db to 2026-09-05 15:00:00+00:00, run_after=2026-09-06 15:00:00+00:00
[2026-09-05T05:28:48.557+0000] {processor.py:183} INFO - Processing /opt/airflow/dags/main.py took 0.628 seconds
[2026-09-05T05:29:19.091+0000] {processor.py:161} INFO - Started process (PID=327) to work on /opt/airflow/dags/main.py
[2026-09-05T05:29:19.093+0000] {processor.py:830} INFO - Processing file /opt/airflow/dags/main.py for tasks to queue
[2026-09-05T05:29:19.100+0000] {logging_mixin.py:188} INFO - [2026-09-05T05:29:19.097+0000] {dagbag.py:545} INFO - Filling up the DagBag from /opt/airflow/dags/main.py
[2026-09-05T05:29:19.184+0000] {logging_mixin.py:188} INFO - channel id is not executed
[2026-09-05T05:29:19.262+0000] {processor.py:840} INFO - DAG(s) 'produce_json', 'update_db' retrieved from /opt/airflow/dags/main.py
[2026-09-05T05:29:19.461+0000] {logging_mixin.py:188} INFO - [2026-09-05T05:29:19.461+0000] {dag.py:3096} INFO - Sync 2 DAGs
[2026-09-05T05:29:19.498+0000] {logging_mixin.py:188} INFO - [2026-09-05T05:29:19.498+0000] {dag.py:3954} INFO - Setting next_dagrun for produce_json to 2026-09-05 14:00:00+00:00, run_after=2026-09-06 14:00:00+00:00
[2026-09-05T05:29:19.506+0000] {logging_mixin.py:188} INFO - [2026-09-05T05:29:19.506+0000] {dag.py:3954} INFO - Setting next_dagrun for update_db to 2026-09-05 15:00:00+00:00, run_after=2026-09-06 15:00:00+00:00
[2026-09-05T05:29:19.556+0000] {processor.py:183} INFO - Processing /opt/airflow/dags/main.py took 0.474 seconds
[2026-09-05T05:29:49.964+0000] {processor.py:161} INFO - Started process (PID=333) to work on /opt/airflow/dags/main.py
[2026-09-05T05:29:49.968+0000] {processor.py:830} INFO - Processing file /opt/airflow/dags/main.py for tasks to queue
[2026-09-05T05:29:49.973+0000] {logging_mixin.py:188} INFO - [2026-09-05T05:29:49.972+0000] {dagbag.py:545} INFO - Filling up the DagBag from /opt/airflow/dags/main.py
[2026-09-05T05:29:50.044+0000] {logging_mixin.py:188} INFO - channel id is not executed
[2026-09-05T05:29:50.160+0000] {processor.py:840} INFO - DAG(s) 'update_db', 'produce_json' retrieved from /opt/airflow/dags/main.py
[2026-09-05T05:29:50.451+0000] {logging_mixin.py:188} INFO - [2026-09-05T05:29:50.450+0000] {dag.py:3096} INFO - Sync 2 DAGs
[2026-09-05T05:29:50.498+0000] {logging_mixin.py:188} INFO - [2026-09-05T05:29:50.497+0000] {dag.py:3954} INFO - Setting next_dagrun for produce_json to 2026-09-05 14:00:00+00:00, run_after=2026-09-06 14:00:00+00:00
[2026-09-05T05:29:50.510+0000] {logging_mixin.py:188} INFO - [2026-09-05T05:29:50.509+0000] {dag.py:3954} INFO - Setting next_dagrun for update_db to 2026-09-05 15:00:00+00:00, run_after=2026-09-06 15:00:00+00:00
[2026-09-05T05:29:50.610+0000] {processor.py:183} INFO - Processing /opt/airflow/dags/main.py took 0.655 seconds
[2026-09-05T05:30:21.433+0000] {processor.py:161} INFO - Started process (PID=339) to work on /opt/airflow/dags/main.py
[2026-09-05T05:30:21.437+0000] {processor.py:830} INFO - Processing file /opt/airflow/dags/main.py for tasks to queue
[2026-09-05T05:30:21.442+0000] {logging_mixin.py:188} INFO - [2026-09-05T05:30:21.441+0000] {dagbag.py:545} INFO - Filling up the DagBag from /opt/airflow/dags/main.py
[2026-09-05T05:30:21.514+0000] {logging_mixin.py:188} INFO - channel id is not executed
[2026-09-05T05:30:21.641+0000] {processor.py:840} INFO - DAG(s) 'update_db', 'produce_json' retrieved from /opt/airflow/dags/main.py
[2026-09-05T05:30:21.893+0000] {logging_mixin.py:188} INFO - [2026-09-05T05:30:21.893+0000] {dag.py:3096} INFO - Sync 2 DAGs
[2026-09-05T05:30:21.955+0000] {logging_mixin.py:188} INFO - [2026-09-05T05:30:21.955+0000] {dag.py:3954} INFO - Setting next_dagrun for produce_json to 2026-09-05 14:00:00+00:00, run_after=2026-09-06 14:00:00+00:00
[2026-09-05T05:30:22.004+0000] {logging_mixin.py:188} INFO - [2026-09-05T05:30:21.995+0000] {dag.py:3954} INFO - Setting next_dagrun for update_db to 2026-09-05 15:00:00+00:00, run_after=2026-09-06 15:00:00+00:00
[2026-09-05T05:30:22.071+0000] {processor.py:183} INFO - Processing /opt/airflow/dags/main.py took 0.650 seconds
[2026-09-05T05:30:52.692+0000] {processor.py:161} INFO - Started process (PID=346) to work on /opt/airflow/dags/main.py
[2026-09-05T05:30:52.694+0000] {processor.py:830} INFO - Processing file /opt/airflow/dags/main.py for tasks to queue
[2026-09-05T05:30:52.698+0000] {logging_mixin.py:188} INFO - [2026-09-05T05:30:52.698+0000] {dagbag.py:545} INFO - Filling up the DagBag from /opt/airflow/dags/main.py
[2026-09-05T05:30:52.755+0000] {logging_mixin.py:188} INFO - channel id is not executed
[2026-09-05T05:30:52.839+0000] {processor.py:840} INFO - DAG(s) 'produce_json', 'update_db' retrieved from /opt/airflow/dags/main.py
[2026-09-05T05:30:53.044+0000] {logging_mixin.py:188} INFO - [2026-09-05T05:30:53.044+0000] {dag.py:3096} INFO - Sync 2 DAGs
[2026-09-05T05:30:53.100+0000] {logging_mixin.py:188} INFO - [2026-09-05T05:30:53.100+0000] {dag.py:3954} INFO - Setting next_dagrun for produce_json to 2026-09-05 14:00:00+00:00, run_after=2026-09-06 14:00:00+00:00
[2026-09-05T05:30:53.147+0000] {logging_mixin.py:188} INFO - [2026-09-05T05:30:53.147+0000] {dag.py:3954} INFO - Setting next_dagrun for update_db to 2026-09-05 15:00:00+00:00, run_after=2026-09-06 15:00:00+00:00
[2026-09-05T05:30:53.244+0000] {processor.py:183} INFO - Processing /opt/airflow/dags/main.py took 0.561 seconds
[2026-09-05T05:31:24.364+0000] {processor.py:161} INFO - Started process (PID=353) to work on /opt/airflow/dags/main.py
[2026-09-05T05:31:24.366+0000] {processor.py:830} INFO - Processing file /opt/airflow/dags/main.py for tasks to queue
[2026-09-05T05:31:24.371+0000] {logging_mixin.py:188} INFO - [2026-09-05T05:31:24.371+0000] {dagbag.py:545} INFO - Filling up the DagBag from /opt/airflow/dags/main.py
[2026-09-05T05:31:24.495+0000] {logging_mixin.py:188} INFO - channel id is not executed
[2026-09-05T05:31:24.709+0000] {processor.py:840} INFO - DAG(s) 'update_db', 'produce_json' retrieved from /opt/airflow/dags/main.py
[2026-09-05T05:31:25.026+0000] {logging_mixin.py:188} INFO - [2026-09-05T05:31:25.025+0000] {dag.py:3096} INFO - Sync 2 DAGs
[2026-09-05T05:31:25.105+0000] {logging_mixin.py:188} INFO - [2026-09-05T05:31:25.104+0000] {dag.py:3954} INFO - Setting next_dagrun for produce_json to 2026-09-05 14:00:00+00:00, run_after=2026-09-06 14:00:00+00:00
[2026-09-05T05:31:25.115+0000] {logging_mixin.py:188} INFO - [2026-09-05T05:31:25.115+0000] {dag.py:3954} INFO - Setting next_dagrun for update_db to 2026-09-05 15:00:00+00:00, run_after=2026-09-06 15:00:00+00:00
[2026-09-05T05:31:25.201+0000] {processor.py:183} INFO - Processing /opt/airflow/dags/main.py took 0.854 seconds
[2026-09-05T05:31:55.551+0000] {processor.py:161} INFO - Started process (PID=360) to work on /opt/airflow/dags/main.py
[2026-09-05T05:31:55.577+0000] {processor.py:830} INFO - Processing file /opt/airflow/dags/main.py for tasks to queue
[2026-09-05T05:31:55.583+0000] {logging_mixin.py:188} INFO - [2026-09-05T05:31:55.582+0000] {dagbag.py:545} INFO - Filling up the DagBag from /opt/airflow/dags/main.py
[2026-09-05T05:31:55.737+0000] {logging_mixin.py:188} INFO - channel id is not executed
[2026-09-05T05:31:55.874+0000] {processor.py:840} INFO - DAG(s) 'update_db', 'produce_json' retrieved from /opt/airflow/dags/main.py
[2026-09-05T05:31:56.194+0000] {logging_mixin.py:188} INFO - [2026-09-05T05:31:56.194+0000] {dag.py:3096} INFO - Sync 2 DAGs
[2026-09-05T05:31:56.248+0000] {logging_mixin.py:188} INFO - [2026-09-05T05:31:56.248+0000] {dag.py:3954} INFO - Setting next_dagrun for produce_json to 2026-09-05 14:00:00+00:00, run_after=2026-09-06 14:00:00+00:00
[2026-09-05T05:31:56.262+0000] {logging_mixin.py:188} INFO - [2026-09-05T05:31:56.262+0000] {dag.py:3954} INFO - Setting next_dagrun for update_db to 2026-09-05 15:00:00+00:00, run_after=2026-09-06 15:00:00+00:00
[2026-09-05T05:31:56.343+0000] {processor.py:183} INFO - Processing /opt/airflow/dags/main.py took 0.801 seconds
[2026-09-05T05:32:26.932+0000] {processor.py:161} INFO - Started process (PID=368) to work on /opt/airflow/dags/main.py
[2026-09-05T05:32:26.938+0000] {processor.py:830} INFO - Processing file /opt/airflow/dags/main.py for tasks to queue
[2026-09-05T05:32:26.944+0000] {logging_mixin.py:188} INFO - [2026-09-05T05:32:26.944+0000] {dagbag.py:545} INFO - Filling up the DagBag from /opt/airflow/dags/main.py
[2026-09-05T05:32:27.038+0000] {logging_mixin.py:188} INFO - channel id is not executed
[2026-09-05T05:32:27.156+0000] {processor.py:840} INFO - DAG(s) 'produce_json', 'update_db' retrieved from /opt/airflow/dags/main.py
[2026-09-05T05:32:27.421+0000] {logging_mixin.py:188} INFO - [2026-09-05T05:32:27.420+0000] {dag.py:3096} INFO - Sync 2 DAGs
[2026-09-05T05:32:27.460+0000] {logging_mixin.py:188} INFO - [2026-09-05T05:32:27.460+0000] {dag.py:3954} INFO - Setting next_dagrun for produce_json to 2026-09-05 14:00:00+00:00, run_after=2026-09-06 14:00:00+00:00
[2026-09-05T05:32:27.489+0000] {logging_mixin.py:188} INFO - [2026-09-05T05:32:27.488+0000] {dag.py:3954} INFO - Setting next_dagrun for update_db to 2026-09-05 15:00:00+00:00, run_after=2026-09-06 15:00:00+00:00
[2026-09-05T05:32:27.533+0000] {processor.py:183} INFO - Processing /opt/airflow/dags/main.py took 0.644 seconds
[2026-09-05T05:32:57.902+0000] {processor.py:161} INFO - Started process (PID=375) to work on /opt/airflow/dags/main.py
[2026-09-05T05:32:57.904+0000] {processor.py:830} INFO - Processing file /opt/airflow/dags/main.py for tasks to queue
[2026-09-05T05:32:57.913+0000] {logging_mixin.py:188} INFO - [2026-09-05T05:32:57.913+0000] {dagbag.py:545} INFO - Filling up the DagBag from /opt/airflow/dags/main.py
[2026-09-05T05:32:57.997+0000] {logging_mixin.py:188} INFO - channel id is not executed
[2026-09-05T05:32:58.118+0000] {processor.py:840} INFO - DAG(s) 'produce_json', 'update_db' retrieved from /opt/airflow/dags/main.py
[2026-09-05T05:32:58.395+0000] {logging_mixin.py:188} INFO - [2026-09-05T05:32:58.395+0000] {dag.py:3096} INFO - Sync 2 DAGs
[2026-09-05T05:32:58.438+0000] {logging_mixin.py:188} INFO - [2026-09-05T05:32:58.437+0000] {dag.py:3954} INFO - Setting next_dagrun for produce_json to 2026-09-05 14:00:00+00:00, run_after=2026-09-06 14:00:00+00:00
[2026-09-05T05:32:58.451+0000] {logging_mixin.py:188} INFO - [2026-09-05T05:32:58.451+0000] {dag.py:3954} INFO - Setting next_dagrun for update_db to 2026-09-05 15:00:00+00:00, run_after=2026-09-06 15:00:00+00:00
[2026-09-05T05:32:58.520+0000] {processor.py:183} INFO - Processing /opt/airflow/dags/main.py took 0.632 seconds
[2026-09-05T05:33:29.515+0000] {processor.py:161} INFO - Started process (PID=381) to work on /opt/airflow/dags/main.py
[2026-09-05T05:33:29.518+0000] {processor.py:830} INFO - Processing file /opt/airflow/dags/main.py for tasks to queue
[2026-09-05T05:33:29.525+0000] {logging_mixin.py:188} INFO - [2026-09-05T05:33:29.524+0000] {dagbag.py:545} INFO - Filling up the DagBag from /opt/airflow/dags/main.py
[2026-09-05T05:33:29.604+0000] {logging_mixin.py:188} INFO - channel id is not executed
[2026-09-05T05:33:29.748+0000] {processor.py:840} INFO - DAG(s) 'update_db', 'produce_json' retrieved from /opt/airflow/dags/main.py
[2026-09-05T05:33:30.097+0000] {logging_mixin.py:188} INFO - [2026-09-05T05:33:30.097+0000] {dag.py:3096} INFO - Sync 2 DAGs
[2026-09-05T05:33:30.167+0000] {logging_mixin.py:188} INFO - [2026-09-05T05:33:30.167+0000] {dag.py:3954} INFO - Setting next_dagrun for produce_json to 2026-09-05 14:00:00+00:00, run_after=2026-09-06 14:00:00+00:00
[2026-09-05T05:33:30.182+0000] {logging_mixin.py:188} INFO - [2026-09-05T05:33:30.182+0000] {dag.py:3954} INFO - Setting next_dagrun for update_db to 2026-09-05 15:00:00+00:00, run_after=2026-09-06 15:00:00+00:00
[2026-09-05T05:33:30.258+0000] {processor.py:183} INFO - Processing /opt/airflow/dags/main.py took 0.764 seconds
[2026-09-05T05:34:00.592+0000] {processor.py:161} INFO - Started process (PID=388) to work on /opt/airflow/dags/main.py
[2026-09-05T05:34:00.595+0000] {processor.py:830} INFO - Processing file /opt/airflow/dags/main.py for tasks to queue
[2026-09-05T05:34:00.599+0000] {logging_mixin.py:188} INFO - [2026-09-05T05:34:00.599+0000] {dagbag.py:545} INFO - Filling up the DagBag from /opt/airflow/dags/main.py
[2026-09-05T05:34:00.705+0000] {logging_mixin.py:188} INFO - channel id is not executed
[2026-09-05T05:34:00.834+0000] {processor.py:840} INFO - DAG(s) 'produce_json', 'update_db' retrieved from /opt/airflow/dags/main.py
[2026-09-05T05:34:01.170+0000] {logging_mixin.py:188} INFO - [2026-09-05T05:34:01.170+0000] {dag.py:3096} INFO - Sync 2 DAGs
[2026-09-05T05:34:01.216+0000] {logging_mixin.py:188} INFO - [2026-09-05T05:34:01.215+0000] {dag.py:3954} INFO - Setting next_dagrun for produce_json to 2026-09-05 14:00:00+00:00, run_after=2026-09-06 14:00:00+00:00
[2026-09-05T05:34:01.229+0000] {logging_mixin.py:188} INFO - [2026-09-05T05:34:01.228+0000] {dag.py:3954} INFO - Setting next_dagrun for update_db to 2026-09-05 15:00:00+00:00, run_after=2026-09-06 15:00:00+00:00
[2026-09-05T05:34:01.287+0000] {processor.py:183} INFO - Processing /opt/airflow/dags/main.py took 0.708 seconds
[2026-09-05T05:34:32.359+0000] {processor.py:161} INFO - Started process (PID=395) to work on /opt/airflow/dags/main.py
[2026-09-05T05:34:32.375+0000] {processor.py:830} INFO - Processing file /opt/airflow/dags/main.py for tasks to queue
[2026-09-05T05:34:32.381+0000] {logging_mixin.py:188} INFO - [2026-09-05T05:34:32.380+0000] {dagbag.py:545} INFO - Filling up the DagBag from /opt/airflow/dags/main.py
[2026-09-05T05:34:32.529+0000] {logging_mixin.py:188} INFO - channel id is not executed
[2026-09-05T05:34:32.631+0000] {processor.py:840} INFO - DAG(s) 'produce_json', 'update_db' retrieved from /opt/airflow/dags/main.py
[2026-09-05T05:34:32.952+0000] {logging_mixin.py:188} INFO - [2026-09-05T05:34:32.951+0000] {dag.py:3096} INFO - Sync 2 DAGs
[2026-09-05T05:34:32.995+0000] {logging_mixin.py:188} INFO - [2026-09-05T05:34:32.995+0000] {dag.py:3954} INFO - Setting next_dagrun for produce_json to 2026-09-05 14:00:00+00:00, run_after=2026-09-06 14:00:00+00:00
[2026-09-05T05:34:33.005+0000] {logging_mixin.py:188} INFO - [2026-09-05T05:34:33.004+0000] {dag.py:3954} INFO - Setting next_dagrun for update_db to 2026-09-05 15:00:00+00:00, run_after=2026-09-06 15:00:00+00:00
[2026-09-05T05:34:33.092+0000] {processor.py:183} INFO - Processing /opt/airflow/dags/main.py took 0.754 seconds
[2026-09-05T05:35:03.236+0000] {processor.py:161} INFO - Started process (PID=402) to work on /opt/airflow/dags/main.py
[2026-09-05T05:35:03.239+0000] {processor.py:830} INFO - Processing file /opt/airflow/dags/main.py for tasks to queue
[2026-09-05T05:35:03.243+0000] {logging_mixin.py:188} INFO - [2026-09-05T05:35:03.242+0000] {dagbag.py:545} INFO - Filling up the DagBag from /opt/airflow/dags/main.py
[2026-09-05T05:35:03.348+0000] {logging_mixin.py:188} INFO - channel id is not executed
[2026-09-05T05:35:03.480+0000] {processor.py:840} INFO - DAG(s) 'update_db', 'produce_json' retrieved from /opt/airflow/dags/main.py
[2026-09-05T05:35:03.982+0000] {logging_mixin.py:188} INFO - [2026-09-05T05:35:03.981+0000] {dag.py:3096} INFO - Sync 2 DAGs
[2026-09-05T05:35:04.102+0000] {logging_mixin.py:188} INFO - [2026-09-05T05:35:04.102+0000] {dag.py:3954} INFO - Setting next_dagrun for produce_json to 2026-09-05 14:00:00+00:00, run_after=2026-09-06 14:00:00+00:00
[2026-09-05T05:35:04.113+0000] {logging_mixin.py:188} INFO - [2026-09-05T05:35:04.113+0000] {dag.py:3954} INFO - Setting next_dagrun for update_db to 2026-09-05 15:00:00+00:00, run_after=2026-09-06 15:00:00+00:00
[2026-09-05T05:35:04.156+0000] {processor.py:183} INFO - Processing /opt/airflow/dags/main.py took 0.929 seconds
[2026-09-05T05:35:35.306+0000] {processor.py:161} INFO - Started process (PID=409) to work on /opt/airflow/dags/main.py
[2026-09-05T05:35:35.308+0000] {processor.py:830} INFO - Processing file /opt/airflow/dags/main.py for tasks to queue
[2026-09-05T05:35:35.312+0000] {logging_mixin.py:188} INFO - [2026-09-05T05:35:35.311+0000] {dagbag.py:545} INFO - Filling up the DagBag from /opt/airflow/dags/main.py
[2026-09-05T05:35:35.401+0000] {logging_mixin.py:188} INFO - channel id is not executed
[2026-09-05T05:35:35.861+0000] {processor.py:840} INFO - DAG(s) 'produce_json', 'update_db' retrieved from /opt/airflow/dags/main.py
[2026-09-05T05:35:38.029+0000] {logging_mixin.py:188} INFO - [2026-09-05T05:35:38.028+0000] {dag.py:3096} INFO - Sync 2 DAGs
[2026-09-05T05:35:38.212+0000] {logging_mixin.py:188} INFO - [2026-09-05T05:35:38.212+0000] {dag.py:3954} INFO - Setting next_dagrun for produce_json to 2026-09-05 14:00:00+00:00, run_after=2026-09-06 14:00:00+00:00
[2026-09-05T05:35:38.248+0000] {logging_mixin.py:188} INFO - [2026-09-05T05:35:38.247+0000] {dag.py:3954} INFO - Setting next_dagrun for update_db to 2026-09-05 15:00:00+00:00, run_after=2026-09-06 15:00:00+00:00
[2026-09-05T05:35:38.423+0000] {processor.py:183} INFO - Processing /opt/airflow/dags/main.py took 3.128 seconds
[2026-09-05T05:36:09.073+0000] {processor.py:161} INFO - Started process (PID=415) to work on /opt/airflow/dags/main.py
[2026-09-05T05:36:09.264+0000] {processor.py:830} INFO - Processing file /opt/airflow/dags/main.py for tasks to queue
[2026-09-05T05:36:09.315+0000] {logging_mixin.py:188} INFO - [2026-09-05T05:36:09.315+0000] {dagbag.py:545} INFO - Filling up the DagBag from /opt/airflow/dags/main.py
[2026-09-05T05:36:10.086+0000] {logging_mixin.py:188} INFO - channel id is not executed
[2026-09-05T05:36:10.664+0000] {processor.py:840} INFO - DAG(s) 'produce_json', 'update_db' retrieved from /opt/airflow/dags/main.py
[2026-09-05T05:36:11.111+0000] {logging_mixin.py:188} INFO - [2026-09-05T05:36:11.110+0000] {dag.py:3096} INFO - Sync 2 DAGs
[2026-09-05T05:36:11.157+0000] {logging_mixin.py:188} INFO - [2026-09-05T05:36:11.157+0000] {dag.py:3954} INFO - Setting next_dagrun for produce_json to 2026-09-05 14:00:00+00:00, run_after=2026-09-06 14:00:00+00:00
[2026-09-05T05:36:11.175+0000] {logging_mixin.py:188} INFO - [2026-09-05T05:36:11.175+0000] {dag.py:3954} INFO - Setting next_dagrun for update_db to 2026-09-05 15:00:00+00:00, run_after=2026-09-06 15:00:00+00:00
[2026-09-05T05:36:11.213+0000] {processor.py:183} INFO - Processing /opt/airflow/dags/main.py took 2.159 seconds
[2026-09-05T05:36:41.539+0000] {processor.py:161} INFO - Started process (PID=422) to work on /opt/airflow/dags/main.py
[2026-09-05T05:36:41.546+0000] {processor.py:830} INFO - Processing file /opt/airflow/dags/main.py for tasks to queue
[2026-09-05T05:36:41.554+0000] {logging_mixin.py:188} INFO - [2026-09-05T05:36:41.553+0000] {dagbag.py:545} INFO - Filling up the DagBag from /opt/airflow/dags/main.py
[2026-09-05T05:36:41.682+0000] {logging_mixin.py:188} INFO - channel id is not executed
[2026-09-05T05:36:41.849+0000] {processor.py:840} INFO - DAG(s) 'produce_json', 'update_db' retrieved from /opt/airflow/dags/main.py
[2026-09-05T05:36:42.357+0000] {logging_mixin.py:188} INFO - [2026-09-05T05:36:42.357+0000] {dag.py:3096} INFO - Sync 2 DAGs
[2026-09-05T05:36:42.623+0000] {logging_mixin.py:188} INFO - [2026-09-05T05:36:42.623+0000] {dag.py:3954} INFO - Setting next_dagrun for produce_json to 2026-09-05 14:00:00+00:00, run_after=2026-09-06 14:00:00+00:00
[2026-09-05T05:36:42.688+0000] {logging_mixin.py:188} INFO - [2026-09-05T05:36:42.687+0000] {dag.py:3954} INFO - Setting next_dagrun for update_db to 2026-09-05 15:00:00+00:00, run_after=2026-09-06 15:00:00+00:00
[2026-09-05T05:36:42.808+0000] {processor.py:183} INFO - Processing /opt/airflow/dags/main.py took 1.285 seconds
[2026-09-05T05:37:12.967+0000] {processor.py:161} INFO - Started process (PID=428) to work on /opt/airflow/dags/main.py
[2026-09-05T05:37:12.970+0000] {processor.py:830} INFO - Processing file /opt/airflow/dags/main.py for tasks to queue
[2026-09-05T05:37:12.976+0000] {logging_mixin.py:188} INFO - [2026-09-05T05:37:12.974+0000] {dagbag.py:545} INFO - Filling up the DagBag from /opt/airflow/dags/main.py
[2026-09-05T05:37:13.070+0000] {logging_mixin.py:188} INFO - channel id is not executed
[2026-09-05T05:37:13.172+0000] {processor.py:840} INFO - DAG(s) 'update_db', 'produce_json' retrieved from /opt/airflow/dags/main.py
[2026-09-05T05:37:13.475+0000] {logging_mixin.py:188} INFO - [2026-09-05T05:37:13.475+0000] {dag.py:3096} INFO - Sync 2 DAGs
[2026-09-05T05:37:13.520+0000] {logging_mixin.py:188} INFO - [2026-09-05T05:37:13.520+0000] {dag.py:3954} INFO - Setting next_dagrun for produce_json to 2026-09-05 14:00:00+00:00, run_after=2026-09-06 14:00:00+00:00
[2026-09-05T05:37:13.537+0000] {logging_mixin.py:188} INFO - [2026-09-05T05:37:13.536+0000] {dag.py:3954} INFO - Setting next_dagrun for update_db to 2026-09-05 15:00:00+00:00, run_after=2026-09-06 15:00:00+00:00
[2026-09-05T05:37:13.582+0000] {processor.py:183} INFO - Processing /opt/airflow/dags/main.py took 0.629 seconds
[2026-09-05T05:37:44.171+0000] {processor.py:161} INFO - Started process (PID=434) to work on /opt/airflow/dags/main.py
[2026-09-05T05:37:44.175+0000] {processor.py:830} INFO - Processing file /opt/airflow/dags/main.py for tasks to queue
[2026-09-05T05:37:44.181+0000] {logging_mixin.py:188} INFO - [2026-09-05T05:37:44.181+0000] {dagbag.py:545} INFO - Filling up the DagBag from /opt/airflow/dags/main.py
[2026-09-05T05:37:44.347+0000] {logging_mixin.py:188} INFO - channel id is not executed
[2026-09-05T05:37:44.495+0000] {processor.py:840} INFO - DAG(s) 'produce_json', 'update_db' retrieved from /opt/airflow/dags/main.py
[2026-09-05T05:37:44.907+0000] {logging_mixin.py:188} INFO - [2026-09-05T05:37:44.901+0000] {dag.py:3096} INFO - Sync 2 DAGs
[2026-09-05T05:37:44.974+0000] {logging_mixin.py:188} INFO - [2026-09-05T05:37:44.973+0000] {dag.py:3954} INFO - Setting next_dagrun for produce_json to 2026-09-05 14:00:00+00:00, run_after=2026-09-06 14:00:00+00:00
[2026-09-05T05:37:44.983+0000] {logging_mixin.py:188} INFO - [2026-09-05T05:37:44.982+0000] {dag.py:3954} INFO - Setting next_dagrun for update_db to 2026-09-05 15:00:00+00:00, run_after=2026-09-06 15:00:00+00:00
[2026-09-05T05:37:45.024+0000] {processor.py:183} INFO - Processing /opt/airflow/dags/main.py took 0.869 seconds
[2026-09-05T05:38:15.741+0000] {processor.py:161} INFO - Started process (PID=441) to work on /opt/airflow/dags/main.py
[2026-09-05T05:38:15.744+0000] {processor.py:830} INFO - Processing file /opt/airflow/dags/main.py for tasks to queue
[2026-09-05T05:38:15.749+0000] {logging_mixin.py:188} INFO - [2026-09-05T05:38:15.748+0000] {dagbag.py:545} INFO - Filling up the DagBag from /opt/airflow/dags/main.py
[2026-09-05T05:38:15.842+0000] {logging_mixin.py:188} INFO - channel id is not executed
[2026-09-05T05:38:15.964+0000] {processor.py:840} INFO - DAG(s) 'update_db', 'produce_json' retrieved from /opt/airflow/dags/main.py
[2026-09-05T05:38:16.202+0000] {logging_mixin.py:188} INFO - [2026-09-05T05:38:16.202+0000] {dag.py:3096} INFO - Sync 2 DAGs
[2026-09-05T05:38:16.276+0000] {logging_mixin.py:188} INFO - [2026-09-05T05:38:16.265+0000] {dag.py:3954} INFO - Setting next_dagrun for produce_json to 2026-09-05 14:00:00+00:00, run_after=2026-09-06 14:00:00+00:00
[2026-09-05T05:38:16.306+0000] {logging_mixin.py:188} INFO - [2026-09-05T05:38:16.306+0000] {dag.py:3954} INFO - Setting next_dagrun for update_db to 2026-09-05 15:00:00+00:00, run_after=2026-09-06 15:00:00+00:00
[2026-09-05T05:38:16.368+0000] {processor.py:183} INFO - Processing /opt/airflow/dags/main.py took 0.640 seconds
[2026-09-05T05:38:46.592+0000] {processor.py:161} INFO - Started process (PID=448) to work on /opt/airflow/dags/main.py
[2026-09-05T05:38:46.595+0000] {processor.py:830} INFO - Processing file /opt/airflow/dags/main.py for tasks to queue
[2026-09-05T05:38:46.600+0000] {logging_mixin.py:188} INFO - [2026-09-05T05:38:46.600+0000] {dagbag.py:545} INFO - Filling up the DagBag from /opt/airflow/dags/main.py
[2026-09-05T05:38:46.678+0000] {logging_mixin.py:188} INFO - channel id is not executed
[2026-09-05T05:38:46.775+0000] {processor.py:840} INFO - DAG(s) 'produce_json', 'update_db' retrieved from /opt/airflow/dags/main.py
[2026-09-05T05:38:47.004+0000] {logging_mixin.py:188} INFO - [2026-09-05T05:38:47.003+0000] {dag.py:3096} INFO - Sync 2 DAGs
[2026-09-05T05:38:47.039+0000] {logging_mixin.py:188} INFO - [2026-09-05T05:38:47.039+0000] {dag.py:3954} INFO - Setting next_dagrun for produce_json to 2026-09-05 14:00:00+00:00, run_after=2026-09-06 14:00:00+00:00
[2026-09-05T05:38:47.047+0000] {logging_mixin.py:188} INFO - [2026-09-05T05:38:47.047+0000] {dag.py:3954} INFO - Setting next_dagrun for update_db to 2026-09-05 15:00:00+00:00, run_after=2026-09-06 15:00:00+00:00
[2026-09-05T05:38:47.098+0000] {processor.py:183} INFO - Processing /opt/airflow/dags/main.py took 0.519 seconds
[2026-09-05T05:39:17.458+0000] {processor.py:161} INFO - Started process (PID=455) to work on /opt/airflow/dags/main.py
[2026-09-05T05:39:17.461+0000] {processor.py:830} INFO - Processing file /opt/airflow/dags/main.py for tasks to queue
[2026-09-05T05:39:17.471+0000] {logging_mixin.py:188} INFO - [2026-09-05T05:39:17.470+0000] {dagbag.py:545} INFO - Filling up the DagBag from /opt/airflow/dags/main.py
[2026-09-05T05:39:17.554+0000] {logging_mixin.py:188} INFO - channel id is not executed
[2026-09-05T05:39:17.652+0000] {processor.py:840} INFO - DAG(s) 'produce_json', 'update_db' retrieved from /opt/airflow/dags/main.py
[2026-09-05T05:39:17.983+0000] {logging_mixin.py:188} INFO - [2026-09-05T05:39:17.983+0000] {dag.py:3096} INFO - Sync 2 DAGs
[2026-09-05T05:39:18.021+0000] {logging_mixin.py:188} INFO - [2026-09-05T05:39:18.021+0000] {dag.py:3954} INFO - Setting next_dagrun for produce_json to 2026-09-05 14:00:00+00:00, run_after=2026-09-06 14:00:00+00:00
[2026-09-05T05:39:18.035+0000] {logging_mixin.py:188} INFO - [2026-09-05T05:39:18.035+0000] {dag.py:3954} INFO - Setting next_dagrun for update_db to 2026-09-05 15:00:00+00:00, run_after=2026-09-06 15:00:00+00:00
[2026-09-05T05:39:18.120+0000] {processor.py:183} INFO - Processing /opt/airflow/dags/main.py took 0.669 seconds
[2026-09-05T05:39:48.757+0000] {processor.py:161} INFO - Started process (PID=462) to work on /opt/airflow/dags/main.py
[2026-09-05T05:39:48.767+0000] {processor.py:830} INFO - Processing file /opt/airflow/dags/main.py for tasks to queue
[2026-09-05T05:39:48.774+0000] {logging_mixin.py:188} INFO - [2026-09-05T05:39:48.773+0000] {dagbag.py:545} INFO - Filling up the DagBag from /opt/airflow/dags/main.py
[2026-09-05T05:39:48.862+0000] {logging_mixin.py:188} INFO - channel id is not executed
[2026-09-05T05:39:48.958+0000] {processor.py:840} INFO - DAG(s) 'update_db', 'produce_json' retrieved from /opt/airflow/dags/main.py
[2026-09-05T05:39:51.480+0000] {logging_mixin.py:188} INFO - [2026-09-05T05:39:51.480+0000] {dag.py:3096} INFO - Sync 2 DAGs
[2026-09-05T05:39:51.589+0000] {logging_mixin.py:188} INFO - [2026-09-05T05:39:51.588+0000] {dag.py:3954} INFO - Setting next_dagrun for produce_json to 2026-09-05 14:00:00+00:00, run_after=2026-09-06 14:00:00+00:00
[2026-09-05T05:39:51.619+0000] {logging_mixin.py:188} INFO - [2026-09-05T05:39:51.618+0000] {dag.py:3954} INFO - Setting next_dagrun for update_db to 2026-09-05 15:00:00+00:00, run_after=2026-09-06 15:00:00+00:00
[2026-09-05T05:39:51.757+0000] {processor.py:183} INFO - Processing /opt/airflow/dags/main.py took 3.026 seconds
[2026-09-05T05:40:22.394+0000] {processor.py:161} INFO - Started process (PID=474) to work on /opt/airflow/dags/main.py
[2026-09-05T05:40:22.409+0000] {processor.py:830} INFO - Processing file /opt/airflow/dags/main.py for tasks to queue
[2026-09-05T05:40:22.415+0000] {logging_mixin.py:188} INFO - [2026-09-05T05:40:22.414+0000] {dagbag.py:545} INFO - Filling up the DagBag from /opt/airflow/dags/main.py
[2026-09-05T05:40:22.488+0000] {logging_mixin.py:188} INFO - channel id is not executed
[2026-09-05T05:40:22.576+0000] {processor.py:840} INFO - DAG(s) 'produce_json', 'update_db' retrieved from /opt/airflow/dags/main.py
[2026-09-05T05:40:22.991+0000] {logging_mixin.py:188} INFO - [2026-09-05T05:40:22.991+0000] {dag.py:3096} INFO - Sync 2 DAGs
[2026-09-05T05:40:23.092+0000] {logging_mixin.py:188} INFO - [2026-09-05T05:40:23.092+0000] {dag.py:3954} INFO - Setting next_dagrun for produce_json to 2026-09-05 14:00:00+00:00, run_after=2026-09-06 14:00:00+00:00
[2026-09-05T05:40:23.101+0000] {logging_mixin.py:188} INFO - [2026-09-05T05:40:23.101+0000] {dag.py:3954} INFO - Setting next_dagrun for update_db to 2026-09-05 15:00:00+00:00, run_after=2026-09-06 15:00:00+00:00
[2026-09-05T05:40:23.137+0000] {processor.py:183} INFO - Processing /opt/airflow/dags/main.py took 0.752 seconds
[2026-09-05T05:40:53.593+0000] {processor.py:161} INFO - Started process (PID=482) to work on /opt/airflow/dags/main.py
[2026-09-05T05:40:53.604+0000] {processor.py:830} INFO - Processing file /opt/airflow/dags/main.py for tasks to queue
[2026-09-05T05:40:53.610+0000] {logging_mixin.py:188} INFO - [2026-09-05T05:40:53.610+0000] {dagbag.py:545} INFO - Filling up the DagBag from /opt/airflow/dags/main.py
[2026-09-05T05:40:53.677+0000] {logging_mixin.py:188} INFO - channel id is not executed
[2026-09-05T05:40:54.055+0000] {processor.py:840} INFO - DAG(s) 'update_db', 'produce_json' retrieved from /opt/airflow/dags/main.py
[2026-09-05T05:40:54.337+0000] {logging_mixin.py:188} INFO - [2026-09-05T05:40:54.336+0000] {dag.py:3096} INFO - Sync 2 DAGs
[2026-09-05T05:40:54.374+0000] {logging_mixin.py:188} INFO - [2026-09-05T05:40:54.374+0000] {dag.py:3954} INFO - Setting next_dagrun for produce_json to 2026-09-05 14:00:00+00:00, run_after=2026-09-06 14:00:00+00:00
[2026-09-05T05:40:54.384+0000] {logging_mixin.py:188} INFO - [2026-09-05T05:40:54.384+0000] {dag.py:3954} INFO - Setting next_dagrun for update_db to 2026-09-05 15:00:00+00:00, run_after=2026-09-06 15:00:00+00:00
[2026-09-05T05:40:54.454+0000] {processor.py:183} INFO - Processing /opt/airflow/dags/main.py took 0.871 seconds
[2026-09-05T05:41:25.534+0000] {processor.py:161} INFO - Started process (PID=488) to work on /opt/airflow/dags/main.py
[2026-09-05T05:41:25.536+0000] {processor.py:830} INFO - Processing file /opt/airflow/dags/main.py for tasks to queue
[2026-09-05T05:41:25.541+0000] {logging_mixin.py:188} INFO - [2026-09-05T05:41:25.540+0000] {dagbag.py:545} INFO - Filling up the DagBag from /opt/airflow/dags/main.py
[2026-09-05T05:41:25.623+0000] {logging_mixin.py:188} INFO - channel id is not executed
[2026-09-05T05:41:25.716+0000] {processor.py:840} INFO - DAG(s) 'produce_json', 'update_db' retrieved from /opt/airflow/dags/main.py
[2026-09-05T05:41:25.926+0000] {logging_mixin.py:188} INFO - [2026-09-05T05:41:25.925+0000] {dag.py:3096} INFO - Sync 2 DAGs
[2026-09-05T05:41:25.959+0000] {logging_mixin.py:188} INFO - [2026-09-05T05:41:25.959+0000] {dag.py:3954} INFO - Setting next_dagrun for produce_json to 2026-09-05 14:00:00+00:00, run_after=2026-09-06 14:00:00+00:00
[2026-09-05T05:41:25.969+0000] {logging_mixin.py:188} INFO - [2026-09-05T05:41:25.968+0000] {dag.py:3954} INFO - Setting next_dagrun for update_db to 2026-09-05 15:00:00+00:00, run_after=2026-09-06 15:00:00+00:00
[2026-09-05T05:41:26.003+0000] {processor.py:183} INFO - Processing /opt/airflow/dags/main.py took 0.478 seconds
[2026-09-05T05:41:56.362+0000] {processor.py:161} INFO - Started process (PID=495) to work on /opt/airflow/dags/main.py
[2026-09-05T05:41:56.365+0000] {processor.py:830} INFO - Processing file /opt/airflow/dags/main.py for tasks to queue
[2026-09-05T05:41:56.370+0000] {logging_mixin.py:188} INFO - [2026-09-05T05:41:56.369+0000] {dagbag.py:545} INFO - Filling up the DagBag from /opt/airflow/dags/main.py
[2026-09-05T05:41:56.490+0000] {logging_mixin.py:188} INFO - channel id is not executed
[2026-09-05T05:41:56.594+0000] {processor.py:840} INFO - DAG(s) 'update_db', 'produce_json' retrieved from /opt/airflow/dags/main.py
[2026-09-05T05:41:56.939+0000] {logging_mixin.py:188} INFO - [2026-09-05T05:41:56.938+0000] {dag.py:3096} INFO - Sync 2 DAGs
[2026-09-05T05:41:56.976+0000] {logging_mixin.py:188} INFO - [2026-09-05T05:41:56.975+0000] {dag.py:3954} INFO - Setting next_dagrun for produce_json to 2026-09-05 14:00:00+00:00, run_after=2026-09-06 14:00:00+00:00
[2026-09-05T05:41:56.986+0000] {logging_mixin.py:188} INFO - [2026-09-05T05:41:56.985+0000] {dag.py:3954} INFO - Setting next_dagrun for update_db to 2026-09-05 15:00:00+00:00, run_after=2026-09-06 15:00:00+00:00
[2026-09-05T05:41:57.040+0000] {processor.py:183} INFO - Processing /opt/airflow/dags/main.py took 0.693 seconds
[2026-09-05T05:42:27.481+0000] {processor.py:161} INFO - Started process (PID=501) to work on /opt/airflow/dags/main.py
[2026-09-05T05:42:27.483+0000] {processor.py:830} INFO - Processing file /opt/airflow/dags/main.py for tasks to queue
[2026-09-05T05:42:27.488+0000] {logging_mixin.py:188} INFO - [2026-09-05T05:42:27.488+0000] {dagbag.py:545} INFO - Filling up the DagBag from /opt/airflow/dags/main.py
[2026-09-05T05:42:27.595+0000] {logging_mixin.py:188} INFO - channel id is not executed
[2026-09-05T05:42:27.716+0000] {processor.py:840} INFO - DAG(s) 'produce_json', 'update_db' retrieved from /opt/airflow/dags/main.py
[2026-09-05T05:42:27.960+0000] {logging_mixin.py:188} INFO - [2026-09-05T05:42:27.960+0000] {dag.py:3096} INFO - Sync 2 DAGs
[2026-09-05T05:42:28.033+0000] {logging_mixin.py:188} INFO - [2026-09-05T05:42:28.033+0000] {dag.py:3954} INFO - Setting next_dagrun for produce_json to 2026-09-05 14:00:00+00:00, run_after=2026-09-06 14:00:00+00:00
[2026-09-05T05:42:28.086+0000] {logging_mixin.py:188} INFO - [2026-09-05T05:42:28.085+0000] {dag.py:3954} INFO - Setting next_dagrun for update_db to 2026-09-05 15:00:00+00:00, run_after=2026-09-06 15:00:00+00:00
[2026-09-05T05:42:28.179+0000] {processor.py:183} INFO - Processing /opt/airflow/dags/main.py took 0.707 seconds
[2026-09-05T05:42:58.841+0000] {processor.py:161} INFO - Started process (PID=507) to work on /opt/airflow/dags/main.py
[2026-09-05T05:42:58.844+0000] {processor.py:830} INFO - Processing file /opt/airflow/dags/main.py for tasks to queue
[2026-09-05T05:42:58.850+0000] {logging_mixin.py:188} INFO - [2026-09-05T05:42:58.849+0000] {dagbag.py:545} INFO - Filling up the DagBag from /opt/airflow/dags/main.py
[2026-09-05T05:42:58.951+0000] {logging_mixin.py:188} INFO - channel id is not executed
[2026-09-05T05:42:59.037+0000] {processor.py:840} INFO - DAG(s) 'update_db', 'produce_json' retrieved from /opt/airflow/dags/main.py
[2026-09-05T05:42:59.337+0000] {logging_mixin.py:188} INFO - [2026-09-05T05:42:59.337+0000] {dag.py:3096} INFO - Sync 2 DAGs
[2026-09-05T05:42:59.495+0000] {logging_mixin.py:188} INFO - [2026-09-05T05:42:59.495+0000] {dag.py:3954} INFO - Setting next_dagrun for produce_json to 2026-09-05 14:00:00+00:00, run_after=2026-09-06 14:00:00+00:00
[2026-09-05T05:42:59.510+0000] {logging_mixin.py:188} INFO - [2026-09-05T05:42:59.510+0000] {dag.py:3954} INFO - Setting next_dagrun for update_db to 2026-09-05 15:00:00+00:00, run_after=2026-09-06 15:00:00+00:00
[2026-09-05T05:42:59.590+0000] {processor.py:183} INFO - Processing /opt/airflow/dags/main.py took 0.763 seconds
[2026-09-05T05:43:29.968+0000] {processor.py:161} INFO - Started process (PID=513) to work on /opt/airflow/dags/main.py
[2026-09-05T05:43:29.988+0000] {processor.py:830} INFO - Processing file /opt/airflow/dags/main.py for tasks to queue
[2026-09-05T05:43:29.998+0000] {logging_mixin.py:188} INFO - [2026-09-05T05:43:29.997+0000] {dagbag.py:545} INFO - Filling up the DagBag from /opt/airflow/dags/main.py
[2026-09-05T05:43:30.328+0000] {logging_mixin.py:188} INFO - channel id is not executed
[2026-09-05T05:43:30.496+0000] {processor.py:840} INFO - DAG(s) 'produce_json', 'update_db' retrieved from /opt/airflow/dags/main.py
[2026-09-05T05:43:30.954+0000] {logging_mixin.py:188} INFO - [2026-09-05T05:43:30.954+0000] {dag.py:3096} INFO - Sync 2 DAGs
[2026-09-05T05:43:31.027+0000] {logging_mixin.py:188} INFO - [2026-09-05T05:43:31.026+0000] {dag.py:3954} INFO - Setting next_dagrun for produce_json to 2026-09-05 14:00:00+00:00, run_after=2026-09-06 14:00:00+00:00
[2026-09-05T05:43:31.076+0000] {logging_mixin.py:188} INFO - [2026-09-05T05:43:31.076+0000] {dag.py:3954} INFO - Setting next_dagrun for update_db to 2026-09-05 15:00:00+00:00, run_after=2026-09-06 15:00:00+00:00
[2026-09-05T05:43:31.127+0000] {processor.py:183} INFO - Processing /opt/airflow/dags/main.py took 1.205 seconds
[2026-09-05T05:44:01.848+0000] {processor.py:161} INFO - Started process (PID=520) to work on /opt/airflow/dags/main.py
[2026-09-05T05:44:01.851+0000] {processor.py:830} INFO - Processing file /opt/airflow/dags/main.py for tasks to queue
[2026-09-05T05:44:01.866+0000] {logging_mixin.py:188} INFO - [2026-09-05T05:44:01.865+0000] {dagbag.py:545} INFO - Filling up the DagBag from /opt/airflow/dags/main.py
[2026-09-05T05:44:02.041+0000] {logging_mixin.py:188} INFO - channel id is not executed
[2026-09-05T05:44:02.250+0000] {processor.py:840} INFO - DAG(s) 'produce_json', 'update_db' retrieved from /opt/airflow/dags/main.py
[2026-09-05T05:44:02.750+0000] {logging_mixin.py:188} INFO - [2026-09-05T05:44:02.749+0000] {dag.py:3096} INFO - Sync 2 DAGs
[2026-09-05T05:44:02.858+0000] {logging_mixin.py:188} INFO - [2026-09-05T05:44:02.857+0000] {dag.py:3954} INFO - Setting next_dagrun for produce_json to 2026-09-05 14:00:00+00:00, run_after=2026-09-06 14:00:00+00:00
[2026-09-05T05:44:02.875+0000] {logging_mixin.py:188} INFO - [2026-09-05T05:44:02.875+0000] {dag.py:3954} INFO - Setting next_dagrun for update_db to 2026-09-05 15:00:00+00:00, run_after=2026-09-06 15:00:00+00:00
[2026-09-05T05:44:02.971+0000] {processor.py:183} INFO - Processing /opt/airflow/dags/main.py took 1.157 seconds
[2026-09-05T05:44:33.288+0000] {processor.py:161} INFO - Started process (PID=527) to work on /opt/airflow/dags/main.py
[2026-09-05T05:44:33.291+0000] {processor.py:830} INFO - Processing file /opt/airflow/dags/main.py for tasks to queue
[2026-09-05T05:44:33.300+0000] {logging_mixin.py:188} INFO - [2026-09-05T05:44:33.299+0000] {dagbag.py:545} INFO - Filling up the DagBag from /opt/airflow/dags/main.py
[2026-09-05T05:44:33.449+0000] {logging_mixin.py:188} INFO - channel id is not executed
[2026-09-05T05:44:33.597+0000] {processor.py:840} INFO - DAG(s) 'produce_json', 'update_db' retrieved from /opt/airflow/dags/main.py
[2026-09-05T05:44:33.970+0000] {logging_mixin.py:188} INFO - [2026-09-05T05:44:33.969+0000] {dag.py:3096} INFO - Sync 2 DAGs
[2026-09-05T05:44:34.048+0000] {logging_mixin.py:188} INFO - [2026-09-05T05:44:34.047+0000] {dag.py:3954} INFO - Setting next_dagrun for produce_json to 2026-09-05 14:00:00+00:00, run_after=2026-09-06 14:00:00+00:00
[2026-09-05T05:44:34.087+0000] {logging_mixin.py:188} INFO - [2026-09-05T05:44:34.087+0000] {dag.py:3954} INFO - Setting next_dagrun for update_db to 2026-09-05 15:00:00+00:00, run_after=2026-09-06 15:00:00+00:00
[2026-09-05T05:44:34.204+0000] {processor.py:183} INFO - Processing /opt/airflow/dags/main.py took 0.929 seconds
[2026-09-05T05:45:04.712+0000] {processor.py:161} INFO - Started process (PID=535) to work on /opt/airflow/dags/main.py
[2026-09-05T05:45:04.714+0000] {processor.py:830} INFO - Processing file /opt/airflow/dags/main.py for tasks to queue
[2026-09-05T05:45:04.719+0000] {logging_mixin.py:188} INFO - [2026-09-05T05:45:04.719+0000] {dagbag.py:545} INFO - Filling up the DagBag from /opt/airflow/dags/main.py
[2026-09-05T05:45:04.808+0000] {logging_mixin.py:188} INFO - channel id is not executed
[2026-09-05T05:45:04.900+0000] {processor.py:840} INFO - DAG(s) 'produce_json', 'update_db' retrieved from /opt/airflow/dags/main.py
[2026-09-05T05:45:05.352+0000] {logging_mixin.py:188} INFO - [2026-09-05T05:45:05.352+0000] {dag.py:3096} INFO - Sync 2 DAGs
[2026-09-05T05:45:05.389+0000] {logging_mixin.py:188} INFO - [2026-09-05T05:45:05.389+0000] {dag.py:3954} INFO - Setting next_dagrun for produce_json to 2026-09-05 14:00:00+00:00, run_after=2026-09-06 14:00:00+00:00
[2026-09-05T05:45:05.402+0000] {logging_mixin.py:188} INFO - [2026-09-05T05:45:05.402+0000] {dag.py:3954} INFO - Setting next_dagrun for update_db to 2026-09-05 15:00:00+00:00, run_after=2026-09-06 15:00:00+00:00
[2026-09-05T05:45:05.452+0000] {processor.py:183} INFO - Processing /opt/airflow/dags/main.py took 0.750 seconds
[2026-09-05T05:45:36.129+0000] {processor.py:161} INFO - Started process (PID=542) to work on /opt/airflow/dags/main.py
[2026-09-05T05:45:36.140+0000] {processor.py:830} INFO - Processing file /opt/airflow/dags/main.py for tasks to queue
[2026-09-05T05:45:36.175+0000] {logging_mixin.py:188} INFO - [2026-09-05T05:45:36.174+0000] {dagbag.py:545} INFO - Filling up the DagBag from /opt/airflow/dags/main.py
[2026-09-05T05:45:36.406+0000] {logging_mixin.py:188} INFO - channel id is not executed
[2026-09-05T05:45:36.489+0000] {processor.py:840} INFO - DAG(s) 'produce_json', 'update_db' retrieved from /opt/airflow/dags/main.py
[2026-09-05T05:45:36.703+0000] {logging_mixin.py:188} INFO - [2026-09-05T05:45:36.703+0000] {dag.py:3096} INFO - Sync 2 DAGs
[2026-09-05T05:45:36.744+0000] {logging_mixin.py:188} INFO - [2026-09-05T05:45:36.744+0000] {dag.py:3954} INFO - Setting next_dagrun for produce_json to 2026-09-05 14:00:00+00:00, run_after=2026-09-06 14:00:00+00:00
[2026-09-05T05:45:36.765+0000] {logging_mixin.py:188} INFO - [2026-09-05T05:45:36.765+0000] {dag.py:3954} INFO - Setting next_dagrun for update_db to 2026-09-05 15:00:00+00:00, run_after=2026-09-06 15:00:00+00:00
[2026-09-05T05:45:36.835+0000] {processor.py:183} INFO - Processing /opt/airflow/dags/main.py took 0.721 seconds
[2026-09-05T05:46:07.211+0000] {processor.py:161} INFO - Started process (PID=548) to work on /opt/airflow/dags/main.py
[2026-09-05T05:46:07.214+0000] {processor.py:830} INFO - Processing file /opt/airflow/dags/main.py for tasks to queue
[2026-09-05T05:46:07.219+0000] {logging_mixin.py:188} INFO - [2026-09-05T05:46:07.218+0000] {dagbag.py:545} INFO - Filling up the DagBag from /opt/airflow/dags/main.py
[2026-09-05T05:46:07.323+0000] {logging_mixin.py:188} INFO - channel id is not executed
[2026-09-05T05:46:07.439+0000] {processor.py:840} INFO - DAG(s) 'update_db', 'produce_json' retrieved from /opt/airflow/dags/main.py
[2026-09-05T05:46:07.685+0000] {logging_mixin.py:188} INFO - [2026-09-05T05:46:07.685+0000] {dag.py:3096} INFO - Sync 2 DAGs
[2026-09-05T05:46:07.746+0000] {logging_mixin.py:188} INFO - [2026-09-05T05:46:07.746+0000] {dag.py:3954} INFO - Setting next_dagrun for produce_json to 2026-09-05 14:00:00+00:00, run_after=2026-09-06 14:00:00+00:00
[2026-09-05T05:46:07.777+0000] {logging_mixin.py:188} INFO - [2026-09-05T05:46:07.776+0000] {dag.py:3954} INFO - Setting next_dagrun for update_db to 2026-09-05 15:00:00+00:00, run_after=2026-09-06 15:00:00+00:00
[2026-09-05T05:46:07.870+0000] {processor.py:183} INFO - Processing /opt/airflow/dags/main.py took 0.672 seconds
[2026-09-05T05:46:38.495+0000] {processor.py:161} INFO - Started process (PID=555) to work on /opt/airflow/dags/main.py
[2026-09-05T05:46:38.497+0000] {processor.py:830} INFO - Processing file /opt/airflow/dags/main.py for tasks to queue
[2026-09-05T05:46:38.507+0000] {logging_mixin.py:188} INFO - [2026-09-05T05:46:38.506+0000] {dagbag.py:545} INFO - Filling up the DagBag from /opt/airflow/dags/main.py
[2026-09-05T05:46:38.705+0000] {logging_mixin.py:188} INFO - channel id is not executed
[2026-09-05T05:46:38.805+0000] {processor.py:840} INFO - DAG(s) 'update_db', 'produce_json' retrieved from /opt/airflow/dags/main.py
[2026-09-05T05:46:39.092+0000] {logging_mixin.py:188} INFO - [2026-09-05T05:46:39.091+0000] {dag.py:3096} INFO - Sync 2 DAGs
[2026-09-05T05:46:39.141+0000] {logging_mixin.py:188} INFO - [2026-09-05T05:46:39.141+0000] {dag.py:3954} INFO - Setting next_dagrun for produce_json to 2026-09-05 14:00:00+00:00, run_after=2026-09-06 14:00:00+00:00
[2026-09-05T05:46:39.159+0000] {logging_mixin.py:188} INFO - [2026-09-05T05:46:39.158+0000] {dag.py:3954} INFO - Setting next_dagrun for update_db to 2026-09-05 15:00:00+00:00, run_after=2026-09-06 15:00:00+00:00
[2026-09-05T05:46:39.312+0000] {processor.py:183} INFO - Processing /opt/airflow/dags/main.py took 0.836 seconds
[2026-09-05T05:47:09.905+0000] {processor.py:161} INFO - Started process (PID=562) to work on /opt/airflow/dags/main.py
[2026-09-05T05:47:09.914+0000] {processor.py:830} INFO - Processing file /opt/airflow/dags/main.py for tasks to queue
[2026-09-05T05:47:09.938+0000] {logging_mixin.py:188} INFO - [2026-09-05T05:47:09.934+0000] {dagbag.py:545} INFO - Filling up the DagBag from /opt/airflow/dags/main.py
[2026-09-05T05:47:10.540+0000] {logging_mixin.py:188} INFO - channel id is not executed
[2026-09-05T05:47:10.804+0000] {processor.py:840} INFO - DAG(s) 'update_db', 'produce_json' retrieved from /opt/airflow/dags/main.py
[2026-09-05T05:47:11.126+0000] {logging_mixin.py:188} INFO - [2026-09-05T05:47:11.126+0000] {dag.py:3096} INFO - Sync 2 DAGs
[2026-09-05T05:47:11.204+0000] {logging_mixin.py:188} INFO - [2026-09-05T05:47:11.204+0000] {dag.py:3954} INFO - Setting next_dagrun for produce_json to 2026-09-05 14:00:00+00:00, run_after=2026-09-06 14:00:00+00:00
[2026-09-05T05:47:11.232+0000] {logging_mixin.py:188} INFO - [2026-09-05T05:47:11.232+0000] {dag.py:3954} INFO - Setting next_dagrun for update_db to 2026-09-05 15:00:00+00:00, run_after=2026-09-06 15:00:00+00:00
[2026-09-05T05:47:11.308+0000] {processor.py:183} INFO - Processing /opt/airflow/dags/main.py took 1.414 seconds
[2026-09-05T05:47:41.701+0000] {processor.py:161} INFO - Started process (PID=569) to work on /opt/airflow/dags/main.py
[2026-09-05T05:47:41.811+0000] {processor.py:830} INFO - Processing file /opt/airflow/dags/main.py for tasks to queue
[2026-09-05T05:47:41.818+0000] {logging_mixin.py:188} INFO - [2026-09-05T05:47:41.818+0000] {dagbag.py:545} INFO - Filling up the DagBag from /opt/airflow/dags/main.py
[2026-09-05T05:47:42.069+0000] {logging_mixin.py:188} INFO - channel id is not executed
[2026-09-05T05:47:42.389+0000] {processor.py:840} INFO - DAG(s) 'update_db', 'produce_json' retrieved from /opt/airflow/dags/main.py
[2026-09-05T05:47:43.057+0000] {logging_mixin.py:188} INFO - [2026-09-05T05:47:43.056+0000] {dag.py:3096} INFO - Sync 2 DAGs
[2026-09-05T05:47:43.243+0000] {logging_mixin.py:188} INFO - [2026-09-05T05:47:43.243+0000] {dag.py:3954} INFO - Setting next_dagrun for produce_json to 2026-09-05 14:00:00+00:00, run_after=2026-09-06 14:00:00+00:00
[2026-09-05T05:47:43.277+0000] {logging_mixin.py:188} INFO - [2026-09-05T05:47:43.276+0000] {dag.py:3954} INFO - Setting next_dagrun for update_db to 2026-09-05 15:00:00+00:00, run_after=2026-09-06 15:00:00+00:00
[2026-09-05T05:47:43.491+0000] {processor.py:183} INFO - Processing /opt/airflow/dags/main.py took 1.843 seconds
[2026-09-05T05:48:13.719+0000] {processor.py:161} INFO - Started process (PID=577) to work on /opt/airflow/dags/main.py
[2026-09-05T05:48:13.721+0000] {processor.py:830} INFO - Processing file /opt/airflow/dags/main.py for tasks to queue
[2026-09-05T05:48:13.736+0000] {logging_mixin.py:188} INFO - [2026-09-05T05:48:13.735+0000] {dagbag.py:545} INFO - Filling up the DagBag from /opt/airflow/dags/main.py
[2026-09-05T05:48:13.836+0000] {logging_mixin.py:188} INFO - channel id is not executed
[2026-09-05T05:48:14.148+0000] {processor.py:840} INFO - DAG(s) 'update_db', 'produce_json' retrieved from /opt/airflow/dags/main.py
[2026-09-05T05:48:14.506+0000] {logging_mixin.py:188} INFO - [2026-09-05T05:48:14.506+0000] {dag.py:3096} INFO - Sync 2 DAGs
[2026-09-05T05:48:14.591+0000] {logging_mixin.py:188} INFO - [2026-09-05T05:48:14.591+0000] {dag.py:3954} INFO - Setting next_dagrun for produce_json to 2026-09-05 14:00:00+00:00, run_after=2026-09-06 14:00:00+00:00
[2026-09-05T05:48:14.609+0000] {logging_mixin.py:188} INFO - [2026-09-05T05:48:14.609+0000] {dag.py:3954} INFO - Setting next_dagrun for update_db to 2026-09-05 15:00:00+00:00, run_after=2026-09-06 15:00:00+00:00
[2026-09-05T05:48:14.710+0000] {processor.py:183} INFO - Processing /opt/airflow/dags/main.py took 1.010 seconds
[2026-09-05T05:48:45.187+0000] {processor.py:161} INFO - Started process (PID=583) to work on /opt/airflow/dags/main.py
[2026-09-05T05:48:45.190+0000] {processor.py:830} INFO - Processing file /opt/airflow/dags/main.py for tasks to queue
[2026-09-05T05:48:45.204+0000] {logging_mixin.py:188} INFO - [2026-09-05T05:48:45.203+0000] {dagbag.py:545} INFO - Filling up the DagBag from /opt/airflow/dags/main.py
[2026-09-05T05:48:45.359+0000] {logging_mixin.py:188} INFO - channel id is not executed
[2026-09-05T05:48:45.575+0000] {processor.py:840} INFO - DAG(s) 'produce_json', 'update_db' retrieved from /opt/airflow/dags/main.py
[2026-09-05T05:48:46.032+0000] {logging_mixin.py:188} INFO - [2026-09-05T05:48:46.032+0000] {dag.py:3096} INFO - Sync 2 DAGs
[2026-09-05T05:48:46.193+0000] {logging_mixin.py:188} INFO - [2026-09-05T05:48:46.192+0000] {dag.py:3954} INFO - Setting next_dagrun for produce_json to 2026-09-05 14:00:00+00:00, run_after=2026-09-06 14:00:00+00:00
[2026-09-05T05:48:46.212+0000] {logging_mixin.py:188} INFO - [2026-09-05T05:48:46.211+0000] {dag.py:3954} INFO - Setting next_dagrun for update_db to 2026-09-05 15:00:00+00:00, run_after=2026-09-06 15:00:00+00:00
[2026-09-05T05:48:46.321+0000] {processor.py:183} INFO - Processing /opt/airflow/dags/main.py took 1.155 seconds
[2026-09-05T05:49:16.532+0000] {processor.py:161} INFO - Started process (PID=590) to work on /opt/airflow/dags/main.py
[2026-09-05T05:49:16.557+0000] {processor.py:830} INFO - Processing file /opt/airflow/dags/main.py for tasks to queue
[2026-09-05T05:49:16.571+0000] {logging_mixin.py:188} INFO - [2026-09-05T05:49:16.568+0000] {dagbag.py:545} INFO - Filling up the DagBag from /opt/airflow/dags/main.py
[2026-09-05T05:49:16.719+0000] {logging_mixin.py:188} INFO - channel id is not executed
[2026-09-05T05:49:17.113+0000] {processor.py:840} INFO - DAG(s) 'produce_json', 'update_db' retrieved from /opt/airflow/dags/main.py
[2026-09-05T05:49:17.550+0000] {logging_mixin.py:188} INFO - [2026-09-05T05:49:17.550+0000] {dag.py:3096} INFO - Sync 2 DAGs
[2026-09-05T05:49:17.653+0000] {logging_mixin.py:188} INFO - [2026-09-05T05:49:17.653+0000] {dag.py:3954} INFO - Setting next_dagrun for produce_json to 2026-09-05 14:00:00+00:00, run_after=2026-09-06 14:00:00+00:00
[2026-09-05T05:49:17.672+0000] {logging_mixin.py:188} INFO - [2026-09-05T05:49:17.671+0000] {dag.py:3954} INFO - Setting next_dagrun for update_db to 2026-09-05 15:00:00+00:00, run_after=2026-09-06 15:00:00+00:00
[2026-09-05T05:49:17.758+0000] {processor.py:183} INFO - Processing /opt/airflow/dags/main.py took 1.239 seconds
[2026-09-05T05:49:47.911+0000] {processor.py:161} INFO - Started process (PID=596) to work on /opt/airflow/dags/main.py
[2026-09-05T05:49:47.928+0000] {processor.py:830} INFO - Processing file /opt/airflow/dags/main.py for tasks to queue
[2026-09-05T05:49:47.932+0000] {logging_mixin.py:188} INFO - [2026-09-05T05:49:47.932+0000] {dagbag.py:545} INFO - Filling up the DagBag from /opt/airflow/dags/main.py
[2026-09-05T05:49:48.656+0000] {logging_mixin.py:188} INFO - channel id is not executed
[2026-09-05T05:49:48.933+0000] {processor.py:840} INFO - DAG(s) 'produce_json', 'update_db' retrieved from /opt/airflow/dags/main.py
[2026-09-05T05:49:49.465+0000] {logging_mixin.py:188} INFO - [2026-09-05T05:49:49.465+0000] {dag.py:3096} INFO - Sync 2 DAGs
[2026-09-05T05:49:49.587+0000] {logging_mixin.py:188} INFO - [2026-09-05T05:49:49.587+0000] {dag.py:3954} INFO - Setting next_dagrun for produce_json to 2026-09-05 14:00:00+00:00, run_after=2026-09-06 14:00:00+00:00
[2026-09-05T05:49:49.710+0000] {logging_mixin.py:188} INFO - [2026-09-05T05:49:49.709+0000] {dag.py:3954} INFO - Setting next_dagrun for update_db to 2026-09-05 15:00:00+00:00, run_after=2026-09-06 15:00:00+00:00
[2026-09-05T05:49:49.841+0000] {processor.py:183} INFO - Processing /opt/airflow/dags/main.py took 1.941 seconds
[2026-09-05T05:50:20.566+0000] {processor.py:161} INFO - Started process (PID=604) to work on /opt/airflow/dags/main.py
[2026-09-05T05:50:20.583+0000] {processor.py:830} INFO - Processing file /opt/airflow/dags/main.py for tasks to queue
[2026-09-05T05:50:20.617+0000] {logging_mixin.py:188} INFO - [2026-09-05T05:50:20.616+0000] {dagbag.py:545} INFO - Filling up the DagBag from /opt/airflow/dags/main.py
[2026-09-05T05:50:21.244+0000] {logging_mixin.py:188} INFO - channel id is not executed
[2026-09-05T05:50:21.423+0000] {processor.py:840} INFO - DAG(s) 'produce_json', 'update_db' retrieved from /opt/airflow/dags/main.py
[2026-09-05T05:50:22.870+0000] {logging_mixin.py:188} INFO - [2026-09-05T05:50:22.870+0000] {dag.py:3096} INFO - Sync 2 DAGs
[2026-09-05T05:50:23.079+0000] {logging_mixin.py:188} INFO - [2026-09-05T05:50:23.078+0000] {dag.py:3954} INFO - Setting next_dagrun for produce_json to 2026-09-05 14:00:00+00:00, run_after=2026-09-06 14:00:00+00:00
[2026-09-05T05:50:23.719+0000] {logging_mixin.py:188} INFO - [2026-09-05T05:50:23.718+0000] {dag.py:3954} INFO - Setting next_dagrun for update_db to 2026-09-05 15:00:00+00:00, run_after=2026-09-06 15:00:00+00:00
[2026-09-05T05:50:24.698+0000] {processor.py:183} INFO - Processing /opt/airflow/dags/main.py took 4.190 seconds
[2026-09-05T05:50:56.860+0000] {processor.py:161} INFO - Started process (PID=617) to work on /opt/airflow/dags/main.py
[2026-09-05T05:50:56.893+0000] {processor.py:830} INFO - Processing file /opt/airflow/dags/main.py for tasks to queue
[2026-09-05T05:50:56.920+0000] {logging_mixin.py:188} INFO - [2026-09-05T05:50:56.919+0000] {dagbag.py:545} INFO - Filling up the DagBag from /opt/airflow/dags/main.py
[2026-09-05T05:50:57.266+0000] {logging_mixin.py:188} INFO - channel id is not executed
[2026-09-05T05:50:58.061+0000] {processor.py:840} INFO - DAG(s) 'update_db', 'produce_json' retrieved from /opt/airflow/dags/main.py
[2026-09-05T05:50:58.689+0000] {logging_mixin.py:188} INFO - [2026-09-05T05:50:58.689+0000] {dag.py:3096} INFO - Sync 2 DAGs
[2026-09-05T05:50:58.818+0000] {logging_mixin.py:188} INFO - [2026-09-05T05:50:58.806+0000] {dag.py:3954} INFO - Setting next_dagrun for produce_json to 2026-09-05 14:00:00+00:00, run_after=2026-09-06 14:00:00+00:00
[2026-09-05T05:50:58.840+0000] {logging_mixin.py:188} INFO - [2026-09-05T05:50:58.839+0000] {dag.py:3954} INFO - Setting next_dagrun for update_db to 2026-09-05 15:00:00+00:00, run_after=2026-09-06 15:00:00+00:00
[2026-09-05T05:50:59.205+0000] {processor.py:183} INFO - Processing /opt/airflow/dags/main.py took 2.426 seconds
[2026-09-05T05:51:32.880+0000] {processor.py:161} INFO - Started process (PID=624) to work on /opt/airflow/dags/main.py
[2026-09-05T05:51:32.882+0000] {processor.py:830} INFO - Processing file /opt/airflow/dags/main.py for tasks to queue
[2026-09-05T05:51:32.886+0000] {logging_mixin.py:188} INFO - [2026-09-05T05:51:32.885+0000] {dagbag.py:545} INFO - Filling up the DagBag from /opt/airflow/dags/main.py
[2026-09-05T05:51:33.024+0000] {logging_mixin.py:188} INFO - channel id is not executed
[2026-09-05T05:51:33.134+0000] {processor.py:840} INFO - DAG(s) 'produce_json', 'update_db' retrieved from /opt/airflow/dags/main.py
[2026-09-05T05:51:33.618+0000] {logging_mixin.py:188} INFO - [2026-09-05T05:51:33.618+0000] {dag.py:3096} INFO - Sync 2 DAGs
[2026-09-05T05:51:33.731+0000] {logging_mixin.py:188} INFO - [2026-09-05T05:51:33.731+0000] {dag.py:3954} INFO - Setting next_dagrun for produce_json to 2026-09-05 14:00:00+00:00, run_after=2026-09-06 14:00:00+00:00
[2026-09-05T05:51:33.753+0000] {logging_mixin.py:188} INFO - [2026-09-05T05:51:33.752+0000] {dag.py:3954} INFO - Setting next_dagrun for update_db to 2026-09-05 15:00:00+00:00, run_after=2026-09-06 15:00:00+00:00
[2026-09-05T05:51:33.815+0000] {processor.py:183} INFO - Processing /opt/airflow/dags/main.py took 0.961 seconds
[2026-09-05T05:52:04.626+0000] {processor.py:161} INFO - Started process (PID=632) to work on /opt/airflow/dags/main.py
[2026-09-05T05:52:04.628+0000] {processor.py:830} INFO - Processing file /opt/airflow/dags/main.py for tasks to queue
[2026-09-05T05:52:04.632+0000] {logging_mixin.py:188} INFO - [2026-09-05T05:52:04.631+0000] {dagbag.py:545} INFO - Filling up the DagBag from /opt/airflow/dags/main.py
[2026-09-05T05:52:04.762+0000] {logging_mixin.py:188} INFO - channel id is not executed
[2026-09-05T05:52:04.929+0000] {processor.py:840} INFO - DAG(s) 'produce_json', 'update_db' retrieved from /opt/airflow/dags/main.py
[2026-09-05T05:52:05.338+0000] {logging_mixin.py:188} INFO - [2026-09-05T05:52:05.337+0000] {dag.py:3096} INFO - Sync 2 DAGs
[2026-09-05T05:52:05.379+0000] {logging_mixin.py:188} INFO - [2026-09-05T05:52:05.378+0000] {dag.py:3954} INFO - Setting next_dagrun for produce_json to 2026-09-05 14:00:00+00:00, run_after=2026-09-06 14:00:00+00:00
[2026-09-05T05:52:05.387+0000] {logging_mixin.py:188} INFO - [2026-09-05T05:52:05.387+0000] {dag.py:3954} INFO - Setting next_dagrun for update_db to 2026-09-05 15:00:00+00:00, run_after=2026-09-06 15:00:00+00:00
[2026-09-05T05:52:05.422+0000] {processor.py:183} INFO - Processing /opt/airflow/dags/main.py took 0.809 seconds
[2026-09-05T05:52:36.119+0000] {processor.py:161} INFO - Started process (PID=640) to work on /opt/airflow/dags/main.py
[2026-09-05T05:52:36.131+0000] {processor.py:830} INFO - Processing file /opt/airflow/dags/main.py for tasks to queue
[2026-09-05T05:52:36.156+0000] {logging_mixin.py:188} INFO - [2026-09-05T05:52:36.156+0000] {dagbag.py:545} INFO - Filling up the DagBag from /opt/airflow/dags/main.py
[2026-09-05T05:52:36.321+0000] {logging_mixin.py:188} INFO - channel id is not executed
[2026-09-05T05:52:36.424+0000] {processor.py:840} INFO - DAG(s) 'produce_json', 'update_db' retrieved from /opt/airflow/dags/main.py
[2026-09-05T05:52:36.704+0000] {logging_mixin.py:188} INFO - [2026-09-05T05:52:36.703+0000] {dag.py:3096} INFO - Sync 2 DAGs
[2026-09-05T05:52:36.771+0000] {logging_mixin.py:188} INFO - [2026-09-05T05:52:36.770+0000] {dag.py:3954} INFO - Setting next_dagrun for produce_json to 2026-09-05 14:00:00+00:00, run_after=2026-09-06 14:00:00+00:00
[2026-09-05T05:52:36.795+0000] {logging_mixin.py:188} INFO - [2026-09-05T05:52:36.794+0000] {dag.py:3954} INFO - Setting next_dagrun for update_db to 2026-09-05 15:00:00+00:00, run_after=2026-09-06 15:00:00+00:00
[2026-09-05T05:52:36.892+0000] {processor.py:183} INFO - Processing /opt/airflow/dags/main.py took 0.782 seconds
[2026-09-05T05:53:06.982+0000] {processor.py:161} INFO - Started process (PID=646) to work on /opt/airflow/dags/main.py
[2026-09-05T05:53:06.985+0000] {processor.py:830} INFO - Processing file /opt/airflow/dags/main.py for tasks to queue
[2026-09-05T05:53:06.991+0000] {logging_mixin.py:188} INFO - [2026-09-05T05:53:06.991+0000] {dagbag.py:545} INFO - Filling up the DagBag from /opt/airflow/dags/main.py
[2026-09-05T05:53:07.072+0000] {logging_mixin.py:188} INFO - channel id is not executed
[2026-09-05T05:53:07.289+0000] {processor.py:840} INFO - DAG(s) 'produce_json', 'update_db' retrieved from /opt/airflow/dags/main.py
[2026-09-05T05:53:07.580+0000] {logging_mixin.py:188} INFO - [2026-09-05T05:53:07.580+0000] {dag.py:3096} INFO - Sync 2 DAGs
[2026-09-05T05:53:07.621+0000] {logging_mixin.py:188} INFO - [2026-09-05T05:53:07.621+0000] {dag.py:3954} INFO - Setting next_dagrun for produce_json to 2026-09-05 14:00:00+00:00, run_after=2026-09-06 14:00:00+00:00
[2026-09-05T05:53:07.632+0000] {logging_mixin.py:188} INFO - [2026-09-05T05:53:07.631+0000] {dag.py:3954} INFO - Setting next_dagrun for update_db to 2026-09-05 15:00:00+00:00, run_after=2026-09-06 15:00:00+00:00
[2026-09-05T05:53:07.710+0000] {processor.py:183} INFO - Processing /opt/airflow/dags/main.py took 0.742 seconds
[2026-09-05T05:53:37.825+0000] {processor.py:161} INFO - Started process (PID=654) to work on /opt/airflow/dags/main.py
[2026-09-05T05:53:37.829+0000] {processor.py:830} INFO - Processing file /opt/airflow/dags/main.py for tasks to queue
[2026-09-05T05:53:37.835+0000] {logging_mixin.py:188} INFO - [2026-09-05T05:53:37.834+0000] {dagbag.py:545} INFO - Filling up the DagBag from /opt/airflow/dags/main.py
[2026-09-05T05:53:37.903+0000] {logging_mixin.py:188} INFO - channel id is not executed
[2026-09-05T05:53:38.010+0000] {processor.py:840} INFO - DAG(s) 'produce_json', 'update_db' retrieved from /opt/airflow/dags/main.py
[2026-09-05T05:53:38.228+0000] {logging_mixin.py:188} INFO - [2026-09-05T05:53:38.227+0000] {dag.py:3096} INFO - Sync 2 DAGs
[2026-09-05T05:53:38.267+0000] {logging_mixin.py:188} INFO - [2026-09-05T05:53:38.266+0000] {dag.py:3954} INFO - Setting next_dagrun for produce_json to 2026-09-05 14:00:00+00:00, run_after=2026-09-06 14:00:00+00:00
[2026-09-05T05:53:38.277+0000] {logging_mixin.py:188} INFO - [2026-09-05T05:53:38.276+0000] {dag.py:3954} INFO - Setting next_dagrun for update_db to 2026-09-05 15:00:00+00:00, run_after=2026-09-06 15:00:00+00:00
[2026-09-05T05:53:38.325+0000] {processor.py:183} INFO - Processing /opt/airflow/dags/main.py took 0.509 seconds
[2026-09-05T05:54:08.658+0000] {processor.py:161} INFO - Started process (PID=662) to work on /opt/airflow/dags/main.py
[2026-09-05T05:54:08.661+0000] {processor.py:830} INFO - Processing file /opt/airflow/dags/main.py for tasks to queue
[2026-09-05T05:54:08.665+0000] {logging_mixin.py:188} INFO - [2026-09-05T05:54:08.664+0000] {dagbag.py:545} INFO - Filling up the DagBag from /opt/airflow/dags/main.py
[2026-09-05T05:54:08.734+0000] {logging_mixin.py:188} INFO - channel id is not executed
[2026-09-05T05:54:08.953+0000] {processor.py:840} INFO - DAG(s) 'produce_json', 'update_db' retrieved from /opt/airflow/dags/main.py
[2026-09-05T05:54:09.170+0000] {logging_mixin.py:188} INFO - [2026-09-05T05:54:09.170+0000] {dag.py:3096} INFO - Sync 2 DAGs
[2026-09-05T05:54:09.208+0000] {logging_mixin.py:188} INFO - [2026-09-05T05:54:09.207+0000] {dag.py:3954} INFO - Setting next_dagrun for produce_json to 2026-09-05 14:00:00+00:00, run_after=2026-09-06 14:00:00+00:00
[2026-09-05T05:54:09.225+0000] {logging_mixin.py:188} INFO - [2026-09-05T05:54:09.225+0000] {dag.py:3954} INFO - Setting next_dagrun for update_db to 2026-09-05 15:00:00+00:00, run_after=2026-09-06 15:00:00+00:00
[2026-09-05T05:54:09.323+0000] {processor.py:183} INFO - Processing /opt/airflow/dags/main.py took 0.677 seconds
[2026-09-05T05:54:39.852+0000] {processor.py:161} INFO - Started process (PID=670) to work on /opt/airflow/dags/main.py
[2026-09-05T05:54:39.854+0000] {processor.py:830} INFO - Processing file /opt/airflow/dags/main.py for tasks to queue
[2026-09-05T05:54:39.858+0000] {logging_mixin.py:188} INFO - [2026-09-05T05:54:39.858+0000] {dagbag.py:545} INFO - Filling up the DagBag from /opt/airflow/dags/main.py
[2026-09-05T05:54:39.977+0000] {logging_mixin.py:188} INFO - channel id is not executed
[2026-09-05T05:54:40.083+0000] {processor.py:840} INFO - DAG(s) 'update_db', 'produce_json' retrieved from /opt/airflow/dags/main.py
[2026-09-05T05:54:40.434+0000] {logging_mixin.py:188} INFO - [2026-09-05T05:54:40.434+0000] {dag.py:3096} INFO - Sync 2 DAGs
[2026-09-05T05:54:40.520+0000] {logging_mixin.py:188} INFO - [2026-09-05T05:54:40.519+0000] {dag.py:3954} INFO - Setting next_dagrun for produce_json to 2026-09-05 14:00:00+00:00, run_after=2026-09-06 14:00:00+00:00
[2026-09-05T05:54:40.535+0000] {logging_mixin.py:188} INFO - [2026-09-05T05:54:40.534+0000] {dag.py:3954} INFO - Setting next_dagrun for update_db to 2026-09-05 15:00:00+00:00, run_after=2026-09-06 15:00:00+00:00
[2026-09-05T05:54:40.651+0000] {processor.py:183} INFO - Processing /opt/airflow/dags/main.py took 0.809 seconds
[2026-09-05T05:55:12.345+0000] {processor.py:161} INFO - Started process (PID=677) to work on /opt/airflow/dags/main.py
[2026-09-05T05:55:12.397+0000] {processor.py:830} INFO - Processing file /opt/airflow/dags/main.py for tasks to queue
[2026-09-05T05:55:12.524+0000] {logging_mixin.py:188} INFO - [2026-09-05T05:55:12.522+0000] {dagbag.py:545} INFO - Filling up the DagBag from /opt/airflow/dags/main.py
[2026-09-05T05:55:13.621+0000] {logging_mixin.py:188} INFO - channel id is not executed
[2026-09-05T05:55:14.005+0000] {processor.py:840} INFO - DAG(s) 'update_db', 'produce_json' retrieved from /opt/airflow/dags/main.py
[2026-09-05T05:55:15.266+0000] {logging_mixin.py:188} INFO - [2026-09-05T05:55:15.265+0000] {dag.py:3096} INFO - Sync 2 DAGs
[2026-09-05T05:55:15.318+0000] {logging_mixin.py:188} INFO - [2026-09-05T05:55:15.318+0000] {dag.py:3954} INFO - Setting next_dagrun for produce_json to 2026-09-05 14:00:00+00:00, run_after=2026-09-06 14:00:00+00:00
[2026-09-05T05:55:15.332+0000] {logging_mixin.py:188} INFO - [2026-09-05T05:55:15.331+0000] {dag.py:3954} INFO - Setting next_dagrun for update_db to 2026-09-05 15:00:00+00:00, run_after=2026-09-06 15:00:00+00:00
[2026-09-05T05:55:15.384+0000] {processor.py:183} INFO - Processing /opt/airflow/dags/main.py took 3.172 seconds
[2026-09-05T05:55:46.084+0000] {processor.py:161} INFO - Started process (PID=684) to work on /opt/airflow/dags/main.py
[2026-09-05T05:55:46.086+0000] {processor.py:830} INFO - Processing file /opt/airflow/dags/main.py for tasks to queue
[2026-09-05T05:55:46.103+0000] {logging_mixin.py:188} INFO - [2026-09-05T05:55:46.102+0000] {dagbag.py:545} INFO - Filling up the DagBag from /opt/airflow/dags/main.py
[2026-09-05T05:55:46.342+0000] {logging_mixin.py:188} INFO - channel id is not executed
[2026-09-05T05:55:46.621+0000] {processor.py:840} INFO - DAG(s) 'produce_json', 'update_db' retrieved from /opt/airflow/dags/main.py
[2026-09-05T05:55:47.327+0000] {logging_mixin.py:188} INFO - [2026-09-05T05:55:47.327+0000] {dag.py:3096} INFO - Sync 2 DAGs
[2026-09-05T05:55:47.477+0000] {logging_mixin.py:188} INFO - [2026-09-05T05:55:47.477+0000] {dag.py:3954} INFO - Setting next_dagrun for produce_json to 2026-09-05 14:00:00+00:00, run_after=2026-09-06 14:00:00+00:00
[2026-09-05T05:55:47.529+0000] {logging_mixin.py:188} INFO - [2026-09-05T05:55:47.529+0000] {dag.py:3954} INFO - Setting next_dagrun for update_db to 2026-09-05 15:00:00+00:00, run_after=2026-09-06 15:00:00+00:00
[2026-09-05T05:55:47.811+0000] {processor.py:183} INFO - Processing /opt/airflow/dags/main.py took 1.742 seconds
[2026-09-05T05:56:18.120+0000] {processor.py:161} INFO - Started process (PID=692) to work on /opt/airflow/dags/main.py
[2026-09-05T05:56:18.123+0000] {processor.py:830} INFO - Processing file /opt/airflow/dags/main.py for tasks to queue
[2026-09-05T05:56:18.137+0000] {logging_mixin.py:188} INFO - [2026-09-05T05:56:18.128+0000] {dagbag.py:545} INFO - Filling up the DagBag from /opt/airflow/dags/main.py
[2026-09-05T05:56:18.270+0000] {logging_mixin.py:188} INFO - channel id is not executed
[2026-09-05T05:56:18.402+0000] {processor.py:840} INFO - DAG(s) 'update_db', 'produce_json' retrieved from /opt/airflow/dags/main.py
[2026-09-05T05:56:18.765+0000] {logging_mixin.py:188} INFO - [2026-09-05T05:56:18.765+0000] {dag.py:3096} INFO - Sync 2 DAGs
[2026-09-05T05:56:18.801+0000] {logging_mixin.py:188} INFO - [2026-09-05T05:56:18.800+0000] {dag.py:3954} INFO - Setting next_dagrun for produce_json to 2026-09-05 14:00:00+00:00, run_after=2026-09-06 14:00:00+00:00
[2026-09-05T05:56:18.822+0000] {logging_mixin.py:188} INFO - [2026-09-05T05:56:18.822+0000] {dag.py:3954} INFO - Setting next_dagrun for update_db to 2026-09-05 15:00:00+00:00, run_after=2026-09-06 15:00:00+00:00
[2026-09-05T05:56:18.881+0000] {processor.py:183} INFO - Processing /opt/airflow/dags/main.py took 0.774 seconds
[2026-09-05T05:56:49.614+0000] {processor.py:161} INFO - Started process (PID=698) to work on /opt/airflow/dags/main.py
[2026-09-05T05:56:49.616+0000] {processor.py:830} INFO - Processing file /opt/airflow/dags/main.py for tasks to queue
[2026-09-05T05:56:49.620+0000] {logging_mixin.py:188} INFO - [2026-09-05T05:56:49.620+0000] {dagbag.py:545} INFO - Filling up the DagBag from /opt/airflow/dags/main.py
[2026-09-05T05:56:49.688+0000] {logging_mixin.py:188} INFO - channel id is not executed
[2026-09-05T05:56:49.796+0000] {processor.py:840} INFO - DAG(s) 'update_db', 'produce_json' retrieved from /opt/airflow/dags/main.py
[2026-09-05T05:56:50.069+0000] {logging_mixin.py:188} INFO - [2026-09-05T05:56:50.068+0000] {dag.py:3096} INFO - Sync 2 DAGs
[2026-09-05T05:56:50.113+0000] {logging_mixin.py:188} INFO - [2026-09-05T05:56:50.112+0000] {dag.py:3954} INFO - Setting next_dagrun for produce_json to 2026-09-05 14:00:00+00:00, run_after=2026-09-06 14:00:00+00:00
[2026-09-05T05:56:50.121+0000] {logging_mixin.py:188} INFO - [2026-09-05T05:56:50.121+0000] {dag.py:3954} INFO - Setting next_dagrun for update_db to 2026-09-05 15:00:00+00:00, run_after=2026-09-06 15:00:00+00:00
[2026-09-05T05:56:50.165+0000] {processor.py:183} INFO - Processing /opt/airflow/dags/main.py took 0.561 seconds
[2026-09-05T05:57:20.502+0000] {processor.py:161} INFO - Started process (PID=705) to work on /opt/airflow/dags/main.py
[2026-09-05T05:57:20.505+0000] {processor.py:830} INFO - Processing file /opt/airflow/dags/main.py for tasks to queue
[2026-09-05T05:57:20.518+0000] {logging_mixin.py:188} INFO - [2026-09-05T05:57:20.518+0000] {dagbag.py:545} INFO - Filling up the DagBag from /opt/airflow/dags/main.py
[2026-09-05T05:57:20.858+0000] {logging_mixin.py:188} INFO - channel id is not executed
[2026-09-05T05:57:21.066+0000] {processor.py:840} INFO - DAG(s) 'update_db', 'produce_json' retrieved from /opt/airflow/dags/main.py
[2026-09-05T05:57:21.348+0000] {logging_mixin.py:188} INFO - [2026-09-05T05:57:21.348+0000] {dag.py:3096} INFO - Sync 2 DAGs
[2026-09-05T05:57:21.388+0000] {logging_mixin.py:188} INFO - [2026-09-05T05:57:21.388+0000] {dag.py:3954} INFO - Setting next_dagrun for produce_json to 2026-09-05 14:00:00+00:00, run_after=2026-09-06 14:00:00+00:00
[2026-09-05T05:57:21.396+0000] {logging_mixin.py:188} INFO - [2026-09-05T05:57:21.396+0000] {dag.py:3954} INFO - Setting next_dagrun for update_db to 2026-09-05 15:00:00+00:00, run_after=2026-09-06 15:00:00+00:00
[2026-09-05T05:57:21.436+0000] {processor.py:183} INFO - Processing /opt/airflow/dags/main.py took 0.950 seconds
[2026-09-05T05:57:51.895+0000] {processor.py:161} INFO - Started process (PID=711) to work on /opt/airflow/dags/main.py
[2026-09-05T05:57:51.898+0000] {processor.py:830} INFO - Processing file /opt/airflow/dags/main.py for tasks to queue
[2026-09-05T05:57:51.905+0000] {logging_mixin.py:188} INFO - [2026-09-05T05:57:51.904+0000] {dagbag.py:545} INFO - Filling up the DagBag from /opt/airflow/dags/main.py
[2026-09-05T05:57:51.970+0000] {logging_mixin.py:188} INFO - channel id is not executed
[2026-09-05T05:57:52.060+0000] {processor.py:840} INFO - DAG(s) 'produce_json', 'update_db' retrieved from /opt/airflow/dags/main.py
[2026-09-05T05:57:52.417+0000] {logging_mixin.py:188} INFO - [2026-09-05T05:57:52.417+0000] {dag.py:3096} INFO - Sync 2 DAGs
[2026-09-05T05:57:52.458+0000] {logging_mixin.py:188} INFO - [2026-09-05T05:57:52.457+0000] {dag.py:3954} INFO - Setting next_dagrun for produce_json to 2026-09-05 14:00:00+00:00, run_after=2026-09-06 14:00:00+00:00
[2026-09-05T05:57:52.468+0000] {logging_mixin.py:188} INFO - [2026-09-05T05:57:52.468+0000] {dag.py:3954} INFO - Setting next_dagrun for update_db to 2026-09-05 15:00:00+00:00, run_after=2026-09-06 15:00:00+00:00
[2026-09-05T05:57:52.507+0000] {processor.py:183} INFO - Processing /opt/airflow/dags/main.py took 0.621 seconds
[2026-09-05T05:58:22.867+0000] {processor.py:161} INFO - Started process (PID=718) to work on /opt/airflow/dags/main.py
[2026-09-05T05:58:22.869+0000] {processor.py:830} INFO - Processing file /opt/airflow/dags/main.py for tasks to queue
[2026-09-05T05:58:22.873+0000] {logging_mixin.py:188} INFO - [2026-09-05T05:58:22.873+0000] {dagbag.py:545} INFO - Filling up the DagBag from /opt/airflow/dags/main.py
[2026-09-05T05:58:22.942+0000] {logging_mixin.py:188} INFO - channel id is not executed
[2026-09-05T05:58:23.037+0000] {processor.py:840} INFO - DAG(s) 'update_db', 'produce_json' retrieved from /opt/airflow/dags/main.py
[2026-09-05T05:58:23.246+0000] {logging_mixin.py:188} INFO - [2026-09-05T05:58:23.246+0000] {dag.py:3096} INFO - Sync 2 DAGs
[2026-09-05T05:58:23.291+0000] {logging_mixin.py:188} INFO - [2026-09-05T05:58:23.290+0000] {dag.py:3954} INFO - Setting next_dagrun for produce_json to 2026-09-05 14:00:00+00:00, run_after=2026-09-06 14:00:00+00:00
[2026-09-05T05:58:23.299+0000] {logging_mixin.py:188} INFO - [2026-09-05T05:58:23.299+0000] {dag.py:3954} INFO - Setting next_dagrun for update_db to 2026-09-05 15:00:00+00:00, run_after=2026-09-06 15:00:00+00:00
[2026-09-05T05:58:23.334+0000] {processor.py:183} INFO - Processing /opt/airflow/dags/main.py took 0.476 seconds
[2026-09-05T05:58:53.840+0000] {processor.py:161} INFO - Started process (PID=725) to work on /opt/airflow/dags/main.py
[2026-09-05T05:58:53.844+0000] {processor.py:830} INFO - Processing file /opt/airflow/dags/main.py for tasks to queue
[2026-09-05T05:58:53.848+0000] {logging_mixin.py:188} INFO - [2026-09-05T05:58:53.848+0000] {dagbag.py:545} INFO - Filling up the DagBag from /opt/airflow/dags/main.py
[2026-09-05T05:58:53.915+0000] {logging_mixin.py:188} INFO - channel id is not executed
[2026-09-05T05:58:54.009+0000] {processor.py:840} INFO - DAG(s) 'update_db', 'produce_json' retrieved from /opt/airflow/dags/main.py
[2026-09-05T05:58:54.213+0000] {logging_mixin.py:188} INFO - [2026-09-05T05:58:54.212+0000] {dag.py:3096} INFO - Sync 2 DAGs
[2026-09-05T05:58:54.246+0000] {logging_mixin.py:188} INFO - [2026-09-05T05:58:54.246+0000] {dag.py:3954} INFO - Setting next_dagrun for produce_json to 2026-09-05 14:00:00+00:00, run_after=2026-09-06 14:00:00+00:00
[2026-09-05T05:58:54.254+0000] {logging_mixin.py:188} INFO - [2026-09-05T05:58:54.254+0000] {dag.py:3954} INFO - Setting next_dagrun for update_db to 2026-09-05 15:00:00+00:00, run_after=2026-09-06 15:00:00+00:00
[2026-09-05T05:58:54.305+0000] {processor.py:183} INFO - Processing /opt/airflow/dags/main.py took 0.474 seconds
[2026-09-05T05:59:25.116+0000] {processor.py:161} INFO - Started process (PID=731) to work on /opt/airflow/dags/main.py
[2026-09-05T05:59:25.118+0000] {processor.py:830} INFO - Processing file /opt/airflow/dags/main.py for tasks to queue
[2026-09-05T05:59:25.126+0000] {logging_mixin.py:188} INFO - [2026-09-05T05:59:25.125+0000] {dagbag.py:545} INFO - Filling up the DagBag from /opt/airflow/dags/main.py
[2026-09-05T05:59:25.196+0000] {logging_mixin.py:188} INFO - channel id is not executed
[2026-09-05T05:59:25.302+0000] {processor.py:840} INFO - DAG(s) 'produce_json', 'update_db' retrieved from /opt/airflow/dags/main.py
[2026-09-05T05:59:25.570+0000] {logging_mixin.py:188} INFO - [2026-09-05T05:59:25.570+0000] {dag.py:3096} INFO - Sync 2 DAGs
[2026-09-05T05:59:25.609+0000] {logging_mixin.py:188} INFO - [2026-09-05T05:59:25.608+0000] {dag.py:3954} INFO - Setting next_dagrun for produce_json to 2026-09-05 14:00:00+00:00, run_after=2026-09-06 14:00:00+00:00
[2026-09-05T05:59:25.617+0000] {logging_mixin.py:188} INFO - [2026-09-05T05:59:25.617+0000] {dag.py:3954} INFO - Setting next_dagrun for update_db to 2026-09-05 15:00:00+00:00, run_after=2026-09-06 15:00:00+00:00
[2026-09-05T05:59:25.666+0000] {processor.py:183} INFO - Processing /opt/airflow/dags/main.py took 0.558 seconds
[2026-09-05T05:59:56.143+0000] {processor.py:161} INFO - Started process (PID=737) to work on /opt/airflow/dags/main.py
[2026-09-05T05:59:56.145+0000] {processor.py:830} INFO - Processing file /opt/airflow/dags/main.py for tasks to queue
[2026-09-05T05:59:56.153+0000] {logging_mixin.py:188} INFO - [2026-09-05T05:59:56.152+0000] {dagbag.py:545} INFO - Filling up the DagBag from /opt/airflow/dags/main.py
[2026-09-05T05:59:56.242+0000] {logging_mixin.py:188} INFO - channel id is not executed
[2026-09-05T05:59:56.582+0000] {processor.py:840} INFO - DAG(s) 'produce_json', 'update_db' retrieved from /opt/airflow/dags/main.py
[2026-09-05T05:59:57.268+0000] {logging_mixin.py:188} INFO - [2026-09-05T05:59:57.267+0000] {dag.py:3096} INFO - Sync 2 DAGs
[2026-09-05T05:59:57.383+0000] {logging_mixin.py:188} INFO - [2026-09-05T05:59:57.382+0000] {dag.py:3954} INFO - Setting next_dagrun for produce_json to 2026-09-05 14:00:00+00:00, run_after=2026-09-06 14:00:00+00:00
[2026-09-05T05:59:57.416+0000] {logging_mixin.py:188} INFO - [2026-09-05T05:59:57.404+0000] {dag.py:3954} INFO - Setting next_dagrun for update_db to 2026-09-05 15:00:00+00:00, run_after=2026-09-06 15:00:00+00:00
[2026-09-05T05:59:57.503+0000] {processor.py:183} INFO - Processing /opt/airflow/dags/main.py took 1.370 seconds
[2026-09-05T06:00:40.237+0000] {processor.py:161} INFO - Started process (PID=750) to work on /opt/airflow/dags/main.py
[2026-09-05T06:00:40.389+0000] {processor.py:830} INFO - Processing file /opt/airflow/dags/main.py for tasks to queue
[2026-09-05T06:00:40.691+0000] {logging_mixin.py:188} INFO - [2026-09-05T06:00:40.690+0000] {dagbag.py:545} INFO - Filling up the DagBag from /opt/airflow/dags/main.py
[2026-09-05T06:00:44.631+0000] {logging_mixin.py:188} INFO - channel id is not executed
[2026-09-05T06:00:46.545+0000] {processor.py:840} INFO - DAG(s) 'produce_json', 'update_db' retrieved from /opt/airflow/dags/main.py
[2026-09-05T06:00:53.058+0000] {logging_mixin.py:188} INFO - [2026-09-05T06:00:53.057+0000] {dag.py:3096} INFO - Sync 2 DAGs
[2026-09-05T06:00:53.325+0000] {logging_mixin.py:188} INFO - [2026-09-05T06:00:53.324+0000] {dag.py:3954} INFO - Setting next_dagrun for produce_json to 2026-09-05 14:00:00+00:00, run_after=2026-09-06 14:00:00+00:00
[2026-09-05T06:00:53.387+0000] {logging_mixin.py:188} INFO - [2026-09-05T06:00:53.386+0000] {dag.py:3954} INFO - Setting next_dagrun for update_db to 2026-09-05 15:00:00+00:00, run_after=2026-09-06 15:00:00+00:00
[2026-09-05T06:00:53.918+0000] {processor.py:183} INFO - Processing /opt/airflow/dags/main.py took 13.819 seconds
[2026-09-05T06:01:24.180+0000] {processor.py:161} INFO - Started process (PID=757) to work on /opt/airflow/dags/main.py
[2026-09-05T06:01:24.183+0000] {processor.py:830} INFO - Processing file /opt/airflow/dags/main.py for tasks to queue
[2026-09-05T06:01:24.197+0000] {logging_mixin.py:188} INFO - [2026-09-05T06:01:24.196+0000] {dagbag.py:545} INFO - Filling up the DagBag from /opt/airflow/dags/main.py
[2026-09-05T06:01:24.284+0000] {logging_mixin.py:188} INFO - channel id is not executed
[2026-09-05T06:01:24.458+0000] {processor.py:840} INFO - DAG(s) 'produce_json', 'update_db' retrieved from /opt/airflow/dags/main.py
[2026-09-05T06:01:24.849+0000] {logging_mixin.py:188} INFO - [2026-09-05T06:01:24.849+0000] {dag.py:3096} INFO - Sync 2 DAGs
[2026-09-05T06:01:24.928+0000] {logging_mixin.py:188} INFO - [2026-09-05T06:01:24.927+0000] {dag.py:3954} INFO - Setting next_dagrun for produce_json to 2026-09-05 14:00:00+00:00, run_after=2026-09-06 14:00:00+00:00
[2026-09-05T06:01:24.938+0000] {logging_mixin.py:188} INFO - [2026-09-05T06:01:24.937+0000] {dag.py:3954} INFO - Setting next_dagrun for update_db to 2026-09-05 15:00:00+00:00, run_after=2026-09-06 15:00:00+00:00
[2026-09-05T06:01:24.996+0000] {processor.py:183} INFO - Processing /opt/airflow/dags/main.py took 0.825 seconds
[2026-09-05T06:01:56.521+0000] {processor.py:161} INFO - Started process (PID=764) to work on /opt/airflow/dags/main.py
[2026-09-05T06:01:56.691+0000] {processor.py:830} INFO - Processing file /opt/airflow/dags/main.py for tasks to queue
[2026-09-05T06:01:56.787+0000] {logging_mixin.py:188} INFO - [2026-09-05T06:01:56.787+0000] {dagbag.py:545} INFO - Filling up the DagBag from /opt/airflow/dags/main.py
[2026-09-05T06:02:00.676+0000] {logging_mixin.py:188} INFO - channel id is not executed
[2026-09-05T06:02:03.030+0000] {processor.py:840} INFO - DAG(s) 'produce_json', 'update_db' retrieved from /opt/airflow/dags/main.py
[2026-09-05T06:02:04.007+0000] {logging_mixin.py:188} INFO - [2026-09-05T06:02:04.007+0000] {dag.py:3096} INFO - Sync 2 DAGs
[2026-09-05T06:02:04.139+0000] {logging_mixin.py:188} INFO - [2026-09-05T06:02:04.139+0000] {dag.py:3954} INFO - Setting next_dagrun for produce_json to 2026-09-05 14:00:00+00:00, run_after=2026-09-06 14:00:00+00:00
[2026-09-05T06:02:04.168+0000] {logging_mixin.py:188} INFO - [2026-09-05T06:02:04.158+0000] {dag.py:3954} INFO - Setting next_dagrun for update_db to 2026-09-05 15:00:00+00:00, run_after=2026-09-06 15:00:00+00:00
[2026-09-05T06:02:04.349+0000] {processor.py:183} INFO - Processing /opt/airflow/dags/main.py took 7.871 seconds
[2026-09-05T06:02:35.036+0000] {processor.py:161} INFO - Started process (PID=771) to work on /opt/airflow/dags/main.py
[2026-09-05T06:02:35.045+0000] {processor.py:830} INFO - Processing file /opt/airflow/dags/main.py for tasks to queue
[2026-09-05T06:02:35.050+0000] {logging_mixin.py:188} INFO - [2026-09-05T06:02:35.050+0000] {dagbag.py:545} INFO - Filling up the DagBag from /opt/airflow/dags/main.py
[2026-09-05T06:02:35.133+0000] {logging_mixin.py:188} INFO - channel id is not executed
[2026-09-05T06:02:35.378+0000] {processor.py:840} INFO - DAG(s) 'produce_json', 'update_db' retrieved from /opt/airflow/dags/main.py
[2026-09-05T06:02:35.902+0000] {logging_mixin.py:188} INFO - [2026-09-05T06:02:35.902+0000] {dag.py:3096} INFO - Sync 2 DAGs
[2026-09-05T06:02:35.989+0000] {logging_mixin.py:188} INFO - [2026-09-05T06:02:35.989+0000] {dag.py:3954} INFO - Setting next_dagrun for produce_json to 2026-09-05 14:00:00+00:00, run_after=2026-09-06 14:00:00+00:00
[2026-09-05T06:02:36.017+0000] {logging_mixin.py:188} INFO - [2026-09-05T06:02:36.017+0000] {dag.py:3954} INFO - Setting next_dagrun for update_db to 2026-09-05 15:00:00+00:00, run_after=2026-09-06 15:00:00+00:00
[2026-09-05T06:02:36.149+0000] {processor.py:183} INFO - Processing /opt/airflow/dags/main.py took 1.129 seconds
[2026-09-05T06:03:07.390+0000] {processor.py:161} INFO - Started process (PID=778) to work on /opt/airflow/dags/main.py
[2026-09-05T06:03:07.406+0000] {processor.py:830} INFO - Processing file /opt/airflow/dags/main.py for tasks to queue
[2026-09-05T06:03:07.439+0000] {logging_mixin.py:188} INFO - [2026-09-05T06:03:07.438+0000] {dagbag.py:545} INFO - Filling up the DagBag from /opt/airflow/dags/main.py
[2026-09-05T06:03:08.059+0000] {logging_mixin.py:188} INFO - channel id is not executed
[2026-09-05T06:03:08.758+0000] {processor.py:840} INFO - DAG(s) 'update_db', 'produce_json' retrieved from /opt/airflow/dags/main.py
[2026-09-05T06:03:09.314+0000] {logging_mixin.py:188} INFO - [2026-09-05T06:03:09.313+0000] {dag.py:3096} INFO - Sync 2 DAGs
[2026-09-05T06:03:09.396+0000] {logging_mixin.py:188} INFO - [2026-09-05T06:03:09.395+0000] {dag.py:3954} INFO - Setting next_dagrun for produce_json to 2026-09-05 14:00:00+00:00, run_after=2026-09-06 14:00:00+00:00
[2026-09-05T06:03:09.423+0000] {logging_mixin.py:188} INFO - [2026-09-05T06:03:09.413+0000] {dag.py:3954} INFO - Setting next_dagrun for update_db to 2026-09-05 15:00:00+00:00, run_after=2026-09-06 15:00:00+00:00
[2026-09-05T06:03:09.509+0000] {processor.py:183} INFO - Processing /opt/airflow/dags/main.py took 2.152 seconds
[2026-09-05T06:03:40.324+0000] {processor.py:161} INFO - Started process (PID=792) to work on /opt/airflow/dags/main.py
[2026-09-05T06:03:40.336+0000] {processor.py:830} INFO - Processing file /opt/airflow/dags/main.py for tasks to queue
[2026-09-05T06:03:40.347+0000] {logging_mixin.py:188} INFO - [2026-09-05T06:03:40.347+0000] {dagbag.py:545} INFO - Filling up the DagBag from /opt/airflow/dags/main.py
[2026-09-05T06:03:40.601+0000] {logging_mixin.py:188} INFO - channel id is not executed
[2026-09-05T06:03:40.903+0000] {processor.py:840} INFO - DAG(s) 'produce_json', 'update_db' retrieved from /opt/airflow/dags/main.py
[2026-09-05T06:03:41.721+0000] {logging_mixin.py:188} INFO - [2026-09-05T06:03:41.721+0000] {dag.py:3096} INFO - Sync 2 DAGs
[2026-09-05T06:03:41.882+0000] {logging_mixin.py:188} INFO - [2026-09-05T06:03:41.881+0000] {dag.py:3954} INFO - Setting next_dagrun for produce_json to 2026-09-05 14:00:00+00:00, run_after=2026-09-06 14:00:00+00:00
[2026-09-05T06:03:41.915+0000] {logging_mixin.py:188} INFO - [2026-09-05T06:03:41.915+0000] {dag.py:3954} INFO - Setting next_dagrun for update_db to 2026-09-05 15:00:00+00:00, run_after=2026-09-06 15:00:00+00:00
[2026-09-05T06:03:42.650+0000] {processor.py:183} INFO - Processing /opt/airflow/dags/main.py took 2.348 seconds
[2026-09-05T06:04:13.318+0000] {processor.py:161} INFO - Started process (PID=798) to work on /opt/airflow/dags/main.py
[2026-09-05T06:04:13.326+0000] {processor.py:830} INFO - Processing file /opt/airflow/dags/main.py for tasks to queue
[2026-09-05T06:04:13.333+0000] {logging_mixin.py:188} INFO - [2026-09-05T06:04:13.333+0000] {dagbag.py:545} INFO - Filling up the DagBag from /opt/airflow/dags/main.py
[2026-09-05T06:04:13.712+0000] {logging_mixin.py:188} INFO - channel id is not executed
[2026-09-05T06:04:14.051+0000] {processor.py:840} INFO - DAG(s) 'update_db', 'produce_json' retrieved from /opt/airflow/dags/main.py
[2026-09-05T06:04:15.507+0000] {logging_mixin.py:188} INFO - [2026-09-05T06:04:15.506+0000] {dag.py:3096} INFO - Sync 2 DAGs
[2026-09-05T06:04:15.649+0000] {logging_mixin.py:188} INFO - [2026-09-05T06:04:15.648+0000] {dag.py:3954} INFO - Setting next_dagrun for produce_json to 2026-09-05 14:00:00+00:00, run_after=2026-09-06 14:00:00+00:00
[2026-09-05T06:04:15.755+0000] {logging_mixin.py:188} INFO - [2026-09-05T06:04:15.755+0000] {dag.py:3954} INFO - Setting next_dagrun for update_db to 2026-09-05 15:00:00+00:00, run_after=2026-09-06 15:00:00+00:00
[2026-09-05T06:04:15.827+0000] {processor.py:183} INFO - Processing /opt/airflow/dags/main.py took 2.533 seconds
[2026-09-05T06:04:46.498+0000] {processor.py:161} INFO - Started process (PID=805) to work on /opt/airflow/dags/main.py
[2026-09-05T06:04:46.521+0000] {processor.py:830} INFO - Processing file /opt/airflow/dags/main.py for tasks to queue
[2026-09-05T06:04:46.560+0000] {logging_mixin.py:188} INFO - [2026-09-05T06:04:46.551+0000] {dagbag.py:545} INFO - Filling up the DagBag from /opt/airflow/dags/main.py
[2026-09-05T06:04:47.050+0000] {logging_mixin.py:188} INFO - channel id is not executed
[2026-09-05T06:04:47.245+0000] {processor.py:840} INFO - DAG(s) 'update_db', 'produce_json' retrieved from /opt/airflow/dags/main.py
[2026-09-05T06:04:47.612+0000] {logging_mixin.py:188} INFO - [2026-09-05T06:04:47.612+0000] {dag.py:3096} INFO - Sync 2 DAGs
[2026-09-05T06:04:47.686+0000] {logging_mixin.py:188} INFO - [2026-09-05T06:04:47.686+0000] {dag.py:3954} INFO - Setting next_dagrun for produce_json to 2026-09-05 14:00:00+00:00, run_after=2026-09-06 14:00:00+00:00
[2026-09-05T06:04:47.703+0000] {logging_mixin.py:188} INFO - [2026-09-05T06:04:47.703+0000] {dag.py:3954} INFO - Setting next_dagrun for update_db to 2026-09-05 15:00:00+00:00, run_after=2026-09-06 15:00:00+00:00
[2026-09-05T06:04:47.943+0000] {processor.py:183} INFO - Processing /opt/airflow/dags/main.py took 1.476 seconds
[2026-09-05T06:05:19.531+0000] {processor.py:161} INFO - Started process (PID=813) to work on /opt/airflow/dags/main.py
[2026-09-05T06:05:19.547+0000] {processor.py:830} INFO - Processing file /opt/airflow/dags/main.py for tasks to queue
[2026-09-05T06:05:19.558+0000] {logging_mixin.py:188} INFO - [2026-09-05T06:05:19.557+0000] {dagbag.py:545} INFO - Filling up the DagBag from /opt/airflow/dags/main.py
[2026-09-05T06:05:19.720+0000] {logging_mixin.py:188} INFO - channel id is not executed
[2026-09-05T06:05:20.003+0000] {processor.py:840} INFO - DAG(s) 'update_db', 'produce_json' retrieved from /opt/airflow/dags/main.py
[2026-09-05T06:05:20.824+0000] {logging_mixin.py:188} INFO - [2026-09-05T06:05:20.824+0000] {dag.py:3096} INFO - Sync 2 DAGs
[2026-09-05T06:05:20.963+0000] {logging_mixin.py:188} INFO - [2026-09-05T06:05:20.963+0000] {dag.py:3954} INFO - Setting next_dagrun for produce_json to 2026-09-05 14:00:00+00:00, run_after=2026-09-06 14:00:00+00:00
[2026-09-05T06:05:20.993+0000] {logging_mixin.py:188} INFO - [2026-09-05T06:05:20.992+0000] {dag.py:3954} INFO - Setting next_dagrun for update_db to 2026-09-05 15:00:00+00:00, run_after=2026-09-06 15:00:00+00:00
[2026-09-05T06:05:21.261+0000] {processor.py:183} INFO - Processing /opt/airflow/dags/main.py took 1.767 seconds
[2026-09-05T06:05:52.140+0000] {processor.py:161} INFO - Started process (PID=820) to work on /opt/airflow/dags/main.py
[2026-09-05T06:05:52.144+0000] {processor.py:830} INFO - Processing file /opt/airflow/dags/main.py for tasks to queue
[2026-09-05T06:05:52.154+0000] {logging_mixin.py:188} INFO - [2026-09-05T06:05:52.152+0000] {dagbag.py:545} INFO - Filling up the DagBag from /opt/airflow/dags/main.py
[2026-09-05T06:05:52.397+0000] {logging_mixin.py:188} INFO - channel id is not executed
[2026-09-05T06:05:52.763+0000] {processor.py:840} INFO - DAG(s) 'produce_json', 'update_db' retrieved from /opt/airflow/dags/main.py
[2026-09-05T06:05:53.261+0000] {logging_mixin.py:188} INFO - [2026-09-05T06:05:53.260+0000] {dag.py:3096} INFO - Sync 2 DAGs
[2026-09-05T06:05:53.323+0000] {logging_mixin.py:188} INFO - [2026-09-05T06:05:53.323+0000] {dag.py:3954} INFO - Setting next_dagrun for produce_json to 2026-09-05 14:00:00+00:00, run_after=2026-09-06 14:00:00+00:00
[2026-09-05T06:05:53.343+0000] {logging_mixin.py:188} INFO - [2026-09-05T06:05:53.343+0000] {dag.py:3954} INFO - Setting next_dagrun for update_db to 2026-09-05 15:00:00+00:00, run_after=2026-09-06 15:00:00+00:00
[2026-09-05T06:05:53.450+0000] {processor.py:183} INFO - Processing /opt/airflow/dags/main.py took 1.329 seconds
[2026-09-05T06:06:24.192+0000] {processor.py:161} INFO - Started process (PID=828) to work on /opt/airflow/dags/main.py
[2026-09-05T06:06:24.194+0000] {processor.py:830} INFO - Processing file /opt/airflow/dags/main.py for tasks to queue
[2026-09-05T06:06:24.198+0000] {logging_mixin.py:188} INFO - [2026-09-05T06:06:24.198+0000] {dagbag.py:545} INFO - Filling up the DagBag from /opt/airflow/dags/main.py
[2026-09-05T06:06:24.354+0000] {logging_mixin.py:188} INFO - channel id is not executed
[2026-09-05T06:06:24.555+0000] {processor.py:840} INFO - DAG(s) 'produce_json', 'update_db' retrieved from /opt/airflow/dags/main.py
[2026-09-05T06:06:25.007+0000] {logging_mixin.py:188} INFO - [2026-09-05T06:06:25.006+0000] {dag.py:3096} INFO - Sync 2 DAGs
[2026-09-05T06:06:25.065+0000] {logging_mixin.py:188} INFO - [2026-09-05T06:06:25.064+0000] {dag.py:3954} INFO - Setting next_dagrun for produce_json to 2026-09-05 14:00:00+00:00, run_after=2026-09-06 14:00:00+00:00
[2026-09-05T06:06:25.073+0000] {logging_mixin.py:188} INFO - [2026-09-05T06:06:25.072+0000] {dag.py:3954} INFO - Setting next_dagrun for update_db to 2026-09-05 15:00:00+00:00, run_after=2026-09-06 15:00:00+00:00
[2026-09-05T06:06:25.141+0000] {processor.py:183} INFO - Processing /opt/airflow/dags/main.py took 0.965 seconds
[2026-09-05T06:06:55.826+0000] {processor.py:161} INFO - Started process (PID=835) to work on /opt/airflow/dags/main.py
[2026-09-05T06:06:55.842+0000] {processor.py:830} INFO - Processing file /opt/airflow/dags/main.py for tasks to queue
[2026-09-05T06:06:55.846+0000] {logging_mixin.py:188} INFO - [2026-09-05T06:06:55.845+0000] {dagbag.py:545} INFO - Filling up the DagBag from /opt/airflow/dags/main.py
[2026-09-05T06:06:55.988+0000] {logging_mixin.py:188} INFO - channel id is not executed
[2026-09-05T06:06:56.511+0000] {processor.py:840} INFO - DAG(s) 'update_db', 'produce_json' retrieved from /opt/airflow/dags/main.py
[2026-09-05T06:06:56.881+0000] {logging_mixin.py:188} INFO - [2026-09-05T06:06:56.872+0000] {dag.py:3096} INFO - Sync 2 DAGs
[2026-09-05T06:06:56.990+0000] {logging_mixin.py:188} INFO - [2026-09-05T06:06:56.989+0000] {dag.py:3954} INFO - Setting next_dagrun for produce_json to 2026-09-05 14:00:00+00:00, run_after=2026-09-06 14:00:00+00:00
[2026-09-05T06:06:57.008+0000] {logging_mixin.py:188} INFO - [2026-09-05T06:06:57.008+0000] {dag.py:3954} INFO - Setting next_dagrun for update_db to 2026-09-05 15:00:00+00:00, run_after=2026-09-06 15:00:00+00:00
[2026-09-05T06:06:57.087+0000] {processor.py:183} INFO - Processing /opt/airflow/dags/main.py took 1.272 seconds
[2026-09-05T06:07:27.528+0000] {processor.py:161} INFO - Started process (PID=843) to work on /opt/airflow/dags/main.py
[2026-09-05T06:07:27.530+0000] {processor.py:830} INFO - Processing file /opt/airflow/dags/main.py for tasks to queue
[2026-09-05T06:07:27.534+0000] {logging_mixin.py:188} INFO - [2026-09-05T06:07:27.534+0000] {dagbag.py:545} INFO - Filling up the DagBag from /opt/airflow/dags/main.py
[2026-09-05T06:07:27.671+0000] {logging_mixin.py:188} INFO - channel id is not executed
[2026-09-05T06:07:28.091+0000] {processor.py:840} INFO - DAG(s) 'produce_json', 'update_db' retrieved from /opt/airflow/dags/main.py
[2026-09-05T06:07:29.067+0000] {logging_mixin.py:188} INFO - [2026-09-05T06:07:29.066+0000] {dag.py:3096} INFO - Sync 2 DAGs
[2026-09-05T06:07:29.461+0000] {logging_mixin.py:188} INFO - [2026-09-05T06:07:29.461+0000] {dag.py:3954} INFO - Setting next_dagrun for produce_json to 2026-09-05 14:00:00+00:00, run_after=2026-09-06 14:00:00+00:00
[2026-09-05T06:07:29.500+0000] {logging_mixin.py:188} INFO - [2026-09-05T06:07:29.500+0000] {dag.py:3954} INFO - Setting next_dagrun for update_db to 2026-09-05 15:00:00+00:00, run_after=2026-09-06 15:00:00+00:00
[2026-09-05T06:07:29.634+0000] {processor.py:183} INFO - Processing /opt/airflow/dags/main.py took 2.116 seconds
[2026-09-05T06:08:00.341+0000] {processor.py:161} INFO - Started process (PID=849) to work on /opt/airflow/dags/main.py
[2026-09-05T06:08:00.344+0000] {processor.py:830} INFO - Processing file /opt/airflow/dags/main.py for tasks to queue
[2026-09-05T06:08:00.349+0000] {logging_mixin.py:188} INFO - [2026-09-05T06:08:00.348+0000] {dagbag.py:545} INFO - Filling up the DagBag from /opt/airflow/dags/main.py
[2026-09-05T06:08:00.507+0000] {logging_mixin.py:188} INFO - channel id is not executed
[2026-09-05T06:08:00.625+0000] {processor.py:840} INFO - DAG(s) 'update_db', 'produce_json' retrieved from /opt/airflow/dags/main.py
[2026-09-05T06:08:00.841+0000] {logging_mixin.py:188} INFO - [2026-09-05T06:08:00.841+0000] {dag.py:3096} INFO - Sync 2 DAGs
[2026-09-05T06:08:00.882+0000] {logging_mixin.py:188} INFO - [2026-09-05T06:08:00.882+0000] {dag.py:3954} INFO - Setting next_dagrun for produce_json to 2026-09-05 14:00:00+00:00, run_after=2026-09-06 14:00:00+00:00
[2026-09-05T06:08:00.891+0000] {logging_mixin.py:188} INFO - [2026-09-05T06:08:00.891+0000] {dag.py:3954} INFO - Setting next_dagrun for update_db to 2026-09-05 15:00:00+00:00, run_after=2026-09-06 15:00:00+00:00
[2026-09-05T06:08:00.946+0000] {processor.py:183} INFO - Processing /opt/airflow/dags/main.py took 0.616 seconds
[2026-09-05T06:08:31.684+0000] {processor.py:161} INFO - Started process (PID=857) to work on /opt/airflow/dags/main.py
[2026-09-05T06:08:31.730+0000] {processor.py:830} INFO - Processing file /opt/airflow/dags/main.py for tasks to queue
[2026-09-05T06:08:31.909+0000] {logging_mixin.py:188} INFO - [2026-09-05T06:08:31.908+0000] {dagbag.py:545} INFO - Filling up the DagBag from /opt/airflow/dags/main.py
[2026-09-05T06:08:32.964+0000] {logging_mixin.py:188} INFO - channel id is not executed
[2026-09-05T06:08:33.682+0000] {processor.py:840} INFO - DAG(s) 'update_db', 'produce_json' retrieved from /opt/airflow/dags/main.py
[2026-09-05T06:08:34.598+0000] {logging_mixin.py:188} INFO - [2026-09-05T06:08:34.598+0000] {dag.py:3096} INFO - Sync 2 DAGs
[2026-09-05T06:08:34.894+0000] {logging_mixin.py:188} INFO - [2026-09-05T06:08:34.893+0000] {dag.py:3954} INFO - Setting next_dagrun for produce_json to 2026-09-05 14:00:00+00:00, run_after=2026-09-06 14:00:00+00:00
[2026-09-05T06:08:34.965+0000] {logging_mixin.py:188} INFO - [2026-09-05T06:08:34.954+0000] {dag.py:3954} INFO - Setting next_dagrun for update_db to 2026-09-05 15:00:00+00:00, run_after=2026-09-06 15:00:00+00:00
[2026-09-05T06:08:35.118+0000] {processor.py:183} INFO - Processing /opt/airflow/dags/main.py took 3.454 seconds
[2026-09-05T06:09:05.705+0000] {processor.py:161} INFO - Started process (PID=863) to work on /opt/airflow/dags/main.py
[2026-09-05T06:09:05.708+0000] {processor.py:830} INFO - Processing file /opt/airflow/dags/main.py for tasks to queue
[2026-09-05T06:09:05.713+0000] {logging_mixin.py:188} INFO - [2026-09-05T06:09:05.712+0000] {dagbag.py:545} INFO - Filling up the DagBag from /opt/airflow/dags/main.py
[2026-09-05T06:09:05.791+0000] {logging_mixin.py:188} INFO - channel id is not executed
[2026-09-05T06:09:05.971+0000] {processor.py:840} INFO - DAG(s) 'update_db', 'produce_json' retrieved from /opt/airflow/dags/main.py
[2026-09-05T06:09:06.202+0000] {logging_mixin.py:188} INFO - [2026-09-05T06:09:06.202+0000] {dag.py:3096} INFO - Sync 2 DAGs
[2026-09-05T06:09:06.419+0000] {logging_mixin.py:188} INFO - [2026-09-05T06:09:06.407+0000] {dag.py:3954} INFO - Setting next_dagrun for produce_json to 2026-09-05 14:00:00+00:00, run_after=2026-09-06 14:00:00+00:00
[2026-09-05T06:09:06.527+0000] {logging_mixin.py:188} INFO - [2026-09-05T06:09:06.527+0000] {dag.py:3954} INFO - Setting next_dagrun for update_db to 2026-09-05 15:00:00+00:00, run_after=2026-09-06 15:00:00+00:00
[2026-09-05T06:09:06.655+0000] {processor.py:183} INFO - Processing /opt/airflow/dags/main.py took 0.960 seconds
[2026-09-05T06:09:37.321+0000] {processor.py:161} INFO - Started process (PID=871) to work on /opt/airflow/dags/main.py
[2026-09-05T06:09:37.348+0000] {processor.py:830} INFO - Processing file /opt/airflow/dags/main.py for tasks to queue
[2026-09-05T06:09:37.372+0000] {logging_mixin.py:188} INFO - [2026-09-05T06:09:37.372+0000] {dagbag.py:545} INFO - Filling up the DagBag from /opt/airflow/dags/main.py
[2026-09-05T06:09:37.475+0000] {logging_mixin.py:188} INFO - channel id is not executed
[2026-09-05T06:09:37.582+0000] {processor.py:840} INFO - DAG(s) 'produce_json', 'update_db' retrieved from /opt/airflow/dags/main.py
[2026-09-05T06:09:37.824+0000] {logging_mixin.py:188} INFO - [2026-09-05T06:09:37.823+0000] {dag.py:3096} INFO - Sync 2 DAGs
[2026-09-05T06:09:37.872+0000] {logging_mixin.py:188} INFO - [2026-09-05T06:09:37.871+0000] {dag.py:3954} INFO - Setting next_dagrun for produce_json to 2026-09-05 14:00:00+00:00, run_after=2026-09-06 14:00:00+00:00
[2026-09-05T06:09:37.900+0000] {logging_mixin.py:188} INFO - [2026-09-05T06:09:37.899+0000] {dag.py:3954} INFO - Setting next_dagrun for update_db to 2026-09-05 15:00:00+00:00, run_after=2026-09-06 15:00:00+00:00
[2026-09-05T06:09:37.984+0000] {processor.py:183} INFO - Processing /opt/airflow/dags/main.py took 0.727 seconds
[2026-09-05T06:10:08.979+0000] {processor.py:161} INFO - Started process (PID=877) to work on /opt/airflow/dags/main.py
[2026-09-05T06:10:08.986+0000] {processor.py:830} INFO - Processing file /opt/airflow/dags/main.py for tasks to queue
[2026-09-05T06:10:08.995+0000] {logging_mixin.py:188} INFO - [2026-09-05T06:10:08.994+0000] {dagbag.py:545} INFO - Filling up the DagBag from /opt/airflow/dags/main.py
[2026-09-05T06:10:09.135+0000] {logging_mixin.py:188} INFO - channel id is not executed
[2026-09-05T06:10:09.386+0000] {processor.py:840} INFO - DAG(s) 'produce_json', 'update_db' retrieved from /opt/airflow/dags/main.py
[2026-09-05T06:10:09.697+0000] {logging_mixin.py:188} INFO - [2026-09-05T06:10:09.696+0000] {dag.py:3096} INFO - Sync 2 DAGs
[2026-09-05T06:10:09.751+0000] {logging_mixin.py:188} INFO - [2026-09-05T06:10:09.751+0000] {dag.py:3954} INFO - Setting next_dagrun for produce_json to 2026-09-05 14:00:00+00:00, run_after=2026-09-06 14:00:00+00:00
[2026-09-05T06:10:09.768+0000] {logging_mixin.py:188} INFO - [2026-09-05T06:10:09.768+0000] {dag.py:3954} INFO - Setting next_dagrun for update_db to 2026-09-05 15:00:00+00:00, run_after=2026-09-06 15:00:00+00:00
[2026-09-05T06:10:09.874+0000] {processor.py:183} INFO - Processing /opt/airflow/dags/main.py took 0.916 seconds
[2026-09-05T06:10:40.204+0000] {processor.py:161} INFO - Started process (PID=884) to work on /opt/airflow/dags/main.py
[2026-09-05T06:10:40.215+0000] {processor.py:830} INFO - Processing file /opt/airflow/dags/main.py for tasks to queue
[2026-09-05T06:10:40.222+0000] {logging_mixin.py:188} INFO - [2026-09-05T06:10:40.221+0000] {dagbag.py:545} INFO - Filling up the DagBag from /opt/airflow/dags/main.py
[2026-09-05T06:10:40.383+0000] {logging_mixin.py:188} INFO - channel id is not executed
[2026-09-05T06:10:40.601+0000] {processor.py:840} INFO - DAG(s) 'produce_json', 'update_db' retrieved from /opt/airflow/dags/main.py
[2026-09-05T06:10:41.056+0000] {logging_mixin.py:188} INFO - [2026-09-05T06:10:41.055+0000] {dag.py:3096} INFO - Sync 2 DAGs
[2026-09-05T06:10:41.179+0000] {logging_mixin.py:188} INFO - [2026-09-05T06:10:41.179+0000] {dag.py:3954} INFO - Setting next_dagrun for produce_json to 2026-09-05 14:00:00+00:00, run_after=2026-09-06 14:00:00+00:00
[2026-09-05T06:10:41.196+0000] {logging_mixin.py:188} INFO - [2026-09-05T06:10:41.195+0000] {dag.py:3954} INFO - Setting next_dagrun for update_db to 2026-09-05 15:00:00+00:00, run_after=2026-09-06 15:00:00+00:00
[2026-09-05T06:10:41.249+0000] {processor.py:183} INFO - Processing /opt/airflow/dags/main.py took 1.072 seconds
[2026-09-05T06:11:11.896+0000] {processor.py:161} INFO - Started process (PID=897) to work on /opt/airflow/dags/main.py
[2026-09-05T06:11:11.905+0000] {processor.py:830} INFO - Processing file /opt/airflow/dags/main.py for tasks to queue
[2026-09-05T06:11:11.912+0000] {logging_mixin.py:188} INFO - [2026-09-05T06:11:11.911+0000] {dagbag.py:545} INFO - Filling up the DagBag from /opt/airflow/dags/main.py
[2026-09-05T06:11:12.199+0000] {logging_mixin.py:188} INFO - channel id is not executed
[2026-09-05T06:11:12.452+0000] {processor.py:840} INFO - DAG(s) 'update_db', 'produce_json' retrieved from /opt/airflow/dags/main.py
[2026-09-05T06:11:12.678+0000] {logging_mixin.py:188} INFO - [2026-09-05T06:11:12.675+0000] {dag.py:3096} INFO - Sync 2 DAGs
[2026-09-05T06:11:12.719+0000] {logging_mixin.py:188} INFO - [2026-09-05T06:11:12.718+0000] {dag.py:3954} INFO - Setting next_dagrun for produce_json to 2026-09-05 14:00:00+00:00, run_after=2026-09-06 14:00:00+00:00
[2026-09-05T06:11:12.729+0000] {logging_mixin.py:188} INFO - [2026-09-05T06:11:12.729+0000] {dag.py:3954} INFO - Setting next_dagrun for update_db to 2026-09-05 15:00:00+00:00, run_after=2026-09-06 15:00:00+00:00
[2026-09-05T06:11:12.862+0000] {processor.py:183} INFO - Processing /opt/airflow/dags/main.py took 0.993 seconds
[2026-09-05T06:11:43.550+0000] {processor.py:161} INFO - Started process (PID=904) to work on /opt/airflow/dags/main.py
[2026-09-05T06:11:43.553+0000] {processor.py:830} INFO - Processing file /opt/airflow/dags/main.py for tasks to queue
[2026-09-05T06:11:43.560+0000] {logging_mixin.py:188} INFO - [2026-09-05T06:11:43.559+0000] {dagbag.py:545} INFO - Filling up the DagBag from /opt/airflow/dags/main.py
[2026-09-05T06:11:43.653+0000] {logging_mixin.py:188} INFO - channel id is not executed
[2026-09-05T06:11:43.775+0000] {processor.py:840} INFO - DAG(s) 'produce_json', 'update_db' retrieved from /opt/airflow/dags/main.py
[2026-09-05T06:11:44.175+0000] {logging_mixin.py:188} INFO - [2026-09-05T06:11:44.175+0000] {dag.py:3096} INFO - Sync 2 DAGs
[2026-09-05T06:11:44.224+0000] {logging_mixin.py:188} INFO - [2026-09-05T06:11:44.223+0000] {dag.py:3954} INFO - Setting next_dagrun for produce_json to 2026-09-05 14:00:00+00:00, run_after=2026-09-06 14:00:00+00:00
[2026-09-05T06:11:44.237+0000] {logging_mixin.py:188} INFO - [2026-09-05T06:11:44.237+0000] {dag.py:3954} INFO - Setting next_dagrun for update_db to 2026-09-05 15:00:00+00:00, run_after=2026-09-06 15:00:00+00:00
[2026-09-05T06:11:44.278+0000] {processor.py:183} INFO - Processing /opt/airflow/dags/main.py took 0.747 seconds
[2026-09-05T06:12:14.388+0000] {processor.py:161} INFO - Started process (PID=911) to work on /opt/airflow/dags/main.py
[2026-09-05T06:12:14.391+0000] {processor.py:830} INFO - Processing file /opt/airflow/dags/main.py for tasks to queue
[2026-09-05T06:12:14.395+0000] {logging_mixin.py:188} INFO - [2026-09-05T06:12:14.395+0000] {dagbag.py:545} INFO - Filling up the DagBag from /opt/airflow/dags/main.py
[2026-09-05T06:12:14.482+0000] {logging_mixin.py:188} INFO - channel id is not executed
[2026-09-05T06:12:14.634+0000] {processor.py:840} INFO - DAG(s) 'produce_json', 'update_db' retrieved from /opt/airflow/dags/main.py
[2026-09-05T06:12:15.685+0000] {logging_mixin.py:188} INFO - [2026-09-05T06:12:15.684+0000] {dag.py:3096} INFO - Sync 2 DAGs
[2026-09-05T06:12:15.787+0000] {logging_mixin.py:188} INFO - [2026-09-05T06:12:15.786+0000] {dag.py:3954} INFO - Setting next_dagrun for produce_json to 2026-09-05 14:00:00+00:00, run_after=2026-09-06 14:00:00+00:00
[2026-09-05T06:12:15.797+0000] {logging_mixin.py:188} INFO - [2026-09-05T06:12:15.797+0000] {dag.py:3954} INFO - Setting next_dagrun for update_db to 2026-09-05 15:00:00+00:00, run_after=2026-09-06 15:00:00+00:00
[2026-09-05T06:12:15.849+0000] {processor.py:183} INFO - Processing /opt/airflow/dags/main.py took 1.470 seconds
[2026-09-05T06:12:46.275+0000] {processor.py:161} INFO - Started process (PID=917) to work on /opt/airflow/dags/main.py
[2026-09-05T06:12:46.277+0000] {processor.py:830} INFO - Processing file /opt/airflow/dags/main.py for tasks to queue
[2026-09-05T06:12:46.292+0000] {logging_mixin.py:188} INFO - [2026-09-05T06:12:46.291+0000] {dagbag.py:545} INFO - Filling up the DagBag from /opt/airflow/dags/main.py
[2026-09-05T06:12:46.487+0000] {logging_mixin.py:188} INFO - channel id is not executed
[2026-09-05T06:12:46.730+0000] {processor.py:840} INFO - DAG(s) 'produce_json', 'update_db' retrieved from /opt/airflow/dags/main.py
[2026-09-05T06:12:47.153+0000] {logging_mixin.py:188} INFO - [2026-09-05T06:12:47.152+0000] {dag.py:3096} INFO - Sync 2 DAGs
[2026-09-05T06:12:47.237+0000] {logging_mixin.py:188} INFO - [2026-09-05T06:12:47.236+0000] {dag.py:3954} INFO - Setting next_dagrun for produce_json to 2026-09-05 14:00:00+00:00, run_after=2026-09-06 14:00:00+00:00
[2026-09-05T06:12:47.248+0000] {logging_mixin.py:188} INFO - [2026-09-05T06:12:47.248+0000] {dag.py:3954} INFO - Setting next_dagrun for update_db to 2026-09-05 15:00:00+00:00, run_after=2026-09-06 15:00:00+00:00
[2026-09-05T06:12:47.433+0000] {processor.py:183} INFO - Processing /opt/airflow/dags/main.py took 1.159 seconds
[2026-09-05T06:13:18.101+0000] {processor.py:161} INFO - Started process (PID=925) to work on /opt/airflow/dags/main.py
[2026-09-05T06:13:18.104+0000] {processor.py:830} INFO - Processing file /opt/airflow/dags/main.py for tasks to queue
[2026-09-05T06:13:18.108+0000] {logging_mixin.py:188} INFO - [2026-09-05T06:13:18.108+0000] {dagbag.py:545} INFO - Filling up the DagBag from /opt/airflow/dags/main.py
[2026-09-05T06:13:18.185+0000] {logging_mixin.py:188} INFO - channel id is not executed
[2026-09-05T06:13:18.298+0000] {processor.py:840} INFO - DAG(s) 'produce_json', 'update_db' retrieved from /opt/airflow/dags/main.py
[2026-09-05T06:13:18.587+0000] {logging_mixin.py:188} INFO - [2026-09-05T06:13:18.587+0000] {dag.py:3096} INFO - Sync 2 DAGs
[2026-09-05T06:13:18.625+0000] {logging_mixin.py:188} INFO - [2026-09-05T06:13:18.624+0000] {dag.py:3954} INFO - Setting next_dagrun for produce_json to 2026-09-05 14:00:00+00:00, run_after=2026-09-06 14:00:00+00:00
[2026-09-05T06:13:18.633+0000] {logging_mixin.py:188} INFO - [2026-09-05T06:13:18.633+0000] {dag.py:3954} INFO - Setting next_dagrun for update_db to 2026-09-05 15:00:00+00:00, run_after=2026-09-06 15:00:00+00:00
[2026-09-05T06:13:18.670+0000] {processor.py:183} INFO - Processing /opt/airflow/dags/main.py took 0.579 seconds
[2026-09-05T06:13:48.797+0000] {processor.py:161} INFO - Started process (PID=932) to work on /opt/airflow/dags/main.py
[2026-09-05T06:13:48.799+0000] {processor.py:830} INFO - Processing file /opt/airflow/dags/main.py for tasks to queue
[2026-09-05T06:13:48.804+0000] {logging_mixin.py:188} INFO - [2026-09-05T06:13:48.804+0000] {dagbag.py:545} INFO - Filling up the DagBag from /opt/airflow/dags/main.py
[2026-09-05T06:13:48.872+0000] {logging_mixin.py:188} INFO - channel id is not executed
[2026-09-05T06:13:48.978+0000] {processor.py:840} INFO - DAG(s) 'update_db', 'produce_json' retrieved from /opt/airflow/dags/main.py
[2026-09-05T06:13:49.422+0000] {logging_mixin.py:188} INFO - [2026-09-05T06:13:49.421+0000] {dag.py:3096} INFO - Sync 2 DAGs
[2026-09-05T06:13:49.521+0000] {logging_mixin.py:188} INFO - [2026-09-05T06:13:49.520+0000] {dag.py:3954} INFO - Setting next_dagrun for produce_json to 2026-09-05 14:00:00+00:00, run_after=2026-09-06 14:00:00+00:00
[2026-09-05T06:13:49.531+0000] {logging_mixin.py:188} INFO - [2026-09-05T06:13:49.531+0000] {dag.py:3954} INFO - Setting next_dagrun for update_db to 2026-09-05 15:00:00+00:00, run_after=2026-09-06 15:00:00+00:00
[2026-09-05T06:13:49.595+0000] {processor.py:183} INFO - Processing /opt/airflow/dags/main.py took 0.806 seconds
[2026-09-05T06:14:19.987+0000] {processor.py:161} INFO - Started process (PID=938) to work on /opt/airflow/dags/main.py
[2026-09-05T06:14:19.989+0000] {processor.py:830} INFO - Processing file /opt/airflow/dags/main.py for tasks to queue
[2026-09-05T06:14:19.995+0000] {logging_mixin.py:188} INFO - [2026-09-05T06:14:19.994+0000] {dagbag.py:545} INFO - Filling up the DagBag from /opt/airflow/dags/main.py
[2026-09-05T06:14:20.076+0000] {logging_mixin.py:188} INFO - channel id is not executed
[2026-09-05T06:14:20.229+0000] {processor.py:840} INFO - DAG(s) 'update_db', 'produce_json' retrieved from /opt/airflow/dags/main.py
[2026-09-05T06:14:20.576+0000] {logging_mixin.py:188} INFO - [2026-09-05T06:14:20.575+0000] {dag.py:3096} INFO - Sync 2 DAGs
[2026-09-05T06:14:20.617+0000] {logging_mixin.py:188} INFO - [2026-09-05T06:14:20.616+0000] {dag.py:3954} INFO - Setting next_dagrun for produce_json to 2026-09-05 14:00:00+00:00, run_after=2026-09-06 14:00:00+00:00
[2026-09-05T06:14:20.626+0000] {logging_mixin.py:188} INFO - [2026-09-05T06:14:20.625+0000] {dag.py:3954} INFO - Setting next_dagrun for update_db to 2026-09-05 15:00:00+00:00, run_after=2026-09-06 15:00:00+00:00
[2026-09-05T06:14:20.680+0000] {processor.py:183} INFO - Processing /opt/airflow/dags/main.py took 0.706 seconds
[2026-09-05T06:14:50.954+0000] {processor.py:161} INFO - Started process (PID=945) to work on /opt/airflow/dags/main.py
[2026-09-05T06:14:50.957+0000] {processor.py:830} INFO - Processing file /opt/airflow/dags/main.py for tasks to queue
[2026-09-05T06:14:50.974+0000] {logging_mixin.py:188} INFO - [2026-09-05T06:14:50.973+0000] {dagbag.py:545} INFO - Filling up the DagBag from /opt/airflow/dags/main.py
[2026-09-05T06:14:51.191+0000] {logging_mixin.py:188} INFO - channel id is not executed
[2026-09-05T06:14:51.489+0000] {processor.py:840} INFO - DAG(s) 'produce_json', 'update_db' retrieved from /opt/airflow/dags/main.py
[2026-09-05T06:14:51.909+0000] {logging_mixin.py:188} INFO - [2026-09-05T06:14:51.909+0000] {dag.py:3096} INFO - Sync 2 DAGs
[2026-09-05T06:14:51.972+0000] {logging_mixin.py:188} INFO - [2026-09-05T06:14:51.971+0000] {dag.py:3954} INFO - Setting next_dagrun for produce_json to 2026-09-05 14:00:00+00:00, run_after=2026-09-06 14:00:00+00:00
[2026-09-05T06:14:51.988+0000] {logging_mixin.py:188} INFO - [2026-09-05T06:14:51.988+0000] {dag.py:3954} INFO - Setting next_dagrun for update_db to 2026-09-05 15:00:00+00:00, run_after=2026-09-06 15:00:00+00:00
[2026-09-05T06:14:52.054+0000] {processor.py:183} INFO - Processing /opt/airflow/dags/main.py took 1.114 seconds
[2026-09-05T06:15:22.723+0000] {processor.py:161} INFO - Started process (PID=952) to work on /opt/airflow/dags/main.py
[2026-09-05T06:15:22.725+0000] {processor.py:830} INFO - Processing file /opt/airflow/dags/main.py for tasks to queue
[2026-09-05T06:15:22.729+0000] {logging_mixin.py:188} INFO - [2026-09-05T06:15:22.728+0000] {dagbag.py:545} INFO - Filling up the DagBag from /opt/airflow/dags/main.py
[2026-09-05T06:15:22.799+0000] {logging_mixin.py:188} INFO - channel id is not executed
[2026-09-05T06:15:22.913+0000] {processor.py:840} INFO - DAG(s) 'produce_json', 'update_db' retrieved from /opt/airflow/dags/main.py
[2026-09-05T06:15:23.237+0000] {logging_mixin.py:188} INFO - [2026-09-05T06:15:23.236+0000] {dag.py:3096} INFO - Sync 2 DAGs
[2026-09-05T06:15:23.283+0000] {logging_mixin.py:188} INFO - [2026-09-05T06:15:23.282+0000] {dag.py:3954} INFO - Setting next_dagrun for produce_json to 2026-09-05 14:00:00+00:00, run_after=2026-09-06 14:00:00+00:00
[2026-09-05T06:15:23.292+0000] {logging_mixin.py:188} INFO - [2026-09-05T06:15:23.292+0000] {dag.py:3954} INFO - Setting next_dagrun for update_db to 2026-09-05 15:00:00+00:00, run_after=2026-09-06 15:00:00+00:00
[2026-09-05T06:15:23.344+0000] {processor.py:183} INFO - Processing /opt/airflow/dags/main.py took 0.632 seconds
[2026-09-05T06:15:54.041+0000] {processor.py:161} INFO - Started process (PID=959) to work on /opt/airflow/dags/main.py
[2026-09-05T06:15:54.044+0000] {processor.py:830} INFO - Processing file /opt/airflow/dags/main.py for tasks to queue
[2026-09-05T06:15:54.048+0000] {logging_mixin.py:188} INFO - [2026-09-05T06:15:54.047+0000] {dagbag.py:545} INFO - Filling up the DagBag from /opt/airflow/dags/main.py
[2026-09-05T06:15:54.145+0000] {logging_mixin.py:188} INFO - channel id is not executed
[2026-09-05T06:15:54.391+0000] {processor.py:840} INFO - DAG(s) 'produce_json', 'update_db' retrieved from /opt/airflow/dags/main.py
[2026-09-05T06:15:54.709+0000] {logging_mixin.py:188} INFO - [2026-09-05T06:15:54.708+0000] {dag.py:3096} INFO - Sync 2 DAGs
[2026-09-05T06:15:54.859+0000] {logging_mixin.py:188} INFO - [2026-09-05T06:15:54.859+0000] {dag.py:3954} INFO - Setting next_dagrun for produce_json to 2026-09-05 14:00:00+00:00, run_after=2026-09-06 14:00:00+00:00
[2026-09-05T06:15:54.868+0000] {logging_mixin.py:188} INFO - [2026-09-05T06:15:54.867+0000] {dag.py:3954} INFO - Setting next_dagrun for update_db to 2026-09-05 15:00:00+00:00, run_after=2026-09-06 15:00:00+00:00
[2026-09-05T06:15:54.903+0000] {processor.py:183} INFO - Processing /opt/airflow/dags/main.py took 0.872 seconds
[2026-09-05T06:16:25.340+0000] {processor.py:161} INFO - Started process (PID=966) to work on /opt/airflow/dags/main.py
[2026-09-05T06:16:25.348+0000] {processor.py:830} INFO - Processing file /opt/airflow/dags/main.py for tasks to queue
[2026-09-05T06:16:25.356+0000] {logging_mixin.py:188} INFO - [2026-09-05T06:16:25.355+0000] {dagbag.py:545} INFO - Filling up the DagBag from /opt/airflow/dags/main.py
[2026-09-05T06:16:25.578+0000] {logging_mixin.py:188} INFO - channel id is not executed
[2026-09-05T06:16:25.688+0000] {processor.py:840} INFO - DAG(s) 'produce_json', 'update_db' retrieved from /opt/airflow/dags/main.py
[2026-09-05T06:16:25.990+0000] {logging_mixin.py:188} INFO - [2026-09-05T06:16:25.989+0000] {dag.py:3096} INFO - Sync 2 DAGs
[2026-09-05T06:16:26.322+0000] {logging_mixin.py:188} INFO - [2026-09-05T06:16:26.321+0000] {dag.py:3954} INFO - Setting next_dagrun for produce_json to 2026-09-05 14:00:00+00:00, run_after=2026-09-06 14:00:00+00:00
[2026-09-05T06:16:26.330+0000] {logging_mixin.py:188} INFO - [2026-09-05T06:16:26.330+0000] {dag.py:3954} INFO - Setting next_dagrun for update_db to 2026-09-05 15:00:00+00:00, run_after=2026-09-06 15:00:00+00:00
[2026-09-05T06:16:26.414+0000] {processor.py:183} INFO - Processing /opt/airflow/dags/main.py took 1.093 seconds
[2026-09-05T06:16:57.184+0000] {processor.py:161} INFO - Started process (PID=973) to work on /opt/airflow/dags/main.py
[2026-09-05T06:16:57.187+0000] {processor.py:830} INFO - Processing file /opt/airflow/dags/main.py for tasks to queue
[2026-09-05T06:16:57.192+0000] {logging_mixin.py:188} INFO - [2026-09-05T06:16:57.191+0000] {dagbag.py:545} INFO - Filling up the DagBag from /opt/airflow/dags/main.py
[2026-09-05T06:16:57.320+0000] {logging_mixin.py:188} INFO - channel id is not executed
[2026-09-05T06:16:57.421+0000] {processor.py:840} INFO - DAG(s) 'produce_json', 'update_db' retrieved from /opt/airflow/dags/main.py
[2026-09-05T06:16:57.716+0000] {logging_mixin.py:188} INFO - [2026-09-05T06:16:57.716+0000] {dag.py:3096} INFO - Sync 2 DAGs
[2026-09-05T06:16:57.752+0000] {logging_mixin.py:188} INFO - [2026-09-05T06:16:57.751+0000] {dag.py:3954} INFO - Setting next_dagrun for produce_json to 2026-09-05 14:00:00+00:00, run_after=2026-09-06 14:00:00+00:00
[2026-09-05T06:16:57.768+0000] {logging_mixin.py:188} INFO - [2026-09-05T06:16:57.768+0000] {dag.py:3954} INFO - Setting next_dagrun for update_db to 2026-09-05 15:00:00+00:00, run_after=2026-09-06 15:00:00+00:00
[2026-09-05T06:16:57.917+0000] {processor.py:183} INFO - Processing /opt/airflow/dags/main.py took 0.752 seconds
[2026-09-05T06:17:28.237+0000] {processor.py:161} INFO - Started process (PID=980) to work on /opt/airflow/dags/main.py
[2026-09-05T06:17:28.243+0000] {processor.py:830} INFO - Processing file /opt/airflow/dags/main.py for tasks to queue
[2026-09-05T06:17:28.268+0000] {logging_mixin.py:188} INFO - [2026-09-05T06:17:28.268+0000] {dagbag.py:545} INFO - Filling up the DagBag from /opt/airflow/dags/main.py
[2026-09-05T06:17:28.886+0000] {logging_mixin.py:188} INFO - channel id is not executed
[2026-09-05T06:17:29.034+0000] {processor.py:840} INFO - DAG(s) 'produce_json', 'update_db' retrieved from /opt/airflow/dags/main.py
[2026-09-05T06:17:29.647+0000] {logging_mixin.py:188} INFO - [2026-09-05T06:17:29.647+0000] {dag.py:3096} INFO - Sync 2 DAGs
[2026-09-05T06:17:29.707+0000] {logging_mixin.py:188} INFO - [2026-09-05T06:17:29.706+0000] {dag.py:3954} INFO - Setting next_dagrun for produce_json to 2026-09-05 14:00:00+00:00, run_after=2026-09-06 14:00:00+00:00
[2026-09-05T06:17:29.733+0000] {logging_mixin.py:188} INFO - [2026-09-05T06:17:29.733+0000] {dag.py:3954} INFO - Setting next_dagrun for update_db to 2026-09-05 15:00:00+00:00, run_after=2026-09-06 15:00:00+00:00
[2026-09-05T06:17:29.782+0000] {processor.py:183} INFO - Processing /opt/airflow/dags/main.py took 1.558 seconds
[2026-09-05T06:17:59.892+0000] {processor.py:161} INFO - Started process (PID=986) to work on /opt/airflow/dags/main.py
[2026-09-05T06:17:59.895+0000] {processor.py:830} INFO - Processing file /opt/airflow/dags/main.py for tasks to queue
[2026-09-05T06:17:59.911+0000] {logging_mixin.py:188} INFO - [2026-09-05T06:17:59.911+0000] {dagbag.py:545} INFO - Filling up the DagBag from /opt/airflow/dags/main.py
[2026-09-05T06:18:00.030+0000] {logging_mixin.py:188} INFO - channel id is not executed
[2026-09-05T06:18:00.255+0000] {processor.py:840} INFO - DAG(s) 'update_db', 'produce_json' retrieved from /opt/airflow/dags/main.py
[2026-09-05T06:18:00.487+0000] {logging_mixin.py:188} INFO - [2026-09-05T06:18:00.487+0000] {dag.py:3096} INFO - Sync 2 DAGs
[2026-09-05T06:18:00.597+0000] {logging_mixin.py:188} INFO - [2026-09-05T06:18:00.597+0000] {dag.py:3954} INFO - Setting next_dagrun for produce_json to 2026-09-05 14:00:00+00:00, run_after=2026-09-06 14:00:00+00:00
[2026-09-05T06:18:00.608+0000] {logging_mixin.py:188} INFO - [2026-09-05T06:18:00.608+0000] {dag.py:3954} INFO - Setting next_dagrun for update_db to 2026-09-05 15:00:00+00:00, run_after=2026-09-06 15:00:00+00:00
[2026-09-05T06:18:00.670+0000] {processor.py:183} INFO - Processing /opt/airflow/dags/main.py took 0.797 seconds
[2026-09-05T06:18:31.386+0000] {processor.py:161} INFO - Started process (PID=995) to work on /opt/airflow/dags/main.py
[2026-09-05T06:18:31.388+0000] {processor.py:830} INFO - Processing file /opt/airflow/dags/main.py for tasks to queue
[2026-09-05T06:18:31.393+0000] {logging_mixin.py:188} INFO - [2026-09-05T06:18:31.392+0000] {dagbag.py:545} INFO - Filling up the DagBag from /opt/airflow/dags/main.py
[2026-09-05T06:18:31.532+0000] {logging_mixin.py:188} INFO - channel id is not executed
[2026-09-05T06:18:31.682+0000] {processor.py:840} INFO - DAG(s) 'produce_json', 'update_db' retrieved from /opt/airflow/dags/main.py
[2026-09-05T06:18:32.095+0000] {logging_mixin.py:188} INFO - [2026-09-05T06:18:32.094+0000] {dag.py:3096} INFO - Sync 2 DAGs
[2026-09-05T06:18:32.149+0000] {logging_mixin.py:188} INFO - [2026-09-05T06:18:32.149+0000] {dag.py:3954} INFO - Setting next_dagrun for produce_json to 2026-09-05 14:00:00+00:00, run_after=2026-09-06 14:00:00+00:00
[2026-09-05T06:18:32.159+0000] {logging_mixin.py:188} INFO - [2026-09-05T06:18:32.159+0000] {dag.py:3954} INFO - Setting next_dagrun for update_db to 2026-09-05 15:00:00+00:00, run_after=2026-09-06 15:00:00+00:00
[2026-09-05T06:18:32.201+0000] {processor.py:183} INFO - Processing /opt/airflow/dags/main.py took 0.825 seconds
[2026-09-05T06:19:02.328+0000] {processor.py:161} INFO - Started process (PID=1002) to work on /opt/airflow/dags/main.py
[2026-09-05T06:19:02.331+0000] {processor.py:830} INFO - Processing file /opt/airflow/dags/main.py for tasks to queue
[2026-09-05T06:19:02.338+0000] {logging_mixin.py:188} INFO - [2026-09-05T06:19:02.337+0000] {dagbag.py:545} INFO - Filling up the DagBag from /opt/airflow/dags/main.py
[2026-09-05T06:19:02.488+0000] {logging_mixin.py:188} INFO - channel id is not executed
[2026-09-05T06:19:02.618+0000] {processor.py:840} INFO - DAG(s) 'produce_json', 'update_db' retrieved from /opt/airflow/dags/main.py
[2026-09-05T06:19:02.960+0000] {logging_mixin.py:188} INFO - [2026-09-05T06:19:02.959+0000] {dag.py:3096} INFO - Sync 2 DAGs
[2026-09-05T06:19:03.026+0000] {logging_mixin.py:188} INFO - [2026-09-05T06:19:03.023+0000] {dag.py:3954} INFO - Setting next_dagrun for produce_json to 2026-09-05 14:00:00+00:00, run_after=2026-09-06 14:00:00+00:00
[2026-09-05T06:19:03.042+0000] {logging_mixin.py:188} INFO - [2026-09-05T06:19:03.041+0000] {dag.py:3954} INFO - Setting next_dagrun for update_db to 2026-09-05 15:00:00+00:00, run_after=2026-09-06 15:00:00+00:00
[2026-09-05T06:19:03.079+0000] {processor.py:183} INFO - Processing /opt/airflow/dags/main.py took 0.765 seconds
[2026-09-05T06:19:33.923+0000] {processor.py:161} INFO - Started process (PID=1009) to work on /opt/airflow/dags/main.py
[2026-09-05T06:19:33.926+0000] {processor.py:830} INFO - Processing file /opt/airflow/dags/main.py for tasks to queue
[2026-09-05T06:19:33.930+0000] {logging_mixin.py:188} INFO - [2026-09-05T06:19:33.929+0000] {dagbag.py:545} INFO - Filling up the DagBag from /opt/airflow/dags/main.py
[2026-09-05T06:19:34.008+0000] {logging_mixin.py:188} INFO - channel id is not executed
[2026-09-05T06:19:34.141+0000] {processor.py:840} INFO - DAG(s) 'produce_json', 'update_db' retrieved from /opt/airflow/dags/main.py
[2026-09-05T06:19:34.686+0000] {logging_mixin.py:188} INFO - [2026-09-05T06:19:34.682+0000] {dag.py:3096} INFO - Sync 2 DAGs
[2026-09-05T06:19:35.032+0000] {logging_mixin.py:188} INFO - [2026-09-05T06:19:35.031+0000] {dag.py:3954} INFO - Setting next_dagrun for produce_json to 2026-09-05 14:00:00+00:00, run_after=2026-09-06 14:00:00+00:00
[2026-09-05T06:19:35.070+0000] {logging_mixin.py:188} INFO - [2026-09-05T06:19:35.070+0000] {dag.py:3954} INFO - Setting next_dagrun for update_db to 2026-09-05 15:00:00+00:00, run_after=2026-09-06 15:00:00+00:00
[2026-09-05T06:19:35.140+0000] {processor.py:183} INFO - Processing /opt/airflow/dags/main.py took 1.227 seconds
[2026-09-05T06:20:05.684+0000] {processor.py:161} INFO - Started process (PID=1017) to work on /opt/airflow/dags/main.py
[2026-09-05T06:20:05.762+0000] {processor.py:830} INFO - Processing file /opt/airflow/dags/main.py for tasks to queue
[2026-09-05T06:20:05.772+0000] {logging_mixin.py:188} INFO - [2026-09-05T06:20:05.771+0000] {dagbag.py:545} INFO - Filling up the DagBag from /opt/airflow/dags/main.py
[2026-09-05T06:20:05.872+0000] {logging_mixin.py:188} INFO - channel id is not executed
[2026-09-05T06:20:06.031+0000] {processor.py:840} INFO - DAG(s) 'produce_json', 'update_db' retrieved from /opt/airflow/dags/main.py
[2026-09-05T06:20:06.371+0000] {logging_mixin.py:188} INFO - [2026-09-05T06:20:06.370+0000] {dag.py:3096} INFO - Sync 2 DAGs
[2026-09-05T06:20:06.416+0000] {logging_mixin.py:188} INFO - [2026-09-05T06:20:06.416+0000] {dag.py:3954} INFO - Setting next_dagrun for produce_json to 2026-09-05 14:00:00+00:00, run_after=2026-09-06 14:00:00+00:00
[2026-09-05T06:20:06.425+0000] {logging_mixin.py:188} INFO - [2026-09-05T06:20:06.425+0000] {dag.py:3954} INFO - Setting next_dagrun for update_db to 2026-09-05 15:00:00+00:00, run_after=2026-09-06 15:00:00+00:00
[2026-09-05T06:20:06.497+0000] {processor.py:183} INFO - Processing /opt/airflow/dags/main.py took 0.829 seconds
[2026-09-05T06:25:42.955+0000] {processor.py:161} INFO - Started process (PID=64) to work on /opt/airflow/dags/main.py
[2026-09-05T06:25:43.006+0000] {processor.py:830} INFO - Processing file /opt/airflow/dags/main.py for tasks to queue
[2026-09-05T06:25:43.039+0000] {logging_mixin.py:188} INFO - [2026-09-05T06:25:43.038+0000] {dagbag.py:545} INFO - Filling up the DagBag from /opt/airflow/dags/main.py
[2026-09-05T06:25:44.592+0000] {logging_mixin.py:188} INFO - channel id is not executed
[2026-09-05T06:25:46.008+0000] {processor.py:840} INFO - DAG(s) 'produce_json', 'update_db' retrieved from /opt/airflow/dags/main.py
[2026-09-05T06:25:47.834+0000] {logging_mixin.py:188} INFO - [2026-09-05T06:25:47.831+0000] {override.py:1829} INFO - Created Permission View: can edit on DAG:produce_json
[2026-09-05T06:25:47.952+0000] {logging_mixin.py:188} INFO - [2026-09-05T06:25:47.951+0000] {override.py:1829} INFO - Created Permission View: can delete on DAG:produce_json
[2026-09-05T06:25:48.042+0000] {logging_mixin.py:188} INFO - [2026-09-05T06:25:48.041+0000] {override.py:1829} INFO - Created Permission View: can read on DAG:produce_json
[2026-09-05T06:25:48.086+0000] {logging_mixin.py:188} INFO - [2026-09-05T06:25:48.086+0000] {override.py:1829} INFO - Created Permission View: can edit on DAG:update_db
[2026-09-05T06:25:48.162+0000] {logging_mixin.py:188} INFO - [2026-09-05T06:25:48.151+0000] {override.py:1829} INFO - Created Permission View: can delete on DAG:update_db
[2026-09-05T06:25:48.225+0000] {logging_mixin.py:188} INFO - [2026-09-05T06:25:48.224+0000] {override.py:1829} INFO - Created Permission View: can read on DAG:update_db
[2026-09-05T06:25:48.241+0000] {logging_mixin.py:188} INFO - [2026-09-05T06:25:48.241+0000] {dag.py:3096} INFO - Sync 2 DAGs
[2026-09-05T06:25:48.271+0000] {logging_mixin.py:188} INFO - [2026-09-05T06:25:48.270+0000] {dag.py:3118} INFO - Creating ORM DAG for produce_json
[2026-09-05T06:25:48.274+0000] {logging_mixin.py:188} INFO - [2026-09-05T06:25:48.273+0000] {dag.py:3118} INFO - Creating ORM DAG for update_db
[2026-09-05T06:25:48.318+0000] {logging_mixin.py:188} INFO - [2026-09-05T06:25:48.318+0000] {dag.py:3954} INFO - Setting next_dagrun for produce_json to 2026-09-05 14:00:00+00:00, run_after=2026-09-06 14:00:00+00:00
[2026-09-05T06:25:48.323+0000] {logging_mixin.py:188} INFO - [2026-09-05T06:25:48.322+0000] {dag.py:3954} INFO - Setting next_dagrun for update_db to 2026-09-05 15:00:00+00:00, run_after=2026-09-06 15:00:00+00:00
[2026-09-05T06:25:48.414+0000] {processor.py:183} INFO - Processing /opt/airflow/dags/main.py took 5.534 seconds
[2026-09-05T06:26:19.895+0000] {processor.py:161} INFO - Started process (PID=70) to work on /opt/airflow/dags/main.py
[2026-09-05T06:26:19.918+0000] {processor.py:830} INFO - Processing file /opt/airflow/dags/main.py for tasks to queue
[2026-09-05T06:26:19.934+0000] {logging_mixin.py:188} INFO - [2026-09-05T06:26:19.933+0000] {dagbag.py:545} INFO - Filling up the DagBag from /opt/airflow/dags/main.py
[2026-09-05T06:26:20.138+0000] {logging_mixin.py:188} INFO - channel id is not executed
[2026-09-05T06:26:20.448+0000] {processor.py:840} INFO - DAG(s) 'produce_json', 'update_db' retrieved from /opt/airflow/dags/main.py
[2026-09-05T06:26:21.095+0000] {logging_mixin.py:188} INFO - [2026-09-05T06:26:21.094+0000] {dag.py:3096} INFO - Sync 2 DAGs
[2026-09-05T06:26:21.178+0000] {logging_mixin.py:188} INFO - [2026-09-05T06:26:21.177+0000] {dag.py:3954} INFO - Setting next_dagrun for produce_json to 2026-09-05 14:00:00+00:00, run_after=2026-09-06 14:00:00+00:00
[2026-09-05T06:26:21.205+0000] {logging_mixin.py:188} INFO - [2026-09-05T06:26:21.204+0000] {dag.py:3954} INFO - Setting next_dagrun for update_db to 2026-09-05 15:00:00+00:00, run_after=2026-09-06 15:00:00+00:00
[2026-09-05T06:26:21.273+0000] {processor.py:183} INFO - Processing /opt/airflow/dags/main.py took 1.751 seconds
[2026-09-05T06:26:53.818+0000] {processor.py:161} INFO - Started process (PID=77) to work on /opt/airflow/dags/main.py
[2026-09-05T06:26:53.860+0000] {processor.py:830} INFO - Processing file /opt/airflow/dags/main.py for tasks to queue
[2026-09-05T06:26:53.986+0000] {logging_mixin.py:188} INFO - [2026-09-05T06:26:53.981+0000] {dagbag.py:545} INFO - Filling up the DagBag from /opt/airflow/dags/main.py
[2026-09-05T06:26:55.745+0000] {logging_mixin.py:188} INFO - channel id is not executed
[2026-09-05T06:26:56.976+0000] {processor.py:840} INFO - DAG(s) 'produce_json', 'update_db' retrieved from /opt/airflow/dags/main.py
[2026-09-05T06:26:58.095+0000] {logging_mixin.py:188} INFO - [2026-09-05T06:26:58.095+0000] {dag.py:3096} INFO - Sync 2 DAGs
[2026-09-05T06:26:58.170+0000] {logging_mixin.py:188} INFO - [2026-09-05T06:26:58.169+0000] {dag.py:3954} INFO - Setting next_dagrun for produce_json to 2026-09-05 14:00:00+00:00, run_after=2026-09-06 14:00:00+00:00
[2026-09-05T06:26:58.209+0000] {logging_mixin.py:188} INFO - [2026-09-05T06:26:58.209+0000] {dag.py:3954} INFO - Setting next_dagrun for update_db to 2026-09-05 15:00:00+00:00, run_after=2026-09-06 15:00:00+00:00
[2026-09-05T06:26:58.387+0000] {processor.py:183} INFO - Processing /opt/airflow/dags/main.py took 4.781 seconds
[2026-09-05T06:27:30.973+0000] {processor.py:161} INFO - Started process (PID=85) to work on /opt/airflow/dags/main.py
[2026-09-05T06:27:30.981+0000] {processor.py:830} INFO - Processing file /opt/airflow/dags/main.py for tasks to queue
[2026-09-05T06:27:31.088+0000] {logging_mixin.py:188} INFO - [2026-09-05T06:27:31.072+0000] {dagbag.py:545} INFO - Filling up the DagBag from /opt/airflow/dags/main.py
[2026-09-05T06:27:37.017+0000] {logging_mixin.py:188} INFO - channel id is not executed
[2026-09-05T06:27:39.546+0000] {processor.py:840} INFO - DAG(s) 'produce_json', 'update_db' retrieved from /opt/airflow/dags/main.py
[2026-09-05T06:27:42.676+0000] {logging_mixin.py:188} INFO - [2026-09-05T06:27:42.671+0000] {dag.py:3096} INFO - Sync 2 DAGs
[2026-09-05T06:27:43.070+0000] {logging_mixin.py:188} INFO - [2026-09-05T06:27:43.069+0000] {dag.py:3954} INFO - Setting next_dagrun for produce_json to 2026-09-05 14:00:00+00:00, run_after=2026-09-06 14:00:00+00:00
[2026-09-05T06:27:43.125+0000] {logging_mixin.py:188} INFO - [2026-09-05T06:27:43.125+0000] {dag.py:3954} INFO - Setting next_dagrun for update_db to 2026-09-05 15:00:00+00:00, run_after=2026-09-06 15:00:00+00:00
[2026-09-05T06:27:44.609+0000] {processor.py:183} INFO - Processing /opt/airflow/dags/main.py took 13.742 seconds
[2026-09-05T06:28:16.474+0000] {processor.py:161} INFO - Started process (PID=97) to work on /opt/airflow/dags/main.py
[2026-09-05T06:28:16.515+0000] {processor.py:830} INFO - Processing file /opt/airflow/dags/main.py for tasks to queue
[2026-09-05T06:28:17.073+0000] {logging_mixin.py:188} INFO - [2026-09-05T06:28:17.073+0000] {dagbag.py:545} INFO - Filling up the DagBag from /opt/airflow/dags/main.py
[2026-09-05T06:28:18.239+0000] {logging_mixin.py:188} INFO - channel id is not executed
[2026-09-05T06:28:21.444+0000] {processor.py:840} INFO - DAG(s) 'produce_json', 'update_db' retrieved from /opt/airflow/dags/main.py
[2026-09-05T06:28:25.969+0000] {logging_mixin.py:188} INFO - [2026-09-05T06:28:25.968+0000] {dag.py:3096} INFO - Sync 2 DAGs
[2026-09-05T06:28:28.061+0000] {logging_mixin.py:188} INFO - [2026-09-05T06:28:28.061+0000] {dag.py:3954} INFO - Setting next_dagrun for produce_json to 2026-09-05 14:00:00+00:00, run_after=2026-09-06 14:00:00+00:00
[2026-09-05T06:28:28.160+0000] {logging_mixin.py:188} INFO - [2026-09-05T06:28:28.159+0000] {dag.py:3954} INFO - Setting next_dagrun for update_db to 2026-09-05 15:00:00+00:00, run_after=2026-09-06 15:00:00+00:00
[2026-09-05T06:28:28.718+0000] {processor.py:183} INFO - Processing /opt/airflow/dags/main.py took 12.868 seconds
[2026-09-05T06:28:59.540+0000] {processor.py:161} INFO - Started process (PID=103) to work on /opt/airflow/dags/main.py
[2026-09-05T06:28:59.571+0000] {processor.py:830} INFO - Processing file /opt/airflow/dags/main.py for tasks to queue
[2026-09-05T06:28:59.576+0000] {logging_mixin.py:188} INFO - [2026-09-05T06:28:59.576+0000] {dagbag.py:545} INFO - Filling up the DagBag from /opt/airflow/dags/main.py
[2026-09-05T06:29:00.192+0000] {logging_mixin.py:188} INFO - channel id is not executed
[2026-09-05T06:29:01.291+0000] {processor.py:840} INFO - DAG(s) 'produce_json', 'update_db' retrieved from /opt/airflow/dags/main.py
[2026-09-05T06:29:04.721+0000] {logging_mixin.py:188} INFO - [2026-09-05T06:29:04.720+0000] {dag.py:3096} INFO - Sync 2 DAGs
[2026-09-05T06:29:05.215+0000] {logging_mixin.py:188} INFO - [2026-09-05T06:29:05.214+0000] {dag.py:3954} INFO - Setting next_dagrun for produce_json to 2026-09-05 14:00:00+00:00, run_after=2026-09-06 14:00:00+00:00
[2026-09-05T06:29:05.231+0000] {logging_mixin.py:188} INFO - [2026-09-05T06:29:05.231+0000] {dag.py:3954} INFO - Setting next_dagrun for update_db to 2026-09-05 15:00:00+00:00, run_after=2026-09-06 15:00:00+00:00
[2026-09-05T06:29:05.294+0000] {processor.py:183} INFO - Processing /opt/airflow/dags/main.py took 5.821 seconds
[2026-09-05T06:29:36.405+0000] {processor.py:161} INFO - Started process (PID=117) to work on /opt/airflow/dags/main.py
[2026-09-05T06:29:36.412+0000] {processor.py:830} INFO - Processing file /opt/airflow/dags/main.py for tasks to queue
[2026-09-05T06:29:36.429+0000] {logging_mixin.py:188} INFO - [2026-09-05T06:29:36.427+0000] {dagbag.py:545} INFO - Filling up the DagBag from /opt/airflow/dags/main.py
[2026-09-05T06:29:36.572+0000] {logging_mixin.py:188} INFO - channel id is not executed
[2026-09-05T06:29:36.897+0000] {processor.py:840} INFO - DAG(s) 'produce_json', 'update_db' retrieved from /opt/airflow/dags/main.py
[2026-09-05T06:29:42.192+0000] {logging_mixin.py:188} INFO - [2026-09-05T06:29:42.192+0000] {dag.py:3096} INFO - Sync 2 DAGs
[2026-09-05T06:29:42.605+0000] {logging_mixin.py:188} INFO - [2026-09-05T06:29:42.605+0000] {dag.py:3954} INFO - Setting next_dagrun for produce_json to 2026-09-05 14:00:00+00:00, run_after=2026-09-06 14:00:00+00:00
[2026-09-05T06:29:42.616+0000] {logging_mixin.py:188} INFO - [2026-09-05T06:29:42.616+0000] {dag.py:3954} INFO - Setting next_dagrun for update_db to 2026-09-05 15:00:00+00:00, run_after=2026-09-06 15:00:00+00:00
[2026-09-05T06:29:42.796+0000] {processor.py:183} INFO - Processing /opt/airflow/dags/main.py took 6.412 seconds
[2026-09-05T06:30:17.894+0000] {processor.py:161} INFO - Started process (PID=124) to work on /opt/airflow/dags/main.py
[2026-09-05T06:30:18.129+0000] {processor.py:830} INFO - Processing file /opt/airflow/dags/main.py for tasks to queue
[2026-09-05T06:30:18.936+0000] {logging_mixin.py:188} INFO - [2026-09-05T06:30:18.916+0000] {dagbag.py:545} INFO - Filling up the DagBag from /opt/airflow/dags/main.py
[2026-09-05T06:30:24.823+0000] {logging_mixin.py:188} INFO - channel id is not executed
[2026-09-05T06:30:30.253+0000] {processor.py:840} INFO - DAG(s) 'produce_json', 'update_db' retrieved from /opt/airflow/dags/main.py
[2026-09-05T06:30:34.205+0000] {logging_mixin.py:188} INFO - [2026-09-05T06:30:34.204+0000] {dag.py:3096} INFO - Sync 2 DAGs
[2026-09-05T06:30:35.094+0000] {logging_mixin.py:188} INFO - [2026-09-05T06:30:35.094+0000] {dag.py:3954} INFO - Setting next_dagrun for produce_json to 2026-09-05 14:00:00+00:00, run_after=2026-09-06 14:00:00+00:00
[2026-09-05T06:30:35.242+0000] {logging_mixin.py:188} INFO - [2026-09-05T06:30:35.241+0000] {dag.py:3954} INFO - Setting next_dagrun for update_db to 2026-09-05 15:00:00+00:00, run_after=2026-09-06 15:00:00+00:00
[2026-09-05T06:30:36.867+0000] {processor.py:183} INFO - Processing /opt/airflow/dags/main.py took 20.070 seconds
[2026-09-05T06:31:07.982+0000] {processor.py:161} INFO - Started process (PID=131) to work on /opt/airflow/dags/main.py
[2026-09-05T06:31:07.996+0000] {processor.py:830} INFO - Processing file /opt/airflow/dags/main.py for tasks to queue
[2026-09-05T06:31:08.001+0000] {logging_mixin.py:188} INFO - [2026-09-05T06:31:08.000+0000] {dagbag.py:545} INFO - Filling up the DagBag from /opt/airflow/dags/main.py
[2026-09-05T06:31:08.147+0000] {logging_mixin.py:188} INFO - channel id is not executed
[2026-09-05T06:31:09.618+0000] {processor.py:840} INFO - DAG(s) 'produce_json', 'update_db' retrieved from /opt/airflow/dags/main.py
[2026-09-05T06:31:11.106+0000] {logging_mixin.py:188} INFO - [2026-09-05T06:31:11.105+0000] {dag.py:3096} INFO - Sync 2 DAGs
[2026-09-05T06:31:11.241+0000] {logging_mixin.py:188} INFO - [2026-09-05T06:31:11.241+0000] {dag.py:3954} INFO - Setting next_dagrun for produce_json to 2026-09-05 14:00:00+00:00, run_after=2026-09-06 14:00:00+00:00
[2026-09-05T06:31:11.340+0000] {logging_mixin.py:188} INFO - [2026-09-05T06:31:11.340+0000] {dag.py:3954} INFO - Setting next_dagrun for update_db to 2026-09-05 15:00:00+00:00, run_after=2026-09-06 15:00:00+00:00
[2026-09-05T06:31:11.512+0000] {processor.py:183} INFO - Processing /opt/airflow/dags/main.py took 3.547 seconds
[2026-09-05T06:31:44.987+0000] {processor.py:161} INFO - Started process (PID=143) to work on /opt/airflow/dags/main.py
[2026-09-05T06:31:45.127+0000] {processor.py:830} INFO - Processing file /opt/airflow/dags/main.py for tasks to queue
[2026-09-05T06:31:45.152+0000] {logging_mixin.py:188} INFO - [2026-09-05T06:31:45.151+0000] {dagbag.py:545} INFO - Filling up the DagBag from /opt/airflow/dags/main.py
[2026-09-05T06:31:46.822+0000] {logging_mixin.py:188} INFO - channel id is not executed
[2026-09-05T06:31:48.757+0000] {processor.py:840} INFO - DAG(s) 'produce_json', 'update_db' retrieved from /opt/airflow/dags/main.py
[2026-09-05T06:31:53.588+0000] {logging_mixin.py:188} INFO - [2026-09-05T06:31:53.588+0000] {dag.py:3096} INFO - Sync 2 DAGs
[2026-09-05T06:31:53.787+0000] {logging_mixin.py:188} INFO - [2026-09-05T06:31:53.786+0000] {dag.py:3954} INFO - Setting next_dagrun for produce_json to 2026-09-05 14:00:00+00:00, run_after=2026-09-06 14:00:00+00:00
[2026-09-05T06:31:53.826+0000] {logging_mixin.py:188} INFO - [2026-09-05T06:31:53.825+0000] {dag.py:3954} INFO - Setting next_dagrun for update_db to 2026-09-05 15:00:00+00:00, run_after=2026-09-06 15:00:00+00:00
[2026-09-05T06:31:53.942+0000] {processor.py:183} INFO - Processing /opt/airflow/dags/main.py took 10.801 seconds
[2026-09-05T06:32:26.632+0000] {processor.py:161} INFO - Started process (PID=150) to work on /opt/airflow/dags/main.py
[2026-09-05T06:32:26.673+0000] {processor.py:830} INFO - Processing file /opt/airflow/dags/main.py for tasks to queue
[2026-09-05T06:32:26.851+0000] {logging_mixin.py:188} INFO - [2026-09-05T06:32:26.841+0000] {dagbag.py:545} INFO - Filling up the DagBag from /opt/airflow/dags/main.py
[2026-09-05T06:32:28.747+0000] {logging_mixin.py:188} INFO - channel id is not executed
[2026-09-05T06:32:31.552+0000] {processor.py:840} INFO - DAG(s) 'update_db', 'produce_json' retrieved from /opt/airflow/dags/main.py
[2026-09-05T06:32:33.248+0000] {logging_mixin.py:188} INFO - [2026-09-05T06:32:33.247+0000] {dag.py:3096} INFO - Sync 2 DAGs
[2026-09-05T06:32:34.616+0000] {logging_mixin.py:188} INFO - [2026-09-05T06:32:34.607+0000] {dag.py:3954} INFO - Setting next_dagrun for produce_json to 2026-09-05 14:00:00+00:00, run_after=2026-09-06 14:00:00+00:00
[2026-09-05T06:32:34.804+0000] {logging_mixin.py:188} INFO - [2026-09-05T06:32:34.804+0000] {dag.py:3954} INFO - Setting next_dagrun for update_db to 2026-09-05 15:00:00+00:00, run_after=2026-09-06 15:00:00+00:00
[2026-09-05T06:32:35.059+0000] {processor.py:183} INFO - Processing /opt/airflow/dags/main.py took 8.974 seconds
[2026-09-05T06:33:06.106+0000] {processor.py:161} INFO - Started process (PID=156) to work on /opt/airflow/dags/main.py
[2026-09-05T06:33:06.144+0000] {processor.py:830} INFO - Processing file /opt/airflow/dags/main.py for tasks to queue
[2026-09-05T06:33:06.211+0000] {logging_mixin.py:188} INFO - [2026-09-05T06:33:06.181+0000] {dagbag.py:545} INFO - Filling up the DagBag from /opt/airflow/dags/main.py
[2026-09-05T06:33:07.362+0000] {logging_mixin.py:188} INFO - channel id is not executed
[2026-09-05T06:33:09.595+0000] {processor.py:840} INFO - DAG(s) 'update_db', 'produce_json' retrieved from /opt/airflow/dags/main.py
[2026-09-05T06:33:20.990+0000] {logging_mixin.py:188} INFO - [2026-09-05T06:33:20.989+0000] {dag.py:3096} INFO - Sync 2 DAGs
[2026-09-05T06:33:26.440+0000] {logging_mixin.py:188} INFO - [2026-09-05T06:33:26.438+0000] {dag.py:3954} INFO - Setting next_dagrun for produce_json to 2026-09-05 14:00:00+00:00, run_after=2026-09-06 14:00:00+00:00
[2026-09-05T06:33:26.483+0000] {logging_mixin.py:188} INFO - [2026-09-05T06:33:26.483+0000] {dag.py:3954} INFO - Setting next_dagrun for update_db to 2026-09-05 15:00:00+00:00, run_after=2026-09-06 15:00:00+00:00
[2026-09-05T06:33:29.482+0000] {processor.py:183} INFO - Processing /opt/airflow/dags/main.py took 23.745 seconds
[2026-09-05T06:34:03.965+0000] {processor.py:161} INFO - Started process (PID=169) to work on /opt/airflow/dags/main.py
[2026-09-05T06:34:03.975+0000] {processor.py:830} INFO - Processing file /opt/airflow/dags/main.py for tasks to queue
[2026-09-05T06:34:04.003+0000] {logging_mixin.py:188} INFO - [2026-09-05T06:34:03.992+0000] {dagbag.py:545} INFO - Filling up the DagBag from /opt/airflow/dags/main.py
[2026-09-05T06:34:05.074+0000] {logging_mixin.py:188} INFO - channel id is not executed
[2026-09-05T06:34:06.153+0000] {processor.py:840} INFO - DAG(s) 'update_db', 'produce_json' retrieved from /opt/airflow/dags/main.py
[2026-09-05T06:34:07.843+0000] {logging_mixin.py:188} INFO - [2026-09-05T06:34:07.843+0000] {dag.py:3096} INFO - Sync 2 DAGs
[2026-09-05T06:34:07.974+0000] {logging_mixin.py:188} INFO - [2026-09-05T06:34:07.973+0000] {dag.py:3954} INFO - Setting next_dagrun for produce_json to 2026-09-05 14:00:00+00:00, run_after=2026-09-06 14:00:00+00:00
[2026-09-05T06:34:07.989+0000] {logging_mixin.py:188} INFO - [2026-09-05T06:34:07.988+0000] {dag.py:3954} INFO - Setting next_dagrun for update_db to 2026-09-05 15:00:00+00:00, run_after=2026-09-06 15:00:00+00:00
[2026-09-05T06:34:08.310+0000] {processor.py:183} INFO - Processing /opt/airflow/dags/main.py took 4.698 seconds
[2026-09-05T06:34:38.839+0000] {processor.py:161} INFO - Started process (PID=175) to work on /opt/airflow/dags/main.py
[2026-09-05T06:34:38.843+0000] {processor.py:830} INFO - Processing file /opt/airflow/dags/main.py for tasks to queue
[2026-09-05T06:34:38.852+0000] {logging_mixin.py:188} INFO - [2026-09-05T06:34:38.852+0000] {dagbag.py:545} INFO - Filling up the DagBag from /opt/airflow/dags/main.py
[2026-09-05T06:34:38.973+0000] {logging_mixin.py:188} INFO - channel id is not executed
[2026-09-05T06:34:39.265+0000] {processor.py:840} INFO - DAG(s) 'update_db', 'produce_json' retrieved from /opt/airflow/dags/main.py
[2026-09-05T06:34:39.751+0000] {logging_mixin.py:188} INFO - [2026-09-05T06:34:39.751+0000] {dag.py:3096} INFO - Sync 2 DAGs
[2026-09-05T06:34:39.812+0000] {logging_mixin.py:188} INFO - [2026-09-05T06:34:39.812+0000] {dag.py:3954} INFO - Setting next_dagrun for produce_json to 2026-09-05 14:00:00+00:00, run_after=2026-09-06 14:00:00+00:00
[2026-09-05T06:34:39.823+0000] {logging_mixin.py:188} INFO - [2026-09-05T06:34:39.823+0000] {dag.py:3954} INFO - Setting next_dagrun for update_db to 2026-09-05 15:00:00+00:00, run_after=2026-09-06 15:00:00+00:00
[2026-09-05T06:34:39.864+0000] {processor.py:183} INFO - Processing /opt/airflow/dags/main.py took 1.035 seconds
[2026-09-05T06:35:10.084+0000] {processor.py:161} INFO - Started process (PID=182) to work on /opt/airflow/dags/main.py
[2026-09-05T06:35:10.089+0000] {processor.py:830} INFO - Processing file /opt/airflow/dags/main.py for tasks to queue
[2026-09-05T06:35:10.096+0000] {logging_mixin.py:188} INFO - [2026-09-05T06:35:10.095+0000] {dagbag.py:545} INFO - Filling up the DagBag from /opt/airflow/dags/main.py
[2026-09-05T06:35:10.173+0000] {logging_mixin.py:188} INFO - channel id is not executed
[2026-09-05T06:35:10.284+0000] {processor.py:840} INFO - DAG(s) 'update_db', 'produce_json' retrieved from /opt/airflow/dags/main.py
[2026-09-05T06:35:10.568+0000] {logging_mixin.py:188} INFO - [2026-09-05T06:35:10.567+0000] {dag.py:3096} INFO - Sync 2 DAGs
[2026-09-05T06:35:10.619+0000] {logging_mixin.py:188} INFO - [2026-09-05T06:35:10.619+0000] {dag.py:3954} INFO - Setting next_dagrun for produce_json to 2026-09-05 14:00:00+00:00, run_after=2026-09-06 14:00:00+00:00
[2026-09-05T06:35:10.627+0000] {logging_mixin.py:188} INFO - [2026-09-05T06:35:10.627+0000] {dag.py:3954} INFO - Setting next_dagrun for update_db to 2026-09-05 15:00:00+00:00, run_after=2026-09-06 15:00:00+00:00
[2026-09-05T06:35:10.674+0000] {processor.py:183} INFO - Processing /opt/airflow/dags/main.py took 0.606 seconds
[2026-09-05T06:35:41.964+0000] {processor.py:161} INFO - Started process (PID=190) to work on /opt/airflow/dags/main.py
[2026-09-05T06:35:41.968+0000] {processor.py:830} INFO - Processing file /opt/airflow/dags/main.py for tasks to queue
[2026-09-05T06:35:41.972+0000] {logging_mixin.py:188} INFO - [2026-09-05T06:35:41.972+0000] {dagbag.py:545} INFO - Filling up the DagBag from /opt/airflow/dags/main.py
[2026-09-05T06:35:42.080+0000] {logging_mixin.py:188} INFO - channel id is not executed
[2026-09-05T06:35:42.179+0000] {processor.py:840} INFO - DAG(s) 'update_db', 'produce_json' retrieved from /opt/airflow/dags/main.py
[2026-09-05T06:35:42.608+0000] {logging_mixin.py:188} INFO - [2026-09-05T06:35:42.608+0000] {dag.py:3096} INFO - Sync 2 DAGs
[2026-09-05T06:35:42.668+0000] {logging_mixin.py:188} INFO - [2026-09-05T06:35:42.668+0000] {dag.py:3954} INFO - Setting next_dagrun for produce_json to 2026-09-05 14:00:00+00:00, run_after=2026-09-06 14:00:00+00:00
[2026-09-05T06:35:42.678+0000] {logging_mixin.py:188} INFO - [2026-09-05T06:35:42.678+0000] {dag.py:3954} INFO - Setting next_dagrun for update_db to 2026-09-05 15:00:00+00:00, run_after=2026-09-06 15:00:00+00:00
[2026-09-05T06:35:42.730+0000] {processor.py:183} INFO - Processing /opt/airflow/dags/main.py took 0.786 seconds
[2026-09-05T06:36:13.688+0000] {processor.py:161} INFO - Started process (PID=197) to work on /opt/airflow/dags/main.py
[2026-09-05T06:36:13.811+0000] {processor.py:830} INFO - Processing file /opt/airflow/dags/main.py for tasks to queue
[2026-09-05T06:36:13.845+0000] {logging_mixin.py:188} INFO - [2026-09-05T06:36:13.844+0000] {dagbag.py:545} INFO - Filling up the DagBag from /opt/airflow/dags/main.py
[2026-09-05T06:36:13.932+0000] {logging_mixin.py:188} INFO - channel id is not executed
[2026-09-05T06:36:14.058+0000] {processor.py:840} INFO - DAG(s) 'produce_json', 'update_db' retrieved from /opt/airflow/dags/main.py
[2026-09-05T06:36:14.333+0000] {logging_mixin.py:188} INFO - [2026-09-05T06:36:14.331+0000] {dag.py:3096} INFO - Sync 2 DAGs
[2026-09-05T06:36:14.393+0000] {logging_mixin.py:188} INFO - [2026-09-05T06:36:14.393+0000] {dag.py:3954} INFO - Setting next_dagrun for produce_json to 2026-09-05 14:00:00+00:00, run_after=2026-09-06 14:00:00+00:00
[2026-09-05T06:36:14.402+0000] {logging_mixin.py:188} INFO - [2026-09-05T06:36:14.402+0000] {dag.py:3954} INFO - Setting next_dagrun for update_db to 2026-09-05 15:00:00+00:00, run_after=2026-09-06 15:00:00+00:00
[2026-09-05T06:36:14.439+0000] {processor.py:183} INFO - Processing /opt/airflow/dags/main.py took 0.761 seconds
[2026-09-05T06:36:45.130+0000] {processor.py:161} INFO - Started process (PID=203) to work on /opt/airflow/dags/main.py
[2026-09-05T06:36:45.135+0000] {processor.py:830} INFO - Processing file /opt/airflow/dags/main.py for tasks to queue
[2026-09-05T06:36:45.155+0000] {logging_mixin.py:188} INFO - [2026-09-05T06:36:45.155+0000] {dagbag.py:545} INFO - Filling up the DagBag from /opt/airflow/dags/main.py
[2026-09-05T06:36:45.297+0000] {logging_mixin.py:188} INFO - channel id is not executed
[2026-09-05T06:36:45.445+0000] {processor.py:840} INFO - DAG(s) 'update_db', 'produce_json' retrieved from /opt/airflow/dags/main.py
[2026-09-05T06:36:46.086+0000] {logging_mixin.py:188} INFO - [2026-09-05T06:36:46.074+0000] {dag.py:3096} INFO - Sync 2 DAGs
[2026-09-05T06:36:46.265+0000] {logging_mixin.py:188} INFO - [2026-09-05T06:36:46.264+0000] {dag.py:3954} INFO - Setting next_dagrun for produce_json to 2026-09-05 14:00:00+00:00, run_after=2026-09-06 14:00:00+00:00
[2026-09-05T06:36:46.312+0000] {logging_mixin.py:188} INFO - [2026-09-05T06:36:46.312+0000] {dag.py:3954} INFO - Setting next_dagrun for update_db to 2026-09-05 15:00:00+00:00, run_after=2026-09-06 15:00:00+00:00
[2026-09-05T06:36:46.456+0000] {processor.py:183} INFO - Processing /opt/airflow/dags/main.py took 1.338 seconds
[2026-09-05T06:37:16.735+0000] {processor.py:161} INFO - Started process (PID=210) to work on /opt/airflow/dags/main.py
[2026-09-05T06:37:16.740+0000] {processor.py:830} INFO - Processing file /opt/airflow/dags/main.py for tasks to queue
[2026-09-05T06:37:16.745+0000] {logging_mixin.py:188} INFO - [2026-09-05T06:37:16.744+0000] {dagbag.py:545} INFO - Filling up the DagBag from /opt/airflow/dags/main.py
[2026-09-05T06:37:16.834+0000] {logging_mixin.py:188} INFO - channel id is not executed
[2026-09-05T06:37:16.962+0000] {processor.py:840} INFO - DAG(s) 'produce_json', 'update_db' retrieved from /opt/airflow/dags/main.py
[2026-09-05T06:37:17.244+0000] {logging_mixin.py:188} INFO - [2026-09-05T06:37:17.244+0000] {dag.py:3096} INFO - Sync 2 DAGs
[2026-09-05T06:37:17.323+0000] {logging_mixin.py:188} INFO - [2026-09-05T06:37:17.322+0000] {dag.py:3954} INFO - Setting next_dagrun for produce_json to 2026-09-05 14:00:00+00:00, run_after=2026-09-06 14:00:00+00:00
[2026-09-05T06:37:17.331+0000] {logging_mixin.py:188} INFO - [2026-09-05T06:37:17.331+0000] {dag.py:3954} INFO - Setting next_dagrun for update_db to 2026-09-05 15:00:00+00:00, run_after=2026-09-06 15:00:00+00:00
[2026-09-05T06:37:17.378+0000] {processor.py:183} INFO - Processing /opt/airflow/dags/main.py took 0.653 seconds
[2026-09-05T06:37:47.470+0000] {processor.py:161} INFO - Started process (PID=218) to work on /opt/airflow/dags/main.py
[2026-09-05T06:37:47.473+0000] {processor.py:830} INFO - Processing file /opt/airflow/dags/main.py for tasks to queue
[2026-09-05T06:37:47.477+0000] {logging_mixin.py:188} INFO - [2026-09-05T06:37:47.476+0000] {dagbag.py:545} INFO - Filling up the DagBag from /opt/airflow/dags/main.py
[2026-09-05T06:37:47.548+0000] {logging_mixin.py:188} INFO - channel id is not executed
[2026-09-05T06:37:47.653+0000] {processor.py:840} INFO - DAG(s) 'update_db', 'produce_json' retrieved from /opt/airflow/dags/main.py
[2026-09-05T06:37:47.932+0000] {logging_mixin.py:188} INFO - [2026-09-05T06:37:47.931+0000] {dag.py:3096} INFO - Sync 2 DAGs
[2026-09-05T06:37:47.976+0000] {logging_mixin.py:188} INFO - [2026-09-05T06:37:47.975+0000] {dag.py:3954} INFO - Setting next_dagrun for produce_json to 2026-09-05 14:00:00+00:00, run_after=2026-09-06 14:00:00+00:00
[2026-09-05T06:37:47.985+0000] {logging_mixin.py:188} INFO - [2026-09-05T06:37:47.985+0000] {dag.py:3954} INFO - Setting next_dagrun for update_db to 2026-09-05 15:00:00+00:00, run_after=2026-09-06 15:00:00+00:00
[2026-09-05T06:37:48.047+0000] {processor.py:183} INFO - Processing /opt/airflow/dags/main.py took 0.586 seconds
[2026-09-05T06:38:18.497+0000] {processor.py:161} INFO - Started process (PID=225) to work on /opt/airflow/dags/main.py
[2026-09-05T06:38:18.499+0000] {processor.py:830} INFO - Processing file /opt/airflow/dags/main.py for tasks to queue
[2026-09-05T06:38:18.530+0000] {logging_mixin.py:188} INFO - [2026-09-05T06:38:18.528+0000] {dagbag.py:545} INFO - Filling up the DagBag from /opt/airflow/dags/main.py
[2026-09-05T06:38:18.637+0000] {logging_mixin.py:188} INFO - channel id is not executed
[2026-09-05T06:38:18.733+0000] {processor.py:840} INFO - DAG(s) 'update_db', 'produce_json' retrieved from /opt/airflow/dags/main.py
[2026-09-05T06:38:18.969+0000] {logging_mixin.py:188} INFO - [2026-09-05T06:38:18.968+0000] {dag.py:3096} INFO - Sync 2 DAGs
[2026-09-05T06:38:19.034+0000] {logging_mixin.py:188} INFO - [2026-09-05T06:38:19.032+0000] {dag.py:3954} INFO - Setting next_dagrun for produce_json to 2026-09-05 14:00:00+00:00, run_after=2026-09-06 14:00:00+00:00
[2026-09-05T06:38:19.053+0000] {logging_mixin.py:188} INFO - [2026-09-05T06:38:19.051+0000] {dag.py:3954} INFO - Setting next_dagrun for update_db to 2026-09-05 15:00:00+00:00, run_after=2026-09-06 15:00:00+00:00
[2026-09-05T06:38:19.119+0000] {processor.py:183} INFO - Processing /opt/airflow/dags/main.py took 0.635 seconds
[2026-09-05T06:38:49.389+0000] {processor.py:161} INFO - Started process (PID=232) to work on /opt/airflow/dags/main.py
[2026-09-05T06:38:49.391+0000] {processor.py:830} INFO - Processing file /opt/airflow/dags/main.py for tasks to queue
[2026-09-05T06:38:49.396+0000] {logging_mixin.py:188} INFO - [2026-09-05T06:38:49.395+0000] {dagbag.py:545} INFO - Filling up the DagBag from /opt/airflow/dags/main.py
[2026-09-05T06:38:49.463+0000] {logging_mixin.py:188} INFO - channel id is not executed
[2026-09-05T06:38:49.566+0000] {processor.py:840} INFO - DAG(s) 'produce_json', 'update_db' retrieved from /opt/airflow/dags/main.py
[2026-09-05T06:38:49.776+0000] {logging_mixin.py:188} INFO - [2026-09-05T06:38:49.776+0000] {dag.py:3096} INFO - Sync 2 DAGs
[2026-09-05T06:38:49.813+0000] {logging_mixin.py:188} INFO - [2026-09-05T06:38:49.813+0000] {dag.py:3954} INFO - Setting next_dagrun for produce_json to 2026-09-05 14:00:00+00:00, run_after=2026-09-06 14:00:00+00:00
[2026-09-05T06:38:49.821+0000] {logging_mixin.py:188} INFO - [2026-09-05T06:38:49.821+0000] {dag.py:3954} INFO - Setting next_dagrun for update_db to 2026-09-05 15:00:00+00:00, run_after=2026-09-06 15:00:00+00:00
[2026-09-05T06:38:49.879+0000] {processor.py:183} INFO - Processing /opt/airflow/dags/main.py took 0.499 seconds
[2026-09-05T06:39:20.000+0000] {processor.py:161} INFO - Started process (PID=239) to work on /opt/airflow/dags/main.py
[2026-09-05T06:39:20.002+0000] {processor.py:830} INFO - Processing file /opt/airflow/dags/main.py for tasks to queue
[2026-09-05T06:39:20.007+0000] {logging_mixin.py:188} INFO - [2026-09-05T06:39:20.006+0000] {dagbag.py:545} INFO - Filling up the DagBag from /opt/airflow/dags/main.py
[2026-09-05T06:39:20.084+0000] {logging_mixin.py:188} INFO - channel id is not executed
[2026-09-05T06:39:20.193+0000] {processor.py:840} INFO - DAG(s) 'update_db', 'produce_json' retrieved from /opt/airflow/dags/main.py
[2026-09-05T06:39:20.446+0000] {logging_mixin.py:188} INFO - [2026-09-05T06:39:20.445+0000] {dag.py:3096} INFO - Sync 2 DAGs
[2026-09-05T06:39:20.484+0000] {logging_mixin.py:188} INFO - [2026-09-05T06:39:20.484+0000] {dag.py:3954} INFO - Setting next_dagrun for produce_json to 2026-09-05 14:00:00+00:00, run_after=2026-09-06 14:00:00+00:00
[2026-09-05T06:39:20.494+0000] {logging_mixin.py:188} INFO - [2026-09-05T06:39:20.493+0000] {dag.py:3954} INFO - Setting next_dagrun for update_db to 2026-09-05 15:00:00+00:00, run_after=2026-09-06 15:00:00+00:00
[2026-09-05T06:39:20.537+0000] {processor.py:183} INFO - Processing /opt/airflow/dags/main.py took 0.546 seconds
[2026-09-05T06:39:51.477+0000] {processor.py:161} INFO - Started process (PID=245) to work on /opt/airflow/dags/main.py
[2026-09-05T06:39:51.479+0000] {processor.py:830} INFO - Processing file /opt/airflow/dags/main.py for tasks to queue
[2026-09-05T06:39:51.483+0000] {logging_mixin.py:188} INFO - [2026-09-05T06:39:51.483+0000] {dagbag.py:545} INFO - Filling up the DagBag from /opt/airflow/dags/main.py
[2026-09-05T06:39:51.577+0000] {logging_mixin.py:188} INFO - channel id is not executed
[2026-09-05T06:39:51.800+0000] {processor.py:840} INFO - DAG(s) 'update_db', 'produce_json' retrieved from /opt/airflow/dags/main.py
[2026-09-05T06:39:52.241+0000] {logging_mixin.py:188} INFO - [2026-09-05T06:39:52.240+0000] {dag.py:3096} INFO - Sync 2 DAGs
[2026-09-05T06:39:52.354+0000] {logging_mixin.py:188} INFO - [2026-09-05T06:39:52.354+0000] {dag.py:3954} INFO - Setting next_dagrun for produce_json to 2026-09-05 14:00:00+00:00, run_after=2026-09-06 14:00:00+00:00
[2026-09-05T06:39:52.446+0000] {logging_mixin.py:188} INFO - [2026-09-05T06:39:52.446+0000] {dag.py:3954} INFO - Setting next_dagrun for update_db to 2026-09-05 15:00:00+00:00, run_after=2026-09-06 15:00:00+00:00
[2026-09-05T06:39:52.598+0000] {processor.py:183} INFO - Processing /opt/airflow/dags/main.py took 1.139 seconds
[2026-09-05T06:40:23.637+0000] {processor.py:161} INFO - Started process (PID=252) to work on /opt/airflow/dags/main.py
[2026-09-05T06:40:23.639+0000] {processor.py:830} INFO - Processing file /opt/airflow/dags/main.py for tasks to queue
[2026-09-05T06:40:23.648+0000] {logging_mixin.py:188} INFO - [2026-09-05T06:40:23.647+0000] {dagbag.py:545} INFO - Filling up the DagBag from /opt/airflow/dags/main.py
[2026-09-05T06:40:23.809+0000] {logging_mixin.py:188} INFO - channel id is not executed
[2026-09-05T06:40:23.925+0000] {processor.py:840} INFO - DAG(s) 'update_db', 'produce_json' retrieved from /opt/airflow/dags/main.py
[2026-09-05T06:40:24.155+0000] {logging_mixin.py:188} INFO - [2026-09-05T06:40:24.154+0000] {dag.py:3096} INFO - Sync 2 DAGs
[2026-09-05T06:40:24.192+0000] {logging_mixin.py:188} INFO - [2026-09-05T06:40:24.192+0000] {dag.py:3954} INFO - Setting next_dagrun for produce_json to 2026-09-05 14:00:00+00:00, run_after=2026-09-06 14:00:00+00:00
[2026-09-05T06:40:24.219+0000] {logging_mixin.py:188} INFO - [2026-09-05T06:40:24.219+0000] {dag.py:3954} INFO - Setting next_dagrun for update_db to 2026-09-05 15:00:00+00:00, run_after=2026-09-06 15:00:00+00:00
[2026-09-05T06:40:24.328+0000] {processor.py:183} INFO - Processing /opt/airflow/dags/main.py took 0.704 seconds
[2026-09-05T06:40:58.173+0000] {processor.py:161} INFO - Started process (PID=259) to work on /opt/airflow/dags/main.py
[2026-09-05T06:40:58.176+0000] {processor.py:830} INFO - Processing file /opt/airflow/dags/main.py for tasks to queue
[2026-09-05T06:40:58.188+0000] {logging_mixin.py:188} INFO - [2026-09-05T06:40:58.187+0000] {dagbag.py:545} INFO - Filling up the DagBag from /opt/airflow/dags/main.py
[2026-09-05T06:40:58.369+0000] {logging_mixin.py:188} INFO - channel id is not executed
[2026-09-05T06:40:58.611+0000] {processor.py:840} INFO - DAG(s) 'update_db', 'produce_json' retrieved from /opt/airflow/dags/main.py
[2026-09-05T06:40:59.719+0000] {logging_mixin.py:188} INFO - [2026-09-05T06:40:59.719+0000] {dag.py:3096} INFO - Sync 2 DAGs
[2026-09-05T06:40:59.872+0000] {logging_mixin.py:188} INFO - [2026-09-05T06:40:59.871+0000] {dag.py:3954} INFO - Setting next_dagrun for produce_json to 2026-09-05 14:00:00+00:00, run_after=2026-09-06 14:00:00+00:00
[2026-09-05T06:40:59.891+0000] {logging_mixin.py:188} INFO - [2026-09-05T06:40:59.890+0000] {dag.py:3954} INFO - Setting next_dagrun for update_db to 2026-09-05 15:00:00+00:00, run_after=2026-09-06 15:00:00+00:00
[2026-09-05T06:41:00.031+0000] {processor.py:183} INFO - Processing /opt/airflow/dags/main.py took 1.878 seconds
[2026-09-05T06:41:31.429+0000] {processor.py:161} INFO - Started process (PID=267) to work on /opt/airflow/dags/main.py
[2026-09-05T06:41:31.442+0000] {processor.py:830} INFO - Processing file /opt/airflow/dags/main.py for tasks to queue
[2026-09-05T06:41:31.459+0000] {logging_mixin.py:188} INFO - [2026-09-05T06:41:31.458+0000] {dagbag.py:545} INFO - Filling up the DagBag from /opt/airflow/dags/main.py
[2026-09-05T06:41:31.941+0000] {logging_mixin.py:188} INFO - channel id is not executed
[2026-09-05T06:41:32.151+0000] {processor.py:840} INFO - DAG(s) 'produce_json', 'update_db' retrieved from /opt/airflow/dags/main.py
[2026-09-05T06:41:32.380+0000] {logging_mixin.py:188} INFO - [2026-09-05T06:41:32.379+0000] {dag.py:3096} INFO - Sync 2 DAGs
[2026-09-05T06:41:32.446+0000] {logging_mixin.py:188} INFO - [2026-09-05T06:41:32.446+0000] {dag.py:3954} INFO - Setting next_dagrun for produce_json to 2026-09-05 14:00:00+00:00, run_after=2026-09-06 14:00:00+00:00
[2026-09-05T06:41:32.496+0000] {logging_mixin.py:188} INFO - [2026-09-05T06:41:32.495+0000] {dag.py:3954} INFO - Setting next_dagrun for update_db to 2026-09-05 15:00:00+00:00, run_after=2026-09-06 15:00:00+00:00
[2026-09-05T06:41:32.575+0000] {processor.py:183} INFO - Processing /opt/airflow/dags/main.py took 1.166 seconds
[2026-09-05T06:42:03.156+0000] {processor.py:161} INFO - Started process (PID=274) to work on /opt/airflow/dags/main.py
[2026-09-05T06:42:03.159+0000] {processor.py:830} INFO - Processing file /opt/airflow/dags/main.py for tasks to queue
[2026-09-05T06:42:03.165+0000] {logging_mixin.py:188} INFO - [2026-09-05T06:42:03.164+0000] {dagbag.py:545} INFO - Filling up the DagBag from /opt/airflow/dags/main.py
[2026-09-05T06:42:03.241+0000] {logging_mixin.py:188} INFO - channel id is not executed
[2026-09-05T06:42:03.340+0000] {processor.py:840} INFO - DAG(s) 'produce_json', 'update_db' retrieved from /opt/airflow/dags/main.py
[2026-09-05T06:42:03.634+0000] {logging_mixin.py:188} INFO - [2026-09-05T06:42:03.634+0000] {dag.py:3096} INFO - Sync 2 DAGs
[2026-09-05T06:42:03.785+0000] {logging_mixin.py:188} INFO - [2026-09-05T06:42:03.785+0000] {dag.py:3954} INFO - Setting next_dagrun for produce_json to 2026-09-05 14:00:00+00:00, run_after=2026-09-06 14:00:00+00:00
[2026-09-05T06:42:03.850+0000] {logging_mixin.py:188} INFO - [2026-09-05T06:42:03.849+0000] {dag.py:3954} INFO - Setting next_dagrun for update_db to 2026-09-05 15:00:00+00:00, run_after=2026-09-06 15:00:00+00:00
[2026-09-05T06:42:03.910+0000] {processor.py:183} INFO - Processing /opt/airflow/dags/main.py took 0.764 seconds
[2026-09-05T06:42:34.115+0000] {processor.py:161} INFO - Started process (PID=287) to work on /opt/airflow/dags/main.py
[2026-09-05T06:42:34.121+0000] {processor.py:830} INFO - Processing file /opt/airflow/dags/main.py for tasks to queue
[2026-09-05T06:42:34.129+0000] {logging_mixin.py:188} INFO - [2026-09-05T06:42:34.129+0000] {dagbag.py:545} INFO - Filling up the DagBag from /opt/airflow/dags/main.py
[2026-09-05T06:42:34.532+0000] {logging_mixin.py:188} INFO - channel id is not executed
[2026-09-05T06:42:34.803+0000] {processor.py:840} INFO - DAG(s) 'update_db', 'produce_json' retrieved from /opt/airflow/dags/main.py
[2026-09-05T06:42:35.183+0000] {logging_mixin.py:188} INFO - [2026-09-05T06:42:35.182+0000] {dag.py:3096} INFO - Sync 2 DAGs
[2026-09-05T06:42:35.253+0000] {logging_mixin.py:188} INFO - [2026-09-05T06:42:35.252+0000] {dag.py:3954} INFO - Setting next_dagrun for produce_json to 2026-09-05 14:00:00+00:00, run_after=2026-09-06 14:00:00+00:00
[2026-09-05T06:42:35.264+0000] {logging_mixin.py:188} INFO - [2026-09-05T06:42:35.264+0000] {dag.py:3954} INFO - Setting next_dagrun for update_db to 2026-09-05 15:00:00+00:00, run_after=2026-09-06 15:00:00+00:00
[2026-09-05T06:42:35.328+0000] {processor.py:183} INFO - Processing /opt/airflow/dags/main.py took 1.230 seconds
[2026-09-05T06:43:05.532+0000] {processor.py:161} INFO - Started process (PID=293) to work on /opt/airflow/dags/main.py
[2026-09-05T06:43:05.534+0000] {processor.py:830} INFO - Processing file /opt/airflow/dags/main.py for tasks to queue
[2026-09-05T06:43:05.539+0000] {logging_mixin.py:188} INFO - [2026-09-05T06:43:05.538+0000] {dagbag.py:545} INFO - Filling up the DagBag from /opt/airflow/dags/main.py
[2026-09-05T06:43:06.109+0000] {logging_mixin.py:188} INFO - channel id is not executed
[2026-09-05T06:43:06.238+0000] {processor.py:840} INFO - DAG(s) 'produce_json', 'update_db' retrieved from /opt/airflow/dags/main.py
[2026-09-05T06:43:06.577+0000] {logging_mixin.py:188} INFO - [2026-09-05T06:43:06.576+0000] {dag.py:3096} INFO - Sync 2 DAGs
[2026-09-05T06:43:06.616+0000] {logging_mixin.py:188} INFO - [2026-09-05T06:43:06.615+0000] {dag.py:3954} INFO - Setting next_dagrun for produce_json to 2026-09-05 14:00:00+00:00, run_after=2026-09-06 14:00:00+00:00
[2026-09-05T06:43:06.627+0000] {logging_mixin.py:188} INFO - [2026-09-05T06:43:06.627+0000] {dag.py:3954} INFO - Setting next_dagrun for update_db to 2026-09-05 15:00:00+00:00, run_after=2026-09-06 15:00:00+00:00
[2026-09-05T06:43:06.663+0000] {processor.py:183} INFO - Processing /opt/airflow/dags/main.py took 1.141 seconds
[2026-09-05T06:43:37.070+0000] {processor.py:161} INFO - Started process (PID=300) to work on /opt/airflow/dags/main.py
[2026-09-05T06:43:37.087+0000] {processor.py:830} INFO - Processing file /opt/airflow/dags/main.py for tasks to queue
[2026-09-05T06:43:37.137+0000] {logging_mixin.py:188} INFO - [2026-09-05T06:43:37.135+0000] {dagbag.py:545} INFO - Filling up the DagBag from /opt/airflow/dags/main.py
[2026-09-05T06:43:37.962+0000] {logging_mixin.py:188} INFO - channel id is not executed
[2026-09-05T06:43:38.444+0000] {processor.py:840} INFO - DAG(s) 'update_db', 'produce_json' retrieved from /opt/airflow/dags/main.py
[2026-09-05T06:43:39.139+0000] {logging_mixin.py:188} INFO - [2026-09-05T06:43:39.139+0000] {dag.py:3096} INFO - Sync 2 DAGs
[2026-09-05T06:43:39.255+0000] {logging_mixin.py:188} INFO - [2026-09-05T06:43:39.255+0000] {dag.py:3954} INFO - Setting next_dagrun for produce_json to 2026-09-05 14:00:00+00:00, run_after=2026-09-06 14:00:00+00:00
[2026-09-05T06:43:39.281+0000] {logging_mixin.py:188} INFO - [2026-09-05T06:43:39.280+0000] {dag.py:3954} INFO - Setting next_dagrun for update_db to 2026-09-05 15:00:00+00:00, run_after=2026-09-06 15:00:00+00:00
[2026-09-05T06:43:39.411+0000] {processor.py:183} INFO - Processing /opt/airflow/dags/main.py took 2.360 seconds
[2026-09-05T06:44:09.883+0000] {processor.py:161} INFO - Started process (PID=307) to work on /opt/airflow/dags/main.py
[2026-09-05T06:44:09.886+0000] {processor.py:830} INFO - Processing file /opt/airflow/dags/main.py for tasks to queue
[2026-09-05T06:44:09.896+0000] {logging_mixin.py:188} INFO - [2026-09-05T06:44:09.895+0000] {dagbag.py:545} INFO - Filling up the DagBag from /opt/airflow/dags/main.py
[2026-09-05T06:44:09.986+0000] {logging_mixin.py:188} INFO - channel id is not executed
[2026-09-05T06:44:10.240+0000] {processor.py:840} INFO - DAG(s) 'produce_json', 'update_db' retrieved from /opt/airflow/dags/main.py
[2026-09-05T06:44:10.505+0000] {logging_mixin.py:188} INFO - [2026-09-05T06:44:10.504+0000] {dag.py:3096} INFO - Sync 2 DAGs
[2026-09-05T06:44:10.580+0000] {logging_mixin.py:188} INFO - [2026-09-05T06:44:10.579+0000] {dag.py:3954} INFO - Setting next_dagrun for produce_json to 2026-09-05 14:00:00+00:00, run_after=2026-09-06 14:00:00+00:00
[2026-09-05T06:44:10.596+0000] {logging_mixin.py:188} INFO - [2026-09-05T06:44:10.596+0000] {dag.py:3954} INFO - Setting next_dagrun for update_db to 2026-09-05 15:00:00+00:00, run_after=2026-09-06 15:00:00+00:00
[2026-09-05T06:44:10.658+0000] {processor.py:183} INFO - Processing /opt/airflow/dags/main.py took 0.792 seconds
[2026-09-05T06:44:41.363+0000] {processor.py:161} INFO - Started process (PID=314) to work on /opt/airflow/dags/main.py
[2026-09-05T06:44:41.366+0000] {processor.py:830} INFO - Processing file /opt/airflow/dags/main.py for tasks to queue
[2026-09-05T06:44:41.371+0000] {logging_mixin.py:188} INFO - [2026-09-05T06:44:41.370+0000] {dagbag.py:545} INFO - Filling up the DagBag from /opt/airflow/dags/main.py
[2026-09-05T06:44:41.477+0000] {logging_mixin.py:188} INFO - channel id is not executed
[2026-09-05T06:44:41.615+0000] {processor.py:840} INFO - DAG(s) 'produce_json', 'update_db' retrieved from /opt/airflow/dags/main.py
[2026-09-05T06:44:41.915+0000] {logging_mixin.py:188} INFO - [2026-09-05T06:44:41.913+0000] {dag.py:3096} INFO - Sync 2 DAGs
[2026-09-05T06:44:41.975+0000] {logging_mixin.py:188} INFO - [2026-09-05T06:44:41.974+0000] {dag.py:3954} INFO - Setting next_dagrun for produce_json to 2026-09-05 14:00:00+00:00, run_after=2026-09-06 14:00:00+00:00
[2026-09-05T06:44:41.984+0000] {logging_mixin.py:188} INFO - [2026-09-05T06:44:41.983+0000] {dag.py:3954} INFO - Setting next_dagrun for update_db to 2026-09-05 15:00:00+00:00, run_after=2026-09-06 15:00:00+00:00
[2026-09-05T06:44:42.019+0000] {processor.py:183} INFO - Processing /opt/airflow/dags/main.py took 0.666 seconds
[2026-09-05T06:47:10.919+0000] {processor.py:161} INFO - Started process (PID=65) to work on /opt/airflow/dags/main.py
[2026-09-05T06:47:10.941+0000] {processor.py:830} INFO - Processing file /opt/airflow/dags/main.py for tasks to queue
[2026-09-05T06:47:10.975+0000] {logging_mixin.py:188} INFO - [2026-09-05T06:47:10.966+0000] {dagbag.py:545} INFO - Filling up the DagBag from /opt/airflow/dags/main.py
[2026-09-05T06:47:11.778+0000] {logging_mixin.py:188} INFO - channel id is not executed
[2026-09-05T06:47:14.251+0000] {processor.py:840} INFO - DAG(s) 'update_db', 'produce_json' retrieved from /opt/airflow/dags/main.py
[2026-09-05T06:47:20.988+0000] {logging_mixin.py:188} INFO - [2026-09-05T06:47:20.987+0000] {dag.py:3096} INFO - Sync 2 DAGs
[2026-09-05T06:47:23.249+0000] {logging_mixin.py:188} INFO - [2026-09-05T06:47:23.248+0000] {dag.py:3954} INFO - Setting next_dagrun for produce_json to 2026-09-05 14:00:00+00:00, run_after=2026-09-06 14:00:00+00:00
[2026-09-05T06:47:23.401+0000] {logging_mixin.py:188} INFO - [2026-09-05T06:47:23.400+0000] {dag.py:3954} INFO - Setting next_dagrun for update_db to 2026-09-05 15:00:00+00:00, run_after=2026-09-06 15:00:00+00:00
[2026-09-05T06:47:23.699+0000] {processor.py:183} INFO - Processing /opt/airflow/dags/main.py took 13.053 seconds
[2026-09-05T06:47:56.019+0000] {processor.py:161} INFO - Started process (PID=72) to work on /opt/airflow/dags/main.py
[2026-09-05T06:47:56.073+0000] {processor.py:830} INFO - Processing file /opt/airflow/dags/main.py for tasks to queue
[2026-09-05T06:47:56.181+0000] {logging_mixin.py:188} INFO - [2026-09-05T06:47:56.176+0000] {dagbag.py:545} INFO - Filling up the DagBag from /opt/airflow/dags/main.py
[2026-09-05T06:47:58.538+0000] {logging_mixin.py:188} INFO - channel id is not executed
[2026-09-05T06:47:59.544+0000] {processor.py:840} INFO - DAG(s) 'produce_json', 'update_db' retrieved from /opt/airflow/dags/main.py
[2026-09-05T06:48:05.205+0000] {logging_mixin.py:188} INFO - [2026-09-05T06:48:05.205+0000] {dag.py:3096} INFO - Sync 2 DAGs
[2026-09-05T06:48:07.339+0000] {logging_mixin.py:188} INFO - [2026-09-05T06:48:07.339+0000] {dag.py:3954} INFO - Setting next_dagrun for produce_json to 2026-09-05 14:00:00+00:00, run_after=2026-09-06 14:00:00+00:00
[2026-09-05T06:48:07.654+0000] {logging_mixin.py:188} INFO - [2026-09-05T06:48:07.654+0000] {dag.py:3954} INFO - Setting next_dagrun for update_db to 2026-09-05 15:00:00+00:00, run_after=2026-09-06 15:00:00+00:00
[2026-09-05T06:48:08.744+0000] {processor.py:183} INFO - Processing /opt/airflow/dags/main.py took 13.575 seconds
[2026-09-05T06:48:40.449+0000] {processor.py:161} INFO - Started process (PID=79) to work on /opt/airflow/dags/main.py
[2026-09-05T06:48:40.514+0000] {processor.py:830} INFO - Processing file /opt/airflow/dags/main.py for tasks to queue
[2026-09-05T06:48:40.570+0000] {logging_mixin.py:188} INFO - [2026-09-05T06:48:40.569+0000] {dagbag.py:545} INFO - Filling up the DagBag from /opt/airflow/dags/main.py
[2026-09-05T06:48:43.726+0000] {logging_mixin.py:188} INFO - channel id is not executed
[2026-09-05T06:48:45.269+0000] {processor.py:840} INFO - DAG(s) 'produce_json', 'update_db' retrieved from /opt/airflow/dags/main.py
[2026-09-05T06:48:49.672+0000] {logging_mixin.py:188} INFO - [2026-09-05T06:48:49.671+0000] {dag.py:3096} INFO - Sync 2 DAGs
[2026-09-05T06:48:50.007+0000] {logging_mixin.py:188} INFO - [2026-09-05T06:48:50.005+0000] {dag.py:3954} INFO - Setting next_dagrun for produce_json to 2026-09-05 14:00:00+00:00, run_after=2026-09-06 14:00:00+00:00
[2026-09-05T06:48:50.141+0000] {logging_mixin.py:188} INFO - [2026-09-05T06:48:50.141+0000] {dag.py:3954} INFO - Setting next_dagrun for update_db to 2026-09-05 15:00:00+00:00, run_after=2026-09-06 15:00:00+00:00
[2026-09-05T06:48:51.507+0000] {processor.py:183} INFO - Processing /opt/airflow/dags/main.py took 11.263 seconds
[2026-09-05T06:49:24.464+0000] {processor.py:161} INFO - Started process (PID=93) to work on /opt/airflow/dags/main.py
[2026-09-05T06:49:24.484+0000] {processor.py:830} INFO - Processing file /opt/airflow/dags/main.py for tasks to queue
[2026-09-05T06:49:24.779+0000] {logging_mixin.py:188} INFO - [2026-09-05T06:49:24.774+0000] {dagbag.py:545} INFO - Filling up the DagBag from /opt/airflow/dags/main.py
[2026-09-05T06:49:26.096+0000] {logging_mixin.py:188} INFO - channel id is not executed
[2026-09-05T06:49:26.637+0000] {processor.py:840} INFO - DAG(s) 'update_db', 'produce_json' retrieved from /opt/airflow/dags/main.py
[2026-09-05T06:49:29.461+0000] {logging_mixin.py:188} INFO - [2026-09-05T06:49:29.460+0000] {dag.py:3096} INFO - Sync 2 DAGs
[2026-09-05T06:49:31.234+0000] {logging_mixin.py:188} INFO - [2026-09-05T06:49:31.233+0000] {dag.py:3954} INFO - Setting next_dagrun for produce_json to 2026-09-05 14:00:00+00:00, run_after=2026-09-06 14:00:00+00:00
[2026-09-05T06:49:31.323+0000] {logging_mixin.py:188} INFO - [2026-09-05T06:49:31.322+0000] {dag.py:3954} INFO - Setting next_dagrun for update_db to 2026-09-05 15:00:00+00:00, run_after=2026-09-06 15:00:00+00:00
[2026-09-05T06:49:32.604+0000] {processor.py:183} INFO - Processing /opt/airflow/dags/main.py took 9.491 seconds
[2026-09-05T06:50:03.392+0000] {processor.py:161} INFO - Started process (PID=100) to work on /opt/airflow/dags/main.py
[2026-09-05T06:50:03.497+0000] {processor.py:830} INFO - Processing file /opt/airflow/dags/main.py for tasks to queue
[2026-09-05T06:50:03.725+0000] {logging_mixin.py:188} INFO - [2026-09-05T06:50:03.724+0000] {dagbag.py:545} INFO - Filling up the DagBag from /opt/airflow/dags/main.py
[2026-09-05T06:50:04.464+0000] {logging_mixin.py:188} INFO - channel id is not executed
[2026-09-05T06:50:04.694+0000] {processor.py:840} INFO - DAG(s) 'update_db', 'produce_json' retrieved from /opt/airflow/dags/main.py
[2026-09-05T06:50:05.056+0000] {logging_mixin.py:188} INFO - [2026-09-05T06:50:05.055+0000] {dag.py:3096} INFO - Sync 2 DAGs
[2026-09-05T06:50:05.154+0000] {logging_mixin.py:188} INFO - [2026-09-05T06:50:05.153+0000] {dag.py:3954} INFO - Setting next_dagrun for produce_json to 2026-09-05 14:00:00+00:00, run_after=2026-09-06 14:00:00+00:00
[2026-09-05T06:50:05.164+0000] {logging_mixin.py:188} INFO - [2026-09-05T06:50:05.164+0000] {dag.py:3954} INFO - Setting next_dagrun for update_db to 2026-09-05 15:00:00+00:00, run_after=2026-09-06 15:00:00+00:00
[2026-09-05T06:50:05.235+0000] {processor.py:183} INFO - Processing /opt/airflow/dags/main.py took 1.962 seconds
[2026-09-05T06:50:35.348+0000] {processor.py:161} INFO - Started process (PID=107) to work on /opt/airflow/dags/main.py
[2026-09-05T06:50:35.351+0000] {processor.py:830} INFO - Processing file /opt/airflow/dags/main.py for tasks to queue
[2026-09-05T06:50:35.354+0000] {logging_mixin.py:188} INFO - [2026-09-05T06:50:35.354+0000] {dagbag.py:545} INFO - Filling up the DagBag from /opt/airflow/dags/main.py
[2026-09-05T06:50:35.446+0000] {logging_mixin.py:188} INFO - channel id is not executed
[2026-09-05T06:50:35.552+0000] {processor.py:840} INFO - DAG(s) 'produce_json', 'update_db' retrieved from /opt/airflow/dags/main.py
[2026-09-05T06:50:35.803+0000] {logging_mixin.py:188} INFO - [2026-09-05T06:50:35.801+0000] {dag.py:3096} INFO - Sync 2 DAGs
[2026-09-05T06:50:35.857+0000] {logging_mixin.py:188} INFO - [2026-09-05T06:50:35.856+0000] {dag.py:3954} INFO - Setting next_dagrun for produce_json to 2026-09-05 14:00:00+00:00, run_after=2026-09-06 14:00:00+00:00
[2026-09-05T06:50:35.870+0000] {logging_mixin.py:188} INFO - [2026-09-05T06:50:35.870+0000] {dag.py:3954} INFO - Setting next_dagrun for update_db to 2026-09-05 15:00:00+00:00, run_after=2026-09-06 15:00:00+00:00
[2026-09-05T06:50:35.914+0000] {processor.py:183} INFO - Processing /opt/airflow/dags/main.py took 0.578 seconds
[2026-09-05T06:51:07.762+0000] {processor.py:161} INFO - Started process (PID=113) to work on /opt/airflow/dags/main.py
[2026-09-05T06:51:07.804+0000] {processor.py:830} INFO - Processing file /opt/airflow/dags/main.py for tasks to queue
[2026-09-05T06:51:07.903+0000] {logging_mixin.py:188} INFO - [2026-09-05T06:51:07.903+0000] {dagbag.py:545} INFO - Filling up the DagBag from /opt/airflow/dags/main.py
[2026-09-05T06:51:09.431+0000] {logging_mixin.py:188} INFO - channel id is not executed
[2026-09-05T06:51:11.130+0000] {processor.py:840} INFO - DAG(s) 'produce_json', 'update_db' retrieved from /opt/airflow/dags/main.py
[2026-09-05T06:51:14.244+0000] {logging_mixin.py:188} INFO - [2026-09-05T06:51:14.243+0000] {dag.py:3096} INFO - Sync 2 DAGs
[2026-09-05T06:51:14.548+0000] {logging_mixin.py:188} INFO - [2026-09-05T06:51:14.547+0000] {dag.py:3954} INFO - Setting next_dagrun for produce_json to 2026-09-05 14:00:00+00:00, run_after=2026-09-06 14:00:00+00:00
[2026-09-05T06:51:14.587+0000] {logging_mixin.py:188} INFO - [2026-09-05T06:51:14.587+0000] {dag.py:3954} INFO - Setting next_dagrun for update_db to 2026-09-05 15:00:00+00:00, run_after=2026-09-06 15:00:00+00:00
[2026-09-05T06:51:14.861+0000] {processor.py:183} INFO - Processing /opt/airflow/dags/main.py took 7.428 seconds
[2026-09-05T06:51:46.122+0000] {processor.py:161} INFO - Started process (PID=120) to work on /opt/airflow/dags/main.py
[2026-09-05T06:51:46.124+0000] {processor.py:830} INFO - Processing file /opt/airflow/dags/main.py for tasks to queue
[2026-09-05T06:51:46.129+0000] {logging_mixin.py:188} INFO - [2026-09-05T06:51:46.128+0000] {dagbag.py:545} INFO - Filling up the DagBag from /opt/airflow/dags/main.py
[2026-09-05T06:51:46.198+0000] {logging_mixin.py:188} INFO - channel id is not executed
[2026-09-05T06:51:46.308+0000] {processor.py:840} INFO - DAG(s) 'produce_json', 'update_db' retrieved from /opt/airflow/dags/main.py
[2026-09-05T06:51:46.720+0000] {logging_mixin.py:188} INFO - [2026-09-05T06:51:46.720+0000] {dag.py:3096} INFO - Sync 2 DAGs
[2026-09-05T06:51:46.809+0000] {logging_mixin.py:188} INFO - [2026-09-05T06:51:46.808+0000] {dag.py:3954} INFO - Setting next_dagrun for produce_json to 2026-09-05 14:00:00+00:00, run_after=2026-09-06 14:00:00+00:00
[2026-09-05T06:51:46.822+0000] {logging_mixin.py:188} INFO - [2026-09-05T06:51:46.821+0000] {dag.py:3954} INFO - Setting next_dagrun for update_db to 2026-09-05 15:00:00+00:00, run_after=2026-09-06 15:00:00+00:00
[2026-09-05T06:51:46.865+0000] {processor.py:183} INFO - Processing /opt/airflow/dags/main.py took 0.751 seconds
[2026-09-05T06:52:17.071+0000] {processor.py:161} INFO - Started process (PID=127) to work on /opt/airflow/dags/main.py
[2026-09-05T06:52:17.077+0000] {processor.py:830} INFO - Processing file /opt/airflow/dags/main.py for tasks to queue
[2026-09-05T06:52:17.103+0000] {logging_mixin.py:188} INFO - [2026-09-05T06:52:17.101+0000] {dagbag.py:545} INFO - Filling up the DagBag from /opt/airflow/dags/main.py
[2026-09-05T06:52:17.303+0000] {logging_mixin.py:188} INFO - channel id is not executed
[2026-09-05T06:52:17.555+0000] {processor.py:840} INFO - DAG(s) 'update_db', 'produce_json' retrieved from /opt/airflow/dags/main.py
[2026-09-05T06:52:17.848+0000] {logging_mixin.py:188} INFO - [2026-09-05T06:52:17.848+0000] {dag.py:3096} INFO - Sync 2 DAGs
[2026-09-05T06:52:17.976+0000] {logging_mixin.py:188} INFO - [2026-09-05T06:52:17.976+0000] {dag.py:3954} INFO - Setting next_dagrun for produce_json to 2026-09-05 14:00:00+00:00, run_after=2026-09-06 14:00:00+00:00
[2026-09-05T06:52:17.995+0000] {logging_mixin.py:188} INFO - [2026-09-05T06:52:17.995+0000] {dag.py:3954} INFO - Setting next_dagrun for update_db to 2026-09-05 15:00:00+00:00, run_after=2026-09-06 15:00:00+00:00
[2026-09-05T06:52:18.073+0000] {processor.py:183} INFO - Processing /opt/airflow/dags/main.py took 1.039 seconds
[2026-09-05T06:52:48.150+0000] {processor.py:161} INFO - Started process (PID=133) to work on /opt/airflow/dags/main.py
[2026-09-05T06:52:48.152+0000] {processor.py:830} INFO - Processing file /opt/airflow/dags/main.py for tasks to queue
[2026-09-05T06:52:48.158+0000] {logging_mixin.py:188} INFO - [2026-09-05T06:52:48.157+0000] {dagbag.py:545} INFO - Filling up the DagBag from /opt/airflow/dags/main.py
[2026-09-05T06:52:48.232+0000] {logging_mixin.py:188} INFO - channel id is not executed
[2026-09-05T06:52:48.329+0000] {processor.py:840} INFO - DAG(s) 'produce_json', 'update_db' retrieved from /opt/airflow/dags/main.py
[2026-09-05T06:52:49.070+0000] {logging_mixin.py:188} INFO - [2026-09-05T06:52:49.070+0000] {dag.py:3096} INFO - Sync 2 DAGs
[2026-09-05T06:52:49.113+0000] {logging_mixin.py:188} INFO - [2026-09-05T06:52:49.112+0000] {dag.py:3954} INFO - Setting next_dagrun for produce_json to 2026-09-05 14:00:00+00:00, run_after=2026-09-06 14:00:00+00:00
[2026-09-05T06:52:49.122+0000] {logging_mixin.py:188} INFO - [2026-09-05T06:52:49.121+0000] {dag.py:3954} INFO - Setting next_dagrun for update_db to 2026-09-05 15:00:00+00:00, run_after=2026-09-06 15:00:00+00:00
[2026-09-05T06:52:49.179+0000] {processor.py:183} INFO - Processing /opt/airflow/dags/main.py took 1.039 seconds
[2026-09-05T06:53:20.142+0000] {processor.py:161} INFO - Started process (PID=139) to work on /opt/airflow/dags/main.py
[2026-09-05T06:53:20.148+0000] {processor.py:830} INFO - Processing file /opt/airflow/dags/main.py for tasks to queue
[2026-09-05T06:53:20.173+0000] {logging_mixin.py:188} INFO - [2026-09-05T06:53:20.153+0000] {dagbag.py:545} INFO - Filling up the DagBag from /opt/airflow/dags/main.py
[2026-09-05T06:53:20.706+0000] {logging_mixin.py:188} INFO - channel id is not executed
[2026-09-05T06:53:20.825+0000] {processor.py:840} INFO - DAG(s) 'produce_json', 'update_db' retrieved from /opt/airflow/dags/main.py
[2026-09-05T06:53:21.560+0000] {logging_mixin.py:188} INFO - [2026-09-05T06:53:21.559+0000] {dag.py:3096} INFO - Sync 2 DAGs
[2026-09-05T06:53:21.650+0000] {logging_mixin.py:188} INFO - [2026-09-05T06:53:21.649+0000] {dag.py:3954} INFO - Setting next_dagrun for produce_json to 2026-09-05 14:00:00+00:00, run_after=2026-09-06 14:00:00+00:00
[2026-09-05T06:53:21.659+0000] {logging_mixin.py:188} INFO - [2026-09-05T06:53:21.658+0000] {dag.py:3954} INFO - Setting next_dagrun for update_db to 2026-09-05 15:00:00+00:00, run_after=2026-09-06 15:00:00+00:00
[2026-09-05T06:53:21.718+0000] {processor.py:183} INFO - Processing /opt/airflow/dags/main.py took 1.585 seconds
[2026-09-05T06:53:52.622+0000] {processor.py:161} INFO - Started process (PID=146) to work on /opt/airflow/dags/main.py
[2026-09-05T06:53:52.624+0000] {processor.py:830} INFO - Processing file /opt/airflow/dags/main.py for tasks to queue
[2026-09-05T06:53:52.637+0000] {logging_mixin.py:188} INFO - [2026-09-05T06:53:52.637+0000] {dagbag.py:545} INFO - Filling up the DagBag from /opt/airflow/dags/main.py
[2026-09-05T06:53:52.756+0000] {logging_mixin.py:188} INFO - channel id is not executed
[2026-09-05T06:53:52.872+0000] {processor.py:840} INFO - DAG(s) 'produce_json', 'update_db' retrieved from /opt/airflow/dags/main.py
[2026-09-05T06:53:53.299+0000] {logging_mixin.py:188} INFO - [2026-09-05T06:53:53.299+0000] {dag.py:3096} INFO - Sync 2 DAGs
[2026-09-05T06:53:53.362+0000] {logging_mixin.py:188} INFO - [2026-09-05T06:53:53.361+0000] {dag.py:3954} INFO - Setting next_dagrun for produce_json to 2026-09-05 14:00:00+00:00, run_after=2026-09-06 14:00:00+00:00
[2026-09-05T06:53:53.371+0000] {logging_mixin.py:188} INFO - [2026-09-05T06:53:53.371+0000] {dag.py:3954} INFO - Setting next_dagrun for update_db to 2026-09-05 15:00:00+00:00, run_after=2026-09-06 15:00:00+00:00
[2026-09-05T06:53:53.428+0000] {processor.py:183} INFO - Processing /opt/airflow/dags/main.py took 0.816 seconds
[2026-09-05T06:54:24.375+0000] {processor.py:161} INFO - Started process (PID=154) to work on /opt/airflow/dags/main.py
[2026-09-05T06:54:24.381+0000] {processor.py:830} INFO - Processing file /opt/airflow/dags/main.py for tasks to queue
[2026-09-05T06:54:24.391+0000] {logging_mixin.py:188} INFO - [2026-09-05T06:54:24.390+0000] {dagbag.py:545} INFO - Filling up the DagBag from /opt/airflow/dags/main.py
[2026-09-05T06:54:24.513+0000] {logging_mixin.py:188} INFO - channel id is not executed
[2026-09-05T06:54:24.654+0000] {processor.py:840} INFO - DAG(s) 'produce_json', 'update_db' retrieved from /opt/airflow/dags/main.py
[2026-09-05T06:54:24.985+0000] {logging_mixin.py:188} INFO - [2026-09-05T06:54:24.985+0000] {dag.py:3096} INFO - Sync 2 DAGs
[2026-09-05T06:54:25.060+0000] {logging_mixin.py:188} INFO - [2026-09-05T06:54:25.060+0000] {dag.py:3954} INFO - Setting next_dagrun for produce_json to 2026-09-05 14:00:00+00:00, run_after=2026-09-06 14:00:00+00:00
[2026-09-05T06:54:25.079+0000] {logging_mixin.py:188} INFO - [2026-09-05T06:54:25.079+0000] {dag.py:3954} INFO - Setting next_dagrun for update_db to 2026-09-05 15:00:00+00:00, run_after=2026-09-06 15:00:00+00:00
[2026-09-05T06:54:25.146+0000] {processor.py:183} INFO - Processing /opt/airflow/dags/main.py took 0.794 seconds
[2026-09-05T06:54:56.168+0000] {processor.py:161} INFO - Started process (PID=161) to work on /opt/airflow/dags/main.py
[2026-09-05T06:54:56.170+0000] {processor.py:830} INFO - Processing file /opt/airflow/dags/main.py for tasks to queue
[2026-09-05T06:54:56.174+0000] {logging_mixin.py:188} INFO - [2026-09-05T06:54:56.174+0000] {dagbag.py:545} INFO - Filling up the DagBag from /opt/airflow/dags/main.py
[2026-09-05T06:54:57.172+0000] {logging_mixin.py:188} INFO - channel id is not executed
[2026-09-05T06:54:57.353+0000] {processor.py:840} INFO - DAG(s) 'update_db', 'produce_json' retrieved from /opt/airflow/dags/main.py
[2026-09-05T06:54:59.896+0000] {logging_mixin.py:188} INFO - [2026-09-05T06:54:59.896+0000] {dag.py:3096} INFO - Sync 2 DAGs
[2026-09-05T06:54:59.963+0000] {logging_mixin.py:188} INFO - [2026-09-05T06:54:59.963+0000] {dag.py:3954} INFO - Setting next_dagrun for produce_json to 2026-09-05 14:00:00+00:00, run_after=2026-09-06 14:00:00+00:00
[2026-09-05T06:54:59.982+0000] {logging_mixin.py:188} INFO - [2026-09-05T06:54:59.981+0000] {dag.py:3954} INFO - Setting next_dagrun for update_db to 2026-09-05 15:00:00+00:00, run_after=2026-09-06 15:00:00+00:00
[2026-09-05T06:55:00.071+0000] {processor.py:183} INFO - Processing /opt/airflow/dags/main.py took 3.912 seconds
[2026-09-05T06:55:30.705+0000] {processor.py:161} INFO - Started process (PID=176) to work on /opt/airflow/dags/main.py
[2026-09-05T06:55:30.707+0000] {processor.py:830} INFO - Processing file /opt/airflow/dags/main.py for tasks to queue
[2026-09-05T06:55:30.711+0000] {logging_mixin.py:188} INFO - [2026-09-05T06:55:30.711+0000] {dagbag.py:545} INFO - Filling up the DagBag from /opt/airflow/dags/main.py
[2026-09-05T06:55:30.779+0000] {logging_mixin.py:188} INFO - channel id is not executed
[2026-09-05T06:55:30.882+0000] {processor.py:840} INFO - DAG(s) 'update_db', 'produce_json' retrieved from /opt/airflow/dags/main.py
[2026-09-05T06:55:31.222+0000] {logging_mixin.py:188} INFO - [2026-09-05T06:55:31.221+0000] {dag.py:3096} INFO - Sync 2 DAGs
[2026-09-05T06:55:31.299+0000] {logging_mixin.py:188} INFO - [2026-09-05T06:55:31.298+0000] {dag.py:3954} INFO - Setting next_dagrun for produce_json to 2026-09-05 14:00:00+00:00, run_after=2026-09-06 14:00:00+00:00
[2026-09-05T06:55:31.313+0000] {logging_mixin.py:188} INFO - [2026-09-05T06:55:31.313+0000] {dag.py:3954} INFO - Setting next_dagrun for update_db to 2026-09-05 15:00:00+00:00, run_after=2026-09-06 15:00:00+00:00
[2026-09-05T06:55:31.365+0000] {processor.py:183} INFO - Processing /opt/airflow/dags/main.py took 0.668 seconds
[2026-09-05T06:56:02.502+0000] {processor.py:161} INFO - Started process (PID=183) to work on /opt/airflow/dags/main.py
[2026-09-05T06:56:02.567+0000] {processor.py:830} INFO - Processing file /opt/airflow/dags/main.py for tasks to queue
[2026-09-05T06:56:02.581+0000] {logging_mixin.py:188} INFO - [2026-09-05T06:56:02.581+0000] {dagbag.py:545} INFO - Filling up the DagBag from /opt/airflow/dags/main.py
[2026-09-05T06:56:03.089+0000] {logging_mixin.py:188} INFO - channel id is not executed
[2026-09-05T06:56:03.312+0000] {processor.py:840} INFO - DAG(s) 'update_db', 'produce_json' retrieved from /opt/airflow/dags/main.py
[2026-09-05T06:56:03.806+0000] {logging_mixin.py:188} INFO - [2026-09-05T06:56:03.804+0000] {dag.py:3096} INFO - Sync 2 DAGs
[2026-09-05T06:56:03.865+0000] {logging_mixin.py:188} INFO - [2026-09-05T06:56:03.864+0000] {dag.py:3954} INFO - Setting next_dagrun for produce_json to 2026-09-05 14:00:00+00:00, run_after=2026-09-06 14:00:00+00:00
[2026-09-05T06:56:03.897+0000] {logging_mixin.py:188} INFO - [2026-09-05T06:56:03.896+0000] {dag.py:3954} INFO - Setting next_dagrun for update_db to 2026-09-05 15:00:00+00:00, run_after=2026-09-06 15:00:00+00:00
[2026-09-05T06:56:03.967+0000] {processor.py:183} INFO - Processing /opt/airflow/dags/main.py took 1.474 seconds
[2026-09-05T06:56:35.098+0000] {processor.py:161} INFO - Started process (PID=190) to work on /opt/airflow/dags/main.py
[2026-09-05T06:56:35.109+0000] {processor.py:830} INFO - Processing file /opt/airflow/dags/main.py for tasks to queue
[2026-09-05T06:56:35.116+0000] {logging_mixin.py:188} INFO - [2026-09-05T06:56:35.115+0000] {dagbag.py:545} INFO - Filling up the DagBag from /opt/airflow/dags/main.py
[2026-09-05T06:56:35.302+0000] {logging_mixin.py:188} INFO - channel id is not executed
[2026-09-05T06:56:35.658+0000] {processor.py:840} INFO - DAG(s) 'update_db', 'produce_json' retrieved from /opt/airflow/dags/main.py
[2026-09-05T06:56:36.180+0000] {logging_mixin.py:188} INFO - [2026-09-05T06:56:36.179+0000] {dag.py:3096} INFO - Sync 2 DAGs
[2026-09-05T06:56:36.308+0000] {logging_mixin.py:188} INFO - [2026-09-05T06:56:36.308+0000] {dag.py:3954} INFO - Setting next_dagrun for produce_json to 2026-09-05 14:00:00+00:00, run_after=2026-09-06 14:00:00+00:00
[2026-09-05T06:56:36.345+0000] {logging_mixin.py:188} INFO - [2026-09-05T06:56:36.344+0000] {dag.py:3954} INFO - Setting next_dagrun for update_db to 2026-09-05 15:00:00+00:00, run_after=2026-09-06 15:00:00+00:00
[2026-09-05T06:56:36.438+0000] {processor.py:183} INFO - Processing /opt/airflow/dags/main.py took 1.352 seconds
[2026-09-05T06:57:07.253+0000] {processor.py:161} INFO - Started process (PID=196) to work on /opt/airflow/dags/main.py
[2026-09-05T06:57:07.261+0000] {processor.py:830} INFO - Processing file /opt/airflow/dags/main.py for tasks to queue
[2026-09-05T06:57:07.271+0000] {logging_mixin.py:188} INFO - [2026-09-05T06:57:07.270+0000] {dagbag.py:545} INFO - Filling up the DagBag from /opt/airflow/dags/main.py
[2026-09-05T06:57:07.363+0000] {logging_mixin.py:188} INFO - channel id is not executed
[2026-09-05T06:57:07.479+0000] {processor.py:840} INFO - DAG(s) 'update_db', 'produce_json' retrieved from /opt/airflow/dags/main.py
[2026-09-05T06:57:07.782+0000] {logging_mixin.py:188} INFO - [2026-09-05T06:57:07.781+0000] {dag.py:3096} INFO - Sync 2 DAGs
[2026-09-05T06:57:07.877+0000] {logging_mixin.py:188} INFO - [2026-09-05T06:57:07.877+0000] {dag.py:3954} INFO - Setting next_dagrun for produce_json to 2026-09-05 14:00:00+00:00, run_after=2026-09-06 14:00:00+00:00
[2026-09-05T06:57:07.907+0000] {logging_mixin.py:188} INFO - [2026-09-05T06:57:07.907+0000] {dag.py:3954} INFO - Setting next_dagrun for update_db to 2026-09-05 15:00:00+00:00, run_after=2026-09-06 15:00:00+00:00
[2026-09-05T06:57:07.982+0000] {processor.py:183} INFO - Processing /opt/airflow/dags/main.py took 0.741 seconds
[2026-09-05T06:57:38.123+0000] {processor.py:161} INFO - Started process (PID=202) to work on /opt/airflow/dags/main.py
[2026-09-05T06:57:38.125+0000] {processor.py:830} INFO - Processing file /opt/airflow/dags/main.py for tasks to queue
[2026-09-05T06:57:38.132+0000] {logging_mixin.py:188} INFO - [2026-09-05T06:57:38.132+0000] {dagbag.py:545} INFO - Filling up the DagBag from /opt/airflow/dags/main.py
[2026-09-05T06:57:38.196+0000] {logging_mixin.py:188} INFO - channel id is not executed
[2026-09-05T06:57:38.327+0000] {processor.py:840} INFO - DAG(s) 'update_db', 'produce_json' retrieved from /opt/airflow/dags/main.py
[2026-09-05T06:57:38.603+0000] {logging_mixin.py:188} INFO - [2026-09-05T06:57:38.602+0000] {dag.py:3096} INFO - Sync 2 DAGs
[2026-09-05T06:57:38.679+0000] {logging_mixin.py:188} INFO - [2026-09-05T06:57:38.678+0000] {dag.py:3954} INFO - Setting next_dagrun for produce_json to 2026-09-05 14:00:00+00:00, run_after=2026-09-06 14:00:00+00:00
[2026-09-05T06:57:38.725+0000] {logging_mixin.py:188} INFO - [2026-09-05T06:57:38.725+0000] {dag.py:3954} INFO - Setting next_dagrun for update_db to 2026-09-05 15:00:00+00:00, run_after=2026-09-06 15:00:00+00:00
[2026-09-05T06:57:38.960+0000] {processor.py:183} INFO - Processing /opt/airflow/dags/main.py took 0.847 seconds
[2026-09-05T06:58:09.744+0000] {processor.py:161} INFO - Started process (PID=208) to work on /opt/airflow/dags/main.py
[2026-09-05T06:58:09.750+0000] {processor.py:830} INFO - Processing file /opt/airflow/dags/main.py for tasks to queue
[2026-09-05T06:58:09.770+0000] {logging_mixin.py:188} INFO - [2026-09-05T06:58:09.769+0000] {dagbag.py:545} INFO - Filling up the DagBag from /opt/airflow/dags/main.py
[2026-09-05T06:58:10.198+0000] {logging_mixin.py:188} INFO - channel id is not executed
[2026-09-05T06:58:10.343+0000] {processor.py:840} INFO - DAG(s) 'produce_json', 'update_db' retrieved from /opt/airflow/dags/main.py
[2026-09-05T06:58:10.776+0000] {logging_mixin.py:188} INFO - [2026-09-05T06:58:10.776+0000] {dag.py:3096} INFO - Sync 2 DAGs
[2026-09-05T06:58:10.861+0000] {logging_mixin.py:188} INFO - [2026-09-05T06:58:10.861+0000] {dag.py:3954} INFO - Setting next_dagrun for produce_json to 2026-09-05 14:00:00+00:00, run_after=2026-09-06 14:00:00+00:00
[2026-09-05T06:58:10.873+0000] {logging_mixin.py:188} INFO - [2026-09-05T06:58:10.873+0000] {dag.py:3954} INFO - Setting next_dagrun for update_db to 2026-09-05 15:00:00+00:00, run_after=2026-09-06 15:00:00+00:00
[2026-09-05T06:58:10.918+0000] {processor.py:183} INFO - Processing /opt/airflow/dags/main.py took 1.196 seconds
[2026-09-05T06:58:41.726+0000] {processor.py:161} INFO - Started process (PID=215) to work on /opt/airflow/dags/main.py
[2026-09-05T06:58:41.729+0000] {processor.py:830} INFO - Processing file /opt/airflow/dags/main.py for tasks to queue
[2026-09-05T06:58:41.733+0000] {logging_mixin.py:188} INFO - [2026-09-05T06:58:41.732+0000] {dagbag.py:545} INFO - Filling up the DagBag from /opt/airflow/dags/main.py
[2026-09-05T06:58:41.818+0000] {logging_mixin.py:188} INFO - channel id is not executed
[2026-09-05T06:58:41.943+0000] {processor.py:840} INFO - DAG(s) 'produce_json', 'update_db' retrieved from /opt/airflow/dags/main.py
[2026-09-05T06:58:42.195+0000] {logging_mixin.py:188} INFO - [2026-09-05T06:58:42.195+0000] {dag.py:3096} INFO - Sync 2 DAGs
[2026-09-05T06:58:42.233+0000] {logging_mixin.py:188} INFO - [2026-09-05T06:58:42.233+0000] {dag.py:3954} INFO - Setting next_dagrun for produce_json to 2026-09-05 14:00:00+00:00, run_after=2026-09-06 14:00:00+00:00
[2026-09-05T06:58:42.244+0000] {logging_mixin.py:188} INFO - [2026-09-05T06:58:42.244+0000] {dag.py:3954} INFO - Setting next_dagrun for update_db to 2026-09-05 15:00:00+00:00, run_after=2026-09-06 15:00:00+00:00
[2026-09-05T06:58:42.288+0000] {processor.py:183} INFO - Processing /opt/airflow/dags/main.py took 0.574 seconds
[2026-09-05T06:59:13.012+0000] {processor.py:161} INFO - Started process (PID=222) to work on /opt/airflow/dags/main.py
[2026-09-05T06:59:13.015+0000] {processor.py:830} INFO - Processing file /opt/airflow/dags/main.py for tasks to queue
[2026-09-05T06:59:13.021+0000] {logging_mixin.py:188} INFO - [2026-09-05T06:59:13.020+0000] {dagbag.py:545} INFO - Filling up the DagBag from /opt/airflow/dags/main.py
[2026-09-05T06:59:13.102+0000] {logging_mixin.py:188} INFO - channel id is not executed
[2026-09-05T06:59:13.223+0000] {processor.py:840} INFO - DAG(s) 'update_db', 'produce_json' retrieved from /opt/airflow/dags/main.py
[2026-09-05T06:59:13.467+0000] {logging_mixin.py:188} INFO - [2026-09-05T06:59:13.467+0000] {dag.py:3096} INFO - Sync 2 DAGs
[2026-09-05T06:59:13.506+0000] {logging_mixin.py:188} INFO - [2026-09-05T06:59:13.505+0000] {dag.py:3954} INFO - Setting next_dagrun for produce_json to 2026-09-05 14:00:00+00:00, run_after=2026-09-06 14:00:00+00:00
[2026-09-05T06:59:13.516+0000] {logging_mixin.py:188} INFO - [2026-09-05T06:59:13.515+0000] {dag.py:3954} INFO - Setting next_dagrun for update_db to 2026-09-05 15:00:00+00:00, run_after=2026-09-06 15:00:00+00:00
[2026-09-05T06:59:13.565+0000] {processor.py:183} INFO - Processing /opt/airflow/dags/main.py took 0.566 seconds
[2026-09-05T06:59:43.901+0000] {processor.py:161} INFO - Started process (PID=229) to work on /opt/airflow/dags/main.py
[2026-09-05T06:59:43.903+0000] {processor.py:830} INFO - Processing file /opt/airflow/dags/main.py for tasks to queue
[2026-09-05T06:59:43.909+0000] {logging_mixin.py:188} INFO - [2026-09-05T06:59:43.909+0000] {dagbag.py:545} INFO - Filling up the DagBag from /opt/airflow/dags/main.py
[2026-09-05T06:59:43.988+0000] {logging_mixin.py:188} INFO - channel id is not executed
[2026-09-05T06:59:44.106+0000] {processor.py:840} INFO - DAG(s) 'produce_json', 'update_db' retrieved from /opt/airflow/dags/main.py
[2026-09-05T06:59:44.796+0000] {logging_mixin.py:188} INFO - [2026-09-05T06:59:44.795+0000] {dag.py:3096} INFO - Sync 2 DAGs
[2026-09-05T06:59:45.240+0000] {logging_mixin.py:188} INFO - [2026-09-05T06:59:45.240+0000] {dag.py:3954} INFO - Setting next_dagrun for produce_json to 2026-09-05 14:00:00+00:00, run_after=2026-09-06 14:00:00+00:00
[2026-09-05T06:59:45.271+0000] {logging_mixin.py:188} INFO - [2026-09-05T06:59:45.270+0000] {dag.py:3954} INFO - Setting next_dagrun for update_db to 2026-09-05 15:00:00+00:00, run_after=2026-09-06 15:00:00+00:00
[2026-09-05T06:59:45.831+0000] {processor.py:183} INFO - Processing /opt/airflow/dags/main.py took 1.942 seconds
[2026-09-05T07:00:16.160+0000] {processor.py:161} INFO - Started process (PID=237) to work on /opt/airflow/dags/main.py
[2026-09-05T07:00:16.162+0000] {processor.py:830} INFO - Processing file /opt/airflow/dags/main.py for tasks to queue
[2026-09-05T07:00:16.166+0000] {logging_mixin.py:188} INFO - [2026-09-05T07:00:16.166+0000] {dagbag.py:545} INFO - Filling up the DagBag from /opt/airflow/dags/main.py
[2026-09-05T07:00:16.230+0000] {logging_mixin.py:188} INFO - channel id is not executed
[2026-09-05T07:00:16.349+0000] {processor.py:840} INFO - DAG(s) 'update_db', 'produce_json' retrieved from /opt/airflow/dags/main.py
[2026-09-05T07:00:16.588+0000] {logging_mixin.py:188} INFO - [2026-09-05T07:00:16.588+0000] {dag.py:3096} INFO - Sync 2 DAGs
[2026-09-05T07:00:16.632+0000] {logging_mixin.py:188} INFO - [2026-09-05T07:00:16.632+0000] {dag.py:3954} INFO - Setting next_dagrun for produce_json to 2026-09-05 14:00:00+00:00, run_after=2026-09-06 14:00:00+00:00
[2026-09-05T07:00:16.647+0000] {logging_mixin.py:188} INFO - [2026-09-05T07:00:16.647+0000] {dag.py:3954} INFO - Setting next_dagrun for update_db to 2026-09-05 15:00:00+00:00, run_after=2026-09-06 15:00:00+00:00
[2026-09-05T07:00:16.687+0000] {processor.py:183} INFO - Processing /opt/airflow/dags/main.py took 0.536 seconds
[2026-09-05T07:00:47.283+0000] {processor.py:161} INFO - Started process (PID=244) to work on /opt/airflow/dags/main.py
[2026-09-05T07:00:47.294+0000] {processor.py:830} INFO - Processing file /opt/airflow/dags/main.py for tasks to queue
[2026-09-05T07:00:47.309+0000] {logging_mixin.py:188} INFO - [2026-09-05T07:00:47.308+0000] {dagbag.py:545} INFO - Filling up the DagBag from /opt/airflow/dags/main.py
[2026-09-05T07:00:47.419+0000] {logging_mixin.py:188} INFO - channel id is not executed
[2026-09-05T07:00:47.565+0000] {processor.py:840} INFO - DAG(s) 'produce_json', 'update_db' retrieved from /opt/airflow/dags/main.py
[2026-09-05T07:00:47.791+0000] {logging_mixin.py:188} INFO - [2026-09-05T07:00:47.791+0000] {dag.py:3096} INFO - Sync 2 DAGs
[2026-09-05T07:00:47.829+0000] {logging_mixin.py:188} INFO - [2026-09-05T07:00:47.829+0000] {dag.py:3954} INFO - Setting next_dagrun for produce_json to 2026-09-05 14:00:00+00:00, run_after=2026-09-06 14:00:00+00:00
[2026-09-05T07:00:47.838+0000] {logging_mixin.py:188} INFO - [2026-09-05T07:00:47.838+0000] {dag.py:3954} INFO - Setting next_dagrun for update_db to 2026-09-05 15:00:00+00:00, run_after=2026-09-06 15:00:00+00:00
[2026-09-05T07:00:47.950+0000] {processor.py:183} INFO - Processing /opt/airflow/dags/main.py took 0.681 seconds
[2026-09-05T07:01:18.144+0000] {processor.py:161} INFO - Started process (PID=250) to work on /opt/airflow/dags/main.py
[2026-09-05T07:01:18.147+0000] {processor.py:830} INFO - Processing file /opt/airflow/dags/main.py for tasks to queue
[2026-09-05T07:01:18.151+0000] {logging_mixin.py:188} INFO - [2026-09-05T07:01:18.150+0000] {dagbag.py:545} INFO - Filling up the DagBag from /opt/airflow/dags/main.py
[2026-09-05T07:01:18.228+0000] {logging_mixin.py:188} INFO - channel id is not executed
[2026-09-05T07:01:18.337+0000] {processor.py:840} INFO - DAG(s) 'update_db', 'produce_json' retrieved from /opt/airflow/dags/main.py
[2026-09-05T07:01:18.783+0000] {logging_mixin.py:188} INFO - [2026-09-05T07:01:18.782+0000] {dag.py:3096} INFO - Sync 2 DAGs
[2026-09-05T07:01:18.823+0000] {logging_mixin.py:188} INFO - [2026-09-05T07:01:18.823+0000] {dag.py:3954} INFO - Setting next_dagrun for produce_json to 2026-09-05 14:00:00+00:00, run_after=2026-09-06 14:00:00+00:00
[2026-09-05T07:01:18.833+0000] {logging_mixin.py:188} INFO - [2026-09-05T07:01:18.833+0000] {dag.py:3954} INFO - Setting next_dagrun for update_db to 2026-09-05 15:00:00+00:00, run_after=2026-09-06 15:00:00+00:00
[2026-09-05T07:01:18.882+0000] {processor.py:183} INFO - Processing /opt/airflow/dags/main.py took 0.751 seconds
[2026-09-05T07:01:49.654+0000] {processor.py:161} INFO - Started process (PID=256) to work on /opt/airflow/dags/main.py
[2026-09-05T07:01:49.656+0000] {processor.py:830} INFO - Processing file /opt/airflow/dags/main.py for tasks to queue
[2026-09-05T07:01:49.661+0000] {logging_mixin.py:188} INFO - [2026-09-05T07:01:49.660+0000] {dagbag.py:545} INFO - Filling up the DagBag from /opt/airflow/dags/main.py
[2026-09-05T07:01:49.790+0000] {logging_mixin.py:188} INFO - channel id is not executed
[2026-09-05T07:01:49.978+0000] {processor.py:840} INFO - DAG(s) 'update_db', 'produce_json' retrieved from /opt/airflow/dags/main.py
[2026-09-05T07:01:50.238+0000] {logging_mixin.py:188} INFO - [2026-09-05T07:01:50.237+0000] {dag.py:3096} INFO - Sync 2 DAGs
[2026-09-05T07:01:50.295+0000] {logging_mixin.py:188} INFO - [2026-09-05T07:01:50.294+0000] {dag.py:3954} INFO - Setting next_dagrun for produce_json to 2026-09-05 14:00:00+00:00, run_after=2026-09-06 14:00:00+00:00
[2026-09-05T07:01:50.305+0000] {logging_mixin.py:188} INFO - [2026-09-05T07:01:50.304+0000] {dag.py:3954} INFO - Setting next_dagrun for update_db to 2026-09-05 15:00:00+00:00, run_after=2026-09-06 15:00:00+00:00
[2026-09-05T07:01:50.374+0000] {processor.py:183} INFO - Processing /opt/airflow/dags/main.py took 0.731 seconds
[2026-09-05T07:02:21.826+0000] {processor.py:161} INFO - Started process (PID=263) to work on /opt/airflow/dags/main.py
[2026-09-05T07:02:21.828+0000] {processor.py:830} INFO - Processing file /opt/airflow/dags/main.py for tasks to queue
[2026-09-05T07:02:21.836+0000] {logging_mixin.py:188} INFO - [2026-09-05T07:02:21.836+0000] {dagbag.py:545} INFO - Filling up the DagBag from /opt/airflow/dags/main.py
[2026-09-05T07:02:21.926+0000] {logging_mixin.py:188} INFO - channel id is not executed
[2026-09-05T07:02:22.064+0000] {processor.py:840} INFO - DAG(s) 'produce_json', 'update_db' retrieved from /opt/airflow/dags/main.py
[2026-09-05T07:02:22.324+0000] {logging_mixin.py:188} INFO - [2026-09-05T07:02:22.322+0000] {dag.py:3096} INFO - Sync 2 DAGs
[2026-09-05T07:02:22.399+0000] {logging_mixin.py:188} INFO - [2026-09-05T07:02:22.398+0000] {dag.py:3954} INFO - Setting next_dagrun for produce_json to 2026-09-05 14:00:00+00:00, run_after=2026-09-06 14:00:00+00:00
[2026-09-05T07:02:22.408+0000] {logging_mixin.py:188} INFO - [2026-09-05T07:02:22.408+0000] {dag.py:3954} INFO - Setting next_dagrun for update_db to 2026-09-05 15:00:00+00:00, run_after=2026-09-06 15:00:00+00:00
[2026-09-05T07:02:22.474+0000] {processor.py:183} INFO - Processing /opt/airflow/dags/main.py took 0.666 seconds
[2026-09-05T07:02:53.180+0000] {processor.py:161} INFO - Started process (PID=271) to work on /opt/airflow/dags/main.py
[2026-09-05T07:02:53.183+0000] {processor.py:830} INFO - Processing file /opt/airflow/dags/main.py for tasks to queue
[2026-09-05T07:02:53.188+0000] {logging_mixin.py:188} INFO - [2026-09-05T07:02:53.187+0000] {dagbag.py:545} INFO - Filling up the DagBag from /opt/airflow/dags/main.py
[2026-09-05T07:02:53.334+0000] {logging_mixin.py:188} INFO - channel id is not executed
[2026-09-05T07:02:53.487+0000] {processor.py:840} INFO - DAG(s) 'update_db', 'produce_json' retrieved from /opt/airflow/dags/main.py
[2026-09-05T07:02:53.815+0000] {logging_mixin.py:188} INFO - [2026-09-05T07:02:53.814+0000] {dag.py:3096} INFO - Sync 2 DAGs
[2026-09-05T07:02:53.871+0000] {logging_mixin.py:188} INFO - [2026-09-05T07:02:53.866+0000] {dag.py:3954} INFO - Setting next_dagrun for produce_json to 2026-09-05 14:00:00+00:00, run_after=2026-09-06 14:00:00+00:00
[2026-09-05T07:02:53.898+0000] {logging_mixin.py:188} INFO - [2026-09-05T07:02:53.897+0000] {dag.py:3954} INFO - Setting next_dagrun for update_db to 2026-09-05 15:00:00+00:00, run_after=2026-09-06 15:00:00+00:00
[2026-09-05T07:02:54.081+0000] {processor.py:183} INFO - Processing /opt/airflow/dags/main.py took 0.919 seconds
[2026-09-05T07:03:28.570+0000] {processor.py:161} INFO - Started process (PID=279) to work on /opt/airflow/dags/main.py
[2026-09-05T07:03:28.585+0000] {processor.py:830} INFO - Processing file /opt/airflow/dags/main.py for tasks to queue
[2026-09-05T07:03:28.624+0000] {logging_mixin.py:188} INFO - [2026-09-05T07:03:28.623+0000] {dagbag.py:545} INFO - Filling up the DagBag from /opt/airflow/dags/main.py
[2026-09-05T07:03:28.930+0000] {logging_mixin.py:188} INFO - channel id is not executed
[2026-09-05T07:03:29.672+0000] {processor.py:840} INFO - DAG(s) 'update_db', 'produce_json' retrieved from /opt/airflow/dags/main.py
[2026-09-05T07:03:30.131+0000] {logging_mixin.py:188} INFO - [2026-09-05T07:03:30.131+0000] {dag.py:3096} INFO - Sync 2 DAGs
[2026-09-05T07:03:30.221+0000] {logging_mixin.py:188} INFO - [2026-09-05T07:03:30.221+0000] {dag.py:3954} INFO - Setting next_dagrun for produce_json to 2026-09-05 14:00:00+00:00, run_after=2026-09-06 14:00:00+00:00
[2026-09-05T07:03:30.239+0000] {logging_mixin.py:188} INFO - [2026-09-05T07:03:30.239+0000] {dag.py:3954} INFO - Setting next_dagrun for update_db to 2026-09-05 15:00:00+00:00, run_after=2026-09-06 15:00:00+00:00
[2026-09-05T07:03:30.316+0000] {processor.py:183} INFO - Processing /opt/airflow/dags/main.py took 1.795 seconds
[2026-09-05T07:04:01.555+0000] {processor.py:161} INFO - Started process (PID=291) to work on /opt/airflow/dags/main.py
[2026-09-05T07:04:01.558+0000] {processor.py:830} INFO - Processing file /opt/airflow/dags/main.py for tasks to queue
[2026-09-05T07:04:01.563+0000] {logging_mixin.py:188} INFO - [2026-09-05T07:04:01.562+0000] {dagbag.py:545} INFO - Filling up the DagBag from /opt/airflow/dags/main.py
[2026-09-05T07:04:01.808+0000] {logging_mixin.py:188} INFO - channel id is not executed
[2026-09-05T07:04:01.901+0000] {processor.py:840} INFO - DAG(s) 'produce_json', 'update_db' retrieved from /opt/airflow/dags/main.py
[2026-09-05T07:04:02.191+0000] {logging_mixin.py:188} INFO - [2026-09-05T07:04:02.191+0000] {dag.py:3096} INFO - Sync 2 DAGs
[2026-09-05T07:04:02.227+0000] {logging_mixin.py:188} INFO - [2026-09-05T07:04:02.226+0000] {dag.py:3954} INFO - Setting next_dagrun for produce_json to 2026-09-05 14:00:00+00:00, run_after=2026-09-06 14:00:00+00:00
[2026-09-05T07:04:02.238+0000] {logging_mixin.py:188} INFO - [2026-09-05T07:04:02.237+0000] {dag.py:3954} INFO - Setting next_dagrun for update_db to 2026-09-05 15:00:00+00:00, run_after=2026-09-06 15:00:00+00:00
[2026-09-05T07:04:02.315+0000] {processor.py:183} INFO - Processing /opt/airflow/dags/main.py took 0.791 seconds
[2026-09-05T07:04:33.243+0000] {processor.py:161} INFO - Started process (PID=298) to work on /opt/airflow/dags/main.py
[2026-09-05T07:04:33.246+0000] {processor.py:830} INFO - Processing file /opt/airflow/dags/main.py for tasks to queue
[2026-09-05T07:04:33.251+0000] {logging_mixin.py:188} INFO - [2026-09-05T07:04:33.251+0000] {dagbag.py:545} INFO - Filling up the DagBag from /opt/airflow/dags/main.py
[2026-09-05T07:04:33.329+0000] {logging_mixin.py:188} INFO - channel id is not executed
[2026-09-05T07:04:33.532+0000] {processor.py:840} INFO - DAG(s) 'produce_json', 'update_db' retrieved from /opt/airflow/dags/main.py
[2026-09-05T07:04:33.852+0000] {logging_mixin.py:188} INFO - [2026-09-05T07:04:33.852+0000] {dag.py:3096} INFO - Sync 2 DAGs
[2026-09-05T07:04:33.922+0000] {logging_mixin.py:188} INFO - [2026-09-05T07:04:33.921+0000] {dag.py:3954} INFO - Setting next_dagrun for produce_json to 2026-09-05 14:00:00+00:00, run_after=2026-09-06 14:00:00+00:00
[2026-09-05T07:04:33.931+0000] {logging_mixin.py:188} INFO - [2026-09-05T07:04:33.931+0000] {dag.py:3954} INFO - Setting next_dagrun for update_db to 2026-09-05 15:00:00+00:00, run_after=2026-09-06 15:00:00+00:00
[2026-09-05T07:04:33.986+0000] {processor.py:183} INFO - Processing /opt/airflow/dags/main.py took 0.765 seconds
[2026-09-05T07:05:04.321+0000] {processor.py:161} INFO - Started process (PID=304) to work on /opt/airflow/dags/main.py
[2026-09-05T07:05:04.323+0000] {processor.py:830} INFO - Processing file /opt/airflow/dags/main.py for tasks to queue
[2026-09-05T07:05:04.328+0000] {logging_mixin.py:188} INFO - [2026-09-05T07:05:04.328+0000] {dagbag.py:545} INFO - Filling up the DagBag from /opt/airflow/dags/main.py
[2026-09-05T07:05:04.399+0000] {logging_mixin.py:188} INFO - channel id is not executed
[2026-09-05T07:05:04.500+0000] {processor.py:840} INFO - DAG(s) 'update_db', 'produce_json' retrieved from /opt/airflow/dags/main.py
[2026-09-05T07:05:04.767+0000] {logging_mixin.py:188} INFO - [2026-09-05T07:05:04.766+0000] {dag.py:3096} INFO - Sync 2 DAGs
[2026-09-05T07:05:04.807+0000] {logging_mixin.py:188} INFO - [2026-09-05T07:05:04.806+0000] {dag.py:3954} INFO - Setting next_dagrun for produce_json to 2026-09-05 14:00:00+00:00, run_after=2026-09-06 14:00:00+00:00
[2026-09-05T07:05:04.816+0000] {logging_mixin.py:188} INFO - [2026-09-05T07:05:04.815+0000] {dag.py:3954} INFO - Setting next_dagrun for update_db to 2026-09-05 15:00:00+00:00, run_after=2026-09-06 15:00:00+00:00
[2026-09-05T07:05:04.856+0000] {processor.py:183} INFO - Processing /opt/airflow/dags/main.py took 0.544 seconds
[2026-09-05T07:05:35.579+0000] {processor.py:161} INFO - Started process (PID=311) to work on /opt/airflow/dags/main.py
[2026-09-05T07:05:35.591+0000] {processor.py:830} INFO - Processing file /opt/airflow/dags/main.py for tasks to queue
[2026-09-05T07:05:35.599+0000] {logging_mixin.py:188} INFO - [2026-09-05T07:05:35.599+0000] {dagbag.py:545} INFO - Filling up the DagBag from /opt/airflow/dags/main.py
[2026-09-05T07:05:35.668+0000] {logging_mixin.py:188} INFO - channel id is not executed
[2026-09-05T07:05:35.772+0000] {processor.py:840} INFO - DAG(s) 'update_db', 'produce_json' retrieved from /opt/airflow/dags/main.py
[2026-09-05T07:05:35.984+0000] {logging_mixin.py:188} INFO - [2026-09-05T07:05:35.983+0000] {dag.py:3096} INFO - Sync 2 DAGs
[2026-09-05T07:05:36.030+0000] {logging_mixin.py:188} INFO - [2026-09-05T07:05:36.029+0000] {dag.py:3954} INFO - Setting next_dagrun for produce_json to 2026-09-05 14:00:00+00:00, run_after=2026-09-06 14:00:00+00:00
[2026-09-05T07:05:36.041+0000] {logging_mixin.py:188} INFO - [2026-09-05T07:05:36.041+0000] {dag.py:3954} INFO - Setting next_dagrun for update_db to 2026-09-05 15:00:00+00:00, run_after=2026-09-06 15:00:00+00:00
[2026-09-05T07:05:36.077+0000] {processor.py:183} INFO - Processing /opt/airflow/dags/main.py took 0.514 seconds
[2026-09-05T07:06:06.393+0000] {processor.py:161} INFO - Started process (PID=318) to work on /opt/airflow/dags/main.py
[2026-09-05T07:06:06.396+0000] {processor.py:830} INFO - Processing file /opt/airflow/dags/main.py for tasks to queue
[2026-09-05T07:06:06.399+0000] {logging_mixin.py:188} INFO - [2026-09-05T07:06:06.399+0000] {dagbag.py:545} INFO - Filling up the DagBag from /opt/airflow/dags/main.py
[2026-09-05T07:06:06.493+0000] {logging_mixin.py:188} INFO - channel id is not executed
[2026-09-05T07:06:06.621+0000] {processor.py:840} INFO - DAG(s) 'update_db', 'produce_json' retrieved from /opt/airflow/dags/main.py
[2026-09-05T07:06:06.854+0000] {logging_mixin.py:188} INFO - [2026-09-05T07:06:06.853+0000] {dag.py:3096} INFO - Sync 2 DAGs
[2026-09-05T07:06:06.920+0000] {logging_mixin.py:188} INFO - [2026-09-05T07:06:06.919+0000] {dag.py:3954} INFO - Setting next_dagrun for produce_json to 2026-09-05 14:00:00+00:00, run_after=2026-09-06 14:00:00+00:00
[2026-09-05T07:06:06.939+0000] {logging_mixin.py:188} INFO - [2026-09-05T07:06:06.938+0000] {dag.py:3954} INFO - Setting next_dagrun for update_db to 2026-09-05 15:00:00+00:00, run_after=2026-09-06 15:00:00+00:00
[2026-09-05T07:06:07.026+0000] {processor.py:183} INFO - Processing /opt/airflow/dags/main.py took 0.643 seconds
[2026-09-05T07:06:38.289+0000] {processor.py:161} INFO - Started process (PID=325) to work on /opt/airflow/dags/main.py
[2026-09-05T07:06:38.292+0000] {processor.py:830} INFO - Processing file /opt/airflow/dags/main.py for tasks to queue
[2026-09-05T07:06:38.316+0000] {logging_mixin.py:188} INFO - [2026-09-05T07:06:38.315+0000] {dagbag.py:545} INFO - Filling up the DagBag from /opt/airflow/dags/main.py
[2026-09-05T07:06:38.942+0000] {logging_mixin.py:188} INFO - channel id is not executed
[2026-09-05T07:06:39.128+0000] {processor.py:840} INFO - DAG(s) 'update_db', 'produce_json' retrieved from /opt/airflow/dags/main.py
[2026-09-05T07:06:39.640+0000] {logging_mixin.py:188} INFO - [2026-09-05T07:06:39.640+0000] {dag.py:3096} INFO - Sync 2 DAGs
[2026-09-05T07:06:39.852+0000] {logging_mixin.py:188} INFO - [2026-09-05T07:06:39.842+0000] {dag.py:3954} INFO - Setting next_dagrun for produce_json to 2026-09-05 14:00:00+00:00, run_after=2026-09-06 14:00:00+00:00
[2026-09-05T07:06:39.870+0000] {logging_mixin.py:188} INFO - [2026-09-05T07:06:39.870+0000] {dag.py:3954} INFO - Setting next_dagrun for update_db to 2026-09-05 15:00:00+00:00, run_after=2026-09-06 15:00:00+00:00
[2026-09-05T07:06:39.938+0000] {processor.py:183} INFO - Processing /opt/airflow/dags/main.py took 1.670 seconds
[2026-09-05T07:07:10.932+0000] {processor.py:161} INFO - Started process (PID=332) to work on /opt/airflow/dags/main.py
[2026-09-05T07:07:10.939+0000] {processor.py:830} INFO - Processing file /opt/airflow/dags/main.py for tasks to queue
[2026-09-05T07:07:10.943+0000] {logging_mixin.py:188} INFO - [2026-09-05T07:07:10.942+0000] {dagbag.py:545} INFO - Filling up the DagBag from /opt/airflow/dags/main.py
[2026-09-05T07:07:11.041+0000] {logging_mixin.py:188} INFO - channel id is not executed
[2026-09-05T07:07:11.213+0000] {processor.py:840} INFO - DAG(s) 'update_db', 'produce_json' retrieved from /opt/airflow/dags/main.py
[2026-09-05T07:07:11.728+0000] {logging_mixin.py:188} INFO - [2026-09-05T07:07:11.727+0000] {dag.py:3096} INFO - Sync 2 DAGs
[2026-09-05T07:07:12.104+0000] {logging_mixin.py:188} INFO - [2026-09-05T07:07:12.103+0000] {dag.py:3954} INFO - Setting next_dagrun for produce_json to 2026-09-05 14:00:00+00:00, run_after=2026-09-06 14:00:00+00:00
[2026-09-05T07:07:12.362+0000] {logging_mixin.py:188} INFO - [2026-09-05T07:07:12.362+0000] {dag.py:3954} INFO - Setting next_dagrun for update_db to 2026-09-05 15:00:00+00:00, run_after=2026-09-06 15:00:00+00:00
[2026-09-05T07:07:12.440+0000] {processor.py:183} INFO - Processing /opt/airflow/dags/main.py took 1.517 seconds
[2026-09-05T07:07:43.245+0000] {processor.py:161} INFO - Started process (PID=339) to work on /opt/airflow/dags/main.py
[2026-09-05T07:07:43.248+0000] {processor.py:830} INFO - Processing file /opt/airflow/dags/main.py for tasks to queue
[2026-09-05T07:07:43.252+0000] {logging_mixin.py:188} INFO - [2026-09-05T07:07:43.252+0000] {dagbag.py:545} INFO - Filling up the DagBag from /opt/airflow/dags/main.py
[2026-09-05T07:07:43.321+0000] {logging_mixin.py:188} INFO - channel id is not executed
[2026-09-05T07:07:43.422+0000] {processor.py:840} INFO - DAG(s) 'update_db', 'produce_json' retrieved from /opt/airflow/dags/main.py
[2026-09-05T07:07:43.784+0000] {logging_mixin.py:188} INFO - [2026-09-05T07:07:43.784+0000] {dag.py:3096} INFO - Sync 2 DAGs
[2026-09-05T07:07:43.824+0000] {logging_mixin.py:188} INFO - [2026-09-05T07:07:43.823+0000] {dag.py:3954} INFO - Setting next_dagrun for produce_json to 2026-09-05 14:00:00+00:00, run_after=2026-09-06 14:00:00+00:00
[2026-09-05T07:07:43.832+0000] {logging_mixin.py:188} INFO - [2026-09-05T07:07:43.831+0000] {dag.py:3954} INFO - Setting next_dagrun for update_db to 2026-09-05 15:00:00+00:00, run_after=2026-09-06 15:00:00+00:00
[2026-09-05T07:07:43.888+0000] {processor.py:183} INFO - Processing /opt/airflow/dags/main.py took 0.653 seconds
[2026-09-05T07:08:15.055+0000] {processor.py:161} INFO - Started process (PID=346) to work on /opt/airflow/dags/main.py
[2026-09-05T07:08:15.067+0000] {processor.py:830} INFO - Processing file /opt/airflow/dags/main.py for tasks to queue
[2026-09-05T07:08:15.079+0000] {logging_mixin.py:188} INFO - [2026-09-05T07:08:15.076+0000] {dagbag.py:545} INFO - Filling up the DagBag from /opt/airflow/dags/main.py
[2026-09-05T07:08:15.206+0000] {logging_mixin.py:188} INFO - channel id is not executed
[2026-09-05T07:08:15.405+0000] {processor.py:840} INFO - DAG(s) 'update_db', 'produce_json' retrieved from /opt/airflow/dags/main.py
[2026-09-05T07:08:15.926+0000] {logging_mixin.py:188} INFO - [2026-09-05T07:08:15.925+0000] {dag.py:3096} INFO - Sync 2 DAGs
[2026-09-05T07:08:16.046+0000] {logging_mixin.py:188} INFO - [2026-09-05T07:08:16.046+0000] {dag.py:3954} INFO - Setting next_dagrun for produce_json to 2026-09-05 14:00:00+00:00, run_after=2026-09-06 14:00:00+00:00
[2026-09-05T07:08:16.056+0000] {logging_mixin.py:188} INFO - [2026-09-05T07:08:16.056+0000] {dag.py:3954} INFO - Setting next_dagrun for update_db to 2026-09-05 15:00:00+00:00, run_after=2026-09-06 15:00:00+00:00
[2026-09-05T07:08:16.096+0000] {processor.py:183} INFO - Processing /opt/airflow/dags/main.py took 1.115 seconds
[2026-09-05T07:08:46.816+0000] {processor.py:161} INFO - Started process (PID=353) to work on /opt/airflow/dags/main.py
[2026-09-05T07:08:46.818+0000] {processor.py:830} INFO - Processing file /opt/airflow/dags/main.py for tasks to queue
[2026-09-05T07:08:46.826+0000] {logging_mixin.py:188} INFO - [2026-09-05T07:08:46.826+0000] {dagbag.py:545} INFO - Filling up the DagBag from /opt/airflow/dags/main.py
[2026-09-05T07:08:46.913+0000] {logging_mixin.py:188} INFO - channel id is not executed
[2026-09-05T07:08:47.159+0000] {processor.py:840} INFO - DAG(s) 'update_db', 'produce_json' retrieved from /opt/airflow/dags/main.py
[2026-09-05T07:08:47.501+0000] {logging_mixin.py:188} INFO - [2026-09-05T07:08:47.501+0000] {dag.py:3096} INFO - Sync 2 DAGs
[2026-09-05T07:08:47.548+0000] {logging_mixin.py:188} INFO - [2026-09-05T07:08:47.547+0000] {dag.py:3954} INFO - Setting next_dagrun for produce_json to 2026-09-05 14:00:00+00:00, run_after=2026-09-06 14:00:00+00:00
[2026-09-05T07:08:47.568+0000] {logging_mixin.py:188} INFO - [2026-09-05T07:08:47.567+0000] {dag.py:3954} INFO - Setting next_dagrun for update_db to 2026-09-05 15:00:00+00:00, run_after=2026-09-06 15:00:00+00:00
[2026-09-05T07:08:47.658+0000] {processor.py:183} INFO - Processing /opt/airflow/dags/main.py took 0.853 seconds
[2026-09-05T07:09:18.624+0000] {processor.py:161} INFO - Started process (PID=360) to work on /opt/airflow/dags/main.py
[2026-09-05T07:09:18.627+0000] {processor.py:830} INFO - Processing file /opt/airflow/dags/main.py for tasks to queue
[2026-09-05T07:09:18.631+0000] {logging_mixin.py:188} INFO - [2026-09-05T07:09:18.630+0000] {dagbag.py:545} INFO - Filling up the DagBag from /opt/airflow/dags/main.py
[2026-09-05T07:09:18.734+0000] {logging_mixin.py:188} INFO - channel id is not executed
[2026-09-05T07:09:18.853+0000] {processor.py:840} INFO - DAG(s) 'produce_json', 'update_db' retrieved from /opt/airflow/dags/main.py
[2026-09-05T07:09:19.209+0000] {logging_mixin.py:188} INFO - [2026-09-05T07:09:19.208+0000] {dag.py:3096} INFO - Sync 2 DAGs
[2026-09-05T07:09:19.254+0000] {logging_mixin.py:188} INFO - [2026-09-05T07:09:19.253+0000] {dag.py:3954} INFO - Setting next_dagrun for produce_json to 2026-09-05 14:00:00+00:00, run_after=2026-09-06 14:00:00+00:00
[2026-09-05T07:09:19.264+0000] {logging_mixin.py:188} INFO - [2026-09-05T07:09:19.264+0000] {dag.py:3954} INFO - Setting next_dagrun for update_db to 2026-09-05 15:00:00+00:00, run_after=2026-09-06 15:00:00+00:00
[2026-09-05T07:09:19.327+0000] {processor.py:183} INFO - Processing /opt/airflow/dags/main.py took 0.722 seconds
[2026-09-05T07:09:49.696+0000] {processor.py:161} INFO - Started process (PID=367) to work on /opt/airflow/dags/main.py
[2026-09-05T07:09:49.701+0000] {processor.py:830} INFO - Processing file /opt/airflow/dags/main.py for tasks to queue
[2026-09-05T07:09:49.713+0000] {logging_mixin.py:188} INFO - [2026-09-05T07:09:49.712+0000] {dagbag.py:545} INFO - Filling up the DagBag from /opt/airflow/dags/main.py
[2026-09-05T07:09:49.835+0000] {logging_mixin.py:188} INFO - channel id is not executed
[2026-09-05T07:09:49.941+0000] {processor.py:840} INFO - DAG(s) 'produce_json', 'update_db' retrieved from /opt/airflow/dags/main.py
[2026-09-05T07:09:50.208+0000] {logging_mixin.py:188} INFO - [2026-09-05T07:09:50.208+0000] {dag.py:3096} INFO - Sync 2 DAGs
[2026-09-05T07:09:50.316+0000] {logging_mixin.py:188} INFO - [2026-09-05T07:09:50.315+0000] {dag.py:3954} INFO - Setting next_dagrun for produce_json to 2026-09-05 14:00:00+00:00, run_after=2026-09-06 14:00:00+00:00
[2026-09-05T07:09:50.333+0000] {logging_mixin.py:188} INFO - [2026-09-05T07:09:50.333+0000] {dag.py:3954} INFO - Setting next_dagrun for update_db to 2026-09-05 15:00:00+00:00, run_after=2026-09-06 15:00:00+00:00
[2026-09-05T07:09:50.386+0000] {processor.py:183} INFO - Processing /opt/airflow/dags/main.py took 0.702 seconds
[2026-09-05T07:10:20.488+0000] {processor.py:161} INFO - Started process (PID=374) to work on /opt/airflow/dags/main.py
[2026-09-05T07:10:20.490+0000] {processor.py:830} INFO - Processing file /opt/airflow/dags/main.py for tasks to queue
[2026-09-05T07:10:20.494+0000] {logging_mixin.py:188} INFO - [2026-09-05T07:10:20.493+0000] {dagbag.py:545} INFO - Filling up the DagBag from /opt/airflow/dags/main.py
[2026-09-05T07:10:20.564+0000] {logging_mixin.py:188} INFO - channel id is not executed
[2026-09-05T07:10:20.673+0000] {processor.py:840} INFO - DAG(s) 'produce_json', 'update_db' retrieved from /opt/airflow/dags/main.py
[2026-09-05T07:10:21.024+0000] {logging_mixin.py:188} INFO - [2026-09-05T07:10:21.023+0000] {dag.py:3096} INFO - Sync 2 DAGs
[2026-09-05T07:10:21.084+0000] {logging_mixin.py:188} INFO - [2026-09-05T07:10:21.084+0000] {dag.py:3954} INFO - Setting next_dagrun for produce_json to 2026-09-05 14:00:00+00:00, run_after=2026-09-06 14:00:00+00:00
[2026-09-05T07:10:21.093+0000] {logging_mixin.py:188} INFO - [2026-09-05T07:10:21.092+0000] {dag.py:3954} INFO - Setting next_dagrun for update_db to 2026-09-05 15:00:00+00:00, run_after=2026-09-06 15:00:00+00:00
[2026-09-05T07:10:21.135+0000] {processor.py:183} INFO - Processing /opt/airflow/dags/main.py took 0.656 seconds
[2026-09-05T07:10:51.431+0000] {processor.py:161} INFO - Started process (PID=380) to work on /opt/airflow/dags/main.py
[2026-09-05T07:10:51.439+0000] {processor.py:830} INFO - Processing file /opt/airflow/dags/main.py for tasks to queue
[2026-09-05T07:10:51.448+0000] {logging_mixin.py:188} INFO - [2026-09-05T07:10:51.447+0000] {dagbag.py:545} INFO - Filling up the DagBag from /opt/airflow/dags/main.py
[2026-09-05T07:10:51.555+0000] {logging_mixin.py:188} INFO - channel id is not executed
[2026-09-05T07:10:51.690+0000] {processor.py:840} INFO - DAG(s) 'update_db', 'produce_json' retrieved from /opt/airflow/dags/main.py
[2026-09-05T07:10:51.908+0000] {logging_mixin.py:188} INFO - [2026-09-05T07:10:51.907+0000] {dag.py:3096} INFO - Sync 2 DAGs
[2026-09-05T07:10:51.964+0000] {logging_mixin.py:188} INFO - [2026-09-05T07:10:51.963+0000] {dag.py:3954} INFO - Setting next_dagrun for produce_json to 2026-09-05 14:00:00+00:00, run_after=2026-09-06 14:00:00+00:00
[2026-09-05T07:10:51.979+0000] {logging_mixin.py:188} INFO - [2026-09-05T07:10:51.979+0000] {dag.py:3954} INFO - Setting next_dagrun for update_db to 2026-09-05 15:00:00+00:00, run_after=2026-09-06 15:00:00+00:00
[2026-09-05T07:10:52.061+0000] {processor.py:183} INFO - Processing /opt/airflow/dags/main.py took 0.647 seconds
[2026-09-05T07:11:22.326+0000] {processor.py:161} INFO - Started process (PID=387) to work on /opt/airflow/dags/main.py
[2026-09-05T07:11:22.328+0000] {processor.py:830} INFO - Processing file /opt/airflow/dags/main.py for tasks to queue
[2026-09-05T07:11:22.343+0000] {logging_mixin.py:188} INFO - [2026-09-05T07:11:22.342+0000] {dagbag.py:545} INFO - Filling up the DagBag from /opt/airflow/dags/main.py
[2026-09-05T07:11:22.472+0000] {logging_mixin.py:188} INFO - channel id is not executed
[2026-09-05T07:11:22.652+0000] {processor.py:840} INFO - DAG(s) 'update_db', 'produce_json' retrieved from /opt/airflow/dags/main.py
[2026-09-05T07:11:23.199+0000] {logging_mixin.py:188} INFO - [2026-09-05T07:11:23.199+0000] {dag.py:3096} INFO - Sync 2 DAGs
[2026-09-05T07:11:23.296+0000] {logging_mixin.py:188} INFO - [2026-09-05T07:11:23.296+0000] {dag.py:3954} INFO - Setting next_dagrun for produce_json to 2026-09-05 14:00:00+00:00, run_after=2026-09-06 14:00:00+00:00
[2026-09-05T07:11:23.347+0000] {logging_mixin.py:188} INFO - [2026-09-05T07:11:23.347+0000] {dag.py:3954} INFO - Setting next_dagrun for update_db to 2026-09-05 15:00:00+00:00, run_after=2026-09-06 15:00:00+00:00
[2026-09-05T07:11:23.449+0000] {processor.py:183} INFO - Processing /opt/airflow/dags/main.py took 1.151 seconds
[2026-09-05T07:11:53.965+0000] {processor.py:161} INFO - Started process (PID=394) to work on /opt/airflow/dags/main.py
[2026-09-05T07:11:53.967+0000] {processor.py:830} INFO - Processing file /opt/airflow/dags/main.py for tasks to queue
[2026-09-05T07:11:53.993+0000] {logging_mixin.py:188} INFO - [2026-09-05T07:11:53.992+0000] {dagbag.py:545} INFO - Filling up the DagBag from /opt/airflow/dags/main.py
[2026-09-05T07:11:54.632+0000] {logging_mixin.py:188} INFO - channel id is not executed
[2026-09-05T07:11:54.753+0000] {processor.py:840} INFO - DAG(s) 'update_db', 'produce_json' retrieved from /opt/airflow/dags/main.py
[2026-09-05T07:11:55.018+0000] {logging_mixin.py:188} INFO - [2026-09-05T07:11:55.018+0000] {dag.py:3096} INFO - Sync 2 DAGs
[2026-09-05T07:11:55.059+0000] {logging_mixin.py:188} INFO - [2026-09-05T07:11:55.059+0000] {dag.py:3954} INFO - Setting next_dagrun for produce_json to 2026-09-05 14:00:00+00:00, run_after=2026-09-06 14:00:00+00:00
[2026-09-05T07:11:55.069+0000] {logging_mixin.py:188} INFO - [2026-09-05T07:11:55.069+0000] {dag.py:3954} INFO - Setting next_dagrun for update_db to 2026-09-05 15:00:00+00:00, run_after=2026-09-06 15:00:00+00:00
[2026-09-05T07:11:55.114+0000] {processor.py:183} INFO - Processing /opt/airflow/dags/main.py took 1.158 seconds
[2026-09-05T07:12:25.983+0000] {processor.py:161} INFO - Started process (PID=402) to work on /opt/airflow/dags/main.py
[2026-09-05T07:12:25.989+0000] {processor.py:830} INFO - Processing file /opt/airflow/dags/main.py for tasks to queue
[2026-09-05T07:12:25.995+0000] {logging_mixin.py:188} INFO - [2026-09-05T07:12:25.994+0000] {dagbag.py:545} INFO - Filling up the DagBag from /opt/airflow/dags/main.py
[2026-09-05T07:12:26.128+0000] {logging_mixin.py:188} INFO - channel id is not executed
[2026-09-05T07:12:26.508+0000] {processor.py:840} INFO - DAG(s) 'update_db', 'produce_json' retrieved from /opt/airflow/dags/main.py
[2026-09-05T07:12:26.982+0000] {logging_mixin.py:188} INFO - [2026-09-05T07:12:26.982+0000] {dag.py:3096} INFO - Sync 2 DAGs
[2026-09-05T07:12:27.042+0000] {logging_mixin.py:188} INFO - [2026-09-05T07:12:27.041+0000] {dag.py:3954} INFO - Setting next_dagrun for produce_json to 2026-09-05 14:00:00+00:00, run_after=2026-09-06 14:00:00+00:00
[2026-09-05T07:12:27.061+0000] {logging_mixin.py:188} INFO - [2026-09-05T07:12:27.061+0000] {dag.py:3954} INFO - Setting next_dagrun for update_db to 2026-09-05 15:00:00+00:00, run_after=2026-09-06 15:00:00+00:00
[2026-09-05T07:12:27.149+0000] {processor.py:183} INFO - Processing /opt/airflow/dags/main.py took 1.195 seconds
[2026-09-05T07:12:57.454+0000] {processor.py:161} INFO - Started process (PID=410) to work on /opt/airflow/dags/main.py
[2026-09-05T07:12:57.457+0000] {processor.py:830} INFO - Processing file /opt/airflow/dags/main.py for tasks to queue
[2026-09-05T07:12:57.461+0000] {logging_mixin.py:188} INFO - [2026-09-05T07:12:57.460+0000] {dagbag.py:545} INFO - Filling up the DagBag from /opt/airflow/dags/main.py
[2026-09-05T07:12:57.587+0000] {logging_mixin.py:188} INFO - channel id is not executed
[2026-09-05T07:12:57.698+0000] {processor.py:840} INFO - DAG(s) 'update_db', 'produce_json' retrieved from /opt/airflow/dags/main.py
[2026-09-05T07:12:57.902+0000] {logging_mixin.py:188} INFO - [2026-09-05T07:12:57.901+0000] {dag.py:3096} INFO - Sync 2 DAGs
[2026-09-05T07:12:57.938+0000] {logging_mixin.py:188} INFO - [2026-09-05T07:12:57.938+0000] {dag.py:3954} INFO - Setting next_dagrun for produce_json to 2026-09-05 14:00:00+00:00, run_after=2026-09-06 14:00:00+00:00
[2026-09-05T07:12:57.948+0000] {logging_mixin.py:188} INFO - [2026-09-05T07:12:57.948+0000] {dag.py:3954} INFO - Setting next_dagrun for update_db to 2026-09-05 15:00:00+00:00, run_after=2026-09-06 15:00:00+00:00
[2026-09-05T07:12:57.985+0000] {processor.py:183} INFO - Processing /opt/airflow/dags/main.py took 0.542 seconds
[2026-09-05T07:13:28.244+0000] {processor.py:161} INFO - Started process (PID=417) to work on /opt/airflow/dags/main.py
[2026-09-05T07:13:28.246+0000] {processor.py:830} INFO - Processing file /opt/airflow/dags/main.py for tasks to queue
[2026-09-05T07:13:28.251+0000] {logging_mixin.py:188} INFO - [2026-09-05T07:13:28.251+0000] {dagbag.py:545} INFO - Filling up the DagBag from /opt/airflow/dags/main.py
[2026-09-05T07:13:28.334+0000] {logging_mixin.py:188} INFO - channel id is not executed
[2026-09-05T07:13:28.558+0000] {processor.py:840} INFO - DAG(s) 'produce_json', 'update_db' retrieved from /opt/airflow/dags/main.py
[2026-09-05T07:13:28.772+0000] {logging_mixin.py:188} INFO - [2026-09-05T07:13:28.772+0000] {dag.py:3096} INFO - Sync 2 DAGs
[2026-09-05T07:13:28.812+0000] {logging_mixin.py:188} INFO - [2026-09-05T07:13:28.811+0000] {dag.py:3954} INFO - Setting next_dagrun for produce_json to 2026-09-05 14:00:00+00:00, run_after=2026-09-06 14:00:00+00:00
[2026-09-05T07:13:28.821+0000] {logging_mixin.py:188} INFO - [2026-09-05T07:13:28.821+0000] {dag.py:3954} INFO - Setting next_dagrun for update_db to 2026-09-05 15:00:00+00:00, run_after=2026-09-06 15:00:00+00:00
[2026-09-05T07:13:28.858+0000] {processor.py:183} INFO - Processing /opt/airflow/dags/main.py took 0.626 seconds
[2026-09-05T07:13:59.498+0000] {processor.py:161} INFO - Started process (PID=423) to work on /opt/airflow/dags/main.py
[2026-09-05T07:13:59.509+0000] {processor.py:830} INFO - Processing file /opt/airflow/dags/main.py for tasks to queue
[2026-09-05T07:13:59.517+0000] {logging_mixin.py:188} INFO - [2026-09-05T07:13:59.517+0000] {dagbag.py:545} INFO - Filling up the DagBag from /opt/airflow/dags/main.py
[2026-09-05T07:13:59.626+0000] {logging_mixin.py:188} INFO - channel id is not executed
[2026-09-05T07:14:00.186+0000] {processor.py:840} INFO - DAG(s) 'produce_json', 'update_db' retrieved from /opt/airflow/dags/main.py
[2026-09-05T07:14:00.490+0000] {logging_mixin.py:188} INFO - [2026-09-05T07:14:00.489+0000] {dag.py:3096} INFO - Sync 2 DAGs
[2026-09-05T07:14:00.535+0000] {logging_mixin.py:188} INFO - [2026-09-05T07:14:00.535+0000] {dag.py:3954} INFO - Setting next_dagrun for produce_json to 2026-09-05 14:00:00+00:00, run_after=2026-09-06 14:00:00+00:00
[2026-09-05T07:14:00.555+0000] {logging_mixin.py:188} INFO - [2026-09-05T07:14:00.554+0000] {dag.py:3954} INFO - Setting next_dagrun for update_db to 2026-09-05 15:00:00+00:00, run_after=2026-09-06 15:00:00+00:00
[2026-09-05T07:14:00.593+0000] {processor.py:183} INFO - Processing /opt/airflow/dags/main.py took 1.119 seconds
[2026-09-05T07:14:30.922+0000] {processor.py:161} INFO - Started process (PID=430) to work on /opt/airflow/dags/main.py
[2026-09-05T07:14:30.924+0000] {processor.py:830} INFO - Processing file /opt/airflow/dags/main.py for tasks to queue
[2026-09-05T07:14:30.930+0000] {logging_mixin.py:188} INFO - [2026-09-05T07:14:30.929+0000] {dagbag.py:545} INFO - Filling up the DagBag from /opt/airflow/dags/main.py
[2026-09-05T07:14:31.014+0000] {logging_mixin.py:188} INFO - channel id is not executed
[2026-09-05T07:14:31.108+0000] {processor.py:840} INFO - DAG(s) 'produce_json', 'update_db' retrieved from /opt/airflow/dags/main.py
[2026-09-05T07:14:31.389+0000] {logging_mixin.py:188} INFO - [2026-09-05T07:14:31.389+0000] {dag.py:3096} INFO - Sync 2 DAGs
[2026-09-05T07:14:31.428+0000] {logging_mixin.py:188} INFO - [2026-09-05T07:14:31.427+0000] {dag.py:3954} INFO - Setting next_dagrun for produce_json to 2026-09-05 14:00:00+00:00, run_after=2026-09-06 14:00:00+00:00
[2026-09-05T07:14:31.436+0000] {logging_mixin.py:188} INFO - [2026-09-05T07:14:31.436+0000] {dag.py:3954} INFO - Setting next_dagrun for update_db to 2026-09-05 15:00:00+00:00, run_after=2026-09-06 15:00:00+00:00
[2026-09-05T07:14:31.495+0000] {processor.py:183} INFO - Processing /opt/airflow/dags/main.py took 0.581 seconds
[2026-09-05T07:15:01.718+0000] {processor.py:161} INFO - Started process (PID=437) to work on /opt/airflow/dags/main.py
[2026-09-05T07:15:01.720+0000] {processor.py:830} INFO - Processing file /opt/airflow/dags/main.py for tasks to queue
[2026-09-05T07:15:01.724+0000] {logging_mixin.py:188} INFO - [2026-09-05T07:15:01.724+0000] {dagbag.py:545} INFO - Filling up the DagBag from /opt/airflow/dags/main.py
[2026-09-05T07:15:01.899+0000] {logging_mixin.py:188} INFO - channel id is not executed
[2026-09-05T07:15:02.118+0000] {processor.py:840} INFO - DAG(s) 'update_db', 'produce_json' retrieved from /opt/airflow/dags/main.py
[2026-09-05T07:15:02.320+0000] {logging_mixin.py:188} INFO - [2026-09-05T07:15:02.320+0000] {dag.py:3096} INFO - Sync 2 DAGs
[2026-09-05T07:15:02.360+0000] {logging_mixin.py:188} INFO - [2026-09-05T07:15:02.360+0000] {dag.py:3954} INFO - Setting next_dagrun for produce_json to 2026-09-05 14:00:00+00:00, run_after=2026-09-06 14:00:00+00:00
[2026-09-05T07:15:02.368+0000] {logging_mixin.py:188} INFO - [2026-09-05T07:15:02.368+0000] {dag.py:3954} INFO - Setting next_dagrun for update_db to 2026-09-05 15:00:00+00:00, run_after=2026-09-06 15:00:00+00:00
[2026-09-05T07:15:02.421+0000] {processor.py:183} INFO - Processing /opt/airflow/dags/main.py took 0.712 seconds
[2026-09-05T07:15:32.638+0000] {processor.py:161} INFO - Started process (PID=443) to work on /opt/airflow/dags/main.py
[2026-09-05T07:15:32.641+0000] {processor.py:830} INFO - Processing file /opt/airflow/dags/main.py for tasks to queue
[2026-09-05T07:15:32.646+0000] {logging_mixin.py:188} INFO - [2026-09-05T07:15:32.646+0000] {dagbag.py:545} INFO - Filling up the DagBag from /opt/airflow/dags/main.py
[2026-09-05T07:15:32.714+0000] {logging_mixin.py:188} INFO - channel id is not executed
[2026-09-05T07:15:32.800+0000] {processor.py:840} INFO - DAG(s) 'produce_json', 'update_db' retrieved from /opt/airflow/dags/main.py
[2026-09-05T07:15:33.010+0000] {logging_mixin.py:188} INFO - [2026-09-05T07:15:33.009+0000] {dag.py:3096} INFO - Sync 2 DAGs
[2026-09-05T07:15:33.057+0000] {logging_mixin.py:188} INFO - [2026-09-05T07:15:33.056+0000] {dag.py:3954} INFO - Setting next_dagrun for produce_json to 2026-09-05 14:00:00+00:00, run_after=2026-09-06 14:00:00+00:00
[2026-09-05T07:15:33.067+0000] {logging_mixin.py:188} INFO - [2026-09-05T07:15:33.066+0000] {dag.py:3954} INFO - Setting next_dagrun for update_db to 2026-09-05 15:00:00+00:00, run_after=2026-09-06 15:00:00+00:00
[2026-09-05T07:15:33.103+0000] {processor.py:183} INFO - Processing /opt/airflow/dags/main.py took 0.474 seconds
[2026-09-05T07:16:03.316+0000] {processor.py:161} INFO - Started process (PID=450) to work on /opt/airflow/dags/main.py
[2026-09-05T07:16:03.318+0000] {processor.py:830} INFO - Processing file /opt/airflow/dags/main.py for tasks to queue
[2026-09-05T07:16:03.322+0000] {logging_mixin.py:188} INFO - [2026-09-05T07:16:03.321+0000] {dagbag.py:545} INFO - Filling up the DagBag from /opt/airflow/dags/main.py
[2026-09-05T07:16:03.395+0000] {logging_mixin.py:188} INFO - channel id is not executed
[2026-09-05T07:16:03.499+0000] {processor.py:840} INFO - DAG(s) 'produce_json', 'update_db' retrieved from /opt/airflow/dags/main.py
[2026-09-05T07:16:03.795+0000] {logging_mixin.py:188} INFO - [2026-09-05T07:16:03.795+0000] {dag.py:3096} INFO - Sync 2 DAGs
[2026-09-05T07:16:03.835+0000] {logging_mixin.py:188} INFO - [2026-09-05T07:16:03.835+0000] {dag.py:3954} INFO - Setting next_dagrun for produce_json to 2026-09-05 14:00:00+00:00, run_after=2026-09-06 14:00:00+00:00
[2026-09-05T07:16:03.848+0000] {logging_mixin.py:188} INFO - [2026-09-05T07:16:03.848+0000] {dag.py:3954} INFO - Setting next_dagrun for update_db to 2026-09-05 15:00:00+00:00, run_after=2026-09-06 15:00:00+00:00
[2026-09-05T07:16:03.885+0000] {processor.py:183} INFO - Processing /opt/airflow/dags/main.py took 0.578 seconds
[2026-09-05T07:16:34.375+0000] {processor.py:161} INFO - Started process (PID=457) to work on /opt/airflow/dags/main.py
[2026-09-05T07:16:34.377+0000] {processor.py:830} INFO - Processing file /opt/airflow/dags/main.py for tasks to queue
[2026-09-05T07:16:34.381+0000] {logging_mixin.py:188} INFO - [2026-09-05T07:16:34.381+0000] {dagbag.py:545} INFO - Filling up the DagBag from /opt/airflow/dags/main.py
[2026-09-05T07:16:34.442+0000] {logging_mixin.py:188} INFO - channel id is not executed
[2026-09-05T07:16:34.550+0000] {processor.py:840} INFO - DAG(s) 'produce_json', 'update_db' retrieved from /opt/airflow/dags/main.py
[2026-09-05T07:16:34.787+0000] {logging_mixin.py:188} INFO - [2026-09-05T07:16:34.781+0000] {dag.py:3096} INFO - Sync 2 DAGs
[2026-09-05T07:16:34.831+0000] {logging_mixin.py:188} INFO - [2026-09-05T07:16:34.830+0000] {dag.py:3954} INFO - Setting next_dagrun for produce_json to 2026-09-05 14:00:00+00:00, run_after=2026-09-06 14:00:00+00:00
[2026-09-05T07:16:34.840+0000] {logging_mixin.py:188} INFO - [2026-09-05T07:16:34.839+0000] {dag.py:3954} INFO - Setting next_dagrun for update_db to 2026-09-05 15:00:00+00:00, run_after=2026-09-06 15:00:00+00:00
[2026-09-05T07:16:34.877+0000] {processor.py:183} INFO - Processing /opt/airflow/dags/main.py took 0.512 seconds
[2026-09-05T07:17:05.387+0000] {processor.py:161} INFO - Started process (PID=464) to work on /opt/airflow/dags/main.py
[2026-09-05T07:17:05.393+0000] {processor.py:830} INFO - Processing file /opt/airflow/dags/main.py for tasks to queue
[2026-09-05T07:17:05.402+0000] {logging_mixin.py:188} INFO - [2026-09-05T07:17:05.401+0000] {dagbag.py:545} INFO - Filling up the DagBag from /opt/airflow/dags/main.py
[2026-09-05T07:17:05.547+0000] {logging_mixin.py:188} INFO - channel id is not executed
[2026-09-05T07:17:05.692+0000] {processor.py:840} INFO - DAG(s) 'update_db', 'produce_json' retrieved from /opt/airflow/dags/main.py
[2026-09-05T07:17:06.048+0000] {logging_mixin.py:188} INFO - [2026-09-05T07:17:06.048+0000] {dag.py:3096} INFO - Sync 2 DAGs
[2026-09-05T07:17:06.084+0000] {logging_mixin.py:188} INFO - [2026-09-05T07:17:06.084+0000] {dag.py:3954} INFO - Setting next_dagrun for produce_json to 2026-09-05 14:00:00+00:00, run_after=2026-09-06 14:00:00+00:00
[2026-09-05T07:17:06.117+0000] {logging_mixin.py:188} INFO - [2026-09-05T07:17:06.116+0000] {dag.py:3954} INFO - Setting next_dagrun for update_db to 2026-09-05 15:00:00+00:00, run_after=2026-09-06 15:00:00+00:00
[2026-09-05T07:17:06.167+0000] {processor.py:183} INFO - Processing /opt/airflow/dags/main.py took 0.798 seconds
[2026-09-05T07:17:36.991+0000] {processor.py:161} INFO - Started process (PID=476) to work on /opt/airflow/dags/main.py
[2026-09-05T07:17:36.994+0000] {processor.py:830} INFO - Processing file /opt/airflow/dags/main.py for tasks to queue
[2026-09-05T07:17:36.998+0000] {logging_mixin.py:188} INFO - [2026-09-05T07:17:36.997+0000] {dagbag.py:545} INFO - Filling up the DagBag from /opt/airflow/dags/main.py
[2026-09-05T07:17:37.070+0000] {logging_mixin.py:188} INFO - channel id is not executed
[2026-09-05T07:17:37.186+0000] {processor.py:840} INFO - DAG(s) 'produce_json', 'update_db' retrieved from /opt/airflow/dags/main.py
[2026-09-05T07:17:37.388+0000] {logging_mixin.py:188} INFO - [2026-09-05T07:17:37.387+0000] {dag.py:3096} INFO - Sync 2 DAGs
[2026-09-05T07:17:37.428+0000] {logging_mixin.py:188} INFO - [2026-09-05T07:17:37.428+0000] {dag.py:3954} INFO - Setting next_dagrun for produce_json to 2026-09-05 14:00:00+00:00, run_after=2026-09-06 14:00:00+00:00
[2026-09-05T07:17:37.437+0000] {logging_mixin.py:188} INFO - [2026-09-05T07:17:37.437+0000] {dag.py:3954} INFO - Setting next_dagrun for update_db to 2026-09-05 15:00:00+00:00, run_after=2026-09-06 15:00:00+00:00
[2026-09-05T07:17:37.474+0000] {processor.py:183} INFO - Processing /opt/airflow/dags/main.py took 0.495 seconds
[2026-09-05T07:18:07.935+0000] {processor.py:161} INFO - Started process (PID=483) to work on /opt/airflow/dags/main.py
[2026-09-05T07:18:07.938+0000] {processor.py:830} INFO - Processing file /opt/airflow/dags/main.py for tasks to queue
[2026-09-05T07:18:07.942+0000] {logging_mixin.py:188} INFO - [2026-09-05T07:18:07.942+0000] {dagbag.py:545} INFO - Filling up the DagBag from /opt/airflow/dags/main.py
[2026-09-05T07:18:08.139+0000] {logging_mixin.py:188} INFO - channel id is not executed
[2026-09-05T07:18:08.232+0000] {processor.py:840} INFO - DAG(s) 'update_db', 'produce_json' retrieved from /opt/airflow/dags/main.py
[2026-09-05T07:18:08.451+0000] {logging_mixin.py:188} INFO - [2026-09-05T07:18:08.451+0000] {dag.py:3096} INFO - Sync 2 DAGs
[2026-09-05T07:18:08.490+0000] {logging_mixin.py:188} INFO - [2026-09-05T07:18:08.490+0000] {dag.py:3954} INFO - Setting next_dagrun for produce_json to 2026-09-05 14:00:00+00:00, run_after=2026-09-06 14:00:00+00:00
[2026-09-05T07:18:08.501+0000] {logging_mixin.py:188} INFO - [2026-09-05T07:18:08.501+0000] {dag.py:3954} INFO - Setting next_dagrun for update_db to 2026-09-05 15:00:00+00:00, run_after=2026-09-06 15:00:00+00:00
[2026-09-05T07:18:08.539+0000] {processor.py:183} INFO - Processing /opt/airflow/dags/main.py took 0.616 seconds
[2026-09-05T07:18:38.852+0000] {processor.py:161} INFO - Started process (PID=490) to work on /opt/airflow/dags/main.py
[2026-09-05T07:18:38.854+0000] {processor.py:830} INFO - Processing file /opt/airflow/dags/main.py for tasks to queue
[2026-09-05T07:18:38.859+0000] {logging_mixin.py:188} INFO - [2026-09-05T07:18:38.858+0000] {dagbag.py:545} INFO - Filling up the DagBag from /opt/airflow/dags/main.py
[2026-09-05T07:18:38.931+0000] {logging_mixin.py:188} INFO - channel id is not executed
[2026-09-05T07:18:39.028+0000] {processor.py:840} INFO - DAG(s) 'produce_json', 'update_db' retrieved from /opt/airflow/dags/main.py
[2026-09-05T07:18:39.241+0000] {logging_mixin.py:188} INFO - [2026-09-05T07:18:39.240+0000] {dag.py:3096} INFO - Sync 2 DAGs
[2026-09-05T07:18:39.279+0000] {logging_mixin.py:188} INFO - [2026-09-05T07:18:39.278+0000] {dag.py:3954} INFO - Setting next_dagrun for produce_json to 2026-09-05 14:00:00+00:00, run_after=2026-09-06 14:00:00+00:00
[2026-09-05T07:18:39.287+0000] {logging_mixin.py:188} INFO - [2026-09-05T07:18:39.287+0000] {dag.py:3954} INFO - Setting next_dagrun for update_db to 2026-09-05 15:00:00+00:00, run_after=2026-09-06 15:00:00+00:00
[2026-09-05T07:18:39.323+0000] {processor.py:183} INFO - Processing /opt/airflow/dags/main.py took 0.485 seconds
[2026-09-05T07:19:09.679+0000] {processor.py:161} INFO - Started process (PID=497) to work on /opt/airflow/dags/main.py
[2026-09-05T07:19:09.682+0000] {processor.py:830} INFO - Processing file /opt/airflow/dags/main.py for tasks to queue
[2026-09-05T07:19:09.686+0000] {logging_mixin.py:188} INFO - [2026-09-05T07:19:09.685+0000] {dagbag.py:545} INFO - Filling up the DagBag from /opt/airflow/dags/main.py
[2026-09-05T07:19:09.747+0000] {logging_mixin.py:188} INFO - channel id is not executed
[2026-09-05T07:19:09.847+0000] {processor.py:840} INFO - DAG(s) 'produce_json', 'update_db' retrieved from /opt/airflow/dags/main.py
[2026-09-05T07:19:10.278+0000] {logging_mixin.py:188} INFO - [2026-09-05T07:19:10.277+0000] {dag.py:3096} INFO - Sync 2 DAGs
[2026-09-05T07:19:10.319+0000] {logging_mixin.py:188} INFO - [2026-09-05T07:19:10.318+0000] {dag.py:3954} INFO - Setting next_dagrun for produce_json to 2026-09-05 14:00:00+00:00, run_after=2026-09-06 14:00:00+00:00
[2026-09-05T07:19:10.327+0000] {logging_mixin.py:188} INFO - [2026-09-05T07:19:10.327+0000] {dag.py:3954} INFO - Setting next_dagrun for update_db to 2026-09-05 15:00:00+00:00, run_after=2026-09-06 15:00:00+00:00
[2026-09-05T07:19:10.365+0000] {processor.py:183} INFO - Processing /opt/airflow/dags/main.py took 0.695 seconds
[2026-09-05T07:19:40.488+0000] {processor.py:161} INFO - Started process (PID=504) to work on /opt/airflow/dags/main.py
[2026-09-05T07:19:40.490+0000] {processor.py:830} INFO - Processing file /opt/airflow/dags/main.py for tasks to queue
[2026-09-05T07:19:40.497+0000] {logging_mixin.py:188} INFO - [2026-09-05T07:19:40.496+0000] {dagbag.py:545} INFO - Filling up the DagBag from /opt/airflow/dags/main.py
[2026-09-05T07:19:40.567+0000] {logging_mixin.py:188} INFO - channel id is not executed
[2026-09-05T07:19:40.666+0000] {processor.py:840} INFO - DAG(s) 'produce_json', 'update_db' retrieved from /opt/airflow/dags/main.py
[2026-09-05T07:19:40.864+0000] {logging_mixin.py:188} INFO - [2026-09-05T07:19:40.864+0000] {dag.py:3096} INFO - Sync 2 DAGs
[2026-09-05T07:19:40.902+0000] {logging_mixin.py:188} INFO - [2026-09-05T07:19:40.902+0000] {dag.py:3954} INFO - Setting next_dagrun for produce_json to 2026-09-05 14:00:00+00:00, run_after=2026-09-06 14:00:00+00:00
[2026-09-05T07:19:40.912+0000] {logging_mixin.py:188} INFO - [2026-09-05T07:19:40.911+0000] {dag.py:3954} INFO - Setting next_dagrun for update_db to 2026-09-05 15:00:00+00:00, run_after=2026-09-06 15:00:00+00:00
[2026-09-05T07:19:41.043+0000] {processor.py:183} INFO - Processing /opt/airflow/dags/main.py took 0.567 seconds
[2026-09-05T07:20:11.352+0000] {processor.py:161} INFO - Started process (PID=510) to work on /opt/airflow/dags/main.py
[2026-09-05T07:20:11.354+0000] {processor.py:830} INFO - Processing file /opt/airflow/dags/main.py for tasks to queue
[2026-09-05T07:20:11.358+0000] {logging_mixin.py:188} INFO - [2026-09-05T07:20:11.358+0000] {dagbag.py:545} INFO - Filling up the DagBag from /opt/airflow/dags/main.py
[2026-09-05T07:20:11.430+0000] {logging_mixin.py:188} INFO - channel id is not executed
[2026-09-05T07:20:11.620+0000] {processor.py:840} INFO - DAG(s) 'produce_json', 'update_db' retrieved from /opt/airflow/dags/main.py
[2026-09-05T07:20:11.832+0000] {logging_mixin.py:188} INFO - [2026-09-05T07:20:11.831+0000] {dag.py:3096} INFO - Sync 2 DAGs
[2026-09-05T07:20:11.872+0000] {logging_mixin.py:188} INFO - [2026-09-05T07:20:11.872+0000] {dag.py:3954} INFO - Setting next_dagrun for produce_json to 2026-09-05 14:00:00+00:00, run_after=2026-09-06 14:00:00+00:00
[2026-09-05T07:20:11.881+0000] {logging_mixin.py:188} INFO - [2026-09-05T07:20:11.881+0000] {dag.py:3954} INFO - Setting next_dagrun for update_db to 2026-09-05 15:00:00+00:00, run_after=2026-09-06 15:00:00+00:00
[2026-09-05T07:20:11.954+0000] {processor.py:183} INFO - Processing /opt/airflow/dags/main.py took 0.611 seconds
[2026-09-05T07:20:42.637+0000] {processor.py:161} INFO - Started process (PID=518) to work on /opt/airflow/dags/main.py
[2026-09-05T07:20:42.640+0000] {processor.py:830} INFO - Processing file /opt/airflow/dags/main.py for tasks to queue
[2026-09-05T07:20:42.649+0000] {logging_mixin.py:188} INFO - [2026-09-05T07:20:42.649+0000] {dagbag.py:545} INFO - Filling up the DagBag from /opt/airflow/dags/main.py
[2026-09-05T07:20:42.713+0000] {logging_mixin.py:188} INFO - channel id is not executed
[2026-09-05T07:20:42.818+0000] {processor.py:840} INFO - DAG(s) 'produce_json', 'update_db' retrieved from /opt/airflow/dags/main.py
[2026-09-05T07:20:43.098+0000] {logging_mixin.py:188} INFO - [2026-09-05T07:20:43.098+0000] {dag.py:3096} INFO - Sync 2 DAGs
[2026-09-05T07:20:43.157+0000] {logging_mixin.py:188} INFO - [2026-09-05T07:20:43.157+0000] {dag.py:3954} INFO - Setting next_dagrun for produce_json to 2026-09-05 14:00:00+00:00, run_after=2026-09-06 14:00:00+00:00
[2026-09-05T07:20:43.166+0000] {logging_mixin.py:188} INFO - [2026-09-05T07:20:43.165+0000] {dag.py:3954} INFO - Setting next_dagrun for update_db to 2026-09-05 15:00:00+00:00, run_after=2026-09-06 15:00:00+00:00
[2026-09-05T07:20:43.204+0000] {processor.py:183} INFO - Processing /opt/airflow/dags/main.py took 0.576 seconds
[2026-09-05T07:21:13.724+0000] {processor.py:161} INFO - Started process (PID=526) to work on /opt/airflow/dags/main.py
[2026-09-05T07:21:13.735+0000] {processor.py:830} INFO - Processing file /opt/airflow/dags/main.py for tasks to queue
[2026-09-05T07:21:13.740+0000] {logging_mixin.py:188} INFO - [2026-09-05T07:21:13.739+0000] {dagbag.py:545} INFO - Filling up the DagBag from /opt/airflow/dags/main.py
[2026-09-05T07:21:13.824+0000] {logging_mixin.py:188} INFO - channel id is not executed
[2026-09-05T07:21:13.912+0000] {processor.py:840} INFO - DAG(s) 'produce_json', 'update_db' retrieved from /opt/airflow/dags/main.py
[2026-09-05T07:21:14.122+0000] {logging_mixin.py:188} INFO - [2026-09-05T07:21:14.121+0000] {dag.py:3096} INFO - Sync 2 DAGs
[2026-09-05T07:21:14.158+0000] {logging_mixin.py:188} INFO - [2026-09-05T07:21:14.158+0000] {dag.py:3954} INFO - Setting next_dagrun for produce_json to 2026-09-05 14:00:00+00:00, run_after=2026-09-06 14:00:00+00:00
[2026-09-05T07:21:14.166+0000] {logging_mixin.py:188} INFO - [2026-09-05T07:21:14.166+0000] {dag.py:3954} INFO - Setting next_dagrun for update_db to 2026-09-05 15:00:00+00:00, run_after=2026-09-06 15:00:00+00:00
[2026-09-05T07:21:14.203+0000] {processor.py:183} INFO - Processing /opt/airflow/dags/main.py took 0.499 seconds
[2026-09-05T07:21:44.755+0000] {processor.py:161} INFO - Started process (PID=535) to work on /opt/airflow/dags/main.py
[2026-09-05T07:21:44.757+0000] {processor.py:830} INFO - Processing file /opt/airflow/dags/main.py for tasks to queue
[2026-09-05T07:21:44.762+0000] {logging_mixin.py:188} INFO - [2026-09-05T07:21:44.761+0000] {dagbag.py:545} INFO - Filling up the DagBag from /opt/airflow/dags/main.py
[2026-09-05T07:21:44.824+0000] {logging_mixin.py:188} INFO - channel id is not executed
[2026-09-05T07:21:45.230+0000] {processor.py:840} INFO - DAG(s) 'update_db', 'produce_json' retrieved from /opt/airflow/dags/main.py
[2026-09-05T07:21:45.549+0000] {logging_mixin.py:188} INFO - [2026-09-05T07:21:45.549+0000] {dag.py:3096} INFO - Sync 2 DAGs
[2026-09-05T07:21:45.584+0000] {logging_mixin.py:188} INFO - [2026-09-05T07:21:45.583+0000] {dag.py:3954} INFO - Setting next_dagrun for produce_json to 2026-09-05 14:00:00+00:00, run_after=2026-09-06 14:00:00+00:00
[2026-09-05T07:21:45.593+0000] {logging_mixin.py:188} INFO - [2026-09-05T07:21:45.593+0000] {dag.py:3954} INFO - Setting next_dagrun for update_db to 2026-09-05 15:00:00+00:00, run_after=2026-09-06 15:00:00+00:00
[2026-09-05T07:21:45.645+0000] {processor.py:183} INFO - Processing /opt/airflow/dags/main.py took 0.899 seconds
[2026-09-05T07:22:16.517+0000] {processor.py:161} INFO - Started process (PID=541) to work on /opt/airflow/dags/main.py
[2026-09-05T07:22:16.520+0000] {processor.py:830} INFO - Processing file /opt/airflow/dags/main.py for tasks to queue
[2026-09-05T07:22:16.526+0000] {logging_mixin.py:188} INFO - [2026-09-05T07:22:16.525+0000] {dagbag.py:545} INFO - Filling up the DagBag from /opt/airflow/dags/main.py
[2026-09-05T07:22:16.622+0000] {logging_mixin.py:188} INFO - channel id is not executed
[2026-09-05T07:22:16.725+0000] {processor.py:840} INFO - DAG(s) 'produce_json', 'update_db' retrieved from /opt/airflow/dags/main.py
[2026-09-05T07:22:17.024+0000] {logging_mixin.py:188} INFO - [2026-09-05T07:22:17.024+0000] {dag.py:3096} INFO - Sync 2 DAGs
[2026-09-05T07:22:17.075+0000] {logging_mixin.py:188} INFO - [2026-09-05T07:22:17.075+0000] {dag.py:3954} INFO - Setting next_dagrun for produce_json to 2026-09-05 14:00:00+00:00, run_after=2026-09-06 14:00:00+00:00
[2026-09-05T07:22:17.084+0000] {logging_mixin.py:188} INFO - [2026-09-05T07:22:17.083+0000] {dag.py:3954} INFO - Setting next_dagrun for update_db to 2026-09-05 15:00:00+00:00, run_after=2026-09-06 15:00:00+00:00
[2026-09-05T07:22:17.300+0000] {processor.py:183} INFO - Processing /opt/airflow/dags/main.py took 0.804 seconds
[2026-09-05T07:22:48.088+0000] {processor.py:161} INFO - Started process (PID=550) to work on /opt/airflow/dags/main.py
[2026-09-05T07:22:48.090+0000] {processor.py:830} INFO - Processing file /opt/airflow/dags/main.py for tasks to queue
[2026-09-05T07:22:48.094+0000] {logging_mixin.py:188} INFO - [2026-09-05T07:22:48.094+0000] {dagbag.py:545} INFO - Filling up the DagBag from /opt/airflow/dags/main.py
[2026-09-05T07:22:48.197+0000] {logging_mixin.py:188} INFO - channel id is not executed
[2026-09-05T07:22:48.284+0000] {processor.py:840} INFO - DAG(s) 'produce_json', 'update_db' retrieved from /opt/airflow/dags/main.py
[2026-09-05T07:22:48.615+0000] {logging_mixin.py:188} INFO - [2026-09-05T07:22:48.614+0000] {dag.py:3096} INFO - Sync 2 DAGs
[2026-09-05T07:22:48.648+0000] {logging_mixin.py:188} INFO - [2026-09-05T07:22:48.647+0000] {dag.py:3954} INFO - Setting next_dagrun for produce_json to 2026-09-05 14:00:00+00:00, run_after=2026-09-06 14:00:00+00:00
[2026-09-05T07:22:48.656+0000] {logging_mixin.py:188} INFO - [2026-09-05T07:22:48.656+0000] {dag.py:3954} INFO - Setting next_dagrun for update_db to 2026-09-05 15:00:00+00:00, run_after=2026-09-06 15:00:00+00:00
[2026-09-05T07:22:48.697+0000] {processor.py:183} INFO - Processing /opt/airflow/dags/main.py took 0.618 seconds
[2026-09-05T07:23:19.349+0000] {processor.py:161} INFO - Started process (PID=557) to work on /opt/airflow/dags/main.py
[2026-09-05T07:23:19.352+0000] {processor.py:830} INFO - Processing file /opt/airflow/dags/main.py for tasks to queue
[2026-09-05T07:23:19.355+0000] {logging_mixin.py:188} INFO - [2026-09-05T07:23:19.355+0000] {dagbag.py:545} INFO - Filling up the DagBag from /opt/airflow/dags/main.py
[2026-09-05T07:23:19.417+0000] {logging_mixin.py:188} INFO - channel id is not executed
[2026-09-05T07:23:19.493+0000] {processor.py:840} INFO - DAG(s) 'update_db', 'produce_json' retrieved from /opt/airflow/dags/main.py
[2026-09-05T07:23:19.706+0000] {logging_mixin.py:188} INFO - [2026-09-05T07:23:19.706+0000] {dag.py:3096} INFO - Sync 2 DAGs
[2026-09-05T07:23:19.747+0000] {logging_mixin.py:188} INFO - [2026-09-05T07:23:19.747+0000] {dag.py:3954} INFO - Setting next_dagrun for produce_json to 2026-09-05 14:00:00+00:00, run_after=2026-09-06 14:00:00+00:00
[2026-09-05T07:23:19.756+0000] {logging_mixin.py:188} INFO - [2026-09-05T07:23:19.755+0000] {dag.py:3954} INFO - Setting next_dagrun for update_db to 2026-09-05 15:00:00+00:00, run_after=2026-09-06 15:00:00+00:00
[2026-09-05T07:23:19.810+0000] {processor.py:183} INFO - Processing /opt/airflow/dags/main.py took 0.470 seconds
[2026-09-05T07:23:50.304+0000] {processor.py:161} INFO - Started process (PID=564) to work on /opt/airflow/dags/main.py
[2026-09-05T07:23:50.309+0000] {processor.py:830} INFO - Processing file /opt/airflow/dags/main.py for tasks to queue
[2026-09-05T07:23:50.319+0000] {logging_mixin.py:188} INFO - [2026-09-05T07:23:50.318+0000] {dagbag.py:545} INFO - Filling up the DagBag from /opt/airflow/dags/main.py
[2026-09-05T07:23:50.477+0000] {logging_mixin.py:188} INFO - channel id is not executed
[2026-09-05T07:23:50.559+0000] {processor.py:840} INFO - DAG(s) 'update_db', 'produce_json' retrieved from /opt/airflow/dags/main.py
[2026-09-05T07:23:50.844+0000] {logging_mixin.py:188} INFO - [2026-09-05T07:23:50.843+0000] {dag.py:3096} INFO - Sync 2 DAGs
[2026-09-05T07:23:50.883+0000] {logging_mixin.py:188} INFO - [2026-09-05T07:23:50.883+0000] {dag.py:3954} INFO - Setting next_dagrun for produce_json to 2026-09-05 14:00:00+00:00, run_after=2026-09-06 14:00:00+00:00
[2026-09-05T07:23:50.892+0000] {logging_mixin.py:188} INFO - [2026-09-05T07:23:50.892+0000] {dag.py:3954} INFO - Setting next_dagrun for update_db to 2026-09-05 15:00:00+00:00, run_after=2026-09-06 15:00:00+00:00
[2026-09-05T07:23:50.930+0000] {processor.py:183} INFO - Processing /opt/airflow/dags/main.py took 0.684 seconds
[2026-09-05T07:24:21.548+0000] {processor.py:161} INFO - Started process (PID=571) to work on /opt/airflow/dags/main.py
[2026-09-05T07:24:21.550+0000] {processor.py:830} INFO - Processing file /opt/airflow/dags/main.py for tasks to queue
[2026-09-05T07:24:21.556+0000] {logging_mixin.py:188} INFO - [2026-09-05T07:24:21.556+0000] {dagbag.py:545} INFO - Filling up the DagBag from /opt/airflow/dags/main.py
[2026-09-05T07:24:21.653+0000] {logging_mixin.py:188} INFO - channel id is not executed
[2026-09-05T07:24:21.754+0000] {processor.py:840} INFO - DAG(s) 'produce_json', 'update_db' retrieved from /opt/airflow/dags/main.py
[2026-09-05T07:24:22.092+0000] {logging_mixin.py:188} INFO - [2026-09-05T07:24:22.092+0000] {dag.py:3096} INFO - Sync 2 DAGs
[2026-09-05T07:24:22.129+0000] {logging_mixin.py:188} INFO - [2026-09-05T07:24:22.128+0000] {dag.py:3954} INFO - Setting next_dagrun for produce_json to 2026-09-05 14:00:00+00:00, run_after=2026-09-06 14:00:00+00:00
[2026-09-05T07:24:22.138+0000] {logging_mixin.py:188} INFO - [2026-09-05T07:24:22.138+0000] {dag.py:3954} INFO - Setting next_dagrun for update_db to 2026-09-05 15:00:00+00:00, run_after=2026-09-06 15:00:00+00:00
[2026-09-05T07:24:22.178+0000] {processor.py:183} INFO - Processing /opt/airflow/dags/main.py took 0.657 seconds
[2026-09-05T07:24:52.549+0000] {processor.py:161} INFO - Started process (PID=578) to work on /opt/airflow/dags/main.py
[2026-09-05T07:24:52.552+0000] {processor.py:830} INFO - Processing file /opt/airflow/dags/main.py for tasks to queue
[2026-09-05T07:24:52.555+0000] {logging_mixin.py:188} INFO - [2026-09-05T07:24:52.555+0000] {dagbag.py:545} INFO - Filling up the DagBag from /opt/airflow/dags/main.py
[2026-09-05T07:24:52.628+0000] {logging_mixin.py:188} INFO - channel id is not executed
[2026-09-05T07:24:52.719+0000] {processor.py:840} INFO - DAG(s) 'update_db', 'produce_json' retrieved from /opt/airflow/dags/main.py
[2026-09-05T07:24:52.933+0000] {logging_mixin.py:188} INFO - [2026-09-05T07:24:52.932+0000] {dag.py:3096} INFO - Sync 2 DAGs
[2026-09-05T07:24:52.968+0000] {logging_mixin.py:188} INFO - [2026-09-05T07:24:52.968+0000] {dag.py:3954} INFO - Setting next_dagrun for produce_json to 2026-09-05 14:00:00+00:00, run_after=2026-09-06 14:00:00+00:00
[2026-09-05T07:24:52.978+0000] {logging_mixin.py:188} INFO - [2026-09-05T07:24:52.978+0000] {dag.py:3954} INFO - Setting next_dagrun for update_db to 2026-09-05 15:00:00+00:00, run_after=2026-09-06 15:00:00+00:00
[2026-09-05T07:24:53.018+0000] {processor.py:183} INFO - Processing /opt/airflow/dags/main.py took 0.478 seconds
[2026-09-05T07:25:23.140+0000] {processor.py:161} INFO - Started process (PID=585) to work on /opt/airflow/dags/main.py
[2026-09-05T07:25:23.141+0000] {processor.py:830} INFO - Processing file /opt/airflow/dags/main.py for tasks to queue
[2026-09-05T07:25:23.150+0000] {logging_mixin.py:188} INFO - [2026-09-05T07:25:23.150+0000] {dagbag.py:545} INFO - Filling up the DagBag from /opt/airflow/dags/main.py
[2026-09-05T07:25:23.208+0000] {logging_mixin.py:188} INFO - channel id is not executed
[2026-09-05T07:25:23.300+0000] {processor.py:840} INFO - DAG(s) 'update_db', 'produce_json' retrieved from /opt/airflow/dags/main.py
[2026-09-05T07:25:23.583+0000] {logging_mixin.py:188} INFO - [2026-09-05T07:25:23.583+0000] {dag.py:3096} INFO - Sync 2 DAGs
[2026-09-05T07:25:23.694+0000] {logging_mixin.py:188} INFO - [2026-09-05T07:25:23.692+0000] {dag.py:3954} INFO - Setting next_dagrun for produce_json to 2026-09-05 14:00:00+00:00, run_after=2026-09-06 14:00:00+00:00
[2026-09-05T07:25:23.703+0000] {logging_mixin.py:188} INFO - [2026-09-05T07:25:23.702+0000] {dag.py:3954} INFO - Setting next_dagrun for update_db to 2026-09-05 15:00:00+00:00, run_after=2026-09-06 15:00:00+00:00
[2026-09-05T07:25:23.790+0000] {processor.py:183} INFO - Processing /opt/airflow/dags/main.py took 0.660 seconds
[2026-09-05T07:25:54.263+0000] {processor.py:161} INFO - Started process (PID=591) to work on /opt/airflow/dags/main.py
[2026-09-05T07:25:54.266+0000] {processor.py:830} INFO - Processing file /opt/airflow/dags/main.py for tasks to queue
[2026-09-05T07:25:54.270+0000] {logging_mixin.py:188} INFO - [2026-09-05T07:25:54.269+0000] {dagbag.py:545} INFO - Filling up the DagBag from /opt/airflow/dags/main.py
[2026-09-05T07:25:54.346+0000] {logging_mixin.py:188} INFO - channel id is not executed
[2026-09-05T07:25:54.518+0000] {processor.py:840} INFO - DAG(s) 'update_db', 'produce_json' retrieved from /opt/airflow/dags/main.py
[2026-09-05T07:25:54.751+0000] {logging_mixin.py:188} INFO - [2026-09-05T07:25:54.751+0000] {dag.py:3096} INFO - Sync 2 DAGs
[2026-09-05T07:25:54.791+0000] {logging_mixin.py:188} INFO - [2026-09-05T07:25:54.791+0000] {dag.py:3954} INFO - Setting next_dagrun for produce_json to 2026-09-05 14:00:00+00:00, run_after=2026-09-06 14:00:00+00:00
[2026-09-05T07:25:54.800+0000] {logging_mixin.py:188} INFO - [2026-09-05T07:25:54.800+0000] {dag.py:3954} INFO - Setting next_dagrun for update_db to 2026-09-05 15:00:00+00:00, run_after=2026-09-06 15:00:00+00:00
[2026-09-05T07:25:54.849+0000] {processor.py:183} INFO - Processing /opt/airflow/dags/main.py took 0.595 seconds
[2026-09-05T07:26:25.248+0000] {processor.py:161} INFO - Started process (PID=599) to work on /opt/airflow/dags/main.py
[2026-09-05T07:26:25.351+0000] {processor.py:830} INFO - Processing file /opt/airflow/dags/main.py for tasks to queue
[2026-09-05T07:26:25.372+0000] {logging_mixin.py:188} INFO - [2026-09-05T07:26:25.371+0000] {dagbag.py:545} INFO - Filling up the DagBag from /opt/airflow/dags/main.py
[2026-09-05T07:26:25.483+0000] {logging_mixin.py:188} INFO - channel id is not executed
[2026-09-05T07:26:26.092+0000] {processor.py:840} INFO - DAG(s) 'update_db', 'produce_json' retrieved from /opt/airflow/dags/main.py
[2026-09-05T07:26:26.849+0000] {logging_mixin.py:188} INFO - [2026-09-05T07:26:26.849+0000] {dag.py:3096} INFO - Sync 2 DAGs
[2026-09-05T07:26:26.903+0000] {logging_mixin.py:188} INFO - [2026-09-05T07:26:26.903+0000] {dag.py:3954} INFO - Setting next_dagrun for produce_json to 2026-09-05 14:00:00+00:00, run_after=2026-09-06 14:00:00+00:00
[2026-09-05T07:26:26.911+0000] {logging_mixin.py:188} INFO - [2026-09-05T07:26:26.911+0000] {dag.py:3954} INFO - Setting next_dagrun for update_db to 2026-09-05 15:00:00+00:00, run_after=2026-09-06 15:00:00+00:00
[2026-09-05T07:26:26.948+0000] {processor.py:183} INFO - Processing /opt/airflow/dags/main.py took 1.721 seconds
[2026-09-05T07:26:57.498+0000] {processor.py:161} INFO - Started process (PID=605) to work on /opt/airflow/dags/main.py
[2026-09-05T07:26:57.501+0000] {processor.py:830} INFO - Processing file /opt/airflow/dags/main.py for tasks to queue
[2026-09-05T07:26:57.504+0000] {logging_mixin.py:188} INFO - [2026-09-05T07:26:57.504+0000] {dagbag.py:545} INFO - Filling up the DagBag from /opt/airflow/dags/main.py
[2026-09-05T07:26:57.584+0000] {logging_mixin.py:188} INFO - channel id is not executed
[2026-09-05T07:26:57.683+0000] {processor.py:840} INFO - DAG(s) 'produce_json', 'update_db' retrieved from /opt/airflow/dags/main.py
[2026-09-05T07:26:58.101+0000] {logging_mixin.py:188} INFO - [2026-09-05T07:26:58.101+0000] {dag.py:3096} INFO - Sync 2 DAGs
[2026-09-05T07:26:58.155+0000] {logging_mixin.py:188} INFO - [2026-09-05T07:26:58.155+0000] {dag.py:3954} INFO - Setting next_dagrun for produce_json to 2026-09-05 14:00:00+00:00, run_after=2026-09-06 14:00:00+00:00
[2026-09-05T07:26:58.164+0000] {logging_mixin.py:188} INFO - [2026-09-05T07:26:58.163+0000] {dag.py:3954} INFO - Setting next_dagrun for update_db to 2026-09-05 15:00:00+00:00, run_after=2026-09-06 15:00:00+00:00
[2026-09-05T07:26:58.201+0000] {processor.py:183} INFO - Processing /opt/airflow/dags/main.py took 0.714 seconds
[2026-09-05T07:27:29.025+0000] {processor.py:161} INFO - Started process (PID=613) to work on /opt/airflow/dags/main.py
[2026-09-05T07:27:29.027+0000] {processor.py:830} INFO - Processing file /opt/airflow/dags/main.py for tasks to queue
[2026-09-05T07:27:29.032+0000] {logging_mixin.py:188} INFO - [2026-09-05T07:27:29.031+0000] {dagbag.py:545} INFO - Filling up the DagBag from /opt/airflow/dags/main.py
[2026-09-05T07:27:29.106+0000] {logging_mixin.py:188} INFO - channel id is not executed
[2026-09-05T07:27:29.197+0000] {processor.py:840} INFO - DAG(s) 'produce_json', 'update_db' retrieved from /opt/airflow/dags/main.py
[2026-09-05T07:27:29.538+0000] {logging_mixin.py:188} INFO - [2026-09-05T07:27:29.537+0000] {dag.py:3096} INFO - Sync 2 DAGs
[2026-09-05T07:27:29.572+0000] {logging_mixin.py:188} INFO - [2026-09-05T07:27:29.572+0000] {dag.py:3954} INFO - Setting next_dagrun for produce_json to 2026-09-05 14:00:00+00:00, run_after=2026-09-06 14:00:00+00:00
[2026-09-05T07:27:29.582+0000] {logging_mixin.py:188} INFO - [2026-09-05T07:27:29.582+0000] {dag.py:3954} INFO - Setting next_dagrun for update_db to 2026-09-05 15:00:00+00:00, run_after=2026-09-06 15:00:00+00:00
[2026-09-05T07:27:29.620+0000] {processor.py:183} INFO - Processing /opt/airflow/dags/main.py took 0.603 seconds
[2026-09-05T07:28:00.287+0000] {processor.py:161} INFO - Started process (PID=621) to work on /opt/airflow/dags/main.py
[2026-09-05T07:28:00.289+0000] {processor.py:830} INFO - Processing file /opt/airflow/dags/main.py for tasks to queue
[2026-09-05T07:28:00.293+0000] {logging_mixin.py:188} INFO - [2026-09-05T07:28:00.293+0000] {dagbag.py:545} INFO - Filling up the DagBag from /opt/airflow/dags/main.py
[2026-09-05T07:28:00.404+0000] {logging_mixin.py:188} INFO - channel id is not executed
[2026-09-05T07:28:00.597+0000] {processor.py:840} INFO - DAG(s) 'update_db', 'produce_json' retrieved from /opt/airflow/dags/main.py
[2026-09-05T07:28:00.987+0000] {logging_mixin.py:188} INFO - [2026-09-05T07:28:00.987+0000] {dag.py:3096} INFO - Sync 2 DAGs
[2026-09-05T07:28:01.032+0000] {logging_mixin.py:188} INFO - [2026-09-05T07:28:01.032+0000] {dag.py:3954} INFO - Setting next_dagrun for produce_json to 2026-09-05 14:00:00+00:00, run_after=2026-09-06 14:00:00+00:00
[2026-09-05T07:28:01.043+0000] {logging_mixin.py:188} INFO - [2026-09-05T07:28:01.043+0000] {dag.py:3954} INFO - Setting next_dagrun for update_db to 2026-09-05 15:00:00+00:00, run_after=2026-09-06 15:00:00+00:00
[2026-09-05T07:28:01.086+0000] {processor.py:183} INFO - Processing /opt/airflow/dags/main.py took 0.808 seconds
[2026-09-05T07:28:31.703+0000] {processor.py:161} INFO - Started process (PID=627) to work on /opt/airflow/dags/main.py
[2026-09-05T07:28:31.721+0000] {processor.py:830} INFO - Processing file /opt/airflow/dags/main.py for tasks to queue
[2026-09-05T07:28:31.731+0000] {logging_mixin.py:188} INFO - [2026-09-05T07:28:31.731+0000] {dagbag.py:545} INFO - Filling up the DagBag from /opt/airflow/dags/main.py
[2026-09-05T07:28:31.875+0000] {logging_mixin.py:188} INFO - channel id is not executed
[2026-09-05T07:28:31.970+0000] {processor.py:840} INFO - DAG(s) 'update_db', 'produce_json' retrieved from /opt/airflow/dags/main.py
[2026-09-05T07:28:32.239+0000] {logging_mixin.py:188} INFO - [2026-09-05T07:28:32.239+0000] {dag.py:3096} INFO - Sync 2 DAGs
[2026-09-05T07:28:32.283+0000] {logging_mixin.py:188} INFO - [2026-09-05T07:28:32.282+0000] {dag.py:3954} INFO - Setting next_dagrun for produce_json to 2026-09-05 14:00:00+00:00, run_after=2026-09-06 14:00:00+00:00
[2026-09-05T07:28:32.292+0000] {logging_mixin.py:188} INFO - [2026-09-05T07:28:32.291+0000] {dag.py:3954} INFO - Setting next_dagrun for update_db to 2026-09-05 15:00:00+00:00, run_after=2026-09-06 15:00:00+00:00
[2026-09-05T07:28:32.345+0000] {processor.py:183} INFO - Processing /opt/airflow/dags/main.py took 0.657 seconds
[2026-09-05T07:29:02.586+0000] {processor.py:161} INFO - Started process (PID=634) to work on /opt/airflow/dags/main.py
[2026-09-05T07:29:02.591+0000] {processor.py:830} INFO - Processing file /opt/airflow/dags/main.py for tasks to queue
[2026-09-05T07:29:02.596+0000] {logging_mixin.py:188} INFO - [2026-09-05T07:29:02.595+0000] {dagbag.py:545} INFO - Filling up the DagBag from /opt/airflow/dags/main.py
[2026-09-05T07:29:02.717+0000] {logging_mixin.py:188} INFO - channel id is not executed
[2026-09-05T07:29:03.133+0000] {processor.py:840} INFO - DAG(s) 'produce_json', 'update_db' retrieved from /opt/airflow/dags/main.py
[2026-09-05T07:29:03.445+0000] {logging_mixin.py:188} INFO - [2026-09-05T07:29:03.444+0000] {dag.py:3096} INFO - Sync 2 DAGs
[2026-09-05T07:29:03.492+0000] {logging_mixin.py:188} INFO - [2026-09-05T07:29:03.491+0000] {dag.py:3954} INFO - Setting next_dagrun for produce_json to 2026-09-05 14:00:00+00:00, run_after=2026-09-06 14:00:00+00:00
[2026-09-05T07:29:03.503+0000] {logging_mixin.py:188} INFO - [2026-09-05T07:29:03.502+0000] {dag.py:3954} INFO - Setting next_dagrun for update_db to 2026-09-05 15:00:00+00:00, run_after=2026-09-06 15:00:00+00:00
[2026-09-05T07:29:03.562+0000] {processor.py:183} INFO - Processing /opt/airflow/dags/main.py took 0.985 seconds
[2026-09-05T07:29:34.429+0000] {processor.py:161} INFO - Started process (PID=641) to work on /opt/airflow/dags/main.py
[2026-09-05T07:29:34.431+0000] {processor.py:830} INFO - Processing file /opt/airflow/dags/main.py for tasks to queue
[2026-09-05T07:29:34.435+0000] {logging_mixin.py:188} INFO - [2026-09-05T07:29:34.435+0000] {dagbag.py:545} INFO - Filling up the DagBag from /opt/airflow/dags/main.py
[2026-09-05T07:29:34.512+0000] {logging_mixin.py:188} INFO - channel id is not executed
[2026-09-05T07:29:34.605+0000] {processor.py:840} INFO - DAG(s) 'produce_json', 'update_db' retrieved from /opt/airflow/dags/main.py
[2026-09-05T07:29:34.885+0000] {logging_mixin.py:188} INFO - [2026-09-05T07:29:34.885+0000] {dag.py:3096} INFO - Sync 2 DAGs
[2026-09-05T07:29:34.932+0000] {logging_mixin.py:188} INFO - [2026-09-05T07:29:34.931+0000] {dag.py:3954} INFO - Setting next_dagrun for produce_json to 2026-09-05 14:00:00+00:00, run_after=2026-09-06 14:00:00+00:00
[2026-09-05T07:29:34.942+0000] {logging_mixin.py:188} INFO - [2026-09-05T07:29:34.941+0000] {dag.py:3954} INFO - Setting next_dagrun for update_db to 2026-09-05 15:00:00+00:00, run_after=2026-09-06 15:00:00+00:00
[2026-09-05T07:29:34.980+0000] {processor.py:183} INFO - Processing /opt/airflow/dags/main.py took 0.560 seconds
[2026-09-05T07:30:05.168+0000] {processor.py:161} INFO - Started process (PID=648) to work on /opt/airflow/dags/main.py
[2026-09-05T07:30:05.170+0000] {processor.py:830} INFO - Processing file /opt/airflow/dags/main.py for tasks to queue
[2026-09-05T07:30:05.174+0000] {logging_mixin.py:188} INFO - [2026-09-05T07:30:05.173+0000] {dagbag.py:545} INFO - Filling up the DagBag from /opt/airflow/dags/main.py
[2026-09-05T07:30:05.240+0000] {logging_mixin.py:188} INFO - channel id is not executed
[2026-09-05T07:30:05.332+0000] {processor.py:840} INFO - DAG(s) 'produce_json', 'update_db' retrieved from /opt/airflow/dags/main.py
[2026-09-05T07:30:05.662+0000] {logging_mixin.py:188} INFO - [2026-09-05T07:30:05.662+0000] {dag.py:3096} INFO - Sync 2 DAGs
[2026-09-05T07:30:05.700+0000] {logging_mixin.py:188} INFO - [2026-09-05T07:30:05.700+0000] {dag.py:3954} INFO - Setting next_dagrun for produce_json to 2026-09-05 14:00:00+00:00, run_after=2026-09-06 14:00:00+00:00
[2026-09-05T07:30:05.708+0000] {logging_mixin.py:188} INFO - [2026-09-05T07:30:05.708+0000] {dag.py:3954} INFO - Setting next_dagrun for update_db to 2026-09-05 15:00:00+00:00, run_after=2026-09-06 15:00:00+00:00
[2026-09-05T07:30:05.749+0000] {processor.py:183} INFO - Processing /opt/airflow/dags/main.py took 0.595 seconds
[2026-09-05T07:30:36.157+0000] {processor.py:161} INFO - Started process (PID=655) to work on /opt/airflow/dags/main.py
[2026-09-05T07:30:36.160+0000] {processor.py:830} INFO - Processing file /opt/airflow/dags/main.py for tasks to queue
[2026-09-05T07:30:36.165+0000] {logging_mixin.py:188} INFO - [2026-09-05T07:30:36.164+0000] {dagbag.py:545} INFO - Filling up the DagBag from /opt/airflow/dags/main.py
[2026-09-05T07:30:36.242+0000] {logging_mixin.py:188} INFO - channel id is not executed
[2026-09-05T07:30:36.362+0000] {processor.py:840} INFO - DAG(s) 'produce_json', 'update_db' retrieved from /opt/airflow/dags/main.py
[2026-09-05T07:30:36.727+0000] {logging_mixin.py:188} INFO - [2026-09-05T07:30:36.727+0000] {dag.py:3096} INFO - Sync 2 DAGs
[2026-09-05T07:30:36.770+0000] {logging_mixin.py:188} INFO - [2026-09-05T07:30:36.770+0000] {dag.py:3954} INFO - Setting next_dagrun for produce_json to 2026-09-05 14:00:00+00:00, run_after=2026-09-06 14:00:00+00:00
[2026-09-05T07:30:36.779+0000] {logging_mixin.py:188} INFO - [2026-09-05T07:30:36.778+0000] {dag.py:3954} INFO - Setting next_dagrun for update_db to 2026-09-05 15:00:00+00:00, run_after=2026-09-06 15:00:00+00:00
[2026-09-05T07:30:36.815+0000] {processor.py:183} INFO - Processing /opt/airflow/dags/main.py took 0.669 seconds
[2026-09-05T07:31:07.410+0000] {processor.py:161} INFO - Started process (PID=662) to work on /opt/airflow/dags/main.py
[2026-09-05T07:31:07.438+0000] {processor.py:830} INFO - Processing file /opt/airflow/dags/main.py for tasks to queue
[2026-09-05T07:31:07.444+0000] {logging_mixin.py:188} INFO - [2026-09-05T07:31:07.444+0000] {dagbag.py:545} INFO - Filling up the DagBag from /opt/airflow/dags/main.py
[2026-09-05T07:31:07.537+0000] {logging_mixin.py:188} INFO - channel id is not executed
[2026-09-05T07:31:07.768+0000] {processor.py:840} INFO - DAG(s) 'produce_json', 'update_db' retrieved from /opt/airflow/dags/main.py
[2026-09-05T07:31:08.131+0000] {logging_mixin.py:188} INFO - [2026-09-05T07:31:08.130+0000] {dag.py:3096} INFO - Sync 2 DAGs
[2026-09-05T07:31:08.278+0000] {logging_mixin.py:188} INFO - [2026-09-05T07:31:08.277+0000] {dag.py:3954} INFO - Setting next_dagrun for produce_json to 2026-09-05 14:00:00+00:00, run_after=2026-09-06 14:00:00+00:00
[2026-09-05T07:31:08.289+0000] {logging_mixin.py:188} INFO - [2026-09-05T07:31:08.288+0000] {dag.py:3954} INFO - Setting next_dagrun for update_db to 2026-09-05 15:00:00+00:00, run_after=2026-09-06 15:00:00+00:00
[2026-09-05T07:31:08.337+0000] {processor.py:183} INFO - Processing /opt/airflow/dags/main.py took 0.946 seconds
[2026-09-05T07:31:38.788+0000] {processor.py:161} INFO - Started process (PID=669) to work on /opt/airflow/dags/main.py
[2026-09-05T07:31:38.790+0000] {processor.py:830} INFO - Processing file /opt/airflow/dags/main.py for tasks to queue
[2026-09-05T07:31:38.795+0000] {logging_mixin.py:188} INFO - [2026-09-05T07:31:38.794+0000] {dagbag.py:545} INFO - Filling up the DagBag from /opt/airflow/dags/main.py
[2026-09-05T07:31:38.872+0000] {logging_mixin.py:188} INFO - channel id is not executed
[2026-09-05T07:31:38.968+0000] {processor.py:840} INFO - DAG(s) 'update_db', 'produce_json' retrieved from /opt/airflow/dags/main.py
[2026-09-05T07:31:39.206+0000] {logging_mixin.py:188} INFO - [2026-09-05T07:31:39.205+0000] {dag.py:3096} INFO - Sync 2 DAGs
[2026-09-05T07:31:39.285+0000] {logging_mixin.py:188} INFO - [2026-09-05T07:31:39.285+0000] {dag.py:3954} INFO - Setting next_dagrun for produce_json to 2026-09-05 14:00:00+00:00, run_after=2026-09-06 14:00:00+00:00
[2026-09-05T07:31:39.303+0000] {logging_mixin.py:188} INFO - [2026-09-05T07:31:39.303+0000] {dag.py:3954} INFO - Setting next_dagrun for update_db to 2026-09-05 15:00:00+00:00, run_after=2026-09-06 15:00:00+00:00
[2026-09-05T07:31:39.359+0000] {processor.py:183} INFO - Processing /opt/airflow/dags/main.py took 0.583 seconds
[2026-09-05T07:32:09.916+0000] {processor.py:161} INFO - Started process (PID=682) to work on /opt/airflow/dags/main.py
[2026-09-05T07:32:09.918+0000] {processor.py:830} INFO - Processing file /opt/airflow/dags/main.py for tasks to queue
[2026-09-05T07:32:09.923+0000] {logging_mixin.py:188} INFO - [2026-09-05T07:32:09.922+0000] {dagbag.py:545} INFO - Filling up the DagBag from /opt/airflow/dags/main.py
[2026-09-05T07:32:10.030+0000] {logging_mixin.py:188} INFO - channel id is not executed
[2026-09-05T07:32:10.196+0000] {processor.py:840} INFO - DAG(s) 'produce_json', 'update_db' retrieved from /opt/airflow/dags/main.py
[2026-09-05T07:32:10.477+0000] {logging_mixin.py:188} INFO - [2026-09-05T07:32:10.477+0000] {dag.py:3096} INFO - Sync 2 DAGs
[2026-09-05T07:32:10.527+0000] {logging_mixin.py:188} INFO - [2026-09-05T07:32:10.526+0000] {dag.py:3954} INFO - Setting next_dagrun for produce_json to 2026-09-05 14:00:00+00:00, run_after=2026-09-06 14:00:00+00:00
[2026-09-05T07:32:10.536+0000] {logging_mixin.py:188} INFO - [2026-09-05T07:32:10.536+0000] {dag.py:3954} INFO - Setting next_dagrun for update_db to 2026-09-05 15:00:00+00:00, run_after=2026-09-06 15:00:00+00:00
[2026-09-05T07:32:10.614+0000] {processor.py:183} INFO - Processing /opt/airflow/dags/main.py took 0.707 seconds
[2026-09-05T07:32:40.768+0000] {processor.py:161} INFO - Started process (PID=689) to work on /opt/airflow/dags/main.py
[2026-09-05T07:32:40.770+0000] {processor.py:830} INFO - Processing file /opt/airflow/dags/main.py for tasks to queue
[2026-09-05T07:32:40.775+0000] {logging_mixin.py:188} INFO - [2026-09-05T07:32:40.775+0000] {dagbag.py:545} INFO - Filling up the DagBag from /opt/airflow/dags/main.py
[2026-09-05T07:32:40.879+0000] {logging_mixin.py:188} INFO - channel id is not executed
[2026-09-05T07:32:41.037+0000] {processor.py:840} INFO - DAG(s) 'produce_json', 'update_db' retrieved from /opt/airflow/dags/main.py
[2026-09-05T07:32:41.250+0000] {logging_mixin.py:188} INFO - [2026-09-05T07:32:41.250+0000] {dag.py:3096} INFO - Sync 2 DAGs
[2026-09-05T07:32:41.288+0000] {logging_mixin.py:188} INFO - [2026-09-05T07:32:41.287+0000] {dag.py:3954} INFO - Setting next_dagrun for produce_json to 2026-09-05 14:00:00+00:00, run_after=2026-09-06 14:00:00+00:00
[2026-09-05T07:32:41.299+0000] {logging_mixin.py:188} INFO - [2026-09-05T07:32:41.299+0000] {dag.py:3954} INFO - Setting next_dagrun for update_db to 2026-09-05 15:00:00+00:00, run_after=2026-09-06 15:00:00+00:00
[2026-09-05T07:32:41.400+0000] {processor.py:183} INFO - Processing /opt/airflow/dags/main.py took 0.647 seconds
[2026-09-05T07:33:12.017+0000] {processor.py:161} INFO - Started process (PID=695) to work on /opt/airflow/dags/main.py
[2026-09-05T07:33:12.020+0000] {processor.py:830} INFO - Processing file /opt/airflow/dags/main.py for tasks to queue
[2026-09-05T07:33:12.027+0000] {logging_mixin.py:188} INFO - [2026-09-05T07:33:12.026+0000] {dagbag.py:545} INFO - Filling up the DagBag from /opt/airflow/dags/main.py
[2026-09-05T07:33:12.113+0000] {logging_mixin.py:188} INFO - channel id is not executed
[2026-09-05T07:33:12.371+0000] {processor.py:840} INFO - DAG(s) 'produce_json', 'update_db' retrieved from /opt/airflow/dags/main.py
[2026-09-05T07:33:12.688+0000] {logging_mixin.py:188} INFO - [2026-09-05T07:33:12.688+0000] {dag.py:3096} INFO - Sync 2 DAGs
[2026-09-05T07:33:12.777+0000] {logging_mixin.py:188} INFO - [2026-09-05T07:33:12.777+0000] {dag.py:3954} INFO - Setting next_dagrun for produce_json to 2026-09-05 14:00:00+00:00, run_after=2026-09-06 14:00:00+00:00
[2026-09-05T07:33:12.893+0000] {logging_mixin.py:188} INFO - [2026-09-05T07:33:12.893+0000] {dag.py:3954} INFO - Setting next_dagrun for update_db to 2026-09-05 15:00:00+00:00, run_after=2026-09-06 15:00:00+00:00
[2026-09-05T07:33:12.954+0000] {processor.py:183} INFO - Processing /opt/airflow/dags/main.py took 0.948 seconds
[2026-09-05T07:33:43.229+0000] {processor.py:161} INFO - Started process (PID=702) to work on /opt/airflow/dags/main.py
[2026-09-05T07:33:43.232+0000] {processor.py:830} INFO - Processing file /opt/airflow/dags/main.py for tasks to queue
[2026-09-05T07:33:43.236+0000] {logging_mixin.py:188} INFO - [2026-09-05T07:33:43.235+0000] {dagbag.py:545} INFO - Filling up the DagBag from /opt/airflow/dags/main.py
[2026-09-05T07:33:43.299+0000] {logging_mixin.py:188} INFO - channel id is not executed
[2026-09-05T07:33:43.383+0000] {processor.py:840} INFO - DAG(s) 'produce_json', 'update_db' retrieved from /opt/airflow/dags/main.py
[2026-09-05T07:33:43.907+0000] {logging_mixin.py:188} INFO - [2026-09-05T07:33:43.907+0000] {dag.py:3096} INFO - Sync 2 DAGs
[2026-09-05T07:33:43.947+0000] {logging_mixin.py:188} INFO - [2026-09-05T07:33:43.947+0000] {dag.py:3954} INFO - Setting next_dagrun for produce_json to 2026-09-05 14:00:00+00:00, run_after=2026-09-06 14:00:00+00:00
[2026-09-05T07:33:43.955+0000] {logging_mixin.py:188} INFO - [2026-09-05T07:33:43.955+0000] {dag.py:3954} INFO - Setting next_dagrun for update_db to 2026-09-05 15:00:00+00:00, run_after=2026-09-06 15:00:00+00:00
[2026-09-05T07:33:43.996+0000] {processor.py:183} INFO - Processing /opt/airflow/dags/main.py took 0.787 seconds
[2026-09-05T07:34:14.560+0000] {processor.py:161} INFO - Started process (PID=709) to work on /opt/airflow/dags/main.py
[2026-09-05T07:34:14.562+0000] {processor.py:830} INFO - Processing file /opt/airflow/dags/main.py for tasks to queue
[2026-09-05T07:34:14.566+0000] {logging_mixin.py:188} INFO - [2026-09-05T07:34:14.566+0000] {dagbag.py:545} INFO - Filling up the DagBag from /opt/airflow/dags/main.py
[2026-09-05T07:34:14.659+0000] {logging_mixin.py:188} INFO - channel id is not executed
[2026-09-05T07:34:14.974+0000] {processor.py:840} INFO - DAG(s) 'produce_json', 'update_db' retrieved from /opt/airflow/dags/main.py
[2026-09-05T07:34:15.190+0000] {logging_mixin.py:188} INFO - [2026-09-05T07:34:15.190+0000] {dag.py:3096} INFO - Sync 2 DAGs
[2026-09-05T07:34:15.232+0000] {logging_mixin.py:188} INFO - [2026-09-05T07:34:15.231+0000] {dag.py:3954} INFO - Setting next_dagrun for produce_json to 2026-09-05 14:00:00+00:00, run_after=2026-09-06 14:00:00+00:00
[2026-09-05T07:34:15.241+0000] {logging_mixin.py:188} INFO - [2026-09-05T07:34:15.240+0000] {dag.py:3954} INFO - Setting next_dagrun for update_db to 2026-09-05 15:00:00+00:00, run_after=2026-09-06 15:00:00+00:00
[2026-09-05T07:34:15.279+0000] {processor.py:183} INFO - Processing /opt/airflow/dags/main.py took 0.727 seconds
[2026-09-05T07:34:45.764+0000] {processor.py:161} INFO - Started process (PID=715) to work on /opt/airflow/dags/main.py
[2026-09-05T07:34:45.767+0000] {processor.py:830} INFO - Processing file /opt/airflow/dags/main.py for tasks to queue
[2026-09-05T07:34:45.785+0000] {logging_mixin.py:188} INFO - [2026-09-05T07:34:45.781+0000] {dagbag.py:545} INFO - Filling up the DagBag from /opt/airflow/dags/main.py
[2026-09-05T07:34:46.023+0000] {logging_mixin.py:188} INFO - channel id is not executed
[2026-09-05T07:34:46.421+0000] {processor.py:840} INFO - DAG(s) 'update_db', 'produce_json' retrieved from /opt/airflow/dags/main.py
[2026-09-05T07:34:48.221+0000] {logging_mixin.py:188} INFO - [2026-09-05T07:34:48.221+0000] {dag.py:3096} INFO - Sync 2 DAGs
[2026-09-05T07:34:48.441+0000] {logging_mixin.py:188} INFO - [2026-09-05T07:34:48.441+0000] {dag.py:3954} INFO - Setting next_dagrun for produce_json to 2026-09-05 14:00:00+00:00, run_after=2026-09-06 14:00:00+00:00
[2026-09-05T07:34:48.504+0000] {logging_mixin.py:188} INFO - [2026-09-05T07:34:48.504+0000] {dag.py:3954} INFO - Setting next_dagrun for update_db to 2026-09-05 15:00:00+00:00, run_after=2026-09-06 15:00:00+00:00
[2026-09-05T07:34:48.663+0000] {processor.py:183} INFO - Processing /opt/airflow/dags/main.py took 2.915 seconds
[2026-09-05T07:35:19.015+0000] {processor.py:161} INFO - Started process (PID=722) to work on /opt/airflow/dags/main.py
[2026-09-05T07:35:19.019+0000] {processor.py:830} INFO - Processing file /opt/airflow/dags/main.py for tasks to queue
[2026-09-05T07:35:19.029+0000] {logging_mixin.py:188} INFO - [2026-09-05T07:35:19.027+0000] {dagbag.py:545} INFO - Filling up the DagBag from /opt/airflow/dags/main.py
[2026-09-05T07:35:19.156+0000] {logging_mixin.py:188} INFO - channel id is not executed
[2026-09-05T07:35:19.244+0000] {processor.py:840} INFO - DAG(s) 'produce_json', 'update_db' retrieved from /opt/airflow/dags/main.py
[2026-09-05T07:35:19.541+0000] {logging_mixin.py:188} INFO - [2026-09-05T07:35:19.540+0000] {dag.py:3096} INFO - Sync 2 DAGs
[2026-09-05T07:35:19.672+0000] {logging_mixin.py:188} INFO - [2026-09-05T07:35:19.672+0000] {dag.py:3954} INFO - Setting next_dagrun for produce_json to 2026-09-05 14:00:00+00:00, run_after=2026-09-06 14:00:00+00:00
[2026-09-05T07:35:19.688+0000] {logging_mixin.py:188} INFO - [2026-09-05T07:35:19.687+0000] {dag.py:3954} INFO - Setting next_dagrun for update_db to 2026-09-05 15:00:00+00:00, run_after=2026-09-06 15:00:00+00:00
[2026-09-05T07:35:19.780+0000] {processor.py:183} INFO - Processing /opt/airflow/dags/main.py took 0.782 seconds
[2026-09-05T07:35:50.285+0000] {processor.py:161} INFO - Started process (PID=729) to work on /opt/airflow/dags/main.py
[2026-09-05T07:35:50.287+0000] {processor.py:830} INFO - Processing file /opt/airflow/dags/main.py for tasks to queue
[2026-09-05T07:35:50.291+0000] {logging_mixin.py:188} INFO - [2026-09-05T07:35:50.290+0000] {dagbag.py:545} INFO - Filling up the DagBag from /opt/airflow/dags/main.py
[2026-09-05T07:35:50.384+0000] {logging_mixin.py:188} INFO - channel id is not executed
[2026-09-05T07:35:50.581+0000] {processor.py:840} INFO - DAG(s) 'update_db', 'produce_json' retrieved from /opt/airflow/dags/main.py
[2026-09-05T07:35:51.006+0000] {logging_mixin.py:188} INFO - [2026-09-05T07:35:51.006+0000] {dag.py:3096} INFO - Sync 2 DAGs
[2026-09-05T07:35:51.127+0000] {logging_mixin.py:188} INFO - [2026-09-05T07:35:51.127+0000] {dag.py:3954} INFO - Setting next_dagrun for produce_json to 2026-09-05 14:00:00+00:00, run_after=2026-09-06 14:00:00+00:00
[2026-09-05T07:35:51.144+0000] {logging_mixin.py:188} INFO - [2026-09-05T07:35:51.143+0000] {dag.py:3954} INFO - Setting next_dagrun for update_db to 2026-09-05 15:00:00+00:00, run_after=2026-09-06 15:00:00+00:00
[2026-09-05T07:35:51.213+0000] {processor.py:183} INFO - Processing /opt/airflow/dags/main.py took 0.937 seconds
[2026-09-05T07:36:21.849+0000] {processor.py:161} INFO - Started process (PID=736) to work on /opt/airflow/dags/main.py
[2026-09-05T07:36:21.884+0000] {processor.py:830} INFO - Processing file /opt/airflow/dags/main.py for tasks to queue
[2026-09-05T07:36:21.900+0000] {logging_mixin.py:188} INFO - [2026-09-05T07:36:21.899+0000] {dagbag.py:545} INFO - Filling up the DagBag from /opt/airflow/dags/main.py
[2026-09-05T07:36:21.965+0000] {logging_mixin.py:188} INFO - channel id is not executed
[2026-09-05T07:36:22.074+0000] {processor.py:840} INFO - DAG(s) 'produce_json', 'update_db' retrieved from /opt/airflow/dags/main.py
[2026-09-05T07:36:22.290+0000] {logging_mixin.py:188} INFO - [2026-09-05T07:36:22.290+0000] {dag.py:3096} INFO - Sync 2 DAGs
[2026-09-05T07:36:22.327+0000] {logging_mixin.py:188} INFO - [2026-09-05T07:36:22.327+0000] {dag.py:3954} INFO - Setting next_dagrun for produce_json to 2026-09-05 14:00:00+00:00, run_after=2026-09-06 14:00:00+00:00
[2026-09-05T07:36:22.337+0000] {logging_mixin.py:188} INFO - [2026-09-05T07:36:22.337+0000] {dag.py:3954} INFO - Setting next_dagrun for update_db to 2026-09-05 15:00:00+00:00, run_after=2026-09-06 15:00:00+00:00
[2026-09-05T07:36:22.375+0000] {processor.py:183} INFO - Processing /opt/airflow/dags/main.py took 0.535 seconds
[2026-09-05T07:36:52.560+0000] {processor.py:161} INFO - Started process (PID=743) to work on /opt/airflow/dags/main.py
[2026-09-05T07:36:52.562+0000] {processor.py:830} INFO - Processing file /opt/airflow/dags/main.py for tasks to queue
[2026-09-05T07:36:52.566+0000] {logging_mixin.py:188} INFO - [2026-09-05T07:36:52.566+0000] {dagbag.py:545} INFO - Filling up the DagBag from /opt/airflow/dags/main.py
[2026-09-05T07:36:52.636+0000] {logging_mixin.py:188} INFO - channel id is not executed
[2026-09-05T07:36:52.774+0000] {processor.py:840} INFO - DAG(s) 'produce_json', 'update_db' retrieved from /opt/airflow/dags/main.py
[2026-09-05T07:36:53.024+0000] {logging_mixin.py:188} INFO - [2026-09-05T07:36:53.024+0000] {dag.py:3096} INFO - Sync 2 DAGs
[2026-09-05T07:36:53.100+0000] {logging_mixin.py:188} INFO - [2026-09-05T07:36:53.091+0000] {dag.py:3954} INFO - Setting next_dagrun for produce_json to 2026-09-05 14:00:00+00:00, run_after=2026-09-06 14:00:00+00:00
[2026-09-05T07:36:53.142+0000] {logging_mixin.py:188} INFO - [2026-09-05T07:36:53.142+0000] {dag.py:3954} INFO - Setting next_dagrun for update_db to 2026-09-05 15:00:00+00:00, run_after=2026-09-06 15:00:00+00:00
[2026-09-05T07:36:53.277+0000] {processor.py:183} INFO - Processing /opt/airflow/dags/main.py took 0.731 seconds
[2026-09-05T07:37:23.518+0000] {processor.py:161} INFO - Started process (PID=749) to work on /opt/airflow/dags/main.py
[2026-09-05T07:37:23.520+0000] {processor.py:830} INFO - Processing file /opt/airflow/dags/main.py for tasks to queue
[2026-09-05T07:37:23.523+0000] {logging_mixin.py:188} INFO - [2026-09-05T07:37:23.523+0000] {dagbag.py:545} INFO - Filling up the DagBag from /opt/airflow/dags/main.py
[2026-09-05T07:37:23.617+0000] {logging_mixin.py:188} INFO - channel id is not executed
[2026-09-05T07:37:23.762+0000] {processor.py:840} INFO - DAG(s) 'produce_json', 'update_db' retrieved from /opt/airflow/dags/main.py
[2026-09-05T07:37:23.972+0000] {logging_mixin.py:188} INFO - [2026-09-05T07:37:23.972+0000] {dag.py:3096} INFO - Sync 2 DAGs
[2026-09-05T07:37:24.010+0000] {logging_mixin.py:188} INFO - [2026-09-05T07:37:24.010+0000] {dag.py:3954} INFO - Setting next_dagrun for produce_json to 2026-09-05 14:00:00+00:00, run_after=2026-09-06 14:00:00+00:00
[2026-09-05T07:37:24.024+0000] {logging_mixin.py:188} INFO - [2026-09-05T07:37:24.021+0000] {dag.py:3954} INFO - Setting next_dagrun for update_db to 2026-09-05 15:00:00+00:00, run_after=2026-09-06 15:00:00+00:00
[2026-09-05T07:37:24.088+0000] {processor.py:183} INFO - Processing /opt/airflow/dags/main.py took 0.580 seconds
[2026-09-05T07:37:54.854+0000] {processor.py:161} INFO - Started process (PID=757) to work on /opt/airflow/dags/main.py
[2026-09-05T07:37:54.857+0000] {processor.py:830} INFO - Processing file /opt/airflow/dags/main.py for tasks to queue
[2026-09-05T07:37:54.861+0000] {logging_mixin.py:188} INFO - [2026-09-05T07:37:54.860+0000] {dagbag.py:545} INFO - Filling up the DagBag from /opt/airflow/dags/main.py
[2026-09-05T07:37:54.922+0000] {logging_mixin.py:188} INFO - channel id is not executed
[2026-09-05T07:37:55.018+0000] {processor.py:840} INFO - DAG(s) 'update_db', 'produce_json' retrieved from /opt/airflow/dags/main.py
[2026-09-05T07:37:55.226+0000] {logging_mixin.py:188} INFO - [2026-09-05T07:37:55.226+0000] {dag.py:3096} INFO - Sync 2 DAGs
[2026-09-05T07:37:55.269+0000] {logging_mixin.py:188} INFO - [2026-09-05T07:37:55.269+0000] {dag.py:3954} INFO - Setting next_dagrun for produce_json to 2026-09-05 14:00:00+00:00, run_after=2026-09-06 14:00:00+00:00
[2026-09-05T07:37:55.278+0000] {logging_mixin.py:188} INFO - [2026-09-05T07:37:55.278+0000] {dag.py:3954} INFO - Setting next_dagrun for update_db to 2026-09-05 15:00:00+00:00, run_after=2026-09-06 15:00:00+00:00
[2026-09-05T07:37:55.317+0000] {processor.py:183} INFO - Processing /opt/airflow/dags/main.py took 0.471 seconds
[2026-09-05T07:38:26.110+0000] {processor.py:161} INFO - Started process (PID=764) to work on /opt/airflow/dags/main.py
[2026-09-05T07:38:26.113+0000] {processor.py:830} INFO - Processing file /opt/airflow/dags/main.py for tasks to queue
[2026-09-05T07:38:26.119+0000] {logging_mixin.py:188} INFO - [2026-09-05T07:38:26.119+0000] {dagbag.py:545} INFO - Filling up the DagBag from /opt/airflow/dags/main.py
[2026-09-05T07:38:26.249+0000] {logging_mixin.py:188} INFO - channel id is not executed
[2026-09-05T07:38:26.348+0000] {processor.py:840} INFO - DAG(s) 'produce_json', 'update_db' retrieved from /opt/airflow/dags/main.py
[2026-09-05T07:38:26.649+0000] {logging_mixin.py:188} INFO - [2026-09-05T07:38:26.649+0000] {dag.py:3096} INFO - Sync 2 DAGs
[2026-09-05T07:38:26.710+0000] {logging_mixin.py:188} INFO - [2026-09-05T07:38:26.709+0000] {dag.py:3954} INFO - Setting next_dagrun for produce_json to 2026-09-05 14:00:00+00:00, run_after=2026-09-06 14:00:00+00:00
[2026-09-05T07:38:26.721+0000] {logging_mixin.py:188} INFO - [2026-09-05T07:38:26.721+0000] {dag.py:3954} INFO - Setting next_dagrun for update_db to 2026-09-05 15:00:00+00:00, run_after=2026-09-06 15:00:00+00:00
[2026-09-05T07:38:26.757+0000] {processor.py:183} INFO - Processing /opt/airflow/dags/main.py took 0.662 seconds
[2026-09-05T07:38:57.597+0000] {processor.py:161} INFO - Started process (PID=772) to work on /opt/airflow/dags/main.py
[2026-09-05T07:38:57.599+0000] {processor.py:830} INFO - Processing file /opt/airflow/dags/main.py for tasks to queue
[2026-09-05T07:38:57.611+0000] {logging_mixin.py:188} INFO - [2026-09-05T07:38:57.604+0000] {dagbag.py:545} INFO - Filling up the DagBag from /opt/airflow/dags/main.py
[2026-09-05T07:38:57.720+0000] {logging_mixin.py:188} INFO - channel id is not executed
[2026-09-05T07:38:57.987+0000] {processor.py:840} INFO - DAG(s) 'update_db', 'produce_json' retrieved from /opt/airflow/dags/main.py
[2026-09-05T07:38:58.253+0000] {logging_mixin.py:188} INFO - [2026-09-05T07:38:58.253+0000] {dag.py:3096} INFO - Sync 2 DAGs
[2026-09-05T07:38:58.317+0000] {logging_mixin.py:188} INFO - [2026-09-05T07:38:58.316+0000] {dag.py:3954} INFO - Setting next_dagrun for produce_json to 2026-09-05 14:00:00+00:00, run_after=2026-09-06 14:00:00+00:00
[2026-09-05T07:38:58.352+0000] {logging_mixin.py:188} INFO - [2026-09-05T07:38:58.352+0000] {dag.py:3954} INFO - Setting next_dagrun for update_db to 2026-09-05 15:00:00+00:00, run_after=2026-09-06 15:00:00+00:00
[2026-09-05T07:38:58.415+0000] {processor.py:183} INFO - Processing /opt/airflow/dags/main.py took 0.851 seconds
[2026-09-05T07:39:29.217+0000] {processor.py:161} INFO - Started process (PID=779) to work on /opt/airflow/dags/main.py
[2026-09-05T07:39:29.219+0000] {processor.py:830} INFO - Processing file /opt/airflow/dags/main.py for tasks to queue
[2026-09-05T07:39:29.223+0000] {logging_mixin.py:188} INFO - [2026-09-05T07:39:29.222+0000] {dagbag.py:545} INFO - Filling up the DagBag from /opt/airflow/dags/main.py
[2026-09-05T07:39:29.297+0000] {logging_mixin.py:188} INFO - channel id is not executed
[2026-09-05T07:39:29.580+0000] {processor.py:840} INFO - DAG(s) 'update_db', 'produce_json' retrieved from /opt/airflow/dags/main.py
[2026-09-05T07:39:30.334+0000] {logging_mixin.py:188} INFO - [2026-09-05T07:39:30.323+0000] {dag.py:3096} INFO - Sync 2 DAGs
[2026-09-05T07:39:30.534+0000] {logging_mixin.py:188} INFO - [2026-09-05T07:39:30.533+0000] {dag.py:3954} INFO - Setting next_dagrun for produce_json to 2026-09-05 14:00:00+00:00, run_after=2026-09-06 14:00:00+00:00
[2026-09-05T07:39:30.560+0000] {logging_mixin.py:188} INFO - [2026-09-05T07:39:30.559+0000] {dag.py:3954} INFO - Setting next_dagrun for update_db to 2026-09-05 15:00:00+00:00, run_after=2026-09-06 15:00:00+00:00
[2026-09-05T07:39:30.647+0000] {processor.py:183} INFO - Processing /opt/airflow/dags/main.py took 1.440 seconds
[2026-09-05T07:40:00.882+0000] {processor.py:161} INFO - Started process (PID=785) to work on /opt/airflow/dags/main.py
[2026-09-05T07:40:00.885+0000] {processor.py:830} INFO - Processing file /opt/airflow/dags/main.py for tasks to queue
[2026-09-05T07:40:00.899+0000] {logging_mixin.py:188} INFO - [2026-09-05T07:40:00.899+0000] {dagbag.py:545} INFO - Filling up the DagBag from /opt/airflow/dags/main.py
[2026-09-05T07:40:01.636+0000] {logging_mixin.py:188} INFO - channel id is not executed
[2026-09-05T07:40:02.100+0000] {processor.py:840} INFO - DAG(s) 'produce_json', 'update_db' retrieved from /opt/airflow/dags/main.py
[2026-09-05T07:40:02.490+0000] {logging_mixin.py:188} INFO - [2026-09-05T07:40:02.489+0000] {dag.py:3096} INFO - Sync 2 DAGs
[2026-09-05T07:40:02.529+0000] {logging_mixin.py:188} INFO - [2026-09-05T07:40:02.528+0000] {dag.py:3954} INFO - Setting next_dagrun for produce_json to 2026-09-05 14:00:00+00:00, run_after=2026-09-06 14:00:00+00:00
[2026-09-05T07:40:02.544+0000] {logging_mixin.py:188} INFO - [2026-09-05T07:40:02.544+0000] {dag.py:3954} INFO - Setting next_dagrun for update_db to 2026-09-05 15:00:00+00:00, run_after=2026-09-06 15:00:00+00:00
[2026-09-05T07:40:02.611+0000] {processor.py:183} INFO - Processing /opt/airflow/dags/main.py took 1.745 seconds
[2026-09-05T07:40:32.810+0000] {processor.py:161} INFO - Started process (PID=792) to work on /opt/airflow/dags/main.py
[2026-09-05T07:40:32.813+0000] {processor.py:830} INFO - Processing file /opt/airflow/dags/main.py for tasks to queue
[2026-09-05T07:40:32.828+0000] {logging_mixin.py:188} INFO - [2026-09-05T07:40:32.827+0000] {dagbag.py:545} INFO - Filling up the DagBag from /opt/airflow/dags/main.py
[2026-09-05T07:40:32.935+0000] {logging_mixin.py:188} INFO - channel id is not executed
[2026-09-05T07:40:33.077+0000] {processor.py:840} INFO - DAG(s) 'produce_json', 'update_db' retrieved from /opt/airflow/dags/main.py
[2026-09-05T07:40:33.493+0000] {logging_mixin.py:188} INFO - [2026-09-05T07:40:33.492+0000] {dag.py:3096} INFO - Sync 2 DAGs
[2026-09-05T07:40:33.590+0000] {logging_mixin.py:188} INFO - [2026-09-05T07:40:33.590+0000] {dag.py:3954} INFO - Setting next_dagrun for produce_json to 2026-09-05 14:00:00+00:00, run_after=2026-09-06 14:00:00+00:00
[2026-09-05T07:40:33.608+0000] {logging_mixin.py:188} INFO - [2026-09-05T07:40:33.607+0000] {dag.py:3954} INFO - Setting next_dagrun for update_db to 2026-09-05 15:00:00+00:00, run_after=2026-09-06 15:00:00+00:00
[2026-09-05T07:40:33.739+0000] {processor.py:183} INFO - Processing /opt/airflow/dags/main.py took 0.938 seconds
[2026-09-05T07:41:04.455+0000] {processor.py:161} INFO - Started process (PID=799) to work on /opt/airflow/dags/main.py
[2026-09-05T07:41:04.458+0000] {processor.py:830} INFO - Processing file /opt/airflow/dags/main.py for tasks to queue
[2026-09-05T07:41:04.464+0000] {logging_mixin.py:188} INFO - [2026-09-05T07:41:04.463+0000] {dagbag.py:545} INFO - Filling up the DagBag from /opt/airflow/dags/main.py
[2026-09-05T07:41:04.579+0000] {logging_mixin.py:188} INFO - channel id is not executed
[2026-09-05T07:41:04.682+0000] {processor.py:840} INFO - DAG(s) 'produce_json', 'update_db' retrieved from /opt/airflow/dags/main.py
[2026-09-05T07:41:05.048+0000] {logging_mixin.py:188} INFO - [2026-09-05T07:41:05.048+0000] {dag.py:3096} INFO - Sync 2 DAGs
[2026-09-05T07:41:05.085+0000] {logging_mixin.py:188} INFO - [2026-09-05T07:41:05.085+0000] {dag.py:3954} INFO - Setting next_dagrun for produce_json to 2026-09-05 14:00:00+00:00, run_after=2026-09-06 14:00:00+00:00
[2026-09-05T07:41:05.095+0000] {logging_mixin.py:188} INFO - [2026-09-05T07:41:05.094+0000] {dag.py:3954} INFO - Setting next_dagrun for update_db to 2026-09-05 15:00:00+00:00, run_after=2026-09-06 15:00:00+00:00
[2026-09-05T07:41:05.146+0000] {processor.py:183} INFO - Processing /opt/airflow/dags/main.py took 0.705 seconds
[2026-09-05T07:41:35.293+0000] {processor.py:161} INFO - Started process (PID=807) to work on /opt/airflow/dags/main.py
[2026-09-05T07:41:35.295+0000] {processor.py:830} INFO - Processing file /opt/airflow/dags/main.py for tasks to queue
[2026-09-05T07:41:35.302+0000] {logging_mixin.py:188} INFO - [2026-09-05T07:41:35.302+0000] {dagbag.py:545} INFO - Filling up the DagBag from /opt/airflow/dags/main.py
[2026-09-05T07:41:35.366+0000] {logging_mixin.py:188} INFO - channel id is not executed
[2026-09-05T07:41:35.459+0000] {processor.py:840} INFO - DAG(s) 'produce_json', 'update_db' retrieved from /opt/airflow/dags/main.py
[2026-09-05T07:41:35.745+0000] {logging_mixin.py:188} INFO - [2026-09-05T07:41:35.744+0000] {dag.py:3096} INFO - Sync 2 DAGs
[2026-09-05T07:41:35.820+0000] {logging_mixin.py:188} INFO - [2026-09-05T07:41:35.820+0000] {dag.py:3954} INFO - Setting next_dagrun for produce_json to 2026-09-05 14:00:00+00:00, run_after=2026-09-06 14:00:00+00:00
[2026-09-05T07:41:35.860+0000] {logging_mixin.py:188} INFO - [2026-09-05T07:41:35.859+0000] {dag.py:3954} INFO - Setting next_dagrun for update_db to 2026-09-05 15:00:00+00:00, run_after=2026-09-06 15:00:00+00:00
[2026-09-05T07:41:35.924+0000] {processor.py:183} INFO - Processing /opt/airflow/dags/main.py took 0.640 seconds
[2026-09-05T07:42:06.128+0000] {processor.py:161} INFO - Started process (PID=814) to work on /opt/airflow/dags/main.py
[2026-09-05T07:42:06.130+0000] {processor.py:830} INFO - Processing file /opt/airflow/dags/main.py for tasks to queue
[2026-09-05T07:42:06.135+0000] {logging_mixin.py:188} INFO - [2026-09-05T07:42:06.134+0000] {dagbag.py:545} INFO - Filling up the DagBag from /opt/airflow/dags/main.py
[2026-09-05T07:42:06.213+0000] {logging_mixin.py:188} INFO - channel id is not executed
[2026-09-05T07:42:06.388+0000] {processor.py:840} INFO - DAG(s) 'produce_json', 'update_db' retrieved from /opt/airflow/dags/main.py
[2026-09-05T07:42:06.595+0000] {logging_mixin.py:188} INFO - [2026-09-05T07:42:06.595+0000] {dag.py:3096} INFO - Sync 2 DAGs
[2026-09-05T07:42:06.633+0000] {logging_mixin.py:188} INFO - [2026-09-05T07:42:06.633+0000] {dag.py:3954} INFO - Setting next_dagrun for produce_json to 2026-09-05 14:00:00+00:00, run_after=2026-09-06 14:00:00+00:00
[2026-09-05T07:42:06.641+0000] {logging_mixin.py:188} INFO - [2026-09-05T07:42:06.641+0000] {dag.py:3954} INFO - Setting next_dagrun for update_db to 2026-09-05 15:00:00+00:00, run_after=2026-09-06 15:00:00+00:00
[2026-09-05T07:42:06.694+0000] {processor.py:183} INFO - Processing /opt/airflow/dags/main.py took 0.575 seconds
[2026-09-05T07:42:37.136+0000] {processor.py:161} INFO - Started process (PID=821) to work on /opt/airflow/dags/main.py
[2026-09-05T07:42:37.139+0000] {processor.py:830} INFO - Processing file /opt/airflow/dags/main.py for tasks to queue
[2026-09-05T07:42:37.146+0000] {logging_mixin.py:188} INFO - [2026-09-05T07:42:37.145+0000] {dagbag.py:545} INFO - Filling up the DagBag from /opt/airflow/dags/main.py
[2026-09-05T07:42:37.466+0000] {logging_mixin.py:188} INFO - channel id is not executed
[2026-09-05T07:42:37.617+0000] {processor.py:840} INFO - DAG(s) 'produce_json', 'update_db' retrieved from /opt/airflow/dags/main.py
[2026-09-05T07:42:37.944+0000] {logging_mixin.py:188} INFO - [2026-09-05T07:42:37.943+0000] {dag.py:3096} INFO - Sync 2 DAGs
[2026-09-05T07:42:38.010+0000] {logging_mixin.py:188} INFO - [2026-09-05T07:42:38.009+0000] {dag.py:3954} INFO - Setting next_dagrun for produce_json to 2026-09-05 14:00:00+00:00, run_after=2026-09-06 14:00:00+00:00
[2026-09-05T07:42:38.028+0000] {logging_mixin.py:188} INFO - [2026-09-05T07:42:38.027+0000] {dag.py:3954} INFO - Setting next_dagrun for update_db to 2026-09-05 15:00:00+00:00, run_after=2026-09-06 15:00:00+00:00
[2026-09-05T07:42:38.291+0000] {processor.py:183} INFO - Processing /opt/airflow/dags/main.py took 1.159 seconds
[2026-09-05T07:43:08.677+0000] {processor.py:161} INFO - Started process (PID=828) to work on /opt/airflow/dags/main.py
[2026-09-05T07:43:08.679+0000] {processor.py:830} INFO - Processing file /opt/airflow/dags/main.py for tasks to queue
[2026-09-05T07:43:08.683+0000] {logging_mixin.py:188} INFO - [2026-09-05T07:43:08.682+0000] {dagbag.py:545} INFO - Filling up the DagBag from /opt/airflow/dags/main.py
[2026-09-05T07:43:08.742+0000] {logging_mixin.py:188} INFO - channel id is not executed
[2026-09-05T07:43:08.934+0000] {processor.py:840} INFO - DAG(s) 'produce_json', 'update_db' retrieved from /opt/airflow/dags/main.py
[2026-09-05T07:43:09.208+0000] {logging_mixin.py:188} INFO - [2026-09-05T07:43:09.206+0000] {dag.py:3096} INFO - Sync 2 DAGs
[2026-09-05T07:43:09.279+0000] {logging_mixin.py:188} INFO - [2026-09-05T07:43:09.279+0000] {dag.py:3954} INFO - Setting next_dagrun for produce_json to 2026-09-05 14:00:00+00:00, run_after=2026-09-06 14:00:00+00:00
[2026-09-05T07:43:09.287+0000] {logging_mixin.py:188} INFO - [2026-09-05T07:43:09.287+0000] {dag.py:3954} INFO - Setting next_dagrun for update_db to 2026-09-05 15:00:00+00:00, run_after=2026-09-06 15:00:00+00:00
[2026-09-05T07:43:09.338+0000] {processor.py:183} INFO - Processing /opt/airflow/dags/main.py took 0.670 seconds
[2026-09-05T07:43:39.790+0000] {processor.py:161} INFO - Started process (PID=835) to work on /opt/airflow/dags/main.py
[2026-09-05T07:43:39.793+0000] {processor.py:830} INFO - Processing file /opt/airflow/dags/main.py for tasks to queue
[2026-09-05T07:43:39.799+0000] {logging_mixin.py:188} INFO - [2026-09-05T07:43:39.799+0000] {dagbag.py:545} INFO - Filling up the DagBag from /opt/airflow/dags/main.py
[2026-09-05T07:43:39.867+0000] {logging_mixin.py:188} INFO - channel id is not executed
[2026-09-05T07:43:40.129+0000] {processor.py:840} INFO - DAG(s) 'update_db', 'produce_json' retrieved from /opt/airflow/dags/main.py
[2026-09-05T07:43:40.383+0000] {logging_mixin.py:188} INFO - [2026-09-05T07:43:40.382+0000] {dag.py:3096} INFO - Sync 2 DAGs
[2026-09-05T07:43:40.437+0000] {logging_mixin.py:188} INFO - [2026-09-05T07:43:40.436+0000] {dag.py:3954} INFO - Setting next_dagrun for produce_json to 2026-09-05 14:00:00+00:00, run_after=2026-09-06 14:00:00+00:00
[2026-09-05T07:43:40.447+0000] {logging_mixin.py:188} INFO - [2026-09-05T07:43:40.446+0000] {dag.py:3954} INFO - Setting next_dagrun for update_db to 2026-09-05 15:00:00+00:00, run_after=2026-09-06 15:00:00+00:00
[2026-09-05T07:43:40.483+0000] {processor.py:183} INFO - Processing /opt/airflow/dags/main.py took 0.702 seconds
[2026-09-05T07:44:10.901+0000] {processor.py:161} INFO - Started process (PID=843) to work on /opt/airflow/dags/main.py
[2026-09-05T07:44:10.903+0000] {processor.py:830} INFO - Processing file /opt/airflow/dags/main.py for tasks to queue
[2026-09-05T07:44:10.907+0000] {logging_mixin.py:188} INFO - [2026-09-05T07:44:10.907+0000] {dagbag.py:545} INFO - Filling up the DagBag from /opt/airflow/dags/main.py
[2026-09-05T07:44:10.996+0000] {logging_mixin.py:188} INFO - channel id is not executed
[2026-09-05T07:44:11.110+0000] {processor.py:840} INFO - DAG(s) 'update_db', 'produce_json' retrieved from /opt/airflow/dags/main.py
[2026-09-05T07:44:11.507+0000] {logging_mixin.py:188} INFO - [2026-09-05T07:44:11.506+0000] {dag.py:3096} INFO - Sync 2 DAGs
[2026-09-05T07:44:11.662+0000] {logging_mixin.py:188} INFO - [2026-09-05T07:44:11.662+0000] {dag.py:3954} INFO - Setting next_dagrun for produce_json to 2026-09-05 14:00:00+00:00, run_after=2026-09-06 14:00:00+00:00
[2026-09-05T07:44:11.688+0000] {logging_mixin.py:188} INFO - [2026-09-05T07:44:11.688+0000] {dag.py:3954} INFO - Setting next_dagrun for update_db to 2026-09-05 15:00:00+00:00, run_after=2026-09-06 15:00:00+00:00
[2026-09-05T07:44:11.874+0000] {processor.py:183} INFO - Processing /opt/airflow/dags/main.py took 0.981 seconds
[2026-09-05T07:44:42.397+0000] {processor.py:161} INFO - Started process (PID=850) to work on /opt/airflow/dags/main.py
[2026-09-05T07:44:42.400+0000] {processor.py:830} INFO - Processing file /opt/airflow/dags/main.py for tasks to queue
[2026-09-05T07:44:42.404+0000] {logging_mixin.py:188} INFO - [2026-09-05T07:44:42.404+0000] {dagbag.py:545} INFO - Filling up the DagBag from /opt/airflow/dags/main.py
[2026-09-05T07:44:42.473+0000] {logging_mixin.py:188} INFO - channel id is not executed
[2026-09-05T07:44:42.583+0000] {processor.py:840} INFO - DAG(s) 'produce_json', 'update_db' retrieved from /opt/airflow/dags/main.py
[2026-09-05T07:44:42.963+0000] {logging_mixin.py:188} INFO - [2026-09-05T07:44:42.963+0000] {dag.py:3096} INFO - Sync 2 DAGs
[2026-09-05T07:44:43.027+0000] {logging_mixin.py:188} INFO - [2026-09-05T07:44:43.027+0000] {dag.py:3954} INFO - Setting next_dagrun for produce_json to 2026-09-05 14:00:00+00:00, run_after=2026-09-06 14:00:00+00:00
[2026-09-05T07:44:43.036+0000] {logging_mixin.py:188} INFO - [2026-09-05T07:44:43.035+0000] {dag.py:3954} INFO - Setting next_dagrun for update_db to 2026-09-05 15:00:00+00:00, run_after=2026-09-06 15:00:00+00:00
[2026-09-05T07:44:43.104+0000] {processor.py:183} INFO - Processing /opt/airflow/dags/main.py took 0.715 seconds
[2026-09-05T07:45:13.571+0000] {processor.py:161} INFO - Started process (PID=857) to work on /opt/airflow/dags/main.py
[2026-09-05T07:45:13.573+0000] {processor.py:830} INFO - Processing file /opt/airflow/dags/main.py for tasks to queue
[2026-09-05T07:45:13.577+0000] {logging_mixin.py:188} INFO - [2026-09-05T07:45:13.576+0000] {dagbag.py:545} INFO - Filling up the DagBag from /opt/airflow/dags/main.py
[2026-09-05T07:45:13.635+0000] {logging_mixin.py:188} INFO - channel id is not executed
[2026-09-05T07:45:13.916+0000] {processor.py:840} INFO - DAG(s) 'update_db', 'produce_json' retrieved from /opt/airflow/dags/main.py
[2026-09-05T07:45:14.191+0000] {logging_mixin.py:188} INFO - [2026-09-05T07:45:14.191+0000] {dag.py:3096} INFO - Sync 2 DAGs
[2026-09-05T07:45:14.231+0000] {logging_mixin.py:188} INFO - [2026-09-05T07:45:14.230+0000] {dag.py:3954} INFO - Setting next_dagrun for produce_json to 2026-09-05 14:00:00+00:00, run_after=2026-09-06 14:00:00+00:00
[2026-09-05T07:45:14.243+0000] {logging_mixin.py:188} INFO - [2026-09-05T07:45:14.243+0000] {dag.py:3954} INFO - Setting next_dagrun for update_db to 2026-09-05 15:00:00+00:00, run_after=2026-09-06 15:00:00+00:00
[2026-09-05T07:45:14.428+0000] {processor.py:183} INFO - Processing /opt/airflow/dags/main.py took 0.866 seconds
[2026-09-05T07:45:44.984+0000] {processor.py:161} INFO - Started process (PID=870) to work on /opt/airflow/dags/main.py
[2026-09-05T07:45:44.986+0000] {processor.py:830} INFO - Processing file /opt/airflow/dags/main.py for tasks to queue
[2026-09-05T07:45:44.992+0000] {logging_mixin.py:188} INFO - [2026-09-05T07:45:44.991+0000] {dagbag.py:545} INFO - Filling up the DagBag from /opt/airflow/dags/main.py
[2026-09-05T07:45:45.064+0000] {logging_mixin.py:188} INFO - channel id is not executed
[2026-09-05T07:45:45.457+0000] {processor.py:840} INFO - DAG(s) 'update_db', 'produce_json' retrieved from /opt/airflow/dags/main.py
[2026-09-05T07:45:45.744+0000] {logging_mixin.py:188} INFO - [2026-09-05T07:45:45.744+0000] {dag.py:3096} INFO - Sync 2 DAGs
[2026-09-05T07:45:45.785+0000] {logging_mixin.py:188} INFO - [2026-09-05T07:45:45.784+0000] {dag.py:3954} INFO - Setting next_dagrun for produce_json to 2026-09-05 14:00:00+00:00, run_after=2026-09-06 14:00:00+00:00
[2026-09-05T07:45:45.793+0000] {logging_mixin.py:188} INFO - [2026-09-05T07:45:45.793+0000] {dag.py:3954} INFO - Setting next_dagrun for update_db to 2026-09-05 15:00:00+00:00, run_after=2026-09-06 15:00:00+00:00
[2026-09-05T07:45:45.833+0000] {processor.py:183} INFO - Processing /opt/airflow/dags/main.py took 0.861 seconds
[2026-09-05T07:46:16.318+0000] {processor.py:161} INFO - Started process (PID=877) to work on /opt/airflow/dags/main.py
[2026-09-05T07:46:16.320+0000] {processor.py:830} INFO - Processing file /opt/airflow/dags/main.py for tasks to queue
[2026-09-05T07:46:16.337+0000] {logging_mixin.py:188} INFO - [2026-09-05T07:46:16.336+0000] {dagbag.py:545} INFO - Filling up the DagBag from /opt/airflow/dags/main.py
[2026-09-05T07:46:16.395+0000] {logging_mixin.py:188} INFO - channel id is not executed
[2026-09-05T07:46:16.473+0000] {processor.py:840} INFO - DAG(s) 'update_db', 'produce_json' retrieved from /opt/airflow/dags/main.py
[2026-09-05T07:46:16.679+0000] {logging_mixin.py:188} INFO - [2026-09-05T07:46:16.679+0000] {dag.py:3096} INFO - Sync 2 DAGs
[2026-09-05T07:46:16.733+0000] {logging_mixin.py:188} INFO - [2026-09-05T07:46:16.732+0000] {dag.py:3954} INFO - Setting next_dagrun for produce_json to 2026-09-05 14:00:00+00:00, run_after=2026-09-06 14:00:00+00:00
[2026-09-05T07:46:16.826+0000] {logging_mixin.py:188} INFO - [2026-09-05T07:46:16.817+0000] {dag.py:3954} INFO - Setting next_dagrun for update_db to 2026-09-05 15:00:00+00:00, run_after=2026-09-06 15:00:00+00:00
[2026-09-05T07:46:16.920+0000] {processor.py:183} INFO - Processing /opt/airflow/dags/main.py took 0.612 seconds
[2026-09-05T07:46:47.475+0000] {processor.py:161} INFO - Started process (PID=884) to work on /opt/airflow/dags/main.py
[2026-09-05T07:46:47.478+0000] {processor.py:830} INFO - Processing file /opt/airflow/dags/main.py for tasks to queue
[2026-09-05T07:46:47.482+0000] {logging_mixin.py:188} INFO - [2026-09-05T07:46:47.481+0000] {dagbag.py:545} INFO - Filling up the DagBag from /opt/airflow/dags/main.py
[2026-09-05T07:46:47.546+0000] {logging_mixin.py:188} INFO - channel id is not executed
[2026-09-05T07:46:47.641+0000] {processor.py:840} INFO - DAG(s) 'update_db', 'produce_json' retrieved from /opt/airflow/dags/main.py
[2026-09-05T07:46:47.912+0000] {logging_mixin.py:188} INFO - [2026-09-05T07:46:47.911+0000] {dag.py:3096} INFO - Sync 2 DAGs
[2026-09-05T07:46:47.951+0000] {logging_mixin.py:188} INFO - [2026-09-05T07:46:47.950+0000] {dag.py:3954} INFO - Setting next_dagrun for produce_json to 2026-09-05 14:00:00+00:00, run_after=2026-09-06 14:00:00+00:00
[2026-09-05T07:46:47.960+0000] {logging_mixin.py:188} INFO - [2026-09-05T07:46:47.960+0000] {dag.py:3954} INFO - Setting next_dagrun for update_db to 2026-09-05 15:00:00+00:00, run_after=2026-09-06 15:00:00+00:00
[2026-09-05T07:46:47.998+0000] {processor.py:183} INFO - Processing /opt/airflow/dags/main.py took 0.532 seconds
[2026-09-05T07:47:18.699+0000] {processor.py:161} INFO - Started process (PID=891) to work on /opt/airflow/dags/main.py
[2026-09-05T07:47:18.701+0000] {processor.py:830} INFO - Processing file /opt/airflow/dags/main.py for tasks to queue
[2026-09-05T07:47:18.705+0000] {logging_mixin.py:188} INFO - [2026-09-05T07:47:18.704+0000] {dagbag.py:545} INFO - Filling up the DagBag from /opt/airflow/dags/main.py
[2026-09-05T07:47:18.803+0000] {logging_mixin.py:188} INFO - channel id is not executed
[2026-09-05T07:47:18.925+0000] {processor.py:840} INFO - DAG(s) 'update_db', 'produce_json' retrieved from /opt/airflow/dags/main.py
[2026-09-05T07:47:19.249+0000] {logging_mixin.py:188} INFO - [2026-09-05T07:47:19.248+0000] {dag.py:3096} INFO - Sync 2 DAGs
[2026-09-05T07:47:19.293+0000] {logging_mixin.py:188} INFO - [2026-09-05T07:47:19.293+0000] {dag.py:3954} INFO - Setting next_dagrun for produce_json to 2026-09-05 14:00:00+00:00, run_after=2026-09-06 14:00:00+00:00
[2026-09-05T07:47:19.303+0000] {logging_mixin.py:188} INFO - [2026-09-05T07:47:19.302+0000] {dag.py:3954} INFO - Setting next_dagrun for update_db to 2026-09-05 15:00:00+00:00, run_after=2026-09-06 15:00:00+00:00
[2026-09-05T07:47:19.395+0000] {processor.py:183} INFO - Processing /opt/airflow/dags/main.py took 0.710 seconds
[2026-09-05T07:47:49.954+0000] {processor.py:161} INFO - Started process (PID=897) to work on /opt/airflow/dags/main.py
[2026-09-05T07:47:49.958+0000] {processor.py:830} INFO - Processing file /opt/airflow/dags/main.py for tasks to queue
[2026-09-05T07:47:49.975+0000] {logging_mixin.py:188} INFO - [2026-09-05T07:47:49.973+0000] {dagbag.py:545} INFO - Filling up the DagBag from /opt/airflow/dags/main.py
[2026-09-05T07:47:50.065+0000] {logging_mixin.py:188} INFO - channel id is not executed
[2026-09-05T07:47:50.157+0000] {processor.py:840} INFO - DAG(s) 'produce_json', 'update_db' retrieved from /opt/airflow/dags/main.py
[2026-09-05T07:47:50.452+0000] {logging_mixin.py:188} INFO - [2026-09-05T07:47:50.451+0000] {dag.py:3096} INFO - Sync 2 DAGs
[2026-09-05T07:47:50.527+0000] {logging_mixin.py:188} INFO - [2026-09-05T07:47:50.527+0000] {dag.py:3954} INFO - Setting next_dagrun for produce_json to 2026-09-05 14:00:00+00:00, run_after=2026-09-06 14:00:00+00:00
[2026-09-05T07:47:50.548+0000] {logging_mixin.py:188} INFO - [2026-09-05T07:47:50.548+0000] {dag.py:3954} INFO - Setting next_dagrun for update_db to 2026-09-05 15:00:00+00:00, run_after=2026-09-06 15:00:00+00:00
[2026-09-05T07:47:50.600+0000] {processor.py:183} INFO - Processing /opt/airflow/dags/main.py took 0.660 seconds
[2026-09-05T07:48:21.023+0000] {processor.py:161} INFO - Started process (PID=903) to work on /opt/airflow/dags/main.py
[2026-09-05T07:48:21.025+0000] {processor.py:830} INFO - Processing file /opt/airflow/dags/main.py for tasks to queue
[2026-09-05T07:48:21.029+0000] {logging_mixin.py:188} INFO - [2026-09-05T07:48:21.028+0000] {dagbag.py:545} INFO - Filling up the DagBag from /opt/airflow/dags/main.py
[2026-09-05T07:48:21.098+0000] {logging_mixin.py:188} INFO - channel id is not executed
[2026-09-05T07:48:21.216+0000] {processor.py:840} INFO - DAG(s) 'update_db', 'produce_json' retrieved from /opt/airflow/dags/main.py
[2026-09-05T07:48:21.970+0000] {logging_mixin.py:188} INFO - [2026-09-05T07:48:21.969+0000] {dag.py:3096} INFO - Sync 2 DAGs
[2026-09-05T07:48:22.068+0000] {logging_mixin.py:188} INFO - [2026-09-05T07:48:22.068+0000] {dag.py:3954} INFO - Setting next_dagrun for produce_json to 2026-09-05 14:00:00+00:00, run_after=2026-09-06 14:00:00+00:00
[2026-09-05T07:48:22.077+0000] {logging_mixin.py:188} INFO - [2026-09-05T07:48:22.076+0000] {dag.py:3954} INFO - Setting next_dagrun for update_db to 2026-09-05 15:00:00+00:00, run_after=2026-09-06 15:00:00+00:00
[2026-09-05T07:48:22.124+0000] {processor.py:183} INFO - Processing /opt/airflow/dags/main.py took 1.111 seconds
[2026-09-05T07:48:52.514+0000] {processor.py:161} INFO - Started process (PID=910) to work on /opt/airflow/dags/main.py
[2026-09-05T07:48:52.516+0000] {processor.py:830} INFO - Processing file /opt/airflow/dags/main.py for tasks to queue
[2026-09-05T07:48:52.522+0000] {logging_mixin.py:188} INFO - [2026-09-05T07:48:52.521+0000] {dagbag.py:545} INFO - Filling up the DagBag from /opt/airflow/dags/main.py
[2026-09-05T07:48:52.593+0000] {logging_mixin.py:188} INFO - channel id is not executed
[2026-09-05T07:48:52.685+0000] {processor.py:840} INFO - DAG(s) 'produce_json', 'update_db' retrieved from /opt/airflow/dags/main.py
[2026-09-05T07:48:53.104+0000] {logging_mixin.py:188} INFO - [2026-09-05T07:48:53.103+0000] {dag.py:3096} INFO - Sync 2 DAGs
[2026-09-05T07:48:53.262+0000] {logging_mixin.py:188} INFO - [2026-09-05T07:48:53.261+0000] {dag.py:3954} INFO - Setting next_dagrun for produce_json to 2026-09-05 14:00:00+00:00, run_after=2026-09-06 14:00:00+00:00
[2026-09-05T07:48:53.274+0000] {logging_mixin.py:188} INFO - [2026-09-05T07:48:53.273+0000] {dag.py:3954} INFO - Setting next_dagrun for update_db to 2026-09-05 15:00:00+00:00, run_after=2026-09-06 15:00:00+00:00
[2026-09-05T07:48:53.331+0000] {processor.py:183} INFO - Processing /opt/airflow/dags/main.py took 0.828 seconds
[2026-09-05T07:49:23.986+0000] {processor.py:161} INFO - Started process (PID=918) to work on /opt/airflow/dags/main.py
[2026-09-05T07:49:23.989+0000] {processor.py:830} INFO - Processing file /opt/airflow/dags/main.py for tasks to queue
[2026-09-05T07:49:23.994+0000] {logging_mixin.py:188} INFO - [2026-09-05T07:49:23.993+0000] {dagbag.py:545} INFO - Filling up the DagBag from /opt/airflow/dags/main.py
[2026-09-05T07:49:24.173+0000] {logging_mixin.py:188} INFO - channel id is not executed
[2026-09-05T07:49:24.265+0000] {processor.py:840} INFO - DAG(s) 'produce_json', 'update_db' retrieved from /opt/airflow/dags/main.py
[2026-09-05T07:49:24.543+0000] {logging_mixin.py:188} INFO - [2026-09-05T07:49:24.543+0000] {dag.py:3096} INFO - Sync 2 DAGs
[2026-09-05T07:49:24.585+0000] {logging_mixin.py:188} INFO - [2026-09-05T07:49:24.584+0000] {dag.py:3954} INFO - Setting next_dagrun for produce_json to 2026-09-05 14:00:00+00:00, run_after=2026-09-06 14:00:00+00:00
[2026-09-05T07:49:24.594+0000] {logging_mixin.py:188} INFO - [2026-09-05T07:49:24.593+0000] {dag.py:3954} INFO - Setting next_dagrun for update_db to 2026-09-05 15:00:00+00:00, run_after=2026-09-06 15:00:00+00:00
[2026-09-05T07:49:24.634+0000] {processor.py:183} INFO - Processing /opt/airflow/dags/main.py took 0.661 seconds
[2026-09-05T07:49:55.372+0000] {processor.py:161} INFO - Started process (PID=926) to work on /opt/airflow/dags/main.py
[2026-09-05T07:49:55.374+0000] {processor.py:830} INFO - Processing file /opt/airflow/dags/main.py for tasks to queue
[2026-09-05T07:49:55.378+0000] {logging_mixin.py:188} INFO - [2026-09-05T07:49:55.378+0000] {dagbag.py:545} INFO - Filling up the DagBag from /opt/airflow/dags/main.py
[2026-09-05T07:49:55.447+0000] {logging_mixin.py:188} INFO - channel id is not executed
[2026-09-05T07:49:55.537+0000] {processor.py:840} INFO - DAG(s) 'produce_json', 'update_db' retrieved from /opt/airflow/dags/main.py
[2026-09-05T07:49:55.746+0000] {logging_mixin.py:188} INFO - [2026-09-05T07:49:55.745+0000] {dag.py:3096} INFO - Sync 2 DAGs
[2026-09-05T07:49:55.842+0000] {logging_mixin.py:188} INFO - [2026-09-05T07:49:55.841+0000] {dag.py:3954} INFO - Setting next_dagrun for produce_json to 2026-09-05 14:00:00+00:00, run_after=2026-09-06 14:00:00+00:00
[2026-09-05T07:49:55.902+0000] {logging_mixin.py:188} INFO - [2026-09-05T07:49:55.902+0000] {dag.py:3954} INFO - Setting next_dagrun for update_db to 2026-09-05 15:00:00+00:00, run_after=2026-09-06 15:00:00+00:00
[2026-09-05T07:49:56.009+0000] {processor.py:183} INFO - Processing /opt/airflow/dags/main.py took 0.646 seconds
[2026-09-05T07:50:26.129+0000] {processor.py:161} INFO - Started process (PID=932) to work on /opt/airflow/dags/main.py
[2026-09-05T07:50:26.131+0000] {processor.py:830} INFO - Processing file /opt/airflow/dags/main.py for tasks to queue
[2026-09-05T07:50:26.136+0000] {logging_mixin.py:188} INFO - [2026-09-05T07:50:26.135+0000] {dagbag.py:545} INFO - Filling up the DagBag from /opt/airflow/dags/main.py
[2026-09-05T07:50:26.197+0000] {logging_mixin.py:188} INFO - channel id is not executed
[2026-09-05T07:50:26.282+0000] {processor.py:840} INFO - DAG(s) 'update_db', 'produce_json' retrieved from /opt/airflow/dags/main.py
[2026-09-05T07:50:26.485+0000] {logging_mixin.py:188} INFO - [2026-09-05T07:50:26.485+0000] {dag.py:3096} INFO - Sync 2 DAGs
[2026-09-05T07:50:26.525+0000] {logging_mixin.py:188} INFO - [2026-09-05T07:50:26.524+0000] {dag.py:3954} INFO - Setting next_dagrun for produce_json to 2026-09-05 14:00:00+00:00, run_after=2026-09-06 14:00:00+00:00
[2026-09-05T07:50:26.533+0000] {logging_mixin.py:188} INFO - [2026-09-05T07:50:26.532+0000] {dag.py:3954} INFO - Setting next_dagrun for update_db to 2026-09-05 15:00:00+00:00, run_after=2026-09-06 15:00:00+00:00
[2026-09-05T07:50:26.583+0000] {processor.py:183} INFO - Processing /opt/airflow/dags/main.py took 0.463 seconds
[2026-09-05T07:50:56.997+0000] {processor.py:161} INFO - Started process (PID=939) to work on /opt/airflow/dags/main.py
[2026-09-05T07:50:57.000+0000] {processor.py:830} INFO - Processing file /opt/airflow/dags/main.py for tasks to queue
[2026-09-05T07:50:57.004+0000] {logging_mixin.py:188} INFO - [2026-09-05T07:50:57.003+0000] {dagbag.py:545} INFO - Filling up the DagBag from /opt/airflow/dags/main.py
[2026-09-05T07:50:57.064+0000] {logging_mixin.py:188} INFO - channel id is not executed
[2026-09-05T07:50:57.154+0000] {processor.py:840} INFO - DAG(s) 'update_db', 'produce_json' retrieved from /opt/airflow/dags/main.py
[2026-09-05T07:50:57.655+0000] {logging_mixin.py:188} INFO - [2026-09-05T07:50:57.655+0000] {dag.py:3096} INFO - Sync 2 DAGs
[2026-09-05T07:50:57.722+0000] {logging_mixin.py:188} INFO - [2026-09-05T07:50:57.721+0000] {dag.py:3954} INFO - Setting next_dagrun for produce_json to 2026-09-05 14:00:00+00:00, run_after=2026-09-06 14:00:00+00:00
[2026-09-05T07:50:57.730+0000] {logging_mixin.py:188} INFO - [2026-09-05T07:50:57.730+0000] {dag.py:3954} INFO - Setting next_dagrun for update_db to 2026-09-05 15:00:00+00:00, run_after=2026-09-06 15:00:00+00:00
[2026-09-05T07:50:57.781+0000] {processor.py:183} INFO - Processing /opt/airflow/dags/main.py took 0.793 seconds
[2026-09-05T07:51:28.521+0000] {processor.py:161} INFO - Started process (PID=945) to work on /opt/airflow/dags/main.py
[2026-09-05T07:51:28.531+0000] {processor.py:830} INFO - Processing file /opt/airflow/dags/main.py for tasks to queue
[2026-09-05T07:51:28.546+0000] {logging_mixin.py:188} INFO - [2026-09-05T07:51:28.545+0000] {dagbag.py:545} INFO - Filling up the DagBag from /opt/airflow/dags/main.py
[2026-09-05T07:51:28.649+0000] {logging_mixin.py:188} INFO - channel id is not executed
[2026-09-05T07:51:28.741+0000] {processor.py:840} INFO - DAG(s) 'produce_json', 'update_db' retrieved from /opt/airflow/dags/main.py
[2026-09-05T07:51:28.950+0000] {logging_mixin.py:188} INFO - [2026-09-05T07:51:28.949+0000] {dag.py:3096} INFO - Sync 2 DAGs
[2026-09-05T07:51:28.985+0000] {logging_mixin.py:188} INFO - [2026-09-05T07:51:28.985+0000] {dag.py:3954} INFO - Setting next_dagrun for produce_json to 2026-09-05 14:00:00+00:00, run_after=2026-09-06 14:00:00+00:00
[2026-09-05T07:51:28.993+0000] {logging_mixin.py:188} INFO - [2026-09-05T07:51:28.993+0000] {dag.py:3954} INFO - Setting next_dagrun for update_db to 2026-09-05 15:00:00+00:00, run_after=2026-09-06 15:00:00+00:00
[2026-09-05T07:51:29.030+0000] {processor.py:183} INFO - Processing /opt/airflow/dags/main.py took 0.518 seconds
[2026-09-05T07:51:59.303+0000] {processor.py:161} INFO - Started process (PID=952) to work on /opt/airflow/dags/main.py
[2026-09-05T07:51:59.305+0000] {processor.py:830} INFO - Processing file /opt/airflow/dags/main.py for tasks to queue
[2026-09-05T07:51:59.309+0000] {logging_mixin.py:188} INFO - [2026-09-05T07:51:59.308+0000] {dagbag.py:545} INFO - Filling up the DagBag from /opt/airflow/dags/main.py
[2026-09-05T07:51:59.386+0000] {logging_mixin.py:188} INFO - channel id is not executed
[2026-09-05T07:51:59.566+0000] {processor.py:840} INFO - DAG(s) 'update_db', 'produce_json' retrieved from /opt/airflow/dags/main.py
[2026-09-05T07:51:59.922+0000] {logging_mixin.py:188} INFO - [2026-09-05T07:51:59.922+0000] {dag.py:3096} INFO - Sync 2 DAGs
[2026-09-05T07:51:59.975+0000] {logging_mixin.py:188} INFO - [2026-09-05T07:51:59.975+0000] {dag.py:3954} INFO - Setting next_dagrun for produce_json to 2026-09-05 14:00:00+00:00, run_after=2026-09-06 14:00:00+00:00
[2026-09-05T07:51:59.987+0000] {logging_mixin.py:188} INFO - [2026-09-05T07:51:59.987+0000] {dag.py:3954} INFO - Setting next_dagrun for update_db to 2026-09-05 15:00:00+00:00, run_after=2026-09-06 15:00:00+00:00
[2026-09-05T07:52:00.041+0000] {processor.py:183} INFO - Processing /opt/airflow/dags/main.py took 0.747 seconds
[2026-09-05T07:52:30.223+0000] {processor.py:161} INFO - Started process (PID=959) to work on /opt/airflow/dags/main.py
[2026-09-05T07:52:30.226+0000] {processor.py:830} INFO - Processing file /opt/airflow/dags/main.py for tasks to queue
[2026-09-05T07:52:30.238+0000] {logging_mixin.py:188} INFO - [2026-09-05T07:52:30.237+0000] {dagbag.py:545} INFO - Filling up the DagBag from /opt/airflow/dags/main.py
[2026-09-05T07:52:30.310+0000] {logging_mixin.py:188} INFO - channel id is not executed
[2026-09-05T07:52:30.404+0000] {processor.py:840} INFO - DAG(s) 'update_db', 'produce_json' retrieved from /opt/airflow/dags/main.py
[2026-09-05T07:52:30.718+0000] {logging_mixin.py:188} INFO - [2026-09-05T07:52:30.717+0000] {dag.py:3096} INFO - Sync 2 DAGs
[2026-09-05T07:52:30.756+0000] {logging_mixin.py:188} INFO - [2026-09-05T07:52:30.756+0000] {dag.py:3954} INFO - Setting next_dagrun for produce_json to 2026-09-05 14:00:00+00:00, run_after=2026-09-06 14:00:00+00:00
[2026-09-05T07:52:30.764+0000] {logging_mixin.py:188} INFO - [2026-09-05T07:52:30.764+0000] {dag.py:3954} INFO - Setting next_dagrun for update_db to 2026-09-05 15:00:00+00:00, run_after=2026-09-06 15:00:00+00:00
[2026-09-05T07:52:30.801+0000] {processor.py:183} INFO - Processing /opt/airflow/dags/main.py took 0.597 seconds
[2026-09-05T07:53:01.230+0000] {processor.py:161} INFO - Started process (PID=967) to work on /opt/airflow/dags/main.py
[2026-09-05T07:53:01.233+0000] {processor.py:830} INFO - Processing file /opt/airflow/dags/main.py for tasks to queue
[2026-09-05T07:53:01.238+0000] {logging_mixin.py:188} INFO - [2026-09-05T07:53:01.237+0000] {dagbag.py:545} INFO - Filling up the DagBag from /opt/airflow/dags/main.py
[2026-09-05T07:53:01.602+0000] {logging_mixin.py:188} INFO - channel id is not executed
[2026-09-05T07:53:01.894+0000] {processor.py:840} INFO - DAG(s) 'produce_json', 'update_db' retrieved from /opt/airflow/dags/main.py
[2026-09-05T07:53:02.414+0000] {logging_mixin.py:188} INFO - [2026-09-05T07:53:02.413+0000] {dag.py:3096} INFO - Sync 2 DAGs
[2026-09-05T07:53:02.452+0000] {logging_mixin.py:188} INFO - [2026-09-05T07:53:02.452+0000] {dag.py:3954} INFO - Setting next_dagrun for produce_json to 2026-09-05 14:00:00+00:00, run_after=2026-09-06 14:00:00+00:00
[2026-09-05T07:53:02.464+0000] {logging_mixin.py:188} INFO - [2026-09-05T07:53:02.463+0000] {dag.py:3954} INFO - Setting next_dagrun for update_db to 2026-09-05 15:00:00+00:00, run_after=2026-09-06 15:00:00+00:00
[2026-09-05T07:53:02.506+0000] {processor.py:183} INFO - Processing /opt/airflow/dags/main.py took 1.286 seconds
[2026-09-05T07:53:32.759+0000] {processor.py:161} INFO - Started process (PID=974) to work on /opt/airflow/dags/main.py
[2026-09-05T07:53:32.764+0000] {processor.py:830} INFO - Processing file /opt/airflow/dags/main.py for tasks to queue
[2026-09-05T07:53:32.775+0000] {logging_mixin.py:188} INFO - [2026-09-05T07:53:32.773+0000] {dagbag.py:545} INFO - Filling up the DagBag from /opt/airflow/dags/main.py
[2026-09-05T07:53:32.910+0000] {logging_mixin.py:188} INFO - channel id is not executed
[2026-09-05T07:53:33.055+0000] {processor.py:840} INFO - DAG(s) 'update_db', 'produce_json' retrieved from /opt/airflow/dags/main.py
[2026-09-05T07:53:33.350+0000] {logging_mixin.py:188} INFO - [2026-09-05T07:53:33.349+0000] {dag.py:3096} INFO - Sync 2 DAGs
[2026-09-05T07:53:33.399+0000] {logging_mixin.py:188} INFO - [2026-09-05T07:53:33.399+0000] {dag.py:3954} INFO - Setting next_dagrun for produce_json to 2026-09-05 14:00:00+00:00, run_after=2026-09-06 14:00:00+00:00
[2026-09-05T07:53:33.413+0000] {logging_mixin.py:188} INFO - [2026-09-05T07:53:33.412+0000] {dag.py:3954} INFO - Setting next_dagrun for update_db to 2026-09-05 15:00:00+00:00, run_after=2026-09-06 15:00:00+00:00
[2026-09-05T07:53:33.490+0000] {processor.py:183} INFO - Processing /opt/airflow/dags/main.py took 0.740 seconds
[2026-09-05T07:54:03.677+0000] {processor.py:161} INFO - Started process (PID=982) to work on /opt/airflow/dags/main.py
[2026-09-05T07:54:03.679+0000] {processor.py:830} INFO - Processing file /opt/airflow/dags/main.py for tasks to queue
[2026-09-05T07:54:03.684+0000] {logging_mixin.py:188} INFO - [2026-09-05T07:54:03.683+0000] {dagbag.py:545} INFO - Filling up the DagBag from /opt/airflow/dags/main.py
[2026-09-05T07:54:03.858+0000] {logging_mixin.py:188} INFO - channel id is not executed
[2026-09-05T07:54:03.941+0000] {processor.py:840} INFO - DAG(s) 'produce_json', 'update_db' retrieved from /opt/airflow/dags/main.py
[2026-09-05T07:54:04.180+0000] {logging_mixin.py:188} INFO - [2026-09-05T07:54:04.179+0000] {dag.py:3096} INFO - Sync 2 DAGs
[2026-09-05T07:54:04.244+0000] {logging_mixin.py:188} INFO - [2026-09-05T07:54:04.244+0000] {dag.py:3954} INFO - Setting next_dagrun for produce_json to 2026-09-05 14:00:00+00:00, run_after=2026-09-06 14:00:00+00:00
[2026-09-05T07:54:04.280+0000] {logging_mixin.py:188} INFO - [2026-09-05T07:54:04.279+0000] {dag.py:3954} INFO - Setting next_dagrun for update_db to 2026-09-05 15:00:00+00:00, run_after=2026-09-06 15:00:00+00:00
[2026-09-05T07:54:04.355+0000] {processor.py:183} INFO - Processing /opt/airflow/dags/main.py took 0.691 seconds
[2026-09-05T07:54:34.560+0000] {processor.py:161} INFO - Started process (PID=989) to work on /opt/airflow/dags/main.py
[2026-09-05T07:54:34.564+0000] {processor.py:830} INFO - Processing file /opt/airflow/dags/main.py for tasks to queue
[2026-09-05T07:54:34.573+0000] {logging_mixin.py:188} INFO - [2026-09-05T07:54:34.571+0000] {dagbag.py:545} INFO - Filling up the DagBag from /opt/airflow/dags/main.py
[2026-09-05T07:54:34.736+0000] {logging_mixin.py:188} INFO - channel id is not executed
[2026-09-05T07:54:34.945+0000] {processor.py:840} INFO - DAG(s) 'produce_json', 'update_db' retrieved from /opt/airflow/dags/main.py
[2026-09-05T07:54:35.210+0000] {logging_mixin.py:188} INFO - [2026-09-05T07:54:35.210+0000] {dag.py:3096} INFO - Sync 2 DAGs
[2026-09-05T07:54:35.247+0000] {logging_mixin.py:188} INFO - [2026-09-05T07:54:35.246+0000] {dag.py:3954} INFO - Setting next_dagrun for produce_json to 2026-09-05 14:00:00+00:00, run_after=2026-09-06 14:00:00+00:00
[2026-09-05T07:54:35.257+0000] {logging_mixin.py:188} INFO - [2026-09-05T07:54:35.256+0000] {dag.py:3954} INFO - Setting next_dagrun for update_db to 2026-09-05 15:00:00+00:00, run_after=2026-09-06 15:00:00+00:00
[2026-09-05T07:54:35.295+0000] {processor.py:183} INFO - Processing /opt/airflow/dags/main.py took 0.748 seconds
[2026-09-05T07:55:05.551+0000] {processor.py:161} INFO - Started process (PID=995) to work on /opt/airflow/dags/main.py
[2026-09-05T07:55:05.553+0000] {processor.py:830} INFO - Processing file /opt/airflow/dags/main.py for tasks to queue
[2026-09-05T07:55:05.556+0000] {logging_mixin.py:188} INFO - [2026-09-05T07:55:05.556+0000] {dagbag.py:545} INFO - Filling up the DagBag from /opt/airflow/dags/main.py
[2026-09-05T07:55:05.628+0000] {logging_mixin.py:188} INFO - channel id is not executed
[2026-09-05T07:55:05.725+0000] {processor.py:840} INFO - DAG(s) 'update_db', 'produce_json' retrieved from /opt/airflow/dags/main.py
[2026-09-05T07:55:05.991+0000] {logging_mixin.py:188} INFO - [2026-09-05T07:55:05.990+0000] {dag.py:3096} INFO - Sync 2 DAGs
[2026-09-05T07:55:06.031+0000] {logging_mixin.py:188} INFO - [2026-09-05T07:55:06.030+0000] {dag.py:3954} INFO - Setting next_dagrun for produce_json to 2026-09-05 14:00:00+00:00, run_after=2026-09-06 14:00:00+00:00
[2026-09-05T07:55:06.049+0000] {logging_mixin.py:188} INFO - [2026-09-05T07:55:06.049+0000] {dag.py:3954} INFO - Setting next_dagrun for update_db to 2026-09-05 15:00:00+00:00, run_after=2026-09-06 15:00:00+00:00
[2026-09-05T07:55:06.109+0000] {processor.py:183} INFO - Processing /opt/airflow/dags/main.py took 0.558 seconds
[2026-09-05T07:55:36.450+0000] {processor.py:161} INFO - Started process (PID=1002) to work on /opt/airflow/dags/main.py
[2026-09-05T07:55:36.453+0000] {processor.py:830} INFO - Processing file /opt/airflow/dags/main.py for tasks to queue
[2026-09-05T07:55:36.458+0000] {logging_mixin.py:188} INFO - [2026-09-05T07:55:36.457+0000] {dagbag.py:545} INFO - Filling up the DagBag from /opt/airflow/dags/main.py
[2026-09-05T07:55:36.535+0000] {logging_mixin.py:188} INFO - channel id is not executed
[2026-09-05T07:55:36.636+0000] {processor.py:840} INFO - DAG(s) 'update_db', 'produce_json' retrieved from /opt/airflow/dags/main.py
[2026-09-05T07:55:36.890+0000] {logging_mixin.py:188} INFO - [2026-09-05T07:55:36.889+0000] {dag.py:3096} INFO - Sync 2 DAGs
[2026-09-05T07:55:36.931+0000] {logging_mixin.py:188} INFO - [2026-09-05T07:55:36.931+0000] {dag.py:3954} INFO - Setting next_dagrun for produce_json to 2026-09-05 14:00:00+00:00, run_after=2026-09-06 14:00:00+00:00
[2026-09-05T07:55:36.939+0000] {logging_mixin.py:188} INFO - [2026-09-05T07:55:36.939+0000] {dag.py:3954} INFO - Setting next_dagrun for update_db to 2026-09-05 15:00:00+00:00, run_after=2026-09-06 15:00:00+00:00
[2026-09-05T07:55:36.980+0000] {processor.py:183} INFO - Processing /opt/airflow/dags/main.py took 0.539 seconds
[2026-09-05T07:56:07.139+0000] {processor.py:161} INFO - Started process (PID=1010) to work on /opt/airflow/dags/main.py
[2026-09-05T07:56:07.142+0000] {processor.py:830} INFO - Processing file /opt/airflow/dags/main.py for tasks to queue
[2026-09-05T07:56:07.146+0000] {logging_mixin.py:188} INFO - [2026-09-05T07:56:07.146+0000] {dagbag.py:545} INFO - Filling up the DagBag from /opt/airflow/dags/main.py
[2026-09-05T07:56:07.565+0000] {logging_mixin.py:188} INFO - channel id is not executed
[2026-09-05T07:56:07.650+0000] {processor.py:840} INFO - DAG(s) 'produce_json', 'update_db' retrieved from /opt/airflow/dags/main.py
[2026-09-05T07:56:07.857+0000] {logging_mixin.py:188} INFO - [2026-09-05T07:56:07.857+0000] {dag.py:3096} INFO - Sync 2 DAGs
[2026-09-05T07:56:07.895+0000] {logging_mixin.py:188} INFO - [2026-09-05T07:56:07.895+0000] {dag.py:3954} INFO - Setting next_dagrun for produce_json to 2026-09-05 14:00:00+00:00, run_after=2026-09-06 14:00:00+00:00
[2026-09-05T07:56:07.972+0000] {logging_mixin.py:188} INFO - [2026-09-05T07:56:07.963+0000] {dag.py:3954} INFO - Setting next_dagrun for update_db to 2026-09-05 15:00:00+00:00, run_after=2026-09-06 15:00:00+00:00
[2026-09-05T07:56:08.066+0000] {processor.py:183} INFO - Processing /opt/airflow/dags/main.py took 0.936 seconds
[2026-09-05T07:56:38.474+0000] {processor.py:161} INFO - Started process (PID=1017) to work on /opt/airflow/dags/main.py
[2026-09-05T07:56:38.476+0000] {processor.py:830} INFO - Processing file /opt/airflow/dags/main.py for tasks to queue
[2026-09-05T07:56:38.480+0000] {logging_mixin.py:188} INFO - [2026-09-05T07:56:38.480+0000] {dagbag.py:545} INFO - Filling up the DagBag from /opt/airflow/dags/main.py
[2026-09-05T07:56:38.558+0000] {logging_mixin.py:188} INFO - channel id is not executed
[2026-09-05T07:56:38.659+0000] {processor.py:840} INFO - DAG(s) 'update_db', 'produce_json' retrieved from /opt/airflow/dags/main.py
[2026-09-05T07:56:38.997+0000] {logging_mixin.py:188} INFO - [2026-09-05T07:56:38.997+0000] {dag.py:3096} INFO - Sync 2 DAGs
[2026-09-05T07:56:39.035+0000] {logging_mixin.py:188} INFO - [2026-09-05T07:56:39.035+0000] {dag.py:3954} INFO - Setting next_dagrun for produce_json to 2026-09-05 14:00:00+00:00, run_after=2026-09-06 14:00:00+00:00
[2026-09-05T07:56:39.045+0000] {logging_mixin.py:188} INFO - [2026-09-05T07:56:39.044+0000] {dag.py:3954} INFO - Setting next_dagrun for update_db to 2026-09-05 15:00:00+00:00, run_after=2026-09-06 15:00:00+00:00
[2026-09-05T07:56:39.097+0000] {processor.py:183} INFO - Processing /opt/airflow/dags/main.py took 0.637 seconds
[2026-09-05T07:57:09.827+0000] {processor.py:161} INFO - Started process (PID=1024) to work on /opt/airflow/dags/main.py
[2026-09-05T07:57:09.861+0000] {processor.py:830} INFO - Processing file /opt/airflow/dags/main.py for tasks to queue
[2026-09-05T07:57:09.893+0000] {logging_mixin.py:188} INFO - [2026-09-05T07:57:09.893+0000] {dagbag.py:545} INFO - Filling up the DagBag from /opt/airflow/dags/main.py
[2026-09-05T07:57:10.029+0000] {logging_mixin.py:188} INFO - channel id is not executed
[2026-09-05T07:57:10.181+0000] {processor.py:840} INFO - DAG(s) 'produce_json', 'update_db' retrieved from /opt/airflow/dags/main.py
[2026-09-05T07:57:10.709+0000] {logging_mixin.py:188} INFO - [2026-09-05T07:57:10.708+0000] {dag.py:3096} INFO - Sync 2 DAGs
[2026-09-05T07:57:10.948+0000] {logging_mixin.py:188} INFO - [2026-09-05T07:57:10.948+0000] {dag.py:3954} INFO - Setting next_dagrun for produce_json to 2026-09-05 14:00:00+00:00, run_after=2026-09-06 14:00:00+00:00
[2026-09-05T07:57:10.963+0000] {logging_mixin.py:188} INFO - [2026-09-05T07:57:10.962+0000] {dag.py:3954} INFO - Setting next_dagrun for update_db to 2026-09-05 15:00:00+00:00, run_after=2026-09-06 15:00:00+00:00
[2026-09-05T07:57:11.088+0000] {processor.py:183} INFO - Processing /opt/airflow/dags/main.py took 1.310 seconds
[2026-09-05T07:57:42.234+0000] {processor.py:161} INFO - Started process (PID=1031) to work on /opt/airflow/dags/main.py
[2026-09-05T07:57:42.298+0000] {processor.py:830} INFO - Processing file /opt/airflow/dags/main.py for tasks to queue
[2026-09-05T07:57:42.362+0000] {logging_mixin.py:188} INFO - [2026-09-05T07:57:42.361+0000] {dagbag.py:545} INFO - Filling up the DagBag from /opt/airflow/dags/main.py
[2026-09-05T07:57:42.819+0000] {logging_mixin.py:188} INFO - channel id is not executed
[2026-09-05T07:57:43.074+0000] {processor.py:840} INFO - DAG(s) 'produce_json', 'update_db' retrieved from /opt/airflow/dags/main.py
[2026-09-05T07:57:43.432+0000] {logging_mixin.py:188} INFO - [2026-09-05T07:57:43.431+0000] {dag.py:3096} INFO - Sync 2 DAGs
[2026-09-05T07:57:43.620+0000] {logging_mixin.py:188} INFO - [2026-09-05T07:57:43.620+0000] {dag.py:3954} INFO - Setting next_dagrun for produce_json to 2026-09-05 14:00:00+00:00, run_after=2026-09-06 14:00:00+00:00
[2026-09-05T07:57:43.639+0000] {logging_mixin.py:188} INFO - [2026-09-05T07:57:43.638+0000] {dag.py:3954} INFO - Setting next_dagrun for update_db to 2026-09-05 15:00:00+00:00, run_after=2026-09-06 15:00:00+00:00
[2026-09-05T07:57:43.700+0000] {processor.py:183} INFO - Processing /opt/airflow/dags/main.py took 1.550 seconds
[2026-09-05T07:58:14.266+0000] {processor.py:161} INFO - Started process (PID=1038) to work on /opt/airflow/dags/main.py
[2026-09-05T07:58:14.269+0000] {processor.py:830} INFO - Processing file /opt/airflow/dags/main.py for tasks to queue
[2026-09-05T07:58:14.273+0000] {logging_mixin.py:188} INFO - [2026-09-05T07:58:14.272+0000] {dagbag.py:545} INFO - Filling up the DagBag from /opt/airflow/dags/main.py
[2026-09-05T07:58:14.337+0000] {logging_mixin.py:188} INFO - channel id is not executed
[2026-09-05T07:58:14.418+0000] {processor.py:840} INFO - DAG(s) 'produce_json', 'update_db' retrieved from /opt/airflow/dags/main.py
[2026-09-05T07:58:14.623+0000] {logging_mixin.py:188} INFO - [2026-09-05T07:58:14.623+0000] {dag.py:3096} INFO - Sync 2 DAGs
[2026-09-05T07:58:14.662+0000] {logging_mixin.py:188} INFO - [2026-09-05T07:58:14.661+0000] {dag.py:3954} INFO - Setting next_dagrun for produce_json to 2026-09-05 14:00:00+00:00, run_after=2026-09-06 14:00:00+00:00
[2026-09-05T07:58:14.670+0000] {logging_mixin.py:188} INFO - [2026-09-05T07:58:14.670+0000] {dag.py:3954} INFO - Setting next_dagrun for update_db to 2026-09-05 15:00:00+00:00, run_after=2026-09-06 15:00:00+00:00
[2026-09-05T07:58:14.728+0000] {processor.py:183} INFO - Processing /opt/airflow/dags/main.py took 0.471 seconds
[2026-09-05T07:58:45.105+0000] {processor.py:161} INFO - Started process (PID=1045) to work on /opt/airflow/dags/main.py
[2026-09-05T07:58:45.107+0000] {processor.py:830} INFO - Processing file /opt/airflow/dags/main.py for tasks to queue
[2026-09-05T07:58:45.113+0000] {logging_mixin.py:188} INFO - [2026-09-05T07:58:45.111+0000] {dagbag.py:545} INFO - Filling up the DagBag from /opt/airflow/dags/main.py
[2026-09-05T07:58:45.221+0000] {logging_mixin.py:188} INFO - channel id is not executed
[2026-09-05T07:58:45.331+0000] {processor.py:840} INFO - DAG(s) 'update_db', 'produce_json' retrieved from /opt/airflow/dags/main.py
[2026-09-05T07:58:45.620+0000] {logging_mixin.py:188} INFO - [2026-09-05T07:58:45.619+0000] {dag.py:3096} INFO - Sync 2 DAGs
[2026-09-05T07:58:45.658+0000] {logging_mixin.py:188} INFO - [2026-09-05T07:58:45.658+0000] {dag.py:3954} INFO - Setting next_dagrun for produce_json to 2026-09-05 14:00:00+00:00, run_after=2026-09-06 14:00:00+00:00
[2026-09-05T07:58:45.668+0000] {logging_mixin.py:188} INFO - [2026-09-05T07:58:45.667+0000] {dag.py:3954} INFO - Setting next_dagrun for update_db to 2026-09-05 15:00:00+00:00, run_after=2026-09-06 15:00:00+00:00
[2026-09-05T07:58:45.755+0000] {processor.py:183} INFO - Processing /opt/airflow/dags/main.py took 0.662 seconds
[2026-09-05T07:59:16.157+0000] {processor.py:161} INFO - Started process (PID=1052) to work on /opt/airflow/dags/main.py
[2026-09-05T07:59:16.159+0000] {processor.py:830} INFO - Processing file /opt/airflow/dags/main.py for tasks to queue
[2026-09-05T07:59:16.163+0000] {logging_mixin.py:188} INFO - [2026-09-05T07:59:16.163+0000] {dagbag.py:545} INFO - Filling up the DagBag from /opt/airflow/dags/main.py
[2026-09-05T07:59:16.249+0000] {logging_mixin.py:188} INFO - channel id is not executed
[2026-09-05T07:59:16.449+0000] {processor.py:840} INFO - DAG(s) 'produce_json', 'update_db' retrieved from /opt/airflow/dags/main.py
[2026-09-05T07:59:16.709+0000] {logging_mixin.py:188} INFO - [2026-09-05T07:59:16.709+0000] {dag.py:3096} INFO - Sync 2 DAGs
[2026-09-05T07:59:16.746+0000] {logging_mixin.py:188} INFO - [2026-09-05T07:59:16.745+0000] {dag.py:3954} INFO - Setting next_dagrun for produce_json to 2026-09-05 14:00:00+00:00, run_after=2026-09-06 14:00:00+00:00
[2026-09-05T07:59:16.756+0000] {logging_mixin.py:188} INFO - [2026-09-05T07:59:16.756+0000] {dag.py:3954} INFO - Setting next_dagrun for update_db to 2026-09-05 15:00:00+00:00, run_after=2026-09-06 15:00:00+00:00
[2026-09-05T07:59:16.792+0000] {processor.py:183} INFO - Processing /opt/airflow/dags/main.py took 0.644 seconds
[2026-09-05T07:59:47.257+0000] {processor.py:161} INFO - Started process (PID=1059) to work on /opt/airflow/dags/main.py
[2026-09-05T07:59:47.261+0000] {processor.py:830} INFO - Processing file /opt/airflow/dags/main.py for tasks to queue
[2026-09-05T07:59:47.265+0000] {logging_mixin.py:188} INFO - [2026-09-05T07:59:47.265+0000] {dagbag.py:545} INFO - Filling up the DagBag from /opt/airflow/dags/main.py
[2026-09-05T07:59:47.335+0000] {logging_mixin.py:188} INFO - channel id is not executed
[2026-09-05T07:59:47.535+0000] {processor.py:840} INFO - DAG(s) 'produce_json', 'update_db' retrieved from /opt/airflow/dags/main.py
[2026-09-05T07:59:47.849+0000] {logging_mixin.py:188} INFO - [2026-09-05T07:59:47.848+0000] {dag.py:3096} INFO - Sync 2 DAGs
[2026-09-05T07:59:47.903+0000] {logging_mixin.py:188} INFO - [2026-09-05T07:59:47.903+0000] {dag.py:3954} INFO - Setting next_dagrun for produce_json to 2026-09-05 14:00:00+00:00, run_after=2026-09-06 14:00:00+00:00
[2026-09-05T07:59:47.914+0000] {logging_mixin.py:188} INFO - [2026-09-05T07:59:47.914+0000] {dag.py:3954} INFO - Setting next_dagrun for update_db to 2026-09-05 15:00:00+00:00, run_after=2026-09-06 15:00:00+00:00
[2026-09-05T07:59:47.957+0000] {processor.py:183} INFO - Processing /opt/airflow/dags/main.py took 0.710 seconds
[2026-09-05T08:00:18.634+0000] {processor.py:161} INFO - Started process (PID=1072) to work on /opt/airflow/dags/main.py
[2026-09-05T08:00:18.636+0000] {processor.py:830} INFO - Processing file /opt/airflow/dags/main.py for tasks to queue
[2026-09-05T08:00:18.641+0000] {logging_mixin.py:188} INFO - [2026-09-05T08:00:18.640+0000] {dagbag.py:545} INFO - Filling up the DagBag from /opt/airflow/dags/main.py
[2026-09-05T08:00:18.708+0000] {logging_mixin.py:188} INFO - channel id is not executed
[2026-09-05T08:00:18.913+0000] {processor.py:840} INFO - DAG(s) 'update_db', 'produce_json' retrieved from /opt/airflow/dags/main.py
[2026-09-05T08:00:19.136+0000] {logging_mixin.py:188} INFO - [2026-09-05T08:00:19.136+0000] {dag.py:3096} INFO - Sync 2 DAGs
[2026-09-05T08:00:19.179+0000] {logging_mixin.py:188} INFO - [2026-09-05T08:00:19.179+0000] {dag.py:3954} INFO - Setting next_dagrun for produce_json to 2026-09-05 14:00:00+00:00, run_after=2026-09-06 14:00:00+00:00
[2026-09-05T08:00:19.188+0000] {logging_mixin.py:188} INFO - [2026-09-05T08:00:19.188+0000] {dag.py:3954} INFO - Setting next_dagrun for update_db to 2026-09-05 15:00:00+00:00, run_after=2026-09-06 15:00:00+00:00
[2026-09-05T08:00:19.231+0000] {processor.py:183} INFO - Processing /opt/airflow/dags/main.py took 0.606 seconds
[2026-09-05T08:00:49.391+0000] {processor.py:161} INFO - Started process (PID=1079) to work on /opt/airflow/dags/main.py
[2026-09-05T08:00:49.393+0000] {processor.py:830} INFO - Processing file /opt/airflow/dags/main.py for tasks to queue
[2026-09-05T08:00:49.398+0000] {logging_mixin.py:188} INFO - [2026-09-05T08:00:49.398+0000] {dagbag.py:545} INFO - Filling up the DagBag from /opt/airflow/dags/main.py
[2026-09-05T08:00:49.515+0000] {logging_mixin.py:188} INFO - channel id is not executed
[2026-09-05T08:00:49.642+0000] {processor.py:840} INFO - DAG(s) 'update_db', 'produce_json' retrieved from /opt/airflow/dags/main.py
[2026-09-05T08:00:49.838+0000] {logging_mixin.py:188} INFO - [2026-09-05T08:00:49.838+0000] {dag.py:3096} INFO - Sync 2 DAGs
[2026-09-05T08:00:49.878+0000] {logging_mixin.py:188} INFO - [2026-09-05T08:00:49.878+0000] {dag.py:3954} INFO - Setting next_dagrun for produce_json to 2026-09-05 14:00:00+00:00, run_after=2026-09-06 14:00:00+00:00
[2026-09-05T08:00:49.889+0000] {logging_mixin.py:188} INFO - [2026-09-05T08:00:49.889+0000] {dag.py:3954} INFO - Setting next_dagrun for update_db to 2026-09-05 15:00:00+00:00, run_after=2026-09-06 15:00:00+00:00
[2026-09-05T08:00:49.938+0000] {processor.py:183} INFO - Processing /opt/airflow/dags/main.py took 0.557 seconds
[2026-09-05T08:01:20.292+0000] {processor.py:161} INFO - Started process (PID=1086) to work on /opt/airflow/dags/main.py
[2026-09-05T08:01:20.295+0000] {processor.py:830} INFO - Processing file /opt/airflow/dags/main.py for tasks to queue
[2026-09-05T08:01:20.306+0000] {logging_mixin.py:188} INFO - [2026-09-05T08:01:20.305+0000] {dagbag.py:545} INFO - Filling up the DagBag from /opt/airflow/dags/main.py
[2026-09-05T08:01:20.389+0000] {logging_mixin.py:188} INFO - channel id is not executed
[2026-09-05T08:01:20.839+0000] {processor.py:840} INFO - DAG(s) 'produce_json', 'update_db' retrieved from /opt/airflow/dags/main.py
[2026-09-05T08:01:21.064+0000] {logging_mixin.py:188} INFO - [2026-09-05T08:01:21.064+0000] {dag.py:3096} INFO - Sync 2 DAGs
[2026-09-05T08:01:21.100+0000] {logging_mixin.py:188} INFO - [2026-09-05T08:01:21.100+0000] {dag.py:3954} INFO - Setting next_dagrun for produce_json to 2026-09-05 14:00:00+00:00, run_after=2026-09-06 14:00:00+00:00
[2026-09-05T08:01:21.116+0000] {logging_mixin.py:188} INFO - [2026-09-05T08:01:21.115+0000] {dag.py:3954} INFO - Setting next_dagrun for update_db to 2026-09-05 15:00:00+00:00, run_after=2026-09-06 15:00:00+00:00
[2026-09-05T08:01:21.170+0000] {processor.py:183} INFO - Processing /opt/airflow/dags/main.py took 0.892 seconds
[2026-09-05T08:01:51.706+0000] {processor.py:161} INFO - Started process (PID=1093) to work on /opt/airflow/dags/main.py
[2026-09-05T08:01:51.708+0000] {processor.py:830} INFO - Processing file /opt/airflow/dags/main.py for tasks to queue
[2026-09-05T08:01:51.725+0000] {logging_mixin.py:188} INFO - [2026-09-05T08:01:51.725+0000] {dagbag.py:545} INFO - Filling up the DagBag from /opt/airflow/dags/main.py
[2026-09-05T08:01:51.926+0000] {logging_mixin.py:188} INFO - channel id is not executed
[2026-09-05T08:01:52.151+0000] {processor.py:840} INFO - DAG(s) 'produce_json', 'update_db' retrieved from /opt/airflow/dags/main.py
[2026-09-05T08:01:52.667+0000] {logging_mixin.py:188} INFO - [2026-09-05T08:01:52.666+0000] {dag.py:3096} INFO - Sync 2 DAGs
[2026-09-05T08:01:52.703+0000] {logging_mixin.py:188} INFO - [2026-09-05T08:01:52.703+0000] {dag.py:3954} INFO - Setting next_dagrun for produce_json to 2026-09-05 14:00:00+00:00, run_after=2026-09-06 14:00:00+00:00
[2026-09-05T08:01:52.713+0000] {logging_mixin.py:188} INFO - [2026-09-05T08:01:52.713+0000] {dag.py:3954} INFO - Setting next_dagrun for update_db to 2026-09-05 15:00:00+00:00, run_after=2026-09-06 15:00:00+00:00
[2026-09-05T08:01:52.857+0000] {processor.py:183} INFO - Processing /opt/airflow/dags/main.py took 1.172 seconds
[2026-09-05T08:02:23.767+0000] {processor.py:161} INFO - Started process (PID=1100) to work on /opt/airflow/dags/main.py
[2026-09-05T08:02:23.770+0000] {processor.py:830} INFO - Processing file /opt/airflow/dags/main.py for tasks to queue
[2026-09-05T08:02:23.775+0000] {logging_mixin.py:188} INFO - [2026-09-05T08:02:23.774+0000] {dagbag.py:545} INFO - Filling up the DagBag from /opt/airflow/dags/main.py
[2026-09-05T08:02:23.884+0000] {logging_mixin.py:188} INFO - channel id is not executed
[2026-09-05T08:02:24.057+0000] {processor.py:840} INFO - DAG(s) 'produce_json', 'update_db' retrieved from /opt/airflow/dags/main.py
[2026-09-05T08:02:24.272+0000] {logging_mixin.py:188} INFO - [2026-09-05T08:02:24.272+0000] {dag.py:3096} INFO - Sync 2 DAGs
[2026-09-05T08:02:24.313+0000] {logging_mixin.py:188} INFO - [2026-09-05T08:02:24.313+0000] {dag.py:3954} INFO - Setting next_dagrun for produce_json to 2026-09-05 14:00:00+00:00, run_after=2026-09-06 14:00:00+00:00
[2026-09-05T08:02:24.329+0000] {logging_mixin.py:188} INFO - [2026-09-05T08:02:24.328+0000] {dag.py:3954} INFO - Setting next_dagrun for update_db to 2026-09-05 15:00:00+00:00, run_after=2026-09-06 15:00:00+00:00
[2026-09-05T08:02:24.372+0000] {processor.py:183} INFO - Processing /opt/airflow/dags/main.py took 0.614 seconds
[2026-09-05T08:02:55.250+0000] {processor.py:161} INFO - Started process (PID=1107) to work on /opt/airflow/dags/main.py
[2026-09-05T08:02:55.261+0000] {processor.py:830} INFO - Processing file /opt/airflow/dags/main.py for tasks to queue
[2026-09-05T08:02:55.276+0000] {logging_mixin.py:188} INFO - [2026-09-05T08:02:55.276+0000] {dagbag.py:545} INFO - Filling up the DagBag from /opt/airflow/dags/main.py
[2026-09-05T08:02:55.374+0000] {logging_mixin.py:188} INFO - channel id is not executed
[2026-09-05T08:02:55.503+0000] {processor.py:840} INFO - DAG(s) 'produce_json', 'update_db' retrieved from /opt/airflow/dags/main.py
[2026-09-05T08:02:55.788+0000] {logging_mixin.py:188} INFO - [2026-09-05T08:02:55.788+0000] {dag.py:3096} INFO - Sync 2 DAGs
[2026-09-05T08:02:55.823+0000] {logging_mixin.py:188} INFO - [2026-09-05T08:02:55.823+0000] {dag.py:3954} INFO - Setting next_dagrun for produce_json to 2026-09-05 14:00:00+00:00, run_after=2026-09-06 14:00:00+00:00
[2026-09-05T08:02:55.834+0000] {logging_mixin.py:188} INFO - [2026-09-05T08:02:55.833+0000] {dag.py:3954} INFO - Setting next_dagrun for update_db to 2026-09-05 15:00:00+00:00, run_after=2026-09-06 15:00:00+00:00
[2026-09-05T08:02:55.926+0000] {processor.py:183} INFO - Processing /opt/airflow/dags/main.py took 0.692 seconds
[2026-09-05T08:03:26.471+0000] {processor.py:161} INFO - Started process (PID=1113) to work on /opt/airflow/dags/main.py
[2026-09-05T08:03:26.473+0000] {processor.py:830} INFO - Processing file /opt/airflow/dags/main.py for tasks to queue
[2026-09-05T08:03:26.481+0000] {logging_mixin.py:188} INFO - [2026-09-05T08:03:26.480+0000] {dagbag.py:545} INFO - Filling up the DagBag from /opt/airflow/dags/main.py
[2026-09-05T08:03:26.562+0000] {logging_mixin.py:188} INFO - channel id is not executed
[2026-09-05T08:03:26.699+0000] {processor.py:840} INFO - DAG(s) 'update_db', 'produce_json' retrieved from /opt/airflow/dags/main.py
[2026-09-05T08:03:26.942+0000] {logging_mixin.py:188} INFO - [2026-09-05T08:03:26.941+0000] {dag.py:3096} INFO - Sync 2 DAGs
[2026-09-05T08:03:27.010+0000] {logging_mixin.py:188} INFO - [2026-09-05T08:03:27.009+0000] {dag.py:3954} INFO - Setting next_dagrun for produce_json to 2026-09-05 14:00:00+00:00, run_after=2026-09-06 14:00:00+00:00
[2026-09-05T08:03:27.023+0000] {logging_mixin.py:188} INFO - [2026-09-05T08:03:27.022+0000] {dag.py:3954} INFO - Setting next_dagrun for update_db to 2026-09-05 15:00:00+00:00, run_after=2026-09-06 15:00:00+00:00
[2026-09-05T08:03:27.103+0000] {processor.py:183} INFO - Processing /opt/airflow/dags/main.py took 0.642 seconds
[2026-09-05T08:03:57.696+0000] {processor.py:161} INFO - Started process (PID=1121) to work on /opt/airflow/dags/main.py
[2026-09-05T08:03:57.709+0000] {processor.py:830} INFO - Processing file /opt/airflow/dags/main.py for tasks to queue
[2026-09-05T08:03:57.714+0000] {logging_mixin.py:188} INFO - [2026-09-05T08:03:57.713+0000] {dagbag.py:545} INFO - Filling up the DagBag from /opt/airflow/dags/main.py
[2026-09-05T08:03:57.811+0000] {logging_mixin.py:188} INFO - channel id is not executed
[2026-09-05T08:03:57.919+0000] {processor.py:840} INFO - DAG(s) 'update_db', 'produce_json' retrieved from /opt/airflow/dags/main.py
[2026-09-05T08:03:58.291+0000] {logging_mixin.py:188} INFO - [2026-09-05T08:03:58.291+0000] {dag.py:3096} INFO - Sync 2 DAGs
[2026-09-05T08:03:58.333+0000] {logging_mixin.py:188} INFO - [2026-09-05T08:03:58.332+0000] {dag.py:3954} INFO - Setting next_dagrun for produce_json to 2026-09-05 14:00:00+00:00, run_after=2026-09-06 14:00:00+00:00
[2026-09-05T08:03:58.341+0000] {logging_mixin.py:188} INFO - [2026-09-05T08:03:58.341+0000] {dag.py:3954} INFO - Setting next_dagrun for update_db to 2026-09-05 15:00:00+00:00, run_after=2026-09-06 15:00:00+00:00
[2026-09-05T08:03:58.388+0000] {processor.py:183} INFO - Processing /opt/airflow/dags/main.py took 0.707 seconds
[2026-09-05T08:04:28.784+0000] {processor.py:161} INFO - Started process (PID=1128) to work on /opt/airflow/dags/main.py
[2026-09-05T08:04:28.787+0000] {processor.py:830} INFO - Processing file /opt/airflow/dags/main.py for tasks to queue
[2026-09-05T08:04:28.793+0000] {logging_mixin.py:188} INFO - [2026-09-05T08:04:28.792+0000] {dagbag.py:545} INFO - Filling up the DagBag from /opt/airflow/dags/main.py
[2026-09-05T08:04:28.900+0000] {logging_mixin.py:188} INFO - channel id is not executed
[2026-09-05T08:04:29.081+0000] {processor.py:840} INFO - DAG(s) 'produce_json', 'update_db' retrieved from /opt/airflow/dags/main.py
[2026-09-05T08:04:29.283+0000] {logging_mixin.py:188} INFO - [2026-09-05T08:04:29.282+0000] {dag.py:3096} INFO - Sync 2 DAGs
[2026-09-05T08:04:29.324+0000] {logging_mixin.py:188} INFO - [2026-09-05T08:04:29.324+0000] {dag.py:3954} INFO - Setting next_dagrun for produce_json to 2026-09-05 14:00:00+00:00, run_after=2026-09-06 14:00:00+00:00
[2026-09-05T08:04:29.332+0000] {logging_mixin.py:188} INFO - [2026-09-05T08:04:29.332+0000] {dag.py:3954} INFO - Setting next_dagrun for update_db to 2026-09-05 15:00:00+00:00, run_after=2026-09-06 15:00:00+00:00
[2026-09-05T08:04:29.383+0000] {processor.py:183} INFO - Processing /opt/airflow/dags/main.py took 0.608 seconds
[2026-09-05T08:04:59.493+0000] {processor.py:161} INFO - Started process (PID=1134) to work on /opt/airflow/dags/main.py
[2026-09-05T08:04:59.495+0000] {processor.py:830} INFO - Processing file /opt/airflow/dags/main.py for tasks to queue
[2026-09-05T08:04:59.503+0000] {logging_mixin.py:188} INFO - [2026-09-05T08:04:59.502+0000] {dagbag.py:545} INFO - Filling up the DagBag from /opt/airflow/dags/main.py
[2026-09-05T08:04:59.593+0000] {logging_mixin.py:188} INFO - channel id is not executed
[2026-09-05T08:04:59.673+0000] {processor.py:840} INFO - DAG(s) 'produce_json', 'update_db' retrieved from /opt/airflow/dags/main.py
[2026-09-05T08:04:59.881+0000] {logging_mixin.py:188} INFO - [2026-09-05T08:04:59.881+0000] {dag.py:3096} INFO - Sync 2 DAGs
[2026-09-05T08:04:59.920+0000] {logging_mixin.py:188} INFO - [2026-09-05T08:04:59.920+0000] {dag.py:3954} INFO - Setting next_dagrun for produce_json to 2026-09-05 14:00:00+00:00, run_after=2026-09-06 14:00:00+00:00
[2026-09-05T08:04:59.928+0000] {logging_mixin.py:188} INFO - [2026-09-05T08:04:59.928+0000] {dag.py:3954} INFO - Setting next_dagrun for update_db to 2026-09-05 15:00:00+00:00, run_after=2026-09-06 15:00:00+00:00
[2026-09-05T08:04:59.977+0000] {processor.py:183} INFO - Processing /opt/airflow/dags/main.py took 0.501 seconds
[2026-09-05T08:05:30.075+0000] {processor.py:161} INFO - Started process (PID=1143) to work on /opt/airflow/dags/main.py
[2026-09-05T08:05:30.077+0000] {processor.py:830} INFO - Processing file /opt/airflow/dags/main.py for tasks to queue
[2026-09-05T08:05:30.081+0000] {logging_mixin.py:188} INFO - [2026-09-05T08:05:30.080+0000] {dagbag.py:545} INFO - Filling up the DagBag from /opt/airflow/dags/main.py
[2026-09-05T08:05:30.150+0000] {logging_mixin.py:188} INFO - channel id is not executed
[2026-09-05T08:05:30.247+0000] {processor.py:840} INFO - DAG(s) 'produce_json', 'update_db' retrieved from /opt/airflow/dags/main.py
[2026-09-05T08:05:30.459+0000] {logging_mixin.py:188} INFO - [2026-09-05T08:05:30.458+0000] {dag.py:3096} INFO - Sync 2 DAGs
[2026-09-05T08:05:30.499+0000] {logging_mixin.py:188} INFO - [2026-09-05T08:05:30.499+0000] {dag.py:3954} INFO - Setting next_dagrun for produce_json to 2026-09-05 14:00:00+00:00, run_after=2026-09-06 14:00:00+00:00
[2026-09-05T08:05:30.508+0000] {logging_mixin.py:188} INFO - [2026-09-05T08:05:30.508+0000] {dag.py:3954} INFO - Setting next_dagrun for update_db to 2026-09-05 15:00:00+00:00, run_after=2026-09-06 15:00:00+00:00
[2026-09-05T08:05:30.592+0000] {processor.py:183} INFO - Processing /opt/airflow/dags/main.py took 0.527 seconds
[2026-09-05T08:06:00.939+0000] {processor.py:161} INFO - Started process (PID=1150) to work on /opt/airflow/dags/main.py
[2026-09-05T08:06:00.941+0000] {processor.py:830} INFO - Processing file /opt/airflow/dags/main.py for tasks to queue
[2026-09-05T08:06:00.946+0000] {logging_mixin.py:188} INFO - [2026-09-05T08:06:00.945+0000] {dagbag.py:545} INFO - Filling up the DagBag from /opt/airflow/dags/main.py
[2026-09-05T08:06:01.015+0000] {logging_mixin.py:188} INFO - channel id is not executed
[2026-09-05T08:06:01.174+0000] {processor.py:840} INFO - DAG(s) 'produce_json', 'update_db' retrieved from /opt/airflow/dags/main.py
[2026-09-05T08:06:01.565+0000] {logging_mixin.py:188} INFO - [2026-09-05T08:06:01.555+0000] {dag.py:3096} INFO - Sync 2 DAGs
[2026-09-05T08:06:01.647+0000] {logging_mixin.py:188} INFO - [2026-09-05T08:06:01.636+0000] {dag.py:3954} INFO - Setting next_dagrun for produce_json to 2026-09-05 14:00:00+00:00, run_after=2026-09-06 14:00:00+00:00
[2026-09-05T08:06:01.666+0000] {logging_mixin.py:188} INFO - [2026-09-05T08:06:01.666+0000] {dag.py:3954} INFO - Setting next_dagrun for update_db to 2026-09-05 15:00:00+00:00, run_after=2026-09-06 15:00:00+00:00
[2026-09-05T08:06:01.711+0000] {processor.py:183} INFO - Processing /opt/airflow/dags/main.py took 0.781 seconds
[2026-09-05T08:06:32.286+0000] {processor.py:161} INFO - Started process (PID=1158) to work on /opt/airflow/dags/main.py
[2026-09-05T08:06:32.289+0000] {processor.py:830} INFO - Processing file /opt/airflow/dags/main.py for tasks to queue
[2026-09-05T08:06:32.293+0000] {logging_mixin.py:188} INFO - [2026-09-05T08:06:32.293+0000] {dagbag.py:545} INFO - Filling up the DagBag from /opt/airflow/dags/main.py
[2026-09-05T08:06:32.701+0000] {logging_mixin.py:188} INFO - channel id is not executed
[2026-09-05T08:06:32.892+0000] {processor.py:840} INFO - DAG(s) 'update_db', 'produce_json' retrieved from /opt/airflow/dags/main.py
[2026-09-05T08:06:33.207+0000] {logging_mixin.py:188} INFO - [2026-09-05T08:06:33.207+0000] {dag.py:3096} INFO - Sync 2 DAGs
[2026-09-05T08:06:33.385+0000] {logging_mixin.py:188} INFO - [2026-09-05T08:06:33.385+0000] {dag.py:3954} INFO - Setting next_dagrun for produce_json to 2026-09-05 14:00:00+00:00, run_after=2026-09-06 14:00:00+00:00
[2026-09-05T08:06:33.405+0000] {logging_mixin.py:188} INFO - [2026-09-05T08:06:33.404+0000] {dag.py:3954} INFO - Setting next_dagrun for update_db to 2026-09-05 15:00:00+00:00, run_after=2026-09-06 15:00:00+00:00
[2026-09-05T08:06:33.479+0000] {processor.py:183} INFO - Processing /opt/airflow/dags/main.py took 1.203 seconds
[2026-09-05T08:07:03.881+0000] {processor.py:161} INFO - Started process (PID=1165) to work on /opt/airflow/dags/main.py
[2026-09-05T08:07:03.883+0000] {processor.py:830} INFO - Processing file /opt/airflow/dags/main.py for tasks to queue
[2026-09-05T08:07:03.888+0000] {logging_mixin.py:188} INFO - [2026-09-05T08:07:03.887+0000] {dagbag.py:545} INFO - Filling up the DagBag from /opt/airflow/dags/main.py
[2026-09-05T08:07:03.953+0000] {logging_mixin.py:188} INFO - channel id is not executed
[2026-09-05T08:07:04.161+0000] {processor.py:840} INFO - DAG(s) 'update_db', 'produce_json' retrieved from /opt/airflow/dags/main.py
[2026-09-05T08:07:04.448+0000] {logging_mixin.py:188} INFO - [2026-09-05T08:07:04.447+0000] {dag.py:3096} INFO - Sync 2 DAGs
[2026-09-05T08:07:04.546+0000] {logging_mixin.py:188} INFO - [2026-09-05T08:07:04.546+0000] {dag.py:3954} INFO - Setting next_dagrun for produce_json to 2026-09-05 14:00:00+00:00, run_after=2026-09-06 14:00:00+00:00
[2026-09-05T08:07:04.555+0000] {logging_mixin.py:188} INFO - [2026-09-05T08:07:04.554+0000] {dag.py:3954} INFO - Setting next_dagrun for update_db to 2026-09-05 15:00:00+00:00, run_after=2026-09-06 15:00:00+00:00
[2026-09-05T08:07:04.607+0000] {processor.py:183} INFO - Processing /opt/airflow/dags/main.py took 0.737 seconds
[2026-09-05T08:07:35.514+0000] {processor.py:161} INFO - Started process (PID=1172) to work on /opt/airflow/dags/main.py
[2026-09-05T08:07:35.517+0000] {processor.py:830} INFO - Processing file /opt/airflow/dags/main.py for tasks to queue
[2026-09-05T08:07:35.522+0000] {logging_mixin.py:188} INFO - [2026-09-05T08:07:35.522+0000] {dagbag.py:545} INFO - Filling up the DagBag from /opt/airflow/dags/main.py
[2026-09-05T08:07:35.596+0000] {logging_mixin.py:188} INFO - channel id is not executed
[2026-09-05T08:07:35.737+0000] {processor.py:840} INFO - DAG(s) 'produce_json', 'update_db' retrieved from /opt/airflow/dags/main.py
[2026-09-05T08:07:36.044+0000] {logging_mixin.py:188} INFO - [2026-09-05T08:07:36.044+0000] {dag.py:3096} INFO - Sync 2 DAGs
[2026-09-05T08:07:36.102+0000] {logging_mixin.py:188} INFO - [2026-09-05T08:07:36.101+0000] {dag.py:3954} INFO - Setting next_dagrun for produce_json to 2026-09-05 14:00:00+00:00, run_after=2026-09-06 14:00:00+00:00
[2026-09-05T08:07:36.110+0000] {logging_mixin.py:188} INFO - [2026-09-05T08:07:36.110+0000] {dag.py:3954} INFO - Setting next_dagrun for update_db to 2026-09-05 15:00:00+00:00, run_after=2026-09-06 15:00:00+00:00
[2026-09-05T08:07:36.149+0000] {processor.py:183} INFO - Processing /opt/airflow/dags/main.py took 0.645 seconds
[2026-09-05T08:08:06.565+0000] {processor.py:161} INFO - Started process (PID=1178) to work on /opt/airflow/dags/main.py
[2026-09-05T08:08:06.568+0000] {processor.py:830} INFO - Processing file /opt/airflow/dags/main.py for tasks to queue
[2026-09-05T08:08:06.572+0000] {logging_mixin.py:188} INFO - [2026-09-05T08:08:06.572+0000] {dagbag.py:545} INFO - Filling up the DagBag from /opt/airflow/dags/main.py
[2026-09-05T08:08:06.628+0000] {logging_mixin.py:188} INFO - channel id is not executed
[2026-09-05T08:08:06.731+0000] {processor.py:840} INFO - DAG(s) 'produce_json', 'update_db' retrieved from /opt/airflow/dags/main.py
[2026-09-05T08:08:07.019+0000] {logging_mixin.py:188} INFO - [2026-09-05T08:08:07.019+0000] {dag.py:3096} INFO - Sync 2 DAGs
[2026-09-05T08:08:07.061+0000] {logging_mixin.py:188} INFO - [2026-09-05T08:08:07.061+0000] {dag.py:3954} INFO - Setting next_dagrun for produce_json to 2026-09-05 14:00:00+00:00, run_after=2026-09-06 14:00:00+00:00
[2026-09-05T08:08:07.071+0000] {logging_mixin.py:188} INFO - [2026-09-05T08:08:07.071+0000] {dag.py:3954} INFO - Setting next_dagrun for update_db to 2026-09-05 15:00:00+00:00, run_after=2026-09-06 15:00:00+00:00
[2026-09-05T08:08:07.110+0000] {processor.py:183} INFO - Processing /opt/airflow/dags/main.py took 0.555 seconds
[2026-09-05T08:08:37.445+0000] {processor.py:161} INFO - Started process (PID=1186) to work on /opt/airflow/dags/main.py
[2026-09-05T08:08:37.448+0000] {processor.py:830} INFO - Processing file /opt/airflow/dags/main.py for tasks to queue
[2026-09-05T08:08:37.453+0000] {logging_mixin.py:188} INFO - [2026-09-05T08:08:37.453+0000] {dagbag.py:545} INFO - Filling up the DagBag from /opt/airflow/dags/main.py
[2026-09-05T08:08:37.518+0000] {logging_mixin.py:188} INFO - channel id is not executed
[2026-09-05T08:08:37.623+0000] {processor.py:840} INFO - DAG(s) 'produce_json', 'update_db' retrieved from /opt/airflow/dags/main.py
[2026-09-05T08:08:37.947+0000] {logging_mixin.py:188} INFO - [2026-09-05T08:08:37.946+0000] {dag.py:3096} INFO - Sync 2 DAGs
[2026-09-05T08:08:38.012+0000] {logging_mixin.py:188} INFO - [2026-09-05T08:08:38.011+0000] {dag.py:3954} INFO - Setting next_dagrun for produce_json to 2026-09-05 14:00:00+00:00, run_after=2026-09-06 14:00:00+00:00
[2026-09-05T08:08:38.028+0000] {logging_mixin.py:188} INFO - [2026-09-05T08:08:38.027+0000] {dag.py:3954} INFO - Setting next_dagrun for update_db to 2026-09-05 15:00:00+00:00, run_after=2026-09-06 15:00:00+00:00
[2026-09-05T08:08:38.104+0000] {processor.py:183} INFO - Processing /opt/airflow/dags/main.py took 0.668 seconds
[2026-09-05T08:09:08.250+0000] {processor.py:161} INFO - Started process (PID=1193) to work on /opt/airflow/dags/main.py
[2026-09-05T08:09:08.252+0000] {processor.py:830} INFO - Processing file /opt/airflow/dags/main.py for tasks to queue
[2026-09-05T08:09:08.256+0000] {logging_mixin.py:188} INFO - [2026-09-05T08:09:08.256+0000] {dagbag.py:545} INFO - Filling up the DagBag from /opt/airflow/dags/main.py
[2026-09-05T08:09:08.327+0000] {logging_mixin.py:188} INFO - channel id is not executed
[2026-09-05T08:09:08.443+0000] {processor.py:840} INFO - DAG(s) 'produce_json', 'update_db' retrieved from /opt/airflow/dags/main.py
[2026-09-05T08:09:08.664+0000] {logging_mixin.py:188} INFO - [2026-09-05T08:09:08.663+0000] {dag.py:3096} INFO - Sync 2 DAGs
[2026-09-05T08:09:08.700+0000] {logging_mixin.py:188} INFO - [2026-09-05T08:09:08.700+0000] {dag.py:3954} INFO - Setting next_dagrun for produce_json to 2026-09-05 14:00:00+00:00, run_after=2026-09-06 14:00:00+00:00
[2026-09-05T08:09:08.709+0000] {logging_mixin.py:188} INFO - [2026-09-05T08:09:08.709+0000] {dag.py:3954} INFO - Setting next_dagrun for update_db to 2026-09-05 15:00:00+00:00, run_after=2026-09-06 15:00:00+00:00
[2026-09-05T08:09:08.749+0000] {processor.py:183} INFO - Processing /opt/airflow/dags/main.py took 0.508 seconds
[2026-09-05T08:09:39.452+0000] {processor.py:161} INFO - Started process (PID=1199) to work on /opt/airflow/dags/main.py
[2026-09-05T08:09:39.456+0000] {processor.py:830} INFO - Processing file /opt/airflow/dags/main.py for tasks to queue
[2026-09-05T08:09:39.459+0000] {logging_mixin.py:188} INFO - [2026-09-05T08:09:39.458+0000] {dagbag.py:545} INFO - Filling up the DagBag from /opt/airflow/dags/main.py
[2026-09-05T08:09:39.528+0000] {logging_mixin.py:188} INFO - channel id is not executed
[2026-09-05T08:09:39.633+0000] {processor.py:840} INFO - DAG(s) 'update_db', 'produce_json' retrieved from /opt/airflow/dags/main.py
[2026-09-05T08:09:40.038+0000] {logging_mixin.py:188} INFO - [2026-09-05T08:09:40.038+0000] {dag.py:3096} INFO - Sync 2 DAGs
[2026-09-05T08:09:40.081+0000] {logging_mixin.py:188} INFO - [2026-09-05T08:09:40.080+0000] {dag.py:3954} INFO - Setting next_dagrun for produce_json to 2026-09-05 14:00:00+00:00, run_after=2026-09-06 14:00:00+00:00
[2026-09-05T08:09:40.154+0000] {logging_mixin.py:188} INFO - [2026-09-05T08:09:40.154+0000] {dag.py:3954} INFO - Setting next_dagrun for update_db to 2026-09-05 15:00:00+00:00, run_after=2026-09-06 15:00:00+00:00
[2026-09-05T08:09:40.238+0000] {processor.py:183} INFO - Processing /opt/airflow/dags/main.py took 0.795 seconds
[2026-09-05T08:10:10.416+0000] {processor.py:161} INFO - Started process (PID=1206) to work on /opt/airflow/dags/main.py
[2026-09-05T08:10:10.418+0000] {processor.py:830} INFO - Processing file /opt/airflow/dags/main.py for tasks to queue
[2026-09-05T08:10:10.422+0000] {logging_mixin.py:188} INFO - [2026-09-05T08:10:10.422+0000] {dagbag.py:545} INFO - Filling up the DagBag from /opt/airflow/dags/main.py
[2026-09-05T08:10:10.493+0000] {logging_mixin.py:188} INFO - channel id is not executed
[2026-09-05T08:10:10.590+0000] {processor.py:840} INFO - DAG(s) 'update_db', 'produce_json' retrieved from /opt/airflow/dags/main.py
[2026-09-05T08:10:10.837+0000] {logging_mixin.py:188} INFO - [2026-09-05T08:10:10.836+0000] {dag.py:3096} INFO - Sync 2 DAGs
[2026-09-05T08:10:10.923+0000] {logging_mixin.py:188} INFO - [2026-09-05T08:10:10.922+0000] {dag.py:3954} INFO - Setting next_dagrun for produce_json to 2026-09-05 14:00:00+00:00, run_after=2026-09-06 14:00:00+00:00
[2026-09-05T08:10:10.941+0000] {logging_mixin.py:188} INFO - [2026-09-05T08:10:10.941+0000] {dag.py:3954} INFO - Setting next_dagrun for update_db to 2026-09-05 15:00:00+00:00, run_after=2026-09-06 15:00:00+00:00
[2026-09-05T08:10:11.007+0000] {processor.py:183} INFO - Processing /opt/airflow/dags/main.py took 0.600 seconds
[2026-09-05T08:10:41.510+0000] {processor.py:161} INFO - Started process (PID=1212) to work on /opt/airflow/dags/main.py
[2026-09-05T08:10:41.512+0000] {processor.py:830} INFO - Processing file /opt/airflow/dags/main.py for tasks to queue
[2026-09-05T08:10:41.517+0000] {logging_mixin.py:188} INFO - [2026-09-05T08:10:41.516+0000] {dagbag.py:545} INFO - Filling up the DagBag from /opt/airflow/dags/main.py
[2026-09-05T08:10:41.610+0000] {logging_mixin.py:188} INFO - channel id is not executed
[2026-09-05T08:10:41.870+0000] {processor.py:840} INFO - DAG(s) 'update_db', 'produce_json' retrieved from /opt/airflow/dags/main.py
[2026-09-05T08:10:42.207+0000] {logging_mixin.py:188} INFO - [2026-09-05T08:10:42.207+0000] {dag.py:3096} INFO - Sync 2 DAGs
[2026-09-05T08:10:42.253+0000] {logging_mixin.py:188} INFO - [2026-09-05T08:10:42.252+0000] {dag.py:3954} INFO - Setting next_dagrun for produce_json to 2026-09-05 14:00:00+00:00, run_after=2026-09-06 14:00:00+00:00
[2026-09-05T08:10:42.262+0000] {logging_mixin.py:188} INFO - [2026-09-05T08:10:42.262+0000] {dag.py:3954} INFO - Setting next_dagrun for update_db to 2026-09-05 15:00:00+00:00, run_after=2026-09-06 15:00:00+00:00
[2026-09-05T08:10:42.299+0000] {processor.py:183} INFO - Processing /opt/airflow/dags/main.py took 0.799 seconds
[2026-09-05T08:11:13.035+0000] {processor.py:161} INFO - Started process (PID=1218) to work on /opt/airflow/dags/main.py
[2026-09-05T08:11:13.042+0000] {processor.py:830} INFO - Processing file /opt/airflow/dags/main.py for tasks to queue
[2026-09-05T08:11:13.051+0000] {logging_mixin.py:188} INFO - [2026-09-05T08:11:13.050+0000] {dagbag.py:545} INFO - Filling up the DagBag from /opt/airflow/dags/main.py
[2026-09-05T08:11:13.275+0000] {logging_mixin.py:188} INFO - channel id is not executed
[2026-09-05T08:11:13.483+0000] {processor.py:840} INFO - DAG(s) 'produce_json', 'update_db' retrieved from /opt/airflow/dags/main.py
[2026-09-05T08:11:13.917+0000] {logging_mixin.py:188} INFO - [2026-09-05T08:11:13.917+0000] {dag.py:3096} INFO - Sync 2 DAGs
[2026-09-05T08:11:14.009+0000] {logging_mixin.py:188} INFO - [2026-09-05T08:11:14.008+0000] {dag.py:3954} INFO - Setting next_dagrun for produce_json to 2026-09-05 14:00:00+00:00, run_after=2026-09-06 14:00:00+00:00
[2026-09-05T08:11:14.021+0000] {logging_mixin.py:188} INFO - [2026-09-05T08:11:14.020+0000] {dag.py:3954} INFO - Setting next_dagrun for update_db to 2026-09-05 15:00:00+00:00, run_after=2026-09-06 15:00:00+00:00
[2026-09-05T08:11:14.100+0000] {processor.py:183} INFO - Processing /opt/airflow/dags/main.py took 1.127 seconds
[2026-09-05T08:11:44.683+0000] {processor.py:161} INFO - Started process (PID=1224) to work on /opt/airflow/dags/main.py
[2026-09-05T08:11:44.686+0000] {processor.py:830} INFO - Processing file /opt/airflow/dags/main.py for tasks to queue
[2026-09-05T08:11:44.692+0000] {logging_mixin.py:188} INFO - [2026-09-05T08:11:44.691+0000] {dagbag.py:545} INFO - Filling up the DagBag from /opt/airflow/dags/main.py
[2026-09-05T08:11:44.783+0000] {logging_mixin.py:188} INFO - channel id is not executed
[2026-09-05T08:11:44.910+0000] {processor.py:840} INFO - DAG(s) 'produce_json', 'update_db' retrieved from /opt/airflow/dags/main.py
[2026-09-05T08:11:45.294+0000] {logging_mixin.py:188} INFO - [2026-09-05T08:11:45.294+0000] {dag.py:3096} INFO - Sync 2 DAGs
[2026-09-05T08:11:45.400+0000] {logging_mixin.py:188} INFO - [2026-09-05T08:11:45.399+0000] {dag.py:3954} INFO - Setting next_dagrun for produce_json to 2026-09-05 14:00:00+00:00, run_after=2026-09-06 14:00:00+00:00
[2026-09-05T08:11:45.428+0000] {logging_mixin.py:188} INFO - [2026-09-05T08:11:45.427+0000] {dag.py:3954} INFO - Setting next_dagrun for update_db to 2026-09-05 15:00:00+00:00, run_after=2026-09-06 15:00:00+00:00
[2026-09-05T08:11:45.513+0000] {processor.py:183} INFO - Processing /opt/airflow/dags/main.py took 0.850 seconds
[2026-09-05T08:12:16.611+0000] {processor.py:161} INFO - Started process (PID=1231) to work on /opt/airflow/dags/main.py
[2026-09-05T08:12:16.613+0000] {processor.py:830} INFO - Processing file /opt/airflow/dags/main.py for tasks to queue
[2026-09-05T08:12:16.617+0000] {logging_mixin.py:188} INFO - [2026-09-05T08:12:16.617+0000] {dagbag.py:545} INFO - Filling up the DagBag from /opt/airflow/dags/main.py
[2026-09-05T08:12:16.682+0000] {logging_mixin.py:188} INFO - channel id is not executed
[2026-09-05T08:12:16.906+0000] {processor.py:840} INFO - DAG(s) 'update_db', 'produce_json' retrieved from /opt/airflow/dags/main.py
[2026-09-05T08:12:17.192+0000] {logging_mixin.py:188} INFO - [2026-09-05T08:12:17.191+0000] {dag.py:3096} INFO - Sync 2 DAGs
[2026-09-05T08:12:17.234+0000] {logging_mixin.py:188} INFO - [2026-09-05T08:12:17.234+0000] {dag.py:3954} INFO - Setting next_dagrun for produce_json to 2026-09-05 14:00:00+00:00, run_after=2026-09-06 14:00:00+00:00
[2026-09-05T08:12:17.249+0000] {logging_mixin.py:188} INFO - [2026-09-05T08:12:17.249+0000] {dag.py:3954} INFO - Setting next_dagrun for update_db to 2026-09-05 15:00:00+00:00, run_after=2026-09-06 15:00:00+00:00
[2026-09-05T08:12:17.292+0000] {processor.py:183} INFO - Processing /opt/airflow/dags/main.py took 0.689 seconds
[2026-09-05T08:12:47.900+0000] {processor.py:161} INFO - Started process (PID=1238) to work on /opt/airflow/dags/main.py
[2026-09-05T08:12:47.903+0000] {processor.py:830} INFO - Processing file /opt/airflow/dags/main.py for tasks to queue
[2026-09-05T08:12:47.907+0000] {logging_mixin.py:188} INFO - [2026-09-05T08:12:47.906+0000] {dagbag.py:545} INFO - Filling up the DagBag from /opt/airflow/dags/main.py
[2026-09-05T08:12:47.970+0000] {logging_mixin.py:188} INFO - channel id is not executed
[2026-09-05T08:12:48.078+0000] {processor.py:840} INFO - DAG(s) 'produce_json', 'update_db' retrieved from /opt/airflow/dags/main.py
[2026-09-05T08:12:48.420+0000] {logging_mixin.py:188} INFO - [2026-09-05T08:12:48.419+0000] {dag.py:3096} INFO - Sync 2 DAGs
[2026-09-05T08:12:48.497+0000] {logging_mixin.py:188} INFO - [2026-09-05T08:12:48.496+0000] {dag.py:3954} INFO - Setting next_dagrun for produce_json to 2026-09-05 14:00:00+00:00, run_after=2026-09-06 14:00:00+00:00
[2026-09-05T08:12:48.511+0000] {logging_mixin.py:188} INFO - [2026-09-05T08:12:48.511+0000] {dag.py:3954} INFO - Setting next_dagrun for update_db to 2026-09-05 15:00:00+00:00, run_after=2026-09-06 15:00:00+00:00
[2026-09-05T08:12:48.569+0000] {processor.py:183} INFO - Processing /opt/airflow/dags/main.py took 0.678 seconds
[2026-09-05T08:13:18.764+0000] {processor.py:161} INFO - Started process (PID=1245) to work on /opt/airflow/dags/main.py
[2026-09-05T08:13:18.766+0000] {processor.py:830} INFO - Processing file /opt/airflow/dags/main.py for tasks to queue
[2026-09-05T08:13:18.770+0000] {logging_mixin.py:188} INFO - [2026-09-05T08:13:18.769+0000] {dagbag.py:545} INFO - Filling up the DagBag from /opt/airflow/dags/main.py
[2026-09-05T08:13:18.836+0000] {logging_mixin.py:188} INFO - channel id is not executed
[2026-09-05T08:13:18.931+0000] {processor.py:840} INFO - DAG(s) 'update_db', 'produce_json' retrieved from /opt/airflow/dags/main.py
[2026-09-05T08:13:19.221+0000] {logging_mixin.py:188} INFO - [2026-09-05T08:13:19.221+0000] {dag.py:3096} INFO - Sync 2 DAGs
[2026-09-05T08:13:19.260+0000] {logging_mixin.py:188} INFO - [2026-09-05T08:13:19.260+0000] {dag.py:3954} INFO - Setting next_dagrun for produce_json to 2026-09-05 14:00:00+00:00, run_after=2026-09-06 14:00:00+00:00
[2026-09-05T08:13:19.271+0000] {logging_mixin.py:188} INFO - [2026-09-05T08:13:19.271+0000] {dag.py:3954} INFO - Setting next_dagrun for update_db to 2026-09-05 15:00:00+00:00, run_after=2026-09-06 15:00:00+00:00
[2026-09-05T08:13:19.307+0000] {processor.py:183} INFO - Processing /opt/airflow/dags/main.py took 0.553 seconds
[2026-09-05T08:13:49.646+0000] {processor.py:161} INFO - Started process (PID=1252) to work on /opt/airflow/dags/main.py
[2026-09-05T08:13:49.648+0000] {processor.py:830} INFO - Processing file /opt/airflow/dags/main.py for tasks to queue
[2026-09-05T08:13:49.652+0000] {logging_mixin.py:188} INFO - [2026-09-05T08:13:49.652+0000] {dagbag.py:545} INFO - Filling up the DagBag from /opt/airflow/dags/main.py
[2026-09-05T08:13:49.741+0000] {logging_mixin.py:188} INFO - channel id is not executed
[2026-09-05T08:13:49.833+0000] {processor.py:840} INFO - DAG(s) 'produce_json', 'update_db' retrieved from /opt/airflow/dags/main.py
[2026-09-05T08:13:50.037+0000] {logging_mixin.py:188} INFO - [2026-09-05T08:13:50.037+0000] {dag.py:3096} INFO - Sync 2 DAGs
[2026-09-05T08:13:50.080+0000] {logging_mixin.py:188} INFO - [2026-09-05T08:13:50.080+0000] {dag.py:3954} INFO - Setting next_dagrun for produce_json to 2026-09-05 14:00:00+00:00, run_after=2026-09-06 14:00:00+00:00
[2026-09-05T08:13:50.090+0000] {logging_mixin.py:188} INFO - [2026-09-05T08:13:50.089+0000] {dag.py:3954} INFO - Setting next_dagrun for update_db to 2026-09-05 15:00:00+00:00, run_after=2026-09-06 15:00:00+00:00
[2026-09-05T08:13:50.126+0000] {processor.py:183} INFO - Processing /opt/airflow/dags/main.py took 0.489 seconds
[2026-09-05T08:14:20.544+0000] {processor.py:161} INFO - Started process (PID=1259) to work on /opt/airflow/dags/main.py
[2026-09-05T08:14:20.559+0000] {processor.py:830} INFO - Processing file /opt/airflow/dags/main.py for tasks to queue
[2026-09-05T08:14:20.572+0000] {logging_mixin.py:188} INFO - [2026-09-05T08:14:20.571+0000] {dagbag.py:545} INFO - Filling up the DagBag from /opt/airflow/dags/main.py
[2026-09-05T08:14:20.675+0000] {logging_mixin.py:188} INFO - channel id is not executed
[2026-09-05T08:14:20.799+0000] {processor.py:840} INFO - DAG(s) 'produce_json', 'update_db' retrieved from /opt/airflow/dags/main.py
[2026-09-05T08:14:21.016+0000] {logging_mixin.py:188} INFO - [2026-09-05T08:14:21.016+0000] {dag.py:3096} INFO - Sync 2 DAGs
[2026-09-05T08:14:21.058+0000] {logging_mixin.py:188} INFO - [2026-09-05T08:14:21.058+0000] {dag.py:3954} INFO - Setting next_dagrun for produce_json to 2026-09-05 14:00:00+00:00, run_after=2026-09-06 14:00:00+00:00
[2026-09-05T08:14:21.067+0000] {logging_mixin.py:188} INFO - [2026-09-05T08:14:21.066+0000] {dag.py:3954} INFO - Setting next_dagrun for update_db to 2026-09-05 15:00:00+00:00, run_after=2026-09-06 15:00:00+00:00
[2026-09-05T08:14:21.104+0000] {processor.py:183} INFO - Processing /opt/airflow/dags/main.py took 0.581 seconds
[2026-09-05T08:14:51.279+0000] {processor.py:161} INFO - Started process (PID=1266) to work on /opt/airflow/dags/main.py
[2026-09-05T08:14:51.281+0000] {processor.py:830} INFO - Processing file /opt/airflow/dags/main.py for tasks to queue
[2026-09-05T08:14:51.285+0000] {logging_mixin.py:188} INFO - [2026-09-05T08:14:51.284+0000] {dagbag.py:545} INFO - Filling up the DagBag from /opt/airflow/dags/main.py
[2026-09-05T08:14:51.349+0000] {logging_mixin.py:188} INFO - channel id is not executed
[2026-09-05T08:14:51.448+0000] {processor.py:840} INFO - DAG(s) 'update_db', 'produce_json' retrieved from /opt/airflow/dags/main.py
[2026-09-05T08:14:51.734+0000] {logging_mixin.py:188} INFO - [2026-09-05T08:14:51.734+0000] {dag.py:3096} INFO - Sync 2 DAGs
[2026-09-05T08:14:51.770+0000] {logging_mixin.py:188} INFO - [2026-09-05T08:14:51.769+0000] {dag.py:3954} INFO - Setting next_dagrun for produce_json to 2026-09-05 14:00:00+00:00, run_after=2026-09-06 14:00:00+00:00
[2026-09-05T08:14:51.778+0000] {logging_mixin.py:188} INFO - [2026-09-05T08:14:51.778+0000] {dag.py:3954} INFO - Setting next_dagrun for update_db to 2026-09-05 15:00:00+00:00, run_after=2026-09-06 15:00:00+00:00
[2026-09-05T08:14:51.816+0000] {processor.py:183} INFO - Processing /opt/airflow/dags/main.py took 0.551 seconds
[2026-09-05T08:15:22.512+0000] {processor.py:161} INFO - Started process (PID=1278) to work on /opt/airflow/dags/main.py
[2026-09-05T08:15:22.514+0000] {processor.py:830} INFO - Processing file /opt/airflow/dags/main.py for tasks to queue
[2026-09-05T08:15:22.519+0000] {logging_mixin.py:188} INFO - [2026-09-05T08:15:22.518+0000] {dagbag.py:545} INFO - Filling up the DagBag from /opt/airflow/dags/main.py
[2026-09-05T08:15:22.589+0000] {logging_mixin.py:188} INFO - channel id is not executed
[2026-09-05T08:15:22.766+0000] {processor.py:840} INFO - DAG(s) 'produce_json', 'update_db' retrieved from /opt/airflow/dags/main.py
[2026-09-05T08:15:23.238+0000] {logging_mixin.py:188} INFO - [2026-09-05T08:15:23.235+0000] {dag.py:3096} INFO - Sync 2 DAGs
[2026-09-05T08:15:23.663+0000] {logging_mixin.py:188} INFO - [2026-09-05T08:15:23.657+0000] {dag.py:3954} INFO - Setting next_dagrun for produce_json to 2026-09-05 14:00:00+00:00, run_after=2026-09-06 14:00:00+00:00
[2026-09-05T08:15:23.715+0000] {logging_mixin.py:188} INFO - [2026-09-05T08:15:23.715+0000] {dag.py:3954} INFO - Setting next_dagrun for update_db to 2026-09-05 15:00:00+00:00, run_after=2026-09-06 15:00:00+00:00
[2026-09-05T08:15:23.822+0000] {processor.py:183} INFO - Processing /opt/airflow/dags/main.py took 1.320 seconds
[2026-09-05T08:15:54.512+0000] {processor.py:161} INFO - Started process (PID=1284) to work on /opt/airflow/dags/main.py
[2026-09-05T08:15:54.519+0000] {processor.py:830} INFO - Processing file /opt/airflow/dags/main.py for tasks to queue
[2026-09-05T08:15:54.536+0000] {logging_mixin.py:188} INFO - [2026-09-05T08:15:54.532+0000] {dagbag.py:545} INFO - Filling up the DagBag from /opt/airflow/dags/main.py
[2026-09-05T08:15:54.671+0000] {logging_mixin.py:188} INFO - channel id is not executed
[2026-09-05T08:15:54.794+0000] {processor.py:840} INFO - DAG(s) 'produce_json', 'update_db' retrieved from /opt/airflow/dags/main.py
[2026-09-05T08:15:55.023+0000] {logging_mixin.py:188} INFO - [2026-09-05T08:15:55.022+0000] {dag.py:3096} INFO - Sync 2 DAGs
[2026-09-05T08:15:55.064+0000] {logging_mixin.py:188} INFO - [2026-09-05T08:15:55.063+0000] {dag.py:3954} INFO - Setting next_dagrun for produce_json to 2026-09-05 14:00:00+00:00, run_after=2026-09-06 14:00:00+00:00
[2026-09-05T08:15:55.072+0000] {logging_mixin.py:188} INFO - [2026-09-05T08:15:55.072+0000] {dag.py:3954} INFO - Setting next_dagrun for update_db to 2026-09-05 15:00:00+00:00, run_after=2026-09-06 15:00:00+00:00
[2026-09-05T08:15:55.134+0000] {processor.py:183} INFO - Processing /opt/airflow/dags/main.py took 0.641 seconds
[2026-09-05T08:16:25.987+0000] {processor.py:161} INFO - Started process (PID=1290) to work on /opt/airflow/dags/main.py
[2026-09-05T08:16:25.989+0000] {processor.py:830} INFO - Processing file /opt/airflow/dags/main.py for tasks to queue
[2026-09-05T08:16:25.993+0000] {logging_mixin.py:188} INFO - [2026-09-05T08:16:25.992+0000] {dagbag.py:545} INFO - Filling up the DagBag from /opt/airflow/dags/main.py
[2026-09-05T08:16:26.061+0000] {logging_mixin.py:188} INFO - channel id is not executed
[2026-09-05T08:16:26.204+0000] {processor.py:840} INFO - DAG(s) 'produce_json', 'update_db' retrieved from /opt/airflow/dags/main.py
[2026-09-05T08:16:26.420+0000] {logging_mixin.py:188} INFO - [2026-09-05T08:16:26.420+0000] {dag.py:3096} INFO - Sync 2 DAGs
[2026-09-05T08:16:26.455+0000] {logging_mixin.py:188} INFO - [2026-09-05T08:16:26.454+0000] {dag.py:3954} INFO - Setting next_dagrun for produce_json to 2026-09-05 14:00:00+00:00, run_after=2026-09-06 14:00:00+00:00
[2026-09-05T08:16:26.464+0000] {logging_mixin.py:188} INFO - [2026-09-05T08:16:26.464+0000] {dag.py:3954} INFO - Setting next_dagrun for update_db to 2026-09-05 15:00:00+00:00, run_after=2026-09-06 15:00:00+00:00
[2026-09-05T08:16:26.502+0000] {processor.py:183} INFO - Processing /opt/airflow/dags/main.py took 0.531 seconds
[2026-09-05T08:16:57.185+0000] {processor.py:161} INFO - Started process (PID=1296) to work on /opt/airflow/dags/main.py
[2026-09-05T08:16:57.189+0000] {processor.py:830} INFO - Processing file /opt/airflow/dags/main.py for tasks to queue
[2026-09-05T08:16:57.196+0000] {logging_mixin.py:188} INFO - [2026-09-05T08:16:57.195+0000] {dagbag.py:545} INFO - Filling up the DagBag from /opt/airflow/dags/main.py
[2026-09-05T08:16:57.288+0000] {logging_mixin.py:188} INFO - channel id is not executed
[2026-09-05T08:16:57.375+0000] {processor.py:840} INFO - DAG(s) 'produce_json', 'update_db' retrieved from /opt/airflow/dags/main.py
[2026-09-05T08:16:57.842+0000] {logging_mixin.py:188} INFO - [2026-09-05T08:16:57.841+0000] {dag.py:3096} INFO - Sync 2 DAGs
[2026-09-05T08:16:57.882+0000] {logging_mixin.py:188} INFO - [2026-09-05T08:16:57.882+0000] {dag.py:3954} INFO - Setting next_dagrun for produce_json to 2026-09-05 14:00:00+00:00, run_after=2026-09-06 14:00:00+00:00
[2026-09-05T08:16:57.891+0000] {logging_mixin.py:188} INFO - [2026-09-05T08:16:57.890+0000] {dag.py:3954} INFO - Setting next_dagrun for update_db to 2026-09-05 15:00:00+00:00, run_after=2026-09-06 15:00:00+00:00
[2026-09-05T08:16:57.948+0000] {processor.py:183} INFO - Processing /opt/airflow/dags/main.py took 0.774 seconds
[2026-09-05T08:17:28.245+0000] {processor.py:161} INFO - Started process (PID=1302) to work on /opt/airflow/dags/main.py
[2026-09-05T08:17:28.248+0000] {processor.py:830} INFO - Processing file /opt/airflow/dags/main.py for tasks to queue
[2026-09-05T08:17:28.252+0000] {logging_mixin.py:188} INFO - [2026-09-05T08:17:28.251+0000] {dagbag.py:545} INFO - Filling up the DagBag from /opt/airflow/dags/main.py
[2026-09-05T08:17:28.319+0000] {logging_mixin.py:188} INFO - channel id is not executed
[2026-09-05T08:17:28.427+0000] {processor.py:840} INFO - DAG(s) 'update_db', 'produce_json' retrieved from /opt/airflow/dags/main.py
[2026-09-05T08:17:28.687+0000] {logging_mixin.py:188} INFO - [2026-09-05T08:17:28.686+0000] {dag.py:3096} INFO - Sync 2 DAGs
[2026-09-05T08:17:28.722+0000] {logging_mixin.py:188} INFO - [2026-09-05T08:17:28.722+0000] {dag.py:3954} INFO - Setting next_dagrun for produce_json to 2026-09-05 14:00:00+00:00, run_after=2026-09-06 14:00:00+00:00
[2026-09-05T08:17:28.730+0000] {logging_mixin.py:188} INFO - [2026-09-05T08:17:28.730+0000] {dag.py:3954} INFO - Setting next_dagrun for update_db to 2026-09-05 15:00:00+00:00, run_after=2026-09-06 15:00:00+00:00
[2026-09-05T08:17:28.768+0000] {processor.py:183} INFO - Processing /opt/airflow/dags/main.py took 0.535 seconds
[2026-09-05T08:17:58.882+0000] {processor.py:161} INFO - Started process (PID=1310) to work on /opt/airflow/dags/main.py
[2026-09-05T08:17:58.885+0000] {processor.py:830} INFO - Processing file /opt/airflow/dags/main.py for tasks to queue
[2026-09-05T08:17:58.889+0000] {logging_mixin.py:188} INFO - [2026-09-05T08:17:58.888+0000] {dagbag.py:545} INFO - Filling up the DagBag from /opt/airflow/dags/main.py
[2026-09-05T08:17:58.957+0000] {logging_mixin.py:188} INFO - channel id is not executed
[2026-09-05T08:17:59.052+0000] {processor.py:840} INFO - DAG(s) 'update_db', 'produce_json' retrieved from /opt/airflow/dags/main.py
[2026-09-05T08:17:59.307+0000] {logging_mixin.py:188} INFO - [2026-09-05T08:17:59.307+0000] {dag.py:3096} INFO - Sync 2 DAGs
[2026-09-05T08:17:59.404+0000] {logging_mixin.py:188} INFO - [2026-09-05T08:17:59.404+0000] {dag.py:3954} INFO - Setting next_dagrun for produce_json to 2026-09-05 14:00:00+00:00, run_after=2026-09-06 14:00:00+00:00
[2026-09-05T08:17:59.423+0000] {logging_mixin.py:188} INFO - [2026-09-05T08:17:59.422+0000] {dag.py:3954} INFO - Setting next_dagrun for update_db to 2026-09-05 15:00:00+00:00, run_after=2026-09-06 15:00:00+00:00
[2026-09-05T08:17:59.481+0000] {processor.py:183} INFO - Processing /opt/airflow/dags/main.py took 0.607 seconds
[2026-09-05T08:18:30.033+0000] {processor.py:161} INFO - Started process (PID=1317) to work on /opt/airflow/dags/main.py
[2026-09-05T08:18:30.035+0000] {processor.py:830} INFO - Processing file /opt/airflow/dags/main.py for tasks to queue
[2026-09-05T08:18:30.039+0000] {logging_mixin.py:188} INFO - [2026-09-05T08:18:30.039+0000] {dagbag.py:545} INFO - Filling up the DagBag from /opt/airflow/dags/main.py
[2026-09-05T08:18:30.104+0000] {logging_mixin.py:188} INFO - channel id is not executed
[2026-09-05T08:18:30.213+0000] {processor.py:840} INFO - DAG(s) 'update_db', 'produce_json' retrieved from /opt/airflow/dags/main.py
[2026-09-05T08:18:30.475+0000] {logging_mixin.py:188} INFO - [2026-09-05T08:18:30.474+0000] {dag.py:3096} INFO - Sync 2 DAGs
[2026-09-05T08:18:30.522+0000] {logging_mixin.py:188} INFO - [2026-09-05T08:18:30.521+0000] {dag.py:3954} INFO - Setting next_dagrun for produce_json to 2026-09-05 14:00:00+00:00, run_after=2026-09-06 14:00:00+00:00
[2026-09-05T08:18:30.530+0000] {logging_mixin.py:188} INFO - [2026-09-05T08:18:30.530+0000] {dag.py:3954} INFO - Setting next_dagrun for update_db to 2026-09-05 15:00:00+00:00, run_after=2026-09-06 15:00:00+00:00
[2026-09-05T08:18:30.566+0000] {processor.py:183} INFO - Processing /opt/airflow/dags/main.py took 0.542 seconds
[2026-09-05T08:19:01.051+0000] {processor.py:161} INFO - Started process (PID=1323) to work on /opt/airflow/dags/main.py
[2026-09-05T08:19:01.054+0000] {processor.py:830} INFO - Processing file /opt/airflow/dags/main.py for tasks to queue
[2026-09-05T08:19:01.059+0000] {logging_mixin.py:188} INFO - [2026-09-05T08:19:01.058+0000] {dagbag.py:545} INFO - Filling up the DagBag from /opt/airflow/dags/main.py
[2026-09-05T08:19:01.137+0000] {logging_mixin.py:188} INFO - channel id is not executed
[2026-09-05T08:19:01.234+0000] {processor.py:840} INFO - DAG(s) 'produce_json', 'update_db' retrieved from /opt/airflow/dags/main.py
[2026-09-05T08:19:01.442+0000] {logging_mixin.py:188} INFO - [2026-09-05T08:19:01.441+0000] {dag.py:3096} INFO - Sync 2 DAGs
[2026-09-05T08:19:01.479+0000] {logging_mixin.py:188} INFO - [2026-09-05T08:19:01.479+0000] {dag.py:3954} INFO - Setting next_dagrun for produce_json to 2026-09-05 14:00:00+00:00, run_after=2026-09-06 14:00:00+00:00
[2026-09-05T08:19:01.488+0000] {logging_mixin.py:188} INFO - [2026-09-05T08:19:01.488+0000] {dag.py:3954} INFO - Setting next_dagrun for update_db to 2026-09-05 15:00:00+00:00, run_after=2026-09-06 15:00:00+00:00
[2026-09-05T08:19:01.533+0000] {processor.py:183} INFO - Processing /opt/airflow/dags/main.py took 0.490 seconds
[2026-09-05T08:19:33.302+0000] {processor.py:161} INFO - Started process (PID=1329) to work on /opt/airflow/dags/main.py
[2026-09-05T08:19:33.325+0000] {processor.py:830} INFO - Processing file /opt/airflow/dags/main.py for tasks to queue
[2026-09-05T08:19:33.350+0000] {logging_mixin.py:188} INFO - [2026-09-05T08:19:33.349+0000] {dagbag.py:545} INFO - Filling up the DagBag from /opt/airflow/dags/main.py
[2026-09-05T08:19:35.386+0000] {logging_mixin.py:188} INFO - channel id is not executed
[2026-09-05T08:19:35.661+0000] {processor.py:840} INFO - DAG(s) 'produce_json', 'update_db' retrieved from /opt/airflow/dags/main.py
[2026-09-05T08:19:37.006+0000] {logging_mixin.py:188} INFO - [2026-09-05T08:19:37.005+0000] {dag.py:3096} INFO - Sync 2 DAGs
[2026-09-05T08:19:37.136+0000] {logging_mixin.py:188} INFO - [2026-09-05T08:19:37.135+0000] {dag.py:3954} INFO - Setting next_dagrun for produce_json to 2026-09-05 14:00:00+00:00, run_after=2026-09-06 14:00:00+00:00
[2026-09-05T08:19:37.182+0000] {logging_mixin.py:188} INFO - [2026-09-05T08:19:37.181+0000] {dag.py:3954} INFO - Setting next_dagrun for update_db to 2026-09-05 15:00:00+00:00, run_after=2026-09-06 15:00:00+00:00
[2026-09-05T08:19:37.346+0000] {processor.py:183} INFO - Processing /opt/airflow/dags/main.py took 4.094 seconds
[2026-09-05T08:20:07.917+0000] {processor.py:161} INFO - Started process (PID=1337) to work on /opt/airflow/dags/main.py
[2026-09-05T08:20:07.922+0000] {processor.py:830} INFO - Processing file /opt/airflow/dags/main.py for tasks to queue
[2026-09-05T08:20:07.934+0000] {logging_mixin.py:188} INFO - [2026-09-05T08:20:07.933+0000] {dagbag.py:545} INFO - Filling up the DagBag from /opt/airflow/dags/main.py
[2026-09-05T08:20:08.088+0000] {logging_mixin.py:188} INFO - channel id is not executed
[2026-09-05T08:20:08.274+0000] {processor.py:840} INFO - DAG(s) 'update_db', 'produce_json' retrieved from /opt/airflow/dags/main.py
[2026-09-05T08:20:09.202+0000] {logging_mixin.py:188} INFO - [2026-09-05T08:20:09.202+0000] {dag.py:3096} INFO - Sync 2 DAGs
[2026-09-05T08:20:09.263+0000] {logging_mixin.py:188} INFO - [2026-09-05T08:20:09.262+0000] {dag.py:3954} INFO - Setting next_dagrun for produce_json to 2026-09-05 14:00:00+00:00, run_after=2026-09-06 14:00:00+00:00
[2026-09-05T08:20:09.301+0000] {logging_mixin.py:188} INFO - [2026-09-05T08:20:09.300+0000] {dag.py:3954} INFO - Setting next_dagrun for update_db to 2026-09-05 15:00:00+00:00, run_after=2026-09-06 15:00:00+00:00
[2026-09-05T08:20:09.438+0000] {processor.py:183} INFO - Processing /opt/airflow/dags/main.py took 1.549 seconds
[2026-09-05T08:20:40.242+0000] {processor.py:161} INFO - Started process (PID=1343) to work on /opt/airflow/dags/main.py
[2026-09-05T08:20:40.248+0000] {processor.py:830} INFO - Processing file /opt/airflow/dags/main.py for tasks to queue
[2026-09-05T08:20:40.259+0000] {logging_mixin.py:188} INFO - [2026-09-05T08:20:40.257+0000] {dagbag.py:545} INFO - Filling up the DagBag from /opt/airflow/dags/main.py
[2026-09-05T08:20:40.534+0000] {logging_mixin.py:188} INFO - channel id is not executed
[2026-09-05T08:20:41.091+0000] {processor.py:840} INFO - DAG(s) 'update_db', 'produce_json' retrieved from /opt/airflow/dags/main.py
[2026-09-05T08:20:42.337+0000] {logging_mixin.py:188} INFO - [2026-09-05T08:20:42.336+0000] {dag.py:3096} INFO - Sync 2 DAGs
[2026-09-05T08:20:42.842+0000] {logging_mixin.py:188} INFO - [2026-09-05T08:20:42.828+0000] {dag.py:3954} INFO - Setting next_dagrun for produce_json to 2026-09-05 14:00:00+00:00, run_after=2026-09-06 14:00:00+00:00
[2026-09-05T08:20:43.023+0000] {logging_mixin.py:188} INFO - [2026-09-05T08:20:43.011+0000] {dag.py:3954} INFO - Setting next_dagrun for update_db to 2026-09-05 15:00:00+00:00, run_after=2026-09-06 15:00:00+00:00
[2026-09-05T08:20:43.546+0000] {processor.py:183} INFO - Processing /opt/airflow/dags/main.py took 3.349 seconds
[2026-09-05T08:21:15.884+0000] {processor.py:161} INFO - Started process (PID=1349) to work on /opt/airflow/dags/main.py
[2026-09-05T08:21:15.968+0000] {processor.py:830} INFO - Processing file /opt/airflow/dags/main.py for tasks to queue
[2026-09-05T08:21:16.022+0000] {logging_mixin.py:188} INFO - [2026-09-05T08:21:16.020+0000] {dagbag.py:545} INFO - Filling up the DagBag from /opt/airflow/dags/main.py
[2026-09-05T08:21:18.360+0000] {logging_mixin.py:188} INFO - channel id is not executed
[2026-09-05T08:21:19.917+0000] {processor.py:840} INFO - DAG(s) 'produce_json', 'update_db' retrieved from /opt/airflow/dags/main.py
[2026-09-05T08:21:27.967+0000] {logging_mixin.py:188} INFO - [2026-09-05T08:21:27.966+0000] {dag.py:3096} INFO - Sync 2 DAGs
[2026-09-05T08:21:30.023+0000] {logging_mixin.py:188} INFO - [2026-09-05T08:21:30.022+0000] {dag.py:3954} INFO - Setting next_dagrun for produce_json to 2026-09-05 14:00:00+00:00, run_after=2026-09-06 14:00:00+00:00
[2026-09-05T08:21:30.490+0000] {logging_mixin.py:188} INFO - [2026-09-05T08:21:30.411+0000] {dag.py:3954} INFO - Setting next_dagrun for update_db to 2026-09-05 15:00:00+00:00, run_after=2026-09-06 15:00:00+00:00
[2026-09-05T08:21:31.604+0000] {processor.py:183} INFO - Processing /opt/airflow/dags/main.py took 15.884 seconds
[2026-09-05T08:22:02.700+0000] {processor.py:161} INFO - Started process (PID=1362) to work on /opt/airflow/dags/main.py
[2026-09-05T08:22:02.703+0000] {processor.py:830} INFO - Processing file /opt/airflow/dags/main.py for tasks to queue
[2026-09-05T08:22:02.706+0000] {logging_mixin.py:188} INFO - [2026-09-05T08:22:02.706+0000] {dagbag.py:545} INFO - Filling up the DagBag from /opt/airflow/dags/main.py
[2026-09-05T08:22:02.807+0000] {logging_mixin.py:188} INFO - channel id is not executed
[2026-09-05T08:22:02.945+0000] {processor.py:840} INFO - DAG(s) 'update_db', 'produce_json' retrieved from /opt/airflow/dags/main.py
[2026-09-05T08:22:03.242+0000] {logging_mixin.py:188} INFO - [2026-09-05T08:22:03.242+0000] {dag.py:3096} INFO - Sync 2 DAGs
[2026-09-05T08:22:03.369+0000] {logging_mixin.py:188} INFO - [2026-09-05T08:22:03.369+0000] {dag.py:3954} INFO - Setting next_dagrun for produce_json to 2026-09-05 14:00:00+00:00, run_after=2026-09-06 14:00:00+00:00
[2026-09-05T08:22:03.388+0000] {logging_mixin.py:188} INFO - [2026-09-05T08:22:03.388+0000] {dag.py:3954} INFO - Setting next_dagrun for update_db to 2026-09-05 15:00:00+00:00, run_after=2026-09-06 15:00:00+00:00
[2026-09-05T08:22:03.484+0000] {processor.py:183} INFO - Processing /opt/airflow/dags/main.py took 0.794 seconds
[2026-09-05T08:22:33.910+0000] {processor.py:161} INFO - Started process (PID=1368) to work on /opt/airflow/dags/main.py
[2026-09-05T08:22:33.913+0000] {processor.py:830} INFO - Processing file /opt/airflow/dags/main.py for tasks to queue
[2026-09-05T08:22:33.919+0000] {logging_mixin.py:188} INFO - [2026-09-05T08:22:33.918+0000] {dagbag.py:545} INFO - Filling up the DagBag from /opt/airflow/dags/main.py
[2026-09-05T08:22:34.032+0000] {logging_mixin.py:188} INFO - channel id is not executed
[2026-09-05T08:22:34.266+0000] {processor.py:840} INFO - DAG(s) 'produce_json', 'update_db' retrieved from /opt/airflow/dags/main.py
[2026-09-05T08:22:34.556+0000] {logging_mixin.py:188} INFO - [2026-09-05T08:22:34.556+0000] {dag.py:3096} INFO - Sync 2 DAGs
[2026-09-05T08:22:34.595+0000] {logging_mixin.py:188} INFO - [2026-09-05T08:22:34.595+0000] {dag.py:3954} INFO - Setting next_dagrun for produce_json to 2026-09-05 14:00:00+00:00, run_after=2026-09-06 14:00:00+00:00
[2026-09-05T08:22:34.604+0000] {logging_mixin.py:188} INFO - [2026-09-05T08:22:34.604+0000] {dag.py:3954} INFO - Setting next_dagrun for update_db to 2026-09-05 15:00:00+00:00, run_after=2026-09-06 15:00:00+00:00
[2026-09-05T08:22:34.662+0000] {processor.py:183} INFO - Processing /opt/airflow/dags/main.py took 0.764 seconds
[2026-09-05T08:23:04.865+0000] {processor.py:161} INFO - Started process (PID=1375) to work on /opt/airflow/dags/main.py
[2026-09-05T08:23:04.869+0000] {processor.py:830} INFO - Processing file /opt/airflow/dags/main.py for tasks to queue
[2026-09-05T08:23:04.873+0000] {logging_mixin.py:188} INFO - [2026-09-05T08:23:04.873+0000] {dagbag.py:545} INFO - Filling up the DagBag from /opt/airflow/dags/main.py
[2026-09-05T08:23:04.967+0000] {logging_mixin.py:188} INFO - channel id is not executed
[2026-09-05T08:23:05.050+0000] {processor.py:840} INFO - DAG(s) 'update_db', 'produce_json' retrieved from /opt/airflow/dags/main.py
[2026-09-05T08:23:05.384+0000] {logging_mixin.py:188} INFO - [2026-09-05T08:23:05.383+0000] {dag.py:3096} INFO - Sync 2 DAGs
[2026-09-05T08:23:05.426+0000] {logging_mixin.py:188} INFO - [2026-09-05T08:23:05.425+0000] {dag.py:3954} INFO - Setting next_dagrun for produce_json to 2026-09-05 14:00:00+00:00, run_after=2026-09-06 14:00:00+00:00
[2026-09-05T08:23:05.435+0000] {logging_mixin.py:188} INFO - [2026-09-05T08:23:05.434+0000] {dag.py:3954} INFO - Setting next_dagrun for update_db to 2026-09-05 15:00:00+00:00, run_after=2026-09-06 15:00:00+00:00
[2026-09-05T08:23:05.469+0000] {processor.py:183} INFO - Processing /opt/airflow/dags/main.py took 0.615 seconds
[2026-09-05T08:23:35.665+0000] {processor.py:161} INFO - Started process (PID=1381) to work on /opt/airflow/dags/main.py
[2026-09-05T08:23:35.667+0000] {processor.py:830} INFO - Processing file /opt/airflow/dags/main.py for tasks to queue
[2026-09-05T08:23:35.671+0000] {logging_mixin.py:188} INFO - [2026-09-05T08:23:35.671+0000] {dagbag.py:545} INFO - Filling up the DagBag from /opt/airflow/dags/main.py
[2026-09-05T08:23:35.740+0000] {logging_mixin.py:188} INFO - channel id is not executed
[2026-09-05T08:23:35.817+0000] {processor.py:840} INFO - DAG(s) 'update_db', 'produce_json' retrieved from /opt/airflow/dags/main.py
[2026-09-05T08:23:36.261+0000] {logging_mixin.py:188} INFO - [2026-09-05T08:23:36.261+0000] {dag.py:3096} INFO - Sync 2 DAGs
[2026-09-05T08:23:36.327+0000] {logging_mixin.py:188} INFO - [2026-09-05T08:23:36.327+0000] {dag.py:3954} INFO - Setting next_dagrun for produce_json to 2026-09-05 14:00:00+00:00, run_after=2026-09-06 14:00:00+00:00
[2026-09-05T08:23:36.336+0000] {logging_mixin.py:188} INFO - [2026-09-05T08:23:36.335+0000] {dag.py:3954} INFO - Setting next_dagrun for update_db to 2026-09-05 15:00:00+00:00, run_after=2026-09-06 15:00:00+00:00
[2026-09-05T08:23:36.375+0000] {processor.py:183} INFO - Processing /opt/airflow/dags/main.py took 0.719 seconds
[2026-09-05T08:24:06.814+0000] {processor.py:161} INFO - Started process (PID=1387) to work on /opt/airflow/dags/main.py
[2026-09-05T08:24:06.816+0000] {processor.py:830} INFO - Processing file /opt/airflow/dags/main.py for tasks to queue
[2026-09-05T08:24:06.830+0000] {logging_mixin.py:188} INFO - [2026-09-05T08:24:06.829+0000] {dagbag.py:545} INFO - Filling up the DagBag from /opt/airflow/dags/main.py
[2026-09-05T08:24:06.932+0000] {logging_mixin.py:188} INFO - channel id is not executed
[2026-09-05T08:24:07.122+0000] {processor.py:840} INFO - DAG(s) 'update_db', 'produce_json' retrieved from /opt/airflow/dags/main.py
[2026-09-05T08:24:07.440+0000] {logging_mixin.py:188} INFO - [2026-09-05T08:24:07.439+0000] {dag.py:3096} INFO - Sync 2 DAGs
[2026-09-05T08:24:07.546+0000] {logging_mixin.py:188} INFO - [2026-09-05T08:24:07.545+0000] {dag.py:3954} INFO - Setting next_dagrun for produce_json to 2026-09-05 14:00:00+00:00, run_after=2026-09-06 14:00:00+00:00
[2026-09-05T08:24:07.557+0000] {logging_mixin.py:188} INFO - [2026-09-05T08:24:07.556+0000] {dag.py:3954} INFO - Setting next_dagrun for update_db to 2026-09-05 15:00:00+00:00, run_after=2026-09-06 15:00:00+00:00
[2026-09-05T08:24:07.611+0000] {processor.py:183} INFO - Processing /opt/airflow/dags/main.py took 0.828 seconds
[2026-09-05T08:24:38.108+0000] {processor.py:161} INFO - Started process (PID=1393) to work on /opt/airflow/dags/main.py
[2026-09-05T08:24:38.111+0000] {processor.py:830} INFO - Processing file /opt/airflow/dags/main.py for tasks to queue
[2026-09-05T08:24:38.117+0000] {logging_mixin.py:188} INFO - [2026-09-05T08:24:38.116+0000] {dagbag.py:545} INFO - Filling up the DagBag from /opt/airflow/dags/main.py
[2026-09-05T08:24:38.195+0000] {logging_mixin.py:188} INFO - channel id is not executed
[2026-09-05T08:24:38.282+0000] {processor.py:840} INFO - DAG(s) 'produce_json', 'update_db' retrieved from /opt/airflow/dags/main.py
[2026-09-05T08:24:38.502+0000] {logging_mixin.py:188} INFO - [2026-09-05T08:24:38.502+0000] {dag.py:3096} INFO - Sync 2 DAGs
[2026-09-05T08:24:38.575+0000] {logging_mixin.py:188} INFO - [2026-09-05T08:24:38.575+0000] {dag.py:3954} INFO - Setting next_dagrun for produce_json to 2026-09-05 14:00:00+00:00, run_after=2026-09-06 14:00:00+00:00
[2026-09-05T08:24:38.592+0000] {logging_mixin.py:188} INFO - [2026-09-05T08:24:38.592+0000] {dag.py:3954} INFO - Setting next_dagrun for update_db to 2026-09-05 15:00:00+00:00, run_after=2026-09-06 15:00:00+00:00
[2026-09-05T08:24:38.684+0000] {processor.py:183} INFO - Processing /opt/airflow/dags/main.py took 0.584 seconds
[2026-09-05T08:25:08.807+0000] {processor.py:161} INFO - Started process (PID=1400) to work on /opt/airflow/dags/main.py
[2026-09-05T08:25:08.820+0000] {processor.py:830} INFO - Processing file /opt/airflow/dags/main.py for tasks to queue
[2026-09-05T08:25:08.826+0000] {logging_mixin.py:188} INFO - [2026-09-05T08:25:08.826+0000] {dagbag.py:545} INFO - Filling up the DagBag from /opt/airflow/dags/main.py
[2026-09-05T08:25:08.949+0000] {logging_mixin.py:188} INFO - channel id is not executed
[2026-09-05T08:25:09.052+0000] {processor.py:840} INFO - DAG(s) 'update_db', 'produce_json' retrieved from /opt/airflow/dags/main.py
[2026-09-05T08:25:09.423+0000] {logging_mixin.py:188} INFO - [2026-09-05T08:25:09.423+0000] {dag.py:3096} INFO - Sync 2 DAGs
[2026-09-05T08:25:09.467+0000] {logging_mixin.py:188} INFO - [2026-09-05T08:25:09.466+0000] {dag.py:3954} INFO - Setting next_dagrun for produce_json to 2026-09-05 14:00:00+00:00, run_after=2026-09-06 14:00:00+00:00
[2026-09-05T08:25:09.484+0000] {logging_mixin.py:188} INFO - [2026-09-05T08:25:09.484+0000] {dag.py:3954} INFO - Setting next_dagrun for update_db to 2026-09-05 15:00:00+00:00, run_after=2026-09-06 15:00:00+00:00
[2026-09-05T08:25:09.581+0000] {processor.py:183} INFO - Processing /opt/airflow/dags/main.py took 0.796 seconds
[2026-09-05T08:25:40.478+0000] {processor.py:161} INFO - Started process (PID=1406) to work on /opt/airflow/dags/main.py
[2026-09-05T08:25:40.481+0000] {processor.py:830} INFO - Processing file /opt/airflow/dags/main.py for tasks to queue
[2026-09-05T08:25:40.487+0000] {logging_mixin.py:188} INFO - [2026-09-05T08:25:40.487+0000] {dagbag.py:545} INFO - Filling up the DagBag from /opt/airflow/dags/main.py
[2026-09-05T08:25:40.565+0000] {logging_mixin.py:188} INFO - channel id is not executed
[2026-09-05T08:25:40.777+0000] {processor.py:840} INFO - DAG(s) 'produce_json', 'update_db' retrieved from /opt/airflow/dags/main.py
[2026-09-05T08:25:41.053+0000] {logging_mixin.py:188} INFO - [2026-09-05T08:25:41.052+0000] {dag.py:3096} INFO - Sync 2 DAGs
[2026-09-05T08:25:41.099+0000] {logging_mixin.py:188} INFO - [2026-09-05T08:25:41.098+0000] {dag.py:3954} INFO - Setting next_dagrun for produce_json to 2026-09-05 14:00:00+00:00, run_after=2026-09-06 14:00:00+00:00
[2026-09-05T08:25:41.108+0000] {logging_mixin.py:188} INFO - [2026-09-05T08:25:41.107+0000] {dag.py:3954} INFO - Setting next_dagrun for update_db to 2026-09-05 15:00:00+00:00, run_after=2026-09-06 15:00:00+00:00
[2026-09-05T08:25:41.146+0000] {processor.py:183} INFO - Processing /opt/airflow/dags/main.py took 0.681 seconds
[2026-09-05T08:26:11.883+0000] {processor.py:161} INFO - Started process (PID=1412) to work on /opt/airflow/dags/main.py
[2026-09-05T08:26:11.886+0000] {processor.py:830} INFO - Processing file /opt/airflow/dags/main.py for tasks to queue
[2026-09-05T08:26:11.890+0000] {logging_mixin.py:188} INFO - [2026-09-05T08:26:11.890+0000] {dagbag.py:545} INFO - Filling up the DagBag from /opt/airflow/dags/main.py
[2026-09-05T08:26:11.977+0000] {logging_mixin.py:188} INFO - channel id is not executed
[2026-09-05T08:26:12.076+0000] {processor.py:840} INFO - DAG(s) 'produce_json', 'update_db' retrieved from /opt/airflow/dags/main.py
[2026-09-05T08:26:12.278+0000] {logging_mixin.py:188} INFO - [2026-09-05T08:26:12.277+0000] {dag.py:3096} INFO - Sync 2 DAGs
[2026-09-05T08:26:12.315+0000] {logging_mixin.py:188} INFO - [2026-09-05T08:26:12.315+0000] {dag.py:3954} INFO - Setting next_dagrun for produce_json to 2026-09-05 14:00:00+00:00, run_after=2026-09-06 14:00:00+00:00
[2026-09-05T08:26:12.324+0000] {logging_mixin.py:188} INFO - [2026-09-05T08:26:12.323+0000] {dag.py:3954} INFO - Setting next_dagrun for update_db to 2026-09-05 15:00:00+00:00, run_after=2026-09-06 15:00:00+00:00
[2026-09-05T08:26:12.410+0000] {processor.py:183} INFO - Processing /opt/airflow/dags/main.py took 0.540 seconds
[2026-09-05T08:26:42.624+0000] {processor.py:161} INFO - Started process (PID=1419) to work on /opt/airflow/dags/main.py
[2026-09-05T08:26:42.626+0000] {processor.py:830} INFO - Processing file /opt/airflow/dags/main.py for tasks to queue
[2026-09-05T08:26:42.631+0000] {logging_mixin.py:188} INFO - [2026-09-05T08:26:42.630+0000] {dagbag.py:545} INFO - Filling up the DagBag from /opt/airflow/dags/main.py
[2026-09-05T08:26:42.777+0000] {logging_mixin.py:188} INFO - channel id is not executed
[2026-09-05T08:26:43.053+0000] {processor.py:840} INFO - DAG(s) 'update_db', 'produce_json' retrieved from /opt/airflow/dags/main.py
[2026-09-05T08:26:43.353+0000] {logging_mixin.py:188} INFO - [2026-09-05T08:26:43.353+0000] {dag.py:3096} INFO - Sync 2 DAGs
[2026-09-05T08:26:43.431+0000] {logging_mixin.py:188} INFO - [2026-09-05T08:26:43.431+0000] {dag.py:3954} INFO - Setting next_dagrun for produce_json to 2026-09-05 14:00:00+00:00, run_after=2026-09-06 14:00:00+00:00
[2026-09-05T08:26:43.453+0000] {logging_mixin.py:188} INFO - [2026-09-05T08:26:43.453+0000] {dag.py:3954} INFO - Setting next_dagrun for update_db to 2026-09-05 15:00:00+00:00, run_after=2026-09-06 15:00:00+00:00
[2026-09-05T08:26:43.558+0000] {processor.py:183} INFO - Processing /opt/airflow/dags/main.py took 0.944 seconds
[2026-09-05T08:27:14.196+0000] {processor.py:161} INFO - Started process (PID=1426) to work on /opt/airflow/dags/main.py
[2026-09-05T08:27:14.199+0000] {processor.py:830} INFO - Processing file /opt/airflow/dags/main.py for tasks to queue
[2026-09-05T08:27:14.203+0000] {logging_mixin.py:188} INFO - [2026-09-05T08:27:14.202+0000] {dagbag.py:545} INFO - Filling up the DagBag from /opt/airflow/dags/main.py
[2026-09-05T08:27:14.292+0000] {logging_mixin.py:188} INFO - channel id is not executed
[2026-09-05T08:27:14.439+0000] {processor.py:840} INFO - DAG(s) 'update_db', 'produce_json' retrieved from /opt/airflow/dags/main.py
[2026-09-05T08:27:14.713+0000] {logging_mixin.py:188} INFO - [2026-09-05T08:27:14.712+0000] {dag.py:3096} INFO - Sync 2 DAGs
[2026-09-05T08:27:14.765+0000] {logging_mixin.py:188} INFO - [2026-09-05T08:27:14.765+0000] {dag.py:3954} INFO - Setting next_dagrun for produce_json to 2026-09-05 14:00:00+00:00, run_after=2026-09-06 14:00:00+00:00
[2026-09-05T08:27:14.793+0000] {logging_mixin.py:188} INFO - [2026-09-05T08:27:14.792+0000] {dag.py:3954} INFO - Setting next_dagrun for update_db to 2026-09-05 15:00:00+00:00, run_after=2026-09-06 15:00:00+00:00
[2026-09-05T08:27:14.873+0000] {processor.py:183} INFO - Processing /opt/airflow/dags/main.py took 0.687 seconds
[2026-09-05T08:27:45.522+0000] {processor.py:161} INFO - Started process (PID=1433) to work on /opt/airflow/dags/main.py
[2026-09-05T08:27:45.524+0000] {processor.py:830} INFO - Processing file /opt/airflow/dags/main.py for tasks to queue
[2026-09-05T08:27:45.529+0000] {logging_mixin.py:188} INFO - [2026-09-05T08:27:45.529+0000] {dagbag.py:545} INFO - Filling up the DagBag from /opt/airflow/dags/main.py
[2026-09-05T08:27:45.653+0000] {logging_mixin.py:188} INFO - channel id is not executed
[2026-09-05T08:27:45.750+0000] {processor.py:840} INFO - DAG(s) 'update_db', 'produce_json' retrieved from /opt/airflow/dags/main.py
[2026-09-05T08:27:45.947+0000] {logging_mixin.py:188} INFO - [2026-09-05T08:27:45.946+0000] {dag.py:3096} INFO - Sync 2 DAGs
[2026-09-05T08:27:45.986+0000] {logging_mixin.py:188} INFO - [2026-09-05T08:27:45.985+0000] {dag.py:3954} INFO - Setting next_dagrun for produce_json to 2026-09-05 14:00:00+00:00, run_after=2026-09-06 14:00:00+00:00
[2026-09-05T08:27:45.994+0000] {logging_mixin.py:188} INFO - [2026-09-05T08:27:45.994+0000] {dag.py:3954} INFO - Setting next_dagrun for update_db to 2026-09-05 15:00:00+00:00, run_after=2026-09-06 15:00:00+00:00
[2026-09-05T08:27:46.063+0000] {processor.py:183} INFO - Processing /opt/airflow/dags/main.py took 0.554 seconds
[2026-09-05T08:28:16.196+0000] {processor.py:161} INFO - Started process (PID=1440) to work on /opt/airflow/dags/main.py
[2026-09-05T08:28:16.198+0000] {processor.py:830} INFO - Processing file /opt/airflow/dags/main.py for tasks to queue
[2026-09-05T08:28:16.203+0000] {logging_mixin.py:188} INFO - [2026-09-05T08:28:16.203+0000] {dagbag.py:545} INFO - Filling up the DagBag from /opt/airflow/dags/main.py
[2026-09-05T08:28:16.532+0000] {logging_mixin.py:188} INFO - channel id is not executed
[2026-09-05T08:28:16.900+0000] {processor.py:840} INFO - DAG(s) 'produce_json', 'update_db' retrieved from /opt/airflow/dags/main.py
[2026-09-05T08:28:17.138+0000] {logging_mixin.py:188} INFO - [2026-09-05T08:28:17.137+0000] {dag.py:3096} INFO - Sync 2 DAGs
[2026-09-05T08:28:17.191+0000] {logging_mixin.py:188} INFO - [2026-09-05T08:28:17.191+0000] {dag.py:3954} INFO - Setting next_dagrun for produce_json to 2026-09-05 14:00:00+00:00, run_after=2026-09-06 14:00:00+00:00
[2026-09-05T08:28:17.210+0000] {logging_mixin.py:188} INFO - [2026-09-05T08:28:17.209+0000] {dag.py:3954} INFO - Setting next_dagrun for update_db to 2026-09-05 15:00:00+00:00, run_after=2026-09-06 15:00:00+00:00
[2026-09-05T08:28:17.260+0000] {processor.py:183} INFO - Processing /opt/airflow/dags/main.py took 1.075 seconds
[2026-09-05T08:28:47.804+0000] {processor.py:161} INFO - Started process (PID=1447) to work on /opt/airflow/dags/main.py
[2026-09-05T08:28:47.806+0000] {processor.py:830} INFO - Processing file /opt/airflow/dags/main.py for tasks to queue
[2026-09-05T08:28:47.810+0000] {logging_mixin.py:188} INFO - [2026-09-05T08:28:47.810+0000] {dagbag.py:545} INFO - Filling up the DagBag from /opt/airflow/dags/main.py
[2026-09-05T08:28:47.911+0000] {logging_mixin.py:188} INFO - channel id is not executed
[2026-09-05T08:28:47.988+0000] {processor.py:840} INFO - DAG(s) 'update_db', 'produce_json' retrieved from /opt/airflow/dags/main.py
[2026-09-05T08:28:48.290+0000] {logging_mixin.py:188} INFO - [2026-09-05T08:28:48.290+0000] {dag.py:3096} INFO - Sync 2 DAGs
[2026-09-05T08:28:48.336+0000] {logging_mixin.py:188} INFO - [2026-09-05T08:28:48.336+0000] {dag.py:3954} INFO - Setting next_dagrun for produce_json to 2026-09-05 14:00:00+00:00, run_after=2026-09-06 14:00:00+00:00
[2026-09-05T08:28:48.346+0000] {logging_mixin.py:188} INFO - [2026-09-05T08:28:48.345+0000] {dag.py:3954} INFO - Setting next_dagrun for update_db to 2026-09-05 15:00:00+00:00, run_after=2026-09-06 15:00:00+00:00
[2026-09-05T08:28:48.388+0000] {processor.py:183} INFO - Processing /opt/airflow/dags/main.py took 0.608 seconds
[2026-09-05T08:29:19.015+0000] {processor.py:161} INFO - Started process (PID=1454) to work on /opt/airflow/dags/main.py
[2026-09-05T08:29:19.020+0000] {processor.py:830} INFO - Processing file /opt/airflow/dags/main.py for tasks to queue
[2026-09-05T08:29:19.024+0000] {logging_mixin.py:188} INFO - [2026-09-05T08:29:19.023+0000] {dagbag.py:545} INFO - Filling up the DagBag from /opt/airflow/dags/main.py
[2026-09-05T08:29:19.116+0000] {logging_mixin.py:188} INFO - channel id is not executed
[2026-09-05T08:29:19.230+0000] {processor.py:840} INFO - DAG(s) 'update_db', 'produce_json' retrieved from /opt/airflow/dags/main.py
[2026-09-05T08:29:21.249+0000] {logging_mixin.py:188} INFO - [2026-09-05T08:29:21.248+0000] {dag.py:3096} INFO - Sync 2 DAGs
[2026-09-05T08:29:21.310+0000] {logging_mixin.py:188} INFO - [2026-09-05T08:29:21.309+0000] {dag.py:3954} INFO - Setting next_dagrun for produce_json to 2026-09-05 14:00:00+00:00, run_after=2026-09-06 14:00:00+00:00
[2026-09-05T08:29:21.321+0000] {logging_mixin.py:188} INFO - [2026-09-05T08:29:21.320+0000] {dag.py:3954} INFO - Setting next_dagrun for update_db to 2026-09-05 15:00:00+00:00, run_after=2026-09-06 15:00:00+00:00
[2026-09-05T08:29:21.375+0000] {processor.py:183} INFO - Processing /opt/airflow/dags/main.py took 2.369 seconds
[2026-09-05T08:29:51.616+0000] {processor.py:161} INFO - Started process (PID=1461) to work on /opt/airflow/dags/main.py
[2026-09-05T08:29:51.618+0000] {processor.py:830} INFO - Processing file /opt/airflow/dags/main.py for tasks to queue
[2026-09-05T08:29:51.624+0000] {logging_mixin.py:188} INFO - [2026-09-05T08:29:51.624+0000] {dagbag.py:545} INFO - Filling up the DagBag from /opt/airflow/dags/main.py
[2026-09-05T08:29:51.875+0000] {logging_mixin.py:188} INFO - channel id is not executed
[2026-09-05T08:29:51.995+0000] {processor.py:840} INFO - DAG(s) 'produce_json', 'update_db' retrieved from /opt/airflow/dags/main.py
[2026-09-05T08:29:52.206+0000] {logging_mixin.py:188} INFO - [2026-09-05T08:29:52.205+0000] {dag.py:3096} INFO - Sync 2 DAGs
[2026-09-05T08:29:52.315+0000] {logging_mixin.py:188} INFO - [2026-09-05T08:29:52.315+0000] {dag.py:3954} INFO - Setting next_dagrun for produce_json to 2026-09-05 14:00:00+00:00, run_after=2026-09-06 14:00:00+00:00
[2026-09-05T08:29:52.429+0000] {logging_mixin.py:188} INFO - [2026-09-05T08:29:52.428+0000] {dag.py:3954} INFO - Setting next_dagrun for update_db to 2026-09-05 15:00:00+00:00, run_after=2026-09-06 15:00:00+00:00
[2026-09-05T08:29:52.610+0000] {processor.py:183} INFO - Processing /opt/airflow/dags/main.py took 1.003 seconds
[2026-09-05T08:30:23.104+0000] {processor.py:161} INFO - Started process (PID=1469) to work on /opt/airflow/dags/main.py
[2026-09-05T08:30:23.108+0000] {processor.py:830} INFO - Processing file /opt/airflow/dags/main.py for tasks to queue
[2026-09-05T08:30:23.113+0000] {logging_mixin.py:188} INFO - [2026-09-05T08:30:23.112+0000] {dagbag.py:545} INFO - Filling up the DagBag from /opt/airflow/dags/main.py
[2026-09-05T08:30:23.245+0000] {logging_mixin.py:188} INFO - channel id is not executed
[2026-09-05T08:30:23.443+0000] {processor.py:840} INFO - DAG(s) 'produce_json', 'update_db' retrieved from /opt/airflow/dags/main.py
[2026-09-05T08:30:23.753+0000] {logging_mixin.py:188} INFO - [2026-09-05T08:30:23.753+0000] {dag.py:3096} INFO - Sync 2 DAGs
[2026-09-05T08:30:23.800+0000] {logging_mixin.py:188} INFO - [2026-09-05T08:30:23.800+0000] {dag.py:3954} INFO - Setting next_dagrun for produce_json to 2026-09-05 14:00:00+00:00, run_after=2026-09-06 14:00:00+00:00
[2026-09-05T08:30:23.809+0000] {logging_mixin.py:188} INFO - [2026-09-05T08:30:23.808+0000] {dag.py:3954} INFO - Setting next_dagrun for update_db to 2026-09-05 15:00:00+00:00, run_after=2026-09-06 15:00:00+00:00
[2026-09-05T08:30:23.848+0000] {processor.py:183} INFO - Processing /opt/airflow/dags/main.py took 0.758 seconds
[2026-09-05T08:30:54.403+0000] {processor.py:161} INFO - Started process (PID=1475) to work on /opt/airflow/dags/main.py
[2026-09-05T08:30:54.405+0000] {processor.py:830} INFO - Processing file /opt/airflow/dags/main.py for tasks to queue
[2026-09-05T08:30:54.409+0000] {logging_mixin.py:188} INFO - [2026-09-05T08:30:54.408+0000] {dagbag.py:545} INFO - Filling up the DagBag from /opt/airflow/dags/main.py
[2026-09-05T08:30:54.501+0000] {logging_mixin.py:188} INFO - channel id is not executed
[2026-09-05T08:30:54.636+0000] {processor.py:840} INFO - DAG(s) 'update_db', 'produce_json' retrieved from /opt/airflow/dags/main.py
[2026-09-05T08:30:54.875+0000] {logging_mixin.py:188} INFO - [2026-09-05T08:30:54.875+0000] {dag.py:3096} INFO - Sync 2 DAGs
[2026-09-05T08:30:54.919+0000] {logging_mixin.py:188} INFO - [2026-09-05T08:30:54.919+0000] {dag.py:3954} INFO - Setting next_dagrun for produce_json to 2026-09-05 14:00:00+00:00, run_after=2026-09-06 14:00:00+00:00
[2026-09-05T08:30:54.928+0000] {logging_mixin.py:188} INFO - [2026-09-05T08:30:54.928+0000] {dag.py:3954} INFO - Setting next_dagrun for update_db to 2026-09-05 15:00:00+00:00, run_after=2026-09-06 15:00:00+00:00
[2026-09-05T08:30:54.992+0000] {processor.py:183} INFO - Processing /opt/airflow/dags/main.py took 0.600 seconds
[2026-09-05T08:31:25.568+0000] {processor.py:161} INFO - Started process (PID=1482) to work on /opt/airflow/dags/main.py
[2026-09-05T08:31:25.570+0000] {processor.py:830} INFO - Processing file /opt/airflow/dags/main.py for tasks to queue
[2026-09-05T08:31:25.575+0000] {logging_mixin.py:188} INFO - [2026-09-05T08:31:25.575+0000] {dagbag.py:545} INFO - Filling up the DagBag from /opt/airflow/dags/main.py
[2026-09-05T08:31:25.660+0000] {logging_mixin.py:188} INFO - channel id is not executed
[2026-09-05T08:31:25.745+0000] {processor.py:840} INFO - DAG(s) 'update_db', 'produce_json' retrieved from /opt/airflow/dags/main.py
[2026-09-05T08:31:25.959+0000] {logging_mixin.py:188} INFO - [2026-09-05T08:31:25.959+0000] {dag.py:3096} INFO - Sync 2 DAGs
[2026-09-05T08:31:25.995+0000] {logging_mixin.py:188} INFO - [2026-09-05T08:31:25.995+0000] {dag.py:3954} INFO - Setting next_dagrun for produce_json to 2026-09-05 14:00:00+00:00, run_after=2026-09-06 14:00:00+00:00
[2026-09-05T08:31:26.004+0000] {logging_mixin.py:188} INFO - [2026-09-05T08:31:26.003+0000] {dag.py:3954} INFO - Setting next_dagrun for update_db to 2026-09-05 15:00:00+00:00, run_after=2026-09-06 15:00:00+00:00
[2026-09-05T08:31:26.041+0000] {processor.py:183} INFO - Processing /opt/airflow/dags/main.py took 0.491 seconds
[2026-09-05T08:31:56.523+0000] {processor.py:161} INFO - Started process (PID=1488) to work on /opt/airflow/dags/main.py
[2026-09-05T08:31:56.526+0000] {processor.py:830} INFO - Processing file /opt/airflow/dags/main.py for tasks to queue
[2026-09-05T08:31:56.537+0000] {logging_mixin.py:188} INFO - [2026-09-05T08:31:56.537+0000] {dagbag.py:545} INFO - Filling up the DagBag from /opt/airflow/dags/main.py
[2026-09-05T08:31:56.613+0000] {logging_mixin.py:188} INFO - channel id is not executed
[2026-09-05T08:31:56.764+0000] {processor.py:840} INFO - DAG(s) 'update_db', 'produce_json' retrieved from /opt/airflow/dags/main.py
[2026-09-05T08:31:57.031+0000] {logging_mixin.py:188} INFO - [2026-09-05T08:31:57.030+0000] {dag.py:3096} INFO - Sync 2 DAGs
[2026-09-05T08:31:57.066+0000] {logging_mixin.py:188} INFO - [2026-09-05T08:31:57.066+0000] {dag.py:3954} INFO - Setting next_dagrun for produce_json to 2026-09-05 14:00:00+00:00, run_after=2026-09-06 14:00:00+00:00
[2026-09-05T08:31:57.076+0000] {logging_mixin.py:188} INFO - [2026-09-05T08:31:57.075+0000] {dag.py:3954} INFO - Setting next_dagrun for update_db to 2026-09-05 15:00:00+00:00, run_after=2026-09-06 15:00:00+00:00
[2026-09-05T08:31:57.127+0000] {processor.py:183} INFO - Processing /opt/airflow/dags/main.py took 0.613 seconds
[2026-09-05T08:32:27.490+0000] {processor.py:161} INFO - Started process (PID=1495) to work on /opt/airflow/dags/main.py
[2026-09-05T08:32:27.493+0000] {processor.py:830} INFO - Processing file /opt/airflow/dags/main.py for tasks to queue
[2026-09-05T08:32:27.496+0000] {logging_mixin.py:188} INFO - [2026-09-05T08:32:27.496+0000] {dagbag.py:545} INFO - Filling up the DagBag from /opt/airflow/dags/main.py
[2026-09-05T08:32:27.594+0000] {logging_mixin.py:188} INFO - channel id is not executed
[2026-09-05T08:32:27.731+0000] {processor.py:840} INFO - DAG(s) 'update_db', 'produce_json' retrieved from /opt/airflow/dags/main.py
[2026-09-05T08:32:27.968+0000] {logging_mixin.py:188} INFO - [2026-09-05T08:32:27.967+0000] {dag.py:3096} INFO - Sync 2 DAGs
[2026-09-05T08:32:28.007+0000] {logging_mixin.py:188} INFO - [2026-09-05T08:32:28.007+0000] {dag.py:3954} INFO - Setting next_dagrun for produce_json to 2026-09-05 14:00:00+00:00, run_after=2026-09-06 14:00:00+00:00
[2026-09-05T08:32:28.016+0000] {logging_mixin.py:188} INFO - [2026-09-05T08:32:28.016+0000] {dag.py:3954} INFO - Setting next_dagrun for update_db to 2026-09-05 15:00:00+00:00, run_after=2026-09-06 15:00:00+00:00
[2026-09-05T08:32:28.056+0000] {processor.py:183} INFO - Processing /opt/airflow/dags/main.py took 0.575 seconds
[2026-09-05T08:32:58.719+0000] {processor.py:161} INFO - Started process (PID=1502) to work on /opt/airflow/dags/main.py
[2026-09-05T08:32:58.722+0000] {processor.py:830} INFO - Processing file /opt/airflow/dags/main.py for tasks to queue
[2026-09-05T08:32:58.726+0000] {logging_mixin.py:188} INFO - [2026-09-05T08:32:58.725+0000] {dagbag.py:545} INFO - Filling up the DagBag from /opt/airflow/dags/main.py
[2026-09-05T08:32:58.797+0000] {logging_mixin.py:188} INFO - channel id is not executed
[2026-09-05T08:32:58.889+0000] {processor.py:840} INFO - DAG(s) 'produce_json', 'update_db' retrieved from /opt/airflow/dags/main.py
[2026-09-05T08:32:59.116+0000] {logging_mixin.py:188} INFO - [2026-09-05T08:32:59.116+0000] {dag.py:3096} INFO - Sync 2 DAGs
[2026-09-05T08:32:59.153+0000] {logging_mixin.py:188} INFO - [2026-09-05T08:32:59.151+0000] {dag.py:3954} INFO - Setting next_dagrun for produce_json to 2026-09-05 14:00:00+00:00, run_after=2026-09-06 14:00:00+00:00
[2026-09-05T08:32:59.161+0000] {logging_mixin.py:188} INFO - [2026-09-05T08:32:59.162+0000] {dag.py:3954} INFO - Setting next_dagrun for update_db to 2026-09-05 15:00:00+00:00, run_after=2026-09-06 15:00:00+00:00
[2026-09-05T08:32:59.202+0000] {processor.py:183} INFO - Processing /opt/airflow/dags/main.py took 0.494 seconds
[2026-09-05T08:33:29.646+0000] {processor.py:161} INFO - Started process (PID=1508) to work on /opt/airflow/dags/main.py
[2026-09-05T08:33:29.666+0000] {processor.py:830} INFO - Processing file /opt/airflow/dags/main.py for tasks to queue
[2026-09-05T08:33:29.677+0000] {logging_mixin.py:188} INFO - [2026-09-05T08:33:29.676+0000] {dagbag.py:545} INFO - Filling up the DagBag from /opt/airflow/dags/main.py
[2026-09-05T08:33:29.815+0000] {logging_mixin.py:188} INFO - channel id is not executed
[2026-09-05T08:33:29.907+0000] {processor.py:840} INFO - DAG(s) 'produce_json', 'update_db' retrieved from /opt/airflow/dags/main.py
[2026-09-05T08:33:30.314+0000] {logging_mixin.py:188} INFO - [2026-09-05T08:33:30.313+0000] {dag.py:3096} INFO - Sync 2 DAGs
[2026-09-05T08:33:30.408+0000] {logging_mixin.py:188} INFO - [2026-09-05T08:33:30.407+0000] {dag.py:3954} INFO - Setting next_dagrun for produce_json to 2026-09-05 14:00:00+00:00, run_after=2026-09-06 14:00:00+00:00
[2026-09-05T08:33:30.421+0000] {logging_mixin.py:188} INFO - [2026-09-05T08:33:30.420+0000] {dag.py:3954} INFO - Setting next_dagrun for update_db to 2026-09-05 15:00:00+00:00, run_after=2026-09-06 15:00:00+00:00
[2026-09-05T08:33:30.526+0000] {processor.py:183} INFO - Processing /opt/airflow/dags/main.py took 0.893 seconds
[2026-09-05T08:34:01.157+0000] {processor.py:161} INFO - Started process (PID=1515) to work on /opt/airflow/dags/main.py
[2026-09-05T08:34:01.162+0000] {processor.py:830} INFO - Processing file /opt/airflow/dags/main.py for tasks to queue
[2026-09-05T08:34:01.171+0000] {logging_mixin.py:188} INFO - [2026-09-05T08:34:01.171+0000] {dagbag.py:545} INFO - Filling up the DagBag from /opt/airflow/dags/main.py
[2026-09-05T08:34:01.286+0000] {logging_mixin.py:188} INFO - channel id is not executed
[2026-09-05T08:34:01.777+0000] {processor.py:840} INFO - DAG(s) 'produce_json', 'update_db' retrieved from /opt/airflow/dags/main.py
[2026-09-05T08:34:02.096+0000] {logging_mixin.py:188} INFO - [2026-09-05T08:34:02.095+0000] {dag.py:3096} INFO - Sync 2 DAGs
[2026-09-05T08:34:02.155+0000] {logging_mixin.py:188} INFO - [2026-09-05T08:34:02.155+0000] {dag.py:3954} INFO - Setting next_dagrun for produce_json to 2026-09-05 14:00:00+00:00, run_after=2026-09-06 14:00:00+00:00
[2026-09-05T08:34:02.163+0000] {logging_mixin.py:188} INFO - [2026-09-05T08:34:02.163+0000] {dag.py:3954} INFO - Setting next_dagrun for update_db to 2026-09-05 15:00:00+00:00, run_after=2026-09-06 15:00:00+00:00
[2026-09-05T08:34:02.213+0000] {processor.py:183} INFO - Processing /opt/airflow/dags/main.py took 1.074 seconds
[2026-09-05T08:34:32.829+0000] {processor.py:161} INFO - Started process (PID=1522) to work on /opt/airflow/dags/main.py
[2026-09-05T08:34:32.832+0000] {processor.py:830} INFO - Processing file /opt/airflow/dags/main.py for tasks to queue
[2026-09-05T08:34:32.835+0000] {logging_mixin.py:188} INFO - [2026-09-05T08:34:32.835+0000] {dagbag.py:545} INFO - Filling up the DagBag from /opt/airflow/dags/main.py
[2026-09-05T08:34:32.935+0000] {logging_mixin.py:188} INFO - channel id is not executed
[2026-09-05T08:34:33.065+0000] {processor.py:840} INFO - DAG(s) 'produce_json', 'update_db' retrieved from /opt/airflow/dags/main.py
[2026-09-05T08:34:33.473+0000] {logging_mixin.py:188} INFO - [2026-09-05T08:34:33.472+0000] {dag.py:3096} INFO - Sync 2 DAGs
[2026-09-05T08:34:33.624+0000] {logging_mixin.py:188} INFO - [2026-09-05T08:34:33.623+0000] {dag.py:3954} INFO - Setting next_dagrun for produce_json to 2026-09-05 14:00:00+00:00, run_after=2026-09-06 14:00:00+00:00
[2026-09-05T08:34:33.680+0000] {logging_mixin.py:188} INFO - [2026-09-05T08:34:33.679+0000] {dag.py:3954} INFO - Setting next_dagrun for update_db to 2026-09-05 15:00:00+00:00, run_after=2026-09-06 15:00:00+00:00
[2026-09-05T08:34:33.838+0000] {processor.py:183} INFO - Processing /opt/airflow/dags/main.py took 1.017 seconds
[2026-09-05T08:35:04.514+0000] {processor.py:161} INFO - Started process (PID=1534) to work on /opt/airflow/dags/main.py
[2026-09-05T08:35:04.516+0000] {processor.py:830} INFO - Processing file /opt/airflow/dags/main.py for tasks to queue
[2026-09-05T08:35:04.520+0000] {logging_mixin.py:188} INFO - [2026-09-05T08:35:04.519+0000] {dagbag.py:545} INFO - Filling up the DagBag from /opt/airflow/dags/main.py
[2026-09-05T08:35:04.593+0000] {logging_mixin.py:188} INFO - channel id is not executed
[2026-09-05T08:35:04.729+0000] {processor.py:840} INFO - DAG(s) 'update_db', 'produce_json' retrieved from /opt/airflow/dags/main.py
[2026-09-05T08:35:05.109+0000] {logging_mixin.py:188} INFO - [2026-09-05T08:35:05.108+0000] {dag.py:3096} INFO - Sync 2 DAGs
[2026-09-05T08:35:05.145+0000] {logging_mixin.py:188} INFO - [2026-09-05T08:35:05.145+0000] {dag.py:3954} INFO - Setting next_dagrun for produce_json to 2026-09-05 14:00:00+00:00, run_after=2026-09-06 14:00:00+00:00
[2026-09-05T08:35:05.159+0000] {logging_mixin.py:188} INFO - [2026-09-05T08:35:05.158+0000] {dag.py:3954} INFO - Setting next_dagrun for update_db to 2026-09-05 15:00:00+00:00, run_after=2026-09-06 15:00:00+00:00
[2026-09-05T08:35:05.209+0000] {processor.py:183} INFO - Processing /opt/airflow/dags/main.py took 0.705 seconds
[2026-09-05T08:35:35.378+0000] {processor.py:161} INFO - Started process (PID=1542) to work on /opt/airflow/dags/main.py
[2026-09-05T08:35:35.458+0000] {processor.py:830} INFO - Processing file /opt/airflow/dags/main.py for tasks to queue
[2026-09-05T08:35:35.490+0000] {logging_mixin.py:188} INFO - [2026-09-05T08:35:35.489+0000] {dagbag.py:545} INFO - Filling up the DagBag from /opt/airflow/dags/main.py
[2026-09-05T08:35:35.580+0000] {logging_mixin.py:188} INFO - channel id is not executed
[2026-09-05T08:35:35.686+0000] {processor.py:840} INFO - DAG(s) 'update_db', 'produce_json' retrieved from /opt/airflow/dags/main.py
[2026-09-05T08:35:35.954+0000] {logging_mixin.py:188} INFO - [2026-09-05T08:35:35.953+0000] {dag.py:3096} INFO - Sync 2 DAGs
[2026-09-05T08:35:35.992+0000] {logging_mixin.py:188} INFO - [2026-09-05T08:35:35.991+0000] {dag.py:3954} INFO - Setting next_dagrun for produce_json to 2026-09-05 14:00:00+00:00, run_after=2026-09-06 14:00:00+00:00
[2026-09-05T08:35:36.001+0000] {logging_mixin.py:188} INFO - [2026-09-05T08:35:36.001+0000] {dag.py:3954} INFO - Setting next_dagrun for update_db to 2026-09-05 15:00:00+00:00, run_after=2026-09-06 15:00:00+00:00
[2026-09-05T08:35:36.038+0000] {processor.py:183} INFO - Processing /opt/airflow/dags/main.py took 0.697 seconds
[2026-09-05T08:36:06.581+0000] {processor.py:161} INFO - Started process (PID=1549) to work on /opt/airflow/dags/main.py
[2026-09-05T08:36:06.589+0000] {processor.py:830} INFO - Processing file /opt/airflow/dags/main.py for tasks to queue
[2026-09-05T08:36:06.602+0000] {logging_mixin.py:188} INFO - [2026-09-05T08:36:06.602+0000] {dagbag.py:545} INFO - Filling up the DagBag from /opt/airflow/dags/main.py
[2026-09-05T08:36:06.703+0000] {logging_mixin.py:188} INFO - channel id is not executed
[2026-09-05T08:36:06.785+0000] {processor.py:840} INFO - DAG(s) 'update_db', 'produce_json' retrieved from /opt/airflow/dags/main.py
[2026-09-05T08:36:07.051+0000] {logging_mixin.py:188} INFO - [2026-09-05T08:36:07.050+0000] {dag.py:3096} INFO - Sync 2 DAGs
[2026-09-05T08:36:07.133+0000] {logging_mixin.py:188} INFO - [2026-09-05T08:36:07.132+0000] {dag.py:3954} INFO - Setting next_dagrun for produce_json to 2026-09-05 14:00:00+00:00, run_after=2026-09-06 14:00:00+00:00
[2026-09-05T08:36:07.144+0000] {logging_mixin.py:188} INFO - [2026-09-05T08:36:07.143+0000] {dag.py:3954} INFO - Setting next_dagrun for update_db to 2026-09-05 15:00:00+00:00, run_after=2026-09-06 15:00:00+00:00
[2026-09-05T08:36:07.189+0000] {processor.py:183} INFO - Processing /opt/airflow/dags/main.py took 0.629 seconds
[2026-09-05T08:36:37.704+0000] {processor.py:161} INFO - Started process (PID=1556) to work on /opt/airflow/dags/main.py
[2026-09-05T08:36:37.706+0000] {processor.py:830} INFO - Processing file /opt/airflow/dags/main.py for tasks to queue
[2026-09-05T08:36:37.710+0000] {logging_mixin.py:188} INFO - [2026-09-05T08:36:37.709+0000] {dagbag.py:545} INFO - Filling up the DagBag from /opt/airflow/dags/main.py
[2026-09-05T08:36:37.774+0000] {logging_mixin.py:188} INFO - channel id is not executed
[2026-09-05T08:36:38.123+0000] {processor.py:840} INFO - DAG(s) 'produce_json', 'update_db' retrieved from /opt/airflow/dags/main.py
[2026-09-05T08:36:38.330+0000] {logging_mixin.py:188} INFO - [2026-09-05T08:36:38.329+0000] {dag.py:3096} INFO - Sync 2 DAGs
[2026-09-05T08:36:38.387+0000] {logging_mixin.py:188} INFO - [2026-09-05T08:36:38.386+0000] {dag.py:3954} INFO - Setting next_dagrun for produce_json to 2026-09-05 14:00:00+00:00, run_after=2026-09-06 14:00:00+00:00
[2026-09-05T08:36:38.396+0000] {logging_mixin.py:188} INFO - [2026-09-05T08:36:38.395+0000] {dag.py:3954} INFO - Setting next_dagrun for update_db to 2026-09-05 15:00:00+00:00, run_after=2026-09-06 15:00:00+00:00
[2026-09-05T08:36:38.434+0000] {processor.py:183} INFO - Processing /opt/airflow/dags/main.py took 0.740 seconds
[2026-09-05T08:37:08.836+0000] {processor.py:161} INFO - Started process (PID=1562) to work on /opt/airflow/dags/main.py
[2026-09-05T08:37:08.838+0000] {processor.py:830} INFO - Processing file /opt/airflow/dags/main.py for tasks to queue
[2026-09-05T08:37:08.843+0000] {logging_mixin.py:188} INFO - [2026-09-05T08:37:08.842+0000] {dagbag.py:545} INFO - Filling up the DagBag from /opt/airflow/dags/main.py
[2026-09-05T08:37:08.920+0000] {logging_mixin.py:188} INFO - channel id is not executed
[2026-09-05T08:37:09.128+0000] {processor.py:840} INFO - DAG(s) 'produce_json', 'update_db' retrieved from /opt/airflow/dags/main.py
[2026-09-05T08:37:09.428+0000] {logging_mixin.py:188} INFO - [2026-09-05T08:37:09.427+0000] {dag.py:3096} INFO - Sync 2 DAGs
[2026-09-05T08:37:09.486+0000] {logging_mixin.py:188} INFO - [2026-09-05T08:37:09.486+0000] {dag.py:3954} INFO - Setting next_dagrun for produce_json to 2026-09-05 14:00:00+00:00, run_after=2026-09-06 14:00:00+00:00
[2026-09-05T08:37:09.501+0000] {logging_mixin.py:188} INFO - [2026-09-05T08:37:09.500+0000] {dag.py:3954} INFO - Setting next_dagrun for update_db to 2026-09-05 15:00:00+00:00, run_after=2026-09-06 15:00:00+00:00
[2026-09-05T08:37:09.544+0000] {processor.py:183} INFO - Processing /opt/airflow/dags/main.py took 0.717 seconds
[2026-09-05T08:37:39.700+0000] {processor.py:161} INFO - Started process (PID=1568) to work on /opt/airflow/dags/main.py
[2026-09-05T08:37:39.702+0000] {processor.py:830} INFO - Processing file /opt/airflow/dags/main.py for tasks to queue
[2026-09-05T08:37:39.706+0000] {logging_mixin.py:188} INFO - [2026-09-05T08:37:39.706+0000] {dagbag.py:545} INFO - Filling up the DagBag from /opt/airflow/dags/main.py
[2026-09-05T08:37:39.782+0000] {logging_mixin.py:188} INFO - channel id is not executed
[2026-09-05T08:37:39.873+0000] {processor.py:840} INFO - DAG(s) 'update_db', 'produce_json' retrieved from /opt/airflow/dags/main.py
[2026-09-05T08:37:40.100+0000] {logging_mixin.py:188} INFO - [2026-09-05T08:37:40.100+0000] {dag.py:3096} INFO - Sync 2 DAGs
[2026-09-05T08:37:40.138+0000] {logging_mixin.py:188} INFO - [2026-09-05T08:37:40.138+0000] {dag.py:3954} INFO - Setting next_dagrun for produce_json to 2026-09-05 14:00:00+00:00, run_after=2026-09-06 14:00:00+00:00
[2026-09-05T08:37:40.146+0000] {logging_mixin.py:188} INFO - [2026-09-05T08:37:40.146+0000] {dag.py:3954} INFO - Setting next_dagrun for update_db to 2026-09-05 15:00:00+00:00, run_after=2026-09-06 15:00:00+00:00
[2026-09-05T08:37:40.190+0000] {processor.py:183} INFO - Processing /opt/airflow/dags/main.py took 0.499 seconds
[2026-09-05T08:38:10.700+0000] {processor.py:161} INFO - Started process (PID=1575) to work on /opt/airflow/dags/main.py
[2026-09-05T08:38:10.705+0000] {processor.py:830} INFO - Processing file /opt/airflow/dags/main.py for tasks to queue
[2026-09-05T08:38:10.710+0000] {logging_mixin.py:188} INFO - [2026-09-05T08:38:10.709+0000] {dagbag.py:545} INFO - Filling up the DagBag from /opt/airflow/dags/main.py
[2026-09-05T08:38:10.778+0000] {logging_mixin.py:188} INFO - channel id is not executed
[2026-09-05T08:38:11.160+0000] {processor.py:840} INFO - DAG(s) 'update_db', 'produce_json' retrieved from /opt/airflow/dags/main.py
[2026-09-05T08:38:11.432+0000] {logging_mixin.py:188} INFO - [2026-09-05T08:38:11.432+0000] {dag.py:3096} INFO - Sync 2 DAGs
[2026-09-05T08:38:11.501+0000] {logging_mixin.py:188} INFO - [2026-09-05T08:38:11.500+0000] {dag.py:3954} INFO - Setting next_dagrun for produce_json to 2026-09-05 14:00:00+00:00, run_after=2026-09-06 14:00:00+00:00
[2026-09-05T08:38:11.520+0000] {logging_mixin.py:188} INFO - [2026-09-05T08:38:11.519+0000] {dag.py:3954} INFO - Setting next_dagrun for update_db to 2026-09-05 15:00:00+00:00, run_after=2026-09-06 15:00:00+00:00
[2026-09-05T08:38:11.617+0000] {processor.py:183} INFO - Processing /opt/airflow/dags/main.py took 0.928 seconds
[2026-09-05T08:38:42.498+0000] {processor.py:161} INFO - Started process (PID=1582) to work on /opt/airflow/dags/main.py
[2026-09-05T08:38:42.504+0000] {processor.py:830} INFO - Processing file /opt/airflow/dags/main.py for tasks to queue
[2026-09-05T08:38:42.528+0000] {logging_mixin.py:188} INFO - [2026-09-05T08:38:42.527+0000] {dagbag.py:545} INFO - Filling up the DagBag from /opt/airflow/dags/main.py
[2026-09-05T08:38:42.673+0000] {logging_mixin.py:188} INFO - channel id is not executed
[2026-09-05T08:38:42.976+0000] {processor.py:840} INFO - DAG(s) 'produce_json', 'update_db' retrieved from /opt/airflow/dags/main.py
[2026-09-05T08:38:43.503+0000] {logging_mixin.py:188} INFO - [2026-09-05T08:38:43.502+0000] {dag.py:3096} INFO - Sync 2 DAGs
[2026-09-05T08:38:43.680+0000] {logging_mixin.py:188} INFO - [2026-09-05T08:38:43.680+0000] {dag.py:3954} INFO - Setting next_dagrun for produce_json to 2026-09-05 14:00:00+00:00, run_after=2026-09-06 14:00:00+00:00
[2026-09-05T08:38:43.688+0000] {logging_mixin.py:188} INFO - [2026-09-05T08:38:43.688+0000] {dag.py:3954} INFO - Setting next_dagrun for update_db to 2026-09-05 15:00:00+00:00, run_after=2026-09-06 15:00:00+00:00
[2026-09-05T08:38:43.736+0000] {processor.py:183} INFO - Processing /opt/airflow/dags/main.py took 1.259 seconds
[2026-09-05T08:39:14.138+0000] {processor.py:161} INFO - Started process (PID=1588) to work on /opt/airflow/dags/main.py
[2026-09-05T08:39:14.141+0000] {processor.py:830} INFO - Processing file /opt/airflow/dags/main.py for tasks to queue
[2026-09-05T08:39:14.160+0000] {logging_mixin.py:188} INFO - [2026-09-05T08:39:14.159+0000] {dagbag.py:545} INFO - Filling up the DagBag from /opt/airflow/dags/main.py
[2026-09-05T08:39:14.254+0000] {logging_mixin.py:188} INFO - channel id is not executed
[2026-09-05T08:39:14.394+0000] {processor.py:840} INFO - DAG(s) 'produce_json', 'update_db' retrieved from /opt/airflow/dags/main.py
[2026-09-05T08:39:14.602+0000] {logging_mixin.py:188} INFO - [2026-09-05T08:39:14.601+0000] {dag.py:3096} INFO - Sync 2 DAGs
[2026-09-05T08:39:14.641+0000] {logging_mixin.py:188} INFO - [2026-09-05T08:39:14.641+0000] {dag.py:3954} INFO - Setting next_dagrun for produce_json to 2026-09-05 14:00:00+00:00, run_after=2026-09-06 14:00:00+00:00
[2026-09-05T08:39:14.651+0000] {logging_mixin.py:188} INFO - [2026-09-05T08:39:14.651+0000] {dag.py:3954} INFO - Setting next_dagrun for update_db to 2026-09-05 15:00:00+00:00, run_after=2026-09-06 15:00:00+00:00
[2026-09-05T08:39:14.763+0000] {processor.py:183} INFO - Processing /opt/airflow/dags/main.py took 0.636 seconds
[2026-09-05T08:39:45.305+0000] {processor.py:161} INFO - Started process (PID=1594) to work on /opt/airflow/dags/main.py
[2026-09-05T08:39:45.307+0000] {processor.py:830} INFO - Processing file /opt/airflow/dags/main.py for tasks to queue
[2026-09-05T08:39:45.311+0000] {logging_mixin.py:188} INFO - [2026-09-05T08:39:45.310+0000] {dagbag.py:545} INFO - Filling up the DagBag from /opt/airflow/dags/main.py
[2026-09-05T08:39:45.442+0000] {logging_mixin.py:188} INFO - channel id is not executed
[2026-09-05T08:39:45.539+0000] {processor.py:840} INFO - DAG(s) 'produce_json', 'update_db' retrieved from /opt/airflow/dags/main.py
[2026-09-05T08:39:45.796+0000] {logging_mixin.py:188} INFO - [2026-09-05T08:39:45.796+0000] {dag.py:3096} INFO - Sync 2 DAGs
[2026-09-05T08:39:45.837+0000] {logging_mixin.py:188} INFO - [2026-09-05T08:39:45.836+0000] {dag.py:3954} INFO - Setting next_dagrun for produce_json to 2026-09-05 14:00:00+00:00, run_after=2026-09-06 14:00:00+00:00
[2026-09-05T08:39:45.846+0000] {logging_mixin.py:188} INFO - [2026-09-05T08:39:45.845+0000] {dag.py:3954} INFO - Setting next_dagrun for update_db to 2026-09-05 15:00:00+00:00, run_after=2026-09-06 15:00:00+00:00
[2026-09-05T08:39:45.913+0000] {processor.py:183} INFO - Processing /opt/airflow/dags/main.py took 0.627 seconds
[2026-09-05T08:40:16.279+0000] {processor.py:161} INFO - Started process (PID=1601) to work on /opt/airflow/dags/main.py
[2026-09-05T08:40:16.281+0000] {processor.py:830} INFO - Processing file /opt/airflow/dags/main.py for tasks to queue
[2026-09-05T08:40:16.285+0000] {logging_mixin.py:188} INFO - [2026-09-05T08:40:16.284+0000] {dagbag.py:545} INFO - Filling up the DagBag from /opt/airflow/dags/main.py
[2026-09-05T08:40:16.359+0000] {logging_mixin.py:188} INFO - channel id is not executed
[2026-09-05T08:40:16.471+0000] {processor.py:840} INFO - DAG(s) 'produce_json', 'update_db' retrieved from /opt/airflow/dags/main.py
[2026-09-05T08:40:16.826+0000] {logging_mixin.py:188} INFO - [2026-09-05T08:40:16.825+0000] {dag.py:3096} INFO - Sync 2 DAGs
[2026-09-05T08:40:16.865+0000] {logging_mixin.py:188} INFO - [2026-09-05T08:40:16.864+0000] {dag.py:3954} INFO - Setting next_dagrun for produce_json to 2026-09-05 14:00:00+00:00, run_after=2026-09-06 14:00:00+00:00
[2026-09-05T08:40:16.879+0000] {logging_mixin.py:188} INFO - [2026-09-05T08:40:16.879+0000] {dag.py:3954} INFO - Setting next_dagrun for update_db to 2026-09-05 15:00:00+00:00, run_after=2026-09-06 15:00:00+00:00
[2026-09-05T08:40:16.932+0000] {processor.py:183} INFO - Processing /opt/airflow/dags/main.py took 0.662 seconds
[2026-09-05T08:40:47.569+0000] {processor.py:161} INFO - Started process (PID=1608) to work on /opt/airflow/dags/main.py
[2026-09-05T08:40:47.572+0000] {processor.py:830} INFO - Processing file /opt/airflow/dags/main.py for tasks to queue
[2026-09-05T08:40:47.576+0000] {logging_mixin.py:188} INFO - [2026-09-05T08:40:47.575+0000] {dagbag.py:545} INFO - Filling up the DagBag from /opt/airflow/dags/main.py
[2026-09-05T08:40:47.646+0000] {logging_mixin.py:188} INFO - channel id is not executed
[2026-09-05T08:40:47.781+0000] {processor.py:840} INFO - DAG(s) 'update_db', 'produce_json' retrieved from /opt/airflow/dags/main.py
[2026-09-05T08:40:48.024+0000] {logging_mixin.py:188} INFO - [2026-09-05T08:40:48.023+0000] {dag.py:3096} INFO - Sync 2 DAGs
[2026-09-05T08:40:48.063+0000] {logging_mixin.py:188} INFO - [2026-09-05T08:40:48.063+0000] {dag.py:3954} INFO - Setting next_dagrun for produce_json to 2026-09-05 14:00:00+00:00, run_after=2026-09-06 14:00:00+00:00
[2026-09-05T08:40:48.073+0000] {logging_mixin.py:188} INFO - [2026-09-05T08:40:48.072+0000] {dag.py:3954} INFO - Setting next_dagrun for update_db to 2026-09-05 15:00:00+00:00, run_after=2026-09-06 15:00:00+00:00
[2026-09-05T08:40:48.107+0000] {processor.py:183} INFO - Processing /opt/airflow/dags/main.py took 0.546 seconds
[2026-09-05T08:41:18.748+0000] {processor.py:161} INFO - Started process (PID=1616) to work on /opt/airflow/dags/main.py
[2026-09-05T08:41:18.750+0000] {processor.py:830} INFO - Processing file /opt/airflow/dags/main.py for tasks to queue
[2026-09-05T08:41:18.756+0000] {logging_mixin.py:188} INFO - [2026-09-05T08:41:18.755+0000] {dagbag.py:545} INFO - Filling up the DagBag from /opt/airflow/dags/main.py
[2026-09-05T08:41:18.909+0000] {logging_mixin.py:188} INFO - channel id is not executed
[2026-09-05T08:41:19.134+0000] {processor.py:840} INFO - DAG(s) 'produce_json', 'update_db' retrieved from /opt/airflow/dags/main.py
[2026-09-05T08:41:19.340+0000] {logging_mixin.py:188} INFO - [2026-09-05T08:41:19.340+0000] {dag.py:3096} INFO - Sync 2 DAGs
[2026-09-05T08:41:19.377+0000] {logging_mixin.py:188} INFO - [2026-09-05T08:41:19.376+0000] {dag.py:3954} INFO - Setting next_dagrun for produce_json to 2026-09-05 14:00:00+00:00, run_after=2026-09-06 14:00:00+00:00
[2026-09-05T08:41:19.387+0000] {logging_mixin.py:188} INFO - [2026-09-05T08:41:19.386+0000] {dag.py:3954} INFO - Setting next_dagrun for update_db to 2026-09-05 15:00:00+00:00, run_after=2026-09-06 15:00:00+00:00
[2026-09-05T08:41:19.437+0000] {processor.py:183} INFO - Processing /opt/airflow/dags/main.py took 0.699 seconds
[2026-09-05T08:41:49.578+0000] {processor.py:161} INFO - Started process (PID=1623) to work on /opt/airflow/dags/main.py
[2026-09-05T08:41:49.583+0000] {processor.py:830} INFO - Processing file /opt/airflow/dags/main.py for tasks to queue
[2026-09-05T08:41:49.597+0000] {logging_mixin.py:188} INFO - [2026-09-05T08:41:49.595+0000] {dagbag.py:545} INFO - Filling up the DagBag from /opt/airflow/dags/main.py
[2026-09-05T08:41:49.677+0000] {logging_mixin.py:188} INFO - channel id is not executed
[2026-09-05T08:41:49.771+0000] {processor.py:840} INFO - DAG(s) 'update_db', 'produce_json' retrieved from /opt/airflow/dags/main.py
[2026-09-05T08:41:50.084+0000] {logging_mixin.py:188} INFO - [2026-09-05T08:41:50.083+0000] {dag.py:3096} INFO - Sync 2 DAGs
[2026-09-05T08:41:50.219+0000] {logging_mixin.py:188} INFO - [2026-09-05T08:41:50.219+0000] {dag.py:3954} INFO - Setting next_dagrun for produce_json to 2026-09-05 14:00:00+00:00, run_after=2026-09-06 14:00:00+00:00
[2026-09-05T08:41:50.227+0000] {logging_mixin.py:188} INFO - [2026-09-05T08:41:50.227+0000] {dag.py:3954} INFO - Setting next_dagrun for update_db to 2026-09-05 15:00:00+00:00, run_after=2026-09-06 15:00:00+00:00
[2026-09-05T08:41:50.288+0000] {processor.py:183} INFO - Processing /opt/airflow/dags/main.py took 0.724 seconds
[2026-09-05T08:42:21.196+0000] {processor.py:161} INFO - Started process (PID=1630) to work on /opt/airflow/dags/main.py
[2026-09-05T08:42:21.199+0000] {processor.py:830} INFO - Processing file /opt/airflow/dags/main.py for tasks to queue
[2026-09-05T08:42:21.203+0000] {logging_mixin.py:188} INFO - [2026-09-05T08:42:21.203+0000] {dagbag.py:545} INFO - Filling up the DagBag from /opt/airflow/dags/main.py
[2026-09-05T08:42:21.299+0000] {logging_mixin.py:188} INFO - channel id is not executed
[2026-09-05T08:42:21.485+0000] {processor.py:840} INFO - DAG(s) 'produce_json', 'update_db' retrieved from /opt/airflow/dags/main.py
[2026-09-05T08:42:21.803+0000] {logging_mixin.py:188} INFO - [2026-09-05T08:42:21.802+0000] {dag.py:3096} INFO - Sync 2 DAGs
[2026-09-05T08:42:21.849+0000] {logging_mixin.py:188} INFO - [2026-09-05T08:42:21.848+0000] {dag.py:3954} INFO - Setting next_dagrun for produce_json to 2026-09-05 14:00:00+00:00, run_after=2026-09-06 14:00:00+00:00
[2026-09-05T08:42:21.858+0000] {logging_mixin.py:188} INFO - [2026-09-05T08:42:21.857+0000] {dag.py:3954} INFO - Setting next_dagrun for update_db to 2026-09-05 15:00:00+00:00, run_after=2026-09-06 15:00:00+00:00
[2026-09-05T08:42:21.960+0000] {processor.py:183} INFO - Processing /opt/airflow/dags/main.py took 0.772 seconds
[2026-09-05T08:42:52.544+0000] {processor.py:161} INFO - Started process (PID=1638) to work on /opt/airflow/dags/main.py
[2026-09-05T08:42:52.547+0000] {processor.py:830} INFO - Processing file /opt/airflow/dags/main.py for tasks to queue
[2026-09-05T08:42:52.551+0000] {logging_mixin.py:188} INFO - [2026-09-05T08:42:52.550+0000] {dagbag.py:545} INFO - Filling up the DagBag from /opt/airflow/dags/main.py
[2026-09-05T08:42:52.652+0000] {logging_mixin.py:188} INFO - channel id is not executed
[2026-09-05T08:42:52.815+0000] {processor.py:840} INFO - DAG(s) 'update_db', 'produce_json' retrieved from /opt/airflow/dags/main.py
[2026-09-05T08:42:53.149+0000] {logging_mixin.py:188} INFO - [2026-09-05T08:42:53.149+0000] {dag.py:3096} INFO - Sync 2 DAGs
[2026-09-05T08:42:53.191+0000] {logging_mixin.py:188} INFO - [2026-09-05T08:42:53.190+0000] {dag.py:3954} INFO - Setting next_dagrun for produce_json to 2026-09-05 14:00:00+00:00, run_after=2026-09-06 14:00:00+00:00
[2026-09-05T08:42:53.215+0000] {logging_mixin.py:188} INFO - [2026-09-05T08:42:53.215+0000] {dag.py:3954} INFO - Setting next_dagrun for update_db to 2026-09-05 15:00:00+00:00, run_after=2026-09-06 15:00:00+00:00
[2026-09-05T08:42:53.324+0000] {processor.py:183} INFO - Processing /opt/airflow/dags/main.py took 0.790 seconds
[2026-09-05T08:43:24.262+0000] {processor.py:161} INFO - Started process (PID=1645) to work on /opt/airflow/dags/main.py
[2026-09-05T08:43:24.278+0000] {processor.py:830} INFO - Processing file /opt/airflow/dags/main.py for tasks to queue
[2026-09-05T08:43:24.308+0000] {logging_mixin.py:188} INFO - [2026-09-05T08:43:24.306+0000] {dagbag.py:545} INFO - Filling up the DagBag from /opt/airflow/dags/main.py
[2026-09-05T08:43:24.532+0000] {logging_mixin.py:188} INFO - channel id is not executed
[2026-09-05T08:43:24.651+0000] {processor.py:840} INFO - DAG(s) 'update_db', 'produce_json' retrieved from /opt/airflow/dags/main.py
[2026-09-05T08:43:25.320+0000] {logging_mixin.py:188} INFO - [2026-09-05T08:43:25.320+0000] {dag.py:3096} INFO - Sync 2 DAGs
[2026-09-05T08:43:25.498+0000] {logging_mixin.py:188} INFO - [2026-09-05T08:43:25.487+0000] {dag.py:3954} INFO - Setting next_dagrun for produce_json to 2026-09-05 14:00:00+00:00, run_after=2026-09-06 14:00:00+00:00
[2026-09-05T08:43:25.534+0000] {logging_mixin.py:188} INFO - [2026-09-05T08:43:25.534+0000] {dag.py:3954} INFO - Setting next_dagrun for update_db to 2026-09-05 15:00:00+00:00, run_after=2026-09-06 15:00:00+00:00
[2026-09-05T08:43:25.630+0000] {processor.py:183} INFO - Processing /opt/airflow/dags/main.py took 1.423 seconds
[2026-09-05T08:43:57.284+0000] {processor.py:161} INFO - Started process (PID=1652) to work on /opt/airflow/dags/main.py
[2026-09-05T08:43:57.300+0000] {processor.py:830} INFO - Processing file /opt/airflow/dags/main.py for tasks to queue
[2026-09-05T08:43:57.327+0000] {logging_mixin.py:188} INFO - [2026-09-05T08:43:57.326+0000] {dagbag.py:545} INFO - Filling up the DagBag from /opt/airflow/dags/main.py
[2026-09-05T08:43:57.708+0000] {logging_mixin.py:188} INFO - channel id is not executed
[2026-09-05T08:43:59.148+0000] {processor.py:840} INFO - DAG(s) 'produce_json', 'update_db' retrieved from /opt/airflow/dags/main.py
[2026-09-05T08:44:00.021+0000] {logging_mixin.py:188} INFO - [2026-09-05T08:44:00.011+0000] {dag.py:3096} INFO - Sync 2 DAGs
[2026-09-05T08:44:01.307+0000] {logging_mixin.py:188} INFO - [2026-09-05T08:44:01.297+0000] {dag.py:3954} INFO - Setting next_dagrun for produce_json to 2026-09-05 14:00:00+00:00, run_after=2026-09-06 14:00:00+00:00
[2026-09-05T08:44:01.363+0000] {logging_mixin.py:188} INFO - [2026-09-05T08:44:01.363+0000] {dag.py:3954} INFO - Setting next_dagrun for update_db to 2026-09-05 15:00:00+00:00, run_after=2026-09-06 15:00:00+00:00
[2026-09-05T08:44:01.545+0000] {processor.py:183} INFO - Processing /opt/airflow/dags/main.py took 4.314 seconds
[2026-09-05T08:44:32.251+0000] {processor.py:161} INFO - Started process (PID=1658) to work on /opt/airflow/dags/main.py
[2026-09-05T08:44:32.276+0000] {processor.py:830} INFO - Processing file /opt/airflow/dags/main.py for tasks to queue
[2026-09-05T08:44:32.296+0000] {logging_mixin.py:188} INFO - [2026-09-05T08:44:32.296+0000] {dagbag.py:545} INFO - Filling up the DagBag from /opt/airflow/dags/main.py
[2026-09-05T08:44:33.226+0000] {logging_mixin.py:188} INFO - channel id is not executed
[2026-09-05T08:44:33.461+0000] {processor.py:840} INFO - DAG(s) 'produce_json', 'update_db' retrieved from /opt/airflow/dags/main.py
[2026-09-05T08:44:34.357+0000] {logging_mixin.py:188} INFO - [2026-09-05T08:44:34.356+0000] {dag.py:3096} INFO - Sync 2 DAGs
[2026-09-05T08:44:34.516+0000] {logging_mixin.py:188} INFO - [2026-09-05T08:44:34.505+0000] {dag.py:3954} INFO - Setting next_dagrun for produce_json to 2026-09-05 14:00:00+00:00, run_after=2026-09-06 14:00:00+00:00
[2026-09-05T08:44:34.535+0000] {logging_mixin.py:188} INFO - [2026-09-05T08:44:34.535+0000] {dag.py:3954} INFO - Setting next_dagrun for update_db to 2026-09-05 15:00:00+00:00, run_after=2026-09-06 15:00:00+00:00
[2026-09-05T08:44:34.667+0000] {processor.py:183} INFO - Processing /opt/airflow/dags/main.py took 2.438 seconds
[2026-09-05T16:14:04.599+0000] {processor.py:161} INFO - Started process (PID=66) to work on /opt/airflow/dags/main.py
[2026-09-05T16:14:04.610+0000] {processor.py:830} INFO - Processing file /opt/airflow/dags/main.py for tasks to queue
[2026-09-05T16:14:04.621+0000] {logging_mixin.py:188} INFO - [2026-09-05T16:14:04.621+0000] {dagbag.py:545} INFO - Filling up the DagBag from /opt/airflow/dags/main.py
[2026-09-05T16:14:04.984+0000] {logging_mixin.py:188} INFO - channel id is not executed
[2026-09-05T16:14:05.646+0000] {processor.py:840} INFO - DAG(s) 'update_db', 'produce_json' retrieved from /opt/airflow/dags/main.py
[2026-09-05T16:14:06.693+0000] {logging_mixin.py:188} INFO - [2026-09-05T16:14:06.692+0000] {override.py:1829} INFO - Created Permission View: can delete on DAG:update_db
[2026-09-05T16:14:06.725+0000] {logging_mixin.py:188} INFO - [2026-09-05T16:14:06.725+0000] {override.py:1829} INFO - Created Permission View: can edit on DAG:update_db
[2026-09-05T16:14:06.749+0000] {logging_mixin.py:188} INFO - [2026-09-05T16:14:06.748+0000] {override.py:1829} INFO - Created Permission View: can read on DAG:update_db
[2026-09-05T16:14:06.801+0000] {logging_mixin.py:188} INFO - [2026-09-05T16:14:06.800+0000] {override.py:1829} INFO - Created Permission View: can delete on DAG:produce_json
[2026-09-05T16:14:06.824+0000] {logging_mixin.py:188} INFO - [2026-09-05T16:14:06.823+0000] {override.py:1829} INFO - Created Permission View: can edit on DAG:produce_json
[2026-09-05T16:14:06.843+0000] {logging_mixin.py:188} INFO - [2026-09-05T16:14:06.842+0000] {override.py:1829} INFO - Created Permission View: can read on DAG:produce_json
[2026-09-05T16:14:06.852+0000] {logging_mixin.py:188} INFO - [2026-09-05T16:14:06.852+0000] {dag.py:3096} INFO - Sync 2 DAGs
[2026-09-05T16:14:06.884+0000] {logging_mixin.py:188} INFO - [2026-09-05T16:14:06.884+0000] {dag.py:3118} INFO - Creating ORM DAG for produce_json
[2026-09-05T16:14:06.888+0000] {logging_mixin.py:188} INFO - [2026-09-05T16:14:06.888+0000] {dag.py:3118} INFO - Creating ORM DAG for update_db
[2026-09-05T16:14:06.936+0000] {logging_mixin.py:188} INFO - [2026-09-05T16:14:06.935+0000] {dag.py:3954} INFO - Setting next_dagrun for produce_json to 2026-09-06 14:00:00+00:00, run_after=2026-09-07 14:00:00+00:00
[2026-09-05T16:14:06.945+0000] {logging_mixin.py:188} INFO - [2026-09-05T16:14:06.945+0000] {dag.py:3954} INFO - Setting next_dagrun for update_db to 2026-09-06 15:00:00+00:00, run_after=2026-09-07 15:00:00+00:00
[2026-09-05T16:14:07.005+0000] {processor.py:183} INFO - Processing /opt/airflow/dags/main.py took 2.429 seconds
[2026-09-05T16:14:41.654+0000] {processor.py:161} INFO - Started process (PID=74) to work on /opt/airflow/dags/main.py
[2026-09-05T16:14:41.768+0000] {processor.py:830} INFO - Processing file /opt/airflow/dags/main.py for tasks to queue
[2026-09-05T16:14:42.319+0000] {logging_mixin.py:188} INFO - [2026-09-05T16:14:42.314+0000] {dagbag.py:545} INFO - Filling up the DagBag from /opt/airflow/dags/main.py
[2026-09-05T16:14:48.625+0000] {logging_mixin.py:188} INFO - channel id is not executed
[2026-09-05T16:14:59.355+0000] {processor.py:840} INFO - DAG(s) 'update_db', 'produce_json' retrieved from /opt/airflow/dags/main.py
[2026-09-05T16:15:06.407+0000] {logging_mixin.py:188} INFO - [2026-09-05T16:15:06.407+0000] {dag.py:3096} INFO - Sync 2 DAGs
[2026-09-05T16:15:12.881+0000] {logging_mixin.py:188} INFO - [2026-09-05T16:15:12.880+0000] {dag.py:3954} INFO - Setting next_dagrun for produce_json to 2026-09-06 14:00:00+00:00, run_after=2026-09-07 14:00:00+00:00
[2026-09-05T16:15:13.569+0000] {logging_mixin.py:188} INFO - [2026-09-05T16:15:13.569+0000] {dag.py:3954} INFO - Setting next_dagrun for update_db to 2026-09-06 15:00:00+00:00, run_after=2026-09-07 15:00:00+00:00
[2026-09-05T16:15:18.233+0000] {processor.py:183} INFO - Processing /opt/airflow/dags/main.py took 36.689 seconds
[2026-09-05T16:15:53.053+0000] {processor.py:161} INFO - Started process (PID=92) to work on /opt/airflow/dags/main.py
[2026-09-05T16:15:53.076+0000] {processor.py:830} INFO - Processing file /opt/airflow/dags/main.py for tasks to queue
[2026-09-05T16:15:53.222+0000] {logging_mixin.py:188} INFO - [2026-09-05T16:15:53.215+0000] {dagbag.py:545} INFO - Filling up the DagBag from /opt/airflow/dags/main.py
[2026-09-05T16:15:56.057+0000] {logging_mixin.py:188} INFO - channel id is not executed
[2026-09-05T16:15:58.984+0000] {processor.py:840} INFO - DAG(s) 'update_db', 'produce_json' retrieved from /opt/airflow/dags/main.py
[2026-09-05T16:16:06.522+0000] {logging_mixin.py:188} INFO - [2026-09-05T16:16:06.521+0000] {dag.py:3096} INFO - Sync 2 DAGs
[2026-09-05T16:16:07.216+0000] {logging_mixin.py:188} INFO - [2026-09-05T16:16:07.183+0000] {dag.py:3954} INFO - Setting next_dagrun for produce_json to 2026-09-06 14:00:00+00:00, run_after=2026-09-07 14:00:00+00:00
[2026-09-05T16:16:07.298+0000] {logging_mixin.py:188} INFO - [2026-09-05T16:16:07.298+0000] {dag.py:3954} INFO - Setting next_dagrun for update_db to 2026-09-06 15:00:00+00:00, run_after=2026-09-07 15:00:00+00:00
[2026-09-05T16:16:08.583+0000] {processor.py:183} INFO - Processing /opt/airflow/dags/main.py took 15.754 seconds
[2026-09-05T16:16:41.531+0000] {processor.py:161} INFO - Started process (PID=99) to work on /opt/airflow/dags/main.py
[2026-09-05T16:16:41.621+0000] {processor.py:830} INFO - Processing file /opt/airflow/dags/main.py for tasks to queue
[2026-09-05T16:16:41.705+0000] {logging_mixin.py:188} INFO - [2026-09-05T16:16:41.693+0000] {dagbag.py:545} INFO - Filling up the DagBag from /opt/airflow/dags/main.py
[2026-09-05T16:16:43.880+0000] {logging_mixin.py:188} INFO - channel id is not executed
[2026-09-05T16:16:47.911+0000] {processor.py:840} INFO - DAG(s) 'produce_json', 'update_db' retrieved from /opt/airflow/dags/main.py
[2026-09-05T16:16:50.216+0000] {logging_mixin.py:188} INFO - [2026-09-05T16:16:50.216+0000] {dag.py:3096} INFO - Sync 2 DAGs
[2026-09-05T16:16:50.681+0000] {logging_mixin.py:188} INFO - [2026-09-05T16:16:50.681+0000] {dag.py:3954} INFO - Setting next_dagrun for produce_json to 2026-09-06 14:00:00+00:00, run_after=2026-09-07 14:00:00+00:00
[2026-09-05T16:16:50.840+0000] {logging_mixin.py:188} INFO - [2026-09-05T16:16:50.805+0000] {dag.py:3954} INFO - Setting next_dagrun for update_db to 2026-09-06 15:00:00+00:00, run_after=2026-09-07 15:00:00+00:00
[2026-09-05T16:16:51.118+0000] {processor.py:183} INFO - Processing /opt/airflow/dags/main.py took 9.951 seconds
[2026-09-05T16:19:10.416+0000] {processor.py:161} INFO - Started process (PID=63) to work on /opt/airflow/dags/main.py
[2026-09-05T16:19:10.422+0000] {processor.py:830} INFO - Processing file /opt/airflow/dags/main.py for tasks to queue
[2026-09-05T16:19:10.426+0000] {logging_mixin.py:188} INFO - [2026-09-05T16:19:10.426+0000] {dagbag.py:545} INFO - Filling up the DagBag from /opt/airflow/dags/main.py
[2026-09-05T16:19:10.567+0000] {logging_mixin.py:188} INFO - channel id is not executed
[2026-09-05T16:19:11.262+0000] {processor.py:840} INFO - DAG(s) 'produce_json', 'update_db' retrieved from /opt/airflow/dags/main.py
[2026-09-05T16:19:12.250+0000] {logging_mixin.py:188} INFO - [2026-09-05T16:19:12.250+0000] {dag.py:3096} INFO - Sync 2 DAGs
[2026-09-05T16:19:12.690+0000] {logging_mixin.py:188} INFO - [2026-09-05T16:19:12.687+0000] {dag.py:3954} INFO - Setting next_dagrun for produce_json to 2026-09-06 14:00:00+00:00, run_after=2026-09-07 14:00:00+00:00
[2026-09-05T16:19:12.818+0000] {logging_mixin.py:188} INFO - [2026-09-05T16:19:12.818+0000] {dag.py:3954} INFO - Setting next_dagrun for update_db to 2026-09-06 15:00:00+00:00, run_after=2026-09-07 15:00:00+00:00
[2026-09-05T16:19:12.979+0000] {processor.py:183} INFO - Processing /opt/airflow/dags/main.py took 2.581 seconds
[2026-09-05T16:19:44.509+0000] {processor.py:161} INFO - Started process (PID=69) to work on /opt/airflow/dags/main.py
[2026-09-05T16:19:44.605+0000] {processor.py:830} INFO - Processing file /opt/airflow/dags/main.py for tasks to queue
[2026-09-05T16:19:44.717+0000] {logging_mixin.py:188} INFO - [2026-09-05T16:19:44.716+0000] {dagbag.py:545} INFO - Filling up the DagBag from /opt/airflow/dags/main.py
[2026-09-05T16:19:46.024+0000] {logging_mixin.py:188} INFO - channel id is not executed
[2026-09-05T16:19:47.499+0000] {processor.py:840} INFO - DAG(s) 'update_db', 'produce_json' retrieved from /opt/airflow/dags/main.py
[2026-09-05T16:19:48.593+0000] {logging_mixin.py:188} INFO - [2026-09-05T16:19:48.593+0000] {dag.py:3096} INFO - Sync 2 DAGs
[2026-09-05T16:19:48.899+0000] {logging_mixin.py:188} INFO - [2026-09-05T16:19:48.899+0000] {dag.py:3954} INFO - Setting next_dagrun for produce_json to 2026-09-06 14:00:00+00:00, run_after=2026-09-07 14:00:00+00:00
[2026-09-05T16:19:48.980+0000] {logging_mixin.py:188} INFO - [2026-09-05T16:19:48.980+0000] {dag.py:3954} INFO - Setting next_dagrun for update_db to 2026-09-06 15:00:00+00:00, run_after=2026-09-07 15:00:00+00:00
[2026-09-05T16:19:49.627+0000] {processor.py:183} INFO - Processing /opt/airflow/dags/main.py took 5.274 seconds
[2026-09-05T16:20:21.113+0000] {processor.py:161} INFO - Started process (PID=76) to work on /opt/airflow/dags/main.py
[2026-09-05T16:20:21.135+0000] {processor.py:830} INFO - Processing file /opt/airflow/dags/main.py for tasks to queue
[2026-09-05T16:20:21.233+0000] {logging_mixin.py:188} INFO - [2026-09-05T16:20:21.217+0000] {dagbag.py:545} INFO - Filling up the DagBag from /opt/airflow/dags/main.py
[2026-09-05T16:20:22.643+0000] {logging_mixin.py:188} INFO - channel id is not executed
[2026-09-05T16:20:25.524+0000] {processor.py:840} INFO - DAG(s) 'produce_json', 'update_db' retrieved from /opt/airflow/dags/main.py
[2026-09-05T16:20:28.487+0000] {logging_mixin.py:188} INFO - [2026-09-05T16:20:28.486+0000] {dag.py:3096} INFO - Sync 2 DAGs
[2026-09-05T16:20:28.811+0000] {logging_mixin.py:188} INFO - [2026-09-05T16:20:28.811+0000] {dag.py:3954} INFO - Setting next_dagrun for produce_json to 2026-09-06 14:00:00+00:00, run_after=2026-09-07 14:00:00+00:00
[2026-09-05T16:20:28.838+0000] {logging_mixin.py:188} INFO - [2026-09-05T16:20:28.837+0000] {dag.py:3954} INFO - Setting next_dagrun for update_db to 2026-09-06 15:00:00+00:00, run_after=2026-09-07 15:00:00+00:00
[2026-09-05T16:20:29.055+0000] {processor.py:183} INFO - Processing /opt/airflow/dags/main.py took 8.237 seconds
[2026-09-05T16:21:00.579+0000] {processor.py:161} INFO - Started process (PID=90) to work on /opt/airflow/dags/main.py
[2026-09-05T16:21:00.617+0000] {processor.py:830} INFO - Processing file /opt/airflow/dags/main.py for tasks to queue
[2026-09-05T16:21:00.832+0000] {logging_mixin.py:188} INFO - [2026-09-05T16:21:00.830+0000] {dagbag.py:545} INFO - Filling up the DagBag from /opt/airflow/dags/main.py
[2026-09-05T16:21:01.460+0000] {logging_mixin.py:188} INFO - channel id is not executed
[2026-09-05T16:21:02.278+0000] {processor.py:840} INFO - DAG(s) 'produce_json', 'update_db' retrieved from /opt/airflow/dags/main.py
[2026-09-05T16:21:08.553+0000] {logging_mixin.py:188} INFO - [2026-09-05T16:21:08.553+0000] {dag.py:3096} INFO - Sync 2 DAGs
[2026-09-05T16:21:08.975+0000] {logging_mixin.py:188} INFO - [2026-09-05T16:21:08.974+0000] {dag.py:3954} INFO - Setting next_dagrun for produce_json to 2026-09-06 14:00:00+00:00, run_after=2026-09-07 14:00:00+00:00
[2026-09-05T16:21:09.021+0000] {logging_mixin.py:188} INFO - [2026-09-05T16:21:09.021+0000] {dag.py:3954} INFO - Setting next_dagrun for update_db to 2026-09-06 15:00:00+00:00, run_after=2026-09-07 15:00:00+00:00
[2026-09-05T16:21:09.630+0000] {processor.py:183} INFO - Processing /opt/airflow/dags/main.py took 9.291 seconds
[2026-09-05T16:21:42.928+0000] {processor.py:161} INFO - Started process (PID=97) to work on /opt/airflow/dags/main.py
[2026-09-05T16:21:43.366+0000] {processor.py:830} INFO - Processing file /opt/airflow/dags/main.py for tasks to queue
[2026-09-05T16:21:43.641+0000] {logging_mixin.py:188} INFO - [2026-09-05T16:21:43.641+0000] {dagbag.py:545} INFO - Filling up the DagBag from /opt/airflow/dags/main.py
[2026-09-05T16:21:53.327+0000] {logging_mixin.py:188} INFO - channel id is not executed
[2026-09-05T16:21:54.876+0000] {processor.py:840} INFO - DAG(s) 'update_db', 'produce_json' retrieved from /opt/airflow/dags/main.py
[2026-09-05T16:21:58.110+0000] {logging_mixin.py:188} INFO - [2026-09-05T16:21:58.109+0000] {dag.py:3096} INFO - Sync 2 DAGs
[2026-09-05T16:21:58.829+0000] {logging_mixin.py:188} INFO - [2026-09-05T16:21:58.828+0000] {dag.py:3954} INFO - Setting next_dagrun for produce_json to 2026-09-06 14:00:00+00:00, run_after=2026-09-07 14:00:00+00:00
[2026-09-05T16:21:58.860+0000] {logging_mixin.py:188} INFO - [2026-09-05T16:21:58.859+0000] {dag.py:3954} INFO - Setting next_dagrun for update_db to 2026-09-06 15:00:00+00:00, run_after=2026-09-07 15:00:00+00:00
[2026-09-05T16:21:59.023+0000] {processor.py:183} INFO - Processing /opt/airflow/dags/main.py took 16.540 seconds
[2026-09-05T16:22:31.721+0000] {processor.py:161} INFO - Started process (PID=105) to work on /opt/airflow/dags/main.py
[2026-09-05T16:22:31.746+0000] {processor.py:830} INFO - Processing file /opt/airflow/dags/main.py for tasks to queue
[2026-09-05T16:22:31.806+0000] {logging_mixin.py:188} INFO - [2026-09-05T16:22:31.805+0000] {dagbag.py:545} INFO - Filling up the DagBag from /opt/airflow/dags/main.py
[2026-09-05T16:22:32.708+0000] {logging_mixin.py:188} INFO - channel id is not executed
[2026-09-05T16:22:38.673+0000] {processor.py:840} INFO - DAG(s) 'update_db', 'produce_json' retrieved from /opt/airflow/dags/main.py
[2026-09-05T16:22:41.163+0000] {logging_mixin.py:188} INFO - [2026-09-05T16:22:41.131+0000] {dag.py:3096} INFO - Sync 2 DAGs
[2026-09-05T16:22:42.045+0000] {logging_mixin.py:188} INFO - [2026-09-05T16:22:42.033+0000] {dag.py:3954} INFO - Setting next_dagrun for produce_json to 2026-09-06 14:00:00+00:00, run_after=2026-09-07 14:00:00+00:00
[2026-09-05T16:22:42.156+0000] {logging_mixin.py:188} INFO - [2026-09-05T16:22:42.155+0000] {dag.py:3954} INFO - Setting next_dagrun for update_db to 2026-09-06 15:00:00+00:00, run_after=2026-09-07 15:00:00+00:00
[2026-09-05T16:22:42.729+0000] {processor.py:183} INFO - Processing /opt/airflow/dags/main.py took 11.085 seconds
[2026-09-05T16:23:14.352+0000] {processor.py:161} INFO - Started process (PID=118) to work on /opt/airflow/dags/main.py
[2026-09-05T16:23:14.490+0000] {processor.py:830} INFO - Processing file /opt/airflow/dags/main.py for tasks to queue
[2026-09-05T16:23:14.571+0000] {logging_mixin.py:188} INFO - [2026-09-05T16:23:14.570+0000] {dagbag.py:545} INFO - Filling up the DagBag from /opt/airflow/dags/main.py
[2026-09-05T16:23:15.287+0000] {logging_mixin.py:188} INFO - channel id is not executed
[2026-09-05T16:23:16.411+0000] {processor.py:840} INFO - DAG(s) 'produce_json', 'update_db' retrieved from /opt/airflow/dags/main.py
[2026-09-05T16:23:17.539+0000] {logging_mixin.py:188} INFO - [2026-09-05T16:23:17.538+0000] {dag.py:3096} INFO - Sync 2 DAGs
[2026-09-05T16:23:17.907+0000] {logging_mixin.py:188} INFO - [2026-09-05T16:23:17.906+0000] {dag.py:3954} INFO - Setting next_dagrun for produce_json to 2026-09-06 14:00:00+00:00, run_after=2026-09-07 14:00:00+00:00
[2026-09-05T16:23:17.996+0000] {logging_mixin.py:188} INFO - [2026-09-05T16:23:17.995+0000] {dag.py:3954} INFO - Setting next_dagrun for update_db to 2026-09-06 15:00:00+00:00, run_after=2026-09-07 15:00:00+00:00
[2026-09-05T16:23:18.265+0000] {processor.py:183} INFO - Processing /opt/airflow/dags/main.py took 3.976 seconds
[2026-09-05T16:24:00.282+0000] {processor.py:161} INFO - Started process (PID=125) to work on /opt/airflow/dags/main.py
[2026-09-05T16:24:00.317+0000] {processor.py:830} INFO - Processing file /opt/airflow/dags/main.py for tasks to queue
[2026-09-05T16:24:00.373+0000] {logging_mixin.py:188} INFO - [2026-09-05T16:24:00.367+0000] {dagbag.py:545} INFO - Filling up the DagBag from /opt/airflow/dags/main.py
[2026-09-05T16:24:06.417+0000] {logging_mixin.py:188} INFO - channel id is not executed
[2026-09-05T16:24:15.786+0000] {processor.py:840} INFO - DAG(s) 'update_db', 'produce_json' retrieved from /opt/airflow/dags/main.py
[2026-09-05T16:24:18.350+0000] {logging_mixin.py:188} INFO - [2026-09-05T16:24:18.325+0000] {dag.py:3096} INFO - Sync 2 DAGs
[2026-09-05T16:24:18.834+0000] {logging_mixin.py:188} INFO - [2026-09-05T16:24:18.823+0000] {dag.py:3954} INFO - Setting next_dagrun for produce_json to 2026-09-06 14:00:00+00:00, run_after=2026-09-07 14:00:00+00:00
[2026-09-05T16:24:19.005+0000] {logging_mixin.py:188} INFO - [2026-09-05T16:24:19.004+0000] {dag.py:3954} INFO - Setting next_dagrun for update_db to 2026-09-06 15:00:00+00:00, run_after=2026-09-07 15:00:00+00:00
[2026-09-05T16:24:19.715+0000] {processor.py:183} INFO - Processing /opt/airflow/dags/main.py took 19.475 seconds
[2026-09-05T16:25:05.989+0000] {processor.py:161} INFO - Started process (PID=137) to work on /opt/airflow/dags/main.py
[2026-09-05T16:25:06.047+0000] {processor.py:830} INFO - Processing file /opt/airflow/dags/main.py for tasks to queue
[2026-09-05T16:25:06.134+0000] {logging_mixin.py:188} INFO - [2026-09-05T16:25:06.133+0000] {dagbag.py:545} INFO - Filling up the DagBag from /opt/airflow/dags/main.py
[2026-09-05T16:25:07.494+0000] {logging_mixin.py:188} INFO - channel id is not executed
[2026-09-05T16:25:10.136+0000] {processor.py:840} INFO - DAG(s) 'produce_json', 'update_db' retrieved from /opt/airflow/dags/main.py
[2026-09-05T16:25:12.278+0000] {logging_mixin.py:188} INFO - [2026-09-05T16:25:12.254+0000] {dag.py:3096} INFO - Sync 2 DAGs
[2026-09-05T16:25:12.765+0000] {logging_mixin.py:188} INFO - [2026-09-05T16:25:12.764+0000] {dag.py:3954} INFO - Setting next_dagrun for produce_json to 2026-09-06 14:00:00+00:00, run_after=2026-09-07 14:00:00+00:00
[2026-09-05T16:25:13.063+0000] {logging_mixin.py:188} INFO - [2026-09-05T16:25:13.062+0000] {dag.py:3954} INFO - Setting next_dagrun for update_db to 2026-09-06 15:00:00+00:00, run_after=2026-09-07 15:00:00+00:00
[2026-09-05T16:25:13.527+0000] {processor.py:183} INFO - Processing /opt/airflow/dags/main.py took 8.962 seconds
[2026-09-05T16:25:48.593+0000] {processor.py:161} INFO - Started process (PID=144) to work on /opt/airflow/dags/main.py
[2026-09-05T16:25:48.780+0000] {processor.py:830} INFO - Processing file /opt/airflow/dags/main.py for tasks to queue
[2026-09-05T16:25:49.479+0000] {logging_mixin.py:188} INFO - [2026-09-05T16:25:49.478+0000] {dagbag.py:545} INFO - Filling up the DagBag from /opt/airflow/dags/main.py
[2026-09-05T16:25:52.074+0000] {logging_mixin.py:188} INFO - channel id is not executed
[2026-09-05T16:25:57.484+0000] {processor.py:840} INFO - DAG(s) 'produce_json', 'update_db' retrieved from /opt/airflow/dags/main.py
[2026-09-05T16:26:06.566+0000] {logging_mixin.py:188} INFO - [2026-09-05T16:26:06.404+0000] {dag.py:3096} INFO - Sync 2 DAGs
[2026-09-05T16:26:07.464+0000] {logging_mixin.py:188} INFO - [2026-09-05T16:26:07.463+0000] {dag.py:3954} INFO - Setting next_dagrun for produce_json to 2026-09-06 14:00:00+00:00, run_after=2026-09-07 14:00:00+00:00
[2026-09-05T16:26:07.698+0000] {logging_mixin.py:188} INFO - [2026-09-05T16:26:07.697+0000] {dag.py:3954} INFO - Setting next_dagrun for update_db to 2026-09-06 15:00:00+00:00, run_after=2026-09-07 15:00:00+00:00
[2026-09-05T16:26:08.715+0000] {processor.py:183} INFO - Processing /opt/airflow/dags/main.py took 20.880 seconds
[2026-09-05T16:26:46.617+0000] {processor.py:161} INFO - Started process (PID=156) to work on /opt/airflow/dags/main.py
[2026-09-05T16:26:46.810+0000] {processor.py:830} INFO - Processing file /opt/airflow/dags/main.py for tasks to queue
[2026-09-05T16:26:46.904+0000] {logging_mixin.py:188} INFO - [2026-09-05T16:26:46.902+0000] {dagbag.py:545} INFO - Filling up the DagBag from /opt/airflow/dags/main.py
[2026-09-05T16:26:57.686+0000] {logging_mixin.py:188} INFO - channel id is not executed
[2026-09-05T16:27:00.440+0000] {processor.py:840} INFO - DAG(s) 'update_db', 'produce_json' retrieved from /opt/airflow/dags/main.py
[2026-09-05T16:27:03.529+0000] {logging_mixin.py:188} INFO - [2026-09-05T16:27:03.528+0000] {dag.py:3096} INFO - Sync 2 DAGs
[2026-09-05T16:27:03.997+0000] {logging_mixin.py:188} INFO - [2026-09-05T16:27:03.976+0000] {dag.py:3954} INFO - Setting next_dagrun for produce_json to 2026-09-06 14:00:00+00:00, run_after=2026-09-07 14:00:00+00:00
[2026-09-05T16:27:04.060+0000] {logging_mixin.py:188} INFO - [2026-09-05T16:27:04.060+0000] {dag.py:3954} INFO - Setting next_dagrun for update_db to 2026-09-06 15:00:00+00:00, run_after=2026-09-07 15:00:00+00:00
[2026-09-05T16:27:04.609+0000] {processor.py:183} INFO - Processing /opt/airflow/dags/main.py took 18.668 seconds
[2026-09-05T16:38:20.743+0000] {processor.py:161} INFO - Started process (PID=67) to work on /opt/airflow/dags/main.py
[2026-09-05T16:38:20.770+0000] {processor.py:830} INFO - Processing file /opt/airflow/dags/main.py for tasks to queue
[2026-09-05T16:38:20.879+0000] {logging_mixin.py:188} INFO - [2026-09-05T16:38:20.878+0000] {dagbag.py:545} INFO - Filling up the DagBag from /opt/airflow/dags/main.py
[2026-09-05T16:38:21.829+0000] {logging_mixin.py:188} INFO - channel id is not executed
[2026-09-05T16:38:23.190+0000] {processor.py:840} INFO - DAG(s) 'update_db', 'produce_json' retrieved from /opt/airflow/dags/main.py
[2026-09-05T16:38:27.748+0000] {logging_mixin.py:188} INFO - [2026-09-05T16:38:27.747+0000] {override.py:1829} INFO - Created Permission View: can edit on DAG:update_db
[2026-09-05T16:38:28.061+0000] {logging_mixin.py:188} INFO - [2026-09-05T16:38:28.061+0000] {override.py:1829} INFO - Created Permission View: can read on DAG:update_db
[2026-09-05T16:38:28.198+0000] {logging_mixin.py:188} INFO - [2026-09-05T16:38:28.198+0000] {override.py:1829} INFO - Created Permission View: can delete on DAG:update_db
[2026-09-05T16:38:28.738+0000] {logging_mixin.py:188} INFO - [2026-09-05T16:38:28.738+0000] {override.py:1829} INFO - Created Permission View: can edit on DAG:produce_json
[2026-09-05T16:38:28.867+0000] {logging_mixin.py:188} INFO - [2026-09-05T16:38:28.866+0000] {override.py:1829} INFO - Created Permission View: can read on DAG:produce_json
[2026-09-05T16:38:28.904+0000] {logging_mixin.py:188} INFO - [2026-09-05T16:38:28.904+0000] {override.py:1829} INFO - Created Permission View: can delete on DAG:produce_json
[2026-09-05T16:38:28.914+0000] {logging_mixin.py:188} INFO - [2026-09-05T16:38:28.908+0000] {dag.py:3096} INFO - Sync 2 DAGs
[2026-09-05T16:38:28.967+0000] {logging_mixin.py:188} INFO - [2026-09-05T16:38:28.966+0000] {dag.py:3118} INFO - Creating ORM DAG for update_db
[2026-09-05T16:38:28.980+0000] {logging_mixin.py:188} INFO - [2026-09-05T16:38:28.980+0000] {dag.py:3118} INFO - Creating ORM DAG for produce_json
[2026-09-05T16:38:29.128+0000] {logging_mixin.py:188} INFO - [2026-09-05T16:38:29.127+0000] {dag.py:3954} INFO - Setting next_dagrun for produce_json to 2026-09-06 14:00:00+00:00, run_after=2026-09-07 14:00:00+00:00
[2026-09-05T16:38:29.303+0000] {logging_mixin.py:188} INFO - [2026-09-05T16:38:29.303+0000] {dag.py:3954} INFO - Setting next_dagrun for update_db to 2026-09-06 15:00:00+00:00, run_after=2026-09-07 15:00:00+00:00
[2026-09-05T16:38:29.617+0000] {processor.py:183} INFO - Processing /opt/airflow/dags/main.py took 9.053 seconds
[2026-09-05T16:39:02.853+0000] {processor.py:161} INFO - Started process (PID=75) to work on /opt/airflow/dags/main.py
[2026-09-05T16:39:02.865+0000] {processor.py:830} INFO - Processing file /opt/airflow/dags/main.py for tasks to queue
[2026-09-05T16:39:02.949+0000] {logging_mixin.py:188} INFO - [2026-09-05T16:39:02.938+0000] {dagbag.py:545} INFO - Filling up the DagBag from /opt/airflow/dags/main.py
[2026-09-05T17:51:27.216+0000] {processor.py:161} INFO - Started process (PID=59) to work on /opt/airflow/dags/main.py
[2026-09-05T17:51:27.261+0000] {processor.py:830} INFO - Processing file /opt/airflow/dags/main.py for tasks to queue
[2026-09-05T17:51:27.306+0000] {logging_mixin.py:188} INFO - [2026-09-05T17:51:27.305+0000] {dagbag.py:545} INFO - Filling up the DagBag from /opt/airflow/dags/main.py
[2026-09-05T17:51:27.850+0000] {logging_mixin.py:188} INFO - channel id is not executed
[2026-09-05T17:51:28.831+0000] {processor.py:840} INFO - DAG(s) 'produce_json', 'update_db' retrieved from /opt/airflow/dags/main.py
[2026-09-05T17:51:31.281+0000] {logging_mixin.py:188} INFO - [2026-09-05T17:51:31.280+0000] {override.py:1829} INFO - Created Permission View: can delete on DAG:produce_json
[2026-09-05T17:51:31.323+0000] {logging_mixin.py:188} INFO - [2026-09-05T17:51:31.321+0000] {override.py:1829} INFO - Created Permission View: can edit on DAG:produce_json
[2026-09-05T17:51:31.362+0000] {logging_mixin.py:188} INFO - [2026-09-05T17:51:31.359+0000] {override.py:1829} INFO - Created Permission View: can read on DAG:produce_json
[2026-09-05T17:51:31.402+0000] {logging_mixin.py:188} INFO - [2026-09-05T17:51:31.401+0000] {override.py:1829} INFO - Created Permission View: can delete on DAG:update_db
[2026-09-05T17:51:31.436+0000] {logging_mixin.py:188} INFO - [2026-09-05T17:51:31.435+0000] {override.py:1829} INFO - Created Permission View: can edit on DAG:update_db
[2026-09-05T17:51:31.556+0000] {logging_mixin.py:188} INFO - [2026-09-05T17:51:31.556+0000] {override.py:1829} INFO - Created Permission View: can read on DAG:update_db
[2026-09-05T17:51:31.606+0000] {logging_mixin.py:188} INFO - [2026-09-05T17:51:31.606+0000] {dag.py:3096} INFO - Sync 2 DAGs
[2026-09-05T17:51:31.673+0000] {logging_mixin.py:188} INFO - [2026-09-05T17:51:31.672+0000] {dag.py:3118} INFO - Creating ORM DAG for update_db
[2026-09-05T17:51:31.690+0000] {logging_mixin.py:188} INFO - [2026-09-05T17:51:31.690+0000] {dag.py:3118} INFO - Creating ORM DAG for produce_json
[2026-09-05T17:51:31.725+0000] {logging_mixin.py:188} INFO - [2026-09-05T17:51:31.725+0000] {dag.py:3954} INFO - Setting next_dagrun for produce_json to 2026-09-06 14:00:00+00:00, run_after=2026-09-07 14:00:00+00:00
[2026-09-05T17:51:31.756+0000] {logging_mixin.py:188} INFO - [2026-09-05T17:51:31.755+0000] {dag.py:3954} INFO - Setting next_dagrun for update_db to 2026-09-06 15:00:00+00:00, run_after=2026-09-07 15:00:00+00:00
[2026-09-05T17:51:31.925+0000] {processor.py:183} INFO - Processing /opt/airflow/dags/main.py took 4.909 seconds
[2026-09-05T17:52:03.023+0000] {processor.py:161} INFO - Started process (PID=67) to work on /opt/airflow/dags/main.py
[2026-09-05T17:52:03.042+0000] {processor.py:830} INFO - Processing file /opt/airflow/dags/main.py for tasks to queue
[2026-09-05T17:52:03.060+0000] {logging_mixin.py:188} INFO - [2026-09-05T17:52:03.057+0000] {dagbag.py:545} INFO - Filling up the DagBag from /opt/airflow/dags/main.py
[2026-09-05T17:52:03.629+0000] {logging_mixin.py:188} INFO - channel id is not executed
[2026-09-05T17:52:04.243+0000] {processor.py:840} INFO - DAG(s) 'update_db', 'produce_json' retrieved from /opt/airflow/dags/main.py
[2026-09-05T17:52:07.968+0000] {logging_mixin.py:188} INFO - [2026-09-05T17:52:07.968+0000] {dag.py:3096} INFO - Sync 2 DAGs
[2026-09-05T17:52:08.283+0000] {logging_mixin.py:188} INFO - [2026-09-05T17:52:08.282+0000] {dag.py:3954} INFO - Setting next_dagrun for produce_json to 2026-09-06 14:00:00+00:00, run_after=2026-09-07 14:00:00+00:00
[2026-09-05T17:52:08.304+0000] {logging_mixin.py:188} INFO - [2026-09-05T17:52:08.304+0000] {dag.py:3954} INFO - Setting next_dagrun for update_db to 2026-09-06 15:00:00+00:00, run_after=2026-09-07 15:00:00+00:00
[2026-09-05T17:52:08.394+0000] {processor.py:183} INFO - Processing /opt/airflow/dags/main.py took 5.511 seconds
[2026-09-05T17:52:38.995+0000] {processor.py:161} INFO - Started process (PID=75) to work on /opt/airflow/dags/main.py
[2026-09-05T17:52:39.025+0000] {processor.py:830} INFO - Processing file /opt/airflow/dags/main.py for tasks to queue
[2026-09-05T17:52:39.117+0000] {logging_mixin.py:188} INFO - [2026-09-05T17:52:39.100+0000] {dagbag.py:545} INFO - Filling up the DagBag from /opt/airflow/dags/main.py
[2026-09-05T17:52:40.208+0000] {logging_mixin.py:188} INFO - channel id is not executed
[2026-09-05T17:52:52.766+0000] {processor.py:840} INFO - DAG(s) 'produce_json', 'update_db' retrieved from /opt/airflow/dags/main.py
[2026-09-05T17:53:09.011+0000] {logging_mixin.py:188} INFO - [2026-09-05T17:53:08.942+0000] {dag.py:3096} INFO - Sync 2 DAGs
[2026-09-05T17:53:21.259+0000] {logging_mixin.py:188} INFO - [2026-09-05T17:53:20.951+0000] {dag.py:3954} INFO - Setting next_dagrun for produce_json to 2026-09-06 14:00:00+00:00, run_after=2026-09-07 14:00:00+00:00
[2026-09-05T17:53:24.215+0000] {logging_mixin.py:188} INFO - [2026-09-05T17:53:24.215+0000] {dag.py:3954} INFO - Setting next_dagrun for update_db to 2026-09-06 15:00:00+00:00, run_after=2026-09-07 15:00:00+00:00
[2026-09-05T17:53:26.241+0000] {processor.py:183} INFO - Processing /opt/airflow/dags/main.py took 47.493 seconds
[2026-09-05T17:53:59.128+0000] {processor.py:161} INFO - Started process (PID=93) to work on /opt/airflow/dags/main.py
[2026-09-05T17:53:59.156+0000] {processor.py:830} INFO - Processing file /opt/airflow/dags/main.py for tasks to queue
[2026-09-05T17:53:59.293+0000] {logging_mixin.py:188} INFO - [2026-09-05T17:53:59.267+0000] {dagbag.py:545} INFO - Filling up the DagBag from /opt/airflow/dags/main.py
[2026-09-05T17:54:01.728+0000] {logging_mixin.py:188} INFO - channel id is not executed
[2026-09-05T17:54:04.089+0000] {processor.py:840} INFO - DAG(s) 'produce_json', 'update_db' retrieved from /opt/airflow/dags/main.py
[2026-09-05T17:54:05.366+0000] {logging_mixin.py:188} INFO - [2026-09-05T17:54:05.366+0000] {dag.py:3096} INFO - Sync 2 DAGs
[2026-09-05T17:54:05.506+0000] {logging_mixin.py:188} INFO - [2026-09-05T17:54:05.503+0000] {dag.py:3954} INFO - Setting next_dagrun for produce_json to 2026-09-06 14:00:00+00:00, run_after=2026-09-07 14:00:00+00:00
[2026-09-05T17:54:05.547+0000] {logging_mixin.py:188} INFO - [2026-09-05T17:54:05.546+0000] {dag.py:3954} INFO - Setting next_dagrun for update_db to 2026-09-06 15:00:00+00:00, run_after=2026-09-07 15:00:00+00:00
[2026-09-05T17:54:05.626+0000] {processor.py:183} INFO - Processing /opt/airflow/dags/main.py took 6.868 seconds
[2026-09-05T17:54:37.065+0000] {processor.py:161} INFO - Started process (PID=101) to work on /opt/airflow/dags/main.py
[2026-09-05T17:54:37.081+0000] {processor.py:830} INFO - Processing file /opt/airflow/dags/main.py for tasks to queue
[2026-09-05T17:54:37.106+0000] {logging_mixin.py:188} INFO - [2026-09-05T17:54:37.105+0000] {dagbag.py:545} INFO - Filling up the DagBag from /opt/airflow/dags/main.py
[2026-09-05T17:54:37.821+0000] {logging_mixin.py:188} INFO - channel id is not executed
[2026-09-05T17:54:38.828+0000] {processor.py:840} INFO - DAG(s) 'update_db', 'produce_json' retrieved from /opt/airflow/dags/main.py
[2026-09-05T17:54:39.880+0000] {logging_mixin.py:188} INFO - [2026-09-05T17:54:39.834+0000] {dag.py:3096} INFO - Sync 2 DAGs
[2026-09-05T17:54:40.240+0000] {logging_mixin.py:188} INFO - [2026-09-05T17:54:40.240+0000] {dag.py:3954} INFO - Setting next_dagrun for produce_json to 2026-09-06 14:00:00+00:00, run_after=2026-09-07 14:00:00+00:00
[2026-09-05T17:54:40.321+0000] {logging_mixin.py:188} INFO - [2026-09-05T17:54:40.321+0000] {dag.py:3954} INFO - Setting next_dagrun for update_db to 2026-09-06 15:00:00+00:00, run_after=2026-09-07 15:00:00+00:00
[2026-09-05T17:54:40.507+0000] {processor.py:183} INFO - Processing /opt/airflow/dags/main.py took 3.461 seconds
[2026-09-05T17:55:11.165+0000] {processor.py:161} INFO - Started process (PID=107) to work on /opt/airflow/dags/main.py
[2026-09-05T17:55:11.170+0000] {processor.py:830} INFO - Processing file /opt/airflow/dags/main.py for tasks to queue
[2026-09-05T17:55:11.174+0000] {logging_mixin.py:188} INFO - [2026-09-05T17:55:11.174+0000] {dagbag.py:545} INFO - Filling up the DagBag from /opt/airflow/dags/main.py
[2026-09-05T17:55:11.278+0000] {logging_mixin.py:188} INFO - channel id is not executed
[2026-09-05T17:55:11.688+0000] {processor.py:840} INFO - DAG(s) 'produce_json', 'update_db' retrieved from /opt/airflow/dags/main.py
[2026-09-05T17:55:12.634+0000] {logging_mixin.py:188} INFO - [2026-09-05T17:55:12.634+0000] {dag.py:3096} INFO - Sync 2 DAGs
[2026-09-05T17:55:12.673+0000] {logging_mixin.py:188} INFO - [2026-09-05T17:55:12.673+0000] {dag.py:3954} INFO - Setting next_dagrun for produce_json to 2026-09-06 14:00:00+00:00, run_after=2026-09-07 14:00:00+00:00
[2026-09-05T17:55:12.688+0000] {logging_mixin.py:188} INFO - [2026-09-05T17:55:12.688+0000] {dag.py:3954} INFO - Setting next_dagrun for update_db to 2026-09-06 15:00:00+00:00, run_after=2026-09-07 15:00:00+00:00
[2026-09-05T17:55:12.767+0000] {processor.py:183} INFO - Processing /opt/airflow/dags/main.py took 1.611 seconds
[2026-09-05T17:55:44.328+0000] {processor.py:161} INFO - Started process (PID=115) to work on /opt/airflow/dags/main.py
[2026-09-05T17:55:44.334+0000] {processor.py:830} INFO - Processing file /opt/airflow/dags/main.py for tasks to queue
[2026-09-05T17:55:44.400+0000] {logging_mixin.py:188} INFO - [2026-09-05T17:55:44.400+0000] {dagbag.py:545} INFO - Filling up the DagBag from /opt/airflow/dags/main.py
[2026-09-05T17:55:45.308+0000] {logging_mixin.py:188} INFO - channel id is not executed
[2026-09-05T17:55:46.107+0000] {processor.py:840} INFO - DAG(s) 'produce_json', 'update_db' retrieved from /opt/airflow/dags/main.py
[2026-09-05T17:55:46.989+0000] {logging_mixin.py:188} INFO - [2026-09-05T17:55:46.989+0000] {dag.py:3096} INFO - Sync 2 DAGs
[2026-09-05T17:55:47.287+0000] {logging_mixin.py:188} INFO - [2026-09-05T17:55:47.279+0000] {dag.py:3954} INFO - Setting next_dagrun for produce_json to 2026-09-06 14:00:00+00:00, run_after=2026-09-07 14:00:00+00:00
[2026-09-05T17:55:47.320+0000] {logging_mixin.py:188} INFO - [2026-09-05T17:55:47.320+0000] {dag.py:3954} INFO - Setting next_dagrun for update_db to 2026-09-06 15:00:00+00:00, run_after=2026-09-07 15:00:00+00:00
[2026-09-05T17:55:47.471+0000] {processor.py:183} INFO - Processing /opt/airflow/dags/main.py took 3.202 seconds
[2026-09-05T17:56:17.887+0000] {processor.py:161} INFO - Started process (PID=122) to work on /opt/airflow/dags/main.py
[2026-09-05T17:56:17.889+0000] {processor.py:830} INFO - Processing file /opt/airflow/dags/main.py for tasks to queue
[2026-09-05T17:56:17.894+0000] {logging_mixin.py:188} INFO - [2026-09-05T17:56:17.893+0000] {dagbag.py:545} INFO - Filling up the DagBag from /opt/airflow/dags/main.py
[2026-09-05T17:56:18.005+0000] {logging_mixin.py:188} INFO - channel id is not executed
[2026-09-05T17:56:18.202+0000] {processor.py:840} INFO - DAG(s) 'update_db', 'produce_json' retrieved from /opt/airflow/dags/main.py
[2026-09-05T17:56:18.864+0000] {logging_mixin.py:188} INFO - [2026-09-05T17:56:18.864+0000] {dag.py:3096} INFO - Sync 2 DAGs
[2026-09-05T17:56:18.949+0000] {logging_mixin.py:188} INFO - [2026-09-05T17:56:18.948+0000] {dag.py:3954} INFO - Setting next_dagrun for produce_json to 2026-09-06 14:00:00+00:00, run_after=2026-09-07 14:00:00+00:00
[2026-09-05T17:56:18.962+0000] {logging_mixin.py:188} INFO - [2026-09-05T17:56:18.961+0000] {dag.py:3954} INFO - Setting next_dagrun for update_db to 2026-09-06 15:00:00+00:00, run_after=2026-09-07 15:00:00+00:00
[2026-09-05T17:56:19.033+0000] {processor.py:183} INFO - Processing /opt/airflow/dags/main.py took 1.159 seconds
[2026-09-05T17:56:50.575+0000] {processor.py:161} INFO - Started process (PID=129) to work on /opt/airflow/dags/main.py
[2026-09-05T17:56:50.604+0000] {processor.py:830} INFO - Processing file /opt/airflow/dags/main.py for tasks to queue
[2026-09-05T17:56:50.644+0000] {logging_mixin.py:188} INFO - [2026-09-05T17:56:50.643+0000] {dagbag.py:545} INFO - Filling up the DagBag from /opt/airflow/dags/main.py
[2026-09-05T17:56:50.765+0000] {logging_mixin.py:188} INFO - channel id is not executed
[2026-09-05T17:56:51.376+0000] {processor.py:840} INFO - DAG(s) 'update_db', 'produce_json' retrieved from /opt/airflow/dags/main.py
[2026-09-05T17:56:52.083+0000] {logging_mixin.py:188} INFO - [2026-09-05T17:56:52.082+0000] {dag.py:3096} INFO - Sync 2 DAGs
[2026-09-05T17:56:52.315+0000] {logging_mixin.py:188} INFO - [2026-09-05T17:56:52.314+0000] {dag.py:3954} INFO - Setting next_dagrun for produce_json to 2026-09-06 14:00:00+00:00, run_after=2026-09-07 14:00:00+00:00
[2026-09-05T17:56:52.414+0000] {logging_mixin.py:188} INFO - [2026-09-05T17:56:52.414+0000] {dag.py:3954} INFO - Setting next_dagrun for update_db to 2026-09-06 15:00:00+00:00, run_after=2026-09-07 15:00:00+00:00
[2026-09-05T17:56:52.524+0000] {processor.py:183} INFO - Processing /opt/airflow/dags/main.py took 2.085 seconds
[2026-09-05T17:57:23.192+0000] {processor.py:161} INFO - Started process (PID=136) to work on /opt/airflow/dags/main.py
[2026-09-05T17:57:23.194+0000] {processor.py:830} INFO - Processing file /opt/airflow/dags/main.py for tasks to queue
[2026-09-05T17:57:23.198+0000] {logging_mixin.py:188} INFO - [2026-09-05T17:57:23.198+0000] {dagbag.py:545} INFO - Filling up the DagBag from /opt/airflow/dags/main.py
[2026-09-05T17:57:23.378+0000] {logging_mixin.py:188} INFO - channel id is not executed
[2026-09-05T17:57:23.593+0000] {processor.py:840} INFO - DAG(s) 'produce_json', 'update_db' retrieved from /opt/airflow/dags/main.py
[2026-09-05T17:57:23.982+0000] {logging_mixin.py:188} INFO - [2026-09-05T17:57:23.981+0000] {dag.py:3096} INFO - Sync 2 DAGs
[2026-09-05T17:57:24.036+0000] {logging_mixin.py:188} INFO - [2026-09-05T17:57:24.034+0000] {dag.py:3954} INFO - Setting next_dagrun for produce_json to 2026-09-06 14:00:00+00:00, run_after=2026-09-07 14:00:00+00:00
[2026-09-05T17:57:24.060+0000] {logging_mixin.py:188} INFO - [2026-09-05T17:57:24.054+0000] {dag.py:3954} INFO - Setting next_dagrun for update_db to 2026-09-06 15:00:00+00:00, run_after=2026-09-07 15:00:00+00:00
[2026-09-05T17:57:24.114+0000] {processor.py:183} INFO - Processing /opt/airflow/dags/main.py took 0.936 seconds
[2026-09-05T17:57:54.674+0000] {processor.py:161} INFO - Started process (PID=143) to work on /opt/airflow/dags/main.py
[2026-09-05T17:57:54.684+0000] {processor.py:830} INFO - Processing file /opt/airflow/dags/main.py for tasks to queue
[2026-09-05T17:57:54.691+0000] {logging_mixin.py:188} INFO - [2026-09-05T17:57:54.691+0000] {dagbag.py:545} INFO - Filling up the DagBag from /opt/airflow/dags/main.py
[2026-09-05T17:57:54.791+0000] {logging_mixin.py:188} INFO - channel id is not executed
[2026-09-05T17:57:54.990+0000] {processor.py:840} INFO - DAG(s) 'produce_json', 'update_db' retrieved from /opt/airflow/dags/main.py
[2026-09-05T17:57:55.259+0000] {logging_mixin.py:188} INFO - [2026-09-05T17:57:55.258+0000] {dag.py:3096} INFO - Sync 2 DAGs
[2026-09-05T17:57:55.295+0000] {logging_mixin.py:188} INFO - [2026-09-05T17:57:55.295+0000] {dag.py:3954} INFO - Setting next_dagrun for produce_json to 2026-09-06 14:00:00+00:00, run_after=2026-09-07 14:00:00+00:00
[2026-09-05T17:57:55.306+0000] {logging_mixin.py:188} INFO - [2026-09-05T17:57:55.306+0000] {dag.py:3954} INFO - Setting next_dagrun for update_db to 2026-09-06 15:00:00+00:00, run_after=2026-09-07 15:00:00+00:00
[2026-09-05T17:57:55.355+0000] {processor.py:183} INFO - Processing /opt/airflow/dags/main.py took 0.690 seconds
[2026-09-05T17:58:25.754+0000] {processor.py:161} INFO - Started process (PID=149) to work on /opt/airflow/dags/main.py
[2026-09-05T17:58:25.758+0000] {processor.py:830} INFO - Processing file /opt/airflow/dags/main.py for tasks to queue
[2026-09-05T17:58:25.764+0000] {logging_mixin.py:188} INFO - [2026-09-05T17:58:25.763+0000] {dagbag.py:545} INFO - Filling up the DagBag from /opt/airflow/dags/main.py
[2026-09-05T17:58:26.136+0000] {logging_mixin.py:188} INFO - channel id is not executed
[2026-09-05T17:58:26.407+0000] {processor.py:840} INFO - DAG(s) 'produce_json', 'update_db' retrieved from /opt/airflow/dags/main.py
[2026-09-05T17:58:26.884+0000] {logging_mixin.py:188} INFO - [2026-09-05T17:58:26.884+0000] {dag.py:3096} INFO - Sync 2 DAGs
[2026-09-05T17:58:27.584+0000] {logging_mixin.py:188} INFO - [2026-09-05T17:58:27.584+0000] {dag.py:3954} INFO - Setting next_dagrun for produce_json to 2026-09-06 14:00:00+00:00, run_after=2026-09-07 14:00:00+00:00
[2026-09-05T17:58:27.615+0000] {logging_mixin.py:188} INFO - [2026-09-05T17:58:27.615+0000] {dag.py:3954} INFO - Setting next_dagrun for update_db to 2026-09-06 15:00:00+00:00, run_after=2026-09-07 15:00:00+00:00
[2026-09-05T17:58:27.667+0000] {processor.py:183} INFO - Processing /opt/airflow/dags/main.py took 1.947 seconds
[2026-09-05T17:58:57.942+0000] {processor.py:161} INFO - Started process (PID=156) to work on /opt/airflow/dags/main.py
[2026-09-05T17:58:57.944+0000] {processor.py:830} INFO - Processing file /opt/airflow/dags/main.py for tasks to queue
[2026-09-05T17:58:57.948+0000] {logging_mixin.py:188} INFO - [2026-09-05T17:58:57.947+0000] {dagbag.py:545} INFO - Filling up the DagBag from /opt/airflow/dags/main.py
[2026-09-05T17:58:58.071+0000] {logging_mixin.py:188} INFO - channel id is not executed
[2026-09-05T17:58:58.272+0000] {processor.py:840} INFO - DAG(s) 'update_db', 'produce_json' retrieved from /opt/airflow/dags/main.py
[2026-09-05T17:58:58.646+0000] {logging_mixin.py:188} INFO - [2026-09-05T17:58:58.645+0000] {dag.py:3096} INFO - Sync 2 DAGs
[2026-09-05T17:58:58.703+0000] {logging_mixin.py:188} INFO - [2026-09-05T17:58:58.702+0000] {dag.py:3954} INFO - Setting next_dagrun for produce_json to 2026-09-06 14:00:00+00:00, run_after=2026-09-07 14:00:00+00:00
[2026-09-05T17:58:58.716+0000] {logging_mixin.py:188} INFO - [2026-09-05T17:58:58.715+0000] {dag.py:3954} INFO - Setting next_dagrun for update_db to 2026-09-06 15:00:00+00:00, run_after=2026-09-07 15:00:00+00:00
[2026-09-05T17:58:58.765+0000] {processor.py:183} INFO - Processing /opt/airflow/dags/main.py took 0.841 seconds
[2026-09-05T17:59:30.726+0000] {processor.py:161} INFO - Started process (PID=162) to work on /opt/airflow/dags/main.py
[2026-09-05T17:59:30.772+0000] {processor.py:830} INFO - Processing file /opt/airflow/dags/main.py for tasks to queue
[2026-09-05T17:59:30.857+0000] {logging_mixin.py:188} INFO - [2026-09-05T17:59:30.855+0000] {dagbag.py:545} INFO - Filling up the DagBag from /opt/airflow/dags/main.py
[2026-09-05T17:59:31.384+0000] {logging_mixin.py:188} INFO - channel id is not executed
[2026-09-05T17:59:32.378+0000] {processor.py:840} INFO - DAG(s) 'produce_json', 'update_db' retrieved from /opt/airflow/dags/main.py
[2026-09-05T17:59:34.645+0000] {logging_mixin.py:188} INFO - [2026-09-05T17:59:34.645+0000] {dag.py:3096} INFO - Sync 2 DAGs
[2026-09-05T17:59:34.896+0000] {logging_mixin.py:188} INFO - [2026-09-05T17:59:34.895+0000] {dag.py:3954} INFO - Setting next_dagrun for produce_json to 2026-09-06 14:00:00+00:00, run_after=2026-09-07 14:00:00+00:00
[2026-09-05T17:59:34.926+0000] {logging_mixin.py:188} INFO - [2026-09-05T17:59:34.925+0000] {dag.py:3954} INFO - Setting next_dagrun for update_db to 2026-09-06 15:00:00+00:00, run_after=2026-09-07 15:00:00+00:00
[2026-09-05T17:59:35.268+0000] {processor.py:183} INFO - Processing /opt/airflow/dags/main.py took 4.610 seconds
[2026-09-05T18:00:05.743+0000] {processor.py:161} INFO - Started process (PID=174) to work on /opt/airflow/dags/main.py
[2026-09-05T18:00:05.745+0000] {processor.py:830} INFO - Processing file /opt/airflow/dags/main.py for tasks to queue
[2026-09-05T18:00:05.752+0000] {logging_mixin.py:188} INFO - [2026-09-05T18:00:05.751+0000] {dagbag.py:545} INFO - Filling up the DagBag from /opt/airflow/dags/main.py
[2026-09-05T18:00:05.845+0000] {logging_mixin.py:188} INFO - channel id is not executed
[2026-09-05T18:00:06.017+0000] {processor.py:840} INFO - DAG(s) 'produce_json', 'update_db' retrieved from /opt/airflow/dags/main.py
[2026-09-05T18:00:06.450+0000] {logging_mixin.py:188} INFO - [2026-09-05T18:00:06.449+0000] {dag.py:3096} INFO - Sync 2 DAGs
[2026-09-05T18:00:06.496+0000] {logging_mixin.py:188} INFO - [2026-09-05T18:00:06.496+0000] {dag.py:3954} INFO - Setting next_dagrun for produce_json to 2026-09-06 14:00:00+00:00, run_after=2026-09-07 14:00:00+00:00
[2026-09-05T18:00:06.509+0000] {logging_mixin.py:188} INFO - [2026-09-05T18:00:06.509+0000] {dag.py:3954} INFO - Setting next_dagrun for update_db to 2026-09-06 15:00:00+00:00, run_after=2026-09-07 15:00:00+00:00
[2026-09-05T18:00:06.545+0000] {processor.py:183} INFO - Processing /opt/airflow/dags/main.py took 0.815 seconds
[2026-09-05T18:00:37.189+0000] {processor.py:161} INFO - Started process (PID=180) to work on /opt/airflow/dags/main.py
[2026-09-05T18:00:37.218+0000] {processor.py:830} INFO - Processing file /opt/airflow/dags/main.py for tasks to queue
[2026-09-05T18:00:37.243+0000] {logging_mixin.py:188} INFO - [2026-09-05T18:00:37.237+0000] {dagbag.py:545} INFO - Filling up the DagBag from /opt/airflow/dags/main.py
[2026-09-05T18:00:37.656+0000] {logging_mixin.py:188} INFO - channel id is not executed
[2026-09-05T18:00:38.194+0000] {processor.py:840} INFO - DAG(s) 'update_db', 'produce_json' retrieved from /opt/airflow/dags/main.py
[2026-09-05T18:00:39.239+0000] {logging_mixin.py:188} INFO - [2026-09-05T18:00:39.227+0000] {dag.py:3096} INFO - Sync 2 DAGs
[2026-09-05T18:00:39.389+0000] {logging_mixin.py:188} INFO - [2026-09-05T18:00:39.388+0000] {dag.py:3954} INFO - Setting next_dagrun for produce_json to 2026-09-06 14:00:00+00:00, run_after=2026-09-07 14:00:00+00:00
[2026-09-05T18:00:39.407+0000] {logging_mixin.py:188} INFO - [2026-09-05T18:00:39.406+0000] {dag.py:3954} INFO - Setting next_dagrun for update_db to 2026-09-06 15:00:00+00:00, run_after=2026-09-07 15:00:00+00:00
[2026-09-05T18:00:39.578+0000] {processor.py:183} INFO - Processing /opt/airflow/dags/main.py took 2.404 seconds
[2026-09-05T18:01:10.528+0000] {processor.py:161} INFO - Started process (PID=187) to work on /opt/airflow/dags/main.py
[2026-09-05T18:01:10.531+0000] {processor.py:830} INFO - Processing file /opt/airflow/dags/main.py for tasks to queue
[2026-09-05T18:01:10.535+0000] {logging_mixin.py:188} INFO - [2026-09-05T18:01:10.534+0000] {dagbag.py:545} INFO - Filling up the DagBag from /opt/airflow/dags/main.py
[2026-09-05T18:01:10.602+0000] {logging_mixin.py:188} INFO - channel id is not executed
[2026-09-05T18:01:10.776+0000] {processor.py:840} INFO - DAG(s) 'produce_json', 'update_db' retrieved from /opt/airflow/dags/main.py
[2026-09-05T18:01:11.019+0000] {logging_mixin.py:188} INFO - [2026-09-05T18:01:11.019+0000] {dag.py:3096} INFO - Sync 2 DAGs
[2026-09-05T18:01:11.054+0000] {logging_mixin.py:188} INFO - [2026-09-05T18:01:11.054+0000] {dag.py:3954} INFO - Setting next_dagrun for produce_json to 2026-09-06 14:00:00+00:00, run_after=2026-09-07 14:00:00+00:00
[2026-09-05T18:01:11.062+0000] {logging_mixin.py:188} INFO - [2026-09-05T18:01:11.062+0000] {dag.py:3954} INFO - Setting next_dagrun for update_db to 2026-09-06 15:00:00+00:00, run_after=2026-09-07 15:00:00+00:00
[2026-09-05T18:01:11.099+0000] {processor.py:183} INFO - Processing /opt/airflow/dags/main.py took 0.581 seconds
[2026-09-05T18:01:41.768+0000] {processor.py:161} INFO - Started process (PID=194) to work on /opt/airflow/dags/main.py
[2026-09-05T18:01:41.770+0000] {processor.py:830} INFO - Processing file /opt/airflow/dags/main.py for tasks to queue
[2026-09-05T18:01:41.774+0000] {logging_mixin.py:188} INFO - [2026-09-05T18:01:41.774+0000] {dagbag.py:545} INFO - Filling up the DagBag from /opt/airflow/dags/main.py
[2026-09-05T18:01:41.863+0000] {logging_mixin.py:188} INFO - channel id is not executed
[2026-09-05T18:01:41.991+0000] {processor.py:840} INFO - DAG(s) 'produce_json', 'update_db' retrieved from /opt/airflow/dags/main.py
[2026-09-05T18:01:42.409+0000] {logging_mixin.py:188} INFO - [2026-09-05T18:01:42.409+0000] {dag.py:3096} INFO - Sync 2 DAGs
[2026-09-05T18:01:42.535+0000] {logging_mixin.py:188} INFO - [2026-09-05T18:01:42.535+0000] {dag.py:3954} INFO - Setting next_dagrun for produce_json to 2026-09-06 14:00:00+00:00, run_after=2026-09-07 14:00:00+00:00
[2026-09-05T18:01:42.627+0000] {logging_mixin.py:188} INFO - [2026-09-05T18:01:42.627+0000] {dag.py:3954} INFO - Setting next_dagrun for update_db to 2026-09-06 15:00:00+00:00, run_after=2026-09-07 15:00:00+00:00
[2026-09-05T18:01:42.754+0000] {processor.py:183} INFO - Processing /opt/airflow/dags/main.py took 0.996 seconds
[2026-09-05T18:02:13.221+0000] {processor.py:161} INFO - Started process (PID=200) to work on /opt/airflow/dags/main.py
[2026-09-05T18:02:13.223+0000] {processor.py:830} INFO - Processing file /opt/airflow/dags/main.py for tasks to queue
[2026-09-05T18:02:13.233+0000] {logging_mixin.py:188} INFO - [2026-09-05T18:02:13.233+0000] {dagbag.py:545} INFO - Filling up the DagBag from /opt/airflow/dags/main.py
[2026-09-05T18:02:13.343+0000] {logging_mixin.py:188} INFO - channel id is not executed
[2026-09-05T18:02:13.457+0000] {processor.py:840} INFO - DAG(s) 'produce_json', 'update_db' retrieved from /opt/airflow/dags/main.py
[2026-09-05T18:02:13.961+0000] {logging_mixin.py:188} INFO - [2026-09-05T18:02:13.960+0000] {dag.py:3096} INFO - Sync 2 DAGs
[2026-09-05T18:02:14.248+0000] {logging_mixin.py:188} INFO - [2026-09-05T18:02:14.247+0000] {dag.py:3954} INFO - Setting next_dagrun for produce_json to 2026-09-06 14:00:00+00:00, run_after=2026-09-07 14:00:00+00:00
[2026-09-05T18:02:14.274+0000] {logging_mixin.py:188} INFO - [2026-09-05T18:02:14.273+0000] {dag.py:3954} INFO - Setting next_dagrun for update_db to 2026-09-06 15:00:00+00:00, run_after=2026-09-07 15:00:00+00:00
[2026-09-05T18:02:14.389+0000] {processor.py:183} INFO - Processing /opt/airflow/dags/main.py took 1.177 seconds
[2026-09-05T18:02:44.852+0000] {processor.py:161} INFO - Started process (PID=207) to work on /opt/airflow/dags/main.py
[2026-09-05T18:02:44.854+0000] {processor.py:830} INFO - Processing file /opt/airflow/dags/main.py for tasks to queue
[2026-09-05T18:02:44.865+0000] {logging_mixin.py:188} INFO - [2026-09-05T18:02:44.863+0000] {dagbag.py:545} INFO - Filling up the DagBag from /opt/airflow/dags/main.py
[2026-09-05T18:02:45.045+0000] {logging_mixin.py:188} INFO - channel id is not executed
[2026-09-05T18:02:45.200+0000] {processor.py:840} INFO - DAG(s) 'update_db', 'produce_json' retrieved from /opt/airflow/dags/main.py
[2026-09-05T18:02:45.687+0000] {logging_mixin.py:188} INFO - [2026-09-05T18:02:45.686+0000] {dag.py:3096} INFO - Sync 2 DAGs
[2026-09-05T18:02:45.733+0000] {logging_mixin.py:188} INFO - [2026-09-05T18:02:45.733+0000] {dag.py:3954} INFO - Setting next_dagrun for produce_json to 2026-09-06 14:00:00+00:00, run_after=2026-09-07 14:00:00+00:00
[2026-09-05T18:02:45.744+0000] {logging_mixin.py:188} INFO - [2026-09-05T18:02:45.743+0000] {dag.py:3954} INFO - Setting next_dagrun for update_db to 2026-09-06 15:00:00+00:00, run_after=2026-09-07 15:00:00+00:00
[2026-09-05T18:02:45.780+0000] {processor.py:183} INFO - Processing /opt/airflow/dags/main.py took 0.937 seconds
[2026-09-05T18:03:16.613+0000] {processor.py:161} INFO - Started process (PID=214) to work on /opt/airflow/dags/main.py
[2026-09-05T18:03:16.625+0000] {processor.py:830} INFO - Processing file /opt/airflow/dags/main.py for tasks to queue
[2026-09-05T18:03:16.636+0000] {logging_mixin.py:188} INFO - [2026-09-05T18:03:16.633+0000] {dagbag.py:545} INFO - Filling up the DagBag from /opt/airflow/dags/main.py
[2026-09-05T18:03:16.825+0000] {logging_mixin.py:188} INFO - channel id is not executed
[2026-09-05T18:03:16.984+0000] {processor.py:840} INFO - DAG(s) 'update_db', 'produce_json' retrieved from /opt/airflow/dags/main.py
[2026-09-05T18:03:17.351+0000] {logging_mixin.py:188} INFO - [2026-09-05T18:03:17.350+0000] {dag.py:3096} INFO - Sync 2 DAGs
[2026-09-05T18:03:17.398+0000] {logging_mixin.py:188} INFO - [2026-09-05T18:03:17.398+0000] {dag.py:3954} INFO - Setting next_dagrun for produce_json to 2026-09-06 14:00:00+00:00, run_after=2026-09-07 14:00:00+00:00
[2026-09-05T18:03:17.413+0000] {logging_mixin.py:188} INFO - [2026-09-05T18:03:17.413+0000] {dag.py:3954} INFO - Setting next_dagrun for update_db to 2026-09-06 15:00:00+00:00, run_after=2026-09-07 15:00:00+00:00
[2026-09-05T18:03:17.453+0000] {processor.py:183} INFO - Processing /opt/airflow/dags/main.py took 0.860 seconds
[2026-09-05T18:03:47.870+0000] {processor.py:161} INFO - Started process (PID=221) to work on /opt/airflow/dags/main.py
[2026-09-05T18:03:47.872+0000] {processor.py:830} INFO - Processing file /opt/airflow/dags/main.py for tasks to queue
[2026-09-05T18:03:47.879+0000] {logging_mixin.py:188} INFO - [2026-09-05T18:03:47.878+0000] {dagbag.py:545} INFO - Filling up the DagBag from /opt/airflow/dags/main.py
[2026-09-05T18:03:47.951+0000] {logging_mixin.py:188} INFO - channel id is not executed
[2026-09-05T18:03:48.048+0000] {processor.py:840} INFO - DAG(s) 'produce_json', 'update_db' retrieved from /opt/airflow/dags/main.py
[2026-09-05T18:03:48.267+0000] {logging_mixin.py:188} INFO - [2026-09-05T18:03:48.266+0000] {dag.py:3096} INFO - Sync 2 DAGs
[2026-09-05T18:03:48.319+0000] {logging_mixin.py:188} INFO - [2026-09-05T18:03:48.319+0000] {dag.py:3954} INFO - Setting next_dagrun for produce_json to 2026-09-06 14:00:00+00:00, run_after=2026-09-07 14:00:00+00:00
[2026-09-05T18:03:48.345+0000] {logging_mixin.py:188} INFO - [2026-09-05T18:03:48.345+0000] {dag.py:3954} INFO - Setting next_dagrun for update_db to 2026-09-06 15:00:00+00:00, run_after=2026-09-07 15:00:00+00:00
[2026-09-05T18:03:48.437+0000] {processor.py:183} INFO - Processing /opt/airflow/dags/main.py took 0.575 seconds
[2026-09-05T18:04:18.571+0000] {processor.py:161} INFO - Started process (PID=228) to work on /opt/airflow/dags/main.py
[2026-09-05T18:04:18.580+0000] {processor.py:830} INFO - Processing file /opt/airflow/dags/main.py for tasks to queue
[2026-09-05T18:04:18.588+0000] {logging_mixin.py:188} INFO - [2026-09-05T18:04:18.587+0000] {dagbag.py:545} INFO - Filling up the DagBag from /opt/airflow/dags/main.py
[2026-09-05T18:04:18.762+0000] {logging_mixin.py:188} INFO - channel id is not executed
[2026-09-05T18:04:19.115+0000] {processor.py:840} INFO - DAG(s) 'update_db', 'produce_json' retrieved from /opt/airflow/dags/main.py
[2026-09-05T18:04:19.420+0000] {logging_mixin.py:188} INFO - [2026-09-05T18:04:19.420+0000] {dag.py:3096} INFO - Sync 2 DAGs
[2026-09-05T18:04:19.461+0000] {logging_mixin.py:188} INFO - [2026-09-05T18:04:19.461+0000] {dag.py:3954} INFO - Setting next_dagrun for produce_json to 2026-09-06 14:00:00+00:00, run_after=2026-09-07 14:00:00+00:00
[2026-09-05T18:04:19.470+0000] {logging_mixin.py:188} INFO - [2026-09-05T18:04:19.470+0000] {dag.py:3954} INFO - Setting next_dagrun for update_db to 2026-09-06 15:00:00+00:00, run_after=2026-09-07 15:00:00+00:00
[2026-09-05T18:04:19.519+0000] {processor.py:183} INFO - Processing /opt/airflow/dags/main.py took 0.956 seconds
[2026-09-05T18:04:50.095+0000] {processor.py:161} INFO - Started process (PID=234) to work on /opt/airflow/dags/main.py
[2026-09-05T18:04:50.097+0000] {processor.py:830} INFO - Processing file /opt/airflow/dags/main.py for tasks to queue
[2026-09-05T18:04:50.101+0000] {logging_mixin.py:188} INFO - [2026-09-05T18:04:50.101+0000] {dagbag.py:545} INFO - Filling up the DagBag from /opt/airflow/dags/main.py
[2026-09-05T18:04:50.198+0000] {logging_mixin.py:188} INFO - channel id is not executed
[2026-09-05T18:04:50.343+0000] {processor.py:840} INFO - DAG(s) 'produce_json', 'update_db' retrieved from /opt/airflow/dags/main.py
[2026-09-05T18:04:51.069+0000] {logging_mixin.py:188} INFO - [2026-09-05T18:04:51.068+0000] {dag.py:3096} INFO - Sync 2 DAGs
[2026-09-05T18:04:51.255+0000] {logging_mixin.py:188} INFO - [2026-09-05T18:04:51.254+0000] {dag.py:3954} INFO - Setting next_dagrun for produce_json to 2026-09-06 14:00:00+00:00, run_after=2026-09-07 14:00:00+00:00
[2026-09-05T18:04:51.370+0000] {logging_mixin.py:188} INFO - [2026-09-05T18:04:51.369+0000] {dag.py:3954} INFO - Setting next_dagrun for update_db to 2026-09-06 15:00:00+00:00, run_after=2026-09-07 15:00:00+00:00
[2026-09-05T18:04:51.466+0000] {processor.py:183} INFO - Processing /opt/airflow/dags/main.py took 1.381 seconds
[2026-09-05T18:05:23.453+0000] {processor.py:161} INFO - Started process (PID=241) to work on /opt/airflow/dags/main.py
[2026-09-05T18:05:23.464+0000] {processor.py:830} INFO - Processing file /opt/airflow/dags/main.py for tasks to queue
[2026-09-05T18:05:23.469+0000] {logging_mixin.py:188} INFO - [2026-09-05T18:05:23.469+0000] {dagbag.py:545} INFO - Filling up the DagBag from /opt/airflow/dags/main.py
[2026-09-05T18:05:23.734+0000] {logging_mixin.py:188} INFO - channel id is not executed
[2026-09-05T18:05:24.822+0000] {processor.py:840} INFO - DAG(s) 'produce_json', 'update_db' retrieved from /opt/airflow/dags/main.py
[2026-09-05T18:05:27.364+0000] {logging_mixin.py:188} INFO - [2026-09-05T18:05:27.363+0000] {dag.py:3096} INFO - Sync 2 DAGs
[2026-09-05T18:05:27.931+0000] {logging_mixin.py:188} INFO - [2026-09-05T18:05:27.930+0000] {dag.py:3954} INFO - Setting next_dagrun for produce_json to 2026-09-06 14:00:00+00:00, run_after=2026-09-07 14:00:00+00:00
[2026-09-05T18:05:28.008+0000] {logging_mixin.py:188} INFO - [2026-09-05T18:05:28.007+0000] {dag.py:3954} INFO - Setting next_dagrun for update_db to 2026-09-06 15:00:00+00:00, run_after=2026-09-07 15:00:00+00:00
[2026-09-05T18:05:28.356+0000] {processor.py:183} INFO - Processing /opt/airflow/dags/main.py took 4.929 seconds
[2026-09-05T18:05:58.975+0000] {processor.py:161} INFO - Started process (PID=248) to work on /opt/airflow/dags/main.py
[2026-09-05T18:05:58.979+0000] {processor.py:830} INFO - Processing file /opt/airflow/dags/main.py for tasks to queue
[2026-09-05T18:05:58.982+0000] {logging_mixin.py:188} INFO - [2026-09-05T18:05:58.982+0000] {dagbag.py:545} INFO - Filling up the DagBag from /opt/airflow/dags/main.py
[2026-09-05T18:05:59.109+0000] {logging_mixin.py:188} INFO - channel id is not executed
[2026-09-05T18:05:59.225+0000] {processor.py:840} INFO - DAG(s) 'update_db', 'produce_json' retrieved from /opt/airflow/dags/main.py
[2026-09-05T18:05:59.564+0000] {logging_mixin.py:188} INFO - [2026-09-05T18:05:59.564+0000] {dag.py:3096} INFO - Sync 2 DAGs
[2026-09-05T18:05:59.608+0000] {logging_mixin.py:188} INFO - [2026-09-05T18:05:59.607+0000] {dag.py:3954} INFO - Setting next_dagrun for produce_json to 2026-09-06 14:00:00+00:00, run_after=2026-09-07 14:00:00+00:00
[2026-09-05T18:05:59.616+0000] {logging_mixin.py:188} INFO - [2026-09-05T18:05:59.616+0000] {dag.py:3954} INFO - Setting next_dagrun for update_db to 2026-09-06 15:00:00+00:00, run_after=2026-09-07 15:00:00+00:00
[2026-09-05T18:05:59.907+0000] {processor.py:183} INFO - Processing /opt/airflow/dags/main.py took 0.952 seconds
[2026-09-05T18:06:30.835+0000] {processor.py:161} INFO - Started process (PID=255) to work on /opt/airflow/dags/main.py
[2026-09-05T18:06:30.838+0000] {processor.py:830} INFO - Processing file /opt/airflow/dags/main.py for tasks to queue
[2026-09-05T18:06:30.844+0000] {logging_mixin.py:188} INFO - [2026-09-05T18:06:30.843+0000] {dagbag.py:545} INFO - Filling up the DagBag from /opt/airflow/dags/main.py
[2026-09-05T18:06:30.922+0000] {logging_mixin.py:188} INFO - channel id is not executed
[2026-09-05T18:06:31.124+0000] {processor.py:840} INFO - DAG(s) 'update_db', 'produce_json' retrieved from /opt/airflow/dags/main.py
[2026-09-05T18:06:31.381+0000] {logging_mixin.py:188} INFO - [2026-09-05T18:06:31.380+0000] {dag.py:3096} INFO - Sync 2 DAGs
[2026-09-05T18:06:31.451+0000] {logging_mixin.py:188} INFO - [2026-09-05T18:06:31.450+0000] {dag.py:3954} INFO - Setting next_dagrun for produce_json to 2026-09-06 14:00:00+00:00, run_after=2026-09-07 14:00:00+00:00
[2026-09-05T18:06:31.459+0000] {logging_mixin.py:188} INFO - [2026-09-05T18:06:31.459+0000] {dag.py:3954} INFO - Setting next_dagrun for update_db to 2026-09-06 15:00:00+00:00, run_after=2026-09-07 15:00:00+00:00
[2026-09-05T18:06:31.530+0000] {processor.py:183} INFO - Processing /opt/airflow/dags/main.py took 0.710 seconds
[2026-09-05T18:07:01.960+0000] {processor.py:161} INFO - Started process (PID=263) to work on /opt/airflow/dags/main.py
[2026-09-05T18:07:01.962+0000] {processor.py:830} INFO - Processing file /opt/airflow/dags/main.py for tasks to queue
[2026-09-05T18:07:01.966+0000] {logging_mixin.py:188} INFO - [2026-09-05T18:07:01.966+0000] {dagbag.py:545} INFO - Filling up the DagBag from /opt/airflow/dags/main.py
[2026-09-05T18:07:02.033+0000] {logging_mixin.py:188} INFO - channel id is not executed
[2026-09-05T18:07:02.137+0000] {processor.py:840} INFO - DAG(s) 'produce_json', 'update_db' retrieved from /opt/airflow/dags/main.py
[2026-09-05T18:07:02.349+0000] {logging_mixin.py:188} INFO - [2026-09-05T18:07:02.348+0000] {dag.py:3096} INFO - Sync 2 DAGs
[2026-09-05T18:07:02.384+0000] {logging_mixin.py:188} INFO - [2026-09-05T18:07:02.384+0000] {dag.py:3954} INFO - Setting next_dagrun for produce_json to 2026-09-06 14:00:00+00:00, run_after=2026-09-07 14:00:00+00:00
[2026-09-05T18:07:02.392+0000] {logging_mixin.py:188} INFO - [2026-09-05T18:07:02.392+0000] {dag.py:3954} INFO - Setting next_dagrun for update_db to 2026-09-06 15:00:00+00:00, run_after=2026-09-07 15:00:00+00:00
[2026-09-05T18:07:02.430+0000] {processor.py:183} INFO - Processing /opt/airflow/dags/main.py took 0.479 seconds
[2026-09-05T18:07:33.113+0000] {processor.py:161} INFO - Started process (PID=271) to work on /opt/airflow/dags/main.py
[2026-09-05T18:07:33.140+0000] {processor.py:830} INFO - Processing file /opt/airflow/dags/main.py for tasks to queue
[2026-09-05T18:07:33.150+0000] {logging_mixin.py:188} INFO - [2026-09-05T18:07:33.149+0000] {dagbag.py:545} INFO - Filling up the DagBag from /opt/airflow/dags/main.py
[2026-09-05T18:07:33.537+0000] {logging_mixin.py:188} INFO - channel id is not executed
[2026-09-05T18:07:33.644+0000] {processor.py:840} INFO - DAG(s) 'update_db', 'produce_json' retrieved from /opt/airflow/dags/main.py
[2026-09-05T18:07:33.890+0000] {logging_mixin.py:188} INFO - [2026-09-05T18:07:33.890+0000] {dag.py:3096} INFO - Sync 2 DAGs
[2026-09-05T18:07:33.964+0000] {logging_mixin.py:188} INFO - [2026-09-05T18:07:33.964+0000] {dag.py:3954} INFO - Setting next_dagrun for produce_json to 2026-09-06 14:00:00+00:00, run_after=2026-09-07 14:00:00+00:00
[2026-09-05T18:07:33.977+0000] {logging_mixin.py:188} INFO - [2026-09-05T18:07:33.976+0000] {dag.py:3954} INFO - Setting next_dagrun for update_db to 2026-09-06 15:00:00+00:00, run_after=2026-09-07 15:00:00+00:00
[2026-09-05T18:07:34.024+0000] {processor.py:183} INFO - Processing /opt/airflow/dags/main.py took 0.933 seconds
[2026-09-05T18:11:23.047+0000] {processor.py:161} INFO - Started process (PID=65) to work on /opt/airflow/dags/main.py
[2026-09-05T18:11:23.055+0000] {processor.py:830} INFO - Processing file /opt/airflow/dags/main.py for tasks to queue
[2026-09-05T18:11:23.064+0000] {logging_mixin.py:188} INFO - [2026-09-05T18:11:23.064+0000] {dagbag.py:545} INFO - Filling up the DagBag from /opt/airflow/dags/main.py
[2026-09-05T18:11:23.373+0000] {logging_mixin.py:188} INFO - channel id is not executed
[2026-09-05T18:11:24.222+0000] {processor.py:840} INFO - DAG(s) 'update_db', 'produce_json' retrieved from /opt/airflow/dags/main.py
[2026-09-05T18:11:26.186+0000] {logging_mixin.py:188} INFO - [2026-09-05T18:11:26.186+0000] {dag.py:3096} INFO - Sync 2 DAGs
[2026-09-05T18:11:26.448+0000] {logging_mixin.py:188} INFO - [2026-09-05T18:11:26.441+0000] {dag.py:3954} INFO - Setting next_dagrun for produce_json to 2026-09-06 14:00:00+00:00, run_after=2026-09-07 14:00:00+00:00
[2026-09-05T18:11:26.484+0000] {logging_mixin.py:188} INFO - [2026-09-05T18:11:26.484+0000] {dag.py:3954} INFO - Setting next_dagrun for update_db to 2026-09-06 15:00:00+00:00, run_after=2026-09-07 15:00:00+00:00
[2026-09-05T18:11:26.733+0000] {processor.py:183} INFO - Processing /opt/airflow/dags/main.py took 3.709 seconds
[2026-09-05T18:11:57.683+0000] {processor.py:161} INFO - Started process (PID=71) to work on /opt/airflow/dags/main.py
[2026-09-05T18:11:57.725+0000] {processor.py:830} INFO - Processing file /opt/airflow/dags/main.py for tasks to queue
[2026-09-05T18:11:57.782+0000] {logging_mixin.py:188} INFO - [2026-09-05T18:11:57.780+0000] {dagbag.py:545} INFO - Filling up the DagBag from /opt/airflow/dags/main.py
[2026-09-05T18:11:58.324+0000] {logging_mixin.py:188} INFO - channel id is not executed
[2026-09-05T18:11:59.261+0000] {processor.py:840} INFO - DAG(s) 'produce_json', 'update_db' retrieved from /opt/airflow/dags/main.py
[2026-09-05T18:12:02.660+0000] {logging_mixin.py:188} INFO - [2026-09-05T18:12:02.659+0000] {dag.py:3096} INFO - Sync 2 DAGs
[2026-09-05T18:12:03.060+0000] {logging_mixin.py:188} INFO - [2026-09-05T18:12:03.059+0000] {dag.py:3954} INFO - Setting next_dagrun for produce_json to 2026-09-06 14:00:00+00:00, run_after=2026-09-07 14:00:00+00:00
[2026-09-05T18:12:03.123+0000] {logging_mixin.py:188} INFO - [2026-09-05T18:12:03.123+0000] {dag.py:3954} INFO - Setting next_dagrun for update_db to 2026-09-06 15:00:00+00:00, run_after=2026-09-07 15:00:00+00:00
[2026-09-05T18:12:03.418+0000] {processor.py:183} INFO - Processing /opt/airflow/dags/main.py took 5.907 seconds
[2026-09-05T18:12:35.099+0000] {processor.py:161} INFO - Started process (PID=78) to work on /opt/airflow/dags/main.py
[2026-09-05T18:12:35.158+0000] {processor.py:830} INFO - Processing file /opt/airflow/dags/main.py for tasks to queue
[2026-09-05T18:12:35.250+0000] {logging_mixin.py:188} INFO - [2026-09-05T18:12:35.228+0000] {dagbag.py:545} INFO - Filling up the DagBag from /opt/airflow/dags/main.py
[2026-09-05T18:12:39.355+0000] {logging_mixin.py:188} INFO - channel id is not executed
[2026-09-05T18:12:44.956+0000] {processor.py:840} INFO - DAG(s) 'produce_json', 'update_db' retrieved from /opt/airflow/dags/main.py
[2026-09-05T18:12:48.258+0000] {logging_mixin.py:188} INFO - [2026-09-05T18:12:48.257+0000] {dag.py:3096} INFO - Sync 2 DAGs
[2026-09-05T18:12:49.474+0000] {logging_mixin.py:188} INFO - [2026-09-05T18:12:49.474+0000] {dag.py:3954} INFO - Setting next_dagrun for produce_json to 2026-09-06 14:00:00+00:00, run_after=2026-09-07 14:00:00+00:00
[2026-09-05T18:12:49.502+0000] {logging_mixin.py:188} INFO - [2026-09-05T18:12:49.501+0000] {dag.py:3954} INFO - Setting next_dagrun for update_db to 2026-09-06 15:00:00+00:00, run_after=2026-09-07 15:00:00+00:00
[2026-09-05T18:12:50.291+0000] {processor.py:183} INFO - Processing /opt/airflow/dags/main.py took 15.712 seconds
[2026-09-05T18:13:32.552+0000] {processor.py:161} INFO - Started process (PID=91) to work on /opt/airflow/dags/main.py
[2026-09-05T18:13:32.831+0000] {processor.py:830} INFO - Processing file /opt/airflow/dags/main.py for tasks to queue
[2026-09-05T18:13:34.532+0000] {logging_mixin.py:188} INFO - [2026-09-05T18:13:33.476+0000] {dagbag.py:545} INFO - Filling up the DagBag from /opt/airflow/dags/main.py
[2026-09-05T18:13:36.217+0000] {logging_mixin.py:188} INFO - channel id is not executed
[2026-09-05T18:13:37.371+0000] {processor.py:840} INFO - DAG(s) 'update_db', 'produce_json' retrieved from /opt/airflow/dags/main.py
[2026-09-05T18:13:39.124+0000] {logging_mixin.py:188} INFO - [2026-09-05T18:13:39.117+0000] {dag.py:3096} INFO - Sync 2 DAGs
[2026-09-05T18:13:39.996+0000] {logging_mixin.py:188} INFO - [2026-09-05T18:13:39.995+0000] {dag.py:3954} INFO - Setting next_dagrun for produce_json to 2026-09-06 14:00:00+00:00, run_after=2026-09-07 14:00:00+00:00
[2026-09-05T18:13:40.127+0000] {logging_mixin.py:188} INFO - [2026-09-05T18:13:40.126+0000] {dag.py:3954} INFO - Setting next_dagrun for update_db to 2026-09-06 15:00:00+00:00, run_after=2026-09-07 15:00:00+00:00
[2026-09-05T18:13:40.702+0000] {processor.py:183} INFO - Processing /opt/airflow/dags/main.py took 12.217 seconds
[2026-09-05T18:14:11.840+0000] {processor.py:161} INFO - Started process (PID=99) to work on /opt/airflow/dags/main.py
[2026-09-05T18:14:11.843+0000] {processor.py:830} INFO - Processing file /opt/airflow/dags/main.py for tasks to queue
[2026-09-05T18:14:11.847+0000] {logging_mixin.py:188} INFO - [2026-09-05T18:14:11.846+0000] {dagbag.py:545} INFO - Filling up the DagBag from /opt/airflow/dags/main.py
[2026-09-05T18:14:11.992+0000] {logging_mixin.py:188} INFO - channel id is not executed
[2026-09-05T18:14:12.368+0000] {processor.py:840} INFO - DAG(s) 'produce_json', 'update_db' retrieved from /opt/airflow/dags/main.py
[2026-09-05T18:14:12.831+0000] {logging_mixin.py:188} INFO - [2026-09-05T18:14:12.831+0000] {dag.py:3096} INFO - Sync 2 DAGs
[2026-09-05T18:14:12.892+0000] {logging_mixin.py:188} INFO - [2026-09-05T18:14:12.890+0000] {dag.py:3954} INFO - Setting next_dagrun for produce_json to 2026-09-06 14:00:00+00:00, run_after=2026-09-07 14:00:00+00:00
[2026-09-05T18:14:12.919+0000] {logging_mixin.py:188} INFO - [2026-09-05T18:14:12.919+0000] {dag.py:3954} INFO - Setting next_dagrun for update_db to 2026-09-06 15:00:00+00:00, run_after=2026-09-07 15:00:00+00:00
[2026-09-05T18:14:13.008+0000] {processor.py:183} INFO - Processing /opt/airflow/dags/main.py took 1.183 seconds
[2026-09-05T18:14:43.543+0000] {processor.py:161} INFO - Started process (PID=107) to work on /opt/airflow/dags/main.py
[2026-09-05T18:14:43.546+0000] {processor.py:830} INFO - Processing file /opt/airflow/dags/main.py for tasks to queue
[2026-09-05T18:14:43.550+0000] {logging_mixin.py:188} INFO - [2026-09-05T18:14:43.549+0000] {dagbag.py:545} INFO - Filling up the DagBag from /opt/airflow/dags/main.py
[2026-09-05T18:14:43.640+0000] {logging_mixin.py:188} INFO - channel id is not executed
[2026-09-05T18:14:43.745+0000] {processor.py:840} INFO - DAG(s) 'produce_json', 'update_db' retrieved from /opt/airflow/dags/main.py
[2026-09-05T18:14:44.058+0000] {logging_mixin.py:188} INFO - [2026-09-05T18:14:44.057+0000] {dag.py:3096} INFO - Sync 2 DAGs
[2026-09-05T18:14:44.117+0000] {logging_mixin.py:188} INFO - [2026-09-05T18:14:44.117+0000] {dag.py:3954} INFO - Setting next_dagrun for produce_json to 2026-09-06 14:00:00+00:00, run_after=2026-09-07 14:00:00+00:00
[2026-09-05T18:14:44.125+0000] {logging_mixin.py:188} INFO - [2026-09-05T18:14:44.125+0000] {dag.py:3954} INFO - Setting next_dagrun for update_db to 2026-09-06 15:00:00+00:00, run_after=2026-09-07 15:00:00+00:00
[2026-09-05T18:14:44.164+0000] {processor.py:183} INFO - Processing /opt/airflow/dags/main.py took 0.631 seconds
[2026-09-05T18:15:14.398+0000] {processor.py:161} INFO - Started process (PID=114) to work on /opt/airflow/dags/main.py
[2026-09-05T18:15:14.401+0000] {processor.py:830} INFO - Processing file /opt/airflow/dags/main.py for tasks to queue
[2026-09-05T18:15:14.406+0000] {logging_mixin.py:188} INFO - [2026-09-05T18:15:14.405+0000] {dagbag.py:545} INFO - Filling up the DagBag from /opt/airflow/dags/main.py
[2026-09-05T18:15:14.509+0000] {logging_mixin.py:188} INFO - channel id is not executed
[2026-09-05T18:15:14.720+0000] {processor.py:840} INFO - DAG(s) 'produce_json', 'update_db' retrieved from /opt/airflow/dags/main.py
[2026-09-05T18:15:15.123+0000] {logging_mixin.py:188} INFO - [2026-09-05T18:15:15.123+0000] {dag.py:3096} INFO - Sync 2 DAGs
[2026-09-05T18:15:15.256+0000] {logging_mixin.py:188} INFO - [2026-09-05T18:15:15.256+0000] {dag.py:3954} INFO - Setting next_dagrun for produce_json to 2026-09-06 14:00:00+00:00, run_after=2026-09-07 14:00:00+00:00
[2026-09-05T18:15:15.294+0000] {logging_mixin.py:188} INFO - [2026-09-05T18:15:15.293+0000] {dag.py:3954} INFO - Setting next_dagrun for update_db to 2026-09-06 15:00:00+00:00, run_after=2026-09-07 15:00:00+00:00
[2026-09-05T18:15:15.354+0000] {processor.py:183} INFO - Processing /opt/airflow/dags/main.py took 0.966 seconds
[2026-09-05T18:15:45.556+0000] {processor.py:161} INFO - Started process (PID=121) to work on /opt/airflow/dags/main.py
[2026-09-05T18:15:45.558+0000] {processor.py:830} INFO - Processing file /opt/airflow/dags/main.py for tasks to queue
[2026-09-05T18:15:45.581+0000] {logging_mixin.py:188} INFO - [2026-09-05T18:15:45.581+0000] {dagbag.py:545} INFO - Filling up the DagBag from /opt/airflow/dags/main.py
[2026-09-05T18:15:45.758+0000] {logging_mixin.py:188} INFO - channel id is not executed
[2026-09-05T18:15:45.985+0000] {processor.py:840} INFO - DAG(s) 'produce_json', 'update_db' retrieved from /opt/airflow/dags/main.py
[2026-09-05T18:15:46.566+0000] {logging_mixin.py:188} INFO - [2026-09-05T18:15:46.566+0000] {dag.py:3096} INFO - Sync 2 DAGs
[2026-09-05T18:15:46.705+0000] {logging_mixin.py:188} INFO - [2026-09-05T18:15:46.705+0000] {dag.py:3954} INFO - Setting next_dagrun for produce_json to 2026-09-06 14:00:00+00:00, run_after=2026-09-07 14:00:00+00:00
[2026-09-05T18:15:46.754+0000] {logging_mixin.py:188} INFO - [2026-09-05T18:15:46.754+0000] {dag.py:3954} INFO - Setting next_dagrun for update_db to 2026-09-06 15:00:00+00:00, run_after=2026-09-07 15:00:00+00:00
[2026-09-05T18:15:46.833+0000] {processor.py:183} INFO - Processing /opt/airflow/dags/main.py took 1.295 seconds
[2026-09-05T18:16:17.307+0000] {processor.py:161} INFO - Started process (PID=127) to work on /opt/airflow/dags/main.py
[2026-09-05T18:16:17.322+0000] {processor.py:830} INFO - Processing file /opt/airflow/dags/main.py for tasks to queue
[2026-09-05T18:16:17.329+0000] {logging_mixin.py:188} INFO - [2026-09-05T18:16:17.328+0000] {dagbag.py:545} INFO - Filling up the DagBag from /opt/airflow/dags/main.py
[2026-09-05T18:16:17.441+0000] {logging_mixin.py:188} INFO - channel id is not executed
[2026-09-05T18:16:17.628+0000] {processor.py:840} INFO - DAG(s) 'update_db', 'produce_json' retrieved from /opt/airflow/dags/main.py
[2026-09-05T18:16:17.911+0000] {logging_mixin.py:188} INFO - [2026-09-05T18:16:17.910+0000] {dag.py:3096} INFO - Sync 2 DAGs
[2026-09-05T18:16:17.952+0000] {logging_mixin.py:188} INFO - [2026-09-05T18:16:17.952+0000] {dag.py:3954} INFO - Setting next_dagrun for produce_json to 2026-09-06 14:00:00+00:00, run_after=2026-09-07 14:00:00+00:00
[2026-09-05T18:16:17.962+0000] {logging_mixin.py:188} INFO - [2026-09-05T18:16:17.961+0000] {dag.py:3954} INFO - Setting next_dagrun for update_db to 2026-09-06 15:00:00+00:00, run_after=2026-09-07 15:00:00+00:00
[2026-09-05T18:16:18.046+0000] {processor.py:183} INFO - Processing /opt/airflow/dags/main.py took 0.760 seconds
[2026-09-05T18:16:48.605+0000] {processor.py:161} INFO - Started process (PID=133) to work on /opt/airflow/dags/main.py
[2026-09-05T18:16:48.607+0000] {processor.py:830} INFO - Processing file /opt/airflow/dags/main.py for tasks to queue
[2026-09-05T18:16:48.622+0000] {logging_mixin.py:188} INFO - [2026-09-05T18:16:48.616+0000] {dagbag.py:545} INFO - Filling up the DagBag from /opt/airflow/dags/main.py
[2026-09-05T18:16:48.761+0000] {logging_mixin.py:188} INFO - channel id is not executed
[2026-09-05T18:16:49.138+0000] {processor.py:840} INFO - DAG(s) 'update_db', 'produce_json' retrieved from /opt/airflow/dags/main.py
[2026-09-05T18:16:50.533+0000] {logging_mixin.py:188} INFO - [2026-09-05T18:16:50.533+0000] {dag.py:3096} INFO - Sync 2 DAGs
[2026-09-05T18:16:50.870+0000] {logging_mixin.py:188} INFO - [2026-09-05T18:16:50.858+0000] {dag.py:3954} INFO - Setting next_dagrun for produce_json to 2026-09-06 14:00:00+00:00, run_after=2026-09-07 14:00:00+00:00
[2026-09-05T18:16:50.904+0000] {logging_mixin.py:188} INFO - [2026-09-05T18:16:50.904+0000] {dag.py:3954} INFO - Setting next_dagrun for update_db to 2026-09-06 15:00:00+00:00, run_after=2026-09-07 15:00:00+00:00
[2026-09-05T18:16:51.019+0000] {processor.py:183} INFO - Processing /opt/airflow/dags/main.py took 2.432 seconds
[2026-09-05T18:17:21.684+0000] {processor.py:161} INFO - Started process (PID=140) to work on /opt/airflow/dags/main.py
[2026-09-05T18:17:21.687+0000] {processor.py:830} INFO - Processing file /opt/airflow/dags/main.py for tasks to queue
[2026-09-05T18:17:21.695+0000] {logging_mixin.py:188} INFO - [2026-09-05T18:17:21.695+0000] {dagbag.py:545} INFO - Filling up the DagBag from /opt/airflow/dags/main.py
[2026-09-05T18:17:21.781+0000] {logging_mixin.py:188} INFO - channel id is not executed
[2026-09-05T18:17:21.895+0000] {processor.py:840} INFO - DAG(s) 'update_db', 'produce_json' retrieved from /opt/airflow/dags/main.py
[2026-09-05T18:17:22.195+0000] {logging_mixin.py:188} INFO - [2026-09-05T18:17:22.194+0000] {dag.py:3096} INFO - Sync 2 DAGs
[2026-09-05T18:17:22.265+0000] {logging_mixin.py:188} INFO - [2026-09-05T18:17:22.265+0000] {dag.py:3954} INFO - Setting next_dagrun for produce_json to 2026-09-06 14:00:00+00:00, run_after=2026-09-07 14:00:00+00:00
[2026-09-05T18:17:22.402+0000] {logging_mixin.py:188} INFO - [2026-09-05T18:17:22.401+0000] {dag.py:3954} INFO - Setting next_dagrun for update_db to 2026-09-06 15:00:00+00:00, run_after=2026-09-07 15:00:00+00:00
[2026-09-05T18:17:22.605+0000] {processor.py:183} INFO - Processing /opt/airflow/dags/main.py took 0.933 seconds
[2026-09-05T18:17:54.026+0000] {processor.py:161} INFO - Started process (PID=147) to work on /opt/airflow/dags/main.py
[2026-09-05T18:17:54.030+0000] {processor.py:830} INFO - Processing file /opt/airflow/dags/main.py for tasks to queue
[2026-09-05T18:17:54.050+0000] {logging_mixin.py:188} INFO - [2026-09-05T18:17:54.049+0000] {dagbag.py:545} INFO - Filling up the DagBag from /opt/airflow/dags/main.py
[2026-09-05T18:17:55.078+0000] {logging_mixin.py:188} INFO - channel id is not executed
[2026-09-05T18:17:56.426+0000] {processor.py:840} INFO - DAG(s) 'update_db', 'produce_json' retrieved from /opt/airflow/dags/main.py
[2026-09-05T18:17:57.620+0000] {logging_mixin.py:188} INFO - [2026-09-05T18:17:57.619+0000] {dag.py:3096} INFO - Sync 2 DAGs
[2026-09-05T18:17:57.836+0000] {logging_mixin.py:188} INFO - [2026-09-05T18:17:57.835+0000] {dag.py:3954} INFO - Setting next_dagrun for produce_json to 2026-09-06 14:00:00+00:00, run_after=2026-09-07 14:00:00+00:00
[2026-09-05T18:17:57.863+0000] {logging_mixin.py:188} INFO - [2026-09-05T18:17:57.862+0000] {dag.py:3954} INFO - Setting next_dagrun for update_db to 2026-09-06 15:00:00+00:00, run_after=2026-09-07 15:00:00+00:00
[2026-09-05T18:17:57.990+0000] {processor.py:183} INFO - Processing /opt/airflow/dags/main.py took 3.996 seconds
[2026-09-05T18:18:28.521+0000] {processor.py:161} INFO - Started process (PID=154) to work on /opt/airflow/dags/main.py
[2026-09-05T18:18:28.527+0000] {processor.py:830} INFO - Processing file /opt/airflow/dags/main.py for tasks to queue
[2026-09-05T18:18:28.533+0000] {logging_mixin.py:188} INFO - [2026-09-05T18:18:28.532+0000] {dagbag.py:545} INFO - Filling up the DagBag from /opt/airflow/dags/main.py
[2026-09-05T18:18:28.624+0000] {logging_mixin.py:188} INFO - channel id is not executed
[2026-09-05T18:18:28.848+0000] {processor.py:840} INFO - DAG(s) 'update_db', 'produce_json' retrieved from /opt/airflow/dags/main.py
[2026-09-05T18:18:29.236+0000] {logging_mixin.py:188} INFO - [2026-09-05T18:18:29.235+0000] {dag.py:3096} INFO - Sync 2 DAGs
[2026-09-05T18:18:29.291+0000] {logging_mixin.py:188} INFO - [2026-09-05T18:18:29.290+0000] {dag.py:3954} INFO - Setting next_dagrun for produce_json to 2026-09-06 14:00:00+00:00, run_after=2026-09-07 14:00:00+00:00
[2026-09-05T18:18:29.302+0000] {logging_mixin.py:188} INFO - [2026-09-05T18:18:29.302+0000] {dag.py:3954} INFO - Setting next_dagrun for update_db to 2026-09-06 15:00:00+00:00, run_after=2026-09-07 15:00:00+00:00
[2026-09-05T18:18:29.366+0000] {processor.py:183} INFO - Processing /opt/airflow/dags/main.py took 0.861 seconds
[2026-09-05T18:18:59.973+0000] {processor.py:161} INFO - Started process (PID=162) to work on /opt/airflow/dags/main.py
[2026-09-05T18:18:59.976+0000] {processor.py:830} INFO - Processing file /opt/airflow/dags/main.py for tasks to queue
[2026-09-05T18:18:59.981+0000] {logging_mixin.py:188} INFO - [2026-09-05T18:18:59.980+0000] {dagbag.py:545} INFO - Filling up the DagBag from /opt/airflow/dags/main.py
[2026-09-05T18:19:00.265+0000] {logging_mixin.py:188} INFO - channel id is not executed
[2026-09-05T18:19:01.843+0000] {processor.py:840} INFO - DAG(s) 'produce_json', 'update_db' retrieved from /opt/airflow/dags/main.py
[2026-09-05T18:19:02.225+0000] {logging_mixin.py:188} INFO - [2026-09-05T18:19:02.225+0000] {dag.py:3096} INFO - Sync 2 DAGs
[2026-09-05T18:19:02.312+0000] {logging_mixin.py:188} INFO - [2026-09-05T18:19:02.308+0000] {dag.py:3954} INFO - Setting next_dagrun for produce_json to 2026-09-06 14:00:00+00:00, run_after=2026-09-07 14:00:00+00:00
[2026-09-05T18:19:02.344+0000] {logging_mixin.py:188} INFO - [2026-09-05T18:19:02.343+0000] {dag.py:3954} INFO - Setting next_dagrun for update_db to 2026-09-06 15:00:00+00:00, run_after=2026-09-07 15:00:00+00:00
[2026-09-05T18:19:02.434+0000] {processor.py:183} INFO - Processing /opt/airflow/dags/main.py took 2.479 seconds
[2026-09-05T18:19:32.780+0000] {processor.py:161} INFO - Started process (PID=175) to work on /opt/airflow/dags/main.py
[2026-09-05T18:19:32.784+0000] {processor.py:830} INFO - Processing file /opt/airflow/dags/main.py for tasks to queue
[2026-09-05T18:19:32.793+0000] {logging_mixin.py:188} INFO - [2026-09-05T18:19:32.791+0000] {dagbag.py:545} INFO - Filling up the DagBag from /opt/airflow/dags/main.py
[2026-09-05T18:19:32.914+0000] {logging_mixin.py:188} INFO - channel id is not executed
[2026-09-05T18:19:33.036+0000] {processor.py:840} INFO - DAG(s) 'update_db', 'produce_json' retrieved from /opt/airflow/dags/main.py
[2026-09-05T18:19:33.409+0000] {logging_mixin.py:188} INFO - [2026-09-05T18:19:33.408+0000] {dag.py:3096} INFO - Sync 2 DAGs
[2026-09-05T18:19:33.604+0000] {logging_mixin.py:188} INFO - [2026-09-05T18:19:33.604+0000] {dag.py:3954} INFO - Setting next_dagrun for produce_json to 2026-09-06 14:00:00+00:00, run_after=2026-09-07 14:00:00+00:00
[2026-09-05T18:19:33.669+0000] {logging_mixin.py:188} INFO - [2026-09-05T18:19:33.669+0000] {dag.py:3954} INFO - Setting next_dagrun for update_db to 2026-09-06 15:00:00+00:00, run_after=2026-09-07 15:00:00+00:00
[2026-09-05T18:19:33.799+0000] {processor.py:183} INFO - Processing /opt/airflow/dags/main.py took 1.034 seconds
[2026-09-05T18:20:04.340+0000] {processor.py:161} INFO - Started process (PID=182) to work on /opt/airflow/dags/main.py
[2026-09-05T18:20:04.343+0000] {processor.py:830} INFO - Processing file /opt/airflow/dags/main.py for tasks to queue
[2026-09-05T18:20:04.354+0000] {logging_mixin.py:188} INFO - [2026-09-05T18:20:04.353+0000] {dagbag.py:545} INFO - Filling up the DagBag from /opt/airflow/dags/main.py
[2026-09-05T18:20:04.941+0000] {logging_mixin.py:188} INFO - channel id is not executed
[2026-09-05T18:20:05.718+0000] {processor.py:840} INFO - DAG(s) 'update_db', 'produce_json' retrieved from /opt/airflow/dags/main.py
[2026-09-05T18:20:06.184+0000] {logging_mixin.py:188} INFO - [2026-09-05T18:20:06.184+0000] {dag.py:3096} INFO - Sync 2 DAGs
[2026-09-05T18:20:06.241+0000] {logging_mixin.py:188} INFO - [2026-09-05T18:20:06.236+0000] {dag.py:3954} INFO - Setting next_dagrun for produce_json to 2026-09-06 14:00:00+00:00, run_after=2026-09-07 14:00:00+00:00
[2026-09-05T18:20:06.271+0000] {logging_mixin.py:188} INFO - [2026-09-05T18:20:06.271+0000] {dag.py:3954} INFO - Setting next_dagrun for update_db to 2026-09-06 15:00:00+00:00, run_after=2026-09-07 15:00:00+00:00
[2026-09-05T18:20:06.339+0000] {processor.py:183} INFO - Processing /opt/airflow/dags/main.py took 2.013 seconds
[2026-09-05T18:20:38.517+0000] {processor.py:161} INFO - Started process (PID=189) to work on /opt/airflow/dags/main.py
[2026-09-05T18:20:38.544+0000] {processor.py:830} INFO - Processing file /opt/airflow/dags/main.py for tasks to queue
[2026-09-05T18:20:38.548+0000] {logging_mixin.py:188} INFO - [2026-09-05T18:20:38.548+0000] {dagbag.py:545} INFO - Filling up the DagBag from /opt/airflow/dags/main.py
[2026-09-05T18:20:38.934+0000] {logging_mixin.py:188} INFO - channel id is not executed
[2026-09-05T18:20:39.420+0000] {processor.py:840} INFO - DAG(s) 'update_db', 'produce_json' retrieved from /opt/airflow/dags/main.py
[2026-09-05T18:20:40.484+0000] {logging_mixin.py:188} INFO - [2026-09-05T18:20:40.484+0000] {dag.py:3096} INFO - Sync 2 DAGs
[2026-09-05T18:20:40.618+0000] {logging_mixin.py:188} INFO - [2026-09-05T18:20:40.618+0000] {dag.py:3954} INFO - Setting next_dagrun for produce_json to 2026-09-06 14:00:00+00:00, run_after=2026-09-07 14:00:00+00:00
[2026-09-05T18:20:40.671+0000] {logging_mixin.py:188} INFO - [2026-09-05T18:20:40.671+0000] {dag.py:3954} INFO - Setting next_dagrun for update_db to 2026-09-06 15:00:00+00:00, run_after=2026-09-07 15:00:00+00:00
[2026-09-05T18:20:40.908+0000] {processor.py:183} INFO - Processing /opt/airflow/dags/main.py took 2.412 seconds
[2026-09-05T18:21:11.668+0000] {processor.py:161} INFO - Started process (PID=195) to work on /opt/airflow/dags/main.py
[2026-09-05T18:21:11.679+0000] {processor.py:830} INFO - Processing file /opt/airflow/dags/main.py for tasks to queue
[2026-09-05T18:21:11.696+0000] {logging_mixin.py:188} INFO - [2026-09-05T18:21:11.695+0000] {dagbag.py:545} INFO - Filling up the DagBag from /opt/airflow/dags/main.py
[2026-09-05T18:21:12.580+0000] {logging_mixin.py:188} INFO - channel id is not executed
[2026-09-05T18:21:12.978+0000] {processor.py:840} INFO - DAG(s) 'produce_json', 'update_db' retrieved from /opt/airflow/dags/main.py
[2026-09-05T18:21:13.729+0000] {logging_mixin.py:188} INFO - [2026-09-05T18:21:13.728+0000] {dag.py:3096} INFO - Sync 2 DAGs
[2026-09-05T18:21:13.910+0000] {logging_mixin.py:188} INFO - [2026-09-05T18:21:13.910+0000] {dag.py:3954} INFO - Setting next_dagrun for produce_json to 2026-09-06 14:00:00+00:00, run_after=2026-09-07 14:00:00+00:00
[2026-09-05T18:21:13.928+0000] {logging_mixin.py:188} INFO - [2026-09-05T18:21:13.928+0000] {dag.py:3954} INFO - Setting next_dagrun for update_db to 2026-09-06 15:00:00+00:00, run_after=2026-09-07 15:00:00+00:00
[2026-09-05T18:21:14.006+0000] {processor.py:183} INFO - Processing /opt/airflow/dags/main.py took 2.359 seconds
[2026-09-05T18:21:44.212+0000] {processor.py:161} INFO - Started process (PID=203) to work on /opt/airflow/dags/main.py
[2026-09-05T18:21:44.249+0000] {processor.py:830} INFO - Processing file /opt/airflow/dags/main.py for tasks to queue
[2026-09-05T18:21:44.286+0000] {logging_mixin.py:188} INFO - [2026-09-05T18:21:44.286+0000] {dagbag.py:545} INFO - Filling up the DagBag from /opt/airflow/dags/main.py
[2026-09-05T18:21:45.319+0000] {logging_mixin.py:188} INFO - channel id is not executed
[2026-09-05T18:21:45.707+0000] {processor.py:840} INFO - DAG(s) 'produce_json', 'update_db' retrieved from /opt/airflow/dags/main.py
[2026-09-05T18:21:46.072+0000] {logging_mixin.py:188} INFO - [2026-09-05T18:21:46.071+0000] {dag.py:3096} INFO - Sync 2 DAGs
[2026-09-05T18:21:46.111+0000] {logging_mixin.py:188} INFO - [2026-09-05T18:21:46.111+0000] {dag.py:3954} INFO - Setting next_dagrun for produce_json to 2026-09-06 14:00:00+00:00, run_after=2026-09-07 14:00:00+00:00
[2026-09-05T18:21:46.120+0000] {logging_mixin.py:188} INFO - [2026-09-05T18:21:46.119+0000] {dag.py:3954} INFO - Setting next_dagrun for update_db to 2026-09-06 15:00:00+00:00, run_after=2026-09-07 15:00:00+00:00
[2026-09-05T18:21:46.155+0000] {processor.py:183} INFO - Processing /opt/airflow/dags/main.py took 1.964 seconds
[2026-09-05T18:22:16.502+0000] {processor.py:161} INFO - Started process (PID=210) to work on /opt/airflow/dags/main.py
[2026-09-05T18:22:16.516+0000] {processor.py:830} INFO - Processing file /opt/airflow/dags/main.py for tasks to queue
[2026-09-05T18:22:16.520+0000] {logging_mixin.py:188} INFO - [2026-09-05T18:22:16.519+0000] {dagbag.py:545} INFO - Filling up the DagBag from /opt/airflow/dags/main.py
[2026-09-05T18:22:16.617+0000] {logging_mixin.py:188} INFO - channel id is not executed
[2026-09-05T18:22:16.800+0000] {processor.py:840} INFO - DAG(s) 'update_db', 'produce_json' retrieved from /opt/airflow/dags/main.py
[2026-09-05T18:22:17.042+0000] {logging_mixin.py:188} INFO - [2026-09-05T18:22:17.041+0000] {dag.py:3096} INFO - Sync 2 DAGs
[2026-09-05T18:22:17.085+0000] {logging_mixin.py:188} INFO - [2026-09-05T18:22:17.084+0000] {dag.py:3954} INFO - Setting next_dagrun for produce_json to 2026-09-06 14:00:00+00:00, run_after=2026-09-07 14:00:00+00:00
[2026-09-05T18:22:17.094+0000] {logging_mixin.py:188} INFO - [2026-09-05T18:22:17.093+0000] {dag.py:3954} INFO - Setting next_dagrun for update_db to 2026-09-06 15:00:00+00:00, run_after=2026-09-07 15:00:00+00:00
[2026-09-05T18:22:17.133+0000] {processor.py:183} INFO - Processing /opt/airflow/dags/main.py took 0.652 seconds
[2026-09-05T18:22:47.638+0000] {processor.py:161} INFO - Started process (PID=217) to work on /opt/airflow/dags/main.py
[2026-09-05T18:22:47.640+0000] {processor.py:830} INFO - Processing file /opt/airflow/dags/main.py for tasks to queue
[2026-09-05T18:22:47.644+0000] {logging_mixin.py:188} INFO - [2026-09-05T18:22:47.643+0000] {dagbag.py:545} INFO - Filling up the DagBag from /opt/airflow/dags/main.py
[2026-09-05T18:22:47.713+0000] {logging_mixin.py:188} INFO - channel id is not executed
[2026-09-05T18:22:47.800+0000] {processor.py:840} INFO - DAG(s) 'produce_json', 'update_db' retrieved from /opt/airflow/dags/main.py
[2026-09-05T18:22:48.008+0000] {logging_mixin.py:188} INFO - [2026-09-05T18:22:48.007+0000] {dag.py:3096} INFO - Sync 2 DAGs
[2026-09-05T18:22:48.044+0000] {logging_mixin.py:188} INFO - [2026-09-05T18:22:48.043+0000] {dag.py:3954} INFO - Setting next_dagrun for produce_json to 2026-09-06 14:00:00+00:00, run_after=2026-09-07 14:00:00+00:00
[2026-09-05T18:22:48.053+0000] {logging_mixin.py:188} INFO - [2026-09-05T18:22:48.052+0000] {dag.py:3954} INFO - Setting next_dagrun for update_db to 2026-09-06 15:00:00+00:00, run_after=2026-09-07 15:00:00+00:00
[2026-09-05T18:22:48.093+0000] {processor.py:183} INFO - Processing /opt/airflow/dags/main.py took 0.464 seconds
[2026-09-05T18:23:18.889+0000] {processor.py:161} INFO - Started process (PID=224) to work on /opt/airflow/dags/main.py
[2026-09-05T18:23:18.901+0000] {processor.py:830} INFO - Processing file /opt/airflow/dags/main.py for tasks to queue
[2026-09-05T18:23:18.905+0000] {logging_mixin.py:188} INFO - [2026-09-05T18:23:18.904+0000] {dagbag.py:545} INFO - Filling up the DagBag from /opt/airflow/dags/main.py
[2026-09-05T18:23:19.053+0000] {logging_mixin.py:188} INFO - channel id is not executed
[2026-09-05T18:23:19.604+0000] {processor.py:840} INFO - DAG(s) 'produce_json', 'update_db' retrieved from /opt/airflow/dags/main.py
[2026-09-05T18:23:19.934+0000] {logging_mixin.py:188} INFO - [2026-09-05T18:23:19.934+0000] {dag.py:3096} INFO - Sync 2 DAGs
[2026-09-05T18:23:20.033+0000] {logging_mixin.py:188} INFO - [2026-09-05T18:23:20.020+0000] {dag.py:3954} INFO - Setting next_dagrun for produce_json to 2026-09-06 14:00:00+00:00, run_after=2026-09-07 14:00:00+00:00
[2026-09-05T18:23:20.053+0000] {logging_mixin.py:188} INFO - [2026-09-05T18:23:20.053+0000] {dag.py:3954} INFO - Setting next_dagrun for update_db to 2026-09-06 15:00:00+00:00, run_after=2026-09-07 15:00:00+00:00
[2026-09-05T18:23:20.144+0000] {processor.py:183} INFO - Processing /opt/airflow/dags/main.py took 1.264 seconds
[2026-09-05T18:23:50.855+0000] {processor.py:161} INFO - Started process (PID=233) to work on /opt/airflow/dags/main.py
[2026-09-05T18:23:50.871+0000] {processor.py:830} INFO - Processing file /opt/airflow/dags/main.py for tasks to queue
[2026-09-05T18:23:50.876+0000] {logging_mixin.py:188} INFO - [2026-09-05T18:23:50.875+0000] {dagbag.py:545} INFO - Filling up the DagBag from /opt/airflow/dags/main.py
[2026-09-05T18:23:51.510+0000] {logging_mixin.py:188} INFO - channel id is not executed
[2026-09-05T18:23:51.709+0000] {processor.py:840} INFO - DAG(s) 'update_db', 'produce_json' retrieved from /opt/airflow/dags/main.py
[2026-09-05T18:23:52.105+0000] {logging_mixin.py:188} INFO - [2026-09-05T18:23:52.105+0000] {dag.py:3096} INFO - Sync 2 DAGs
[2026-09-05T18:23:52.158+0000] {logging_mixin.py:188} INFO - [2026-09-05T18:23:52.150+0000] {dag.py:3954} INFO - Setting next_dagrun for produce_json to 2026-09-06 14:00:00+00:00, run_after=2026-09-07 14:00:00+00:00
[2026-09-05T18:23:52.168+0000] {logging_mixin.py:188} INFO - [2026-09-05T18:23:52.167+0000] {dag.py:3954} INFO - Setting next_dagrun for update_db to 2026-09-06 15:00:00+00:00, run_after=2026-09-07 15:00:00+00:00
[2026-09-05T18:23:52.224+0000] {processor.py:183} INFO - Processing /opt/airflow/dags/main.py took 1.427 seconds
[2026-09-05T18:24:22.889+0000] {processor.py:161} INFO - Started process (PID=239) to work on /opt/airflow/dags/main.py
[2026-09-05T18:24:22.894+0000] {processor.py:830} INFO - Processing file /opt/airflow/dags/main.py for tasks to queue
[2026-09-05T18:24:22.917+0000] {logging_mixin.py:188} INFO - [2026-09-05T18:24:22.916+0000] {dagbag.py:545} INFO - Filling up the DagBag from /opt/airflow/dags/main.py
[2026-09-05T18:24:23.228+0000] {logging_mixin.py:188} INFO - channel id is not executed
[2026-09-05T18:24:23.360+0000] {processor.py:840} INFO - DAG(s) 'update_db', 'produce_json' retrieved from /opt/airflow/dags/main.py
[2026-09-05T18:24:23.768+0000] {logging_mixin.py:188} INFO - [2026-09-05T18:24:23.768+0000] {dag.py:3096} INFO - Sync 2 DAGs
[2026-09-05T18:24:23.841+0000] {logging_mixin.py:188} INFO - [2026-09-05T18:24:23.840+0000] {dag.py:3954} INFO - Setting next_dagrun for produce_json to 2026-09-06 14:00:00+00:00, run_after=2026-09-07 14:00:00+00:00
[2026-09-05T18:24:23.857+0000] {logging_mixin.py:188} INFO - [2026-09-05T18:24:23.857+0000] {dag.py:3954} INFO - Setting next_dagrun for update_db to 2026-09-06 15:00:00+00:00, run_after=2026-09-07 15:00:00+00:00
[2026-09-05T18:24:23.897+0000] {processor.py:183} INFO - Processing /opt/airflow/dags/main.py took 1.022 seconds
[2026-09-05T18:24:54.346+0000] {processor.py:161} INFO - Started process (PID=246) to work on /opt/airflow/dags/main.py
[2026-09-05T18:24:54.348+0000] {processor.py:830} INFO - Processing file /opt/airflow/dags/main.py for tasks to queue
[2026-09-05T18:24:54.359+0000] {logging_mixin.py:188} INFO - [2026-09-05T18:24:54.359+0000] {dagbag.py:545} INFO - Filling up the DagBag from /opt/airflow/dags/main.py
[2026-09-05T18:24:54.469+0000] {logging_mixin.py:188} INFO - channel id is not executed
[2026-09-05T18:24:54.614+0000] {processor.py:840} INFO - DAG(s) 'update_db', 'produce_json' retrieved from /opt/airflow/dags/main.py
[2026-09-05T18:24:55.017+0000] {logging_mixin.py:188} INFO - [2026-09-05T18:24:55.017+0000] {dag.py:3096} INFO - Sync 2 DAGs
[2026-09-05T18:24:55.102+0000] {logging_mixin.py:188} INFO - [2026-09-05T18:24:55.102+0000] {dag.py:3954} INFO - Setting next_dagrun for produce_json to 2026-09-06 14:00:00+00:00, run_after=2026-09-07 14:00:00+00:00
[2026-09-05T18:24:55.130+0000] {logging_mixin.py:188} INFO - [2026-09-05T18:24:55.123+0000] {dag.py:3954} INFO - Setting next_dagrun for update_db to 2026-09-06 15:00:00+00:00, run_after=2026-09-07 15:00:00+00:00
[2026-09-05T18:24:55.234+0000] {processor.py:183} INFO - Processing /opt/airflow/dags/main.py took 0.898 seconds
[2026-09-05T18:25:25.445+0000] {processor.py:161} INFO - Started process (PID=253) to work on /opt/airflow/dags/main.py
[2026-09-05T18:25:25.448+0000] {processor.py:830} INFO - Processing file /opt/airflow/dags/main.py for tasks to queue
[2026-09-05T18:25:25.451+0000] {logging_mixin.py:188} INFO - [2026-09-05T18:25:25.451+0000] {dagbag.py:545} INFO - Filling up the DagBag from /opt/airflow/dags/main.py
[2026-09-05T18:25:25.538+0000] {logging_mixin.py:188} INFO - channel id is not executed
[2026-09-05T18:25:25.652+0000] {processor.py:840} INFO - DAG(s) 'produce_json', 'update_db' retrieved from /opt/airflow/dags/main.py
[2026-09-05T18:25:25.859+0000] {logging_mixin.py:188} INFO - [2026-09-05T18:25:25.859+0000] {dag.py:3096} INFO - Sync 2 DAGs
[2026-09-05T18:25:25.899+0000] {logging_mixin.py:188} INFO - [2026-09-05T18:25:25.899+0000] {dag.py:3954} INFO - Setting next_dagrun for produce_json to 2026-09-06 14:00:00+00:00, run_after=2026-09-07 14:00:00+00:00
[2026-09-05T18:25:25.920+0000] {logging_mixin.py:188} INFO - [2026-09-05T18:25:25.920+0000] {dag.py:3954} INFO - Setting next_dagrun for update_db to 2026-09-06 15:00:00+00:00, run_after=2026-09-07 15:00:00+00:00
[2026-09-05T18:25:25.981+0000] {processor.py:183} INFO - Processing /opt/airflow/dags/main.py took 0.546 seconds
[2026-09-05T18:25:56.338+0000] {processor.py:161} INFO - Started process (PID=261) to work on /opt/airflow/dags/main.py
[2026-09-05T18:25:56.341+0000] {processor.py:830} INFO - Processing file /opt/airflow/dags/main.py for tasks to queue
[2026-09-05T18:25:56.350+0000] {logging_mixin.py:188} INFO - [2026-09-05T18:25:56.349+0000] {dagbag.py:545} INFO - Filling up the DagBag from /opt/airflow/dags/main.py
[2026-09-05T18:25:56.471+0000] {logging_mixin.py:188} INFO - channel id is not executed
[2026-09-05T18:25:56.865+0000] {processor.py:840} INFO - DAG(s) 'update_db', 'produce_json' retrieved from /opt/airflow/dags/main.py
[2026-09-05T18:25:57.279+0000] {logging_mixin.py:188} INFO - [2026-09-05T18:25:57.278+0000] {dag.py:3096} INFO - Sync 2 DAGs
[2026-09-05T18:25:57.370+0000] {logging_mixin.py:188} INFO - [2026-09-05T18:25:57.370+0000] {dag.py:3954} INFO - Setting next_dagrun for produce_json to 2026-09-06 14:00:00+00:00, run_after=2026-09-07 14:00:00+00:00
[2026-09-05T18:25:57.378+0000] {logging_mixin.py:188} INFO - [2026-09-05T18:25:57.377+0000] {dag.py:3954} INFO - Setting next_dagrun for update_db to 2026-09-06 15:00:00+00:00, run_after=2026-09-07 15:00:00+00:00
[2026-09-05T18:25:57.417+0000] {processor.py:183} INFO - Processing /opt/airflow/dags/main.py took 1.095 seconds
[2026-09-05T18:26:28.322+0000] {processor.py:161} INFO - Started process (PID=268) to work on /opt/airflow/dags/main.py
[2026-09-05T18:26:28.326+0000] {processor.py:830} INFO - Processing file /opt/airflow/dags/main.py for tasks to queue
[2026-09-05T18:26:28.339+0000] {logging_mixin.py:188} INFO - [2026-09-05T18:26:28.339+0000] {dagbag.py:545} INFO - Filling up the DagBag from /opt/airflow/dags/main.py
[2026-09-05T18:26:28.464+0000] {logging_mixin.py:188} INFO - channel id is not executed
[2026-09-05T18:26:28.744+0000] {processor.py:840} INFO - DAG(s) 'update_db', 'produce_json' retrieved from /opt/airflow/dags/main.py
[2026-09-05T18:26:29.150+0000] {logging_mixin.py:188} INFO - [2026-09-05T18:26:29.150+0000] {dag.py:3096} INFO - Sync 2 DAGs
[2026-09-05T18:26:29.195+0000] {logging_mixin.py:188} INFO - [2026-09-05T18:26:29.195+0000] {dag.py:3954} INFO - Setting next_dagrun for produce_json to 2026-09-06 14:00:00+00:00, run_after=2026-09-07 14:00:00+00:00
[2026-09-05T18:26:29.205+0000] {logging_mixin.py:188} INFO - [2026-09-05T18:26:29.205+0000] {dag.py:3954} INFO - Setting next_dagrun for update_db to 2026-09-06 15:00:00+00:00, run_after=2026-09-07 15:00:00+00:00
[2026-09-05T18:26:29.265+0000] {processor.py:183} INFO - Processing /opt/airflow/dags/main.py took 0.960 seconds
[2026-09-05T18:26:59.771+0000] {processor.py:161} INFO - Started process (PID=275) to work on /opt/airflow/dags/main.py
[2026-09-05T18:26:59.773+0000] {processor.py:830} INFO - Processing file /opt/airflow/dags/main.py for tasks to queue
[2026-09-05T18:26:59.777+0000] {logging_mixin.py:188} INFO - [2026-09-05T18:26:59.776+0000] {dagbag.py:545} INFO - Filling up the DagBag from /opt/airflow/dags/main.py
[2026-09-05T18:26:59.850+0000] {logging_mixin.py:188} INFO - channel id is not executed
[2026-09-05T18:26:59.957+0000] {processor.py:840} INFO - DAG(s) 'produce_json', 'update_db' retrieved from /opt/airflow/dags/main.py
[2026-09-05T18:27:00.170+0000] {logging_mixin.py:188} INFO - [2026-09-05T18:27:00.170+0000] {dag.py:3096} INFO - Sync 2 DAGs
[2026-09-05T18:27:00.209+0000] {logging_mixin.py:188} INFO - [2026-09-05T18:27:00.208+0000] {dag.py:3954} INFO - Setting next_dagrun for produce_json to 2026-09-06 14:00:00+00:00, run_after=2026-09-07 14:00:00+00:00
[2026-09-05T18:27:00.217+0000] {logging_mixin.py:188} INFO - [2026-09-05T18:27:00.217+0000] {dag.py:3954} INFO - Setting next_dagrun for update_db to 2026-09-06 15:00:00+00:00, run_after=2026-09-07 15:00:00+00:00
[2026-09-05T18:27:00.255+0000] {processor.py:183} INFO - Processing /opt/airflow/dags/main.py took 0.493 seconds
[2026-09-05T18:27:30.315+0000] {processor.py:161} INFO - Started process (PID=281) to work on /opt/airflow/dags/main.py
[2026-09-05T18:27:30.319+0000] {processor.py:830} INFO - Processing file /opt/airflow/dags/main.py for tasks to queue
[2026-09-05T18:27:30.341+0000] {logging_mixin.py:188} INFO - [2026-09-05T18:27:30.340+0000] {dagbag.py:545} INFO - Filling up the DagBag from /opt/airflow/dags/main.py
[2026-09-05T18:27:30.419+0000] {logging_mixin.py:188} INFO - channel id is not executed
[2026-09-05T18:27:30.525+0000] {processor.py:840} INFO - DAG(s) 'produce_json', 'update_db' retrieved from /opt/airflow/dags/main.py
[2026-09-05T18:27:31.153+0000] {logging_mixin.py:188} INFO - [2026-09-05T18:27:31.152+0000] {dag.py:3096} INFO - Sync 2 DAGs
[2026-09-05T18:27:31.212+0000] {logging_mixin.py:188} INFO - [2026-09-05T18:27:31.212+0000] {dag.py:3954} INFO - Setting next_dagrun for produce_json to 2026-09-06 14:00:00+00:00, run_after=2026-09-07 14:00:00+00:00
[2026-09-05T18:27:31.227+0000] {logging_mixin.py:188} INFO - [2026-09-05T18:27:31.227+0000] {dag.py:3954} INFO - Setting next_dagrun for update_db to 2026-09-06 15:00:00+00:00, run_after=2026-09-07 15:00:00+00:00
[2026-09-05T18:27:31.287+0000] {processor.py:183} INFO - Processing /opt/airflow/dags/main.py took 0.981 seconds
[2026-09-05T18:28:01.599+0000] {processor.py:161} INFO - Started process (PID=288) to work on /opt/airflow/dags/main.py
[2026-09-05T18:28:01.601+0000] {processor.py:830} INFO - Processing file /opt/airflow/dags/main.py for tasks to queue
[2026-09-05T18:28:01.618+0000] {logging_mixin.py:188} INFO - [2026-09-05T18:28:01.617+0000] {dagbag.py:545} INFO - Filling up the DagBag from /opt/airflow/dags/main.py
[2026-09-05T18:28:01.914+0000] {logging_mixin.py:188} INFO - channel id is not executed
[2026-09-05T18:28:02.064+0000] {processor.py:840} INFO - DAG(s) 'produce_json', 'update_db' retrieved from /opt/airflow/dags/main.py
[2026-09-05T18:28:02.506+0000] {logging_mixin.py:188} INFO - [2026-09-05T18:28:02.506+0000] {dag.py:3096} INFO - Sync 2 DAGs
[2026-09-05T18:28:02.941+0000] {logging_mixin.py:188} INFO - [2026-09-05T18:28:02.941+0000] {dag.py:3954} INFO - Setting next_dagrun for produce_json to 2026-09-06 14:00:00+00:00, run_after=2026-09-07 14:00:00+00:00
[2026-09-05T18:28:02.973+0000] {logging_mixin.py:188} INFO - [2026-09-05T18:28:02.973+0000] {dag.py:3954} INFO - Setting next_dagrun for update_db to 2026-09-06 15:00:00+00:00, run_after=2026-09-07 15:00:00+00:00
[2026-09-05T18:28:03.032+0000] {processor.py:183} INFO - Processing /opt/airflow/dags/main.py took 1.447 seconds
[2026-09-05T18:28:33.186+0000] {processor.py:161} INFO - Started process (PID=297) to work on /opt/airflow/dags/main.py
[2026-09-05T18:28:33.188+0000] {processor.py:830} INFO - Processing file /opt/airflow/dags/main.py for tasks to queue
[2026-09-05T18:28:33.197+0000] {logging_mixin.py:188} INFO - [2026-09-05T18:28:33.197+0000] {dagbag.py:545} INFO - Filling up the DagBag from /opt/airflow/dags/main.py
[2026-09-05T18:28:33.287+0000] {logging_mixin.py:188} INFO - channel id is not executed
[2026-09-05T18:28:33.674+0000] {processor.py:840} INFO - DAG(s) 'produce_json', 'update_db' retrieved from /opt/airflow/dags/main.py
[2026-09-05T18:28:34.118+0000] {logging_mixin.py:188} INFO - [2026-09-05T18:28:34.117+0000] {dag.py:3096} INFO - Sync 2 DAGs
[2026-09-05T18:28:34.210+0000] {logging_mixin.py:188} INFO - [2026-09-05T18:28:34.210+0000] {dag.py:3954} INFO - Setting next_dagrun for produce_json to 2026-09-06 14:00:00+00:00, run_after=2026-09-07 14:00:00+00:00
[2026-09-05T18:28:34.220+0000] {logging_mixin.py:188} INFO - [2026-09-05T18:28:34.219+0000] {dag.py:3954} INFO - Setting next_dagrun for update_db to 2026-09-06 15:00:00+00:00, run_after=2026-09-07 15:00:00+00:00
[2026-09-05T18:28:34.265+0000] {processor.py:183} INFO - Processing /opt/airflow/dags/main.py took 1.091 seconds
[2026-09-05T18:29:05.429+0000] {processor.py:161} INFO - Started process (PID=303) to work on /opt/airflow/dags/main.py
[2026-09-05T18:29:05.450+0000] {processor.py:830} INFO - Processing file /opt/airflow/dags/main.py for tasks to queue
[2026-09-05T18:29:05.469+0000] {logging_mixin.py:188} INFO - [2026-09-05T18:29:05.468+0000] {dagbag.py:545} INFO - Filling up the DagBag from /opt/airflow/dags/main.py
[2026-09-05T18:29:05.728+0000] {logging_mixin.py:188} INFO - channel id is not executed
[2026-09-05T18:29:06.282+0000] {processor.py:840} INFO - DAG(s) 'update_db', 'produce_json' retrieved from /opt/airflow/dags/main.py
[2026-09-05T18:29:07.768+0000] {logging_mixin.py:188} INFO - [2026-09-05T18:29:07.768+0000] {dag.py:3096} INFO - Sync 2 DAGs
[2026-09-05T18:29:08.052+0000] {logging_mixin.py:188} INFO - [2026-09-05T18:29:08.052+0000] {dag.py:3954} INFO - Setting next_dagrun for produce_json to 2026-09-06 14:00:00+00:00, run_after=2026-09-07 14:00:00+00:00
[2026-09-05T18:29:08.210+0000] {logging_mixin.py:188} INFO - [2026-09-05T18:29:08.210+0000] {dag.py:3954} INFO - Setting next_dagrun for update_db to 2026-09-06 15:00:00+00:00, run_after=2026-09-07 15:00:00+00:00
[2026-09-05T18:29:08.902+0000] {processor.py:183} INFO - Processing /opt/airflow/dags/main.py took 3.681 seconds
[2026-09-05T18:29:39.524+0000] {processor.py:161} INFO - Started process (PID=310) to work on /opt/airflow/dags/main.py
[2026-09-05T18:29:39.556+0000] {processor.py:830} INFO - Processing file /opt/airflow/dags/main.py for tasks to queue
[2026-09-05T18:29:39.579+0000] {logging_mixin.py:188} INFO - [2026-09-05T18:29:39.578+0000] {dagbag.py:545} INFO - Filling up the DagBag from /opt/airflow/dags/main.py
[2026-09-05T18:29:40.007+0000] {logging_mixin.py:188} INFO - channel id is not executed
[2026-09-05T18:29:40.320+0000] {processor.py:840} INFO - DAG(s) 'update_db', 'produce_json' retrieved from /opt/airflow/dags/main.py
[2026-09-05T18:29:40.691+0000] {logging_mixin.py:188} INFO - [2026-09-05T18:29:40.691+0000] {dag.py:3096} INFO - Sync 2 DAGs
[2026-09-05T18:29:40.898+0000] {logging_mixin.py:188} INFO - [2026-09-05T18:29:40.897+0000] {dag.py:3954} INFO - Setting next_dagrun for produce_json to 2026-09-06 14:00:00+00:00, run_after=2026-09-07 14:00:00+00:00
[2026-09-05T18:29:40.993+0000] {logging_mixin.py:188} INFO - [2026-09-05T18:29:40.992+0000] {dag.py:3954} INFO - Setting next_dagrun for update_db to 2026-09-06 15:00:00+00:00, run_after=2026-09-07 15:00:00+00:00
[2026-09-05T18:29:41.301+0000] {processor.py:183} INFO - Processing /opt/airflow/dags/main.py took 1.814 seconds
[2026-09-05T18:30:12.380+0000] {processor.py:161} INFO - Started process (PID=322) to work on /opt/airflow/dags/main.py
[2026-09-05T18:30:12.382+0000] {processor.py:830} INFO - Processing file /opt/airflow/dags/main.py for tasks to queue
[2026-09-05T18:30:12.386+0000] {logging_mixin.py:188} INFO - [2026-09-05T18:30:12.385+0000] {dagbag.py:545} INFO - Filling up the DagBag from /opt/airflow/dags/main.py
[2026-09-05T18:30:12.479+0000] {logging_mixin.py:188} INFO - channel id is not executed
[2026-09-05T18:30:12.911+0000] {processor.py:840} INFO - DAG(s) 'produce_json', 'update_db' retrieved from /opt/airflow/dags/main.py
[2026-09-05T18:30:13.232+0000] {logging_mixin.py:188} INFO - [2026-09-05T18:30:13.231+0000] {dag.py:3096} INFO - Sync 2 DAGs
[2026-09-05T18:30:13.279+0000] {logging_mixin.py:188} INFO - [2026-09-05T18:30:13.278+0000] {dag.py:3954} INFO - Setting next_dagrun for produce_json to 2026-09-06 14:00:00+00:00, run_after=2026-09-07 14:00:00+00:00
[2026-09-05T18:30:13.289+0000] {logging_mixin.py:188} INFO - [2026-09-05T18:30:13.288+0000] {dag.py:3954} INFO - Setting next_dagrun for update_db to 2026-09-06 15:00:00+00:00, run_after=2026-09-07 15:00:00+00:00
[2026-09-05T18:30:13.330+0000] {processor.py:183} INFO - Processing /opt/airflow/dags/main.py took 0.958 seconds
[2026-09-05T18:30:43.566+0000] {processor.py:161} INFO - Started process (PID=328) to work on /opt/airflow/dags/main.py
[2026-09-05T18:30:43.575+0000] {processor.py:830} INFO - Processing file /opt/airflow/dags/main.py for tasks to queue
[2026-09-05T18:30:43.593+0000] {logging_mixin.py:188} INFO - [2026-09-05T18:30:43.592+0000] {dagbag.py:545} INFO - Filling up the DagBag from /opt/airflow/dags/main.py
[2026-09-05T18:30:43.854+0000] {logging_mixin.py:188} INFO - channel id is not executed
[2026-09-05T18:30:43.955+0000] {processor.py:840} INFO - DAG(s) 'produce_json', 'update_db' retrieved from /opt/airflow/dags/main.py
[2026-09-05T18:30:44.184+0000] {logging_mixin.py:188} INFO - [2026-09-05T18:30:44.183+0000] {dag.py:3096} INFO - Sync 2 DAGs
[2026-09-05T18:30:44.225+0000] {logging_mixin.py:188} INFO - [2026-09-05T18:30:44.225+0000] {dag.py:3954} INFO - Setting next_dagrun for produce_json to 2026-09-06 14:00:00+00:00, run_after=2026-09-07 14:00:00+00:00
[2026-09-05T18:30:44.243+0000] {logging_mixin.py:188} INFO - [2026-09-05T18:30:44.243+0000] {dag.py:3954} INFO - Setting next_dagrun for update_db to 2026-09-06 15:00:00+00:00, run_after=2026-09-07 15:00:00+00:00
[2026-09-05T18:30:44.313+0000] {processor.py:183} INFO - Processing /opt/airflow/dags/main.py took 0.761 seconds
[2026-09-05T18:31:15.318+0000] {processor.py:161} INFO - Started process (PID=335) to work on /opt/airflow/dags/main.py
[2026-09-05T18:31:15.321+0000] {processor.py:830} INFO - Processing file /opt/airflow/dags/main.py for tasks to queue
[2026-09-05T18:31:15.326+0000] {logging_mixin.py:188} INFO - [2026-09-05T18:31:15.325+0000] {dagbag.py:545} INFO - Filling up the DagBag from /opt/airflow/dags/main.py
[2026-09-05T18:31:15.442+0000] {logging_mixin.py:188} INFO - channel id is not executed
[2026-09-05T18:31:15.557+0000] {processor.py:840} INFO - DAG(s) 'produce_json', 'update_db' retrieved from /opt/airflow/dags/main.py
[2026-09-05T18:31:15.866+0000] {logging_mixin.py:188} INFO - [2026-09-05T18:31:15.866+0000] {dag.py:3096} INFO - Sync 2 DAGs
[2026-09-05T18:31:15.905+0000] {logging_mixin.py:188} INFO - [2026-09-05T18:31:15.905+0000] {dag.py:3954} INFO - Setting next_dagrun for produce_json to 2026-09-06 14:00:00+00:00, run_after=2026-09-07 14:00:00+00:00
[2026-09-05T18:31:15.914+0000] {logging_mixin.py:188} INFO - [2026-09-05T18:31:15.914+0000] {dag.py:3954} INFO - Setting next_dagrun for update_db to 2026-09-06 15:00:00+00:00, run_after=2026-09-07 15:00:00+00:00
[2026-09-05T18:31:15.967+0000] {processor.py:183} INFO - Processing /opt/airflow/dags/main.py took 0.662 seconds
[2026-09-05T18:31:46.972+0000] {processor.py:161} INFO - Started process (PID=342) to work on /opt/airflow/dags/main.py
[2026-09-05T18:31:46.975+0000] {processor.py:830} INFO - Processing file /opt/airflow/dags/main.py for tasks to queue
[2026-09-05T18:31:46.983+0000] {logging_mixin.py:188} INFO - [2026-09-05T18:31:46.982+0000] {dagbag.py:545} INFO - Filling up the DagBag from /opt/airflow/dags/main.py
[2026-09-05T18:31:47.160+0000] {logging_mixin.py:188} INFO - channel id is not executed
[2026-09-05T18:31:47.437+0000] {processor.py:840} INFO - DAG(s) 'update_db', 'produce_json' retrieved from /opt/airflow/dags/main.py
[2026-09-05T18:31:48.014+0000] {logging_mixin.py:188} INFO - [2026-09-05T18:31:48.013+0000] {dag.py:3096} INFO - Sync 2 DAGs
[2026-09-05T18:31:48.126+0000] {logging_mixin.py:188} INFO - [2026-09-05T18:31:48.125+0000] {dag.py:3954} INFO - Setting next_dagrun for produce_json to 2026-09-06 14:00:00+00:00, run_after=2026-09-07 14:00:00+00:00
[2026-09-05T18:31:48.156+0000] {logging_mixin.py:188} INFO - [2026-09-05T18:31:48.145+0000] {dag.py:3954} INFO - Setting next_dagrun for update_db to 2026-09-06 15:00:00+00:00, run_after=2026-09-07 15:00:00+00:00
[2026-09-05T18:31:48.239+0000] {processor.py:183} INFO - Processing /opt/airflow/dags/main.py took 1.288 seconds
[2026-09-05T18:32:19.341+0000] {processor.py:161} INFO - Started process (PID=348) to work on /opt/airflow/dags/main.py
[2026-09-05T18:32:19.381+0000] {processor.py:830} INFO - Processing file /opt/airflow/dags/main.py for tasks to queue
[2026-09-05T18:32:19.394+0000] {logging_mixin.py:188} INFO - [2026-09-05T18:32:19.393+0000] {dagbag.py:545} INFO - Filling up the DagBag from /opt/airflow/dags/main.py
[2026-09-05T18:32:19.552+0000] {logging_mixin.py:188} INFO - channel id is not executed
[2026-09-05T18:32:19.727+0000] {processor.py:840} INFO - DAG(s) 'produce_json', 'update_db' retrieved from /opt/airflow/dags/main.py
[2026-09-05T18:32:20.096+0000] {logging_mixin.py:188} INFO - [2026-09-05T18:32:20.096+0000] {dag.py:3096} INFO - Sync 2 DAGs
[2026-09-05T18:32:20.187+0000] {logging_mixin.py:188} INFO - [2026-09-05T18:32:20.186+0000] {dag.py:3954} INFO - Setting next_dagrun for produce_json to 2026-09-06 14:00:00+00:00, run_after=2026-09-07 14:00:00+00:00
[2026-09-05T18:32:20.196+0000] {logging_mixin.py:188} INFO - [2026-09-05T18:32:20.196+0000] {dag.py:3954} INFO - Setting next_dagrun for update_db to 2026-09-06 15:00:00+00:00, run_after=2026-09-07 15:00:00+00:00
[2026-09-05T18:32:20.267+0000] {processor.py:183} INFO - Processing /opt/airflow/dags/main.py took 0.942 seconds
[2026-09-05T18:32:51.614+0000] {processor.py:161} INFO - Started process (PID=355) to work on /opt/airflow/dags/main.py
[2026-09-05T18:32:51.648+0000] {processor.py:830} INFO - Processing file /opt/airflow/dags/main.py for tasks to queue
[2026-09-05T18:32:51.725+0000] {logging_mixin.py:188} INFO - [2026-09-05T18:32:51.724+0000] {dagbag.py:545} INFO - Filling up the DagBag from /opt/airflow/dags/main.py
[2026-09-05T18:32:52.789+0000] {logging_mixin.py:188} INFO - channel id is not executed
[2026-09-05T18:32:53.238+0000] {processor.py:840} INFO - DAG(s) 'produce_json', 'update_db' retrieved from /opt/airflow/dags/main.py
[2026-09-05T18:32:53.998+0000] {logging_mixin.py:188} INFO - [2026-09-05T18:32:53.998+0000] {dag.py:3096} INFO - Sync 2 DAGs
[2026-09-05T18:32:54.105+0000] {logging_mixin.py:188} INFO - [2026-09-05T18:32:54.104+0000] {dag.py:3954} INFO - Setting next_dagrun for produce_json to 2026-09-06 14:00:00+00:00, run_after=2026-09-07 14:00:00+00:00
[2026-09-05T18:32:54.126+0000] {logging_mixin.py:188} INFO - [2026-09-05T18:32:54.125+0000] {dag.py:3954} INFO - Setting next_dagrun for update_db to 2026-09-06 15:00:00+00:00, run_after=2026-09-07 15:00:00+00:00
[2026-09-05T18:32:54.253+0000] {processor.py:183} INFO - Processing /opt/airflow/dags/main.py took 2.865 seconds
[2026-09-05T18:33:26.305+0000] {processor.py:161} INFO - Started process (PID=363) to work on /opt/airflow/dags/main.py
[2026-09-05T18:33:26.341+0000] {processor.py:830} INFO - Processing file /opt/airflow/dags/main.py for tasks to queue
[2026-09-05T18:33:26.355+0000] {logging_mixin.py:188} INFO - [2026-09-05T18:33:26.354+0000] {dagbag.py:545} INFO - Filling up the DagBag from /opt/airflow/dags/main.py
[2026-09-05T18:33:26.798+0000] {logging_mixin.py:188} INFO - channel id is not executed
[2026-09-05T18:33:27.681+0000] {processor.py:840} INFO - DAG(s) 'update_db', 'produce_json' retrieved from /opt/airflow/dags/main.py
[2026-09-05T18:33:28.587+0000] {logging_mixin.py:188} INFO - [2026-09-05T18:33:28.586+0000] {dag.py:3096} INFO - Sync 2 DAGs
[2026-09-05T18:33:28.702+0000] {logging_mixin.py:188} INFO - [2026-09-05T18:33:28.702+0000] {dag.py:3954} INFO - Setting next_dagrun for produce_json to 2026-09-06 14:00:00+00:00, run_after=2026-09-07 14:00:00+00:00
[2026-09-05T18:33:28.846+0000] {logging_mixin.py:188} INFO - [2026-09-05T18:33:28.845+0000] {dag.py:3954} INFO - Setting next_dagrun for update_db to 2026-09-06 15:00:00+00:00, run_after=2026-09-07 15:00:00+00:00
[2026-09-05T18:33:29.159+0000] {processor.py:183} INFO - Processing /opt/airflow/dags/main.py took 2.888 seconds
[2026-09-05T18:33:59.959+0000] {processor.py:161} INFO - Started process (PID=370) to work on /opt/airflow/dags/main.py
[2026-09-05T18:33:59.962+0000] {processor.py:830} INFO - Processing file /opt/airflow/dags/main.py for tasks to queue
[2026-09-05T18:33:59.969+0000] {logging_mixin.py:188} INFO - [2026-09-05T18:33:59.968+0000] {dagbag.py:545} INFO - Filling up the DagBag from /opt/airflow/dags/main.py
[2026-09-05T18:34:00.075+0000] {logging_mixin.py:188} INFO - channel id is not executed
[2026-09-05T18:34:00.360+0000] {processor.py:840} INFO - DAG(s) 'update_db', 'produce_json' retrieved from /opt/airflow/dags/main.py
[2026-09-05T18:34:00.861+0000] {logging_mixin.py:188} INFO - [2026-09-05T18:34:00.860+0000] {dag.py:3096} INFO - Sync 2 DAGs
[2026-09-05T18:34:00.933+0000] {logging_mixin.py:188} INFO - [2026-09-05T18:34:00.933+0000] {dag.py:3954} INFO - Setting next_dagrun for produce_json to 2026-09-06 14:00:00+00:00, run_after=2026-09-07 14:00:00+00:00
[2026-09-05T18:34:00.942+0000] {logging_mixin.py:188} INFO - [2026-09-05T18:34:00.941+0000] {dag.py:3954} INFO - Setting next_dagrun for update_db to 2026-09-06 15:00:00+00:00, run_after=2026-09-07 15:00:00+00:00
[2026-09-05T18:34:01.000+0000] {processor.py:183} INFO - Processing /opt/airflow/dags/main.py took 1.054 seconds
[2026-09-05T18:34:31.188+0000] {processor.py:161} INFO - Started process (PID=377) to work on /opt/airflow/dags/main.py
[2026-09-05T18:34:31.190+0000] {processor.py:830} INFO - Processing file /opt/airflow/dags/main.py for tasks to queue
[2026-09-05T18:34:31.195+0000] {logging_mixin.py:188} INFO - [2026-09-05T18:34:31.194+0000] {dagbag.py:545} INFO - Filling up the DagBag from /opt/airflow/dags/main.py
[2026-09-05T18:34:31.418+0000] {logging_mixin.py:188} INFO - channel id is not executed
[2026-09-05T18:34:32.222+0000] {processor.py:840} INFO - DAG(s) 'update_db', 'produce_json' retrieved from /opt/airflow/dags/main.py
[2026-09-05T18:34:32.871+0000] {logging_mixin.py:188} INFO - [2026-09-05T18:34:32.871+0000] {dag.py:3096} INFO - Sync 2 DAGs
[2026-09-05T18:34:32.939+0000] {logging_mixin.py:188} INFO - [2026-09-05T18:34:32.938+0000] {dag.py:3954} INFO - Setting next_dagrun for produce_json to 2026-09-06 14:00:00+00:00, run_after=2026-09-07 14:00:00+00:00
[2026-09-05T18:34:32.951+0000] {logging_mixin.py:188} INFO - [2026-09-05T18:34:32.950+0000] {dag.py:3954} INFO - Setting next_dagrun for update_db to 2026-09-06 15:00:00+00:00, run_after=2026-09-07 15:00:00+00:00
[2026-09-05T18:34:33.040+0000] {processor.py:183} INFO - Processing /opt/airflow/dags/main.py took 1.862 seconds
[2026-09-05T18:35:03.758+0000] {processor.py:161} INFO - Started process (PID=383) to work on /opt/airflow/dags/main.py
[2026-09-05T18:35:03.760+0000] {processor.py:830} INFO - Processing file /opt/airflow/dags/main.py for tasks to queue
[2026-09-05T18:35:03.764+0000] {logging_mixin.py:188} INFO - [2026-09-05T18:35:03.763+0000] {dagbag.py:545} INFO - Filling up the DagBag from /opt/airflow/dags/main.py
[2026-09-05T18:35:03.848+0000] {logging_mixin.py:188} INFO - channel id is not executed
[2026-09-05T18:35:04.144+0000] {processor.py:840} INFO - DAG(s) 'update_db', 'produce_json' retrieved from /opt/airflow/dags/main.py
[2026-09-05T18:35:04.460+0000] {logging_mixin.py:188} INFO - [2026-09-05T18:35:04.459+0000] {dag.py:3096} INFO - Sync 2 DAGs
[2026-09-05T18:35:04.506+0000] {logging_mixin.py:188} INFO - [2026-09-05T18:35:04.505+0000] {dag.py:3954} INFO - Setting next_dagrun for produce_json to 2026-09-06 14:00:00+00:00, run_after=2026-09-07 14:00:00+00:00
[2026-09-05T18:35:04.515+0000] {logging_mixin.py:188} INFO - [2026-09-05T18:35:04.514+0000] {dag.py:3954} INFO - Setting next_dagrun for update_db to 2026-09-06 15:00:00+00:00, run_after=2026-09-07 15:00:00+00:00
[2026-09-05T18:35:04.557+0000] {processor.py:183} INFO - Processing /opt/airflow/dags/main.py took 0.810 seconds
[2026-09-05T18:35:35.535+0000] {processor.py:161} INFO - Started process (PID=390) to work on /opt/airflow/dags/main.py
[2026-09-05T18:35:35.542+0000] {processor.py:830} INFO - Processing file /opt/airflow/dags/main.py for tasks to queue
[2026-09-05T18:35:35.546+0000] {logging_mixin.py:188} INFO - [2026-09-05T18:35:35.545+0000] {dagbag.py:545} INFO - Filling up the DagBag from /opt/airflow/dags/main.py
[2026-09-05T18:35:35.632+0000] {logging_mixin.py:188} INFO - channel id is not executed
[2026-09-05T18:35:35.766+0000] {processor.py:840} INFO - DAG(s) 'update_db', 'produce_json' retrieved from /opt/airflow/dags/main.py
[2026-09-05T18:35:36.217+0000] {logging_mixin.py:188} INFO - [2026-09-05T18:35:36.217+0000] {dag.py:3096} INFO - Sync 2 DAGs
[2026-09-05T18:35:36.327+0000] {logging_mixin.py:188} INFO - [2026-09-05T18:35:36.326+0000] {dag.py:3954} INFO - Setting next_dagrun for produce_json to 2026-09-06 14:00:00+00:00, run_after=2026-09-07 14:00:00+00:00
[2026-09-05T18:35:36.339+0000] {logging_mixin.py:188} INFO - [2026-09-05T18:35:36.334+0000] {dag.py:3954} INFO - Setting next_dagrun for update_db to 2026-09-06 15:00:00+00:00, run_after=2026-09-07 15:00:00+00:00
[2026-09-05T18:35:36.411+0000] {processor.py:183} INFO - Processing /opt/airflow/dags/main.py took 0.890 seconds
[2026-09-05T18:36:06.707+0000] {processor.py:161} INFO - Started process (PID=398) to work on /opt/airflow/dags/main.py
[2026-09-05T18:36:06.721+0000] {processor.py:830} INFO - Processing file /opt/airflow/dags/main.py for tasks to queue
[2026-09-05T18:36:06.776+0000] {logging_mixin.py:188} INFO - [2026-09-05T18:36:06.775+0000] {dagbag.py:545} INFO - Filling up the DagBag from /opt/airflow/dags/main.py
[2026-09-05T18:36:06.979+0000] {logging_mixin.py:188} INFO - channel id is not executed
[2026-09-05T18:36:07.213+0000] {processor.py:840} INFO - DAG(s) 'update_db', 'produce_json' retrieved from /opt/airflow/dags/main.py
[2026-09-05T18:36:07.694+0000] {logging_mixin.py:188} INFO - [2026-09-05T18:36:07.693+0000] {dag.py:3096} INFO - Sync 2 DAGs
[2026-09-05T18:36:07.753+0000] {logging_mixin.py:188} INFO - [2026-09-05T18:36:07.752+0000] {dag.py:3954} INFO - Setting next_dagrun for produce_json to 2026-09-06 14:00:00+00:00, run_after=2026-09-07 14:00:00+00:00
[2026-09-05T18:36:07.762+0000] {logging_mixin.py:188} INFO - [2026-09-05T18:36:07.762+0000] {dag.py:3954} INFO - Setting next_dagrun for update_db to 2026-09-06 15:00:00+00:00, run_after=2026-09-07 15:00:00+00:00
[2026-09-05T18:36:07.817+0000] {processor.py:183} INFO - Processing /opt/airflow/dags/main.py took 1.156 seconds
[2026-09-05T18:36:38.047+0000] {processor.py:161} INFO - Started process (PID=404) to work on /opt/airflow/dags/main.py
[2026-09-05T18:36:38.049+0000] {processor.py:830} INFO - Processing file /opt/airflow/dags/main.py for tasks to queue
[2026-09-05T18:36:38.053+0000] {logging_mixin.py:188} INFO - [2026-09-05T18:36:38.052+0000] {dagbag.py:545} INFO - Filling up the DagBag from /opt/airflow/dags/main.py
[2026-09-05T18:36:38.183+0000] {logging_mixin.py:188} INFO - channel id is not executed
[2026-09-05T18:36:38.394+0000] {processor.py:840} INFO - DAG(s) 'produce_json', 'update_db' retrieved from /opt/airflow/dags/main.py
[2026-09-05T18:36:38.740+0000] {logging_mixin.py:188} INFO - [2026-09-05T18:36:38.739+0000] {dag.py:3096} INFO - Sync 2 DAGs
[2026-09-05T18:36:38.781+0000] {logging_mixin.py:188} INFO - [2026-09-05T18:36:38.781+0000] {dag.py:3954} INFO - Setting next_dagrun for produce_json to 2026-09-06 14:00:00+00:00, run_after=2026-09-07 14:00:00+00:00
[2026-09-05T18:36:38.790+0000] {logging_mixin.py:188} INFO - [2026-09-05T18:36:38.790+0000] {dag.py:3954} INFO - Setting next_dagrun for update_db to 2026-09-06 15:00:00+00:00, run_after=2026-09-07 15:00:00+00:00
[2026-09-05T18:36:38.841+0000] {processor.py:183} INFO - Processing /opt/airflow/dags/main.py took 0.807 seconds
[2026-09-05T18:37:09.364+0000] {processor.py:161} INFO - Started process (PID=411) to work on /opt/airflow/dags/main.py
[2026-09-05T18:37:09.405+0000] {processor.py:830} INFO - Processing file /opt/airflow/dags/main.py for tasks to queue
[2026-09-05T18:37:09.413+0000] {logging_mixin.py:188} INFO - [2026-09-05T18:37:09.412+0000] {dagbag.py:545} INFO - Filling up the DagBag from /opt/airflow/dags/main.py
[2026-09-05T18:37:09.533+0000] {logging_mixin.py:188} INFO - channel id is not executed
[2026-09-05T18:37:09.657+0000] {processor.py:840} INFO - DAG(s) 'update_db', 'produce_json' retrieved from /opt/airflow/dags/main.py
[2026-09-05T18:37:09.972+0000] {logging_mixin.py:188} INFO - [2026-09-05T18:37:09.972+0000] {dag.py:3096} INFO - Sync 2 DAGs
[2026-09-05T18:37:10.027+0000] {logging_mixin.py:188} INFO - [2026-09-05T18:37:10.027+0000] {dag.py:3954} INFO - Setting next_dagrun for produce_json to 2026-09-06 14:00:00+00:00, run_after=2026-09-07 14:00:00+00:00
[2026-09-05T18:37:10.044+0000] {logging_mixin.py:188} INFO - [2026-09-05T18:37:10.044+0000] {dag.py:3954} INFO - Setting next_dagrun for update_db to 2026-09-06 15:00:00+00:00, run_after=2026-09-07 15:00:00+00:00
[2026-09-05T18:37:10.093+0000] {processor.py:183} INFO - Processing /opt/airflow/dags/main.py took 0.750 seconds
[2026-09-05T18:37:40.347+0000] {processor.py:161} INFO - Started process (PID=418) to work on /opt/airflow/dags/main.py
[2026-09-05T18:37:40.350+0000] {processor.py:830} INFO - Processing file /opt/airflow/dags/main.py for tasks to queue
[2026-09-05T18:37:40.377+0000] {logging_mixin.py:188} INFO - [2026-09-05T18:37:40.377+0000] {dagbag.py:545} INFO - Filling up the DagBag from /opt/airflow/dags/main.py
[2026-09-05T18:37:40.550+0000] {logging_mixin.py:188} INFO - channel id is not executed
[2026-09-05T18:37:40.892+0000] {processor.py:840} INFO - DAG(s) 'produce_json', 'update_db' retrieved from /opt/airflow/dags/main.py
[2026-09-05T18:37:41.457+0000] {logging_mixin.py:188} INFO - [2026-09-05T18:37:41.457+0000] {dag.py:3096} INFO - Sync 2 DAGs
[2026-09-05T18:37:41.496+0000] {logging_mixin.py:188} INFO - [2026-09-05T18:37:41.495+0000] {dag.py:3954} INFO - Setting next_dagrun for produce_json to 2026-09-06 14:00:00+00:00, run_after=2026-09-07 14:00:00+00:00
[2026-09-05T18:37:41.504+0000] {logging_mixin.py:188} INFO - [2026-09-05T18:37:41.504+0000] {dag.py:3954} INFO - Setting next_dagrun for update_db to 2026-09-06 15:00:00+00:00, run_after=2026-09-07 15:00:00+00:00
[2026-09-05T18:37:41.574+0000] {processor.py:183} INFO - Processing /opt/airflow/dags/main.py took 1.250 seconds
[2026-09-05T18:38:12.556+0000] {processor.py:161} INFO - Started process (PID=426) to work on /opt/airflow/dags/main.py
[2026-09-05T18:38:12.558+0000] {processor.py:830} INFO - Processing file /opt/airflow/dags/main.py for tasks to queue
[2026-09-05T18:38:12.562+0000] {logging_mixin.py:188} INFO - [2026-09-05T18:38:12.561+0000] {dagbag.py:545} INFO - Filling up the DagBag from /opt/airflow/dags/main.py
[2026-09-05T18:38:12.671+0000] {logging_mixin.py:188} INFO - channel id is not executed
[2026-09-05T18:38:12.799+0000] {processor.py:840} INFO - DAG(s) 'produce_json', 'update_db' retrieved from /opt/airflow/dags/main.py
[2026-09-05T18:38:13.372+0000] {logging_mixin.py:188} INFO - [2026-09-05T18:38:13.371+0000] {dag.py:3096} INFO - Sync 2 DAGs
[2026-09-05T18:38:13.429+0000] {logging_mixin.py:188} INFO - [2026-09-05T18:38:13.429+0000] {dag.py:3954} INFO - Setting next_dagrun for produce_json to 2026-09-06 14:00:00+00:00, run_after=2026-09-07 14:00:00+00:00
[2026-09-05T18:38:13.445+0000] {logging_mixin.py:188} INFO - [2026-09-05T18:38:13.445+0000] {dag.py:3954} INFO - Setting next_dagrun for update_db to 2026-09-06 15:00:00+00:00, run_after=2026-09-07 15:00:00+00:00
[2026-09-05T18:38:13.654+0000] {processor.py:183} INFO - Processing /opt/airflow/dags/main.py took 1.109 seconds
[2026-09-05T18:38:44.415+0000] {processor.py:161} INFO - Started process (PID=433) to work on /opt/airflow/dags/main.py
[2026-09-05T18:38:44.417+0000] {processor.py:830} INFO - Processing file /opt/airflow/dags/main.py for tasks to queue
[2026-09-05T18:38:44.421+0000] {logging_mixin.py:188} INFO - [2026-09-05T18:38:44.421+0000] {dagbag.py:545} INFO - Filling up the DagBag from /opt/airflow/dags/main.py
[2026-09-05T18:38:44.541+0000] {logging_mixin.py:188} INFO - channel id is not executed
[2026-09-05T18:38:44.932+0000] {processor.py:840} INFO - DAG(s) 'produce_json', 'update_db' retrieved from /opt/airflow/dags/main.py
[2026-09-05T18:38:45.379+0000] {logging_mixin.py:188} INFO - [2026-09-05T18:38:45.378+0000] {dag.py:3096} INFO - Sync 2 DAGs
[2026-09-05T18:38:45.605+0000] {logging_mixin.py:188} INFO - [2026-09-05T18:38:45.605+0000] {dag.py:3954} INFO - Setting next_dagrun for produce_json to 2026-09-06 14:00:00+00:00, run_after=2026-09-07 14:00:00+00:00
[2026-09-05T18:38:45.626+0000] {logging_mixin.py:188} INFO - [2026-09-05T18:38:45.625+0000] {dag.py:3954} INFO - Setting next_dagrun for update_db to 2026-09-06 15:00:00+00:00, run_after=2026-09-07 15:00:00+00:00
[2026-09-05T18:38:45.783+0000] {processor.py:183} INFO - Processing /opt/airflow/dags/main.py took 1.379 seconds
[2026-09-05T18:39:16.217+0000] {processor.py:161} INFO - Started process (PID=440) to work on /opt/airflow/dags/main.py
[2026-09-05T18:39:16.221+0000] {processor.py:830} INFO - Processing file /opt/airflow/dags/main.py for tasks to queue
[2026-09-05T18:39:16.226+0000] {logging_mixin.py:188} INFO - [2026-09-05T18:39:16.225+0000] {dagbag.py:545} INFO - Filling up the DagBag from /opt/airflow/dags/main.py
[2026-09-05T18:39:17.493+0000] {logging_mixin.py:188} INFO - channel id is not executed
[2026-09-05T18:39:18.159+0000] {processor.py:840} INFO - DAG(s) 'update_db', 'produce_json' retrieved from /opt/airflow/dags/main.py
[2026-09-05T18:39:18.541+0000] {logging_mixin.py:188} INFO - [2026-09-05T18:39:18.541+0000] {dag.py:3096} INFO - Sync 2 DAGs
[2026-09-05T18:39:18.785+0000] {logging_mixin.py:188} INFO - [2026-09-05T18:39:18.785+0000] {dag.py:3954} INFO - Setting next_dagrun for produce_json to 2026-09-06 14:00:00+00:00, run_after=2026-09-07 14:00:00+00:00
[2026-09-05T18:39:18.806+0000] {logging_mixin.py:188} INFO - [2026-09-05T18:39:18.806+0000] {dag.py:3954} INFO - Setting next_dagrun for update_db to 2026-09-06 15:00:00+00:00, run_after=2026-09-07 15:00:00+00:00
[2026-09-05T18:39:18.951+0000] {processor.py:183} INFO - Processing /opt/airflow/dags/main.py took 2.747 seconds
[2026-09-05T18:39:49.494+0000] {processor.py:161} INFO - Started process (PID=453) to work on /opt/airflow/dags/main.py
[2026-09-05T18:39:49.504+0000] {processor.py:830} INFO - Processing file /opt/airflow/dags/main.py for tasks to queue
[2026-09-05T18:39:49.509+0000] {logging_mixin.py:188} INFO - [2026-09-05T18:39:49.508+0000] {dagbag.py:545} INFO - Filling up the DagBag from /opt/airflow/dags/main.py
[2026-09-05T18:39:49.756+0000] {logging_mixin.py:188} INFO - channel id is not executed
[2026-09-05T18:39:49.936+0000] {processor.py:840} INFO - DAG(s) 'update_db', 'produce_json' retrieved from /opt/airflow/dags/main.py
[2026-09-05T18:39:50.174+0000] {logging_mixin.py:188} INFO - [2026-09-05T18:39:50.174+0000] {dag.py:3096} INFO - Sync 2 DAGs
[2026-09-05T18:39:50.296+0000] {logging_mixin.py:188} INFO - [2026-09-05T18:39:50.296+0000] {dag.py:3954} INFO - Setting next_dagrun for produce_json to 2026-09-06 14:00:00+00:00, run_after=2026-09-07 14:00:00+00:00
[2026-09-05T18:39:50.319+0000] {logging_mixin.py:188} INFO - [2026-09-05T18:39:50.318+0000] {dag.py:3954} INFO - Setting next_dagrun for update_db to 2026-09-06 15:00:00+00:00, run_after=2026-09-07 15:00:00+00:00
[2026-09-05T18:39:50.369+0000] {processor.py:183} INFO - Processing /opt/airflow/dags/main.py took 0.890 seconds
[2026-09-05T18:40:20.674+0000] {processor.py:161} INFO - Started process (PID=460) to work on /opt/airflow/dags/main.py
[2026-09-05T18:40:20.677+0000] {processor.py:830} INFO - Processing file /opt/airflow/dags/main.py for tasks to queue
[2026-09-05T18:40:20.682+0000] {logging_mixin.py:188} INFO - [2026-09-05T18:40:20.681+0000] {dagbag.py:545} INFO - Filling up the DagBag from /opt/airflow/dags/main.py
[2026-09-05T18:40:20.766+0000] {logging_mixin.py:188} INFO - channel id is not executed
[2026-09-05T18:40:20.980+0000] {processor.py:840} INFO - DAG(s) 'produce_json', 'update_db' retrieved from /opt/airflow/dags/main.py
[2026-09-05T18:40:21.228+0000] {logging_mixin.py:188} INFO - [2026-09-05T18:40:21.227+0000] {dag.py:3096} INFO - Sync 2 DAGs
[2026-09-05T18:40:21.267+0000] {logging_mixin.py:188} INFO - [2026-09-05T18:40:21.267+0000] {dag.py:3954} INFO - Setting next_dagrun for produce_json to 2026-09-06 14:00:00+00:00, run_after=2026-09-07 14:00:00+00:00
[2026-09-05T18:40:21.276+0000] {logging_mixin.py:188} INFO - [2026-09-05T18:40:21.275+0000] {dag.py:3954} INFO - Setting next_dagrun for update_db to 2026-09-06 15:00:00+00:00, run_after=2026-09-07 15:00:00+00:00
[2026-09-05T18:40:21.314+0000] {processor.py:183} INFO - Processing /opt/airflow/dags/main.py took 0.654 seconds
[2026-09-05T18:40:52.153+0000] {processor.py:161} INFO - Started process (PID=467) to work on /opt/airflow/dags/main.py
[2026-09-05T18:40:52.155+0000] {processor.py:830} INFO - Processing file /opt/airflow/dags/main.py for tasks to queue
[2026-09-05T18:40:52.161+0000] {logging_mixin.py:188} INFO - [2026-09-05T18:40:52.159+0000] {dagbag.py:545} INFO - Filling up the DagBag from /opt/airflow/dags/main.py
[2026-09-05T18:40:52.570+0000] {logging_mixin.py:188} INFO - channel id is not executed
[2026-09-05T18:40:52.666+0000] {processor.py:840} INFO - DAG(s) 'produce_json', 'update_db' retrieved from /opt/airflow/dags/main.py
[2026-09-05T18:40:52.949+0000] {logging_mixin.py:188} INFO - [2026-09-05T18:40:52.949+0000] {dag.py:3096} INFO - Sync 2 DAGs
[2026-09-05T18:40:52.987+0000] {logging_mixin.py:188} INFO - [2026-09-05T18:40:52.986+0000] {dag.py:3954} INFO - Setting next_dagrun for produce_json to 2026-09-06 14:00:00+00:00, run_after=2026-09-07 14:00:00+00:00
[2026-09-05T18:40:53.004+0000] {logging_mixin.py:188} INFO - [2026-09-05T18:40:53.003+0000] {dag.py:3954} INFO - Setting next_dagrun for update_db to 2026-09-06 15:00:00+00:00, run_after=2026-09-07 15:00:00+00:00
[2026-09-05T18:40:53.063+0000] {processor.py:183} INFO - Processing /opt/airflow/dags/main.py took 0.929 seconds
[2026-09-05T18:41:23.357+0000] {processor.py:161} INFO - Started process (PID=474) to work on /opt/airflow/dags/main.py
[2026-09-05T18:41:23.363+0000] {processor.py:830} INFO - Processing file /opt/airflow/dags/main.py for tasks to queue
[2026-09-05T18:41:23.370+0000] {logging_mixin.py:188} INFO - [2026-09-05T18:41:23.369+0000] {dagbag.py:545} INFO - Filling up the DagBag from /opt/airflow/dags/main.py
[2026-09-05T18:41:23.481+0000] {logging_mixin.py:188} INFO - channel id is not executed
[2026-09-05T18:41:23.660+0000] {processor.py:840} INFO - DAG(s) 'produce_json', 'update_db' retrieved from /opt/airflow/dags/main.py
[2026-09-05T18:41:24.220+0000] {logging_mixin.py:188} INFO - [2026-09-05T18:41:24.219+0000] {dag.py:3096} INFO - Sync 2 DAGs
[2026-09-05T18:41:24.362+0000] {logging_mixin.py:188} INFO - [2026-09-05T18:41:24.361+0000] {dag.py:3954} INFO - Setting next_dagrun for produce_json to 2026-09-06 14:00:00+00:00, run_after=2026-09-07 14:00:00+00:00
[2026-09-05T18:41:24.627+0000] {logging_mixin.py:188} INFO - [2026-09-05T18:41:24.626+0000] {dag.py:3954} INFO - Setting next_dagrun for update_db to 2026-09-06 15:00:00+00:00, run_after=2026-09-07 15:00:00+00:00
[2026-09-05T18:41:24.837+0000] {processor.py:183} INFO - Processing /opt/airflow/dags/main.py took 1.502 seconds
[2026-09-05T18:41:55.895+0000] {processor.py:161} INFO - Started process (PID=481) to work on /opt/airflow/dags/main.py
[2026-09-05T18:41:55.898+0000] {processor.py:830} INFO - Processing file /opt/airflow/dags/main.py for tasks to queue
[2026-09-05T18:41:55.914+0000] {logging_mixin.py:188} INFO - [2026-09-05T18:41:55.913+0000] {dagbag.py:545} INFO - Filling up the DagBag from /opt/airflow/dags/main.py
[2026-09-05T18:41:56.030+0000] {logging_mixin.py:188} INFO - channel id is not executed
[2026-09-05T18:41:56.180+0000] {processor.py:840} INFO - DAG(s) 'produce_json', 'update_db' retrieved from /opt/airflow/dags/main.py
[2026-09-05T18:41:56.600+0000] {logging_mixin.py:188} INFO - [2026-09-05T18:41:56.600+0000] {dag.py:3096} INFO - Sync 2 DAGs
[2026-09-05T18:41:56.658+0000] {logging_mixin.py:188} INFO - [2026-09-05T18:41:56.657+0000] {dag.py:3954} INFO - Setting next_dagrun for produce_json to 2026-09-06 14:00:00+00:00, run_after=2026-09-07 14:00:00+00:00
[2026-09-05T18:41:56.673+0000] {logging_mixin.py:188} INFO - [2026-09-05T18:41:56.672+0000] {dag.py:3954} INFO - Setting next_dagrun for update_db to 2026-09-06 15:00:00+00:00, run_after=2026-09-07 15:00:00+00:00
[2026-09-05T18:41:56.714+0000] {processor.py:183} INFO - Processing /opt/airflow/dags/main.py took 0.839 seconds
[2026-09-05T18:42:27.575+0000] {processor.py:161} INFO - Started process (PID=488) to work on /opt/airflow/dags/main.py
[2026-09-05T18:42:27.589+0000] {processor.py:830} INFO - Processing file /opt/airflow/dags/main.py for tasks to queue
[2026-09-05T18:42:27.593+0000] {logging_mixin.py:188} INFO - [2026-09-05T18:42:27.592+0000] {dagbag.py:545} INFO - Filling up the DagBag from /opt/airflow/dags/main.py
[2026-09-05T18:42:27.718+0000] {logging_mixin.py:188} INFO - channel id is not executed
[2026-09-05T18:42:27.855+0000] {processor.py:840} INFO - DAG(s) 'produce_json', 'update_db' retrieved from /opt/airflow/dags/main.py
[2026-09-05T18:42:28.243+0000] {logging_mixin.py:188} INFO - [2026-09-05T18:42:28.243+0000] {dag.py:3096} INFO - Sync 2 DAGs
[2026-09-05T18:42:28.287+0000] {logging_mixin.py:188} INFO - [2026-09-05T18:42:28.286+0000] {dag.py:3954} INFO - Setting next_dagrun for produce_json to 2026-09-06 14:00:00+00:00, run_after=2026-09-07 14:00:00+00:00
[2026-09-05T18:42:28.306+0000] {logging_mixin.py:188} INFO - [2026-09-05T18:42:28.306+0000] {dag.py:3954} INFO - Setting next_dagrun for update_db to 2026-09-06 15:00:00+00:00, run_after=2026-09-07 15:00:00+00:00
[2026-09-05T18:42:28.553+0000] {processor.py:183} INFO - Processing /opt/airflow/dags/main.py took 0.996 seconds
[2026-09-05T18:42:59.742+0000] {processor.py:161} INFO - Started process (PID=495) to work on /opt/airflow/dags/main.py
[2026-09-05T18:42:59.746+0000] {processor.py:830} INFO - Processing file /opt/airflow/dags/main.py for tasks to queue
[2026-09-05T18:42:59.752+0000] {logging_mixin.py:188} INFO - [2026-09-05T18:42:59.750+0000] {dagbag.py:545} INFO - Filling up the DagBag from /opt/airflow/dags/main.py
[2026-09-05T18:42:59.867+0000] {logging_mixin.py:188} INFO - channel id is not executed
[2026-09-05T18:43:00.041+0000] {processor.py:840} INFO - DAG(s) 'produce_json', 'update_db' retrieved from /opt/airflow/dags/main.py
[2026-09-05T18:43:00.401+0000] {logging_mixin.py:188} INFO - [2026-09-05T18:43:00.401+0000] {dag.py:3096} INFO - Sync 2 DAGs
[2026-09-05T18:43:00.438+0000] {logging_mixin.py:188} INFO - [2026-09-05T18:43:00.438+0000] {dag.py:3954} INFO - Setting next_dagrun for produce_json to 2026-09-06 14:00:00+00:00, run_after=2026-09-07 14:00:00+00:00
[2026-09-05T18:43:00.455+0000] {logging_mixin.py:188} INFO - [2026-09-05T18:43:00.454+0000] {dag.py:3954} INFO - Setting next_dagrun for update_db to 2026-09-06 15:00:00+00:00, run_after=2026-09-07 15:00:00+00:00
[2026-09-05T18:43:00.497+0000] {processor.py:183} INFO - Processing /opt/airflow/dags/main.py took 0.766 seconds
[2026-09-05T18:43:31.035+0000] {processor.py:161} INFO - Started process (PID=504) to work on /opt/airflow/dags/main.py
[2026-09-05T18:43:31.039+0000] {processor.py:830} INFO - Processing file /opt/airflow/dags/main.py for tasks to queue
[2026-09-05T18:43:31.043+0000] {logging_mixin.py:188} INFO - [2026-09-05T18:43:31.043+0000] {dagbag.py:545} INFO - Filling up the DagBag from /opt/airflow/dags/main.py
[2026-09-05T18:43:31.125+0000] {logging_mixin.py:188} INFO - channel id is not executed
[2026-09-05T18:43:31.389+0000] {processor.py:840} INFO - DAG(s) 'update_db', 'produce_json' retrieved from /opt/airflow/dags/main.py
[2026-09-05T18:43:32.109+0000] {logging_mixin.py:188} INFO - [2026-09-05T18:43:32.109+0000] {dag.py:3096} INFO - Sync 2 DAGs
[2026-09-05T18:43:32.403+0000] {logging_mixin.py:188} INFO - [2026-09-05T18:43:32.402+0000] {dag.py:3954} INFO - Setting next_dagrun for produce_json to 2026-09-06 14:00:00+00:00, run_after=2026-09-07 14:00:00+00:00
[2026-09-05T18:43:32.450+0000] {logging_mixin.py:188} INFO - [2026-09-05T18:43:32.449+0000] {dag.py:3954} INFO - Setting next_dagrun for update_db to 2026-09-06 15:00:00+00:00, run_after=2026-09-07 15:00:00+00:00
[2026-09-05T18:43:32.574+0000] {processor.py:183} INFO - Processing /opt/airflow/dags/main.py took 1.549 seconds
[2026-09-05T18:44:03.257+0000] {processor.py:161} INFO - Started process (PID=512) to work on /opt/airflow/dags/main.py
[2026-09-05T18:44:03.259+0000] {processor.py:830} INFO - Processing file /opt/airflow/dags/main.py for tasks to queue
[2026-09-05T18:44:03.265+0000] {logging_mixin.py:188} INFO - [2026-09-05T18:44:03.264+0000] {dagbag.py:545} INFO - Filling up the DagBag from /opt/airflow/dags/main.py
[2026-09-05T18:44:03.364+0000] {logging_mixin.py:188} INFO - channel id is not executed
[2026-09-05T18:44:03.739+0000] {processor.py:840} INFO - DAG(s) 'produce_json', 'update_db' retrieved from /opt/airflow/dags/main.py
[2026-09-05T18:44:04.111+0000] {logging_mixin.py:188} INFO - [2026-09-05T18:44:04.110+0000] {dag.py:3096} INFO - Sync 2 DAGs
[2026-09-05T18:44:04.329+0000] {logging_mixin.py:188} INFO - [2026-09-05T18:44:04.329+0000] {dag.py:3954} INFO - Setting next_dagrun for produce_json to 2026-09-06 14:00:00+00:00, run_after=2026-09-07 14:00:00+00:00
[2026-09-05T18:44:04.340+0000] {logging_mixin.py:188} INFO - [2026-09-05T18:44:04.340+0000] {dag.py:3954} INFO - Setting next_dagrun for update_db to 2026-09-06 15:00:00+00:00, run_after=2026-09-07 15:00:00+00:00
[2026-09-05T18:44:04.781+0000] {processor.py:183} INFO - Processing /opt/airflow/dags/main.py took 1.534 seconds
[2026-09-05T18:44:35.035+0000] {processor.py:161} INFO - Started process (PID=519) to work on /opt/airflow/dags/main.py
[2026-09-05T18:44:35.038+0000] {processor.py:830} INFO - Processing file /opt/airflow/dags/main.py for tasks to queue
[2026-09-05T18:44:35.050+0000] {logging_mixin.py:188} INFO - [2026-09-05T18:44:35.045+0000] {dagbag.py:545} INFO - Filling up the DagBag from /opt/airflow/dags/main.py
[2026-09-05T18:44:35.303+0000] {logging_mixin.py:188} INFO - channel id is not executed
[2026-09-05T18:44:35.488+0000] {processor.py:840} INFO - DAG(s) 'produce_json', 'update_db' retrieved from /opt/airflow/dags/main.py
[2026-09-05T18:44:36.147+0000] {logging_mixin.py:188} INFO - [2026-09-05T18:44:36.147+0000] {dag.py:3096} INFO - Sync 2 DAGs
[2026-09-05T18:44:36.263+0000] {logging_mixin.py:188} INFO - [2026-09-05T18:44:36.263+0000] {dag.py:3954} INFO - Setting next_dagrun for produce_json to 2026-09-06 14:00:00+00:00, run_after=2026-09-07 14:00:00+00:00
[2026-09-05T18:44:36.315+0000] {logging_mixin.py:188} INFO - [2026-09-05T18:44:36.314+0000] {dag.py:3954} INFO - Setting next_dagrun for update_db to 2026-09-06 15:00:00+00:00, run_after=2026-09-07 15:00:00+00:00
[2026-09-05T18:44:36.409+0000] {processor.py:183} INFO - Processing /opt/airflow/dags/main.py took 1.394 seconds
[2026-09-05T18:45:07.289+0000] {processor.py:161} INFO - Started process (PID=525) to work on /opt/airflow/dags/main.py
[2026-09-05T18:45:07.292+0000] {processor.py:830} INFO - Processing file /opt/airflow/dags/main.py for tasks to queue
[2026-09-05T18:45:07.296+0000] {logging_mixin.py:188} INFO - [2026-09-05T18:45:07.296+0000] {dagbag.py:545} INFO - Filling up the DagBag from /opt/airflow/dags/main.py
[2026-09-05T18:45:07.424+0000] {logging_mixin.py:188} INFO - channel id is not executed
[2026-09-05T18:45:07.644+0000] {processor.py:840} INFO - DAG(s) 'produce_json', 'update_db' retrieved from /opt/airflow/dags/main.py
[2026-09-05T18:45:08.182+0000] {logging_mixin.py:188} INFO - [2026-09-05T18:45:08.181+0000] {dag.py:3096} INFO - Sync 2 DAGs
[2026-09-05T18:45:08.224+0000] {logging_mixin.py:188} INFO - [2026-09-05T18:45:08.223+0000] {dag.py:3954} INFO - Setting next_dagrun for produce_json to 2026-09-06 14:00:00+00:00, run_after=2026-09-07 14:00:00+00:00
[2026-09-05T18:45:08.236+0000] {logging_mixin.py:188} INFO - [2026-09-05T18:45:08.235+0000] {dag.py:3954} INFO - Setting next_dagrun for update_db to 2026-09-06 15:00:00+00:00, run_after=2026-09-07 15:00:00+00:00
[2026-09-05T18:45:08.279+0000] {processor.py:183} INFO - Processing /opt/airflow/dags/main.py took 1.007 seconds
[2026-09-05T18:45:38.748+0000] {processor.py:161} INFO - Started process (PID=531) to work on /opt/airflow/dags/main.py
[2026-09-05T18:45:38.750+0000] {processor.py:830} INFO - Processing file /opt/airflow/dags/main.py for tasks to queue
[2026-09-05T18:45:38.755+0000] {logging_mixin.py:188} INFO - [2026-09-05T18:45:38.754+0000] {dagbag.py:545} INFO - Filling up the DagBag from /opt/airflow/dags/main.py
[2026-09-05T18:45:38.868+0000] {logging_mixin.py:188} INFO - channel id is not executed
[2026-09-05T18:45:39.468+0000] {processor.py:840} INFO - DAG(s) 'produce_json', 'update_db' retrieved from /opt/airflow/dags/main.py
[2026-09-05T18:45:39.930+0000] {logging_mixin.py:188} INFO - [2026-09-05T18:45:39.929+0000] {dag.py:3096} INFO - Sync 2 DAGs
[2026-09-05T18:45:39.975+0000] {logging_mixin.py:188} INFO - [2026-09-05T18:45:39.975+0000] {dag.py:3954} INFO - Setting next_dagrun for produce_json to 2026-09-06 14:00:00+00:00, run_after=2026-09-07 14:00:00+00:00
[2026-09-05T18:45:39.987+0000] {logging_mixin.py:188} INFO - [2026-09-05T18:45:39.986+0000] {dag.py:3954} INFO - Setting next_dagrun for update_db to 2026-09-06 15:00:00+00:00, run_after=2026-09-07 15:00:00+00:00
[2026-09-05T18:45:40.042+0000] {processor.py:183} INFO - Processing /opt/airflow/dags/main.py took 1.304 seconds
[2026-09-05T18:46:10.385+0000] {processor.py:161} INFO - Started process (PID=539) to work on /opt/airflow/dags/main.py
[2026-09-05T18:46:10.390+0000] {processor.py:830} INFO - Processing file /opt/airflow/dags/main.py for tasks to queue
[2026-09-05T18:46:10.398+0000] {logging_mixin.py:188} INFO - [2026-09-05T18:46:10.397+0000] {dagbag.py:545} INFO - Filling up the DagBag from /opt/airflow/dags/main.py
[2026-09-05T18:46:10.513+0000] {logging_mixin.py:188} INFO - channel id is not executed
[2026-09-05T18:46:10.641+0000] {processor.py:840} INFO - DAG(s) 'produce_json', 'update_db' retrieved from /opt/airflow/dags/main.py
[2026-09-05T18:46:11.227+0000] {logging_mixin.py:188} INFO - [2026-09-05T18:46:11.226+0000] {dag.py:3096} INFO - Sync 2 DAGs
[2026-09-05T18:46:11.286+0000] {logging_mixin.py:188} INFO - [2026-09-05T18:46:11.285+0000] {dag.py:3954} INFO - Setting next_dagrun for produce_json to 2026-09-06 14:00:00+00:00, run_after=2026-09-07 14:00:00+00:00
[2026-09-05T18:46:11.301+0000] {logging_mixin.py:188} INFO - [2026-09-05T18:46:11.300+0000] {dag.py:3954} INFO - Setting next_dagrun for update_db to 2026-09-06 15:00:00+00:00, run_after=2026-09-07 15:00:00+00:00
[2026-09-05T18:46:11.354+0000] {processor.py:183} INFO - Processing /opt/airflow/dags/main.py took 0.996 seconds
[2026-09-05T18:46:41.568+0000] {processor.py:161} INFO - Started process (PID=546) to work on /opt/airflow/dags/main.py
[2026-09-05T18:46:41.661+0000] {processor.py:830} INFO - Processing file /opt/airflow/dags/main.py for tasks to queue
[2026-09-05T18:46:41.713+0000] {logging_mixin.py:188} INFO - [2026-09-05T18:46:41.712+0000] {dagbag.py:545} INFO - Filling up the DagBag from /opt/airflow/dags/main.py
[2026-09-05T18:46:41.854+0000] {logging_mixin.py:188} INFO - channel id is not executed
[2026-09-05T18:46:41.992+0000] {processor.py:840} INFO - DAG(s) 'update_db', 'produce_json' retrieved from /opt/airflow/dags/main.py
[2026-09-05T18:46:42.810+0000] {logging_mixin.py:188} INFO - [2026-09-05T18:46:42.810+0000] {dag.py:3096} INFO - Sync 2 DAGs
[2026-09-05T18:46:42.929+0000] {logging_mixin.py:188} INFO - [2026-09-05T18:46:42.929+0000] {dag.py:3954} INFO - Setting next_dagrun for produce_json to 2026-09-06 14:00:00+00:00, run_after=2026-09-07 14:00:00+00:00
[2026-09-05T18:46:42.946+0000] {logging_mixin.py:188} INFO - [2026-09-05T18:46:42.945+0000] {dag.py:3954} INFO - Setting next_dagrun for update_db to 2026-09-06 15:00:00+00:00, run_after=2026-09-07 15:00:00+00:00
[2026-09-05T18:46:43.025+0000] {processor.py:183} INFO - Processing /opt/airflow/dags/main.py took 1.472 seconds
[2026-09-05T18:47:14.094+0000] {processor.py:161} INFO - Started process (PID=553) to work on /opt/airflow/dags/main.py
[2026-09-05T18:47:14.097+0000] {processor.py:830} INFO - Processing file /opt/airflow/dags/main.py for tasks to queue
[2026-09-05T18:47:14.102+0000] {logging_mixin.py:188} INFO - [2026-09-05T18:47:14.101+0000] {dagbag.py:545} INFO - Filling up the DagBag from /opt/airflow/dags/main.py
[2026-09-05T18:47:14.252+0000] {logging_mixin.py:188} INFO - channel id is not executed
[2026-09-05T18:47:14.684+0000] {processor.py:840} INFO - DAG(s) 'update_db', 'produce_json' retrieved from /opt/airflow/dags/main.py
[2026-09-05T18:47:15.297+0000] {logging_mixin.py:188} INFO - [2026-09-05T18:47:15.296+0000] {dag.py:3096} INFO - Sync 2 DAGs
[2026-09-05T18:47:15.450+0000] {logging_mixin.py:188} INFO - [2026-09-05T18:47:15.449+0000] {dag.py:3954} INFO - Setting next_dagrun for produce_json to 2026-09-06 14:00:00+00:00, run_after=2026-09-07 14:00:00+00:00
[2026-09-05T18:47:15.481+0000] {logging_mixin.py:188} INFO - [2026-09-05T18:47:15.480+0000] {dag.py:3954} INFO - Setting next_dagrun for update_db to 2026-09-06 15:00:00+00:00, run_after=2026-09-07 15:00:00+00:00
[2026-09-05T18:47:15.633+0000] {processor.py:183} INFO - Processing /opt/airflow/dags/main.py took 1.556 seconds
[2026-09-05T18:47:46.158+0000] {processor.py:161} INFO - Started process (PID=560) to work on /opt/airflow/dags/main.py
[2026-09-05T18:47:46.172+0000] {processor.py:830} INFO - Processing file /opt/airflow/dags/main.py for tasks to queue
[2026-09-05T18:47:46.179+0000] {logging_mixin.py:188} INFO - [2026-09-05T18:47:46.179+0000] {dagbag.py:545} INFO - Filling up the DagBag from /opt/airflow/dags/main.py
[2026-09-05T18:47:46.326+0000] {logging_mixin.py:188} INFO - channel id is not executed
[2026-09-05T18:47:46.725+0000] {processor.py:840} INFO - DAG(s) 'produce_json', 'update_db' retrieved from /opt/airflow/dags/main.py
[2026-09-05T18:47:47.318+0000] {logging_mixin.py:188} INFO - [2026-09-05T18:47:47.318+0000] {dag.py:3096} INFO - Sync 2 DAGs
[2026-09-05T18:47:47.493+0000] {logging_mixin.py:188} INFO - [2026-09-05T18:47:47.492+0000] {dag.py:3954} INFO - Setting next_dagrun for produce_json to 2026-09-06 14:00:00+00:00, run_after=2026-09-07 14:00:00+00:00
[2026-09-05T18:47:47.531+0000] {logging_mixin.py:188} INFO - [2026-09-05T18:47:47.530+0000] {dag.py:3954} INFO - Setting next_dagrun for update_db to 2026-09-06 15:00:00+00:00, run_after=2026-09-07 15:00:00+00:00
[2026-09-05T18:47:47.589+0000] {processor.py:183} INFO - Processing /opt/airflow/dags/main.py took 1.452 seconds
[2026-09-05T18:48:18.012+0000] {processor.py:161} INFO - Started process (PID=567) to work on /opt/airflow/dags/main.py
[2026-09-05T18:48:18.241+0000] {processor.py:830} INFO - Processing file /opt/airflow/dags/main.py for tasks to queue
[2026-09-05T18:48:18.277+0000] {logging_mixin.py:188} INFO - [2026-09-05T18:48:18.277+0000] {dagbag.py:545} INFO - Filling up the DagBag from /opt/airflow/dags/main.py
[2026-09-05T18:48:18.471+0000] {logging_mixin.py:188} INFO - channel id is not executed
[2026-09-05T18:48:18.852+0000] {processor.py:840} INFO - DAG(s) 'update_db', 'produce_json' retrieved from /opt/airflow/dags/main.py
[2026-09-05T18:48:19.597+0000] {logging_mixin.py:188} INFO - [2026-09-05T18:48:19.597+0000] {dag.py:3096} INFO - Sync 2 DAGs
[2026-09-05T18:48:19.738+0000] {logging_mixin.py:188} INFO - [2026-09-05T18:48:19.722+0000] {dag.py:3954} INFO - Setting next_dagrun for produce_json to 2026-09-06 14:00:00+00:00, run_after=2026-09-07 14:00:00+00:00
[2026-09-05T18:48:19.797+0000] {logging_mixin.py:188} INFO - [2026-09-05T18:48:19.786+0000] {dag.py:3954} INFO - Setting next_dagrun for update_db to 2026-09-06 15:00:00+00:00, run_after=2026-09-07 15:00:00+00:00
[2026-09-05T18:48:19.969+0000] {processor.py:183} INFO - Processing /opt/airflow/dags/main.py took 2.007 seconds
[2026-09-05T18:48:50.664+0000] {processor.py:161} INFO - Started process (PID=574) to work on /opt/airflow/dags/main.py
[2026-09-05T18:48:50.666+0000] {processor.py:830} INFO - Processing file /opt/airflow/dags/main.py for tasks to queue
[2026-09-05T18:48:50.670+0000] {logging_mixin.py:188} INFO - [2026-09-05T18:48:50.670+0000] {dagbag.py:545} INFO - Filling up the DagBag from /opt/airflow/dags/main.py
[2026-09-05T18:48:50.764+0000] {logging_mixin.py:188} INFO - channel id is not executed
[2026-09-05T18:48:50.892+0000] {processor.py:840} INFO - DAG(s) 'produce_json', 'update_db' retrieved from /opt/airflow/dags/main.py
[2026-09-05T18:48:51.210+0000] {logging_mixin.py:188} INFO - [2026-09-05T18:48:51.209+0000] {dag.py:3096} INFO - Sync 2 DAGs
[2026-09-05T18:48:51.267+0000] {logging_mixin.py:188} INFO - [2026-09-05T18:48:51.266+0000] {dag.py:3954} INFO - Setting next_dagrun for produce_json to 2026-09-06 14:00:00+00:00, run_after=2026-09-07 14:00:00+00:00
[2026-09-05T18:48:51.275+0000] {logging_mixin.py:188} INFO - [2026-09-05T18:48:51.275+0000] {dag.py:3954} INFO - Setting next_dagrun for update_db to 2026-09-06 15:00:00+00:00, run_after=2026-09-07 15:00:00+00:00
[2026-09-05T18:48:51.395+0000] {processor.py:183} INFO - Processing /opt/airflow/dags/main.py took 0.740 seconds
[2026-09-05T18:49:21.902+0000] {processor.py:161} INFO - Started process (PID=580) to work on /opt/airflow/dags/main.py
[2026-09-05T18:49:21.904+0000] {processor.py:830} INFO - Processing file /opt/airflow/dags/main.py for tasks to queue
[2026-09-05T18:49:21.909+0000] {logging_mixin.py:188} INFO - [2026-09-05T18:49:21.908+0000] {dagbag.py:545} INFO - Filling up the DagBag from /opt/airflow/dags/main.py
[2026-09-05T18:49:23.326+0000] {logging_mixin.py:188} INFO - channel id is not executed
[2026-09-05T18:49:23.576+0000] {processor.py:840} INFO - DAG(s) 'update_db', 'produce_json' retrieved from /opt/airflow/dags/main.py
[2026-09-05T18:49:23.870+0000] {logging_mixin.py:188} INFO - [2026-09-05T18:49:23.869+0000] {dag.py:3096} INFO - Sync 2 DAGs
[2026-09-05T18:49:23.926+0000] {logging_mixin.py:188} INFO - [2026-09-05T18:49:23.926+0000] {dag.py:3954} INFO - Setting next_dagrun for produce_json to 2026-09-06 14:00:00+00:00, run_after=2026-09-07 14:00:00+00:00
[2026-09-05T18:49:23.935+0000] {logging_mixin.py:188} INFO - [2026-09-05T18:49:23.934+0000] {dag.py:3954} INFO - Setting next_dagrun for update_db to 2026-09-06 15:00:00+00:00, run_after=2026-09-07 15:00:00+00:00
[2026-09-05T18:49:23.969+0000] {processor.py:183} INFO - Processing /opt/airflow/dags/main.py took 2.077 seconds
[2026-09-05T18:49:54.527+0000] {processor.py:161} INFO - Started process (PID=592) to work on /opt/airflow/dags/main.py
[2026-09-05T18:49:54.545+0000] {processor.py:830} INFO - Processing file /opt/airflow/dags/main.py for tasks to queue
[2026-09-05T18:49:54.590+0000] {logging_mixin.py:188} INFO - [2026-09-05T18:49:54.589+0000] {dagbag.py:545} INFO - Filling up the DagBag from /opt/airflow/dags/main.py
[2026-09-05T18:49:54.706+0000] {logging_mixin.py:188} INFO - channel id is not executed
[2026-09-05T18:49:54.972+0000] {processor.py:840} INFO - DAG(s) 'update_db', 'produce_json' retrieved from /opt/airflow/dags/main.py
[2026-09-05T18:49:55.235+0000] {logging_mixin.py:188} INFO - [2026-09-05T18:49:55.234+0000] {dag.py:3096} INFO - Sync 2 DAGs
[2026-09-05T18:49:55.274+0000] {logging_mixin.py:188} INFO - [2026-09-05T18:49:55.273+0000] {dag.py:3954} INFO - Setting next_dagrun for produce_json to 2026-09-06 14:00:00+00:00, run_after=2026-09-07 14:00:00+00:00
[2026-09-05T18:49:55.283+0000] {logging_mixin.py:188} INFO - [2026-09-05T18:49:55.282+0000] {dag.py:3954} INFO - Setting next_dagrun for update_db to 2026-09-06 15:00:00+00:00, run_after=2026-09-07 15:00:00+00:00
[2026-09-05T18:49:55.338+0000] {processor.py:183} INFO - Processing /opt/airflow/dags/main.py took 0.820 seconds
[2026-09-05T18:50:26.345+0000] {processor.py:161} INFO - Started process (PID=600) to work on /opt/airflow/dags/main.py
[2026-09-05T18:50:26.348+0000] {processor.py:830} INFO - Processing file /opt/airflow/dags/main.py for tasks to queue
[2026-09-05T18:50:26.361+0000] {logging_mixin.py:188} INFO - [2026-09-05T18:50:26.360+0000] {dagbag.py:545} INFO - Filling up the DagBag from /opt/airflow/dags/main.py
[2026-09-05T18:50:26.449+0000] {logging_mixin.py:188} INFO - channel id is not executed
[2026-09-05T18:50:26.683+0000] {processor.py:840} INFO - DAG(s) 'produce_json', 'update_db' retrieved from /opt/airflow/dags/main.py
[2026-09-05T18:50:27.198+0000] {logging_mixin.py:188} INFO - [2026-09-05T18:50:27.198+0000] {dag.py:3096} INFO - Sync 2 DAGs
[2026-09-05T18:50:27.362+0000] {logging_mixin.py:188} INFO - [2026-09-05T18:50:27.361+0000] {dag.py:3954} INFO - Setting next_dagrun for produce_json to 2026-09-06 14:00:00+00:00, run_after=2026-09-07 14:00:00+00:00
[2026-09-05T18:50:27.399+0000] {logging_mixin.py:188} INFO - [2026-09-05T18:50:27.398+0000] {dag.py:3954} INFO - Setting next_dagrun for update_db to 2026-09-06 15:00:00+00:00, run_after=2026-09-07 15:00:00+00:00
[2026-09-05T18:50:27.462+0000] {processor.py:183} INFO - Processing /opt/airflow/dags/main.py took 1.143 seconds
[2026-09-05T18:50:58.109+0000] {processor.py:161} INFO - Started process (PID=608) to work on /opt/airflow/dags/main.py
[2026-09-05T18:50:58.115+0000] {processor.py:830} INFO - Processing file /opt/airflow/dags/main.py for tasks to queue
[2026-09-05T18:50:58.123+0000] {logging_mixin.py:188} INFO - [2026-09-05T18:50:58.121+0000] {dagbag.py:545} INFO - Filling up the DagBag from /opt/airflow/dags/main.py
[2026-09-05T18:50:58.196+0000] {logging_mixin.py:188} INFO - channel id is not executed
[2026-09-05T18:50:58.307+0000] {processor.py:840} INFO - DAG(s) 'update_db', 'produce_json' retrieved from /opt/airflow/dags/main.py
[2026-09-05T18:50:58.618+0000] {logging_mixin.py:188} INFO - [2026-09-05T18:50:58.618+0000] {dag.py:3096} INFO - Sync 2 DAGs
[2026-09-05T18:50:58.762+0000] {logging_mixin.py:188} INFO - [2026-09-05T18:50:58.761+0000] {dag.py:3954} INFO - Setting next_dagrun for produce_json to 2026-09-06 14:00:00+00:00, run_after=2026-09-07 14:00:00+00:00
[2026-09-05T18:50:58.780+0000] {logging_mixin.py:188} INFO - [2026-09-05T18:50:58.779+0000] {dag.py:3954} INFO - Setting next_dagrun for update_db to 2026-09-06 15:00:00+00:00, run_after=2026-09-07 15:00:00+00:00
[2026-09-05T18:50:58.883+0000] {processor.py:183} INFO - Processing /opt/airflow/dags/main.py took 0.787 seconds
[2026-09-05T18:51:29.180+0000] {processor.py:161} INFO - Started process (PID=616) to work on /opt/airflow/dags/main.py
[2026-09-05T18:51:29.183+0000] {processor.py:830} INFO - Processing file /opt/airflow/dags/main.py for tasks to queue
[2026-09-05T18:51:29.187+0000] {logging_mixin.py:188} INFO - [2026-09-05T18:51:29.187+0000] {dagbag.py:545} INFO - Filling up the DagBag from /opt/airflow/dags/main.py
[2026-09-05T18:51:29.276+0000] {logging_mixin.py:188} INFO - channel id is not executed
[2026-09-05T18:51:29.408+0000] {processor.py:840} INFO - DAG(s) 'produce_json', 'update_db' retrieved from /opt/airflow/dags/main.py
[2026-09-05T18:51:29.629+0000] {logging_mixin.py:188} INFO - [2026-09-05T18:51:29.629+0000] {dag.py:3096} INFO - Sync 2 DAGs
[2026-09-05T18:51:29.668+0000] {logging_mixin.py:188} INFO - [2026-09-05T18:51:29.667+0000] {dag.py:3954} INFO - Setting next_dagrun for produce_json to 2026-09-06 14:00:00+00:00, run_after=2026-09-07 14:00:00+00:00
[2026-09-05T18:51:29.676+0000] {logging_mixin.py:188} INFO - [2026-09-05T18:51:29.676+0000] {dag.py:3954} INFO - Setting next_dagrun for update_db to 2026-09-06 15:00:00+00:00, run_after=2026-09-07 15:00:00+00:00
[2026-09-05T18:51:29.726+0000] {processor.py:183} INFO - Processing /opt/airflow/dags/main.py took 0.559 seconds
[2026-09-05T18:52:00.230+0000] {processor.py:161} INFO - Started process (PID=623) to work on /opt/airflow/dags/main.py
[2026-09-05T18:52:00.232+0000] {processor.py:830} INFO - Processing file /opt/airflow/dags/main.py for tasks to queue
[2026-09-05T18:52:00.239+0000] {logging_mixin.py:188} INFO - [2026-09-05T18:52:00.239+0000] {dagbag.py:545} INFO - Filling up the DagBag from /opt/airflow/dags/main.py
[2026-09-05T18:52:00.311+0000] {logging_mixin.py:188} INFO - channel id is not executed
[2026-09-05T18:52:00.416+0000] {processor.py:840} INFO - DAG(s) 'update_db', 'produce_json' retrieved from /opt/airflow/dags/main.py
[2026-09-05T18:52:00.648+0000] {logging_mixin.py:188} INFO - [2026-09-05T18:52:00.647+0000] {dag.py:3096} INFO - Sync 2 DAGs
[2026-09-05T18:52:00.686+0000] {logging_mixin.py:188} INFO - [2026-09-05T18:52:00.685+0000] {dag.py:3954} INFO - Setting next_dagrun for produce_json to 2026-09-06 14:00:00+00:00, run_after=2026-09-07 14:00:00+00:00
[2026-09-05T18:52:00.695+0000] {logging_mixin.py:188} INFO - [2026-09-05T18:52:00.694+0000] {dag.py:3954} INFO - Setting next_dagrun for update_db to 2026-09-06 15:00:00+00:00, run_after=2026-09-07 15:00:00+00:00
[2026-09-05T18:52:00.743+0000] {processor.py:183} INFO - Processing /opt/airflow/dags/main.py took 0.543 seconds
[2026-09-05T18:52:31.019+0000] {processor.py:161} INFO - Started process (PID=631) to work on /opt/airflow/dags/main.py
[2026-09-05T18:52:31.021+0000] {processor.py:830} INFO - Processing file /opt/airflow/dags/main.py for tasks to queue
[2026-09-05T18:52:31.026+0000] {logging_mixin.py:188} INFO - [2026-09-05T18:52:31.025+0000] {dagbag.py:545} INFO - Filling up the DagBag from /opt/airflow/dags/main.py
[2026-09-05T18:52:31.204+0000] {logging_mixin.py:188} INFO - channel id is not executed
[2026-09-05T18:52:31.309+0000] {processor.py:840} INFO - DAG(s) 'update_db', 'produce_json' retrieved from /opt/airflow/dags/main.py
[2026-09-05T18:52:31.517+0000] {logging_mixin.py:188} INFO - [2026-09-05T18:52:31.517+0000] {dag.py:3096} INFO - Sync 2 DAGs
[2026-09-05T18:52:31.567+0000] {logging_mixin.py:188} INFO - [2026-09-05T18:52:31.567+0000] {dag.py:3954} INFO - Setting next_dagrun for produce_json to 2026-09-06 14:00:00+00:00, run_after=2026-09-07 14:00:00+00:00
[2026-09-05T18:52:31.576+0000] {logging_mixin.py:188} INFO - [2026-09-05T18:52:31.576+0000] {dag.py:3954} INFO - Setting next_dagrun for update_db to 2026-09-06 15:00:00+00:00, run_after=2026-09-07 15:00:00+00:00
[2026-09-05T18:52:31.634+0000] {processor.py:183} INFO - Processing /opt/airflow/dags/main.py took 0.628 seconds
[2026-09-05T18:53:02.224+0000] {processor.py:161} INFO - Started process (PID=639) to work on /opt/airflow/dags/main.py
[2026-09-05T18:53:02.228+0000] {processor.py:830} INFO - Processing file /opt/airflow/dags/main.py for tasks to queue
[2026-09-05T18:53:02.234+0000] {logging_mixin.py:188} INFO - [2026-09-05T18:53:02.233+0000] {dagbag.py:545} INFO - Filling up the DagBag from /opt/airflow/dags/main.py
[2026-09-05T18:53:02.314+0000] {logging_mixin.py:188} INFO - channel id is not executed
[2026-09-05T18:53:02.452+0000] {processor.py:840} INFO - DAG(s) 'produce_json', 'update_db' retrieved from /opt/airflow/dags/main.py
[2026-09-05T18:53:02.848+0000] {logging_mixin.py:188} INFO - [2026-09-05T18:53:02.847+0000] {dag.py:3096} INFO - Sync 2 DAGs
[2026-09-05T18:53:02.889+0000] {logging_mixin.py:188} INFO - [2026-09-05T18:53:02.888+0000] {dag.py:3954} INFO - Setting next_dagrun for produce_json to 2026-09-06 14:00:00+00:00, run_after=2026-09-07 14:00:00+00:00
[2026-09-05T18:53:02.897+0000] {logging_mixin.py:188} INFO - [2026-09-05T18:53:02.896+0000] {dag.py:3954} INFO - Setting next_dagrun for update_db to 2026-09-06 15:00:00+00:00, run_after=2026-09-07 15:00:00+00:00
[2026-09-05T18:53:02.938+0000] {processor.py:183} INFO - Processing /opt/airflow/dags/main.py took 0.734 seconds
[2026-09-05T18:53:33.278+0000] {processor.py:161} INFO - Started process (PID=647) to work on /opt/airflow/dags/main.py
[2026-09-05T18:53:33.281+0000] {processor.py:830} INFO - Processing file /opt/airflow/dags/main.py for tasks to queue
[2026-09-05T18:53:33.285+0000] {logging_mixin.py:188} INFO - [2026-09-05T18:53:33.285+0000] {dagbag.py:545} INFO - Filling up the DagBag from /opt/airflow/dags/main.py
[2026-09-05T18:53:33.360+0000] {logging_mixin.py:188} INFO - channel id is not executed
[2026-09-05T18:53:33.484+0000] {processor.py:840} INFO - DAG(s) 'produce_json', 'update_db' retrieved from /opt/airflow/dags/main.py
[2026-09-05T18:53:33.716+0000] {logging_mixin.py:188} INFO - [2026-09-05T18:53:33.715+0000] {dag.py:3096} INFO - Sync 2 DAGs
[2026-09-05T18:53:33.754+0000] {logging_mixin.py:188} INFO - [2026-09-05T18:53:33.754+0000] {dag.py:3954} INFO - Setting next_dagrun for produce_json to 2026-09-06 14:00:00+00:00, run_after=2026-09-07 14:00:00+00:00
[2026-09-05T18:53:33.763+0000] {logging_mixin.py:188} INFO - [2026-09-05T18:53:33.762+0000] {dag.py:3954} INFO - Setting next_dagrun for update_db to 2026-09-06 15:00:00+00:00, run_after=2026-09-07 15:00:00+00:00
[2026-09-05T18:53:33.812+0000] {processor.py:183} INFO - Processing /opt/airflow/dags/main.py took 0.547 seconds
[2026-09-05T18:54:04.832+0000] {processor.py:161} INFO - Started process (PID=655) to work on /opt/airflow/dags/main.py
[2026-09-05T18:54:04.834+0000] {processor.py:830} INFO - Processing file /opt/airflow/dags/main.py for tasks to queue
[2026-09-05T18:54:04.838+0000] {logging_mixin.py:188} INFO - [2026-09-05T18:54:04.837+0000] {dagbag.py:545} INFO - Filling up the DagBag from /opt/airflow/dags/main.py
[2026-09-05T18:54:04.940+0000] {logging_mixin.py:188} INFO - channel id is not executed
[2026-09-05T18:54:05.109+0000] {processor.py:840} INFO - DAG(s) 'update_db', 'produce_json' retrieved from /opt/airflow/dags/main.py
[2026-09-05T18:54:05.591+0000] {logging_mixin.py:188} INFO - [2026-09-05T18:54:05.590+0000] {dag.py:3096} INFO - Sync 2 DAGs
[2026-09-05T18:54:05.763+0000] {logging_mixin.py:188} INFO - [2026-09-05T18:54:05.763+0000] {dag.py:3954} INFO - Setting next_dagrun for produce_json to 2026-09-06 14:00:00+00:00, run_after=2026-09-07 14:00:00+00:00
[2026-09-05T18:54:05.774+0000] {logging_mixin.py:188} INFO - [2026-09-05T18:54:05.774+0000] {dag.py:3954} INFO - Setting next_dagrun for update_db to 2026-09-06 15:00:00+00:00, run_after=2026-09-07 15:00:00+00:00
[2026-09-05T18:54:05.829+0000] {processor.py:183} INFO - Processing /opt/airflow/dags/main.py took 1.006 seconds
[2026-09-05T18:54:36.674+0000] {processor.py:161} INFO - Started process (PID=661) to work on /opt/airflow/dags/main.py
[2026-09-05T18:54:36.685+0000] {processor.py:830} INFO - Processing file /opt/airflow/dags/main.py for tasks to queue
[2026-09-05T18:54:36.691+0000] {logging_mixin.py:188} INFO - [2026-09-05T18:54:36.691+0000] {dagbag.py:545} INFO - Filling up the DagBag from /opt/airflow/dags/main.py
[2026-09-05T18:54:36.947+0000] {logging_mixin.py:188} INFO - channel id is not executed
[2026-09-05T18:54:37.124+0000] {processor.py:840} INFO - DAG(s) 'produce_json', 'update_db' retrieved from /opt/airflow/dags/main.py
[2026-09-05T18:54:37.450+0000] {logging_mixin.py:188} INFO - [2026-09-05T18:54:37.448+0000] {dag.py:3096} INFO - Sync 2 DAGs
[2026-09-05T18:54:37.512+0000] {logging_mixin.py:188} INFO - [2026-09-05T18:54:37.511+0000] {dag.py:3954} INFO - Setting next_dagrun for produce_json to 2026-09-06 14:00:00+00:00, run_after=2026-09-07 14:00:00+00:00
[2026-09-05T18:54:37.522+0000] {logging_mixin.py:188} INFO - [2026-09-05T18:54:37.521+0000] {dag.py:3954} INFO - Setting next_dagrun for update_db to 2026-09-06 15:00:00+00:00, run_after=2026-09-07 15:00:00+00:00
[2026-09-05T18:54:37.593+0000] {processor.py:183} INFO - Processing /opt/airflow/dags/main.py took 0.936 seconds
[2026-09-05T18:55:07.830+0000] {processor.py:161} INFO - Started process (PID=669) to work on /opt/airflow/dags/main.py
[2026-09-05T18:55:07.833+0000] {processor.py:830} INFO - Processing file /opt/airflow/dags/main.py for tasks to queue
[2026-09-05T18:55:07.837+0000] {logging_mixin.py:188} INFO - [2026-09-05T18:55:07.836+0000] {dagbag.py:545} INFO - Filling up the DagBag from /opt/airflow/dags/main.py
[2026-09-05T18:55:07.907+0000] {logging_mixin.py:188} INFO - channel id is not executed
[2026-09-05T18:55:08.017+0000] {processor.py:840} INFO - DAG(s) 'update_db', 'produce_json' retrieved from /opt/airflow/dags/main.py
[2026-09-05T18:55:08.296+0000] {logging_mixin.py:188} INFO - [2026-09-05T18:55:08.295+0000] {dag.py:3096} INFO - Sync 2 DAGs
[2026-09-05T18:55:08.330+0000] {logging_mixin.py:188} INFO - [2026-09-05T18:55:08.330+0000] {dag.py:3954} INFO - Setting next_dagrun for produce_json to 2026-09-06 14:00:00+00:00, run_after=2026-09-07 14:00:00+00:00
[2026-09-05T18:55:08.339+0000] {logging_mixin.py:188} INFO - [2026-09-05T18:55:08.339+0000] {dag.py:3954} INFO - Setting next_dagrun for update_db to 2026-09-06 15:00:00+00:00, run_after=2026-09-07 15:00:00+00:00
[2026-09-05T18:55:08.376+0000] {processor.py:183} INFO - Processing /opt/airflow/dags/main.py took 0.559 seconds
[2026-09-05T18:55:38.841+0000] {processor.py:161} INFO - Started process (PID=677) to work on /opt/airflow/dags/main.py
[2026-09-05T18:55:38.876+0000] {processor.py:830} INFO - Processing file /opt/airflow/dags/main.py for tasks to queue
[2026-09-05T18:55:38.928+0000] {logging_mixin.py:188} INFO - [2026-09-05T18:55:38.927+0000] {dagbag.py:545} INFO - Filling up the DagBag from /opt/airflow/dags/main.py
[2026-09-05T18:55:39.203+0000] {logging_mixin.py:188} INFO - channel id is not executed
[2026-09-05T18:55:39.718+0000] {processor.py:840} INFO - DAG(s) 'update_db', 'produce_json' retrieved from /opt/airflow/dags/main.py
[2026-09-05T18:55:40.243+0000] {logging_mixin.py:188} INFO - [2026-09-05T18:55:40.243+0000] {dag.py:3096} INFO - Sync 2 DAGs
[2026-09-05T18:55:40.322+0000] {logging_mixin.py:188} INFO - [2026-09-05T18:55:40.322+0000] {dag.py:3954} INFO - Setting next_dagrun for produce_json to 2026-09-06 14:00:00+00:00, run_after=2026-09-07 14:00:00+00:00
[2026-09-05T18:55:40.348+0000] {logging_mixin.py:188} INFO - [2026-09-05T18:55:40.347+0000] {dag.py:3954} INFO - Setting next_dagrun for update_db to 2026-09-06 15:00:00+00:00, run_after=2026-09-07 15:00:00+00:00
[2026-09-05T18:55:40.474+0000] {processor.py:183} INFO - Processing /opt/airflow/dags/main.py took 1.684 seconds
[2026-09-05T18:56:11.496+0000] {processor.py:161} INFO - Started process (PID=684) to work on /opt/airflow/dags/main.py
[2026-09-05T18:56:11.502+0000] {processor.py:830} INFO - Processing file /opt/airflow/dags/main.py for tasks to queue
[2026-09-05T18:56:11.511+0000] {logging_mixin.py:188} INFO - [2026-09-05T18:56:11.509+0000] {dagbag.py:545} INFO - Filling up the DagBag from /opt/airflow/dags/main.py
[2026-09-05T18:56:12.097+0000] {logging_mixin.py:188} INFO - channel id is not executed
[2026-09-05T18:56:13.541+0000] {processor.py:840} INFO - DAG(s) 'produce_json', 'update_db' retrieved from /opt/airflow/dags/main.py
[2026-09-05T18:56:14.251+0000] {logging_mixin.py:188} INFO - [2026-09-05T18:56:14.250+0000] {dag.py:3096} INFO - Sync 2 DAGs
[2026-09-05T18:56:14.377+0000] {logging_mixin.py:188} INFO - [2026-09-05T18:56:14.376+0000] {dag.py:3954} INFO - Setting next_dagrun for produce_json to 2026-09-06 14:00:00+00:00, run_after=2026-09-07 14:00:00+00:00
[2026-09-05T18:56:14.401+0000] {logging_mixin.py:188} INFO - [2026-09-05T18:56:14.400+0000] {dag.py:3954} INFO - Setting next_dagrun for update_db to 2026-09-06 15:00:00+00:00, run_after=2026-09-07 15:00:00+00:00
[2026-09-05T18:56:14.558+0000] {processor.py:183} INFO - Processing /opt/airflow/dags/main.py took 3.113 seconds
[2026-09-05T18:56:45.470+0000] {processor.py:161} INFO - Started process (PID=690) to work on /opt/airflow/dags/main.py
[2026-09-05T18:56:45.473+0000] {processor.py:830} INFO - Processing file /opt/airflow/dags/main.py for tasks to queue
[2026-09-05T18:56:45.483+0000] {logging_mixin.py:188} INFO - [2026-09-05T18:56:45.482+0000] {dagbag.py:545} INFO - Filling up the DagBag from /opt/airflow/dags/main.py
[2026-09-05T18:56:45.589+0000] {logging_mixin.py:188} INFO - channel id is not executed
[2026-09-05T18:56:45.793+0000] {processor.py:840} INFO - DAG(s) 'produce_json', 'update_db' retrieved from /opt/airflow/dags/main.py
[2026-09-05T18:56:46.063+0000] {logging_mixin.py:188} INFO - [2026-09-05T18:56:46.063+0000] {dag.py:3096} INFO - Sync 2 DAGs
[2026-09-05T18:56:46.140+0000] {logging_mixin.py:188} INFO - [2026-09-05T18:56:46.140+0000] {dag.py:3954} INFO - Setting next_dagrun for produce_json to 2026-09-06 14:00:00+00:00, run_after=2026-09-07 14:00:00+00:00
[2026-09-05T18:56:46.163+0000] {logging_mixin.py:188} INFO - [2026-09-05T18:56:46.163+0000] {dag.py:3954} INFO - Setting next_dagrun for update_db to 2026-09-06 15:00:00+00:00, run_after=2026-09-07 15:00:00+00:00
[2026-09-05T18:56:46.209+0000] {processor.py:183} INFO - Processing /opt/airflow/dags/main.py took 0.753 seconds
[2026-09-05T18:57:16.705+0000] {processor.py:161} INFO - Started process (PID=696) to work on /opt/airflow/dags/main.py
[2026-09-05T18:57:16.707+0000] {processor.py:830} INFO - Processing file /opt/airflow/dags/main.py for tasks to queue
[2026-09-05T18:57:16.715+0000] {logging_mixin.py:188} INFO - [2026-09-05T18:57:16.714+0000] {dagbag.py:545} INFO - Filling up the DagBag from /opt/airflow/dags/main.py
[2026-09-05T18:57:17.040+0000] {logging_mixin.py:188} INFO - channel id is not executed
[2026-09-05T18:57:17.334+0000] {processor.py:840} INFO - DAG(s) 'update_db', 'produce_json' retrieved from /opt/airflow/dags/main.py
[2026-09-05T18:57:17.752+0000] {logging_mixin.py:188} INFO - [2026-09-05T18:57:17.751+0000] {dag.py:3096} INFO - Sync 2 DAGs
[2026-09-05T18:57:17.806+0000] {logging_mixin.py:188} INFO - [2026-09-05T18:57:17.806+0000] {dag.py:3954} INFO - Setting next_dagrun for produce_json to 2026-09-06 14:00:00+00:00, run_after=2026-09-07 14:00:00+00:00
[2026-09-05T18:57:17.815+0000] {logging_mixin.py:188} INFO - [2026-09-05T18:57:17.815+0000] {dag.py:3954} INFO - Setting next_dagrun for update_db to 2026-09-06 15:00:00+00:00, run_after=2026-09-07 15:00:00+00:00
[2026-09-05T18:57:17.856+0000] {processor.py:183} INFO - Processing /opt/airflow/dags/main.py took 1.169 seconds
[2026-09-05T18:57:48.574+0000] {processor.py:161} INFO - Started process (PID=703) to work on /opt/airflow/dags/main.py
[2026-09-05T18:57:48.576+0000] {processor.py:830} INFO - Processing file /opt/airflow/dags/main.py for tasks to queue
[2026-09-05T18:57:48.582+0000] {logging_mixin.py:188} INFO - [2026-09-05T18:57:48.582+0000] {dagbag.py:545} INFO - Filling up the DagBag from /opt/airflow/dags/main.py
[2026-09-05T18:57:48.664+0000] {logging_mixin.py:188} INFO - channel id is not executed
[2026-09-05T18:57:48.783+0000] {processor.py:840} INFO - DAG(s) 'update_db', 'produce_json' retrieved from /opt/airflow/dags/main.py
[2026-09-05T18:57:49.015+0000] {logging_mixin.py:188} INFO - [2026-09-05T18:57:49.015+0000] {dag.py:3096} INFO - Sync 2 DAGs
[2026-09-05T18:57:49.055+0000] {logging_mixin.py:188} INFO - [2026-09-05T18:57:49.055+0000] {dag.py:3954} INFO - Setting next_dagrun for produce_json to 2026-09-06 14:00:00+00:00, run_after=2026-09-07 14:00:00+00:00
[2026-09-05T18:57:49.067+0000] {logging_mixin.py:188} INFO - [2026-09-05T18:57:49.067+0000] {dag.py:3954} INFO - Setting next_dagrun for update_db to 2026-09-06 15:00:00+00:00, run_after=2026-09-07 15:00:00+00:00
[2026-09-05T18:57:49.136+0000] {processor.py:183} INFO - Processing /opt/airflow/dags/main.py took 0.574 seconds
[2026-09-05T18:58:20.161+0000] {processor.py:161} INFO - Started process (PID=710) to work on /opt/airflow/dags/main.py
[2026-09-05T18:58:20.168+0000] {processor.py:830} INFO - Processing file /opt/airflow/dags/main.py for tasks to queue
[2026-09-05T18:58:20.172+0000] {logging_mixin.py:188} INFO - [2026-09-05T18:58:20.171+0000] {dagbag.py:545} INFO - Filling up the DagBag from /opt/airflow/dags/main.py
[2026-09-05T18:58:20.291+0000] {logging_mixin.py:188} INFO - channel id is not executed
[2026-09-05T18:58:20.406+0000] {processor.py:840} INFO - DAG(s) 'update_db', 'produce_json' retrieved from /opt/airflow/dags/main.py
[2026-09-05T18:58:20.761+0000] {logging_mixin.py:188} INFO - [2026-09-05T18:58:20.760+0000] {dag.py:3096} INFO - Sync 2 DAGs
[2026-09-05T18:58:20.800+0000] {logging_mixin.py:188} INFO - [2026-09-05T18:58:20.800+0000] {dag.py:3954} INFO - Setting next_dagrun for produce_json to 2026-09-06 14:00:00+00:00, run_after=2026-09-07 14:00:00+00:00
[2026-09-05T18:58:20.810+0000] {logging_mixin.py:188} INFO - [2026-09-05T18:58:20.809+0000] {dag.py:3954} INFO - Setting next_dagrun for update_db to 2026-09-06 15:00:00+00:00, run_after=2026-09-07 15:00:00+00:00
[2026-09-05T18:58:20.849+0000] {processor.py:183} INFO - Processing /opt/airflow/dags/main.py took 0.706 seconds
[2026-09-05T18:58:51.313+0000] {processor.py:161} INFO - Started process (PID=718) to work on /opt/airflow/dags/main.py
[2026-09-05T18:58:51.316+0000] {processor.py:830} INFO - Processing file /opt/airflow/dags/main.py for tasks to queue
[2026-09-05T18:58:51.324+0000] {logging_mixin.py:188} INFO - [2026-09-05T18:58:51.323+0000] {dagbag.py:545} INFO - Filling up the DagBag from /opt/airflow/dags/main.py
[2026-09-05T18:58:51.454+0000] {logging_mixin.py:188} INFO - channel id is not executed
[2026-09-05T18:58:51.576+0000] {processor.py:840} INFO - DAG(s) 'produce_json', 'update_db' retrieved from /opt/airflow/dags/main.py
[2026-09-05T18:58:51.983+0000] {logging_mixin.py:188} INFO - [2026-09-05T18:58:51.983+0000] {dag.py:3096} INFO - Sync 2 DAGs
[2026-09-05T18:58:52.030+0000] {logging_mixin.py:188} INFO - [2026-09-05T18:58:52.030+0000] {dag.py:3954} INFO - Setting next_dagrun for produce_json to 2026-09-06 14:00:00+00:00, run_after=2026-09-07 14:00:00+00:00
[2026-09-05T18:58:52.041+0000] {logging_mixin.py:188} INFO - [2026-09-05T18:58:52.040+0000] {dag.py:3954} INFO - Setting next_dagrun for update_db to 2026-09-06 15:00:00+00:00, run_after=2026-09-07 15:00:00+00:00
[2026-09-05T18:58:52.082+0000] {processor.py:183} INFO - Processing /opt/airflow/dags/main.py took 0.785 seconds
[2026-09-05T18:59:22.742+0000] {processor.py:161} INFO - Started process (PID=725) to work on /opt/airflow/dags/main.py
[2026-09-05T18:59:22.782+0000] {processor.py:830} INFO - Processing file /opt/airflow/dags/main.py for tasks to queue
[2026-09-05T18:59:22.815+0000] {logging_mixin.py:188} INFO - [2026-09-05T18:59:22.814+0000] {dagbag.py:545} INFO - Filling up the DagBag from /opt/airflow/dags/main.py
[2026-09-05T18:59:23.177+0000] {logging_mixin.py:188} INFO - channel id is not executed
[2026-09-05T18:59:23.445+0000] {processor.py:840} INFO - DAG(s) 'update_db', 'produce_json' retrieved from /opt/airflow/dags/main.py
[2026-09-05T18:59:23.713+0000] {logging_mixin.py:188} INFO - [2026-09-05T18:59:23.712+0000] {dag.py:3096} INFO - Sync 2 DAGs
[2026-09-05T18:59:23.762+0000] {logging_mixin.py:188} INFO - [2026-09-05T18:59:23.761+0000] {dag.py:3954} INFO - Setting next_dagrun for produce_json to 2026-09-06 14:00:00+00:00, run_after=2026-09-07 14:00:00+00:00
[2026-09-05T18:59:23.771+0000] {logging_mixin.py:188} INFO - [2026-09-05T18:59:23.771+0000] {dag.py:3954} INFO - Setting next_dagrun for update_db to 2026-09-06 15:00:00+00:00, run_after=2026-09-07 15:00:00+00:00
[2026-09-05T18:59:23.855+0000] {processor.py:183} INFO - Processing /opt/airflow/dags/main.py took 1.131 seconds
[2026-09-05T18:59:54.831+0000] {processor.py:161} INFO - Started process (PID=731) to work on /opt/airflow/dags/main.py
[2026-09-05T18:59:54.848+0000] {processor.py:830} INFO - Processing file /opt/airflow/dags/main.py for tasks to queue
[2026-09-05T18:59:54.913+0000] {logging_mixin.py:188} INFO - [2026-09-05T18:59:54.911+0000] {dagbag.py:545} INFO - Filling up the DagBag from /opt/airflow/dags/main.py
[2026-09-05T18:59:55.545+0000] {logging_mixin.py:188} INFO - channel id is not executed
[2026-09-05T18:59:55.781+0000] {processor.py:840} INFO - DAG(s) 'produce_json', 'update_db' retrieved from /opt/airflow/dags/main.py
[2026-09-05T18:59:56.164+0000] {logging_mixin.py:188} INFO - [2026-09-05T18:59:56.164+0000] {dag.py:3096} INFO - Sync 2 DAGs
[2026-09-05T18:59:56.205+0000] {logging_mixin.py:188} INFO - [2026-09-05T18:59:56.205+0000] {dag.py:3954} INFO - Setting next_dagrun for produce_json to 2026-09-06 14:00:00+00:00, run_after=2026-09-07 14:00:00+00:00
[2026-09-05T18:59:56.213+0000] {logging_mixin.py:188} INFO - [2026-09-05T18:59:56.213+0000] {dag.py:3954} INFO - Setting next_dagrun for update_db to 2026-09-06 15:00:00+00:00, run_after=2026-09-07 15:00:00+00:00
[2026-09-05T18:59:56.271+0000] {processor.py:183} INFO - Processing /opt/airflow/dags/main.py took 1.487 seconds
[2026-09-05T19:00:26.602+0000] {processor.py:161} INFO - Started process (PID=737) to work on /opt/airflow/dags/main.py
[2026-09-05T19:00:26.658+0000] {processor.py:830} INFO - Processing file /opt/airflow/dags/main.py for tasks to queue
[2026-09-05T19:00:26.668+0000] {logging_mixin.py:188} INFO - [2026-09-05T19:00:26.667+0000] {dagbag.py:545} INFO - Filling up the DagBag from /opt/airflow/dags/main.py
[2026-09-05T19:00:26.916+0000] {logging_mixin.py:188} INFO - channel id is not executed
[2026-09-05T19:00:27.301+0000] {processor.py:840} INFO - DAG(s) 'produce_json', 'update_db' retrieved from /opt/airflow/dags/main.py
[2026-09-05T19:00:27.661+0000] {logging_mixin.py:188} INFO - [2026-09-05T19:00:27.660+0000] {dag.py:3096} INFO - Sync 2 DAGs
[2026-09-05T19:00:27.745+0000] {logging_mixin.py:188} INFO - [2026-09-05T19:00:27.744+0000] {dag.py:3954} INFO - Setting next_dagrun for produce_json to 2026-09-06 14:00:00+00:00, run_after=2026-09-07 14:00:00+00:00
[2026-09-05T19:00:27.754+0000] {logging_mixin.py:188} INFO - [2026-09-05T19:00:27.754+0000] {dag.py:3954} INFO - Setting next_dagrun for update_db to 2026-09-06 15:00:00+00:00, run_after=2026-09-07 15:00:00+00:00
[2026-09-05T19:00:27.804+0000] {processor.py:183} INFO - Processing /opt/airflow/dags/main.py took 1.221 seconds
[2026-09-05T19:00:57.916+0000] {processor.py:161} INFO - Started process (PID=743) to work on /opt/airflow/dags/main.py
[2026-09-05T19:00:57.919+0000] {processor.py:830} INFO - Processing file /opt/airflow/dags/main.py for tasks to queue
[2026-09-05T19:00:57.927+0000] {logging_mixin.py:188} INFO - [2026-09-05T19:00:57.926+0000] {dagbag.py:545} INFO - Filling up the DagBag from /opt/airflow/dags/main.py
[2026-09-05T19:00:58.009+0000] {logging_mixin.py:188} INFO - channel id is not executed
[2026-09-05T19:00:58.120+0000] {processor.py:840} INFO - DAG(s) 'produce_json', 'update_db' retrieved from /opt/airflow/dags/main.py
[2026-09-05T19:00:58.454+0000] {logging_mixin.py:188} INFO - [2026-09-05T19:00:58.442+0000] {dag.py:3096} INFO - Sync 2 DAGs
[2026-09-05T19:00:58.814+0000] {logging_mixin.py:188} INFO - [2026-09-05T19:00:58.814+0000] {dag.py:3954} INFO - Setting next_dagrun for produce_json to 2026-09-06 14:00:00+00:00, run_after=2026-09-07 14:00:00+00:00
[2026-09-05T19:00:58.824+0000] {logging_mixin.py:188} INFO - [2026-09-05T19:00:58.823+0000] {dag.py:3954} INFO - Setting next_dagrun for update_db to 2026-09-06 15:00:00+00:00, run_after=2026-09-07 15:00:00+00:00
[2026-09-05T19:00:58.869+0000] {processor.py:183} INFO - Processing /opt/airflow/dags/main.py took 0.966 seconds
[2026-09-05T19:01:29.550+0000] {processor.py:161} INFO - Started process (PID=755) to work on /opt/airflow/dags/main.py
[2026-09-05T19:01:29.620+0000] {processor.py:830} INFO - Processing file /opt/airflow/dags/main.py for tasks to queue
[2026-09-05T19:01:29.665+0000] {logging_mixin.py:188} INFO - [2026-09-05T19:01:29.664+0000] {dagbag.py:545} INFO - Filling up the DagBag from /opt/airflow/dags/main.py
[2026-09-05T19:01:29.926+0000] {logging_mixin.py:188} INFO - channel id is not executed
[2026-09-05T19:01:30.069+0000] {processor.py:840} INFO - DAG(s) 'update_db', 'produce_json' retrieved from /opt/airflow/dags/main.py
[2026-09-05T19:01:30.399+0000] {logging_mixin.py:188} INFO - [2026-09-05T19:01:30.399+0000] {dag.py:3096} INFO - Sync 2 DAGs
[2026-09-05T19:01:30.568+0000] {logging_mixin.py:188} INFO - [2026-09-05T19:01:30.567+0000] {dag.py:3954} INFO - Setting next_dagrun for produce_json to 2026-09-06 14:00:00+00:00, run_after=2026-09-07 14:00:00+00:00
[2026-09-05T19:01:30.619+0000] {logging_mixin.py:188} INFO - [2026-09-05T19:01:30.618+0000] {dag.py:3954} INFO - Setting next_dagrun for update_db to 2026-09-06 15:00:00+00:00, run_after=2026-09-07 15:00:00+00:00
[2026-09-05T19:01:30.811+0000] {processor.py:183} INFO - Processing /opt/airflow/dags/main.py took 1.318 seconds
[2026-09-05T19:02:01.982+0000] {processor.py:161} INFO - Started process (PID=762) to work on /opt/airflow/dags/main.py
[2026-09-05T19:02:01.984+0000] {processor.py:830} INFO - Processing file /opt/airflow/dags/main.py for tasks to queue
[2026-09-05T19:02:01.991+0000] {logging_mixin.py:188} INFO - [2026-09-05T19:02:01.990+0000] {dagbag.py:545} INFO - Filling up the DagBag from /opt/airflow/dags/main.py
[2026-09-05T19:02:02.165+0000] {logging_mixin.py:188} INFO - channel id is not executed
[2026-09-05T19:02:02.261+0000] {processor.py:840} INFO - DAG(s) 'update_db', 'produce_json' retrieved from /opt/airflow/dags/main.py
[2026-09-05T19:02:02.570+0000] {logging_mixin.py:188} INFO - [2026-09-05T19:02:02.569+0000] {dag.py:3096} INFO - Sync 2 DAGs
[2026-09-05T19:02:02.631+0000] {logging_mixin.py:188} INFO - [2026-09-05T19:02:02.630+0000] {dag.py:3954} INFO - Setting next_dagrun for produce_json to 2026-09-06 14:00:00+00:00, run_after=2026-09-07 14:00:00+00:00
[2026-09-05T19:02:02.639+0000] {logging_mixin.py:188} INFO - [2026-09-05T19:02:02.639+0000] {dag.py:3954} INFO - Setting next_dagrun for update_db to 2026-09-06 15:00:00+00:00, run_after=2026-09-07 15:00:00+00:00
[2026-09-05T19:02:02.700+0000] {processor.py:183} INFO - Processing /opt/airflow/dags/main.py took 0.728 seconds
[2026-09-05T19:02:33.564+0000] {processor.py:161} INFO - Started process (PID=768) to work on /opt/airflow/dags/main.py
[2026-09-05T19:02:33.566+0000] {processor.py:830} INFO - Processing file /opt/airflow/dags/main.py for tasks to queue
[2026-09-05T19:02:33.573+0000] {logging_mixin.py:188} INFO - [2026-09-05T19:02:33.572+0000] {dagbag.py:545} INFO - Filling up the DagBag from /opt/airflow/dags/main.py
[2026-09-05T19:02:33.777+0000] {logging_mixin.py:188} INFO - channel id is not executed
[2026-09-05T19:02:34.100+0000] {processor.py:840} INFO - DAG(s) 'produce_json', 'update_db' retrieved from /opt/airflow/dags/main.py
[2026-09-05T19:02:34.466+0000] {logging_mixin.py:188} INFO - [2026-09-05T19:02:34.466+0000] {dag.py:3096} INFO - Sync 2 DAGs
[2026-09-05T19:02:34.633+0000] {logging_mixin.py:188} INFO - [2026-09-05T19:02:34.633+0000] {dag.py:3954} INFO - Setting next_dagrun for produce_json to 2026-09-06 14:00:00+00:00, run_after=2026-09-07 14:00:00+00:00
[2026-09-05T19:02:34.653+0000] {logging_mixin.py:188} INFO - [2026-09-05T19:02:34.652+0000] {dag.py:3954} INFO - Setting next_dagrun for update_db to 2026-09-06 15:00:00+00:00, run_after=2026-09-07 15:00:00+00:00
[2026-09-05T19:02:34.732+0000] {processor.py:183} INFO - Processing /opt/airflow/dags/main.py took 1.197 seconds
[2026-09-05T19:03:05.059+0000] {processor.py:161} INFO - Started process (PID=776) to work on /opt/airflow/dags/main.py
[2026-09-05T19:03:05.061+0000] {processor.py:830} INFO - Processing file /opt/airflow/dags/main.py for tasks to queue
[2026-09-05T19:03:05.070+0000] {logging_mixin.py:188} INFO - [2026-09-05T19:03:05.070+0000] {dagbag.py:545} INFO - Filling up the DagBag from /opt/airflow/dags/main.py
[2026-09-05T19:03:05.209+0000] {logging_mixin.py:188} INFO - channel id is not executed
[2026-09-05T19:03:05.416+0000] {processor.py:840} INFO - DAG(s) 'produce_json', 'update_db' retrieved from /opt/airflow/dags/main.py
[2026-09-05T19:03:05.747+0000] {logging_mixin.py:188} INFO - [2026-09-05T19:03:05.747+0000] {dag.py:3096} INFO - Sync 2 DAGs
[2026-09-05T19:03:05.797+0000] {logging_mixin.py:188} INFO - [2026-09-05T19:03:05.797+0000] {dag.py:3954} INFO - Setting next_dagrun for produce_json to 2026-09-06 14:00:00+00:00, run_after=2026-09-07 14:00:00+00:00
[2026-09-05T19:03:05.806+0000] {logging_mixin.py:188} INFO - [2026-09-05T19:03:05.805+0000] {dag.py:3954} INFO - Setting next_dagrun for update_db to 2026-09-06 15:00:00+00:00, run_after=2026-09-07 15:00:00+00:00
[2026-09-05T19:03:05.856+0000] {processor.py:183} INFO - Processing /opt/airflow/dags/main.py took 0.813 seconds
[2026-09-05T19:03:36.947+0000] {processor.py:161} INFO - Started process (PID=783) to work on /opt/airflow/dags/main.py
[2026-09-05T19:03:36.964+0000] {processor.py:830} INFO - Processing file /opt/airflow/dags/main.py for tasks to queue
[2026-09-05T19:03:36.999+0000] {logging_mixin.py:188} INFO - [2026-09-05T19:03:36.998+0000] {dagbag.py:545} INFO - Filling up the DagBag from /opt/airflow/dags/main.py
[2026-09-05T19:03:37.153+0000] {logging_mixin.py:188} INFO - channel id is not executed
[2026-09-05T19:03:37.347+0000] {processor.py:840} INFO - DAG(s) 'update_db', 'produce_json' retrieved from /opt/airflow/dags/main.py
[2026-09-05T19:03:37.713+0000] {logging_mixin.py:188} INFO - [2026-09-05T19:03:37.713+0000] {dag.py:3096} INFO - Sync 2 DAGs
[2026-09-05T19:03:37.777+0000] {logging_mixin.py:188} INFO - [2026-09-05T19:03:37.777+0000] {dag.py:3954} INFO - Setting next_dagrun for produce_json to 2026-09-06 14:00:00+00:00, run_after=2026-09-07 14:00:00+00:00
[2026-09-05T19:03:37.789+0000] {logging_mixin.py:188} INFO - [2026-09-05T19:03:37.789+0000] {dag.py:3954} INFO - Setting next_dagrun for update_db to 2026-09-06 15:00:00+00:00, run_after=2026-09-07 15:00:00+00:00
[2026-09-05T19:03:37.848+0000] {processor.py:183} INFO - Processing /opt/airflow/dags/main.py took 0.924 seconds
[2026-09-05T19:04:08.178+0000] {processor.py:161} INFO - Started process (PID=791) to work on /opt/airflow/dags/main.py
[2026-09-05T19:04:08.180+0000] {processor.py:830} INFO - Processing file /opt/airflow/dags/main.py for tasks to queue
[2026-09-05T19:04:08.184+0000] {logging_mixin.py:188} INFO - [2026-09-05T19:04:08.183+0000] {dagbag.py:545} INFO - Filling up the DagBag from /opt/airflow/dags/main.py
[2026-09-05T19:04:08.268+0000] {logging_mixin.py:188} INFO - channel id is not executed
[2026-09-05T19:04:08.466+0000] {processor.py:840} INFO - DAG(s) 'update_db', 'produce_json' retrieved from /opt/airflow/dags/main.py
[2026-09-05T19:04:08.775+0000] {logging_mixin.py:188} INFO - [2026-09-05T19:04:08.775+0000] {dag.py:3096} INFO - Sync 2 DAGs
[2026-09-05T19:04:08.815+0000] {logging_mixin.py:188} INFO - [2026-09-05T19:04:08.815+0000] {dag.py:3954} INFO - Setting next_dagrun for produce_json to 2026-09-06 14:00:00+00:00, run_after=2026-09-07 14:00:00+00:00
[2026-09-05T19:04:08.824+0000] {logging_mixin.py:188} INFO - [2026-09-05T19:04:08.824+0000] {dag.py:3954} INFO - Setting next_dagrun for update_db to 2026-09-06 15:00:00+00:00, run_after=2026-09-07 15:00:00+00:00
[2026-09-05T19:04:08.899+0000] {processor.py:183} INFO - Processing /opt/airflow/dags/main.py took 0.732 seconds
[2026-09-05T19:04:39.544+0000] {processor.py:161} INFO - Started process (PID=798) to work on /opt/airflow/dags/main.py
[2026-09-05T19:04:39.548+0000] {processor.py:830} INFO - Processing file /opt/airflow/dags/main.py for tasks to queue
[2026-09-05T19:04:39.562+0000] {logging_mixin.py:188} INFO - [2026-09-05T19:04:39.562+0000] {dagbag.py:545} INFO - Filling up the DagBag from /opt/airflow/dags/main.py
[2026-09-05T19:04:39.663+0000] {logging_mixin.py:188} INFO - channel id is not executed
[2026-09-05T19:04:39.970+0000] {processor.py:840} INFO - DAG(s) 'produce_json', 'update_db' retrieved from /opt/airflow/dags/main.py
[2026-09-05T19:04:40.299+0000] {logging_mixin.py:188} INFO - [2026-09-05T19:04:40.299+0000] {dag.py:3096} INFO - Sync 2 DAGs
[2026-09-05T19:04:40.367+0000] {logging_mixin.py:188} INFO - [2026-09-05T19:04:40.366+0000] {dag.py:3954} INFO - Setting next_dagrun for produce_json to 2026-09-06 14:00:00+00:00, run_after=2026-09-07 14:00:00+00:00
[2026-09-05T19:04:40.382+0000] {logging_mixin.py:188} INFO - [2026-09-05T19:04:40.382+0000] {dag.py:3954} INFO - Setting next_dagrun for update_db to 2026-09-06 15:00:00+00:00, run_after=2026-09-07 15:00:00+00:00
[2026-09-05T19:04:40.468+0000] {processor.py:183} INFO - Processing /opt/airflow/dags/main.py took 0.942 seconds
[2026-09-05T19:05:10.766+0000] {processor.py:161} INFO - Started process (PID=806) to work on /opt/airflow/dags/main.py
[2026-09-05T19:05:10.769+0000] {processor.py:830} INFO - Processing file /opt/airflow/dags/main.py for tasks to queue
[2026-09-05T19:05:10.784+0000] {logging_mixin.py:188} INFO - [2026-09-05T19:05:10.783+0000] {dagbag.py:545} INFO - Filling up the DagBag from /opt/airflow/dags/main.py
[2026-09-05T19:05:11.188+0000] {logging_mixin.py:188} INFO - channel id is not executed
[2026-09-05T19:05:11.354+0000] {processor.py:840} INFO - DAG(s) 'update_db', 'produce_json' retrieved from /opt/airflow/dags/main.py
[2026-09-05T19:05:11.993+0000] {logging_mixin.py:188} INFO - [2026-09-05T19:05:11.993+0000] {dag.py:3096} INFO - Sync 2 DAGs
[2026-09-05T19:05:12.057+0000] {logging_mixin.py:188} INFO - [2026-09-05T19:05:12.051+0000] {dag.py:3954} INFO - Setting next_dagrun for produce_json to 2026-09-06 14:00:00+00:00, run_after=2026-09-07 14:00:00+00:00
[2026-09-05T19:05:12.084+0000] {logging_mixin.py:188} INFO - [2026-09-05T19:05:12.083+0000] {dag.py:3954} INFO - Setting next_dagrun for update_db to 2026-09-06 15:00:00+00:00, run_after=2026-09-07 15:00:00+00:00
[2026-09-05T19:05:12.164+0000] {processor.py:183} INFO - Processing /opt/airflow/dags/main.py took 1.423 seconds
[2026-09-05T19:05:42.904+0000] {processor.py:161} INFO - Started process (PID=814) to work on /opt/airflow/dags/main.py
[2026-09-05T19:05:42.931+0000] {processor.py:830} INFO - Processing file /opt/airflow/dags/main.py for tasks to queue
[2026-09-05T19:05:42.949+0000] {logging_mixin.py:188} INFO - [2026-09-05T19:05:42.948+0000] {dagbag.py:545} INFO - Filling up the DagBag from /opt/airflow/dags/main.py
[2026-09-05T19:05:43.105+0000] {logging_mixin.py:188} INFO - channel id is not executed
[2026-09-05T19:05:43.872+0000] {processor.py:840} INFO - DAG(s) 'update_db', 'produce_json' retrieved from /opt/airflow/dags/main.py
[2026-09-05T19:05:46.377+0000] {logging_mixin.py:188} INFO - [2026-09-05T19:05:46.376+0000] {dag.py:3096} INFO - Sync 2 DAGs
[2026-09-05T19:05:46.480+0000] {logging_mixin.py:188} INFO - [2026-09-05T19:05:46.479+0000] {dag.py:3954} INFO - Setting next_dagrun for produce_json to 2026-09-06 14:00:00+00:00, run_after=2026-09-07 14:00:00+00:00
[2026-09-05T19:05:46.500+0000] {logging_mixin.py:188} INFO - [2026-09-05T19:05:46.499+0000] {dag.py:3954} INFO - Setting next_dagrun for update_db to 2026-09-06 15:00:00+00:00, run_after=2026-09-07 15:00:00+00:00
[2026-09-05T19:05:46.609+0000] {processor.py:183} INFO - Processing /opt/airflow/dags/main.py took 3.872 seconds
[2026-09-05T19:06:17.299+0000] {processor.py:161} INFO - Started process (PID=820) to work on /opt/airflow/dags/main.py
[2026-09-05T19:06:17.306+0000] {processor.py:830} INFO - Processing file /opt/airflow/dags/main.py for tasks to queue
[2026-09-05T19:06:17.310+0000] {logging_mixin.py:188} INFO - [2026-09-05T19:06:17.309+0000] {dagbag.py:545} INFO - Filling up the DagBag from /opt/airflow/dags/main.py
[2026-09-05T19:06:17.406+0000] {logging_mixin.py:188} INFO - channel id is not executed
[2026-09-05T19:06:17.556+0000] {processor.py:840} INFO - DAG(s) 'produce_json', 'update_db' retrieved from /opt/airflow/dags/main.py
[2026-09-05T19:06:17.867+0000] {logging_mixin.py:188} INFO - [2026-09-05T19:06:17.867+0000] {dag.py:3096} INFO - Sync 2 DAGs
[2026-09-05T19:06:17.905+0000] {logging_mixin.py:188} INFO - [2026-09-05T19:06:17.905+0000] {dag.py:3954} INFO - Setting next_dagrun for produce_json to 2026-09-06 14:00:00+00:00, run_after=2026-09-07 14:00:00+00:00
[2026-09-05T19:06:17.916+0000] {logging_mixin.py:188} INFO - [2026-09-05T19:06:17.916+0000] {dag.py:3954} INFO - Setting next_dagrun for update_db to 2026-09-06 15:00:00+00:00, run_after=2026-09-07 15:00:00+00:00
[2026-09-05T19:06:17.993+0000] {processor.py:183} INFO - Processing /opt/airflow/dags/main.py took 0.721 seconds
[2026-09-05T19:06:48.468+0000] {processor.py:161} INFO - Started process (PID=827) to work on /opt/airflow/dags/main.py
[2026-09-05T19:06:48.474+0000] {processor.py:830} INFO - Processing file /opt/airflow/dags/main.py for tasks to queue
[2026-09-05T19:06:48.481+0000] {logging_mixin.py:188} INFO - [2026-09-05T19:06:48.480+0000] {dagbag.py:545} INFO - Filling up the DagBag from /opt/airflow/dags/main.py
[2026-09-05T19:06:48.665+0000] {logging_mixin.py:188} INFO - channel id is not executed
[2026-09-05T19:06:48.810+0000] {processor.py:840} INFO - DAG(s) 'produce_json', 'update_db' retrieved from /opt/airflow/dags/main.py
[2026-09-05T19:06:49.209+0000] {logging_mixin.py:188} INFO - [2026-09-05T19:06:49.208+0000] {dag.py:3096} INFO - Sync 2 DAGs
[2026-09-05T19:06:49.498+0000] {logging_mixin.py:188} INFO - [2026-09-05T19:06:49.498+0000] {dag.py:3954} INFO - Setting next_dagrun for produce_json to 2026-09-06 14:00:00+00:00, run_after=2026-09-07 14:00:00+00:00
[2026-09-05T19:06:49.550+0000] {logging_mixin.py:188} INFO - [2026-09-05T19:06:49.549+0000] {dag.py:3954} INFO - Setting next_dagrun for update_db to 2026-09-06 15:00:00+00:00, run_after=2026-09-07 15:00:00+00:00
[2026-09-05T19:06:49.882+0000] {processor.py:183} INFO - Processing /opt/airflow/dags/main.py took 1.435 seconds
[2026-09-05T19:07:20.833+0000] {processor.py:161} INFO - Started process (PID=835) to work on /opt/airflow/dags/main.py
[2026-09-05T19:07:20.836+0000] {processor.py:830} INFO - Processing file /opt/airflow/dags/main.py for tasks to queue
[2026-09-05T19:07:20.849+0000] {logging_mixin.py:188} INFO - [2026-09-05T19:07:20.848+0000] {dagbag.py:545} INFO - Filling up the DagBag from /opt/airflow/dags/main.py
[2026-09-05T19:07:20.960+0000] {logging_mixin.py:188} INFO - channel id is not executed
[2026-09-05T19:07:21.073+0000] {processor.py:840} INFO - DAG(s) 'produce_json', 'update_db' retrieved from /opt/airflow/dags/main.py
[2026-09-05T19:07:21.415+0000] {logging_mixin.py:188} INFO - [2026-09-05T19:07:21.415+0000] {dag.py:3096} INFO - Sync 2 DAGs
[2026-09-05T19:07:21.457+0000] {logging_mixin.py:188} INFO - [2026-09-05T19:07:21.457+0000] {dag.py:3954} INFO - Setting next_dagrun for produce_json to 2026-09-06 14:00:00+00:00, run_after=2026-09-07 14:00:00+00:00
[2026-09-05T19:07:21.467+0000] {logging_mixin.py:188} INFO - [2026-09-05T19:07:21.466+0000] {dag.py:3954} INFO - Setting next_dagrun for update_db to 2026-09-06 15:00:00+00:00, run_after=2026-09-07 15:00:00+00:00
[2026-09-05T19:07:21.567+0000] {processor.py:183} INFO - Processing /opt/airflow/dags/main.py took 0.779 seconds
[2026-09-05T19:07:52.035+0000] {processor.py:161} INFO - Started process (PID=842) to work on /opt/airflow/dags/main.py
[2026-09-05T19:07:52.038+0000] {processor.py:830} INFO - Processing file /opt/airflow/dags/main.py for tasks to queue
[2026-09-05T19:07:52.046+0000] {logging_mixin.py:188} INFO - [2026-09-05T19:07:52.046+0000] {dagbag.py:545} INFO - Filling up the DagBag from /opt/airflow/dags/main.py
[2026-09-05T19:07:52.191+0000] {logging_mixin.py:188} INFO - [2026-09-05T19:07:52.167+0000] {dagbag.py:355} ERROR - Failed to import: /opt/airflow/dags/main.py
Traceback (most recent call last):
  File "/home/airflow/.local/lib/python3.10/site-packages/airflow/models/dagbag.py", line 351, in parse
    loader.exec_module(new_module)
  File "<frozen importlib._bootstrap_external>", line 883, in exec_module
  File "<frozen importlib._bootstrap>", line 241, in _call_with_frames_removed
  File "/opt/airflow/dags/main.py", line 5, in <module>
    from api.video import channel_playlist_id,get_video_id,extract_video_data,save_to_json
  File "<frozen importlib._bootstrap>", line 1027, in _find_and_load
  File "<frozen importlib._bootstrap>", line 1002, in _find_and_load_unlocked
  File "<frozen importlib._bootstrap>", line 945, in _find_spec
  File "<frozen importlib._bootstrap_external>", line 1439, in find_spec
  File "<frozen importlib._bootstrap_external>", line 1411, in _get_spec
  File "<frozen importlib._bootstrap_external>", line 1548, in find_spec
  File "<frozen importlib._bootstrap_external>", line 1591, in _fill_cache
OSError: [Errno 12] Cannot allocate memory: '/opt/airflow/dags/api'
[2026-09-05T19:07:52.194+0000] {processor.py:842} WARNING - No viable dags retrieved from /opt/airflow/dags/main.py
[2026-09-05T19:07:52.286+0000] {processor.py:183} INFO - Processing /opt/airflow/dags/main.py took 0.277 seconds
[2026-09-05T19:08:22.815+0000] {processor.py:161} INFO - Started process (PID=849) to work on /opt/airflow/dags/main.py
[2026-09-05T19:08:22.818+0000] {processor.py:830} INFO - Processing file /opt/airflow/dags/main.py for tasks to queue
[2026-09-05T19:08:22.822+0000] {logging_mixin.py:188} INFO - [2026-09-05T19:08:22.821+0000] {dagbag.py:545} INFO - Filling up the DagBag from /opt/airflow/dags/main.py
[2026-09-05T19:08:22.935+0000] {logging_mixin.py:188} INFO - channel id is not executed
[2026-09-05T19:08:23.163+0000] {processor.py:840} INFO - DAG(s) 'update_db', 'produce_json' retrieved from /opt/airflow/dags/main.py
[2026-09-05T19:08:23.914+0000] {logging_mixin.py:188} INFO - [2026-09-05T19:08:23.913+0000] {dag.py:3096} INFO - Sync 2 DAGs
[2026-09-05T19:08:23.952+0000] {logging_mixin.py:188} INFO - [2026-09-05T19:08:23.952+0000] {dag.py:3954} INFO - Setting next_dagrun for produce_json to 2026-09-06 14:00:00+00:00, run_after=2026-09-07 14:00:00+00:00
[2026-09-05T19:08:23.963+0000] {logging_mixin.py:188} INFO - [2026-09-05T19:08:23.963+0000] {dag.py:3954} INFO - Setting next_dagrun for update_db to 2026-09-06 15:00:00+00:00, run_after=2026-09-07 15:00:00+00:00
[2026-09-05T19:08:24.006+0000] {processor.py:183} INFO - Processing /opt/airflow/dags/main.py took 1.202 seconds
[2026-09-05T19:08:54.977+0000] {processor.py:161} INFO - Started process (PID=858) to work on /opt/airflow/dags/main.py
[2026-09-05T19:08:54.980+0000] {processor.py:830} INFO - Processing file /opt/airflow/dags/main.py for tasks to queue
[2026-09-05T19:08:54.984+0000] {logging_mixin.py:188} INFO - [2026-09-05T19:08:54.983+0000] {dagbag.py:545} INFO - Filling up the DagBag from /opt/airflow/dags/main.py
[2026-09-05T19:08:55.120+0000] {logging_mixin.py:188} INFO - channel id is not executed
[2026-09-05T19:08:55.278+0000] {processor.py:840} INFO - DAG(s) 'update_db', 'produce_json' retrieved from /opt/airflow/dags/main.py
[2026-09-05T19:08:55.503+0000] {logging_mixin.py:188} INFO - [2026-09-05T19:08:55.503+0000] {dag.py:3096} INFO - Sync 2 DAGs
[2026-09-05T19:08:55.577+0000] {logging_mixin.py:188} INFO - [2026-09-05T19:08:55.572+0000] {dag.py:3954} INFO - Setting next_dagrun for produce_json to 2026-09-06 14:00:00+00:00, run_after=2026-09-07 14:00:00+00:00
[2026-09-05T19:08:55.590+0000] {logging_mixin.py:188} INFO - [2026-09-05T19:08:55.589+0000] {dag.py:3954} INFO - Setting next_dagrun for update_db to 2026-09-06 15:00:00+00:00, run_after=2026-09-07 15:00:00+00:00
[2026-09-05T19:08:55.632+0000] {processor.py:183} INFO - Processing /opt/airflow/dags/main.py took 0.664 seconds
[2026-09-05T19:09:26.021+0000] {processor.py:161} INFO - Started process (PID=865) to work on /opt/airflow/dags/main.py
[2026-09-05T19:09:26.026+0000] {processor.py:830} INFO - Processing file /opt/airflow/dags/main.py for tasks to queue
[2026-09-05T19:09:26.030+0000] {logging_mixin.py:188} INFO - [2026-09-05T19:09:26.030+0000] {dagbag.py:545} INFO - Filling up the DagBag from /opt/airflow/dags/main.py
[2026-09-05T19:09:26.137+0000] {logging_mixin.py:188} INFO - channel id is not executed
[2026-09-05T19:09:26.250+0000] {processor.py:840} INFO - DAG(s) 'update_db', 'produce_json' retrieved from /opt/airflow/dags/main.py
[2026-09-05T19:09:26.809+0000] {logging_mixin.py:188} INFO - [2026-09-05T19:09:26.808+0000] {dag.py:3096} INFO - Sync 2 DAGs
[2026-09-05T19:09:26.871+0000] {logging_mixin.py:188} INFO - [2026-09-05T19:09:26.870+0000] {dag.py:3954} INFO - Setting next_dagrun for produce_json to 2026-09-06 14:00:00+00:00, run_after=2026-09-07 14:00:00+00:00
[2026-09-05T19:09:26.879+0000] {logging_mixin.py:188} INFO - [2026-09-05T19:09:26.879+0000] {dag.py:3954} INFO - Setting next_dagrun for update_db to 2026-09-06 15:00:00+00:00, run_after=2026-09-07 15:00:00+00:00
[2026-09-05T19:09:26.962+0000] {processor.py:183} INFO - Processing /opt/airflow/dags/main.py took 0.958 seconds
[2026-09-05T19:09:57.585+0000] {processor.py:161} INFO - Started process (PID=872) to work on /opt/airflow/dags/main.py
[2026-09-05T19:09:57.590+0000] {processor.py:830} INFO - Processing file /opt/airflow/dags/main.py for tasks to queue
[2026-09-05T19:09:57.599+0000] {logging_mixin.py:188} INFO - [2026-09-05T19:09:57.597+0000] {dagbag.py:545} INFO - Filling up the DagBag from /opt/airflow/dags/main.py
[2026-09-05T19:09:57.700+0000] {logging_mixin.py:188} INFO - channel id is not executed
[2026-09-05T19:09:57.832+0000] {processor.py:840} INFO - DAG(s) 'produce_json', 'update_db' retrieved from /opt/airflow/dags/main.py
[2026-09-05T19:09:58.133+0000] {logging_mixin.py:188} INFO - [2026-09-05T19:09:58.133+0000] {dag.py:3096} INFO - Sync 2 DAGs
[2026-09-05T19:09:58.213+0000] {logging_mixin.py:188} INFO - [2026-09-05T19:09:58.213+0000] {dag.py:3954} INFO - Setting next_dagrun for produce_json to 2026-09-06 14:00:00+00:00, run_after=2026-09-07 14:00:00+00:00
[2026-09-05T19:09:58.315+0000] {logging_mixin.py:188} INFO - [2026-09-05T19:09:58.315+0000] {dag.py:3954} INFO - Setting next_dagrun for update_db to 2026-09-06 15:00:00+00:00, run_after=2026-09-07 15:00:00+00:00
[2026-09-05T19:09:58.413+0000] {processor.py:183} INFO - Processing /opt/airflow/dags/main.py took 0.848 seconds
